ISO-10303-21;
HEADER;
FILE_DESCRIPTION (( 'STEP AP214' ),
    '1' );
FILE_NAME ('+Z.STEP',
    '2026-08-04T17:02:36',
    ( '' ),
    ( '' ),
    'SwSTEP 2.0',
    'SolidWorks 2026',
    '' );
FILE_SCHEMA (( 'AUTOMOTIVE_DESIGN' ));
ENDSEC;

DATA;
#1 = VERTEX_POINT ( 'NONE', #3738 ) ;
#2 = ORIENTED_EDGE ( 'NONE', *, *, #5811, .T. ) ;
#3 = VECTOR ( 'NONE', #5140, 1000.000000000000000 ) ;
#4 = CARTESIAN_POINT ( 'NONE',  ( 38.65278038507157987, -5.180344351360793631, -42.00000000000001421 ) ) ;
#5 = DIRECTION ( 'NONE',  ( -0.000000000000000000, 1.000000000000000000, -0.000000000000000000 ) ) ;
#6 = ADVANCED_FACE ( 'NONE', ( #5187 ), #5284, .T. ) ;
#7 = DIRECTION ( 'NONE',  ( -1.396592535537253342E-14, -0.000000000000000000, -1.000000000000000000 ) ) ;
#8 = CARTESIAN_POINT ( 'NONE',  ( -41.99999999999990763, -8.000000000000001776, 30.09999999999997655 ) ) ;
#9 = DIRECTION ( 'NONE',  ( -0.000000000000000000, -0.000000000000000000, -1.000000000000000000 ) ) ;
#10 = LINE ( 'NONE', #3811, #4198 ) ;
#11 = CYLINDRICAL_SURFACE ( 'NONE', #1715, 4.349999999999999645 ) ;
#12 = FACE_OUTER_BOUND ( 'NONE', #1529, .T. ) ;
#13 = EDGE_LOOP ( 'NONE', ( #1221, #260, #4097 ) ) ;
#14 = VERTEX_POINT ( 'NONE', #8405 ) ;
#15 = ORIENTED_EDGE ( 'NONE', *, *, #249, .F. ) ;
#16 = VECTOR ( 'NONE', #9770, 1000.000000000000000 ) ;
#17 = DIRECTION ( 'NONE',  ( 0.000000000000000000, 0.000000000000000000, -1.000000000000000000 ) ) ;
#18 = CIRCLE ( 'NONE', #1335, 1.549999999999999378 ) ;
#19 = CARTESIAN_POINT ( 'NONE',  ( 35.75073045732360555, -8.627244309128116129, -41.86107398059278495 ) ) ;
#20 = ADVANCED_FACE ( 'NONE', ( #1385 ), #7636, .F. ) ;
#21 = DIRECTION ( 'NONE',  ( 1.000000000000000000, 0.000000000000000000, -1.047444401652940007E-14 ) ) ;
#22 = CARTESIAN_POINT ( 'NONE',  ( -24.70000000000000995, -3.499999999999999556, -45.80000000000000426 ) ) ;
#23 = VERTEX_POINT ( 'NONE', #7730 ) ;
#24 = CARTESIAN_POINT ( 'NONE',  ( 29.33101250543939997, -7.899963395352611606, 44.50652009173246171 ) ) ;
#25 = VECTOR ( 'NONE', #6941, 1000.000000000000000 ) ;
#26 = LINE ( 'NONE', #6348, #4768 ) ;
#27 = ORIENTED_EDGE ( 'NONE', *, *, #1009, .T. ) ;
#28 = CIRCLE ( 'NONE', #7722, 2.349999999999997868 ) ;
#29 = ORIENTED_EDGE ( 'NONE', *, *, #454, .T. ) ;
#30 = VERTEX_POINT ( 'NONE', #2298 ) ;
#31 = CIRCLE ( 'NONE', #6926, 1.550000000000002709 ) ;
#32 = CYLINDRICAL_SURFACE ( 'NONE', #8274, 2.349999999999997868 ) ;
#33 = DIRECTION ( 'NONE',  ( 0.000000000000000000, 0.000000000000000000, -1.000000000000000000 ) ) ;
#34 = EDGE_LOOP ( 'NONE', ( #5624, #2458, #8042, #8623 ) ) ;
#35 = AXIS2_PLACEMENT_3D ( 'NONE', #9672, #4873, #251 ) ;
#36 = EDGE_CURVE ( 'NONE', #8021, #5542, #3174, .T. ) ;
#37 = CYLINDRICAL_SURFACE ( 'NONE', #2517, 1.550000000000002709 ) ;
#38 = EDGE_CURVE ( 'NONE', #8838, #8058, #7594, .T. ) ;
#39 = LINE ( 'NONE', #6311, #6620 ) ;
#40 = CARTESIAN_POINT ( 'NONE',  ( 40.44999999999983231, -3.199999999999999289, -43.50000000000001421 ) ) ;
#41 = CARTESIAN_POINT ( 'NONE',  ( 47.99999999999953104, -8.192981740370584021, -48.00000000000034106 ) ) ;
#42 = CIRCLE ( 'NONE', #2500, 24.99999999999999645 ) ;
#43 = ORIENTED_EDGE ( 'NONE', *, *, #5693, .F. ) ;
#44 = EDGE_CURVE ( 'NONE', #8804, #1951, #4657, .T. ) ;
#45 = AXIS2_PLACEMENT_3D ( 'NONE', #433, #3560, #4332 ) ;
#46 = EDGE_CURVE ( 'NONE', #9600, #9853, #3666, .T. ) ;
#47 = EDGE_CURVE ( 'NONE', #7262, #362, #3937, .T. ) ;
#48 = ORIENTED_EDGE ( 'NONE', *, *, #5476, .T. ) ;
#49 = ADVANCED_FACE ( 'NONE', ( #3119 ), #37, .F. ) ;
#50 = FACE_OUTER_BOUND ( 'NONE', #5876, .T. ) ;
#51 = DIRECTION ( 'NONE',  ( -0.000000000000000000, 1.000000000000000000, -0.000000000000000000 ) ) ;
#52 = CARTESIAN_POINT ( 'NONE',  ( 41.99999999999960920, -10.29222238799080813, -37.08563378826681856 ) ) ;
#53 = EDGE_CURVE ( 'NONE', #925, #8871, #8556, .T. ) ;
#54 = ORIENTED_EDGE ( 'NONE', *, *, #9697, .T. ) ;
#55 = VECTOR ( 'NONE', #9950, 1000.000000000000000 ) ;
#56 = ORIENTED_EDGE ( 'NONE', *, *, #5058, .F. ) ;
#57 = VERTEX_POINT ( 'NONE', #9376 ) ;
#58 = MECHANICAL_DESIGN_GEOMETRIC_PRESENTATION_REPRESENTATION (  '', ( #1541 ), #6778 ) ;
#59 = VECTOR ( 'NONE', #4501, 1000.000000000000000 ) ;
#60 = CARTESIAN_POINT ( 'NONE',  ( -24.69999999999816609, -8.000000000000001776, -47.35000000000054143 ) ) ;
#61 = LINE ( 'NONE', #9485, #2295 ) ;
#62 = PLANE ( 'NONE',  #9390 ) ;
#63 = LINE ( 'NONE', #3096, #7768 ) ;
#64 = DIRECTION ( 'NONE',  ( -1.000000000000000000, 0.000000000000000000, 0.000000000000000000 ) ) ;
#65 = CARTESIAN_POINT ( 'NONE',  ( -37.49999999999999289, -15.00000000000000355, 40.54999999999999716 ) ) ;
#66 = DIRECTION ( 'NONE',  ( 0.000000000000000000, 0.000000000000000000, 1.000000000000000000 ) ) ;
#67 = CIRCLE ( 'NONE', #6623, 2.999999999999999112 ) ;
#68 = CYLINDRICAL_SURFACE ( 'NONE', #4620, 1.550000000000002709 ) ;
#69 = VERTEX_POINT ( 'NONE', #766 ) ;
#70 = AXIS2_PLACEMENT_3D ( 'NONE', #8170, #1099, #4434 ) ;
#71 = VERTEX_POINT ( 'NONE', #6922 ) ;
#72 = CIRCLE ( 'NONE', #7613, 4.349999999999999645 ) ;
#73 = CARTESIAN_POINT ( 'NONE',  ( -40.00000000000000711, -9.000000000000001776, -42.80000000000001137 ) ) ;
#74 = AXIS2_PLACEMENT_3D ( 'NONE', #5052, #3513, #2742 ) ;
#75 = CARTESIAN_POINT ( 'NONE',  ( 50.00000000000097344, -3.199999999999999734, 39.64999999999966462 ) ) ;
#76 = PLANE ( 'NONE',  #6929 ) ;
#77 = DIRECTION ( 'NONE',  ( 0.000000000000000000, 0.000000000000000000, -1.000000000000000000 ) ) ;
#78 = ORIENTED_EDGE ( 'NONE', *, *, #9167, .F. ) ;
#79 = ADVANCED_FACE ( 'NONE', ( #6210 ), #5430, .T. ) ;
#80 = CARTESIAN_POINT ( 'NONE',  ( -29.89066919103536435, -7.992826807218465390, 44.32192128175171320 ) ) ;
#81 = CIRCLE ( 'NONE', #4511, 1.550000000000002709 ) ;
#82 = FACE_OUTER_BOUND ( 'NONE', #6833, .T. ) ;
#83 = ORIENTED_EDGE ( 'NONE', *, *, #9327, .T. ) ;
#84 = VECTOR ( 'NONE', #3133, 1000.000000000000000 ) ;
#85 = ORIENTED_EDGE ( 'NONE', *, *, #1651, .F. ) ;
#86 = AXIS2_PLACEMENT_3D ( 'NONE', #7005, #1469, #9207 ) ;
#87 = FACE_OUTER_BOUND ( 'NONE', #6790, .T. ) ;
#88 = B_SPLINE_CURVE_WITH_KNOTS ( 'NONE', 3,
 ( #6650, #4337, #3664, #2744 ),
 .UNSPECIFIED., .F., .F.,
 ( 4, 4 ),
 ( 0.000000000000000000, 0.0007769150246506727631 ),
 .UNSPECIFIED. ) ;
#89 = DIRECTION ( 'NONE',  ( -1.000000000000000000, 0.000000000000000000, 3.491481338843133355E-15 ) ) ;
#90 = DIRECTION ( 'NONE',  ( 4.476705744456268255E-15, 0.000000000000000000, 1.000000000000000000 ) ) ;
#91 = ORIENTED_EDGE ( 'NONE', *, *, #2943, .T. ) ;
#92 = CIRCLE ( 'NONE', #1244, 1.550000000000002709 ) ;
#93 = CARTESIAN_POINT ( 'NONE',  ( -42.00000000000014921, -6.707608032017976285, -39.76644526836378901 ) ) ;
#94 = FACE_OUTER_BOUND ( 'NONE', #2051, .T. ) ;
#95 = CARTESIAN_POINT ( 'NONE',  ( -30.49999999999983302, -3.199999999999999289, -43.50000000000001421 ) ) ;
#96 = CIRCLE ( 'NONE', #9750, 6.800000000000000711 ) ;
#97 = LINE ( 'NONE', #3082, #3783 ) ;
#98 = AXIS2_PLACEMENT_3D ( 'NONE', #5234, #656, #8351 ) ;
#99 = ORIENTED_EDGE ( 'NONE', *, *, #1166, .T. ) ;
#100 = CARTESIAN_POINT ( 'NONE',  ( -41.49999999999949551, 1.000000000000000000, 48.00000000000000711 ) ) ;
#101 = VERTEX_POINT ( 'NONE', #3893 ) ;
#102 = DIRECTION ( 'NONE',  ( 0.000000000000000000, 0.000000000000000000, -1.000000000000000000 ) ) ;
#103 = FACE_OUTER_BOUND ( 'NONE', #8309, .T. ) ;
#104 = CARTESIAN_POINT ( 'NONE',  ( 41.99999999999964473, -8.686439701475501707, -34.90858472373952992 ) ) ;
#105 = VERTEX_POINT ( 'NONE', #861 ) ;
#106 = EDGE_CURVE ( 'NONE', #1714, #2708, #8659, .T. ) ;
#107 = EDGE_CURVE ( 'NONE', #9585, #5413, #6140, .T. ) ;
#108 = ORIENTED_EDGE ( 'NONE', *, *, #8475, .F. ) ;
#109 = EDGE_CURVE ( 'NONE', #5856, #4685, #654, .T. ) ;
#110 = VERTEX_POINT ( 'NONE', #4760 ) ;
#111 = CARTESIAN_POINT ( 'NONE',  ( -30.09999999999983089, -5.000000000000002665, 48.00000000000000711 ) ) ;
#112 = CARTESIAN_POINT ( 'NONE',  ( -44.25510973607685372, -9.632472582329661748, -47.99999999999999289 ) ) ;
#113 = CARTESIAN_POINT ( 'NONE',  ( 24.69999999999848228, -3.499999999999999556, 47.35000000000037090 ) ) ;
#114 = DIRECTION ( 'NONE',  ( -1.000000000000000000, 0.000000000000000000, 0.000000000000000000 ) ) ;
#115 = CARTESIAN_POINT ( 'NONE',  ( -41.49999999999914735, 1.000000000000000000, 48.99999999999999289 ) ) ;
#116 = DIRECTION ( 'NONE',  ( -1.000000000000000000, 0.000000000000000000, 3.491481338843133355E-15 ) ) ;
#117 = CARTESIAN_POINT ( 'NONE',  ( 30.09999999999983089, -8.000000000000001776, -42.00000000000000711 ) ) ;
#118 = DIRECTION ( 'NONE',  ( 0.000000000000000000, 0.000000000000000000, -1.000000000000000000 ) ) ;
#119 = EDGE_CURVE ( 'NONE', #8296, #9801, #8577, .T. ) ;
#120 = ORIENTED_EDGE ( 'NONE', *, *, #6552, .F. ) ;
#121 = ORIENTED_EDGE ( 'NONE', *, *, #5565, .F. ) ;
#122 = ORIENTED_EDGE ( 'NONE', *, *, #3630, .F. ) ;
#123 = SHAPE_DEFINITION_REPRESENTATION ( #342, #1196 ) ;
#124 = EDGE_CURVE ( 'NONE', #4711, #2451, #616, .T. ) ;
#125 = CYLINDRICAL_SURFACE ( 'NONE', #5764, 24.99999999999999645 ) ;
#126 = CARTESIAN_POINT ( 'NONE',  ( -31.29999999999983373, 0.000000000000000000, 48.99999999999999289 ) ) ;
#127 = CARTESIAN_POINT ( 'NONE',  ( 35.91141641594659006, -9.398530664726379769, 48.00000000000001421 ) ) ;
#128 = DIRECTION ( 'NONE',  ( -1.181088324069316513E-14, 0.000000000000000000, -1.000000000000000000 ) ) ;
#129 = FACE_OUTER_BOUND ( 'NONE', #5857, .T. ) ;
#130 = CARTESIAN_POINT ( 'NONE',  ( 30.09999999999983089, -8.000000000000001776, 48.00000000000000711 ) ) ;
#131 = VERTEX_POINT ( 'NONE', #8506 ) ;
#132 = VERTEX_POINT ( 'NONE', #7168 ) ;
#133 = EDGE_CURVE ( 'NONE', #1531, #7318, #4083, .T. ) ;
#134 = FACE_BOUND ( 'NONE', #5530, .T. ) ;
#135 = CARTESIAN_POINT ( 'NONE',  ( -40.00000000000000711, -9.000000000000001776, -42.80000000000001137 ) ) ;
#136 = DIRECTION ( 'NONE',  ( -0.000000000000000000, -1.000000000000000000, -0.000000000000000000 ) ) ;
#137 = ORIENTED_EDGE ( 'NONE', *, *, #867, .T. ) ;
#138 = EDGE_CURVE ( 'NONE', #5670, #1958, #6503, .T. ) ;
#139 = DIRECTION ( 'NONE',  ( -1.000000000000000000, 0.000000000000000000, 0.000000000000000000 ) ) ;
#140 = CARTESIAN_POINT ( 'NONE',  ( -47.99999999999990763, -0.1999999999999999833, 27.09999999999999787 ) ) ;
#141 = DIRECTION ( 'NONE',  ( 2.952720810173291281E-15, 0.000000000000000000, 1.000000000000000000 ) ) ;
#142 = CARTESIAN_POINT ( 'NONE',  ( -32.04999999999922267, -3.199999999999999289, 43.50000000000001421 ) ) ;
#143 = EDGE_LOOP ( 'NONE', ( #9461, #428 ) ) ;
#144 = ADVANCED_FACE ( 'NONE', ( #7979 ), #4191, .F. ) ;
#145 = ORIENTED_EDGE ( 'NONE', *, *, #1793, .T. ) ;
#146 = CARTESIAN_POINT ( 'NONE',  ( 30.49999999999983302, -3.199999999999999289, 43.50000000000001421 ) ) ;
#147 = ADVANCED_FACE ( 'NONE', ( #916 ), #4041, .F. ) ;
#148 = EDGE_LOOP ( 'NONE', ( #8971, #7224, #1420, #2144 ) ) ;
#149 = CARTESIAN_POINT ( 'NONE',  ( 32.96625777343825092, -5.986271465577338802, 42.00000000000001421 ) ) ;
#150 = DIRECTION ( 'NONE',  ( -0.000000000000000000, -0.000000000000000000, -1.000000000000000000 ) ) ;
#151 = CYLINDRICAL_SURFACE ( 'NONE', #5472, 4.000000000000000000 ) ;
#152 = EDGE_LOOP ( 'NONE', ( #3023, #5109, #8137, #4425 ) ) ;
#153 = VERTEX_POINT ( 'NONE', #2643 ) ;
#154 = EDGE_LOOP ( 'NONE', ( #313, #7244, #1318, #6595 ) ) ;
#155 = CARTESIAN_POINT ( 'NONE',  ( -43.07288469158641675, -8.000000000000005329, 48.00000000000000711 ) ) ;
#156 = CARTESIAN_POINT ( 'NONE',  ( -41.70683081885163546, -8.400000000000000355, 41.79316918114824375 ) ) ;
#157 = CARTESIAN_POINT ( 'NONE',  ( -33.17202985322172282, -11.58033157851157213, 42.41461634879864562 ) ) ;
#158 = DIRECTION ( 'NONE',  ( 0.000000000000000000, 0.000000000000000000, -1.000000000000000000 ) ) ;
#159 = EDGE_CURVE ( 'NONE', #3676, #5429, #3179, .T. ) ;
#160 = FACE_OUTER_BOUND ( 'NONE', #4899, .T. ) ;
#161 = DIRECTION ( 'NONE',  ( 0.000000000000000000, 0.000000000000000000, 1.000000000000000000 ) ) ;
#162 = DIRECTION ( 'NONE',  ( 0.000000000000000000, 0.000000000000000000, 1.000000000000000000 ) ) ;
#163 = EDGE_CURVE ( 'NONE', #8999, #9407, #3273, .T. ) ;
#164 = CARTESIAN_POINT ( 'NONE',  ( -24.69999999999738094, 1.000000000000000000, 45.79999999999864713 ) ) ;
#165 = ORIENTED_EDGE ( 'NONE', *, *, #2551, .F. ) ;
#166 = CIRCLE ( 'NONE', #5904, 2.349999999999997868 ) ;
#167 = EDGE_LOOP ( 'NONE', ( #3723, #8488, #615, #8520 ) ) ;
#168 = DIRECTION ( 'NONE',  ( -0.000000000000000000, -0.000000000000000000, -1.000000000000000000 ) ) ;
#169 = CARTESIAN_POINT ( 'NONE',  ( 32.05000000000013927, -3.199999999999999289, 43.49999999999978684 ) ) ;
#170 = CARTESIAN_POINT ( 'NONE',  ( 42.00000000000044054, -8.491828593453876195, 40.82967550732906403 ) ) ;
#171 = CARTESIAN_POINT ( 'NONE',  ( 31.94412171226667496, -11.38313153259664645, 42.00000000000000711 ) ) ;
#172 = EDGE_CURVE ( 'NONE', #3557, #2240, #9881, .T. ) ;
#173 = CYLINDRICAL_SURFACE ( 'NONE', #8260, 2.999999999999999112 ) ;
#174 = EDGE_CURVE ( 'NONE', #4721, #8696, #239, .T. ) ;
#175 = CARTESIAN_POINT ( 'NONE',  ( -30.09999999999983089, -8.000000000000001776, -47.92957113217047294 ) ) ;
#176 = ORIENTED_EDGE ( 'NONE', *, *, #8149, .T. ) ;
#177 = ORIENTED_EDGE ( 'NONE', *, *, #3091, .T. ) ;
#178 = VECTOR ( 'NONE', #3015, 1000.000000000000000 ) ;
#179 = CARTESIAN_POINT ( 'NONE',  ( -28.14999999999983160, -3.199999999999999289, 43.50000000000001421 ) ) ;
#180 = DIRECTION ( 'NONE',  ( -1.000000000000000000, -0.000000000000000000, 1.047444401652940007E-14 ) ) ;
#181 = AXIS2_PLACEMENT_3D ( 'NONE', #7712, #1520, #5523 ) ;
#182 = CARTESIAN_POINT ( 'NONE',  ( -49.00000000000000000, 0.000000000000000000, 6.800116025829083810E-15 ) ) ;
#183 = ORIENTED_EDGE ( 'NONE', *, *, #7725, .T. ) ;
#184 = CARTESIAN_POINT ( 'NONE',  ( -48.00000000000012079, 1.000000000000000000, -31.29999999999966676 ) ) ;
#185 = CYLINDRICAL_SURFACE ( 'NONE', #3508, 1.550000000000002709 ) ;
#186 = CARTESIAN_POINT ( 'NONE',  ( -41.99999999999988631, -8.228124747478609891, 37.96626240650292772 ) ) ;
#187 = CIRCLE ( 'NONE', #2323, 1.550000000000002709 ) ;
#188 = CARTESIAN_POINT ( 'NONE',  ( 45.80000000000062244, -5.000000000000000000, -23.14999999999800551 ) ) ;
#189 = ORIENTED_EDGE ( 'NONE', *, *, #172, .T. ) ;
#190 = VECTOR ( 'NONE', #5977, 1000.000000000000000 ) ;
#191 = ORIENTED_EDGE ( 'NONE', *, *, #289, .T. ) ;
#192 = EDGE_CURVE ( 'NONE', #2623, #228, #1455, .T. ) ;
#193 = CIRCLE ( 'NONE', #5447, 1.550000000000002709 ) ;
#194 = DIRECTION ( 'NONE',  ( 0.000000000000000000, 0.000000000000000000, 1.000000000000000000 ) ) ;
#195 = ORIENTED_EDGE ( 'NONE', *, *, #984, .F. ) ;
#196 = CARTESIAN_POINT ( 'NONE',  ( 50.00000000000097344, -3.199999999999999734, 39.64999999999966462 ) ) ;
#197 = EDGE_CURVE ( 'NONE', #7438, #3503, #1685, .T. ) ;
#198 = VECTOR ( 'NONE', #5293, 1000.000000000000000 ) ;
#199 = CARTESIAN_POINT ( 'NONE',  ( -37.80413812651494965, -5.000000000000001776, 42.00000000000000711 ) ) ;
#200 = DIRECTION ( 'NONE',  ( 0.000000000000000000, 0.000000000000000000, 1.000000000000000000 ) ) ;
#201 = ORIENTED_EDGE ( 'NONE', *, *, #1115, .F. ) ;
#202 = VERTEX_POINT ( 'NONE', #5783 ) ;
#203 = VERTEX_POINT ( 'NONE', #5633 ) ;
#204 = DIRECTION ( 'NONE',  ( -0.000000000000000000, 1.000000000000000000, -0.000000000000000000 ) ) ;
#205 = CARTESIAN_POINT ( 'NONE',  ( -30.94842073124647897, -8.000000000000001776, -48.00000000000000711 ) ) ;
#206 = CARTESIAN_POINT ( 'NONE',  ( 48.00000000000031974, -8.000000000000001776, 30.09999999999932996 ) ) ;
#207 = CARTESIAN_POINT ( 'NONE',  ( -49.00000000000000711, 7.750000000000000000, -50.00000000000000711 ) ) ;
#208 = CARTESIAN_POINT ( 'NONE',  ( -30.50000000000041922, -3.199999999999999289, -42.00000000000001421 ) ) ;
#209 = DIRECTION ( 'NONE',  ( 2.952720810173286943E-15, 0.000000000000000000, 1.000000000000000000 ) ) ;
#210 = DIRECTION ( 'NONE',  ( 0.000000000000000000, 0.000000000000000000, -1.000000000000000000 ) ) ;
#211 = CIRCLE ( 'NONE', #4963, 1.000000000000000888 ) ;
#212 = DIRECTION ( 'NONE',  ( 0.000000000000000000, 1.000000000000000000, 0.000000000000000000 ) ) ;
#213 = ORIENTED_EDGE ( 'NONE', *, *, #5577, .T. ) ;
#214 = VERTEX_POINT ( 'NONE', #1735 ) ;
#215 = VECTOR ( 'NONE', #2862, 1000.000000000000000 ) ;
#216 = ORIENTED_EDGE ( 'NONE', *, *, #5390, .F. ) ;
#217 = EDGE_CURVE ( 'NONE', #291, #2455, #5474, .T. ) ;
#218 = AXIS2_PLACEMENT_3D ( 'NONE', #5349, #4471, #1397 ) ;
#219 = CARTESIAN_POINT ( 'NONE',  ( -37.49999999999999289, -11.60000000000000320, 47.24999999999999289 ) ) ;
#220 = CARTESIAN_POINT ( 'NONE',  ( 41.50000000000012790, -1.000000000000000000, 41.99999999999980105 ) ) ;
#221 = DIRECTION ( 'NONE',  ( 0.000000000000000000, 0.000000000000000000, -1.000000000000000000 ) ) ;
#222 = DIRECTION ( 'NONE',  ( 0.000000000000000000, 0.000000000000000000, 1.000000000000000000 ) ) ;
#223 = VECTOR ( 'NONE', #2718, 1000.000000000000000 ) ;
#224 = CARTESIAN_POINT ( 'NONE',  ( -30.09999999999983089, -5.000000000000002665, 42.00000000000000711 ) ) ;
#225 = DIRECTION ( 'NONE',  ( 1.000000000000000000, -0.000000000000000000, -1.047444401652940007E-14 ) ) ;
#226 = VECTOR ( 'NONE', #5233, 1000.000000000000000 ) ;
#227 = VERTEX_POINT ( 'NONE', #7359 ) ;
#228 = VERTEX_POINT ( 'NONE', #2443 ) ;
#229 = B_SPLINE_CURVE_WITH_KNOTS ( 'NONE', 3,
 ( #6684, #3445, #5911, #4219, #7388, #368, #4421, #4375, #3501, #9037, #7542, #7493, #471, #8209, #3597, #6528, #6633, #2618 ),
 .UNSPECIFIED., .F., .F.,
 ( 4, 2, 2, 2, 2, 2, 2, 2, 4 ),
 ( -0.002711436051287193037, -0.001899919640161356130, -0.001088403229035519006, -0.0002768868179096818823, 0.0005346295932161550246, 0.001346146004341991931, 0.002157662415467829272, 0.002969178826593668347, 0.003780695237719507423 ),
 .UNSPECIFIED. ) ;
#230 = EDGE_CURVE ( 'NONE', #1951, #8804, #2679, .T. ) ;
#231 = VECTOR ( 'NONE', #3606, 1000.000000000000000 ) ;
#232 = ADVANCED_FACE ( 'NONE', ( #3419 ), #5581, .T. ) ;
#233 = EDGE_CURVE ( 'NONE', #9027, #2215, #9568, .T. ) ;
#234 = CARTESIAN_POINT ( 'NONE',  ( -45.79999999999802185, 1.000000000000000000, 27.05000000000062599 ) ) ;
#236 = DIRECTION ( 'NONE',  ( 1.181088324069314777E-14, 0.000000000000000000, 1.000000000000000000 ) ) ;
#235 = AXIS2_PLACEMENT_3D ( 'NONE', #6281, #7850, #4061 ) ;
#237 = LINE ( 'NONE', #4132, #2789 ) ;
#238 = ORIENTED_EDGE ( 'NONE', *, *, #7984, .F. ) ;
#239 = LINE ( 'NONE', #184, #9240 ) ;
#240 = LINE ( 'NONE', #5634, #4821 ) ;
#241 = CARTESIAN_POINT ( 'NONE',  ( -41.99999999999988631, -8.000000000000001776, 36.34618431751388101 ) ) ;
#242 = CIRCLE ( 'NONE', #2872, 24.99999999999999645 ) ;
#243 = DIRECTION ( 'NONE',  ( -0.7071067811866064146, 0.000000000000000000, -0.7071067811864886199 ) ) ;
#244 = ORIENTED_EDGE ( 'NONE', *, *, #7596, .T. ) ;
#245 = AXIS2_PLACEMENT_3D ( 'NONE', #7703, #7808, #4641 ) ;
#246 = ADVANCED_FACE ( 'NONE', ( #6548 ), #8911, .F. ) ;
#247 = VECTOR ( 'NONE', #4358, 1000.000000000000000 ) ;
#248 = VERTEX_POINT ( 'NONE', #1888 ) ;
#249 = EDGE_CURVE ( 'NONE', #4221, #9867, #4237, .T. ) ;
#250 = CARTESIAN_POINT ( 'NONE',  ( -45.79999999999802185, -3.499999999999999556, 27.05000000000062599 ) ) ;
#251 = DIRECTION ( 'NONE',  ( -6.938893903907222067E-15, 0.000000000000000000, -1.000000000000000000 ) ) ;
#252 = ORIENTED_EDGE ( 'NONE', *, *, #2820, .F. ) ;
#253 = CARTESIAN_POINT ( 'NONE',  ( -24.70000000000000995, -3.499999999999999556, -45.80000000000000426 ) ) ;
#254 = CARTESIAN_POINT ( 'NONE',  ( -48.00000000000015632, 1.000000000000000000, -41.49999999999999289 ) ) ;
#255 = DIRECTION ( 'NONE',  ( 1.000000000000000000, 0.000000000000000000, -8.953411488912536510E-15 ) ) ;
#256 = AXIS2_PLACEMENT_3D ( 'NONE', #9150, #1889, #9664 ) ;
#257 = ORIENTED_EDGE ( 'NONE', *, *, #9625, .T. ) ;
#258 = ORIENTED_EDGE ( 'NONE', *, *, #9323, .F. ) ;
#259 = EDGE_CURVE ( 'NONE', #9853, #9600, #1381, .T. ) ;
#260 = ORIENTED_EDGE ( 'NONE', *, *, #5909, .F. ) ;
#261 = CYLINDRICAL_SURFACE ( 'NONE', #8392, 2.999999999999999112 ) ;
#262 = CARTESIAN_POINT ( 'NONE',  ( 24.69999999999784634, -5.000000000000000000, -45.80000000000070770 ) ) ;
#263 = ORIENTED_EDGE ( 'NONE', *, *, #3931, .F. ) ;
#264 = CARTESIAN_POINT ( 'NONE',  ( -41.49999999999983658, 1.000000000000000000, 48.00000000000000711 ) ) ;
#265 = CARTESIAN_POINT ( 'NONE',  ( 0.000000000000000000, 0.000000000000000000, -48.00000000000000711 ) ) ;
#266 = DIRECTION ( 'NONE',  ( 0.000000000000000000, 1.000000000000000000, 0.000000000000000000 ) ) ;
#267 = ADVANCED_FACE ( 'NONE', ( #3472 ), #1938, .T. ) ;
#268 = CYLINDRICAL_SURFACE ( 'NONE', #3713, 2.349999999999997868 ) ;
#269 = CARTESIAN_POINT ( 'NONE',  ( 41.49999999999983658, -1.000000000000000000, 49.99999999999999289 ) ) ;
#270 = DIRECTION ( 'NONE',  ( -4.476705744456268255E-15, 0.000000000000000000, 1.000000000000000000 ) ) ;
#271 = ORIENTED_EDGE ( 'NONE', *, *, #3456, .T. ) ;
#272 = ORIENTED_EDGE ( 'NONE', *, *, #7036, .T. ) ;
#273 = VERTEX_POINT ( 'NONE', #5271 ) ;
#274 = DIRECTION ( 'NONE',  ( -0.000000000000000000, 1.000000000000000000, 0.000000000000000000 ) ) ;
#275 = CARTESIAN_POINT ( 'NONE',  ( -27.09999999999983089, -0.1999999999999999833, 48.00000000000000711 ) ) ;
#276 = LINE ( 'NONE', #2785, #6434 ) ;
#277 = DIRECTION ( 'NONE',  ( -1.000000000000000000, 0.000000000000000000, 3.491481338843133355E-15 ) ) ;
#278 = CARTESIAN_POINT ( 'NONE',  ( -30.09999999999982023, -8.000000000000003553, 45.80559804515304734 ) ) ;
#279 = CARTESIAN_POINT ( 'NONE',  ( 27.09999999999983089, -0.1999999999999999833, 50.00000000000000711 ) ) ;
#280 = ORIENTED_EDGE ( 'NONE', *, *, #9650, .F. ) ;
#281 = VERTEX_POINT ( 'NONE', #8395 ) ;
#282 = LINE ( 'NONE', #9004, #4103 ) ;
#283 = CARTESIAN_POINT ( 'NONE',  ( -27.09999999999983089, -0.1999999999999999833, 48.00000000000000711 ) ) ;
#284 = CARTESIAN_POINT ( 'NONE',  ( -41.99999999999987210, -3.199999999999999734, 39.64999999999998437 ) ) ;
#285 = ORIENTED_EDGE ( 'NONE', *, *, #3074, .T. ) ;
#286 = CARTESIAN_POINT ( 'NONE',  ( 40.00000000000000711, -15.00000000000000355, -42.80000000000001137 ) ) ;
#287 = DIRECTION ( 'NONE',  ( -0.000000000000000000, 1.000000000000000000, -0.000000000000000000 ) ) ;
#289 = EDGE_CURVE ( 'NONE', #203, #3537, #6618, .T. ) ;
#288 = DIRECTION ( 'NONE',  ( 0.000000000000000000, 0.000000000000000000, -1.000000000000000000 ) ) ;
#290 = EDGE_CURVE ( 'NONE', #4537, #6716, #4350, .T. ) ;
#291 = VERTEX_POINT ( 'NONE', #9874 ) ;
#292 = EDGE_LOOP ( 'NONE', ( #7614, #8458, #7800, #5807, #9943 ) ) ;
#293 = PLANE ( 'NONE',  #3039 ) ;
#294 = DIRECTION ( 'NONE',  ( -0.000000000000000000, 0.000000000000000000, -1.000000000000000000 ) ) ;
#295 = ORIENTED_EDGE ( 'NONE', *, *, #8827, .T. ) ;
#296 = DIRECTION ( 'NONE',  ( -1.181088324069314777E-14, 0.000000000000000000, -1.000000000000000000 ) ) ;
#297 = DIRECTION ( 'NONE',  ( 6.982962677686267499E-15, -0.000000000000000000, 1.000000000000000000 ) ) ;
#298 = DIRECTION ( 'NONE',  ( -0.000000000000000000, -0.000000000000000000, -1.000000000000000000 ) ) ;
#299 = EDGE_CURVE ( 'NONE', #4510, #8410, #1372, .T. ) ;
#300 = EDGE_LOOP ( 'NONE', ( #1905, #8918 ) ) ;
#301 = ORIENTED_EDGE ( 'NONE', *, *, #7527, .T. ) ;
#302 = ORIENTED_EDGE ( 'NONE', *, *, #1942, .F. ) ;
#303 = LINE ( 'NONE', #8828, #8875 ) ;
#304 = DIRECTION ( 'NONE',  ( 4.476705744456268255E-15, 0.000000000000000000, 1.000000000000000000 ) ) ;
#305 = ORIENTED_EDGE ( 'NONE', *, *, #7406, .T. ) ;
#306 = FACE_OUTER_BOUND ( 'NONE', #8448, .T. ) ;
#307 = DIRECTION ( 'NONE',  ( 1.040834085586084257E-14, 0.000000000000000000, 1.000000000000000000 ) ) ;
#308 = CYLINDRICAL_SURFACE ( 'NONE', #7774, 1.550000000000002709 ) ;
#309 = PLANE ( 'NONE',  #3019 ) ;
#310 = LINE ( 'NONE', #6579, #4608 ) ;
#311 = DIRECTION ( 'NONE',  ( -0.000000000000000000, -1.000000000000000000, -0.000000000000000000 ) ) ;
#312 = ORIENTED_EDGE ( 'NONE', *, *, #7036, .F. ) ;
#313 = ORIENTED_EDGE ( 'NONE', *, *, #3816, .F. ) ;
#314 = ORIENTED_EDGE ( 'NONE', *, *, #2810, .T. ) ;
#315 = AXIS2_PLACEMENT_3D ( 'NONE', #6795, #9146, #7396 ) ;
#316 = CARTESIAN_POINT ( 'NONE',  ( -30.09999999999983089, -8.000000000000001776, 42.00000000000000711 ) ) ;
#317 = CARTESIAN_POINT ( 'NONE',  ( 31.94412171226666075, -8.400000000000002132, 42.00000000000000711 ) ) ;
#318 = DIRECTION ( 'NONE',  ( 0.000000000000000000, 1.000000000000000000, -0.000000000000000000 ) ) ;
#319 = DIRECTION ( 'NONE',  ( 0.000000000000000000, 0.000000000000000000, -1.000000000000000000 ) ) ;
#320 = DIRECTION ( 'NONE',  ( 6.982962677686267499E-15, -0.000000000000000000, 1.000000000000000000 ) ) ;
#321 = ADVANCED_FACE ( 'NONE', ( #6662 ), #8341, .F. ) ;
#322 = AXIS2_PLACEMENT_3D ( 'NONE', #8962, #7977, #1732 ) ;
#323 = CARTESIAN_POINT ( 'NONE',  ( -45.79999999999802185, 1.000000000000000000, -24.69999999999937046 ) ) ;
#324 = ORIENTED_EDGE ( 'NONE', *, *, #9559, .F. ) ;
#325 = VERTEX_POINT ( 'NONE', #7624 ) ;
#326 = FACE_OUTER_BOUND ( 'NONE', #1101, .T. ) ;
#327 = LINE ( 'NONE', #5778, #5928 ) ;
#328 = VECTOR ( 'NONE', #7027, 1000.000000000000000 ) ;
#329 = DIRECTION ( 'NONE',  ( 1.000000000000000000, 0.000000000000000000, 0.000000000000000000 ) ) ;
#330 = CARTESIAN_POINT ( 'NONE',  ( -48.00000000000012079, 1.000000000000000000, -31.29999999999966676 ) ) ;
#331 = ORIENTED_EDGE ( 'NONE', *, *, #4778, .F. ) ;
#332 = DIRECTION ( 'NONE',  ( 0.000000000000000000, -1.000000000000000000, 0.000000000000000000 ) ) ;
#333 = CARTESIAN_POINT ( 'NONE',  ( 30.09999999999983089, -8.000000000000001776, -47.92957113217047294 ) ) ;
#334 = DIRECTION ( 'NONE',  ( -0.000000000000000000, 1.000000000000000000, -0.000000000000000000 ) ) ;
#335 = ORIENTED_EDGE ( 'NONE', *, *, #387, .T. ) ;
#336 = AXIS2_PLACEMENT_3D ( 'NONE', #6911, #1526, #8652 ) ;
#337 = EDGE_LOOP ( 'NONE', ( #401, #754, #4412, #5867 ) ) ;
#338 = VECTOR ( 'NONE', #488, 1000.000000000000000 ) ;
#339 = DIRECTION ( 'NONE',  ( -0.000000000000000000, 1.000000000000000000, -0.000000000000000000 ) ) ;
#340 = ADVANCED_FACE ( 'NONE', ( #9774, #2916 ), #1270, .T. ) ;
#341 = EDGE_CURVE ( 'NONE', #9084, #1176, #2754, .T. ) ;
#342 = PRODUCT_DEFINITION_SHAPE ( 'NONE', 'NONE',  #3488 ) ;
#343 = LINE ( 'NONE', #9124, #6594 ) ;
#344 = TOROIDAL_SURFACE ( 'NONE', #3465, 11.15000000000000036, 6.799999999999999822 ) ;
#345 = ORIENTED_EDGE ( 'NONE', *, *, #4574, .F. ) ;
#346 = CARTESIAN_POINT ( 'NONE',  ( 34.20580425366316035, -5.224824506090357090, 42.00000000000001421 ) ) ;
#347 = DIRECTION ( 'NONE',  ( -0.000000000000000000, -1.000000000000000000, -0.000000000000000000 ) ) ;
#348 = EDGE_CURVE ( 'NONE', #6865, #9519, #7471, .T. ) ;
#349 = DIRECTION ( 'NONE',  ( 0.000000000000000000, -1.000000000000000000, 0.000000000000000000 ) ) ;
#350 = VECTOR ( 'NONE', #9145, 1000.000000000000000 ) ;
#351 = ORIENTED_EDGE ( 'NONE', *, *, #7285, .T. ) ;
#352 = AXIS2_PLACEMENT_3D ( 'NONE', #5792, #1693, #8718 ) ;
#353 = VERTEX_POINT ( 'NONE', #1217 ) ;
#354 = EDGE_CURVE ( 'NONE', #4665, #7628, #3342, .T. ) ;
#355 = ADVANCED_FACE ( 'NONE', ( #9821 ), #5996, .F. ) ;
#356 = ORIENTED_EDGE ( 'NONE', *, *, #1900, .T. ) ;
#357 = EDGE_CURVE ( 'NONE', #869, #153, #8181, .T. ) ;
#358 = EDGE_CURVE ( 'NONE', #6276, #5597, #5804, .T. ) ;
#359 = CIRCLE ( 'NONE', #1348, 2.349999999999997868 ) ;
#360 = DIRECTION ( 'NONE',  ( -0.000000000000000000, -0.000000000000000000, -1.000000000000000000 ) ) ;
#361 = CARTESIAN_POINT ( 'NONE',  ( -42.00000000000011369, -3.199999999999999289, -30.49999999999998224 ) ) ;
#362 = VERTEX_POINT ( 'NONE', #1157 ) ;
#363 = CARTESIAN_POINT ( 'NONE',  ( -41.49999999999983658, -5.000000000000001776, 42.00000000000000711 ) ) ;
#364 = CARTESIAN_POINT ( 'NONE',  ( 42.00000000000015632, -1.000000000000000000, 41.49999999999968736 ) ) ;
#365 = AXIS2_PLACEMENT_3D ( 'NONE', #8118, #9458, #990 ) ;
#366 = CARTESIAN_POINT ( 'NONE',  ( 43.50000000000032685, -3.199999999999999289, 30.49999999999968381 ) ) ;
#367 = DIRECTION ( 'NONE',  ( 1.000000000000000000, 0.000000000000000000, -4.476705744456278510E-15 ) ) ;
#368 = CARTESIAN_POINT ( 'NONE',  ( -38.13708127960446603, -5.358814845468525156, -42.00000000000000711 ) ) ;
#369 = DIRECTION ( 'NONE',  ( 1.387778780781445676E-16, 0.000000000000000000, 1.000000000000000000 ) ) ;
#370 = ORIENTED_EDGE ( 'NONE', *, *, #985, .T. ) ;
#371 = CIRCLE ( 'NONE', #8727, 4.000000000000000000 ) ;
#372 = EDGE_LOOP ( 'NONE', ( #9967, #6398, #7403, #8238, #5262 ) ) ;
#373 = ORIENTED_EDGE ( 'NONE', *, *, #6341, .F. ) ;
#374 = EDGE_CURVE ( 'NONE', #105, #4698, #7082, .T. ) ;
#375 = CARTESIAN_POINT ( 'NONE',  ( -24.69999999999816609, -8.000000000000001776, -44.25000000000054001 ) ) ;
#376 = DIRECTION ( 'NONE',  ( -0.000000000000000000, -0.000000000000000000, 1.000000000000000000 ) ) ;
#377 = CYLINDRICAL_SURFACE ( 'NONE', #705, 1.550000000000002709 ) ;
#378 = VECTOR ( 'NONE', #5251, 1000.000000000000000 ) ;
#379 = CARTESIAN_POINT ( 'NONE',  ( 50.00000000000000000, -4.200000000000000178, -20.51918358845111356 ) ) ;
#380 = DIRECTION ( 'NONE',  ( 0.000000000000000000, 8.673617379884027583E-16, -1.000000000000000000 ) ) ;
#381 = DIRECTION ( 'NONE',  ( 1.181088324069314777E-14, 0.000000000000000000, 1.000000000000000000 ) ) ;
#382 = ORIENTED_EDGE ( 'NONE', *, *, #5984, .T. ) ;
#383 = ORIENTED_EDGE ( 'NONE', *, *, #1615, .T. ) ;
#384 = DIRECTION ( 'NONE',  ( 3.491481338843133355E-15, 0.000000000000000000, 1.000000000000000000 ) ) ;
#385 = AXIS2_PLACEMENT_3D ( 'NONE', #2070, #9844, #3645 ) ;
#386 = ADVANCED_FACE ( 'NONE', ( #7415 ), #9118, .F. ) ;
#387 = EDGE_CURVE ( 'NONE', #1407, #5471, #6243, .T. ) ;
#388 = CARTESIAN_POINT ( 'NONE',  ( -41.49999999999983658, -1.000000000000001776, -42.00000000000000711 ) ) ;
#389 = AXIS2_PLACEMENT_3D ( 'NONE', #7692, #2312, #3855 ) ;
#390 = CARTESIAN_POINT ( 'NONE',  ( 42.00000000000039080, -3.199999999999999734, 36.54999999999968452 ) ) ;
#391 = FACE_OUTER_BOUND ( 'NONE', #9442, .T. ) ;
#392 = VECTOR ( 'NONE', #495, 1000.000000000000000 ) ;
#393 = DIRECTION ( 'NONE',  ( -1.301042606982607490E-15, -0.000000000000000000, -1.000000000000000000 ) ) ;
#394 = VERTEX_POINT ( 'NONE', #9274 ) ;
#395 = DIRECTION ( 'NONE',  ( -1.181088324069316513E-14, 0.000000000000000000, -1.000000000000000000 ) ) ;
#396 = AXIS2_PLACEMENT_3D ( 'NONE', #6717, #504, #9886 ) ;
#397 = DIRECTION ( 'NONE',  ( -0.000000000000000000, -1.000000000000000000, -0.000000000000000000 ) ) ;
#398 = ORIENTED_EDGE ( 'NONE', *, *, #454, .F. ) ;
#399 = CIRCLE ( 'NONE', #7269, 3.400000000000000355 ) ;
#400 = CIRCLE ( 'NONE', #9892, 1.550000000000002709 ) ;
#401 = ORIENTED_EDGE ( 'NONE', *, *, #1784, .F. ) ;
#402 = AXIS2_PLACEMENT_3D ( 'NONE', #9256, #1355, #7658 ) ;
#403 = FACE_OUTER_BOUND ( 'NONE', #4776, .T. ) ;
#404 = AXIS2_PLACEMENT_3D ( 'NONE', #8843, #7916, #1815 ) ;
#405 = ORIENTED_EDGE ( 'NONE', *, *, #4507, .T. ) ;
#406 = DIRECTION ( 'NONE',  ( 1.000000000000000000, 0.000000000000000000, -1.047444401652940007E-14 ) ) ;
#407 = CARTESIAN_POINT ( 'NONE',  ( -31.29999999999983373, 1.000000000000000000, 48.00000000000000711 ) ) ;
#408 = LINE ( 'NONE', #9834, #2525 ) ;
#409 = AXIS2_PLACEMENT_3D ( 'NONE', #1436, #5381, #4562 ) ;
#410 = CIRCLE ( 'NONE', #5339, 1.550000000000002709 ) ;
#411 = EDGE_LOOP ( 'NONE', ( #6139, #9866, #7574, #6464, #3046, #7629, #8692, #6235, #4558, #2386, #503, #9572, #9392, #2122 ) ) ;
#412 = B_SPLINE_CURVE_WITH_KNOTS ( 'NONE', 3,
 ( #2224, #8422, #5498, #8627, #6122, #820, #6990, #6320, #7083, #6179, #9294, #52, #3188, #9436, #4578, #1402, #623, #5354, #104, #5593, #8096, #3238, #5650, #6562, #1790, #9583 ),
 .UNSPECIFIED., .F., .F.,
 ( 4, 2, 2, 2, 2, 2, 2, 2, 2, 2, 2, 2, 4 ),
 ( 0.000000000000000000, 0.001351378501289449922, 0.002027067751934174666, 0.002702757002578899843, 0.004054135503868358005, 0.004729824754513087086, 0.005405514005157816167, 0.006081203255802545247, 0.006756892506447275196, 0.008108271007736733357, 0.008783960258381453765, 0.009459649509026174172, 0.01081102801031561325 ),
 .UNSPECIFIED. ) ;
#413 = VERTEX_POINT ( 'NONE', #5527 ) ;
#414 = LINE ( 'NONE', #7782, #1834 ) ;
#415 = DIRECTION ( 'NONE',  ( 0.000000000000000000, -0.000000000000000000, 1.000000000000000000 ) ) ;
#416 = ORIENTED_EDGE ( 'NONE', *, *, #1568, .T. ) ;
#417 = CARTESIAN_POINT ( 'NONE',  ( -48.00000000000010658, -0.1999999999999999833, -27.09999999999966747 ) ) ;
#418 = DIRECTION ( 'NONE',  ( -1.396592535537253342E-14, -0.000000000000000000, -1.000000000000000000 ) ) ;
#419 = AXIS2_PLACEMENT_3D ( 'NONE', #8868, #1842, #4771 ) ;
#420 = DIRECTION ( 'NONE',  ( 6.982962677686267499E-15, -0.000000000000000000, 1.000000000000000000 ) ) ;
#421 = CARTESIAN_POINT ( 'NONE',  ( 24.69999999999784634, -3.499999999999999556, -47.35000000000071196 ) ) ;
#422 = CARTESIAN_POINT ( 'NONE',  ( 50.00000000000064659, -4.000000000000000000, -21.49897948556438365 ) ) ;
#423 = EDGE_CURVE ( 'NONE', #9721, #3775, #2393, .T. ) ;
#424 = FACE_OUTER_BOUND ( 'NONE', #8147, .T. ) ;
#425 = EDGE_CURVE ( 'NONE', #8533, #8943, #9080, .T. ) ;
#426 = ADVANCED_FACE ( 'NONE', ( #6909 ), #4656, .F. ) ;
#427 = ORIENTED_EDGE ( 'NONE', *, *, #7929, .F. ) ;
#428 = ORIENTED_EDGE ( 'NONE', *, *, #5956, .T. ) ;
#429 = ORIENTED_EDGE ( 'NONE', *, *, #1463, .F. ) ;
#430 = AXIS2_PLACEMENT_3D ( 'NONE', #5733, #4290, #8379 ) ;
#431 = PLANE ( 'NONE',  #8715 ) ;
#432 = CARTESIAN_POINT ( 'NONE',  ( 41.99999999999961631, -3.199999999999999734, -38.09999999999968878 ) ) ;
#433 = CARTESIAN_POINT ( 'NONE',  ( 38.09999999999948983, -3.199999999999999734, -50.00000000000076739 ) ) ;
#434 = CARTESIAN_POINT ( 'NONE',  ( 50.00000000000094502, -3.199999999999999289, -32.04999999999966320 ) ) ;
#435 = FACE_BOUND ( 'NONE', #2416, .T. ) ;
#436 = CARTESIAN_POINT ( 'NONE',  ( 45.80000000000062244, -3.499999999999999556, -24.70000000000199591 ) ) ;
#437 = LINE ( 'NONE', #5215, #8377 ) ;
#438 = EDGE_CURVE ( 'NONE', #5057, #4737, #8497, .T. ) ;
#439 = ORIENTED_EDGE ( 'NONE', *, *, #6951, .T. ) ;
#440 = ORIENTED_EDGE ( 'NONE', *, *, #7518, .T. ) ;
#441 = CARTESIAN_POINT ( 'NONE',  ( 48.99999999999999289, -1.000000000000000000, -49.00000000000000711 ) ) ;
#442 = LINE ( 'NONE', #1106, #9191 ) ;
#443 = CARTESIAN_POINT ( 'NONE',  ( -14.99999999999982236, -1.000000000000000000, 40.00000000000000000 ) ) ;
#444 = CYLINDRICAL_SURFACE ( 'NONE', #7895, 2.999999999999999112 ) ;
#445 = DIRECTION ( 'NONE',  ( -1.181088324069316513E-14, 0.000000000000000000, -1.000000000000000000 ) ) ;
#446 = VERTEX_POINT ( 'NONE', #1623 ) ;
#447 = DIRECTION ( 'NONE',  ( 0.000000000000000000, -1.000000000000000000, 0.000000000000000000 ) ) ;
#448 = CARTESIAN_POINT ( 'NONE',  ( -31.29999999999983373, -0.1999999999999999833, 48.00000000000000711 ) ) ;
#449 = VERTEX_POINT ( 'NONE', #8602 ) ;
#450 = ORIENTED_EDGE ( 'NONE', *, *, #8373, .F. ) ;
#451 = EDGE_CURVE ( 'NONE', #3439, #9935, #4004, .T. ) ;
#452 = EDGE_LOOP ( 'NONE', ( #6608, #9741, #8605, #3422 ) ) ;
#453 = DIRECTION ( 'NONE',  ( 0.000000000000000000, -1.000000000000000000, -0.000000000000000000 ) ) ;
#454 = EDGE_CURVE ( 'NONE', #8161, #1156, #3730, .T. ) ;
#455 = FACE_BOUND ( 'NONE', #6687, .T. ) ;
#456 = ORIENTED_EDGE ( 'NONE', *, *, #3266, .F. ) ;
#457 = CARTESIAN_POINT ( 'NONE',  ( 24.69999999999998863, 1.000000000000000000, -48.15000000000000568 ) ) ;
#458 = DIRECTION ( 'NONE',  ( 1.000000000000000000, -0.000000000000000000, -1.047444401652940007E-14 ) ) ;
#459 = CARTESIAN_POINT ( 'NONE',  ( 41.50000000000000711, 1.000000000000000000, 48.00000000000000711 ) ) ;
#460 = ADVANCED_FACE ( 'NONE', ( #9414 ), #3224, .F. ) ;
#461 = ADVANCED_FACE ( 'NONE', ( #1771 ), #6436, .F. ) ;
#462 = VERTEX_POINT ( 'NONE', #7864 ) ;
#463 = EDGE_LOOP ( 'NONE', ( #3634, #2575, #893, #8164 ) ) ;
#464 = CARTESIAN_POINT ( 'NONE',  ( -31.29999999999983373, -0.1999999999999999833, 50.00000000000000711 ) ) ;
#465 = LINE ( 'NONE', #1957, #4089 ) ;
#466 = EDGE_LOOP ( 'NONE', ( #2634, #5680, #6118, #7197, #6609 ) ) ;
#467 = FACE_OUTER_BOUND ( 'NONE', #2954, .T. ) ;
#468 = CARTESIAN_POINT ( 'NONE',  ( 16.59999999999983444, -1.000000000000000000, 0.000000000000000000 ) ) ;
#469 = DIRECTION ( 'NONE',  ( 0.000000000000000000, -1.000000000000000000, 0.000000000000000000 ) ) ;
#470 = FACE_OUTER_BOUND ( 'NONE', #1375, .T. ) ;
#471 = CARTESIAN_POINT ( 'NONE',  ( -36.16836639010535492, -7.164429261734142074, -42.00000000000000711 ) ) ;
#472 = DIRECTION ( 'NONE',  ( -1.000000000000000000, 0.000000000000000000, 3.491481338843133355E-15 ) ) ;
#473 = EDGE_LOOP ( 'NONE', ( #10020, #7299, #6207, #2980 ) ) ;
#474 = EDGE_LOOP ( 'NONE', ( #2097, #2396, #3128, #4223, #4065, #5275 ) ) ;
#475 = EDGE_LOOP ( 'NONE', ( #1753, #2939, #815, #2756, #1314, #4645 ) ) ;
#476 = CARTESIAN_POINT ( 'NONE',  ( -21.49897948556618843, -5.000000000000000000, 50.00000000000000711 ) ) ;
#477 = CYLINDRICAL_SURFACE ( 'NONE', #814, 1.000000000000000888 ) ;
#478 = ADVANCED_FACE ( 'NONE', ( #129 ), #9554, .T. ) ;
#479 = ADVANCED_FACE ( 'NONE', ( #4947 ), #3264, .F. ) ;
#480 = CARTESIAN_POINT ( 'NONE',  ( -41.49999999999983658, 0.000000000000000000, -49.99999999999999289 ) ) ;
#481 = DIRECTION ( 'NONE',  ( -0.000000000000000000, 1.000000000000000000, -0.000000000000000000 ) ) ;
#482 = CARTESIAN_POINT ( 'NONE',  ( 24.69999999999848228, -8.000000000000001776, 45.80000000000036664 ) ) ;
#483 = FACE_OUTER_BOUND ( 'NONE', #2199, .T. ) ;
#484 = LINE ( 'NONE', #3516, #1659 ) ;
#485 = ORIENTED_EDGE ( 'NONE', *, *, #3929, .T. ) ;
#486 = ORIENTED_EDGE ( 'NONE', *, *, #7110, .T. ) ;
#487 = DIRECTION ( 'NONE',  ( 4.476705744456268255E-15, 0.000000000000000000, 1.000000000000000000 ) ) ;
#488 = DIRECTION ( 'NONE',  ( -1.000000000000000000, -0.000000000000000000, 3.491481338843133750E-15 ) ) ;
#489 = CARTESIAN_POINT ( 'NONE',  ( -41.99999999999986500, -1.000000000000001776, 41.49999999999997868 ) ) ;
#490 = EDGE_CURVE ( 'NONE', #14, #9165, #400, .T. ) ;
#491 = ADVANCED_FACE ( 'NONE', ( #994, #2434, #6389 ), #4801, .T. ) ;
#492 = CARTESIAN_POINT ( 'NONE',  ( 40.42852312376308532, -7.909706892630207875, 42.00000000000000711 ) ) ;
#493 = CARTESIAN_POINT ( 'NONE',  ( 48.00000000000044054, -3.199999999999999289, 40.44999999999933493 ) ) ;
#494 = ORIENTED_EDGE ( 'NONE', *, *, #8374, .F. ) ;
#495 = DIRECTION ( 'NONE',  ( -1.000000000000000000, -0.000000000000000000, -3.491481338843133750E-15 ) ) ;
#496 = CARTESIAN_POINT ( 'NONE',  ( 34.94371519147323113, -11.56778797404391490, -42.00000000000001421 ) ) ;
#497 = VERTEX_POINT ( 'NONE', #4073 ) ;
#498 = ORIENTED_EDGE ( 'NONE', *, *, #6070, .F. ) ;
#499 = AXIS2_PLACEMENT_3D ( 'NONE', #4189, #7413, #2641 ) ;
#500 = VERTEX_POINT ( 'NONE', #9462 ) ;
#501 = CARTESIAN_POINT ( 'NONE',  ( -41.99999999999991473, -5.000000000000002665, 27.09999999999997655 ) ) ;
#502 = CARTESIAN_POINT ( 'NONE',  ( -41.99999999999993605, -4.000000000000000000, 21.49897948556553118 ) ) ;
#503 = ORIENTED_EDGE ( 'NONE', *, *, #4183, .F. ) ;
#504 = DIRECTION ( 'NONE',  ( 0.000000000000000000, 1.000000000000000000, -0.000000000000000000 ) ) ;
#505 = CYLINDRICAL_SURFACE ( 'NONE', #6321, 1.550000000000002709 ) ;
#506 = AXIS2_PLACEMENT_3D ( 'NONE', #8317, #1289, #2074 ) ;
#507 = DIRECTION ( 'NONE',  ( 0.000000000000000000, 1.000000000000000000, 0.000000000000000000 ) ) ;
#508 = CIRCLE ( 'NONE', #2812, 1.550000000000002709 ) ;
#509 = ORIENTED_EDGE ( 'NONE', *, *, #7320, .T. ) ;
#510 = AXIS2_PLACEMENT_3D ( 'NONE', #6592, #4948, #7350 ) ;
#511 = EDGE_CURVE ( 'NONE', #9407, #8021, #4123, .T. ) ;
#512 = DIRECTION ( 'NONE',  ( -1.396592535537253342E-14, -0.000000000000000000, -1.000000000000000000 ) ) ;
#513 = CARTESIAN_POINT ( 'NONE',  ( -24.69999999999752660, -5.000000000000000000, 47.35000000000088249 ) ) ;
#514 = ORIENTED_EDGE ( 'NONE', *, *, #4696, .T. ) ;
#515 = CARTESIAN_POINT ( 'NONE',  ( -38.09999999999923403, -3.199999999999999734, 43.50000000000001421 ) ) ;
#516 = VECTOR ( 'NONE', #7345, 1000.000000000000000 ) ;
#517 = CARTESIAN_POINT ( 'NONE',  ( 24.69999999999848228, -8.000000000000001776, 47.35000000000037090 ) ) ;
#518 = DIRECTION ( 'NONE',  ( -0.000000000000000000, -1.000000000000000000, -0.000000000000000000 ) ) ;
#519 = CARTESIAN_POINT ( 'NONE',  ( -50.00000000000000711, -1.000000000000000000, -50.00000000000000711 ) ) ;
#520 = CARTESIAN_POINT ( 'NONE',  ( -27.09999999999983089, -5.000000000000000000, 50.00000000000000711 ) ) ;
#521 = CIRCLE ( 'NONE', #8872, 2.349999999999997868 ) ;
#522 = ORIENTED_EDGE ( 'NONE', *, *, #8699, .F. ) ;
#523 = ORIENTED_EDGE ( 'NONE', *, *, #8616, .T. ) ;
#524 = VERTEX_POINT ( 'NONE', #2480 ) ;
#525 = CARTESIAN_POINT ( 'NONE',  ( 31.29999999999983373, -0.1999999999999999833, -48.00000000000000711 ) ) ;
#526 = AXIS2_PLACEMENT_3D ( 'NONE', #3481, #2760, #2714 ) ;
#527 = DIRECTION ( 'NONE',  ( 0.000000000000000000, -1.000000000000000000, 0.000000000000000000 ) ) ;
#528 = FACE_BOUND ( 'NONE', #2106, .T. ) ;
#529 = DIRECTION ( 'NONE',  ( -0.000000000000000000, 1.000000000000000000, -0.000000000000000000 ) ) ;
#530 = CARTESIAN_POINT ( 'NONE',  ( -45.79999999999802185, 1.000000000000000000, -22.34999999999937259 ) ) ;
#531 = CARTESIAN_POINT ( 'NONE',  ( 45.80000000000062244, -3.499999999999999556, 24.69999999999800622 ) ) ;
#532 = CARTESIAN_POINT ( 'NONE',  ( -33.25579997369500518, -8.183030832939808263, 41.94558730882528153 ) ) ;
#533 = VECTOR ( 'NONE', #540, 1000.000000000000000 ) ;
#534 = PLANE ( 'NONE',  #6407 ) ;
#535 = ORIENTED_EDGE ( 'NONE', *, *, #7368, .T. ) ;
#536 = EDGE_LOOP ( 'NONE', ( #6099, #7113, #1572, #2228, #9885 ) ) ;
#537 = VECTOR ( 'NONE', #9688, 1000.000000000000000 ) ;
#538 = CARTESIAN_POINT ( 'NONE',  ( 43.49999999999960920, -3.199999999999999734, -38.09999999999968168 ) ) ;
#539 = PLANE ( 'NONE',  #7434 ) ;
#540 = DIRECTION ( 'NONE',  ( -0.000000000000000000, 1.000000000000000000, -0.000000000000000000 ) ) ;
#541 = DIRECTION ( 'NONE',  ( 0.000000000000000000, 0.000000000000000000, -1.000000000000000000 ) ) ;
#542 = ORIENTED_EDGE ( 'NONE', *, *, #3381, .F. ) ;
#543 = DIRECTION ( 'NONE',  ( -0.000000000000000000, 1.000000000000000000, -0.000000000000000000 ) ) ;
#544 = CARTESIAN_POINT ( 'NONE',  ( 48.00000000000033396, 1.000000000000000000, 31.29999999999933635 ) ) ;
#545 = CIRCLE ( 'NONE', #8581, 1.550000000000002709 ) ;
#546 = ORIENTED_EDGE ( 'NONE', *, *, #5696, .T. ) ;
#547 = ORIENTED_EDGE ( 'NONE', *, *, #5069, .T. ) ;
#548 = ADVANCED_FACE ( 'NONE', ( #9503 ), #8749, .T. ) ;
#549 = EDGE_CURVE ( 'NONE', #698, #9843, #7202, .T. ) ;
#550 = AXIS2_PLACEMENT_3D ( 'NONE', #6388, #277, #7201 ) ;
#551 = ORIENTED_EDGE ( 'NONE', *, *, #6987, .T. ) ;
#552 = ADVANCED_FACE ( 'NONE', ( #4177 ), #173, .T. ) ;
#553 = COLOUR_RGB ( '',0.7921568627450980005, 0.8196078431372548767, 0.9333333333333333481 ) ;
#554 = ORIENTED_EDGE ( 'NONE', *, *, #7131, .T. ) ;
#555 = CLOSED_SHELL ( 'NONE', ( #6016, #10095, #1236, #1736, #1442, #4535, #8095, #8887, #3648, #5002, #10017, #355, #9561, #8979, #6533, #6761, #7907, #3586, #793, #9838, #7367, #3135, #3429, #584, #7899, #8516, #9441, #49, #7869, #5639, #7931, #4298, #7835, #7130, #3125, #5397, #2996, #8033, #6206, #3785, #5703, #6148, #5409, #5320, #1858, #3800, #5036, #1931, #9918, #1043, #898, #6915, #8900, #10078, #6748, #3998, #6042, #3038, #5071, #9278, #2366, #1136, #8062, #7449, #8850, #9350, #2383, #4269, #7942, #6, #9813, #6555, #3152, #2691, #5968, #2155, #6443, #1316, #267, #1527, #8571, #9623, #9383, #5130, #4619, #2873, #8651, #7741, #9945, #7841, #650, #9946, #6916, #9944, #5172, #6105, #7179, #5253, #3076, #10002, #6634, #9891, #9331, #4430, #4390, #6886, #8702, #1954, #736, #9202, #3440, #6884, #2822, #491, #6665, #2420, #5304, #4144, #1444, #8457, #890, #9762, #10077, #6256, #3368, #1401, #3278, #5376, #7639, #9969, #9089, #6080, #9682, #9168, #232, #2739, #6215, #2809, #9786, #8921, #6014, #6442, #2217, #5640, #9141, #7685, #6130, #8140, #7163, #4980, #1491, #552, #1770, #3404, #7504, #3958, #6763, #9338, #619, #9074, #6796, #144, #4872, #4777, #7479, #7141, #8050, #4068, #3890, #2724, #79, #6326, #686, #4881, #7183, #4119, #1953, #7814, #1327, #5660, #3254, #3001, #3194, #2299, #5596, #673, #7308, #9749, #5501, #6266, #2078, #4031, #7720, #7993, #5943, #426, #3467, #6947, #5438, #663, #6473, #5831, #4309, #9317, #5625, #2449, #5319, #321, #7759, #6566, #768, #6968, #2369, #2940, #3240, #3616, #7970, #5560, #4931, #1747, #5745, #4932, #6668, #386, #7249, #7180, #4949, #246, #9827, #461, #3905, #2769, #6556, #3566, #9889, #20, #2609, #4630, #611, #9280, #9215, #950, #8243, #548, #4593, #3563, #3680, #9013, #1962, #6597, #1234, #3966, #6705, #10082, #5440, #3681, #1989, #8487, #9957, #4209, #1480, #660, #5128, #4843, #6041, #4754, #5517, #706, #7508, #8826, #2486, #8779, #147, #8129, #479, #1902, #671, #641, #2488, #4082, #4328, #7686, #478, #3864, #8386, #1206, #5760, #6253, #6254, #2092, #10104, #5763, #6405, #7319, #340, #1250, #2309, #3987, #7817, #8791, #4965, #460, #9759, #1552, #564 ) ) ;
#556 = PLANE ( 'NONE',  #4011 ) ;
#557 = CARTESIAN_POINT ( 'NONE',  ( -40.44999999999983231, -3.199999999999999289, 48.00000000000000711 ) ) ;
#558 = EDGE_LOOP ( 'NONE', ( #2269, #5301 ) ) ;
#559 = LINE ( 'NONE', #4362, #2206 ) ;
#560 = FACE_OUTER_BOUND ( 'NONE', #7061, .T. ) ;
#561 = VECTOR ( 'NONE', #6719, 1000.000000000000000 ) ;
#562 = CARTESIAN_POINT ( 'NONE',  ( 47.99999999999957367, 1.000000000000000000, -41.50000000000033396 ) ) ;
#563 = VECTOR ( 'NONE', #8800, 1000.000000000000000 ) ;
#564 = ADVANCED_FACE ( 'NONE', ( #8844 ), #3140, .F. ) ;
#565 = CIRCLE ( 'NONE', #7271, 2.349999999999997868 ) ;
#566 = ORIENTED_EDGE ( 'NONE', *, *, #5032, .T. ) ;
#567 = CIRCLE ( 'NONE', #9562, 2.349999999999997868 ) ;
#568 = LINE ( 'NONE', #8201, #4463 ) ;
#569 = CARTESIAN_POINT ( 'NONE',  ( -50.00000000000000711, 0.000000000000000000, -49.00000000000000711 ) ) ;
#570 = ORIENTED_EDGE ( 'NONE', *, *, #6362, .T. ) ;
#571 = CARTESIAN_POINT ( 'NONE',  ( -28.14999999999983160, -3.199999999999998845, -43.50000000000001421 ) ) ;
#572 = DIRECTION ( 'NONE',  ( -0.000000000000000000, -0.000000000000000000, 1.000000000000000000 ) ) ;
#573 = DIRECTION ( 'NONE',  ( -1.000000000000000000, 0.000000000000000000, 0.000000000000000000 ) ) ;
#574 = DIRECTION ( 'NONE',  ( 1.181088324069314777E-14, 0.000000000000000000, 1.000000000000000000 ) ) ;
#575 = CIRCLE ( 'NONE', #10076, 1.550000000000002709 ) ;
#576 = VERTEX_POINT ( 'NONE', #8953 ) ;
#577 = EDGE_CURVE ( 'NONE', #925, #57, #2030, .T. ) ;
#578 = ORIENTED_EDGE ( 'NONE', *, *, #10081, .T. ) ;
#579 = AXIS2_PLACEMENT_3D ( 'NONE', #9372, #2853, #384 ) ;
#580 = ORIENTED_EDGE ( 'NONE', *, *, #9614, .F. ) ;
#581 = CARTESIAN_POINT ( 'NONE',  ( -50.00000000000000711, 1.000000000000000000, -50.00000000000000711 ) ) ;
#582 = AXIS2_PLACEMENT_3D ( 'NONE', #6718, #8193, #1122 ) ;
#583 = CARTESIAN_POINT ( 'NONE',  ( -42.00000000000014921, -11.75656875687548819, -38.14638536358940968 ) ) ;
#584 = ADVANCED_FACE ( 'NONE', ( #1925 ), #5214, .F. ) ;
#585 = DIRECTION ( 'NONE',  ( 0.000000000000000000, 0.000000000000000000, -1.000000000000000000 ) ) ;
#586 = CARTESIAN_POINT ( 'NONE',  ( 31.29999999999983373, -0.1999999999999999833, 48.00000000000000711 ) ) ;
#587 = DIRECTION ( 'NONE',  ( 0.000000000000000000, 0.000000000000000000, -1.000000000000000000 ) ) ;
#588 = DIRECTION ( 'NONE',  ( 0.000000000000000000, 1.000000000000000000, 0.000000000000000000 ) ) ;
#589 = CARTESIAN_POINT ( 'NONE',  ( -40.00000000000000711, -15.00000000000000355, -42.80000000000001137 ) ) ;
#590 = DIRECTION ( 'NONE',  ( 4.476705744456268255E-15, 0.000000000000000000, 1.000000000000000000 ) ) ;
#591 = VERTEX_POINT ( 'NONE', #5163 ) ;
#592 = AXIS2_PLACEMENT_3D ( 'NONE', #7554, #287, #1061 ) ;
#593 = ORIENTED_EDGE ( 'NONE', *, *, #8608, .F. ) ;
#594 = DIRECTION ( 'NONE',  ( 0.000000000000000000, 0.000000000000000000, 1.000000000000000000 ) ) ;
#595 = CARTESIAN_POINT ( 'NONE',  ( -42.49999999999948841, 7.750000000000000000, 48.99999999999999289 ) ) ;
#596 = CYLINDRICAL_SURFACE ( 'NONE', #4926, 2.349999999999997868 ) ;
#597 = DIRECTION ( 'NONE',  ( -0.000000000000000000, 1.000000000000000000, -0.000000000000000000 ) ) ;
#598 = DIRECTION ( 'NONE',  ( 1.000000000000000000, 0.000000000000000000, -1.047444401652940007E-14 ) ) ;
#599 = ORIENTED_EDGE ( 'NONE', *, *, #3370, .F. ) ;
#600 = VECTOR ( 'NONE', #9488, 1000.000000000000000 ) ;
#601 = CARTESIAN_POINT ( 'NONE',  ( 40.44999999999983231, -3.199999999999999289, -43.50000000000001421 ) ) ;
#602 = DIRECTION ( 'NONE',  ( 0.000000000000000000, 0.000000000000000000, 1.000000000000000000 ) ) ;
#603 = ORIENTED_EDGE ( 'NONE', *, *, #1706, .T. ) ;
#604 = EDGE_LOOP ( 'NONE', ( #7994, #4792, #7746, #8551, #27, #3449, #7002 ) ) ;
#605 = VERTEX_POINT ( 'NONE', #6743 ) ;
#606 = ORIENTED_EDGE ( 'NONE', *, *, #6264, .F. ) ;
#607 = DIRECTION ( 'NONE',  ( 0.000000000000000000, 0.000000000000000000, -1.000000000000000000 ) ) ;
#608 = ORIENTED_EDGE ( 'NONE', *, *, #5207, .T. ) ;
#609 = EDGE_CURVE ( 'NONE', #6937, #4295, #6791, .T. ) ;
#610 = ORIENTED_EDGE ( 'NONE', *, *, #1430, .T. ) ;
#611 = ADVANCED_FACE ( 'NONE', ( #1260, #2788 ), #5925, .T. ) ;
#612 = CARTESIAN_POINT ( 'NONE',  ( -45.80000000000062244, -8.000000000000001776, -24.69999999999800622 ) ) ;
#613 = CARTESIAN_POINT ( 'NONE',  ( 27.09999999999983089, -5.000000000000002665, 48.00000000000000711 ) ) ;
#614 = CARTESIAN_POINT ( 'NONE',  ( 49.99999999999999289, -1.000000000000000000, -50.00000000000000711 ) ) ;
#615 = ORIENTED_EDGE ( 'NONE', *, *, #5892, .T. ) ;
#616 = B_SPLINE_CURVE_WITH_KNOTS ( 'NONE', 3,
 ( #3024, #7122, #6166, #9284, #8617, #93, #2256, #1591, #3228, #5340, #8462, #1438, #4566, #5384 ),
 .UNSPECIFIED., .F., .F.,
 ( 4, 2, 2, 2, 2, 2, 4 ),
 ( 0.000000000000000000, 0.001141940923852202781, 0.002283881847704408163, 0.002854852309630509771, 0.003425822771556610944, 0.003996793233482712551, 0.004567763695408814592 ),
 .UNSPECIFIED. ) ;
#617 = DIRECTION ( 'NONE',  ( 1.595148023886719315E-15, 0.000000000000000000, 1.000000000000000000 ) ) ;
#618 = ORIENTED_EDGE ( 'NONE', *, *, #1690, .T. ) ;
#619 = ADVANCED_FACE ( 'NONE', ( #483 ), #8222, .T. ) ;
#620 = DIRECTION ( 'NONE',  ( -4.476705744456268255E-15, 0.000000000000000000, 1.000000000000000000 ) ) ;
#621 = CARTESIAN_POINT ( 'NONE',  ( -47.99999999999989342, -0.1999999999999999833, 31.30000000000000071 ) ) ;
#622 = CARTESIAN_POINT ( 'NONE',  ( -32.90435896893075096, -10.05903997483090606, 42.00000000000000711 ) ) ;
#623 = CARTESIAN_POINT ( 'NONE',  ( 41.99999999999964473, -9.261754795545678931, -35.88507101891883622 ) ) ;
#624 = ORIENTED_EDGE ( 'NONE', *, *, #7020, .F. ) ;
#625 = VERTEX_POINT ( 'NONE', #9917 ) ;
#626 = ORIENTED_EDGE ( 'NONE', *, *, #3721, .F. ) ;
#627 = LINE ( 'NONE', #3047, #25 ) ;
#628 = CARTESIAN_POINT ( 'NONE',  ( -42.00000000000014921, -13.88973377750793858, -38.87254656381551143 ) ) ;
#629 = DIRECTION ( 'NONE',  ( -4.476705744456268255E-15, 0.000000000000000000, 1.000000000000000000 ) ) ;
#630 = CARTESIAN_POINT ( 'NONE',  ( 40.00000000000000711, -15.00000000000000355, -42.80000000000001137 ) ) ;
#631 = FACE_OUTER_BOUND ( 'NONE', #6722, .T. ) ;
#632 = LINE ( 'NONE', #1830, #8116 ) ;
#633 = DIRECTION ( 'NONE',  ( 6.982962677686266711E-15, 0.000000000000000000, 1.000000000000000000 ) ) ;
#634 = DIRECTION ( 'NONE',  ( 1.000000000000000000, 0.000000000000000000, 0.000000000000000000 ) ) ;
#635 = ORIENTED_EDGE ( 'NONE', *, *, #6946, .T. ) ;
#636 = ORIENTED_EDGE ( 'NONE', *, *, #5942, .F. ) ;
#637 = EDGE_CURVE ( 'NONE', #1036, #6713, #3030, .T. ) ;
#638 = CARTESIAN_POINT ( 'NONE',  ( -35.73050127278636978, -14.74469105038594741, -43.66799720941265406 ) ) ;
#639 = CYLINDRICAL_SURFACE ( 'NONE', #2977, 1.000000000000000888 ) ;
#640 = CARTESIAN_POINT ( 'NONE',  ( 35.66480410531107026, -8.724036679808536476, -43.25603906705180179 ) ) ;
#641 = ADVANCED_FACE ( 'NONE', ( #7507 ), #9863, .F. ) ;
#642 = CARTESIAN_POINT ( 'NONE',  ( -30.09999999999983089, -8.000000000000001776, -42.00000000000000711 ) ) ;
#643 = LINE ( 'NONE', #6965, #4763 ) ;
#644 = ORIENTED_EDGE ( 'NONE', *, *, #7406, .F. ) ;
#645 = CARTESIAN_POINT ( 'NONE',  ( 31.86985919297772796, -8.630362772117413428, 43.36184315365020581 ) ) ;
#646 = DIRECTION ( 'NONE',  ( 1.047444401652940007E-14, 0.000000000000000000, 1.000000000000000000 ) ) ;
#647 = ORIENTED_EDGE ( 'NONE', *, *, #675, .T. ) ;
#648 = ORIENTED_EDGE ( 'NONE', *, *, #9955, .T. ) ;
#649 = ORIENTED_EDGE ( 'NONE', *, *, #7854, .F. ) ;
#650 = ADVANCED_FACE ( 'NONE', ( #4275 ), #2848, .T. ) ;
#651 = EDGE_LOOP ( 'NONE', ( #5072, #9922, #644 ) ) ;
#652 = FACE_BOUND ( 'NONE', #2293, .T. ) ;
#653 = EDGE_LOOP ( 'NONE', ( #2410, #7206, #78, #2736 ) ) ;
#654 = LINE ( 'NONE', #3988, #8750 ) ;
#655 = CARTESIAN_POINT ( 'NONE',  ( 50.00000000000033396, 1.000000000000000000, 31.29999999999931504 ) ) ;
#656 = DIRECTION ( 'NONE',  ( 1.000000000000000000, -0.000000000000000000, 0.000000000000000000 ) ) ;
#657 = FACE_OUTER_BOUND ( 'NONE', #10032, .T. ) ;
#658 = EDGE_CURVE ( 'NONE', #8663, #4081, #9492, .T. ) ;
#659 = AXIS2_PLACEMENT_3D ( 'NONE', #8152, #3643, #304 ) ;
#660 = ADVANCED_FACE ( 'NONE', ( #2086 ), #2904, .F. ) ;
#661 = ORIENTED_EDGE ( 'NONE', *, *, #6637, .T. ) ;
#662 = EDGE_CURVE ( 'NONE', #273, #9190, #8590, .T. ) ;
#663 = ADVANCED_FACE ( 'NONE', ( #10069 ), #7756, .F. ) ;
#664 = CYLINDRICAL_SURFACE ( 'NONE', #5742, 1.549999999999999378 ) ;
#665 = CIRCLE ( 'NONE', #6403, 2.349999999999997868 ) ;
#666 = VERTEX_POINT ( 'NONE', #3812 ) ;
#667 = DIRECTION ( 'NONE',  ( 0.000000000000000000, 0.000000000000000000, 1.000000000000000000 ) ) ;
#668 = DIRECTION ( 'NONE',  ( 0.000000000000000000, 1.000000000000000000, -0.000000000000000000 ) ) ;
#669 = LINE ( 'NONE', #9243, #4324 ) ;
#670 = ORIENTED_EDGE ( 'NONE', *, *, #1809, .F. ) ;
#671 = ADVANCED_FACE ( 'NONE', ( #7045 ), #11, .T. ) ;
#672 = VECTOR ( 'NONE', #8751, 1000.000000000000000 ) ;
#673 = ADVANCED_FACE ( 'NONE', ( #10120 ), #6231, .F. ) ;
#674 = ORIENTED_EDGE ( 'NONE', *, *, #1102, .F. ) ;
#675 = EDGE_CURVE ( 'NONE', #6363, #988, #6624, .T. ) ;
#676 = ORIENTED_EDGE ( 'NONE', *, *, #3182, .T. ) ;
#677 = LINE ( 'NONE', #60, #6268 ) ;
#678 = CARTESIAN_POINT ( 'NONE',  ( -42.00000000000013500, -8.044274299655331362, -32.73838392573958345 ) ) ;
#679 = CARTESIAN_POINT ( 'NONE',  ( 50.00000000000093792, -3.199999999999999289, -30.49999999999965894 ) ) ;
#680 = PLANE ( 'NONE',  #3521 ) ;
#681 = AXIS2_PLACEMENT_3D ( 'NONE', #8331, #6037, #8998 ) ;
#682 = CARTESIAN_POINT ( 'NONE',  ( -49.58578643762691485, 0.9999999999999997780, -41.50000000000000000 ) ) ;
#683 = CARTESIAN_POINT ( 'NONE',  ( 24.70000000000261764, -3.499999999999999556, 45.79999999999864713 ) ) ;
#684 = DIRECTION ( 'NONE',  ( 2.952720810173291281E-15, 0.000000000000000000, 1.000000000000000000 ) ) ;
#685 = CARTESIAN_POINT ( 'NONE',  ( -30.09999999999983089, -8.000000000000001776, 48.00000000000000711 ) ) ;
#686 = ADVANCED_FACE ( 'NONE', ( #3054 ), #6950, .T. ) ;
#687 = ORIENTED_EDGE ( 'NONE', *, *, #8347, .F. ) ;
#688 = AXIS2_PLACEMENT_3D ( 'NONE', #581, #7499, #7548 ) ;
#689 = VERTEX_POINT ( 'NONE', #8530 ) ;
#690 = ORIENTED_EDGE ( 'NONE', *, *, #8504, .F. ) ;
#691 = CARTESIAN_POINT ( 'NONE',  ( -35.64421345284306142, -8.744507983983892174, -42.96862578081942274 ) ) ;
#692 = EDGE_CURVE ( 'NONE', #1156, #8237, #4998, .T. ) ;
#693 = PLANE ( 'NONE',  #3793 ) ;
#694 = DIRECTION ( 'NONE',  ( -0.000000000000000000, -1.000000000000000000, -0.000000000000000000 ) ) ;
#695 = LINE ( 'NONE', #3824, #4953 ) ;
#696 = VECTOR ( 'NONE', #3935, 1000.000000000000000 ) ;
#697 = DIRECTION ( 'NONE',  ( 0.000000000000000000, -0.000000000000000000, -1.000000000000000000 ) ) ;
#698 = VERTEX_POINT ( 'NONE', #9964 ) ;
#699 = CARTESIAN_POINT ( 'NONE',  ( 29.53214288841566670, -7.946173137792278851, 45.94673413909956849 ) ) ;
#700 = VECTOR ( 'NONE', #4796, 1000.000000000000000 ) ;
#701 = CARTESIAN_POINT ( 'NONE',  ( -40.00000000000000711, -9.000000000000001776, -42.80000000000001137 ) ) ;
#702 = ORIENTED_EDGE ( 'NONE', *, *, #9784, .T. ) ;
#703 = ORIENTED_EDGE ( 'NONE', *, *, #1820, .T. ) ;
#704 = EDGE_CURVE ( 'NONE', #3214, #4677, #741, .T. ) ;
#705 = AXIS2_PLACEMENT_3D ( 'NONE', #1044, #4175, #9758 ) ;
#706 = ADVANCED_FACE ( 'NONE', ( #6189 ), #3099, .F. ) ;
#707 = ORIENTED_EDGE ( 'NONE', *, *, #9129, .F. ) ;
#708 = LINE ( 'NONE', #7632, #4681 ) ;
#709 = VERTEX_POINT ( 'NONE', #3869 ) ;
#710 = DIRECTION ( 'NONE',  ( 0.000000000000000000, 1.000000000000000000, 0.000000000000000000 ) ) ;
#711 = CARTESIAN_POINT ( 'NONE',  ( 30.95809787844597238, -8.876624076187781043, 42.00000000000000711 ) ) ;
#712 = AXIS2_PLACEMENT_3D ( 'NONE', #4431, #585, #3716 ) ;
#713 = FACE_OUTER_BOUND ( 'NONE', #780, .T. ) ;
#714 = CARTESIAN_POINT ( 'NONE',  ( -37.49999999999999289, -8.000000000000001776, 42.89999999999999147 ) ) ;
#715 = DIRECTION ( 'NONE',  ( 1.000000000000000000, 0.000000000000000000, -8.953411488912536510E-15 ) ) ;
#716 = CIRCLE ( 'NONE', #5961, 1.550000000000002709 ) ;
#717 = ORIENTED_EDGE ( 'NONE', *, *, #2054, .T. ) ;
#718 = AXIS2_PLACEMENT_3D ( 'NONE', #9090, #4371, #667 ) ;
#719 = TOROIDAL_SURFACE ( 'NONE', #2358, 0.9499999999999998446, 3.399999999999999911 ) ;
#720 = VERTEX_POINT ( 'NONE', #7000 ) ;
#721 = DIRECTION ( 'NONE',  ( 1.000000000000000000, 0.000000000000000000, -8.953411488912536510E-15 ) ) ;
#722 = DIRECTION ( 'NONE',  ( -1.000000000000000000, 0.000000000000000000, 0.000000000000000000 ) ) ;
#723 = AXIS2_PLACEMENT_3D ( 'NONE', #2131, #633, #10015 ) ;
#724 = CARTESIAN_POINT ( 'NONE',  ( 47.99999999999953104, -8.192981740370584021, -48.00000000000034106 ) ) ;
#725 = AXIS2_PLACEMENT_3D ( 'NONE', #8557, #8618, #2257 ) ;
#726 = UNCERTAINTY_MEASURE_WITH_UNIT (LENGTH_MEASURE( 1.000000000000000082E-05 ), #2186, 'distance_accuracy_value', 'NONE');
#727 = ORIENTED_EDGE ( 'NONE', *, *, #9417, .T. ) ;
#728 = AXIS2_PLACEMENT_3D ( 'NONE', #9861, #3717, #2084 ) ;
#729 = EDGE_LOOP ( 'NONE', ( #4505, #4921 ) ) ;
#730 = ORIENTED_EDGE ( 'NONE', *, *, #1248, .T. ) ;
#731 = AXIS2_PLACEMENT_3D ( 'NONE', #2421, #3097, #7806 ) ;
#732 = CARTESIAN_POINT ( 'NONE',  ( 40.00000000000000711, -15.00000000000000355, -40.45000000000001705 ) ) ;
#733 = CARTESIAN_POINT ( 'NONE',  ( -42.00000000000014921, -11.17228753016090437, -37.78999449425721480 ) ) ;
#734 = CARTESIAN_POINT ( 'NONE',  ( 30.49999999999983302, -3.199999999999999289, -48.00000000000000711 ) ) ;
#735 = FACE_OUTER_BOUND ( 'NONE', #3928, .T. ) ;
#736 = ADVANCED_FACE ( 'NONE', ( #6896 ), #1357, .F. ) ;
#737 = CIRCLE ( 'NONE', #4678, 0.9499999999999995115 ) ;
#738 = EDGE_CURVE ( 'NONE', #7695, #105, #3695, .T. ) ;
#739 = DIRECTION ( 'NONE',  ( 0.000000000000000000, -0.000000000000000000, 1.000000000000000000 ) ) ;
#740 = CARTESIAN_POINT ( 'NONE',  ( 29.54474993416907225, -7.950485182055209599, 46.04736966640390960 ) ) ;
#741 = LINE ( 'NONE', #3764, #6458 ) ;
#742 = EDGE_CURVE ( 'NONE', #1284, #5821, #4520, .T. ) ;
#743 = DIRECTION ( 'NONE',  ( -0.000000000000000000, -0.000000000000000000, 1.000000000000000000 ) ) ;
#744 = CIRCLE ( 'NONE', #409, 2.350000000000001421 ) ;
#745 = ORIENTED_EDGE ( 'NONE', *, *, #9288, .T. ) ;
#746 = ORIENTED_EDGE ( 'NONE', *, *, #8803, .F. ) ;
#747 = ORIENTED_EDGE ( 'NONE', *, *, #3754, .T. ) ;
#748 = CARTESIAN_POINT ( 'NONE',  ( 49.99999999999999289, 0.000000000000000000, -41.50000000000000711 ) ) ;
#749 = AXIS2_PLACEMENT_3D ( 'NONE', #3187, #9435, #9582 ) ;
#750 = DIRECTION ( 'NONE',  ( 1.000000000000000000, -0.000000000000000000, -3.491481338843133355E-15 ) ) ;
#751 = DIRECTION ( 'NONE',  ( 1.000000000000000000, -0.000000000000000000, 0.000000000000000000 ) ) ;
#752 = CARTESIAN_POINT ( 'NONE',  ( 34.13167050219557552, -8.969746245055249645, 48.00000000000002132 ) ) ;
#753 = CARTESIAN_POINT ( 'NONE',  ( -49.00000000000000711, -1.000000000000000000, -50.00000000000000711 ) ) ;
#754 = ORIENTED_EDGE ( 'NONE', *, *, #8728, .T. ) ;
#755 = CARTESIAN_POINT ( 'NONE',  ( 32.12791800276522025, -8.536442424047431032, 44.45352643000508408 ) ) ;
#756 = EDGE_CURVE ( 'NONE', #8237, #1216, #1405, .T. ) ;
#757 = CIRCLE ( 'NONE', #2230, 3.600000000000000089 ) ;
#758 = CARTESIAN_POINT ( 'NONE',  ( 41.99999999999960210, -8.235744183581084954, -39.01488509619116485 ) ) ;
#759 = ORIENTED_EDGE ( 'NONE', *, *, #9452, .F. ) ;
#760 = VERTEX_POINT ( 'NONE', #7149 ) ;
#761 = ORIENTED_EDGE ( 'NONE', *, *, #1944, .T. ) ;
#762 = DIRECTION ( 'NONE',  ( -1.000000000000000000, 0.000000000000000000, -0.000000000000000000 ) ) ;
#763 = CIRCLE ( 'NONE', #2080, 1.000000000000000888 ) ;
#764 = DIRECTION ( 'NONE',  ( 0.000000000000000000, 1.000000000000000000, 0.000000000000000000 ) ) ;
#765 = ORIENTED_EDGE ( 'NONE', *, *, #511, .F. ) ;
#766 = CARTESIAN_POINT ( 'NONE',  ( 41.99999999999963052, -3.199999999999999734, -36.54999999999968452 ) ) ;
#767 = CARTESIAN_POINT ( 'NONE',  ( 29.28232166935948300, -7.886416835386258484, 42.00000000000000711 ) ) ;
#768 = ADVANCED_FACE ( 'NONE', ( #7904, #2524 ), #7852, .T. ) ;
#769 = CYLINDRICAL_SURFACE ( 'NONE', #9755, 4.000000000000000000 ) ;
#770 = CARTESIAN_POINT ( 'NONE',  ( 27.09999999999983089, -0.1999999999999999833, -48.00000000000000711 ) ) ;
#771 = DIRECTION ( 'NONE',  ( 0.000000000000000000, 0.000000000000000000, 1.000000000000000000 ) ) ;
#772 = ORIENTED_EDGE ( 'NONE', *, *, #2839, .T. ) ;
#773 = EDGE_CURVE ( 'NONE', #1585, #10003, #3044, .T. ) ;
#774 = EDGE_LOOP ( 'NONE', ( #9455, #5448, #398, #9413 ) ) ;
#775 = CARTESIAN_POINT ( 'NONE',  ( -29.94451117010653363, -8.000000000000268230, -46.94927304697391435 ) ) ;
#776 = LINE ( 'NONE', #621, #2538 ) ;
#777 = CYLINDRICAL_SURFACE ( 'NONE', #389, 1.550000000000002709 ) ;
#778 = VERTEX_POINT ( 'NONE', #5711 ) ;
#779 = EDGE_LOOP ( 'NONE', ( #7721, #6439, #3932 ) ) ;
#780 = EDGE_LOOP ( 'NONE', ( #6340, #7473, #3101, #1700 ) ) ;
#781 = CARTESIAN_POINT ( 'NONE',  ( 35.94886484611368616, -7.662007205351959449, -42.00000000000000711 ) ) ;
#782 = DIRECTION ( 'NONE',  ( 3.491481338843133355E-15, -1.204669080539449097E-16, 1.000000000000000000 ) ) ;
#783 = CYLINDRICAL_SURFACE ( 'NONE', #4649, 1.549999999999999378 ) ;
#784 = CYLINDRICAL_SURFACE ( 'NONE', #8765, 2.350000000000001421 ) ;
#785 = CARTESIAN_POINT ( 'NONE',  ( 48.00000000000044764, 1.000000000000000000, 41.49999999999933920 ) ) ;
#786 = DIRECTION ( 'NONE',  ( 0.000000000000000000, -1.000000000000000000, 0.000000000000000000 ) ) ;
#787 = DIRECTION ( 'NONE',  ( 1.000000000000000000, 0.000000000000000000, -3.491481338843133355E-15 ) ) ;
#788 = DIRECTION ( 'NONE',  ( -1.000000000000000000, 0.000000000000000000, 0.000000000000000000 ) ) ;
#789 = ORIENTED_EDGE ( 'NONE', *, *, #4962, .F. ) ;
#790 = ORIENTED_EDGE ( 'NONE', *, *, #4028, .F. ) ;
#791 = ORIENTED_EDGE ( 'NONE', *, *, #9978, .F. ) ;
#792 = CARTESIAN_POINT ( 'NONE',  ( -35.82524615617614216, -8.542310683128720328, -44.05263723240247487 ) ) ;
#793 = ADVANCED_FACE ( 'NONE', ( #1658 ), #3964, .F. ) ;
#794 = EDGE_CURVE ( 'NONE', #666, #9880, #1804, .T. ) ;
#795 = CARTESIAN_POINT ( 'NONE',  ( -16.59999999999738662, -5.000000000000000000, -49.99999999999884892 ) ) ;
#796 = CARTESIAN_POINT ( 'NONE',  ( 29.93919315816891924, -7.996248270618556475, -46.80201196045869949 ) ) ;
#797 = FACE_BOUND ( 'NONE', #8861, .T. ) ;
#798 = DIRECTION ( 'NONE',  ( 0.000000000000000000, 0.000000000000000000, -1.000000000000000000 ) ) ;
#799 = ORIENTED_EDGE ( 'NONE', *, *, #7342, .T. ) ;
#800 = CARTESIAN_POINT ( 'NONE',  ( 32.01501331374514336, -11.41621772333765250, 44.09806906553031780 ) ) ;
#801 = CARTESIAN_POINT ( 'NONE',  ( 41.99999999999957367, -6.172979276784887226, -40.31980098964718451 ) ) ;
#802 = VERTEX_POINT ( 'NONE', #4930 ) ;
#803 = VERTEX_POINT ( 'NONE', #8053 ) ;
#804 = EDGE_CURVE ( 'NONE', #7522, #6216, #96, .T. ) ;
#805 = ORIENTED_EDGE ( 'NONE', *, *, #3698, .T. ) ;
#806 = EDGE_CURVE ( 'NONE', #2267, #1253, #7951, .T. ) ;
#807 = DIRECTION ( 'NONE',  ( 0.000000000000000000, 0.000000000000000000, -1.000000000000000000 ) ) ;
#808 = CYLINDRICAL_SURFACE ( 'NONE', #5450, 1.549999999999999378 ) ;
#809 = ORIENTED_EDGE ( 'NONE', *, *, #4740, .T. ) ;
#810 = DIRECTION ( 'NONE',  ( 0.000000000000000000, -1.000000000000000000, 0.000000000000000000 ) ) ;
#811 = CARTESIAN_POINT ( 'NONE',  ( 31.81479184339121247, -10.41200988124831994, 42.00000000000000711 ) ) ;
#812 = DIRECTION ( 'NONE',  ( -1.000000000000000000, 0.000000000000000000, 0.000000000000000000 ) ) ;
#813 = FACE_OUTER_BOUND ( 'NONE', #9705, .T. ) ;
#814 = AXIS2_PLACEMENT_3D ( 'NONE', #1143, #6691, #6738 ) ;
#815 = ORIENTED_EDGE ( 'NONE', *, *, #2836, .F. ) ;
#816 = ORIENTED_EDGE ( 'NONE', *, *, #438, .F. ) ;
#817 = DIRECTION ( 'NONE',  ( 0.000000000000000000, 1.000000000000000000, 0.000000000000000000 ) ) ;
#818 = DIRECTION ( 'NONE',  ( -0.3654840308368634827, 0.000000000000000000, 0.9308176100629160787 ) ) ;
#819 = VECTOR ( 'NONE', #5840, 1000.000000000000000 ) ;
#820 = CARTESIAN_POINT ( 'NONE',  ( 41.99999999999961631, -12.58514866406166099, -38.52802478489752502 ) ) ;
#821 = ORIENTED_EDGE ( 'NONE', *, *, #6902, .F. ) ;
#822 = AXIS2_PLACEMENT_3D ( 'NONE', #7053, #9362, #798 ) ;
#823 = ORIENTED_EDGE ( 'NONE', *, *, #1009, .F. ) ;
#824 = EDGE_CURVE ( 'NONE', #8522, #2978, #5666, .T. ) ;
#825 = EDGE_CURVE ( 'NONE', #1269, #7894, #8681, .T. ) ;
#826 = ORIENTED_EDGE ( 'NONE', *, *, #6507, .T. ) ;
#827 = AXIS2_PLACEMENT_3D ( 'NONE', #9720, #1739, #4868 ) ;
#828 = CARTESIAN_POINT ( 'NONE',  ( 36.61999824801456782, -6.486312626486428812, -42.00000000000001421 ) ) ;
#829 = CARTESIAN_POINT ( 'NONE',  ( -42.00000000000014211, -14.80000000000000071, -38.93703481765633967 ) ) ;
#830 = CARTESIAN_POINT ( 'NONE',  ( -50.00000000000000000, -4.000000000000000000, -21.49897948556684213 ) ) ;
#831 = CYLINDRICAL_SURFACE ( 'NONE', #3529, 4.349999999999999645 ) ;
#832 = CIRCLE ( 'NONE', #5100, 1.549999999999999378 ) ;
#833 = CARTESIAN_POINT ( 'NONE',  ( -41.50000000000000711, 0.9999999999999997780, -49.58578643762691485 ) ) ;
#834 = DIRECTION ( 'NONE',  ( 1.000000000000000000, -0.000000000000000000, -3.491481338843133355E-15 ) ) ;
#835 = DIRECTION ( 'NONE',  ( 0.8878923766816297913, 0.000000000000000000, -0.4600512226161851403 ) ) ;
#836 = AXIS2_PLACEMENT_3D ( 'NONE', #2197, #397, #2864 ) ;
#837 = DIRECTION ( 'NONE',  ( -0.000000000000000000, -1.000000000000000000, -0.000000000000000000 ) ) ;
#838 = ORIENTED_EDGE ( 'NONE', *, *, #1182, .F. ) ;
#839 = ORIENTED_EDGE ( 'NONE', *, *, #230, .F. ) ;
#840 = CARTESIAN_POINT ( 'NONE',  ( 0.000000000000000000, 0.000000000000000000, 0.000000000000000000 ) ) ;
#841 = AXIS2_PLACEMENT_3D ( 'NONE', #3878, #694, #3823 ) ;
#842 = FACE_OUTER_BOUND ( 'NONE', #473, .T. ) ;
#843 = VECTOR ( 'NONE', #7445, 1000.000000000000000 ) ;
#844 = CARTESIAN_POINT ( 'NONE',  ( 35.75560478550704602, -8.622857952362839029, -43.80069858361733992 ) ) ;
#845 = CARTESIAN_POINT ( 'NONE',  ( -30.49999999999983302, -3.199999999999999289, 43.50000000000001421 ) ) ;
#846 = CYLINDRICAL_SURFACE ( 'NONE', #6558, 2.349999999999997868 ) ;
#847 = EDGE_LOOP ( 'NONE', ( #9729, #7575 ) ) ;
#848 = CARTESIAN_POINT ( 'NONE',  ( -29.96966870614849654, -8.000000000000003553, 45.07535475346318066 ) ) ;
#849 = VECTOR ( 'NONE', #1866, 1000.000000000000000 ) ;
#850 = CARTESIAN_POINT ( 'NONE',  ( -49.58578643762690774, 0.9999999999999997780, 41.50000000000051870 ) ) ;
#851 = EDGE_LOOP ( 'NONE', ( #9788, #4267, #1773, #7498 ) ) ;
#852 = CIRCLE ( 'NONE', #6586, 2.999999999999999112 ) ;
#853 = VERTEX_POINT ( 'NONE', #8789 ) ;
#854 = ORIENTED_EDGE ( 'NONE', *, *, #970, .T. ) ;
#855 = AXIS2_PLACEMENT_3D ( 'NONE', #4982, #8980, #7331 ) ;
#856 = FACE_BOUND ( 'NONE', #6688, .T. ) ;
#857 = DIRECTION ( 'NONE',  ( 0.000000000000000000, 1.000000000000000000, 0.000000000000000000 ) ) ;
#858 = CARTESIAN_POINT ( 'NONE',  ( -35.73212000031253410, -14.74514118418659159, -43.67547366102731132 ) ) ;
#859 = ORIENTED_EDGE ( 'NONE', *, *, #9984, .F. ) ;
#860 = AXIS2_PLACEMENT_3D ( 'NONE', #1189, #2835, #4322 ) ;
#861 = CARTESIAN_POINT ( 'NONE',  ( 48.99999999999999289, 1.000000000000000000, -41.50000000000017764 ) ) ;
#862 = CARTESIAN_POINT ( 'NONE',  ( -37.49999999999999289, -15.00000000000000355, 38.54999999999999716 ) ) ;
#863 = DIRECTION ( 'NONE',  ( 0.000000000000000000, 1.000000000000000000, 0.000000000000000000 ) ) ;
#864 = EDGE_CURVE ( 'NONE', #5890, #2825, #9047, .T. ) ;
#866 = EDGE_CURVE ( 'NONE', #6057, #5670, #1762, .T. ) ;
#865 = CARTESIAN_POINT ( 'NONE',  ( -40.00000000000000000, -1.000000000000000000, 14.99999999999982059 ) ) ;
#867 = EDGE_CURVE ( 'NONE', #101, #3898, #1031, .T. ) ;
#868 = AXIS2_PLACEMENT_3D ( 'NONE', #8613, #1589, #4714 ) ;
#869 = VERTEX_POINT ( 'NONE', #2381 ) ;
#870 = AXIS2_PLACEMENT_3D ( 'NONE', #3657, #6797, #2844 ) ;
#871 = VERTEX_POINT ( 'NONE', #269 ) ;
#872 = CARTESIAN_POINT ( 'NONE',  ( 24.70000000000261764, -3.499999999999999556, 45.79999999999864713 ) ) ;
#873 = CARTESIAN_POINT ( 'NONE',  ( -35.74999999999983658, -3.199999999999999734, 43.50000000000001421 ) ) ;
#874 = CARTESIAN_POINT ( 'NONE',  ( 49.00000000000000711, 1.000000000000000000, 42.49999999999999289 ) ) ;
#875 = EDGE_CURVE ( 'NONE', #803, #2922, #3401, .T. ) ;
#876 = ORIENTED_EDGE ( 'NONE', *, *, #2608, .T. ) ;
#877 = CIRCLE ( 'NONE', #7265, 2.349999999999997868 ) ;
#878 = ORIENTED_EDGE ( 'NONE', *, *, #5881, .F. ) ;
#879 = ORIENTED_EDGE ( 'NONE', *, *, #1553, .F. ) ;
#880 = PRESENTATION_LAYER_ASSIGNMENT (  '', '', ( #1541 ) ) ;
#881 = VECTOR ( 'NONE', #4810, 1000.000000000000000 ) ;
#882 = DIRECTION ( 'NONE',  ( 0.000000000000000000, 0.000000000000000000, 1.000000000000000000 ) ) ;
#883 = DIRECTION ( 'NONE',  ( -1.387778780781445676E-16, 0.000000000000000000, -1.000000000000000000 ) ) ;
#884 = FACE_OUTER_BOUND ( 'NONE', #8607, .T. ) ;
#885 = VECTOR ( 'NONE', #5385, 1000.000000000000000 ) ;
#886 = DIRECTION ( 'NONE',  ( -1.000000000000000000, 0.000000000000000000, 1.343011723336883395E-14 ) ) ;
#887 = CYLINDRICAL_SURFACE ( 'NONE', #8758, 2.349999999999997868 ) ;
#888 = DIRECTION ( 'NONE',  ( 0.000000000000000000, 0.000000000000000000, 1.000000000000000000 ) ) ;
#889 = DIRECTION ( 'NONE',  ( 0.000000000000000000, 0.000000000000000000, -1.000000000000000000 ) ) ;
#890 = ADVANCED_FACE ( 'NONE', ( #4888 ), #6379, .F. ) ;
#891 = VECTOR ( 'NONE', #5344, 1000.000000000000000 ) ;
#892 = LINE ( 'NONE', #5759, #2645 ) ;
#893 = ORIENTED_EDGE ( 'NONE', *, *, #8636, .T. ) ;
#894 = VECTOR ( 'NONE', #5105, 1000.000000000000000 ) ;
#895 = ORIENTED_EDGE ( 'NONE', *, *, #119, .F. ) ;
#896 = ORIENTED_EDGE ( 'NONE', *, *, #5852, .F. ) ;
#897 = VECTOR ( 'NONE', #2015, 1000.000000000000000 ) ;
#898 = ADVANCED_FACE ( 'NONE', ( #2466 ), #8736, .F. ) ;
#899 = PLANE ( 'NONE',  #4279 ) ;
#900 = VECTOR ( 'NONE', #8281, 1000.000000000000000 ) ;
#901 = CARTESIAN_POINT ( 'NONE',  ( 36.20000000000000995, -15.00000000000000355, 40.54999999999999716 ) ) ;
#902 = CARTESIAN_POINT ( 'NONE',  ( 32.15472114625507771, -8.286504196319004478, 48.00000000000002132 ) ) ;
#903 = CARTESIAN_POINT ( 'NONE',  ( -40.00000000000000711, -9.000000000000001776, -45.15000000000001279 ) ) ;
#904 = CARTESIAN_POINT ( 'NONE',  ( 38.09999999999954667, -3.199999999999999734, -42.00000000000000711 ) ) ;
#905 = EDGE_CURVE ( 'NONE', #4600, #5399, #7961, .T. ) ;
#906 = CIRCLE ( 'NONE', #7937, 1.000000000000000888 ) ;
#907 = CARTESIAN_POINT ( 'NONE',  ( -50.00000000000000711, 0.000000000000000000, -42.49999999999999289 ) ) ;
#908 = ORIENTED_EDGE ( 'NONE', *, *, #3426, .T. ) ;
#909 = AXIS2_PLACEMENT_3D ( 'NONE', #8733, #8678, #2568 ) ;
#910 = ORIENTED_EDGE ( 'NONE', *, *, #4378, .F. ) ;
#911 = DIRECTION ( 'NONE',  ( 0.000000000000000000, -0.000000000000000000, 1.000000000000000000 ) ) ;
#912 = CARTESIAN_POINT ( 'NONE',  ( -43.49999999999987210, -3.199999999999999734, -39.64999999999999147 ) ) ;
#913 = DIRECTION ( 'NONE',  ( -1.387778780781445676E-16, -0.000000000000000000, -1.000000000000000000 ) ) ;
#914 = ORIENTED_EDGE ( 'NONE', *, *, #866, .T. ) ;
#915 = VECTOR ( 'NONE', #51, 1000.000000000000000 ) ;
#916 = FACE_OUTER_BOUND ( 'NONE', #9481, .T. ) ;
#917 = DIRECTION ( 'NONE',  ( -0.000000000000000000, 1.000000000000000000, -0.000000000000000000 ) ) ;
#918 = DIRECTION ( 'NONE',  ( -1.000000000000000000, 0.000000000000000000, 3.491481338843133355E-15 ) ) ;
#919 = CARTESIAN_POINT ( 'NONE',  ( 41.99999999999969447, -8.000000000000001776, -30.10000000000027143 ) ) ;
#920 = AXIS2_PLACEMENT_3D ( 'NONE', #6453, #2445, #4867 ) ;
#921 = ORIENTED_EDGE ( 'NONE', *, *, #3491, .F. ) ;
#922 = EDGE_CURVE ( 'NONE', #6309, #1937, #1611, .T. ) ;
#923 = EDGE_CURVE ( 'NONE', #7987, #1, #2797, .T. ) ;
#924 = CARTESIAN_POINT ( 'NONE',  ( 47.99999999999953104, -1.000000000000000000, -48.00000000000034106 ) ) ;
#925 = VERTEX_POINT ( 'NONE', #520 ) ;
#926 = CARTESIAN_POINT ( 'NONE',  ( -41.70683081885163546, -11.46362719741704339, 41.79316918114824375 ) ) ;
#927 = LINE ( 'NONE', #4049, #5500 ) ;
#928 = CARTESIAN_POINT ( 'NONE',  ( 24.69999999999784634, -3.499999999999999556, -45.80000000000070770 ) ) ;
#929 = ORIENTED_EDGE ( 'NONE', *, *, #7836, .T. ) ;
#930 = ORIENTED_EDGE ( 'NONE', *, *, #2250, .F. ) ;
#931 = ORIENTED_EDGE ( 'NONE', *, *, #5056, .T. ) ;
#932 = EDGE_CURVE ( 'NONE', #5429, #3676, #7863, .T. ) ;
#933 = LINE ( 'NONE', #9535, #5288 ) ;
#934 = CARTESIAN_POINT ( 'NONE',  ( -20.51918358845291834, -4.200000000000000178, 42.00000000000000711 ) ) ;
#935 = LINE ( 'NONE', #4731, #1032 ) ;
#936 = DIRECTION ( 'NONE',  ( -1.000000000000000000, 0.000000000000000000, 0.000000000000000000 ) ) ;
#937 = DIRECTION ( 'NONE',  ( -1.000000000000000000, -0.000000000000000000, -0.000000000000000000 ) ) ;
#938 = LINE ( 'NONE', #4218, #8239 ) ;
#939 = DIRECTION ( 'NONE',  ( 0.000000000000000000, -1.000000000000000000, -0.000000000000000000 ) ) ;
#940 = CARTESIAN_POINT ( 'NONE',  ( -42.00000000000013500, -3.199999999999999734, -36.54999999999997584 ) ) ;
#941 = ORIENTED_EDGE ( 'NONE', *, *, #7432, .F. ) ;
#942 = EDGE_LOOP ( 'NONE', ( #1603, #3327, #7017, #5380 ) ) ;
#943 = ORIENTED_EDGE ( 'NONE', *, *, #905, .T. ) ;
#944 = DIRECTION ( 'NONE',  ( 0.000000000000000000, 0.000000000000000000, 1.000000000000000000 ) ) ;
#945 = DIRECTION ( 'NONE',  ( -1.000000000000000000, 0.000000000000000000, 0.000000000000000000 ) ) ;
#946 = DIRECTION ( 'NONE',  ( 0.000000000000000000, 0.000000000000000000, -1.000000000000000000 ) ) ;
#947 = DIRECTION ( 'NONE',  ( 1.000000000000000000, -0.000000000000000000, -3.491481338843133355E-15 ) ) ;
#948 = CARTESIAN_POINT ( 'NONE',  ( 31.98192746078015603, -8.592650478939752645, 41.82559047229728577 ) ) ;
#949 = CARTESIAN_POINT ( 'NONE',  ( -37.49999999999999289, -15.00000000000000355, 47.24999999999999289 ) ) ;
#950 = ADVANCED_FACE ( 'NONE', ( #2017 ), #5148, .T. ) ;
#951 = EDGE_LOOP ( 'NONE', ( #9154, #8977 ) ) ;
#952 = ORIENTED_EDGE ( 'NONE', *, *, #1091, .T. ) ;
#953 = EDGE_CURVE ( 'NONE', #6819, #6384, #7443, .T. ) ;
#954 = DIRECTION ( 'NONE',  ( -4.476705744456268255E-15, 0.000000000000000000, 1.000000000000000000 ) ) ;
#955 = CARTESIAN_POINT ( 'NONE',  ( -45.80000000000062244, -5.000000000000000000, -24.69999999999800622 ) ) ;
#956 = CARTESIAN_POINT ( 'NONE',  ( 36.20000000000000995, -8.000000000000001776, 42.89999999999999147 ) ) ;
#957 = ORIENTED_EDGE ( 'NONE', *, *, #7760, .T. ) ;
#958 = CARTESIAN_POINT ( 'NONE',  ( 50.00000000000000000, 0.5857864376269047435, 41.91421356237309226 ) ) ;
#959 = DIRECTION ( 'NONE',  ( -1.000000000000000000, 0.000000000000000000, 8.953411488912557020E-15 ) ) ;
#960 = DIRECTION ( 'NONE',  ( 0.000000000000000000, 0.000000000000000000, 1.000000000000000000 ) ) ;
#961 = CARTESIAN_POINT ( 'NONE',  ( -30.50000000000044054, -3.199999999999999289, -43.49999999999958789 ) ) ;
#962 = B_SPLINE_CURVE_WITH_KNOTS ( 'NONE', 3,
 ( #6923, #7067, #7025, #6359, #811, #7731, #3080, #4672, #7831, #711, #1485, #2300, #2351, #767 ),
 .UNSPECIFIED., .F., .F.,
 ( 4, 2, 2, 2, 2, 2, 4 ),
 ( 0.0002266555635923600141, 0.0008132186207682405143, 0.001399781677944120879, 0.001986344735120001460, 0.002572907792295881825, 0.003746033906647645156, 0.004919160020999408488 ),
 .UNSPECIFIED. ) ;
#963 = ORIENTED_EDGE ( 'NONE', *, *, #2552, .F. ) ;
#964 = ORIENTED_EDGE ( 'NONE', *, *, #6599, .F. ) ;
#965 = DIRECTION ( 'NONE',  ( 0.000000000000000000, -1.000000000000000000, 0.000000000000000000 ) ) ;
#966 = ORIENTED_EDGE ( 'NONE', *, *, #6457, .F. ) ;
#967 = DIRECTION ( 'NONE',  ( 0.000000000000000000, 1.000000000000000000, 0.000000000000000000 ) ) ;
#968 = CARTESIAN_POINT ( 'NONE',  ( 40.00000000000000711, -9.000000000000001776, -40.45000000000001705 ) ) ;
#969 = CARTESIAN_POINT ( 'NONE',  ( -40.00000000000000711, -14.80000000000000071, -42.80000000000001137 ) ) ;
#970 = EDGE_CURVE ( 'NONE', #5270, #7419, #7060, .T. ) ;
#971 = ORIENTED_EDGE ( 'NONE', *, *, #9438, .T. ) ;
#972 = VERTEX_POINT ( 'NONE', #1134 ) ;
#973 = ORIENTED_EDGE ( 'NONE', *, *, #3527, .F. ) ;
#974 = B_SPLINE_CURVE_WITH_KNOTS ( 'NONE', 3,
 ( #4826, #3236, #4680, #6366, #2452, #6267, #5591, #9386, #1695, #3798, #6932, #10049, #7325, #2602, #9581, #3283, #5647, #1748 ),
 .UNSPECIFIED., .F., .F.,
 ( 4, 2, 2, 2, 2, 2, 2, 2, 4 ),
 ( 0.001010855558298219894, 0.001740550290323902068, 0.002470245022349581640, 0.003199939754375261645, 0.003929634486400941651, 0.004659329218426620789, 0.005389023950452300794, 0.006118718682477979932, 0.006848413414503659938 ),
 .UNSPECIFIED. ) ;
#975 = DIRECTION ( 'NONE',  ( 4.476705744456268255E-15, 0.000000000000000000, 1.000000000000000000 ) ) ;
#976 = PLANE ( 'NONE',  #9820 ) ;
#977 = DIRECTION ( 'NONE',  ( -0.000000000000000000, 1.000000000000000000, -0.000000000000000000 ) ) ;
#978 = FACE_BOUND ( 'NONE', #4340, .T. ) ;
#979 = FACE_BOUND ( 'NONE', #2203, .T. ) ;
#980 = DIRECTION ( 'NONE',  ( 0.000000000000000000, 1.000000000000000000, 0.000000000000000000 ) ) ;
#981 = CARTESIAN_POINT ( 'NONE',  ( 48.00000000000029132, -0.1999999999999999833, 27.09999999999932996 ) ) ;
#982 = EDGE_CURVE ( 'NONE', #3518, #2562, #4765, .T. ) ;
#983 = DIRECTION ( 'NONE',  ( 1.000000000000000000, 0.000000000000000000, 0.000000000000000000 ) ) ;
#984 = EDGE_CURVE ( 'NONE', #5655, #3898, #3290, .T. ) ;
#985 = EDGE_CURVE ( 'NONE', #2825, #7600, #229, .T. ) ;
#986 = EDGE_LOOP ( 'NONE', ( #7723, #6102, #331, #7107 ) ) ;
#987 = AXIS2_PLACEMENT_3D ( 'NONE', #956, #2701, #1003 ) ;
#988 = VERTEX_POINT ( 'NONE', #6731 ) ;
#989 = CYLINDRICAL_SURFACE ( 'NONE', #9365, 1.550000000000002709 ) ;
#990 = DIRECTION ( 'NONE',  ( 0.000000000000000000, -0.000000000000000000, 1.000000000000000000 ) ) ;
#991 = DIRECTION ( 'NONE',  ( -0.000000000000000000, -0.000000000000000000, 1.000000000000000000 ) ) ;
#992 = DIRECTION ( 'NONE',  ( -1.000000000000000000, 0.000000000000000000, 8.673617379884035472E-16 ) ) ;
#993 = VECTOR ( 'NONE', #9797, 1000.000000000000000 ) ;
#994 = FACE_BOUND ( 'NONE', #8428, .T. ) ;
#995 = DIRECTION ( 'NONE',  ( 0.000000000000000000, 0.000000000000000000, -1.000000000000000000 ) ) ;
#996 = ORIENTED_EDGE ( 'NONE', *, *, #3063, .T. ) ;
#997 = CIRCLE ( 'NONE', #4773, 1.549999999999999378 ) ;
#998 = AXIS2_PLACEMENT_3D ( 'NONE', #9160, #9772, #445 ) ;
#999 = ORIENTED_EDGE ( 'NONE', *, *, #2371, .T. ) ;
#1000 = AXIS2_PLACEMENT_3D ( 'NONE', #3313, #7204, #9556 ) ;
#1001 = FACE_OUTER_BOUND ( 'NONE', #8456, .T. ) ;
#1002 = LINE ( 'NONE', #4131, #8401 ) ;
#1003 = DIRECTION ( 'NONE',  ( -1.745633686517542033E-15, 0.000000000000000000, -1.000000000000000000 ) ) ;
#1004 = ORIENTED_EDGE ( 'NONE', *, *, #8687, .T. ) ;
#1005 = CARTESIAN_POINT ( 'NONE',  ( 47.99999999999969447, -5.000000000000002665, -30.10000000000033538 ) ) ;
#1006 = DIRECTION ( 'NONE',  ( -8.953411488912536510E-15, 0.000000000000000000, -1.000000000000000000 ) ) ;
#1007 = DIRECTION ( 'NONE',  ( 1.000000000000000000, 0.000000000000000000, -1.387778780781445676E-16 ) ) ;
#1008 = CARTESIAN_POINT ( 'NONE',  ( 41.99999999999965894, -17.19238815542524534, -41.50000000000027001 ) ) ;
#1009 = EDGE_CURVE ( 'NONE', #853, #3654, #7055, .T. ) ;
#1010 = EDGE_LOOP ( 'NONE', ( #7812, #8780 ) ) ;
#1011 = EDGE_CURVE ( 'NONE', #4685, #8058, #9640, .T. ) ;
#1012 = EDGE_LOOP ( 'NONE', ( #4380, #1223, #4975, #580 ) ) ;
#1013 = CIRCLE ( 'NONE', #6107, 1.550000000000002709 ) ;
#1014 = DIRECTION ( 'NONE',  ( -8.953411488912536510E-15, 0.000000000000000000, -1.000000000000000000 ) ) ;
#1015 = EDGE_LOOP ( 'NONE', ( #941, #9506, #7938, #494, #1754, #4051, #2963, #7283, #4940, #5599 ) ) ;
#1016 = DIRECTION ( 'NONE',  ( -1.000000000000000000, -0.000000000000000000, 3.491481338843133355E-15 ) ) ;
#1017 = AXIS2_PLACEMENT_3D ( 'NONE', #5704, #8933, #975 ) ;
#1018 = CARTESIAN_POINT ( 'NONE',  ( -48.00000000000012079, -3.199999999999998845, -32.84999999999966747 ) ) ;
#1019 = DIRECTION ( 'NONE',  ( 0.000000000000000000, 1.000000000000000000, 0.000000000000000000 ) ) ;
#1020 = VERTEX_POINT ( 'NONE', #5757 ) ;
#1021 = ORIENTED_EDGE ( 'NONE', *, *, #3549, .T. ) ;
#1022 = AXIS2_PLACEMENT_3D ( 'NONE', #6964, #1369, #10084 ) ;
#1023 = EDGE_LOOP ( 'NONE', ( #7810, #9120, #5180, #2359, #7023, #514, #9389 ) ) ;
#1024 = CARTESIAN_POINT ( 'NONE',  ( -38.05130072734685598, -9.369698245453637497, 48.00000000000000711 ) ) ;
#1025 = CARTESIAN_POINT ( 'NONE',  ( -48.00000000000012079, 1.000000000000000000, -31.29999999999966676 ) ) ;
#1026 = ORIENTED_EDGE ( 'NONE', *, *, #4629, .T. ) ;
#1027 = CARTESIAN_POINT ( 'NONE',  ( -24.70000000000000995, -3.499999999999999556, -43.45000000000000995 ) ) ;
#1028 = LINE ( 'NONE', #8000, #9735 ) ;
#1029 = CARTESIAN_POINT ( 'NONE',  ( -45.79999999999802185, -3.499999999999999556, -24.69999999999937046 ) ) ;
#1030 = FACE_OUTER_BOUND ( 'NONE', #1426, .T. ) ;
#1031 = LINE ( 'NONE', #4163, #9282 ) ;
#1032 = VECTOR ( 'NONE', #7187, 1000.000000000000000 ) ;
#1033 = DIRECTION ( 'NONE',  ( 0.000000000000000000, 0.000000000000000000, -1.000000000000000000 ) ) ;
#1034 = EDGE_LOOP ( 'NONE', ( #3387, #10072, #1404, #6141 ) ) ;
#1035 = AXIS2_PLACEMENT_3D ( 'NONE', #928, #1697, #2509 ) ;
#1036 = VERTEX_POINT ( 'NONE', #1916 ) ;
#1037 = VECTOR ( 'NONE', #6310, 1000.000000000000000 ) ;
#1038 = EDGE_LOOP ( 'NONE', ( #8344, #8143, #9494, #1124 ) ) ;
#1039 = CIRCLE ( 'NONE', #7421, 2.349999999999997868 ) ;
#1040 = CARTESIAN_POINT ( 'NONE',  ( 43.49999999999962341, -3.199999999999999734, -36.54999999999967741 ) ) ;
#1041 = LINE ( 'NONE', #1767, #6927 ) ;
#1042 = EDGE_CURVE ( 'NONE', #1966, #9546, #310, .T. ) ;
#1043 = ADVANCED_FACE ( 'NONE', ( #8987 ), #2670, .F. ) ;
#1044 = CARTESIAN_POINT ( 'NONE',  ( 50.00000000000096634, -3.199999999999999734, -38.09999999999966036 ) ) ;
#1045 = CARTESIAN_POINT ( 'NONE',  ( 45.80000000000062244, -3.499999999999999556, 24.69999999999800622 ) ) ;
#1046 = AXIS2_PLACEMENT_3D ( 'NONE', #7891, #5743, #8869 ) ;
#1047 = DIRECTION ( 'NONE',  ( 0.000000000000000000, -0.000000000000000000, 1.000000000000000000 ) ) ;
#1048 = AXIS2_PLACEMENT_3D ( 'NONE', #3828, #4746, #3925 ) ;
#1049 = LINE ( 'NONE', #949, #2467 ) ;
#1050 = CIRCLE ( 'NONE', #6461, 2.349999999999997868 ) ;
#1051 = ORIENTED_EDGE ( 'NONE', *, *, #9534, .T. ) ;
#1052 = EDGE_LOOP ( 'NONE', ( #5216, #7485 ) ) ;
#1053 = DIRECTION ( 'NONE',  ( 0.000000000000000000, 1.000000000000000000, 0.000000000000000000 ) ) ;
#1054 = EDGE_CURVE ( 'NONE', #9546, #8059, #2629, .T. ) ;
#1056 = DIRECTION ( 'NONE',  ( 0.000000000000000000, -0.000000000000000000, 1.000000000000000000 ) ) ;
#1055 = VECTOR ( 'NONE', #266, 1000.000000000000000 ) ;
#1057 = DIRECTION ( 'NONE',  ( 0.000000000000000000, 1.000000000000000000, -0.000000000000000000 ) ) ;
#1058 = ORIENTED_EDGE ( 'NONE', *, *, #9025, .T. ) ;
#1059 = CARTESIAN_POINT ( 'NONE',  ( 49.00000000000000711, 1.000000000000000000, 41.49999999999965894 ) ) ;
#1060 = DIRECTION ( 'NONE',  ( 1.181088324069316513E-14, 0.000000000000000000, 1.000000000000000000 ) ) ;
#1061 = DIRECTION ( 'NONE',  ( 0.000000000000000000, 0.000000000000000000, 1.000000000000000000 ) ) ;
#1062 = AXIS2_PLACEMENT_3D ( 'NONE', #265, #158, #7237 ) ;
#1063 = CARTESIAN_POINT ( 'NONE',  ( -30.54567920924549185, -8.118094065820244509, -42.00000000000000711 ) ) ;
#1064 = ORIENTED_EDGE ( 'NONE', *, *, #1640, .F. ) ;
#1065 = CIRCLE ( 'NONE', #6812, 2.349999999999997868 ) ;
#1066 = ORIENTED_EDGE ( 'NONE', *, *, #4752, .F. ) ;
#1067 = VECTOR ( 'NONE', #1621, 1000.000000000000000 ) ;
#1068 = FACE_OUTER_BOUND ( 'NONE', #8046, .T. ) ;
#1069 = VECTOR ( 'NONE', #9078, 1000.000000000000000 ) ;
#1070 = DIRECTION ( 'NONE',  ( -0.000000000000000000, -1.000000000000000000, -0.000000000000000000 ) ) ;
#1071 = VERTEX_POINT ( 'NONE', #5538 ) ;
#1072 = CARTESIAN_POINT ( 'NONE',  ( -24.70000000000000995, 1.000000000000000000, -45.80000000000000426 ) ) ;
#1073 = FACE_OUTER_BOUND ( 'NONE', #4846, .T. ) ;
#1074 = DIRECTION ( 'NONE',  ( 1.000000000000000000, -0.000000000000000000, -1.047444401652940007E-14 ) ) ;
#1075 = VECTOR ( 'NONE', #3275, 1000.000000000000000 ) ;
#1076 = EDGE_CURVE ( 'NONE', #5331, #10074, #6980, .T. ) ;
#1077 = EDGE_LOOP ( 'NONE', ( #1670, #6874, #9172, #7844 ) ) ;
#1078 = VECTOR ( 'NONE', #8834, 1000.000000000000000 ) ;
#1079 = EDGE_LOOP ( 'NONE', ( #4407, #3207, #7834, #5573 ) ) ;
#1080 = VERTEX_POINT ( 'NONE', #3941 ) ;
#1081 = CARTESIAN_POINT ( 'NONE',  ( -35.48634997358198007, -8.989843095352535229, 48.00000000000000000 ) ) ;
#1082 = VECTOR ( 'NONE', #9401, 1000.000000000000000 ) ;
#1083 = CARTESIAN_POINT ( 'NONE',  ( -41.49999999999947420, 1.000000000000000000, 50.00000000000044764 ) ) ;
#1084 = ORIENTED_EDGE ( 'NONE', *, *, #2740, .F. ) ;
#1085 = DIRECTION ( 'NONE',  ( -0.000000000000000000, 1.000000000000000000, -0.000000000000000000 ) ) ;
#1086 = DIRECTION ( 'NONE',  ( 0.000000000000000000, 1.000000000000000000, 0.000000000000000000 ) ) ;
#1087 = DIRECTION ( 'NONE',  ( 1.000000000000000000, 0.000000000000000000, -1.387778780781445676E-16 ) ) ;
#1088 = CARTESIAN_POINT ( 'NONE',  ( 28.94999999999953744, -3.199999999999999289, -42.00000000000000711 ) ) ;
#1089 = CARTESIAN_POINT ( 'NONE',  ( 40.00000000000000711, -15.00000000000000355, -42.80000000000001137 ) ) ;
#1090 = CARTESIAN_POINT ( 'NONE',  ( 40.00000000000000711, -9.000000000000001776, -42.45000000000001705 ) ) ;
#1091 = EDGE_CURVE ( 'NONE', #7983, #2601, #8365, .T. ) ;
#1092 = VERTEX_POINT ( 'NONE', #1539 ) ;
#1093 = ORIENTED_EDGE ( 'NONE', *, *, #6390, .T. ) ;
#1094 = ORIENTED_EDGE ( 'NONE', *, *, #8093, .F. ) ;
#1095 = DIRECTION ( 'NONE',  ( 0.000000000000000000, 0.000000000000000000, 1.000000000000000000 ) ) ;
#1096 = DIRECTION ( 'NONE',  ( -0.000000000000000000, -0.000000000000000000, 1.000000000000000000 ) ) ;
#1097 = DIRECTION ( 'NONE',  ( 0.000000000000000000, 0.000000000000000000, 1.000000000000000000 ) ) ;
#1098 = CYLINDRICAL_SURFACE ( 'NONE', #9895, 2.349999999999997868 ) ;
#1099 = DIRECTION ( 'NONE',  ( 6.982962677686267499E-15, -0.000000000000000000, 1.000000000000000000 ) ) ;
#1100 = CARTESIAN_POINT ( 'NONE',  ( 50.00000000000033396, -0.1999999999999999833, 31.29999999999931504 ) ) ;
#1101 = EDGE_LOOP ( 'NONE', ( #9182, #2987, #2151, #3268, #2969, #2676 ) ) ;
#1102 = EDGE_CURVE ( 'NONE', #2734, #5614, #3756, .T. ) ;
#1103 = ORIENTED_EDGE ( 'NONE', *, *, #38, .T. ) ;
#1104 = EDGE_CURVE ( 'NONE', #9975, #6721, #3178, .T. ) ;
#1105 = CARTESIAN_POINT ( 'NONE',  ( 49.99999999999999289, 1.000000000000000000, -42.50000000000017764 ) ) ;
#1106 = CARTESIAN_POINT ( 'NONE',  ( -27.09999999999983089, -0.1999999999999999833, -50.00000000000000711 ) ) ;
#1107 = DIRECTION ( 'NONE',  ( 0.000000000000000000, -1.000000000000000000, 0.000000000000000000 ) ) ;
#1108 = PLANE ( 'NONE',  #4435 ) ;
#1109 = ORIENTED_EDGE ( 'NONE', *, *, #2886, .F. ) ;
#1110 = CARTESIAN_POINT ( 'NONE',  ( 49.58578643762691485, 0.9999999999999997780, 41.50000000000000000 ) ) ;
#1111 = DIRECTION ( 'NONE',  ( 0.000000000000000000, 0.000000000000000000, -1.000000000000000000 ) ) ;
#1112 = DIRECTION ( 'NONE',  ( 0.000000000000000000, -1.000000000000000000, 0.000000000000000000 ) ) ;
#1113 = ORIENTED_EDGE ( 'NONE', *, *, #3126, .F. ) ;
#1114 = EDGE_CURVE ( 'NONE', #7772, #7392, #9473, .T. ) ;
#1115 = EDGE_CURVE ( 'NONE', #524, #7047, #8194, .T. ) ;
#1116 = EDGE_CURVE ( 'NONE', #689, #8654, #8620, .T. ) ;
#1117 = ORIENTED_EDGE ( 'NONE', *, *, #4506, .T. ) ;
#1118 = LINE ( 'NONE', #4244, #2061 ) ;
#1119 = DIRECTION ( 'NONE',  ( -1.000000000000000000, 0.000000000000000000, 0.000000000000000000 ) ) ;
#1120 = ORIENTED_EDGE ( 'NONE', *, *, #8817, .F. ) ;
#1121 = CARTESIAN_POINT ( 'NONE',  ( -41.75794698263000271, -10.91811772185183926, 41.74205301736990492 ) ) ;
#1122 = DIRECTION ( 'NONE',  ( -1.000000000000000000, 0.000000000000000000, 0.000000000000000000 ) ) ;
#1123 = DIRECTION ( 'NONE',  ( -1.000000000000000000, 0.000000000000000000, 0.000000000000000000 ) ) ;
#1124 = ORIENTED_EDGE ( 'NONE', *, *, #4739, .F. ) ;
#1125 = ORIENTED_EDGE ( 'NONE', *, *, #1932, .F. ) ;
#1126 = EDGE_LOOP ( 'NONE', ( #7181, #4009, #791, #8028 ) ) ;
#1127 = CARTESIAN_POINT ( 'NONE',  ( -31.93388456258851349, -8.017416039492230695, 47.99999999999999289 ) ) ;
#1128 = CARTESIAN_POINT ( 'NONE',  ( 50.00000000000093081, -3.199999999999999289, 28.94999999999965823 ) ) ;
#1129 = EDGE_LOOP ( 'NONE', ( #43, #3435, #8452, #4605, #6531, #4090, #6415 ) ) ;
#1130 = CARTESIAN_POINT ( 'NONE',  ( 41.49999999999983658, 1.000000000000000000, 48.00000000000000711 ) ) ;
#1131 = DIRECTION ( 'NONE',  ( 0.000000000000000000, 0.000000000000000000, -1.000000000000000000 ) ) ;
#1132 = CARTESIAN_POINT ( 'NONE',  ( -47.99999999999986500, -1.000000000000000000, 41.50000000000000000 ) ) ;
#1133 = CARTESIAN_POINT ( 'NONE',  ( 24.69999999999784634, -3.499999999999999556, -45.80000000000070770 ) ) ;
#1134 = CARTESIAN_POINT ( 'NONE',  ( 47.99999999999968026, 1.000000000000000000, -31.30000000000033467 ) ) ;
#1135 = LINE ( 'NONE', #4969, #9520 ) ;
#1136 = ADVANCED_FACE ( 'NONE', ( #813 ), #3650, .T. ) ;
#1137 = VERTEX_POINT ( 'NONE', #6313 ) ;
#1138 = EDGE_CURVE ( 'NONE', #7651, #8026, #2446, .T. ) ;
#1139 = EDGE_LOOP ( 'NONE', ( #943, #547, #2124, #7078, #551, #3423, #1181, #2882, #2253, #5632 ) ) ;
#1140 = ORIENTED_EDGE ( 'NONE', *, *, #6173, .F. ) ;
#1141 = VECTOR ( 'NONE', #3759, 1000.000000000000000 ) ;
#1142 = CARTESIAN_POINT ( 'NONE',  ( -38.09999999999983800, -3.199999999999999734, 43.50000000000001421 ) ) ;
#1143 = CARTESIAN_POINT ( 'NONE',  ( -49.00000000000000711, 1.000000000000000000, -49.00000000000000711 ) ) ;
#1144 = CARTESIAN_POINT ( 'NONE',  ( -41.49999999999983658, -1.000000000000000000, -49.99999999999999289 ) ) ;
#1145 = DIRECTION ( 'NONE',  ( -1.000000000000000000, -0.000000000000000000, 1.387778780781445676E-16 ) ) ;
#1146 = CARTESIAN_POINT ( 'NONE',  ( -50.00000000000000000, -4.000000000000000000, 21.49897948556554539 ) ) ;
#1147 = CARTESIAN_POINT ( 'NONE',  ( 27.09999999999983089, -5.000000000000000000, 50.00000000000000711 ) ) ;
#1148 = ORIENTED_EDGE ( 'NONE', *, *, #2268, .F. ) ;
#1149 = ORIENTED_EDGE ( 'NONE', *, *, #8572, .F. ) ;
#1150 = CARTESIAN_POINT ( 'NONE',  ( 50.00000000000093792, -3.199999999999999289, 30.49999999999965894 ) ) ;
#1151 = DIRECTION ( 'NONE',  ( 0.000000000000000000, 0.000000000000000000, -1.000000000000000000 ) ) ;
#1152 = AXIS2_PLACEMENT_3D ( 'NONE', #9095, #8884, #1857 ) ;
#1153 = DIRECTION ( 'NONE',  ( -1.000000000000000000, -0.000000000000000000, 3.491481338843133355E-15 ) ) ;
#1154 = CARTESIAN_POINT ( 'NONE',  ( -41.70683081885163546, -8.400000000000000355, 41.79316918114824375 ) ) ;
#1155 = CARTESIAN_POINT ( 'NONE',  ( 41.99999999999972289, -1.000000000000000000, -27.10000000000027143 ) ) ;
#1156 = VERTEX_POINT ( 'NONE', #2408 ) ;
#1157 = CARTESIAN_POINT ( 'NONE',  ( -50.00000000000000711, -1.000000000000000000, -41.49999999999933209 ) ) ;
#1158 = DIRECTION ( 'NONE',  ( 0.000000000000000000, 0.000000000000000000, -1.000000000000000000 ) ) ;
#1159 = CARTESIAN_POINT ( 'NONE',  ( 30.13813939828129307, -8.028359842738861829, -41.99999999999999289 ) ) ;
#1160 = ORIENTED_EDGE ( 'NONE', *, *, #6569, .T. ) ;
#1161 = CIRCLE ( 'NONE', #1993, 2.350000000000001421 ) ;
#1162 = VERTEX_POINT ( 'NONE', #4674 ) ;
#1163 = VECTOR ( 'NONE', #7311, 1000.000000000000000 ) ;
#1164 = LINE ( 'NONE', #8920, #5336 ) ;
#1165 = DIRECTION ( 'NONE',  ( 0.000000000000000000, 0.000000000000000000, -1.000000000000000000 ) ) ;
#1166 = EDGE_CURVE ( 'NONE', #5521, #7318, #3942, .T. ) ;
#1167 = CIRCLE ( 'NONE', #8550, 2.999999999999999112 ) ;
#1168 = EDGE_CURVE ( 'NONE', #203, #5486, #2892, .T. ) ;
#1169 = DIRECTION ( 'NONE',  ( 0.000000000000000000, -1.000000000000000000, 0.000000000000000000 ) ) ;
#1170 = EDGE_CURVE ( 'NONE', #591, #1787, #97, .T. ) ;
#1171 = DIRECTION ( 'NONE',  ( 0.000000000000000000, 0.000000000000000000, -1.000000000000000000 ) ) ;
#1172 = CARTESIAN_POINT ( 'NONE',  ( -42.00000000000014211, -9.000000000000001776, -38.93703481765633967 ) ) ;
#1173 = CARTESIAN_POINT ( 'NONE',  ( 43.49999999999958078, -3.199999999999999734, -40.45000000000028706 ) ) ;
#1174 = ORIENTED_EDGE ( 'NONE', *, *, #8185, .F. ) ;
#1175 = CIRCLE ( 'NONE', #526, 1.550000000000002709 ) ;
#1176 = VERTEX_POINT ( 'NONE', #5584 ) ;
#1177 = ORIENTED_EDGE ( 'NONE', *, *, #9329, .T. ) ;
#1178 = AXIS2_PLACEMENT_3D ( 'NONE', #2518, #3291, #7997 ) ;
#1179 = FACE_OUTER_BOUND ( 'NONE', #2261, .T. ) ;
#1180 = LINE ( 'NONE', #1850, #5420 ) ;
#1181 = ORIENTED_EDGE ( 'NONE', *, *, #7430, .T. ) ;
#1182 = EDGE_CURVE ( 'NONE', #71, #3967, #4513, .T. ) ;
#1183 = CARTESIAN_POINT ( 'NONE',  ( 45.80000000000062244, -3.499999999999999556, -27.05000000000199378 ) ) ;
#1184 = CARTESIAN_POINT ( 'NONE',  ( 20.51918358845291834, -4.200000000000000178, 42.00000000000000711 ) ) ;
#1185 = VECTOR ( 'NONE', #8061, 1000.000000000000000 ) ;
#1186 = CARTESIAN_POINT ( 'NONE',  ( -45.80000000000062244, -3.499999999999999556, 26.24999999999800337 ) ) ;
#1187 = FACE_OUTER_BOUND ( 'NONE', #2576, .T. ) ;
#1188 = CARTESIAN_POINT ( 'NONE',  ( -41.50000000000000711, 0.000000000000000000, -49.00000000000000711 ) ) ;
#1189 = CARTESIAN_POINT ( 'NONE',  ( -43.49999999999990763, -3.199999999999999289, 30.49999999999998224 ) ) ;
#1190 = ORIENTED_EDGE ( 'NONE', *, *, #2514, .T. ) ;
#1191 = VECTOR ( 'NONE', #3309, 1000.000000000000000 ) ;
#1192 = ORIENTED_EDGE ( 'NONE', *, *, #9764, .T. ) ;
#1193 = ORIENTED_EDGE ( 'NONE', *, *, #3880, .T. ) ;
#1194 = DIRECTION ( 'NONE',  ( 4.625929269271486900E-15, 0.000000000000000000, 1.000000000000000000 ) ) ;
#1195 = CARTESIAN_POINT ( 'NONE',  ( 16.60000000000228582, -5.000000000000000000, -50.00000000000000711 ) ) ;
#1196 = ADVANCED_BREP_SHAPE_REPRESENTATION ( '+Z', ( #5506, #9716 ), #3345 ) ;
#1197 = CARTESIAN_POINT ( 'NONE',  ( -45.80000000000062244, -8.000000000000001776, -24.69999999999800622 ) ) ;
#1198 = VECTOR ( 'NONE', #1257, 1000.000000000000000 ) ;
#1199 = DIRECTION ( 'NONE',  ( 0.000000000000000000, 0.000000000000000000, -1.000000000000000000 ) ) ;
#1200 = EDGE_CURVE ( 'NONE', #4182, #7438, #9502, .T. ) ;
#1201 = CARTESIAN_POINT ( 'NONE',  ( 30.09999999999983089, -5.000000000000002665, 42.00000000000000711 ) ) ;
#1202 = VECTOR ( 'NONE', #9388, 1000.000000000000000 ) ;
#1203 = LINE ( 'NONE', #9106, #2476 ) ;
#1204 = EDGE_LOOP ( 'NONE', ( #2245, #7306, #3287, #7635, #5975, #6193, #272, #5464, #6567, #7460, #7826 ) ) ;
#1205 = ORIENTED_EDGE ( 'NONE', *, *, #7464, .T. ) ;
#1206 = ADVANCED_FACE ( 'NONE', ( #7217 ), #4044, .F. ) ;
#1207 = DIRECTION ( 'NONE',  ( 0.000000000000000000, 1.000000000000000000, 0.000000000000000000 ) ) ;
#1208 = CIRCLE ( 'NONE', #6132, 2.349999999999997868 ) ;
#1209 = LINE ( 'NONE', #3371, #8205 ) ;
#1210 = CIRCLE ( 'NONE', #4146, 1.550000000000002709 ) ;
#1211 = DIRECTION ( 'NONE',  ( -6.938893903907222067E-15, 0.000000000000000000, -1.000000000000000000 ) ) ;
#1212 = EDGE_CURVE ( 'NONE', #1, #6819, #2306, .T. ) ;
#1213 = CARTESIAN_POINT ( 'NONE',  ( -41.99999999999995026, -17.19238815542524534, 41.49999999999997868 ) ) ;
#1214 = VECTOR ( 'NONE', #9513, 1000.000000000000000 ) ;
#1215 = CARTESIAN_POINT ( 'NONE',  ( -36.54999999999925109, -3.199999999999999734, 42.00000000000000711 ) ) ;
#1216 = VERTEX_POINT ( 'NONE', #8025 ) ;
#1217 = CARTESIAN_POINT ( 'NONE',  ( -28.14999999999983160, -3.199999999999998845, -43.50000000000001421 ) ) ;
#1218 = VECTOR ( 'NONE', #3025, 1000.000000000000000 ) ;
#1219 = LINE ( 'NONE', #1373, #8540 ) ;
#1220 = ORIENTED_EDGE ( 'NONE', *, *, #4936, .F. ) ;
#1221 = ORIENTED_EDGE ( 'NONE', *, *, #923, .F. ) ;
#1222 = CIRCLE ( 'NONE', #8250, 4.349999999999999645 ) ;
#1223 = ORIENTED_EDGE ( 'NONE', *, *, #9394, .F. ) ;
#1224 = AXIS2_PLACEMENT_3D ( 'NONE', #366, #5042, #9690 ) ;
#1225 = DIRECTION ( 'NONE',  ( 6.982962677686266711E-15, 0.000000000000000000, 1.000000000000000000 ) ) ;
#1226 = DIRECTION ( 'NONE',  ( -1.000000000000000000, 0.000000000000000000, 0.000000000000000000 ) ) ;
#1227 = AXIS2_PLACEMENT_3D ( 'NONE', #4386, #4484, #9914 ) ;
#1228 = DIRECTION ( 'NONE',  ( 0.000000000000000000, -0.000000000000000000, -1.000000000000000000 ) ) ;
#1229 = CARTESIAN_POINT ( 'NONE',  ( 47.99999999999957367, -1.000000000000000000, -41.50000000000033396 ) ) ;
#1230 = LINE ( 'NONE', #8973, #1734 ) ;
#1231 = DIRECTION ( 'NONE',  ( 1.000000000000000000, -0.000000000000000000, -1.047444401652940007E-14 ) ) ;
#1232 = AXIS2_PLACEMENT_3D ( 'NONE', #9507, #5532, #7924 ) ;
#1233 = AXIS2_PLACEMENT_3D ( 'NONE', #6525, #7335, #1708 ) ;
#1234 = ADVANCED_FACE ( 'NONE', ( #5845 ), #4909, .F. ) ;
#1235 = ORIENTED_EDGE ( 'NONE', *, *, #825, .T. ) ;
#1236 = ADVANCED_FACE ( 'NONE', ( #3421 ), #3379, .F. ) ;
#1237 = ORIENTED_EDGE ( 'NONE', *, *, #7370, .T. ) ;
#1238 = AXIS2_PLACEMENT_3D ( 'NONE', #2090, #5989, #8125 ) ;
#1239 = FACE_OUTER_BOUND ( 'NONE', #5775, .T. ) ;
#1240 = CARTESIAN_POINT ( 'NONE',  ( 0.000000000000000000, 0.000000000000000000, -49.00000000000000711 ) ) ;
#1241 = EDGE_LOOP ( 'NONE', ( #5391, #9320, #2343, #3355 ) ) ;
#1242 = LINE ( 'NONE', #6020, #9548 ) ;
#1243 = CARTESIAN_POINT ( 'NONE',  ( 40.00000000000000000, 1.000000000000000000, -14.99999999999982592 ) ) ;
#1244 = AXIS2_PLACEMENT_3D ( 'NONE', #4673, #6979, #9174 ) ;
#1245 = CARTESIAN_POINT ( 'NONE',  ( -41.49999999999880629, 3.236067977499868853, 50.00000000000044764 ) ) ;
#1246 = DIRECTION ( 'NONE',  ( -1.181088324069314777E-14, 0.000000000000000000, -1.000000000000000000 ) ) ;
#1247 = LINE ( 'NONE', #2075, #6580 ) ;
#1248 = EDGE_CURVE ( 'NONE', #7546, #5366, #9995, .T. ) ;
#1249 = VERTEX_POINT ( 'NONE', #188 ) ;
#1250 = ADVANCED_FACE ( 'NONE', ( #5734 ), #5785, .T. ) ;
#1251 = ORIENTED_EDGE ( 'NONE', *, *, #6751, .F. ) ;
#1252 = EDGE_CURVE ( 'NONE', #462, #10006, #665, .T. ) ;
#1253 = VERTEX_POINT ( 'NONE', #142 ) ;
#1254 = AXIS2_PLACEMENT_3D ( 'NONE', #2704, #8965, #2130 ) ;
#1255 = CARTESIAN_POINT ( 'NONE',  ( -47.99999999999989342, -3.199999999999999289, 32.84999999999999432 ) ) ;
#1256 = FACE_OUTER_BOUND ( 'NONE', #10111, .T. ) ;
#1257 = DIRECTION ( 'NONE',  ( 0.000000000000000000, -1.000000000000000000, 0.000000000000000000 ) ) ;
#1258 = PLANE ( 'NONE',  #6971 ) ;
#1259 = CARTESIAN_POINT ( 'NONE',  ( -29.98786580806841329, -8.000000000000001776, 45.17731270895912132 ) ) ;
#1260 = FACE_BOUND ( 'NONE', #3996, .T. ) ;
#1261 = CARTESIAN_POINT ( 'NONE',  ( 40.00000000000000711, -15.00000000000000355, -47.15000000000001279 ) ) ;
#1262 = ORIENTED_EDGE ( 'NONE', *, *, #7687, .T. ) ;
#1263 = EDGE_LOOP ( 'NONE', ( #9098, #5442 ) ) ;
#1264 = LINE ( 'NONE', #8335, #10083 ) ;
#1265 = CARTESIAN_POINT ( 'NONE',  ( -45.80000000000062244, -8.000000000000001776, 24.69999999999800622 ) ) ;
#1266 = CARTESIAN_POINT ( 'NONE',  ( -30.49999999999924682, -3.199999999999999289, 42.00000000000000711 ) ) ;
#1267 = CARTESIAN_POINT ( 'NONE',  ( 40.45587828773334138, -8.400000000000002132, 42.00000000000000711 ) ) ;
#1268 = PLANE ( 'NONE',  #4767 ) ;
#1269 = VERTEX_POINT ( 'NONE', #1940 ) ;
#1270 = PLANE ( 'NONE',  #1703 ) ;
#1271 = DIRECTION ( 'NONE',  ( 1.000000000000000000, 0.000000000000000000, 0.000000000000000000 ) ) ;
#1272 = ORIENTED_EDGE ( 'NONE', *, *, #4567, .T. ) ;
#1273 = EDGE_LOOP ( 'NONE', ( #5746, #1371 ) ) ;
#1274 = ORIENTED_EDGE ( 'NONE', *, *, #10135, .T. ) ;
#1275 = CARTESIAN_POINT ( 'NONE',  ( -42.00000000000015632, -1.000000000000001776, -41.49999999999968736 ) ) ;
#1276 = DIRECTION ( 'NONE',  ( 0.000000000000000000, -1.000000000000000000, 0.000000000000000000 ) ) ;
#1277 = VERTEX_POINT ( 'NONE', #8766 ) ;
#1278 = DIRECTION ( 'NONE',  ( 0.000000000000000000, 0.000000000000000000, 1.000000000000000000 ) ) ;
#1279 = DIRECTION ( 'NONE',  ( 0.000000000000000000, -1.000000000000000000, 0.000000000000000000 ) ) ;
#1280 = CARTESIAN_POINT ( 'NONE',  ( 15.00000000000000355, -1.000000000000000000, 15.00000000000000355 ) ) ;
#1281 = VERTEX_POINT ( 'NONE', #919 ) ;
#1282 = CARTESIAN_POINT ( 'NONE',  ( 35.67960256470107083, -14.73009028003564502, -42.23834089129219649 ) ) ;
#1283 = LINE ( 'NONE', #1083, #1644 ) ;
#1284 = VERTEX_POINT ( 'NONE', #8914 ) ;
#1285 = LINE ( 'NONE', #8264, #8904 ) ;
#1286 = FACE_BOUND ( 'NONE', #7054, .T. ) ;
#1287 = LINE ( 'NONE', #6881, #2214 ) ;
#1288 = CARTESIAN_POINT ( 'NONE',  ( -24.69999999999816609, -5.000000000000000000, -44.25000000000054001 ) ) ;
#1289 = DIRECTION ( 'NONE',  ( -1.000000000000000000, -0.000000000000000000, 3.491481338843133355E-15 ) ) ;
#1290 = EDGE_CURVE ( 'NONE', #1249, #3732, #9181, .T. ) ;
#1291 = FACE_OUTER_BOUND ( 'NONE', #7446, .T. ) ;
#1292 = EDGE_LOOP ( 'NONE', ( #5612, #8453 ) ) ;
#1293 = ORIENTED_EDGE ( 'NONE', *, *, #9848, .T. ) ;
#1294 = ORIENTED_EDGE ( 'NONE', *, *, #9573, .T. ) ;
#1295 = CARTESIAN_POINT ( 'NONE',  ( -35.74999999999983658, -3.199999999999999289, -43.50000000000001421 ) ) ;
#1296 = CARTESIAN_POINT ( 'NONE',  ( 45.80000000000062244, -3.499999999999999556, -24.70000000000199591 ) ) ;
#1297 = PLANE ( 'NONE',  #712 ) ;
#1298 = CARTESIAN_POINT ( 'NONE',  ( 41.49999999999915445, -1.000000000000000000, -50.00000000000015632 ) ) ;
#1299 = EDGE_CURVE ( 'NONE', #5492, #500, #4239, .T. ) ;
#1300 = EDGE_CURVE ( 'NONE', #6248, #2574, #8136, .T. ) ;
#1301 = DIRECTION ( 'NONE',  ( -3.491481338843133355E-15, 0.000000000000000000, -1.000000000000000000 ) ) ;
#1302 = DIRECTION ( 'NONE',  ( 0.000000000000000000, 0.000000000000000000, -1.000000000000000000 ) ) ;
#1303 = EDGE_CURVE ( 'NONE', #4392, #5478, #2147, .T. ) ;
#1304 = LINE ( 'NONE', #4436, #5931 ) ;
#1305 = EDGE_LOOP ( 'NONE', ( #5035, #7677, #5330, #3316, #301, #4634 ) ) ;
#1306 = CIRCLE ( 'NONE', #1482, 1.549999999999999378 ) ;
#1307 = EDGE_LOOP ( 'NONE', ( #7736, #7037, #9222, #6182 ) ) ;
#1308 = CARTESIAN_POINT ( 'NONE',  ( -36.13766816143491667, -14.80000000000000071, -44.80122281838041687 ) ) ;
#1309 = FACE_OUTER_BOUND ( 'NONE', #1015, .T. ) ;
#1310 = DIRECTION ( 'NONE',  ( -1.000000000000000000, 0.000000000000000000, 0.000000000000000000 ) ) ;
#1311 = EDGE_CURVE ( 'NONE', #1376, #2292, #7704, .T. ) ;
#1312 = LINE ( 'NONE', #4445, #533 ) ;
#1313 = DIRECTION ( 'NONE',  ( -1.000000000000000000, 0.000000000000000000, 1.343011723336880555E-14 ) ) ;
#1314 = ORIENTED_EDGE ( 'NONE', *, *, #249, .T. ) ;
#1315 = DIRECTION ( 'NONE',  ( 0.000000000000000000, -1.000000000000000000, 0.000000000000000000 ) ) ;
#1316 = ADVANCED_FACE ( 'NONE', ( #6663 ), #4503, .T. ) ;
#1317 = CARTESIAN_POINT ( 'NONE',  ( 49.99999999999999289, -1.000000000000000000, -42.50000000000017764 ) ) ;
#1318 = ORIENTED_EDGE ( 'NONE', *, *, #290, .T. ) ;
#1319 = ORIENTED_EDGE ( 'NONE', *, *, #10063, .T. ) ;
#1320 = AXIS2_PLACEMENT_3D ( 'NONE', #6117, #2219, #9468 ) ;
#1321 = EDGE_LOOP ( 'NONE', ( #2885, #6991 ) ) ;
#1322 = CARTESIAN_POINT ( 'NONE',  ( -32.84999999999983089, -3.199999999999999289, -43.50000000000001421 ) ) ;
#1323 = DIRECTION ( 'NONE',  ( 0.000000000000000000, -1.000000000000000000, 0.000000000000000000 ) ) ;
#1324 = AXIS2_PLACEMENT_3D ( 'NONE', #4348, #7468, #2391 ) ;
#1325 = EDGE_LOOP ( 'NONE', ( #4579, #5504, #6762, #707 ) ) ;
#1326 = CARTESIAN_POINT ( 'NONE',  ( 45.80000000000062244, -3.499999999999999556, -22.35000000000199805 ) ) ;
#1327 = ADVANCED_FACE ( 'NONE', ( #5274 ), #9064, .T. ) ;
#1328 = CARTESIAN_POINT ( 'NONE',  ( -40.00000000000000000, -1.000000000000000000, -14.99999999999982236 ) ) ;
#1329 = EDGE_CURVE ( 'NONE', #8333, #9165, #1219, .T. ) ;
#1330 = VECTOR ( 'NONE', #8966, 1000.000000000000000 ) ;
#1331 = LINE ( 'NONE', #5855, #2856 ) ;
#1332 = CIRCLE ( 'NONE', #841, 1.549999999999999378 ) ;
#1333 = ORIENTED_EDGE ( 'NONE', *, *, #9508, .F. ) ;
#1334 = EDGE_CURVE ( 'NONE', #10092, #4698, #5888, .T. ) ;
#1335 = AXIS2_PLACEMENT_3D ( 'NONE', #3365, #6495, #9606 ) ;
#1336 = CARTESIAN_POINT ( 'NONE',  ( 35.78691067397218717, -14.76049644767758551, -43.90883551763592152 ) ) ;
#1337 = DIRECTION ( 'NONE',  ( 0.000000000000000000, 0.000000000000000000, 1.000000000000000000 ) ) ;
#1338 = EDGE_LOOP ( 'NONE', ( #6532, #2528, #5715, #3206, #4098 ) ) ;
#1339 = LINE ( 'NONE', #571, #5969 ) ;
#1340 = AXIS2_PLACEMENT_3D ( 'NONE', #795, #7966, #7198 ) ;
#1341 = DIRECTION ( 'NONE',  ( 0.000000000000000000, 0.000000000000000000, -1.000000000000000000 ) ) ;
#1342 = CARTESIAN_POINT ( 'NONE',  ( -30.75673525077214876, -8.162658911684923524, 42.00000000000000000 ) ) ;
#1343 = CARTESIAN_POINT ( 'NONE',  ( 49.00000000000000000, 0.000000000000000000, -6.800116025829083810E-15 ) ) ;
#1344 = CARTESIAN_POINT ( 'NONE',  ( -42.00000000000010658, -5.000000000000002665, -27.09999999999968523 ) ) ;
#1345 = VECTOR ( 'NONE', #1417, 1000.000000000000000 ) ;
#1346 = VERTEX_POINT ( 'NONE', #3625 ) ;
#1347 = ORIENTED_EDGE ( 'NONE', *, *, #7626, .F. ) ;
#1348 = AXIS2_PLACEMENT_3D ( 'NONE', #8657, #2440, #2492 ) ;
#1349 = ORIENTED_EDGE ( 'NONE', *, *, #7205, .F. ) ;
#1350 = FACE_OUTER_BOUND ( 'NONE', #466, .T. ) ;
#1351 = AXIS2_PLACEMENT_3D ( 'NONE', #8922, #6462, #1838 ) ;
#1352 = CARTESIAN_POINT ( 'NONE',  ( 37.89286950148659372, -10.86159893898179796, -48.00000000000001421 ) ) ;
#1353 = CARTESIAN_POINT ( 'NONE',  ( 40.00000000000000711, -5.025393101198561752, -42.00000000000000711 ) ) ;
#1354 = LINE ( 'NONE', #586, #5490 ) ;
#1355 = DIRECTION ( 'NONE',  ( 0.000000000000000000, -0.000000000000000000, 1.000000000000000000 ) ) ;
#1356 = LINE ( 'NONE', #6801, #1419 ) ;
#1357 = PLANE ( 'NONE',  #5343 ) ;
#1358 = AXIS2_PLACEMENT_3D ( 'NONE', #4234, #5839, #9006 ) ;
#1359 = FACE_OUTER_BOUND ( 'NONE', #1835, .T. ) ;
#1360 = ORIENTED_EDGE ( 'NONE', *, *, #2672, .T. ) ;
#1361 = VERTEX_POINT ( 'NONE', #8183 ) ;
#1362 = CARTESIAN_POINT ( 'NONE',  ( -36.13766816143491667, -8.000000000000003553, -44.80122281838041687 ) ) ;
#1363 = EDGE_CURVE ( 'NONE', #6865, #7557, #7625, .T. ) ;
#1364 = EDGE_CURVE ( 'NONE', #4423, #7243, #4450, .T. ) ;
#1365 = EDGE_CURVE ( 'NONE', #869, #2263, #6759, .T. ) ;
#1366 = AXIS2_PLACEMENT_3D ( 'NONE', #8580, #1561, #7041 ) ;
#1367 = FACE_OUTER_BOUND ( 'NONE', #6322, .T. ) ;
#1368 = CARTESIAN_POINT ( 'NONE',  ( -41.99999999999987921, -3.199999999999999734, 38.09999999999998010 ) ) ;
#1369 = DIRECTION ( 'NONE',  ( -0.000000000000000000, -1.000000000000000000, -0.000000000000000000 ) ) ;
#1370 = CARTESIAN_POINT ( 'NONE',  ( -30.09999999999983089, -5.000000000000002665, 42.00000000000000711 ) ) ;
#1371 = ORIENTED_EDGE ( 'NONE', *, *, #8563, .F. ) ;
#1372 = LINE ( 'NONE', #2802, #215 ) ;
#1373 = CARTESIAN_POINT ( 'NONE',  ( 39.64999999999949409, -3.199999999999999734, -50.00000000000078160 ) ) ;
#1374 = AXIS2_PLACEMENT_3D ( 'NONE', #1547, #7888, #721 ) ;
#1375 = EDGE_LOOP ( 'NONE', ( #8334, #8256, #4207 ) ) ;
#1376 = VERTEX_POINT ( 'NONE', #6710 ) ;
#1377 = VERTEX_POINT ( 'NONE', #9776 ) ;
#1378 = CIRCLE ( 'NONE', #6445, 2.350000000000001421 ) ;
#1379 = ORIENTED_EDGE ( 'NONE', *, *, #7642, .T. ) ;
#1380 = EDGE_CURVE ( 'NONE', #2471, #3857, #6904, .T. ) ;
#1381 = CIRCLE ( 'NONE', #10051, 2.349999999999997868 ) ;
#1382 = DIRECTION ( 'NONE',  ( -1.734723475976810250E-15, -0.000000000000000000, -1.000000000000000000 ) ) ;
#1383 = AXIS2_PLACEMENT_3D ( 'NONE', #8080, #1780, #9615 ) ;
#1384 = DIRECTION ( 'NONE',  ( -1.181088324069314777E-14, 0.000000000000000000, -1.000000000000000000 ) ) ;
#1385 = FACE_OUTER_BOUND ( 'NONE', #4128, .T. ) ;
#1386 = CARTESIAN_POINT ( 'NONE',  ( -31.29999999999983373, -0.1999999999999999833, 50.00000000000000711 ) ) ;
#1387 = DIRECTION ( 'NONE',  ( 0.000000000000000000, 0.000000000000000000, 1.000000000000000000 ) ) ;
#1388 = AXIS2_PLACEMENT_3D ( 'NONE', #1280, #4410, #9732 ) ;
#1389 = CARTESIAN_POINT ( 'NONE',  ( -40.00000000000000711, -15.00000000000000355, -42.80000000000001137 ) ) ;
#1390 = AXIS2_PLACEMENT_3D ( 'NONE', #1146, #9151, #380 ) ;
#1391 = AXIS2_PLACEMENT_3D ( 'NONE', #6682, #1855, #7442 ) ;
#1392 = ORIENTED_EDGE ( 'NONE', *, *, #3382, .F. ) ;
#1393 = VECTOR ( 'NONE', #3561, 1000.000000000000000 ) ;
#1394 = CARTESIAN_POINT ( 'NONE',  ( 27.09999999999983089, -5.000000000000002665, 42.00000000000000711 ) ) ;
#1395 = CARTESIAN_POINT ( 'NONE',  ( -45.80000000000062244, -5.000000000000000000, 23.14999999999800551 ) ) ;
#1396 = ORIENTED_EDGE ( 'NONE', *, *, #438, .T. ) ;
#1397 = DIRECTION ( 'NONE',  ( 1.000000000000000000, 0.000000000000000000, 0.000000000000000000 ) ) ;
#1398 = TOROIDAL_SURFACE ( 'NONE', #5657, 7.949999999999998401, 3.600000000000000089 ) ;
#1399 = DIRECTION ( 'NONE',  ( 0.000000000000000000, 0.000000000000000000, 1.000000000000000000 ) ) ;
#1400 = CARTESIAN_POINT ( 'NONE',  ( -33.07204053207662753, -10.47702984898052136, 42.00000000000001421 ) ) ;
#1401 = ADVANCED_FACE ( 'NONE', ( #7572, #9217, #4400 ), #5941, .T. ) ;
#1402 = CARTESIAN_POINT ( 'NONE',  ( 41.99999999999963762, -9.394083261187045508, -36.07170782341756876 ) ) ;
#1403 = CIRCLE ( 'NONE', #7939, 2.350000000000001421 ) ;
#1404 = ORIENTED_EDGE ( 'NONE', *, *, #8127, .F. ) ;
#1405 = CIRCLE ( 'NONE', #6169, 4.349999999999999645 ) ;
#1406 = ORIENTED_EDGE ( 'NONE', *, *, #773, .T. ) ;
#1407 = VERTEX_POINT ( 'NONE', #2755 ) ;
#1408 = CARTESIAN_POINT ( 'NONE',  ( 47.99999999999960210, -3.199999999999999734, -38.10000000000033538 ) ) ;
#1409 = AXIS2_PLACEMENT_3D ( 'NONE', #9326, #2108, #10099 ) ;
#1410 = FACE_OUTER_BOUND ( 'NONE', #9666, .T. ) ;
#1411 = DIRECTION ( 'NONE',  ( 1.000000000000000000, 0.000000000000000000, 0.000000000000000000 ) ) ;
#1412 = DIRECTION ( 'NONE',  ( 0.000000000000000000, 0.000000000000000000, 1.000000000000000000 ) ) ;
#1413 = FACE_OUTER_BOUND ( 'NONE', #4479, .T. ) ;
#1414 = EDGE_CURVE ( 'NONE', #4081, #2780, #3731, .T. ) ;
#1415 = CARTESIAN_POINT ( 'NONE',  ( 29.70429991172355955, -7.973870562907214854, -42.99197319786745908 ) ) ;
#1416 = DIRECTION ( 'NONE',  ( 0.000000000000000000, -1.000000000000000000, 0.000000000000000000 ) ) ;
#1417 = DIRECTION ( 'NONE',  ( -0.000000000000000000, 1.000000000000000000, -0.000000000000000000 ) ) ;
#1418 = EDGE_LOOP ( 'NONE', ( #1845, #8496 ) ) ;
#1419 = VECTOR ( 'NONE', #9616, 1000.000000000000000 ) ;
#1420 = ORIENTED_EDGE ( 'NONE', *, *, #2750, .T. ) ;
#1421 = CARTESIAN_POINT ( 'NONE',  ( -29.77811006761514889, -7.982681154838612514, -40.70548526722581784 ) ) ;
#1422 = LINE ( 'NONE', #3617, #8862 ) ;
#1423 = PLANE ( 'NONE',  #181 ) ;
#1424 = CARTESIAN_POINT ( 'NONE',  ( -16.59999999999738662, -5.000000000000000000, -50.00000000000000711 ) ) ;
#1425 = DIRECTION ( 'NONE',  ( -1.047444401652940007E-14, 0.000000000000000000, -1.000000000000000000 ) ) ;
#1426 = EDGE_LOOP ( 'NONE', ( #1058, #485, #5135, #8990 ) ) ;
#1427 = CARTESIAN_POINT ( 'NONE',  ( 32.06331043636722455, -11.43735565217645700, 44.25568073206583364 ) ) ;
#1429 = EDGE_CURVE ( 'NONE', #9560, #4711, #7378, .T. ) ;
#1428 = CARTESIAN_POINT ( 'NONE',  ( 41.99999999999957367, -5.842745641789599098, -40.79113337988945176 ) ) ;
#1430 = EDGE_CURVE ( 'NONE', #8814, #2113, #8029, .T. ) ;
#1431 = ORIENTED_EDGE ( 'NONE', *, *, #4106, .F. ) ;
#1432 = ORIENTED_EDGE ( 'NONE', *, *, #1942, .T. ) ;
#1433 = ORIENTED_EDGE ( 'NONE', *, *, #8700, .F. ) ;
#1434 = B_SPLINE_CURVE_WITH_KNOTS ( 'NONE', 3,
 ( #8876, #155, #3394, #3343, #4922, #3494, #6521, #6571, #1849, #1024, #4155, #7287, #2610, #5805, #8103, #1081, #4211, #5037, #9685, #2662, #8151, #1127, #4254, #6625 ),
 .UNSPECIFIED., .F., .F.,
 ( 4, 2, 2, 2, 2, 2, 2, 2, 2, 2, 2, 4 ),
 ( 0.000000000000000000, 0.001554076671176413647, 0.003108153342352827295, 0.004662230013529240942, 0.005439268349117438658, 0.006216306684705635507, 0.006993345020293832356, 0.007770383355882030073, 0.009324460027058424638, 0.01087853669823481834, 0.01165557503382301345, 0.01243261336941121030 ),
 .UNSPECIFIED. ) ;
#1435 = VERTEX_POINT ( 'NONE', #5475 ) ;
#1436 = CARTESIAN_POINT ( 'NONE',  ( -30.49999999999983302, -3.199999999999999289, 43.50000000000001421 ) ) ;
#1437 = ORIENTED_EDGE ( 'NONE', *, *, #1212, .T. ) ;
#1438 = CARTESIAN_POINT ( 'NONE',  ( -42.00000000000014921, -5.687591083158328509, -41.13869699172995809 ) ) ;
#1439 = LINE ( 'NONE', #655, #7920 ) ;
#1440 = FACE_OUTER_BOUND ( 'NONE', #7218, .T. ) ;
#1441 = EDGE_CURVE ( 'NONE', #3742, #9219, #7823, .T. ) ;
#1442 = ADVANCED_FACE ( 'NONE', ( #7719 ), #4111, .T. ) ;
#1443 = LINE ( 'NONE', #614, #2211 ) ;
#1444 = ADVANCED_FACE ( 'NONE', ( #6244 ), #3830, .F. ) ;
#1445 = EDGE_LOOP ( 'NONE', ( #5638, #9307, #9121, #1262 ) ) ;
#1446 = CARTESIAN_POINT ( 'NONE',  ( -50.00000000000000711, 0.000000000000000000, -50.00000000000000711 ) ) ;
#1447 = VERTEX_POINT ( 'NONE', #2247 ) ;
#1448 = DIRECTION ( 'NONE',  ( 0.000000000000000000, 0.000000000000000000, -1.000000000000000000 ) ) ;
#1449 = CARTESIAN_POINT ( 'NONE',  ( 36.54999999999948557, -3.199999999999999734, -50.00000000000075318 ) ) ;
#1450 = CARTESIAN_POINT ( 'NONE',  ( -40.00000000000000711, -9.000000000000001776, -38.45000000000000995 ) ) ;
#1451 = CARTESIAN_POINT ( 'NONE',  ( 31.29999999999983373, -0.1999999999999999833, -50.00000000000000711 ) ) ;
#1452 = ORIENTED_EDGE ( 'NONE', *, *, #3989, .T. ) ;
#1453 = VERTEX_POINT ( 'NONE', #5375 ) ;
#1454 = ORIENTED_EDGE ( 'NONE', *, *, #6264, .T. ) ;
#1455 =( BOUNDED_CURVE ( )  B_SPLINE_CURVE ( 3, ( #7213, #958, #1110, #1059 ),
 .UNSPECIFIED., .F., .F. ) 
 B_SPLINE_CURVE_WITH_KNOTS ( ( 4, 4 ),
 ( 1.570796326794896558, 3.141592653589793116 ),
 .UNSPECIFIED. ) 
 CURVE ( )  GEOMETRIC_REPRESENTATION_ITEM ( )  RATIONAL_B_SPLINE_CURVE ( ( 1.000000000000000000, 0.8047378541243649375, 0.8047378541243649375, 1.000000000000000000 ) ) 
 REPRESENTATION_ITEM ( '' )  );
#1456 = CYLINDRICAL_SURFACE ( 'NONE', #6746, 2.350000000000001421 ) ;
#1457 = DIRECTION ( 'NONE',  ( -1.000000000000000000, -1.204669080539449097E-16, 0.000000000000000000 ) ) ;
#1458 = DIRECTION ( 'NONE',  ( 0.000000000000000000, 0.000000000000000000, 1.000000000000000000 ) ) ;
#1459 = DIRECTION ( 'NONE',  ( -3.491481338843133355E-15, 0.000000000000000000, -1.000000000000000000 ) ) ;
#1460 = CARTESIAN_POINT ( 'NONE',  ( 31.29999999999983373, 1.000000000000000000, -48.00000000000000711 ) ) ;
#1461 = CARTESIAN_POINT ( 'NONE',  ( -37.49999999999999289, -9.000000000000001776, 45.24999999999999289 ) ) ;
#1462 = CARTESIAN_POINT ( 'NONE',  ( 40.63887967391511324, -10.45455298903741514, 42.00000000000001421 ) ) ;
#1463 = EDGE_CURVE ( 'NONE', #449, #2944, #5368, .T. ) ;
#1464 = EDGE_CURVE ( 'NONE', #7243, #6619, #26, .T. ) ;
#1465 = LINE ( 'NONE', #8587, #1508 ) ;
#1466 = EDGE_LOOP ( 'NONE', ( #4139, #2806 ) ) ;
#1467 = ORIENTED_EDGE ( 'NONE', *, *, #4343, .F. ) ;
#1468 = ORIENTED_EDGE ( 'NONE', *, *, #4644, .F. ) ;
#1469 = DIRECTION ( 'NONE',  ( 0.000000000000000000, 1.000000000000000000, 0.000000000000000000 ) ) ;
#1470 = DIRECTION ( 'NONE',  ( 1.000000000000000000, 0.000000000000000000, -1.047444401652940007E-14 ) ) ;
#1471 = DIRECTION ( 'NONE',  ( -0.000000000000000000, 1.000000000000000000, -0.000000000000000000 ) ) ;
#1472 = DIRECTION ( 'NONE',  ( 3.491481338843133355E-15, -0.000000000000000000, 1.000000000000000000 ) ) ;
#1473 = DIRECTION ( 'NONE',  ( -0.000000000000000000, -1.000000000000000000, -0.000000000000000000 ) ) ;
#1474 = VERTEX_POINT ( 'NONE', #4658 ) ;
#1475 = DIRECTION ( 'NONE',  ( -1.181088324069314777E-14, 0.000000000000000000, -1.000000000000000000 ) ) ;
#1476 = CARTESIAN_POINT ( 'NONE',  ( 35.72419598204034230, -14.74252444900601944, -42.00000000000000711 ) ) ;
#1477 = VERTEX_POINT ( 'NONE', #8548 ) ;
#1478 = ORIENTED_EDGE ( 'NONE', *, *, #3929, .F. ) ;
#1479 = ORIENTED_EDGE ( 'NONE', *, *, #5287, .F. ) ;
#1480 = ADVANCED_FACE ( 'NONE', ( #6156 ), #4557, .F. ) ;
#1481 = PLANE ( 'NONE',  #8439 ) ;
#1482 = AXIS2_PLACEMENT_3D ( 'NONE', #4730, #3197, #2418 ) ;
#1483 = ORIENTED_EDGE ( 'NONE', *, *, #4185, .T. ) ;
#1484 = DIRECTION ( 'NONE',  ( 0.000000000000000000, 0.000000000000000000, 1.000000000000000000 ) ) ;
#1485 = CARTESIAN_POINT ( 'NONE',  ( 30.67268738555858576, -8.606059653336554760, 42.00000000000000000 ) ) ;
#1486 = DIRECTION ( 'NONE',  ( -1.000000000000000000, 0.000000000000000000, 1.734723475976807094E-15 ) ) ;
#1487 = CARTESIAN_POINT ( 'NONE',  ( 31.87648978952707779, -11.35063898633022994, 42.31981470171685089 ) ) ;
#1488 = CIRCLE ( 'NONE', #987, 7.949999999999998401 ) ;
#1489 = ORIENTED_EDGE ( 'NONE', *, *, #109, .T. ) ;
#1490 = EDGE_CURVE ( 'NONE', #6426, #1597, #9028, .T. ) ;
#1491 = ADVANCED_FACE ( 'NONE', ( #10030, #1624, #82 ), #7775, .T. ) ;
#1492 = EDGE_CURVE ( 'NONE', #9694, #9125, #2491, .T. ) ;
#1493 = AXIS2_PLACEMENT_3D ( 'NONE', #1782, #1832, #7982 ) ;
#1494 = ORIENTED_EDGE ( 'NONE', *, *, #8390, .T. ) ;
#1495 = DIRECTION ( 'NONE',  ( 0.000000000000000000, -1.000000000000000000, 0.000000000000000000 ) ) ;
#1496 = CARTESIAN_POINT ( 'NONE',  ( 43.49999999999972289, -3.199999999999998845, -28.15000000000028635 ) ) ;
#1497 = DIRECTION ( 'NONE',  ( 1.000000000000000000, 0.000000000000000000, -1.387778780781445676E-16 ) ) ;
#1498 = VERTEX_POINT ( 'NONE', #4748 ) ;
#1499 = VECTOR ( 'NONE', #8171, 1000.000000000000000 ) ;
#1500 = VERTEX_POINT ( 'NONE', #7673 ) ;
#1501 = ORIENTED_EDGE ( 'NONE', *, *, #2941, .F. ) ;
#1502 = EDGE_CURVE ( 'NONE', #5835, #4833, #4933, .T. ) ;
#1503 = CIRCLE ( 'NONE', #5273, 1.000000000000000888 ) ;
#1504 = CARTESIAN_POINT ( 'NONE',  ( 36.80422069498658288, -6.279011070564772368, -42.00000000000000711 ) ) ;
#1505 = DIRECTION ( 'NONE',  ( 0.000000000000000000, 1.000000000000000000, 0.000000000000000000 ) ) ;
#1506 = CARTESIAN_POINT ( 'NONE',  ( -33.45094339622630741, -11.60000000000000320, 44.48985553414034655 ) ) ;
#1507 = DIRECTION ( 'NONE',  ( 0.000000000000000000, -1.000000000000000000, 0.000000000000000000 ) ) ;
#1508 = VECTOR ( 'NONE', #3765, 1000.000000000000000 ) ;
#1509 = CARTESIAN_POINT ( 'NONE',  ( -50.00000000000000711, 0.000000000000000000, -42.49999999999999289 ) ) ;
#1510 = CARTESIAN_POINT ( 'NONE',  ( -31.29999999999983373, 1.000000000000000000, -48.00000000000000711 ) ) ;
#1511 = CARTESIAN_POINT ( 'NONE',  ( 40.57113122495489677, -10.67618230987069694, 42.00000000000000711 ) ) ;
#1512 = DIRECTION ( 'NONE',  ( 0.000000000000000000, 0.000000000000000000, 1.000000000000000000 ) ) ;
#1513 = EDGE_LOOP ( 'NONE', ( #6613, #7034 ) ) ;
#1514 = CIRCLE ( 'NONE', #5935, 1.000000000000000888 ) ;
#1515 = ORIENTED_EDGE ( 'NONE', *, *, #1875, .T. ) ;
#1516 = CARTESIAN_POINT ( 'NONE',  ( -35.75073045732360555, -8.627244309128116129, -41.86107398059278495 ) ) ;
#1517 = B_SPLINE_CURVE_WITH_KNOTS ( 'NONE', 3,
 ( #2498, #7933, #3177, #7068, #8619, #5636, #9378, #8763, #186, #8024, #2353, #241 ),
 .UNSPECIFIED., .F., .F.,
 ( 4, 2, 2, 2, 2, 4 ),
 ( 0.0003103933110299270277, 0.001716886067310596266, 0.003123378823591265504, 0.003826625201731598605, 0.004529871579871931273, 0.005936364336152598342 ),
 .UNSPECIFIED. ) ;
#1518 = AXIS2_PLACEMENT_3D ( 'NONE', #1743, #6612, #1226 ) ;
#1519 = CARTESIAN_POINT ( 'NONE',  ( -27.09999999999737241, -5.000000000000000000, -41.99999999999885603 ) ) ;
#1520 = DIRECTION ( 'NONE',  ( 0.000000000000000000, 1.000000000000000000, 0.000000000000000000 ) ) ;
#1521 = CARTESIAN_POINT ( 'NONE',  ( 39.06075043597946461, -5.676101925916055890, 42.00000000000002132 ) ) ;
#1522 = AXIS2_PLACEMENT_3D ( 'NONE', #2933, #5138, #5083 ) ;
#1523 = CARTESIAN_POINT ( 'NONE',  ( -24.70000000000000995, 1.000000000000000000, -43.45000000000000995 ) ) ;
#1524 = ORIENTED_EDGE ( 'NONE', *, *, #6460, .F. ) ;
#1525 = CARTESIAN_POINT ( 'NONE',  ( 29.77233235401938316, -7.984661956084797119, 47.02784870590979693 ) ) ;
#1526 = DIRECTION ( 'NONE',  ( 1.000000000000000000, 0.000000000000000000, -1.047444401652940007E-14 ) ) ;
#1527 = ADVANCED_FACE ( 'NONE', ( #5008 ), #2584, .T. ) ;
#1528 = ORIENTED_EDGE ( 'NONE', *, *, #1930, .F. ) ;
#1529 = EDGE_LOOP ( 'NONE', ( #165, #3288, #1220, #5009 ) ) ;
#1530 = VECTOR ( 'NONE', #9648, 1000.000000000000000 ) ;
#1531 = VERTEX_POINT ( 'NONE', #2436 ) ;
#1532 = EDGE_CURVE ( 'NONE', #8296, #6914, #9653, .T. ) ;
#1533 = CARTESIAN_POINT ( 'NONE',  ( 24.70000000000261764, -3.499999999999999556, 45.79999999999864713 ) ) ;
#1534 = EDGE_LOOP ( 'NONE', ( #6019, #1149, #4268, #8683 ) ) ;
#1535 = CARTESIAN_POINT ( 'NONE',  ( -38.09999999999914166, -3.199999999999999734, 50.00000000000167688 ) ) ;
#1536 = CARTESIAN_POINT ( 'NONE',  ( -24.69999999999738094, 1.000000000000000000, 43.44999999999865281 ) ) ;
#1537 = VECTOR ( 'NONE', #7999, 1000.000000000000000 ) ;
#1538 = FACE_OUTER_BOUND ( 'NONE', #5426, .T. ) ;
#1539 = CARTESIAN_POINT ( 'NONE',  ( -45.80000000000062244, -5.000000000000000000, -26.24999999999800337 ) ) ;
#1540 = DIRECTION ( 'NONE',  ( 0.000000000000000000, 0.000000000000000000, 1.000000000000000000 ) ) ;
#1541 = STYLED_ITEM ( 'NONE', ( #6023 ), #5506 ) ;
#1542 = AXIS2_PLACEMENT_3D ( 'NONE', #9427, #5535, #4671 ) ;
#1543 = ORIENTED_EDGE ( 'NONE', *, *, #4935, .F. ) ;
#1544 = CIRCLE ( 'NONE', #4968, 1.550000000000002709 ) ;
#1545 = VECTOR ( 'NONE', #1074, 1000.000000000000000 ) ;
#1546 = EDGE_LOOP ( 'NONE', ( #5183, #7167 ) ) ;
#1547 = CARTESIAN_POINT ( 'NONE',  ( 30.49999999999948486, -3.199999999999999289, -50.00000000000071054 ) ) ;
#1548 = LINE ( 'NONE', #1449, #1896 ) ;
#1549 = AXIS2_PLACEMENT_3D ( 'NONE', #5676, #7918, #5622 ) ;
#1550 = DIRECTION ( 'NONE',  ( 1.387778780781445676E-16, 0.000000000000000000, 1.000000000000000000 ) ) ;
#1551 = TOROIDAL_SURFACE ( 'NONE', #2046, 0.9499999999999998446, 3.399999999999999911 ) ;
#1552 = ADVANCED_FACE ( 'NONE', ( #7254 ), #6092, .F. ) ;
#1553 = EDGE_CURVE ( 'NONE', #3393, #6699, #1049, .T. ) ;
#1554 = ORIENTED_EDGE ( 'NONE', *, *, #2929, .F. ) ;
#1555 = CIRCLE ( 'NONE', #8090, 1.549999999999999378 ) ;
#1556 = ORIENTED_EDGE ( 'NONE', *, *, #2709, .F. ) ;
#1557 = EDGE_LOOP ( 'NONE', ( #4310, #1622 ) ) ;
#1558 = VECTOR ( 'NONE', #8156, 1000.000000000000000 ) ;
#1559 = LINE ( 'NONE', #9443, #7726 ) ;
#1560 = LINE ( 'NONE', #6128, #5570 ) ;
#1561 = DIRECTION ( 'NONE',  ( -0.000000000000000000, 1.000000000000000000, -0.000000000000000000 ) ) ;
#1562 = CARTESIAN_POINT ( 'NONE',  ( -38.09999999999983800, -3.199999999999999734, -43.50000000000001421 ) ) ;
#1563 = VECTOR ( 'NONE', #5144, 1000.000000000000000 ) ;
#1564 = DIRECTION ( 'NONE',  ( 0.000000000000000000, -1.000000000000000000, 0.000000000000000000 ) ) ;
#1565 = CARTESIAN_POINT ( 'NONE',  ( 29.25206127377781939, -7.877734870317127935, 43.01620059276593366 ) ) ;
#1566 = CARTESIAN_POINT ( 'NONE',  ( 40.81825759437696632, -10.02367579349898818, 42.00000000000000711 ) ) ;
#1567 = CARTESIAN_POINT ( 'NONE',  ( -45.80000000000062244, -8.000000000000001776, -23.14999999999800551 ) ) ;
#1568 = EDGE_CURVE ( 'NONE', #8847, #23, #5922, .T. ) ;
#1569 = EDGE_CURVE ( 'NONE', #2442, #9714, #7223, .T. ) ;
#1570 = AXIS2_PLACEMENT_3D ( 'NONE', #6554, #2650, #5125 ) ;
#1571 = ORIENTED_EDGE ( 'NONE', *, *, #905, .F. ) ;
#1572 = ORIENTED_EDGE ( 'NONE', *, *, #7505, .F. ) ;
#1573 = ORIENTED_EDGE ( 'NONE', *, *, #9635, .F. ) ;
#1574 = DIRECTION ( 'NONE',  ( 1.387778780781445676E-16, -0.000000000000000000, 1.000000000000000000 ) ) ;
#1575 = CIRCLE ( 'NONE', #582, 1.000000000000000888 ) ;
#1576 = DIRECTION ( 'NONE',  ( 0.000000000000000000, 0.000000000000000000, -1.000000000000000000 ) ) ;
#1577 = CARTESIAN_POINT ( 'NONE',  ( 35.68163290817727784, -14.73075416748544519, -42.22236162831780604 ) ) ;
#1578 = CARTESIAN_POINT ( 'NONE',  ( -40.00000000000000711, -15.00000000000000355, -45.15000000000001279 ) ) ;
#1579 = CYLINDRICAL_SURFACE ( 'NONE', #9982, 4.349999999999999645 ) ;
#1580 = EDGE_LOOP ( 'NONE', ( #1999, #5462, #790, #859 ) ) ;
#1581 = CARTESIAN_POINT ( 'NONE',  ( 41.49999999999983658, -1.000000000000001776, 42.00000000000000711 ) ) ;
#1582 = CIRCLE ( 'NONE', #430, 1.550000000000002709 ) ;
#1583 = DIRECTION ( 'NONE',  ( 0.000000000000000000, 0.000000000000000000, 1.000000000000000000 ) ) ;
#1584 = VERTEX_POINT ( 'NONE', #907 ) ;
#1585 = VERTEX_POINT ( 'NONE', #175 ) ;
#1586 = ORIENTED_EDGE ( 'NONE', *, *, #9014, .F. ) ;
#1587 = CARTESIAN_POINT ( 'NONE',  ( 30.09999999999983089, -8.000000000000001776, -48.00000000000000711 ) ) ;
#1588 = AXIS2_PLACEMENT_3D ( 'NONE', #1610, #3202, #2235 ) ;
#1589 = DIRECTION ( 'NONE',  ( -0.6412935880555895585, 0.000000000000000000, -0.7672955974842995408 ) ) ;
#1590 = VERTEX_POINT ( 'NONE', #6437 ) ;
#1591 = CARTESIAN_POINT ( 'NONE',  ( -42.00000000000014921, -6.298004552961697478, -40.16823688513974133 ) ) ;
#1592 = CARTESIAN_POINT ( 'NONE',  ( -24.69999999999738094, -3.499999999999999556, 45.79999999999864713 ) ) ;
#1593 = DIRECTION ( 'NONE',  ( -1.396592535537253342E-14, -0.000000000000000000, -1.000000000000000000 ) ) ;
#1594 = CARTESIAN_POINT ( 'NONE',  ( -43.49999999999987921, -3.199999999999999734, -38.09999999999998721 ) ) ;
#1595 = EDGE_CURVE ( 'NONE', #5423, #1728, #5722, .T. ) ;
#1596 = EDGE_CURVE ( 'NONE', #1080, #853, #5678, .T. ) ;
#1597 = VERTEX_POINT ( 'NONE', #1772 ) ;
#1598 = VERTEX_POINT ( 'NONE', #4898 ) ;
#1599 = DIRECTION ( 'NONE',  ( -0.000000000000000000, -0.000000000000000000, 1.000000000000000000 ) ) ;
#1600 = DIRECTION ( 'NONE',  ( 0.000000000000000000, 0.000000000000000000, -1.000000000000000000 ) ) ;
#1601 = PLANE ( 'NONE',  #1702 ) ;
#1602 = VERTEX_POINT ( 'NONE', #8014 ) ;
#1603 = ORIENTED_EDGE ( 'NONE', *, *, #1252, .F. ) ;
#1604 = ORIENTED_EDGE ( 'NONE', *, *, #7944, .F. ) ;
#1605 = CARTESIAN_POINT ( 'NONE',  ( 35.72419598204034230, -8.725374599149102295, -42.00000000000000000 ) ) ;
#1606 = CARTESIAN_POINT ( 'NONE',  ( -30.13681086057862046, -8.000000000000001776, -48.00000000000000711 ) ) ;
#1607 = LINE ( 'NONE', #10116, #8737 ) ;
#1608 = CARTESIAN_POINT ( 'NONE',  ( -37.49999999999999289, -9.000000000000001776, 42.89999999999999147 ) ) ;
#1609 = CARTESIAN_POINT ( 'NONE',  ( -30.49999999999983302, -3.199999999999999289, -43.50000000000001421 ) ) ;
#1610 = CARTESIAN_POINT ( 'NONE',  ( -48.00000000000012079, -0.1999999999999999833, -31.29999999999966676 ) ) ;
#1611 = LINE ( 'NONE', #7241, #993 ) ;
#1612 = DIRECTION ( 'NONE',  ( 1.181088324069316513E-14, 0.000000000000000000, 1.000000000000000000 ) ) ;
#1613 = EDGE_LOOP ( 'NONE', ( #3118, #4911 ) ) ;
#1614 = VERTEX_POINT ( 'NONE', #130 ) ;
#1615 = EDGE_CURVE ( 'NONE', #5223, #2772, #10004, .T. ) ;
#1616 = CARTESIAN_POINT ( 'NONE',  ( -49.99999999999990052, 0.000000000000000000, 31.30000000000000782 ) ) ;
#1617 = DIRECTION ( 'NONE',  ( -4.476705744456268255E-15, 0.000000000000000000, -1.000000000000000000 ) ) ;
#1618 = EDGE_CURVE ( 'NONE', #9587, #5856, #2631, .T. ) ;
#1619 = EDGE_CURVE ( 'NONE', #1453, #6090, #18, .T. ) ;
#1620 = CARTESIAN_POINT ( 'NONE',  ( 40.97740898502253515, -8.126962523660791859, 47.99999999999999289 ) ) ;
#1621 = DIRECTION ( 'NONE',  ( -1.000000000000000000, -0.000000000000000000, 3.491481338843133355E-15 ) ) ;
#1622 = ORIENTED_EDGE ( 'NONE', *, *, #8817, .T. ) ;
#1623 = CARTESIAN_POINT ( 'NONE',  ( 43.50000000000039790, -3.199999999999999734, 36.54999999999967741 ) ) ;
#1624 = FACE_BOUND ( 'NONE', #6007, .T. ) ;
#1625 = ORIENTED_EDGE ( 'NONE', *, *, #4311, .T. ) ;
#1626 = ORIENTED_EDGE ( 'NONE', *, *, #1311, .F. ) ;
#1627 = EDGE_LOOP ( 'NONE', ( #4323, #351, #2824, #1174 ) ) ;
#1628 = EDGE_CURVE ( 'NONE', #4222, #8522, #1816, .T. ) ;
#1629 = FACE_OUTER_BOUND ( 'NONE', #3156, .T. ) ;
#1630 = EDGE_CURVE ( 'NONE', #2057, #5521, #6392, .T. ) ;
#1631 = DIRECTION ( 'NONE',  ( -0.000000000000000000, -0.000000000000000000, 1.000000000000000000 ) ) ;
#1632 = CARTESIAN_POINT ( 'NONE',  ( -49.00000000000000711, 7.750000000000000000, -42.49999999999999289 ) ) ;
#1633 = ORIENTED_EDGE ( 'NONE', *, *, #4378, .T. ) ;
#1634 = DIRECTION ( 'NONE',  ( -1.000000000000000000, -0.000000000000000000, 3.491481338843133355E-15 ) ) ;
#1635 = CARTESIAN_POINT ( 'NONE',  ( 48.99999999999999289, 1.000000000000000000, -31.30000000000034888 ) ) ;
#1636 = CYLINDRICAL_SURFACE ( 'NONE', #9108, 2.349999999999997868 ) ;
#1637 = DIRECTION ( 'NONE',  ( -1.000000000000000000, 0.000000000000000000, 3.491481338843133355E-15 ) ) ;
#1638 = EDGE_LOOP ( 'NONE', ( #3892, #8323, #1360, #8944 ) ) ;
#1639 = EDGE_CURVE ( 'NONE', #4721, #4701, #2482, .T. ) ;
#1640 = EDGE_CURVE ( 'NONE', #1698, #5068, #7305, .T. ) ;
#1641 = VERTEX_POINT ( 'NONE', #8899 ) ;
#1642 = CARTESIAN_POINT ( 'NONE',  ( -42.00000000000014211, -3.199999999999999734, -38.09999999999998010 ) ) ;
#1643 = CARTESIAN_POINT ( 'NONE',  ( -50.00000000000000711, 1.000000000000000000, -50.00000000000000711 ) ) ;
#1644 = VECTOR ( 'NONE', #9686, 1000.000000000000000 ) ;
#1645 = CARTESIAN_POINT ( 'NONE',  ( 41.99999999999968736, -3.199999999999999289, -30.49999999999968736 ) ) ;
#1646 = EDGE_CURVE ( 'NONE', #1787, #3568, #1877, .T. ) ;
#1647 = EDGE_LOOP ( 'NONE', ( #6938, #9469 ) ) ;
#1648 = ORIENTED_EDGE ( 'NONE', *, *, #6651, .T. ) ;
#1649 = ORIENTED_EDGE ( 'NONE', *, *, #2804, .F. ) ;
#1650 = AXIS2_PLACEMENT_3D ( 'NONE', #5067, #3326, #6401 ) ;
#1651 = EDGE_CURVE ( 'NONE', #9224, #449, #88, .T. ) ;
#1652 = CARTESIAN_POINT ( 'NONE',  ( 36.30239225933544134, -6.929351519428181838, -42.00000000000000711 ) ) ;
#1653 = CARTESIAN_POINT ( 'NONE',  ( -38.69222881987304419, -11.23446321510873425, -48.00000000000001421 ) ) ;
#1654 = CARTESIAN_POINT ( 'NONE',  ( -28.95000000000041496, -3.199999999999999289, -42.00000000000001421 ) ) ;
#1655 = DIRECTION ( 'NONE',  ( 0.000000000000000000, 1.000000000000000000, 0.000000000000000000 ) ) ;
#1656 = DIRECTION ( 'NONE',  ( -1.000000000000000000, 0.000000000000000000, 3.491481338843133355E-15 ) ) ;
#1657 = CARTESIAN_POINT ( 'NONE',  ( -40.00000000000000000, -1.000000000000000000, 14.99999999999982059 ) ) ;
#1658 = FACE_OUTER_BOUND ( 'NONE', #4236, .T. ) ;
#1659 = VECTOR ( 'NONE', #7509, 1000.000000000000000 ) ;
#1660 = DIRECTION ( 'NONE',  ( -0.000000000000000000, -1.000000000000000000, -0.000000000000000000 ) ) ;
#1661 = EDGE_CURVE ( 'NONE', #9218, #5505, #2315, .T. ) ;
#1662 = ORIENTED_EDGE ( 'NONE', *, *, #1363, .T. ) ;
#1663 = ORIENTED_EDGE ( 'NONE', *, *, #9351, .F. ) ;
#1664 = AXIS2_PLACEMENT_3D ( 'NONE', #8073, #1053, #9815 ) ;
#1665 = DIRECTION ( 'NONE',  ( -1.000000000000000000, 0.000000000000000000, 0.000000000000000000 ) ) ;
#1666 = CIRCLE ( 'NONE', #10012, 4.000000000000003553 ) ;
#1667 = DIRECTION ( 'NONE',  ( -0.000000000000000000, 1.000000000000000000, -0.000000000000000000 ) ) ;
#1668 = CARTESIAN_POINT ( 'NONE',  ( 38.21365002641802278, -8.989843095352542335, 48.00000000000002132 ) ) ;
#1669 = CYLINDRICAL_SURFACE ( 'NONE', #6081, 1.550000000000002709 ) ;
#1670 = ORIENTED_EDGE ( 'NONE', *, *, #2967, .F. ) ;
#1671 = DIRECTION ( 'NONE',  ( 0.000000000000000000, 0.000000000000000000, 1.000000000000000000 ) ) ;
#1672 = VECTOR ( 'NONE', #8947, 1000.000000000000000 ) ;
#1673 = CARTESIAN_POINT ( 'NONE',  ( -24.69999999999752660, -3.499999999999999556, 45.80000000000087823 ) ) ;
#1674 = EDGE_LOOP ( 'NONE', ( #2973, #964 ) ) ;
#1675 = CIRCLE ( 'NONE', #352, 1.550000000000002709 ) ;
#1676 = EDGE_CURVE ( 'NONE', #3787, #6287, #5260, .T. ) ;
#1677 = ORIENTED_EDGE ( 'NONE', *, *, #8413, .F. ) ;
#1678 = EDGE_CURVE ( 'NONE', #2501, #8871, #437, .T. ) ;
#1679 = AXIS2_PLACEMENT_3D ( 'NONE', #135, #6308, #3270 ) ;
#1680 = DIRECTION ( 'NONE',  ( -0.000000000000000000, 1.000000000000000000, -0.000000000000000000 ) ) ;
#1681 = CARTESIAN_POINT ( 'NONE',  ( -16.59999999999738662, -1.000000000000000000, -50.00000000000000711 ) ) ;
#1682 = LINE ( 'NONE', #6355, #9177 ) ;
#1683 = VERTEX_POINT ( 'NONE', #9152 ) ;
#1684 = AXIS2_PLACEMENT_3D ( 'NONE', #1195, #9859, #8326 ) ;
#1685 = LINE ( 'NONE', #5731, #6447 ) ;
#1686 = CARTESIAN_POINT ( 'NONE',  ( 45.80000000000062244, -3.499999999999999556, 22.34999999999800835 ) ) ;
#1687 = DIRECTION ( 'NONE',  ( 0.000000000000000000, 0.000000000000000000, 1.000000000000000000 ) ) ;
#1688 = CARTESIAN_POINT ( 'NONE',  ( -35.57373410126431423, -13.31493065736638037, -41.99999999999999289 ) ) ;
#1689 = AXIS2_PLACEMENT_3D ( 'NONE', #642, #9871, #5993 ) ;
#1690 = EDGE_CURVE ( 'NONE', #9773, #1641, #1976, .T. ) ;
#1691 = ORIENTED_EDGE ( 'NONE', *, *, #44, .F. ) ;
#1692 = VECTOR ( 'NONE', #3959, 1000.000000000000000 ) ;
#1693 = DIRECTION ( 'NONE',  ( -1.000000000000000000, 0.000000000000000000, 3.491481338843133355E-15 ) ) ;
#1694 = ORIENTED_EDGE ( 'NONE', *, *, #2875, .F. ) ;
#1695 = CARTESIAN_POINT ( 'NONE',  ( -34.26625777343821966, -5.986271465577339690, 42.00000000000000711 ) ) ;
#1696 = LINE ( 'NONE', #8821, #5834 ) ;
#1697 = DIRECTION ( 'NONE',  ( 0.000000000000000000, 1.000000000000000000, 0.000000000000000000 ) ) ;
#1698 = VERTEX_POINT ( 'NONE', #1147 ) ;
#1699 = AXIS2_PLACEMENT_3D ( 'NONE', #515, #7592, #2114 ) ;
#1700 = ORIENTED_EDGE ( 'NONE', *, *, #2100, .F. ) ;
#1701 = VERTEX_POINT ( 'NONE', #9865 ) ;
#1702 = AXIS2_PLACEMENT_3D ( 'NONE', #2266, #8568, #5396 ) ;
#1703 = AXIS2_PLACEMENT_3D ( 'NONE', #7570, #1315, #2142 ) ;
#1704 = LINE ( 'NONE', #3805, #9052 ) ;
#1705 = CARTESIAN_POINT ( 'NONE',  ( 49.00000000000000711, -1.000000000000000000, 48.99999999999999289 ) ) ;
#1706 = EDGE_CURVE ( 'NONE', #4920, #9011, #484, .T. ) ;
#1707 = DIRECTION ( 'NONE',  ( -1.000000000000000000, 0.000000000000000000, 0.000000000000000000 ) ) ;
#1708 = DIRECTION ( 'NONE',  ( 1.000000000000000000, 0.000000000000000000, 0.000000000000000000 ) ) ;
#1709 = DIRECTION ( 'NONE',  ( -0.000000000000000000, 1.000000000000000000, -0.000000000000000000 ) ) ;
#1710 = CARTESIAN_POINT ( 'NONE',  ( 50.00000000000000711, 0.000000000000000000, 41.49999999999933209 ) ) ;
#1711 = CARTESIAN_POINT ( 'NONE',  ( -40.00000000000000711, -5.025393101198560863, -42.00000000000000711 ) ) ;
#1712 = AXIS2_PLACEMENT_3D ( 'NONE', #874, #4005, #1950 ) ;
#1713 = CARTESIAN_POINT ( 'NONE',  ( 30.13681086057862046, -8.000000000000001776, -48.00000000000000711 ) ) ;
#1714 = VERTEX_POINT ( 'NONE', #7402 ) ;
#1715 = AXIS2_PLACEMENT_3D ( 'NONE', #589, #2278, #6283 ) ;
#1716 = ORIENTED_EDGE ( 'NONE', *, *, #8960, .F. ) ;
#1717 = ORIENTED_EDGE ( 'NONE', *, *, #4739, .T. ) ;
#1718 = VECTOR ( 'NONE', #9400, 1000.000000000000000 ) ;
#1719 = PLANE ( 'NONE',  #3302 ) ;
#1720 = CIRCLE ( 'NONE', #7444, 2.349999999999997868 ) ;
#1721 = CARTESIAN_POINT ( 'NONE',  ( -40.00000000000000711, -9.000000000000001776, -42.80000000000001137 ) ) ;
#1722 = CARTESIAN_POINT ( 'NONE',  ( 41.76611543741147159, -8.017416039492232471, 48.00000000000001421 ) ) ;
#1723 = DIRECTION ( 'NONE',  ( 0.000000000000000000, 0.000000000000000000, 1.000000000000000000 ) ) ;
#1724 = CARTESIAN_POINT ( 'NONE',  ( 31.84445400737658716, -8.637987801436217694, 42.57649785150062627 ) ) ;
#1725 = VECTOR ( 'NONE', #5948, 1000.000000000000000 ) ;
#1726 = DIRECTION ( 'NONE',  ( -1.000000000000000000, -0.000000000000000000, 3.491481338843133355E-15 ) ) ;
#1727 = ORIENTED_EDGE ( 'NONE', *, *, #7992, .T. ) ;
#1728 = VERTEX_POINT ( 'NONE', #5832 ) ;
#1729 = AXIS2_PLACEMENT_3D ( 'NONE', #6655, #9003, #3570 ) ;
#1730 = CARTESIAN_POINT ( 'NONE',  ( -50.00000000000000711, 1.000000000000000000, -50.00000000000000711 ) ) ;
#1731 = CARTESIAN_POINT ( 'NONE',  ( -49.00000000000000711, 0.000000000000000000, -41.49999999999999289 ) ) ;
#1732 = DIRECTION ( 'NONE',  ( 1.000000000000000000, 0.000000000000000000, 0.000000000000000000 ) ) ;
#1733 = ORIENTED_EDGE ( 'NONE', *, *, #2100, .T. ) ;
#1734 = VECTOR ( 'NONE', #3539, 1000.000000000000000 ) ;
#1735 = CARTESIAN_POINT ( 'NONE',  ( -27.09999999999983089, -0.1999999999999999833, -50.00000000000000711 ) ) ;
#1736 = ADVANCED_FACE ( 'NONE', ( #1359 ), #9919, .T. ) ;
#1737 = CARTESIAN_POINT ( 'NONE',  ( -42.00000000000011369, -8.000000000000001776, -30.09999999999968523 ) ) ;
#1738 = CARTESIAN_POINT ( 'NONE',  ( 40.00000000000000711, -15.00000000000000355, -42.80000000000001137 ) ) ;
#1739 = DIRECTION ( 'NONE',  ( -0.000000000000000000, 1.000000000000000000, -0.000000000000000000 ) ) ;
#1740 = ORIENTED_EDGE ( 'NONE', *, *, #2167, .T. ) ;
#1741 = AXIS2_PLACEMENT_3D ( 'NONE', #7266, #5537, #3378 ) ;
#1742 = ORIENTED_EDGE ( 'NONE', *, *, #5058, .T. ) ;
#1743 = CARTESIAN_POINT ( 'NONE',  ( 30.49999999999983302, -3.199999999999999289, -43.50000000000001421 ) ) ;
#1744 = EDGE_CURVE ( 'NONE', #3428, #8781, #8032, .T. ) ;
#1745 = EDGE_CURVE ( 'NONE', #10074, #2215, #9359, .T. ) ;
#1746 = ORIENTED_EDGE ( 'NONE', *, *, #5518, .F. ) ;
#1747 = ADVANCED_FACE ( 'NONE', ( #5054 ), #2850, .F. ) ;
#1748 = CARTESIAN_POINT ( 'NONE',  ( -37.19586187348502904, -5.000000000000001776, 42.00000000000000711 ) ) ;
#1749 = CARTESIAN_POINT ( 'NONE',  ( 45.80000000000062244, -3.499999999999999556, -24.70000000000199591 ) ) ;
#1750 = DIRECTION ( 'NONE',  ( -8.673617379884051249E-16, -0.000000000000000000, -1.000000000000000000 ) ) ;
#1751 = UNCERTAINTY_MEASURE_WITH_UNIT (LENGTH_MEASURE( 1.000000000000000082E-05 ), #2731, 'distance_accuracy_value', 'NONE');
#1752 = ORIENTED_EDGE ( 'NONE', *, *, #451, .T. ) ;
#1753 = ORIENTED_EDGE ( 'NONE', *, *, #2120, .F. ) ;
#1754 = ORIENTED_EDGE ( 'NONE', *, *, #1848, .F. ) ;
#1755 = DIRECTION ( 'NONE',  ( -4.476705744456268255E-15, 0.000000000000000000, -1.000000000000000000 ) ) ;
#1756 = DIRECTION ( 'NONE',  ( 1.000000000000000000, 0.000000000000000000, -1.387778780781445676E-16 ) ) ;
#1757 = EDGE_CURVE ( 'NONE', #9054, #4504, #1161, .T. ) ;
#1758 = LINE ( 'NONE', #4884, #55 ) ;
#1759 = DIRECTION ( 'NONE',  ( -0.000000000000000000, 1.000000000000000000, -0.000000000000000000 ) ) ;
#1760 = CARTESIAN_POINT ( 'NONE',  ( -24.69999999999752660, -5.000000000000000000, 44.25000000000088107 ) ) ;
#1761 = FACE_BOUND ( 'NONE', #8963, .T. ) ;
#1762 = LINE ( 'NONE', #9402, #6497 ) ;
#1763 = CYLINDRICAL_SURFACE ( 'NONE', #5767, 1.000000000000000888 ) ;
#1764 = ORIENTED_EDGE ( 'NONE', *, *, #4751, .F. ) ;
#1765 = ORIENTED_EDGE ( 'NONE', *, *, #5942, .T. ) ;
#1766 = DIRECTION ( 'NONE',  ( 4.476705744456268255E-15, 0.000000000000000000, 1.000000000000000000 ) ) ;
#1767 = CARTESIAN_POINT ( 'NONE',  ( -39.64999999999914593, -3.199999999999999734, 50.00000000000169820 ) ) ;
#1768 = CARTESIAN_POINT ( 'NONE',  ( 35.64869927265313265, -9.369698245453642826, 48.00000000000000711 ) ) ;
#1769 = CARTESIAN_POINT ( 'NONE',  ( -37.49999999999999289, -5.000000000000001776, 42.89999999999999147 ) ) ;
#1770 = ADVANCED_FACE ( 'NONE', ( #5875 ), #534, .T. ) ;
#1771 = FACE_OUTER_BOUND ( 'NONE', #6314, .T. ) ;
#1772 = CARTESIAN_POINT ( 'NONE',  ( 42.00000000000066080, -5.000000000000000000, 27.10000000000163922 ) ) ;
#1773 = ORIENTED_EDGE ( 'NONE', *, *, #1490, .T. ) ;
#1774 = ORIENTED_EDGE ( 'NONE', *, *, #8664, .F. ) ;
#1775 = CARTESIAN_POINT ( 'NONE',  ( 31.29999999999983373, 0.000000000000000000, -49.00000000000000711 ) ) ;
#1776 = DIRECTION ( 'NONE',  ( 0.000000000000000000, 1.000000000000000000, -0.000000000000000000 ) ) ;
#1777 = DIRECTION ( 'NONE',  ( -1.000000000000000000, -0.000000000000000000, 0.000000000000000000 ) ) ;
#1778 = VERTEX_POINT ( 'NONE', #4489 ) ;
#1779 = DIRECTION ( 'NONE',  ( -0.000000000000000000, 1.000000000000000000, -0.000000000000000000 ) ) ;
#1780 = DIRECTION ( 'NONE',  ( 3.491481338843133355E-15, -0.000000000000000000, 1.000000000000000000 ) ) ;
#1781 = CARTESIAN_POINT ( 'NONE',  ( 35.74999999999983658, -3.199999999999999734, -43.50000000000001421 ) ) ;
#1782 = CARTESIAN_POINT ( 'NONE',  ( -42.50000000000000711, 1.000000000000000000, -49.00000000000000711 ) ) ;
#1783 = EDGE_LOOP ( 'NONE', ( #9164, #3219, #7763, #6222 ) ) ;
#1784 = EDGE_CURVE ( 'NONE', #3986, #9619, #7711, .T. ) ;
#1785 = EDGE_LOOP ( 'NONE', ( #717, #183, #6262, #7928 ) ) ;
#1786 = DIRECTION ( 'NONE',  ( 0.000000000000000000, 0.000000000000000000, -1.000000000000000000 ) ) ;
#1787 = VERTEX_POINT ( 'NONE', #5106 ) ;
#1788 = CARTESIAN_POINT ( 'NONE',  ( -47.99999999999989342, 1.000000000000000000, 31.30000000000000071 ) ) ;
#1789 = DIRECTION ( 'NONE',  ( 1.000000000000000000, 0.000000000000000000, -9.607699251563847759E-15 ) ) ;
#1790 = CARTESIAN_POINT ( 'NONE',  ( 41.99999999999969447, -8.000000000000005329, -32.28811281825392854 ) ) ;
#1791 = ORIENTED_EDGE ( 'NONE', *, *, #423, .T. ) ;
#1792 = EDGE_CURVE ( 'NONE', #1590, #8034, #8224, .T. ) ;
#1793 = EDGE_CURVE ( 'NONE', #4230, #8889, #1203, .T. ) ;
#1794 = EDGE_LOOP ( 'NONE', ( #2305, #5945, #4646, #3622 ) ) ;
#1795 = EDGE_CURVE ( 'NONE', #5429, #7522, #8285, .T. ) ;
#1796 = EDGE_LOOP ( 'NONE', ( #3578, #5905 ) ) ;
#1797 = DIRECTION ( 'NONE',  ( -1.000000000000000000, 0.000000000000000000, 0.000000000000000000 ) ) ;
#1798 = CARTESIAN_POINT ( 'NONE',  ( -31.74287188724211362, -8.112272777429250681, -48.00000000000001421 ) ) ;
#1799 = VECTOR ( 'NONE', #9842, 1000.000000000000000 ) ;
#1800 = DIRECTION ( 'NONE',  ( 0.000000000000000000, 0.000000000000000000, 1.000000000000000000 ) ) ;
#1801 = CARTESIAN_POINT ( 'NONE',  ( 40.00000000000000711, -15.00000000000000355, -38.45000000000000995 ) ) ;
#1802 = CARTESIAN_POINT ( 'NONE',  ( -40.00000000000000711, -8.000000000000001776, -42.80000000000001137 ) ) ;
#1803 = DIRECTION ( 'NONE',  ( -1.000000000000000000, -0.000000000000000000, 3.491481338843133750E-15 ) ) ;
#1804 = LINE ( 'NONE', #117, #3209 ) ;
#1805 = DIRECTION ( 'NONE',  ( 0.000000000000000000, 0.000000000000000000, -1.000000000000000000 ) ) ;
#1806 = ORIENTED_EDGE ( 'NONE', *, *, #4509, .T. ) ;
#1807 = VECTOR ( 'NONE', #8262, 1000.000000000000000 ) ;
#1808 = ORIENTED_EDGE ( 'NONE', *, *, #577, .F. ) ;
#1809 = EDGE_CURVE ( 'NONE', #5615, #8402, #1304, .T. ) ;
#1810 = VERTEX_POINT ( 'NONE', #4643 ) ;
#1811 = CARTESIAN_POINT ( 'NONE',  ( -37.80413812651494965, -5.000000000000001776, 42.00000000000000711 ) ) ;
#1812 = CIRCLE ( 'NONE', #3940, 2.350000000000001421 ) ;
#1813 = LINE ( 'NONE', #7247, #5616 ) ;
#1814 = FACE_OUTER_BOUND ( 'NONE', #7591, .T. ) ;
#1815 = DIRECTION ( 'NONE',  ( 0.000000000000000000, 0.000000000000000000, -1.000000000000000000 ) ) ;
#1816 = LINE ( 'NONE', #8069, #7552 ) ;
#1817 = ORIENTED_EDGE ( 'NONE', *, *, #824, .F. ) ;
#1818 = VECTOR ( 'NONE', #7409, 1000.000000000000000 ) ;
#1819 = ORIENTED_EDGE ( 'NONE', *, *, #806, .T. ) ;
#1820 = EDGE_CURVE ( 'NONE', #8654, #3742, #3814, .T. ) ;
#1821 = AXIS2_PLACEMENT_3D ( 'NONE', #9275, #8122, #4857 ) ;
#1822 = LINE ( 'NONE', #4130, #7384 ) ;
#1823 = CARTESIAN_POINT ( 'NONE',  ( 39.60604368818715670, -6.164045376551357869, 42.00000000000000711 ) ) ;
#1824 = AXIS2_PLACEMENT_3D ( 'NONE', #7604, #9101, #8370 ) ;
#1825 = CARTESIAN_POINT ( 'NONE',  ( -47.99999999999989342, 1.000000000000000000, 31.30000000000000071 ) ) ;
#1826 = ORIENTED_EDGE ( 'NONE', *, *, #1248, .F. ) ;
#1827 = EDGE_CURVE ( 'NONE', #524, #1778, #9353, .T. ) ;
#1828 = CARTESIAN_POINT ( 'NONE',  ( -24.69999999999816609, -8.000000000000001776, -45.80000000000054428 ) ) ;
#1829 = CARTESIAN_POINT ( 'NONE',  ( -14.99999999999982236, -1.000000000000000000, 40.00000000000000000 ) ) ;
#1830 = CARTESIAN_POINT ( 'NONE',  ( 27.09999999999983089, -5.000000000000000000, 42.00000000000000711 ) ) ;
#1831 = CIRCLE ( 'NONE', #6913, 1.549999999999999378 ) ;
#1832 = DIRECTION ( 'NONE',  ( -0.000000000000000000, 1.000000000000000000, -0.000000000000000000 ) ) ;
#1833 = ORIENTED_EDGE ( 'NONE', *, *, #9680, .F. ) ;
#1834 = VECTOR ( 'NONE', #512, 1000.000000000000000 ) ;
#1835 = EDGE_LOOP ( 'NONE', ( #2170, #7599, #244, #1272, #4213, #7857, #879 ) ) ;
#1836 = LINE ( 'NONE', #8303, #1725 ) ;
#1837 = VECTOR ( 'NONE', #1096, 1000.000000000000000 ) ;
#1838 = DIRECTION ( 'NONE',  ( 0.000000000000000000, 0.000000000000000000, -1.000000000000000000 ) ) ;
#1839 = ORIENTED_EDGE ( 'NONE', *, *, #9498, .T. ) ;
#1840 = DIRECTION ( 'NONE',  ( 0.000000000000000000, -1.000000000000000000, 0.000000000000000000 ) ) ;
#1841 = CIRCLE ( 'NONE', #3484, 24.99999999999999645 ) ;
#1842 = DIRECTION ( 'NONE',  ( -0.000000000000000000, -0.000000000000000000, -1.000000000000000000 ) ) ;
#1843 = LINE ( 'NONE', #4974, #1545 ) ;
#1844 = EDGE_LOOP ( 'NONE', ( #10149, #5081, #5217, #1483, #1237, #3490, #9624 ) ) ;
#1845 = ORIENTED_EDGE ( 'NONE', *, *, #1200, .F. ) ;
#1846 = VECTOR ( 'NONE', #977, 1000.000000000000000 ) ;
#1847 = ORIENTED_EDGE ( 'NONE', *, *, #1492, .F. ) ;
#1848 = EDGE_CURVE ( 'NONE', #2240, #9587, #3153, .T. ) ;
#1849 = CARTESIAN_POINT ( 'NONE',  ( -38.56764187154308132, -9.270778716610289294, 48.00000000000000000 ) ) ;
#1850 = CARTESIAN_POINT ( 'NONE',  ( 50.00000000000064659, -4.200000000000000178, -20.51918358845111356 ) ) ;
#1851 = ORIENTED_EDGE ( 'NONE', *, *, #2031, .T. ) ;
#1852 = CARTESIAN_POINT ( 'NONE',  ( 31.29999999999983373, -0.1999999999999999833, -48.00000000000000711 ) ) ;
#1853 = LINE ( 'NONE', #8107, #2706 ) ;
#1854 = EDGE_CURVE ( 'NONE', #5701, #972, #1465, .T. ) ;
#1855 = DIRECTION ( 'NONE',  ( 0.000000000000000000, 1.000000000000000000, 0.000000000000000000 ) ) ;
#1856 = CARTESIAN_POINT ( 'NONE',  ( 50.00000000000096634, -3.199999999999999734, 38.09999999999966036 ) ) ;
#1857 = DIRECTION ( 'NONE',  ( -1.000000000000000000, 0.000000000000000000, 0.000000000000000000 ) ) ;
#1858 = ADVANCED_FACE ( 'NONE', ( #8486 ), #9965, .F. ) ;
#1859 = VECTOR ( 'NONE', #6218, 1000.000000000000000 ) ;
#1860 = DIRECTION ( 'NONE',  ( -1.000000000000000000, 0.000000000000000000, 3.491481338843133355E-15 ) ) ;
#1861 = EDGE_LOOP ( 'NONE', ( #4401, #5226, #952, #7075 ) ) ;
#1862 = AXIS2_PLACEMENT_3D ( 'NONE', #969, #1019, #200 ) ;
#1863 = ORIENTED_EDGE ( 'NONE', *, *, #2675, .T. ) ;
#1864 = ORIENTED_EDGE ( 'NONE', *, *, #2192, .F. ) ;
#1865 = AXIS2_PLACEMENT_3D ( 'NONE', #10141, #5536, #3229 ) ;
#1866 = DIRECTION ( 'NONE',  ( -0.000000000000000000, 1.000000000000000000, -0.000000000000000000 ) ) ;
#1867 = CARTESIAN_POINT ( 'NONE',  ( 50.00000000000093081, -3.199999999999999289, -28.94999999999965823 ) ) ;
#1868 = EDGE_CURVE ( 'NONE', #5891, #1435, #7809, .T. ) ;
#1869 = DIRECTION ( 'NONE',  ( -1.396592535537253342E-14, -0.000000000000000000, -1.000000000000000000 ) ) ;
#1870 = CARTESIAN_POINT ( 'NONE',  ( -49.99999999999820233, -4.000000000000000000, -21.49897948556684213 ) ) ;
#1871 = EDGE_CURVE ( 'NONE', #9391, #4677, #3795, .T. ) ;
#1872 = AXIS2_PLACEMENT_3D ( 'NONE', #2857, #6657, #8293 ) ;
#1873 = EDGE_CURVE ( 'NONE', #446, #6459, #187, .T. ) ;
#1874 = CARTESIAN_POINT ( 'NONE',  ( 29.34138224294066788, -7.902498768074594615, 41.21305748820122972 ) ) ;
#1875 = EDGE_CURVE ( 'NONE', #1281, #3557, #5516, .T. ) ;
#1876 = AXIS2_PLACEMENT_3D ( 'NONE', #5983, #1302, #7349 ) ;
#1877 = LINE ( 'NONE', #1100, #9840 ) ;
#1878 = CIRCLE ( 'NONE', #4493, 2.349999999999997868 ) ;
#1879 = ORIENTED_EDGE ( 'NONE', *, *, #5668, .F. ) ;
#1880 = ORIENTED_EDGE ( 'NONE', *, *, #7073, .T. ) ;
#1881 = CARTESIAN_POINT ( 'NONE',  ( 43.50000000000031264, -3.199999999999999289, 28.94999999999967955 ) ) ;
#1882 = AXIS2_PLACEMENT_3D ( 'NONE', #10117, #10065, #3051 ) ;
#1883 = DIRECTION ( 'NONE',  ( 1.000000000000000000, -0.000000000000000000, -0.000000000000000000 ) ) ;
#1885 = DIRECTION ( 'NONE',  ( -0.000000000000000000, -0.000000000000000000, 1.000000000000000000 ) ) ;
#1884 = AXIS2_PLACEMENT_3D ( 'NONE', #8985, #4989, #2616 ) ;
#1886 = DIRECTION ( 'NONE',  ( -0.000000000000000000, -0.000000000000000000, 1.000000000000000000 ) ) ;
#1887 = ORIENTED_EDGE ( 'NONE', *, *, #8764, .F. ) ;
#1888 = CARTESIAN_POINT ( 'NONE',  ( -40.00000000000000711, -9.000000000000001776, -40.45000000000001705 ) ) ;
#1889 = DIRECTION ( 'NONE',  ( 6.982962677686267499E-15, -0.000000000000000000, 1.000000000000000000 ) ) ;
#1890 = AXIS2_PLACEMENT_3D ( 'NONE', #8314, #8937, #5041 ) ;
#1891 = CARTESIAN_POINT ( 'NONE',  ( -31.32898416276483289, -8.365909112195691222, -42.00000000000001421 ) ) ;
#1892 = ORIENTED_EDGE ( 'NONE', *, *, #6376, .T. ) ;
#1893 = CIRCLE ( 'NONE', #6641, 1.000000000000000888 ) ;
#1894 = ORIENTED_EDGE ( 'NONE', *, *, #3686, .T. ) ;
#1895 = LINE ( 'NONE', #5184, #2699 ) ;
#1896 = VECTOR ( 'NONE', #4576, 1000.000000000000000 ) ;
#1897 = DIRECTION ( 'NONE',  ( -1.000000000000000000, -0.000000000000000000, 1.047444401652940007E-14 ) ) ;
#1898 = EDGE_LOOP ( 'NONE', ( #1051, #8015, #1694, #5818, #2852 ) ) ;
#1899 = PLANE ( 'NONE',  #2364 ) ;
#1900 = EDGE_CURVE ( 'NONE', #1498, #273, #10070, .T. ) ;
#1901 = CARTESIAN_POINT ( 'NONE',  ( -50.00000000000000711, -1.000000000000000000, -50.00000000000000711 ) ) ;
#1902 = ADVANCED_FACE ( 'NONE', ( #4546, #6851 ), #3055, .T. ) ;
#1903 = DIRECTION ( 'NONE',  ( 1.000000000000000000, -0.000000000000000000, -0.000000000000000000 ) ) ;
#1904 = VECTOR ( 'NONE', #3026, 1000.000000000000000 ) ;
#1905 = ORIENTED_EDGE ( 'NONE', *, *, #46, .F. ) ;
#1906 = VERTEX_POINT ( 'NONE', #6190 ) ;
#1907 = ORIENTED_EDGE ( 'NONE', *, *, #6693, .T. ) ;
#1908 = CARTESIAN_POINT ( 'NONE',  ( -24.69999999999738094, -3.499999999999999556, 43.44999999999865281 ) ) ;
#1909 = VECTOR ( 'NONE', #9303, 1000.000000000000000 ) ;
#1910 = DIRECTION ( 'NONE',  ( -0.000000000000000000, 0.000000000000000000, -1.000000000000000000 ) ) ;
#1911 = ORIENTED_EDGE ( 'NONE', *, *, #9522, .F. ) ;
#1912 = DIRECTION ( 'NONE',  ( 1.000000000000000000, 0.000000000000000000, 0.000000000000000000 ) ) ;
#1913 = CARTESIAN_POINT ( 'NONE',  ( 50.00000000000093792, -3.199999999999999289, -30.49999999999965894 ) ) ;
#1914 = CARTESIAN_POINT ( 'NONE',  ( 24.69999999999848228, -5.000000000000000000, 45.80000000000036664 ) ) ;
#1915 = DIRECTION ( 'NONE',  ( -3.491481338843133355E-15, 0.000000000000000000, -1.000000000000000000 ) ) ;
#1916 = CARTESIAN_POINT ( 'NONE',  ( 43.49999999999959499, -3.199999999999999734, -39.64999999999968594 ) ) ;
#1917 = LINE ( 'NONE', #5045, #4127 ) ;
#1918 = ORIENTED_EDGE ( 'NONE', *, *, #7909, .F. ) ;
#1919 = ORIENTED_EDGE ( 'NONE', *, *, #4524, .F. ) ;
#1920 = VERTEX_POINT ( 'NONE', #9203 ) ;
#1921 = LINE ( 'NONE', #9699, #1672 ) ;
#1922 = CARTESIAN_POINT ( 'NONE',  ( -48.00000000000013500, -3.199999999999999734, -35.74999999999967315 ) ) ;
#1923 = CARTESIAN_POINT ( 'NONE',  ( 31.29999999999983373, 0.000000000000000000, -50.00000000000000711 ) ) ;
#1924 = CARTESIAN_POINT ( 'NONE',  ( 48.00000000000035527, -3.199999999999998845, 32.84999999999933351 ) ) ;
#1925 = FACE_OUTER_BOUND ( 'NONE', #8565, .T. ) ;
#1926 = CARTESIAN_POINT ( 'NONE',  ( -37.49999999999999289, -15.00000000000000355, 42.89999999999999147 ) ) ;
#1927 = VERTEX_POINT ( 'NONE', #9305 ) ;
#1928 = ORIENTED_EDGE ( 'NONE', *, *, #4240, .F. ) ;
#1929 = PLANE ( 'NONE',  #4327 ) ;
#1930 = EDGE_CURVE ( 'NONE', #7973, #3953, #28, .T. ) ;
#1931 = ADVANCED_FACE ( 'NONE', ( #2183 ), #7046, .F. ) ;
#1932 = EDGE_CURVE ( 'NONE', #7855, #2501, #1167, .T. ) ;
#1933 = LINE ( 'NONE', #6499, #8030 ) ;
#1934 = DIRECTION ( 'NONE',  ( -0.000000000000000000, 1.000000000000000000, -0.000000000000000000 ) ) ;
#1935 = CARTESIAN_POINT ( 'NONE',  ( 36.20000000000000995, -15.00000000000000355, 42.89999999999999147 ) ) ;
#1936 = FACE_OUTER_BOUND ( 'NONE', #1898, .T. ) ;
#1937 = VERTEX_POINT ( 'NONE', #4736 ) ;
#1938 = CYLINDRICAL_SURFACE ( 'NONE', #9712, 1.000000000000000888 ) ;
#1939 = CARTESIAN_POINT ( 'NONE',  ( 36.20000000000000995, -5.000000000000001776, 42.89999999999999147 ) ) ;
#1940 = CARTESIAN_POINT ( 'NONE',  ( -41.49999999999983658, -1.000000000000000000, -48.00000000000000711 ) ) ;
#1941 = ORIENTED_EDGE ( 'NONE', *, *, #8355, .F. ) ;
#1942 = EDGE_CURVE ( 'NONE', #1216, #5819, #2815, .T. ) ;
#1943 = EDGE_LOOP ( 'NONE', ( #535, #4357, #1918, #4424 ) ) ;
#1944 = EDGE_CURVE ( 'NONE', #9219, #8629, #3870, .T. ) ;
#1945 = DIRECTION ( 'NONE',  ( 8.953411488912536510E-15, 0.000000000000000000, 1.000000000000000000 ) ) ;
#1946 = FACE_OUTER_BOUND ( 'NONE', #8186, .T. ) ;
#1947 = ORIENTED_EDGE ( 'NONE', *, *, #2577, .T. ) ;
#1948 = CARTESIAN_POINT ( 'NONE',  ( 33.33924956402056239, -5.676101925916055002, 42.00000000000000711 ) ) ;
#1949 = DIRECTION ( 'NONE',  ( -0.000000000000000000, -1.000000000000000000, -0.000000000000000000 ) ) ;
#1950 = DIRECTION ( 'NONE',  ( 0.000000000000000000, 0.000000000000000000, -1.000000000000000000 ) ) ;
#1951 = VERTEX_POINT ( 'NONE', #6138 ) ;
#1952 = ORIENTED_EDGE ( 'NONE', *, *, #4001, .F. ) ;
#1953 = ADVANCED_FACE ( 'NONE', ( #12 ), #3100, .T. ) ;
#1954 = ADVANCED_FACE ( 'NONE', ( #3965 ), #8886, .F. ) ;
#1955 = ORIENTED_EDGE ( 'NONE', *, *, #1569, .T. ) ;
#1956 = DIRECTION ( 'NONE',  ( -0.000000000000000000, 1.000000000000000000, -0.000000000000000000 ) ) ;
#1957 = CARTESIAN_POINT ( 'NONE',  ( -37.49999999999999289, -15.00000000000000355, 45.24999999999999289 ) ) ;
#1958 = VERTEX_POINT ( 'NONE', #7242 ) ;
#1959 = DIRECTION ( 'NONE',  ( -1.000000000000000000, 0.000000000000000000, -0.000000000000000000 ) ) ;
#1960 = DIRECTION ( 'NONE',  ( -4.476705744456268255E-15, 0.000000000000000000, 1.000000000000000000 ) ) ;
#1961 = CARTESIAN_POINT ( 'NONE',  ( 49.99999999999999289, 1.000000000000000000, -50.00000000000000711 ) ) ;
#1962 = ADVANCED_FACE ( 'NONE', ( #8792 ), #1763, .T. ) ;
#1963 = LINE ( 'NONE', #8208, #7747 ) ;
#1964 = DIRECTION ( 'NONE',  ( -1.000000000000000000, -0.000000000000000000, 3.491481338843133355E-15 ) ) ;
#1965 = CARTESIAN_POINT ( 'NONE',  ( 35.72419598204034230, -14.74252444900601944, -42.00000000000000711 ) ) ;
#1966 = VERTEX_POINT ( 'NONE', #7962 ) ;
#1967 = ORIENTED_EDGE ( 'NONE', *, *, #6341, .T. ) ;
#1968 = EDGE_CURVE ( 'NONE', #8026, #9407, #7098, .T. ) ;
#1969 = ORIENTED_EDGE ( 'NONE', *, *, #511, .T. ) ;
#1970 = CARTESIAN_POINT ( 'NONE',  ( 41.99999999999970157, -3.199999999999999289, -28.94999999999968310 ) ) ;
#1971 = CARTESIAN_POINT ( 'NONE',  ( 30.58474959983914587, -7.999999999999998224, -48.00000000000000711 ) ) ;
#1972 = CARTESIAN_POINT ( 'NONE',  ( -30.49999999999913669, -3.199999999999999289, 50.00000000000156319 ) ) ;
#1973 = DIRECTION ( 'NONE',  ( 1.387778780781445676E-16, 0.000000000000000000, 1.000000000000000000 ) ) ;
#1974 = CARTESIAN_POINT ( 'NONE',  ( -27.09999999999983089, -0.1999999999999999833, 50.00000000000000711 ) ) ;
#1975 = AXIS2_PLACEMENT_3D ( 'NONE', #2934, #6876, #90 ) ;
#1976 = LINE ( 'NONE', #4389, #5433 ) ;
#1977 = VERTEX_POINT ( 'NONE', #8738 ) ;
#1978 = ORIENTED_EDGE ( 'NONE', *, *, #5539, .T. ) ;
#1979 = FACE_OUTER_BOUND ( 'NONE', #3954, .T. ) ;
#1980 = VECTOR ( 'NONE', #5885, 1000.000000000000000 ) ;
#1981 = CYLINDRICAL_SURFACE ( 'NONE', #9670, 1.000000000000000888 ) ;
#1982 = AXIS2_PLACEMENT_3D ( 'NONE', #4842, #5515, #4735 ) ;
#1983 = FACE_OUTER_BOUND ( 'NONE', #3084, .T. ) ;
#1984 = CARTESIAN_POINT ( 'NONE',  ( -35.74999999999983658, -3.199999999999999734, 43.50000000000001421 ) ) ;
#1985 = CARTESIAN_POINT ( 'NONE',  ( -49.99999999999819522, -5.000000000000000000, -21.49897948556684213 ) ) ;
#1986 = ORIENTED_EDGE ( 'NONE', *, *, #5205, .T. ) ;
#1987 = CARTESIAN_POINT ( 'NONE',  ( 42.49999999999981526, 0.000000000000000000, -50.00000000000000711 ) ) ;
#1989 = ADVANCED_FACE ( 'NONE', ( #5556 ), #68, .F. ) ;
#1988 = CARTESIAN_POINT ( 'NONE',  ( 35.12819084543277626, -11.94272627569569423, -42.00000000000001421 ) ) ;
#1990 = EDGE_CURVE ( 'NONE', #7423, #7049, #892, .T. ) ;
#1991 = EDGE_LOOP ( 'NONE', ( #8719, #1752 ) ) ;
#1992 = ORIENTED_EDGE ( 'NONE', *, *, #7310, .F. ) ;
#1993 = AXIS2_PLACEMENT_3D ( 'NONE', #5164, #2790, #381 ) ;
#1994 = ORIENTED_EDGE ( 'NONE', *, *, #4217, .T. ) ;
#1995 = CIRCLE ( 'NONE', #7718, 2.349999999999997868 ) ;
#1996 = CARTESIAN_POINT ( 'NONE',  ( -41.49999999999983658, -1.000000000000000000, 48.00000000000000711 ) ) ;
#1997 = PLANE ( 'NONE',  #2006 ) ;
#1998 = VECTOR ( 'NONE', #5365, 1000.000000000000000 ) ;
#1999 = ORIENTED_EDGE ( 'NONE', *, *, #8347, .T. ) ;
#2000 = CARTESIAN_POINT ( 'NONE',  ( -36.55000000000044480, -3.199999999999999734, -43.49999999999949551 ) ) ;
#2001 = CARTESIAN_POINT ( 'NONE',  ( 35.74999999999983658, -3.199999999999999734, -48.00000000000000711 ) ) ;
#2002 = EDGE_CURVE ( 'NONE', #8056, #2708, #9368, .T. ) ;
#2003 = DIRECTION ( 'NONE',  ( 0.000000000000000000, 0.000000000000000000, -1.000000000000000000 ) ) ;
#2004 = EDGE_CURVE ( 'NONE', #7270, #8889, #4020, .T. ) ;
#2005 = AXIS2_PLACEMENT_3D ( 'NONE', #1142, #5822, #2530 ) ;
#2006 = AXIS2_PLACEMENT_3D ( 'NONE', #4360, #7580, #9727 ) ;
#2007 = ORIENTED_EDGE ( 'NONE', *, *, #5499, .F. ) ;
#2008 = VERTEX_POINT ( 'NONE', #6336 ) ;
#2009 = DIRECTION ( 'NONE',  ( -0.000000000000000000, 1.000000000000000000, -0.000000000000000000 ) ) ;
#2010 = FACE_OUTER_BOUND ( 'NONE', #8114, .T. ) ;
#2011 = VERTEX_POINT ( 'NONE', #7150 ) ;
#2012 = DIRECTION ( 'NONE',  ( 0.000000000000000000, 1.000000000000000000, 0.000000000000000000 ) ) ;
#2013 = CARTESIAN_POINT ( 'NONE',  ( -21.49897948556372995, -5.000000000000000000, -41.99999999999885603 ) ) ;
#2014 = AXIS2_PLACEMENT_3D ( 'NONE', #2532, #7967, #945 ) ;
#2015 = DIRECTION ( 'NONE',  ( 3.491481338843133355E-15, 0.000000000000000000, 1.000000000000000000 ) ) ;
#2016 = CARTESIAN_POINT ( 'NONE',  ( -30.09999999999983089, -5.000000000000002665, -42.00000000000000711 ) ) ;
#2017 = FACE_OUTER_BOUND ( 'NONE', #986, .T. ) ;
#2018 = LINE ( 'NONE', #9751, #843 ) ;
#2019 = ORIENTED_EDGE ( 'NONE', *, *, #5575, .F. ) ;
#2020 = CIRCLE ( 'NONE', #7408, 4.000000000000000000 ) ;
#2021 = ORIENTED_EDGE ( 'NONE', *, *, #425, .T. ) ;
#2022 = EDGE_LOOP ( 'NONE', ( #7418, #1663, #1406, #3918, #5846, #3112, #5279, #5861 ) ) ;
#2023 = EDGE_CURVE ( 'NONE', #5424, #2123, #2468, .T. ) ;
#2024 = DIRECTION ( 'NONE',  ( -0.000000000000000000, 1.000000000000000000, -0.000000000000000000 ) ) ;
#2025 = LINE ( 'NONE', #8372, #9528 ) ;
#2026 = DIRECTION ( 'NONE',  ( 0.000000000000000000, -1.000000000000000000, 0.000000000000000000 ) ) ;
#2027 = AXIS2_PLACEMENT_3D ( 'NONE', #9300, #8327, #8280 ) ;
#2028 = DIRECTION ( 'NONE',  ( 0.000000000000000000, 0.000000000000000000, -1.000000000000000000 ) ) ;
#2029 = DIRECTION ( 'NONE',  ( 1.000000000000000000, 0.000000000000000000, 0.000000000000000000 ) ) ;
#2030 = LINE ( 'NONE', #1974, #894 ) ;
#2031 = EDGE_CURVE ( 'NONE', #1641, #8931, #521, .T. ) ;
#2032 = DIRECTION ( 'NONE',  ( 0.000000000000000000, -0.000000000000000000, -1.000000000000000000 ) ) ;
#2033 = ORIENTED_EDGE ( 'NONE', *, *, #5272, .T. ) ;
#2034 = VECTOR ( 'NONE', #7315, 1000.000000000000000 ) ;
#2035 = VERTEX_POINT ( 'NONE', #1713 ) ;
#2036 = LINE ( 'NONE', #5012, #5976 ) ;
#2037 = VECTOR ( 'NONE', #8666, 1000.000000000000000 ) ;
#2038 = CARTESIAN_POINT ( 'NONE',  ( -40.44999999999983231, -3.199999999999999289, 43.50000000000001421 ) ) ;
#2039 = VECTOR ( 'NONE', #6857, 1000.000000000000000 ) ;
#2040 = DIRECTION ( 'NONE',  ( 1.000000000000000000, 0.000000000000000000, -3.491481338843133355E-15 ) ) ;
#2041 = CARTESIAN_POINT ( 'NONE',  ( -37.49999999999999289, -15.00000000000000355, 45.24999999999999289 ) ) ;
#2042 = AXIS2_PLACEMENT_3D ( 'NONE', #5364, #2326, #8485 ) ;
#2043 = PLANE ( 'NONE',  #6564 ) ;
#2044 = ORIENTED_EDGE ( 'NONE', *, *, #7160, .F. ) ;
#2045 = CARTESIAN_POINT ( 'NONE',  ( -49.99999999999821654, -5.000000000000000000, 16.59999999999918785 ) ) ;
#2046 = AXIS2_PLACEMENT_3D ( 'NONE', #6870, #8306, #1278 ) ;
#2047 = CARTESIAN_POINT ( 'NONE',  ( 29.72614385180519747, -7.976614113461312883, -42.00000000000000711 ) ) ;
#2048 = ORIENTED_EDGE ( 'NONE', *, *, #10058, .T. ) ;
#2049 = ORIENTED_EDGE ( 'NONE', *, *, #6115, .T. ) ;
#2050 = CIRCLE ( 'NONE', #2368, 1.550000000000002709 ) ;
#2051 = EDGE_LOOP ( 'NONE', ( #3405, #7952, #5232, #9232 ) ) ;
#2052 = AXIS2_PLACEMENT_3D ( 'NONE', #1802, #7293, #9795 ) ;
#2053 = DIRECTION ( 'NONE',  ( 2.952720810173291281E-15, 0.000000000000000000, 1.000000000000000000 ) ) ;
#2054 = EDGE_CURVE ( 'NONE', #5789, #2557, #6263, .T. ) ;
#2055 = CARTESIAN_POINT ( 'NONE',  ( -24.69999999999752660, -3.499999999999999556, 47.35000000000088249 ) ) ;
#2056 = AXIS2_PLACEMENT_3D ( 'NONE', #4927, #3398, #886 ) ;
#2057 = VERTEX_POINT ( 'NONE', #940 ) ;
#2058 = DIRECTION ( 'NONE',  ( -0.000000000000000000, 1.000000000000000000, -0.000000000000000000 ) ) ;
#2059 = CARTESIAN_POINT ( 'NONE',  ( -42.00000000000011369, -8.000000000000001776, -30.09999999999968523 ) ) ;
#2060 = CARTESIAN_POINT ( 'NONE',  ( 41.91421356237292173, 0.5857864376269047435, -50.00000000000000000 ) ) ;
#2061 = VECTOR ( 'NONE', #4404, 1000.000000000000000 ) ;
#2062 = AXIS2_PLACEMENT_3D ( 'NONE', #6615, #2763, #5953 ) ;
#2063 = ORIENTED_EDGE ( 'NONE', *, *, #4662, .F. ) ;
#2064 = EDGE_CURVE ( 'NONE', #4573, #7376, #1831, .T. ) ;
#2065 = EDGE_CURVE ( 'NONE', #9800, #2642, #4775, .T. ) ;
#2066 = EDGE_CURVE ( 'NONE', #9809, #6455, #6484, .T. ) ;
#2067 = LINE ( 'NONE', #5902, #7567 ) ;
#2068 = DIRECTION ( 'NONE',  ( 1.000000000000000000, 0.000000000000000000, 0.000000000000000000 ) ) ;
#2069 = ORIENTED_EDGE ( 'NONE', *, *, #6951, .F. ) ;
#2070 = CARTESIAN_POINT ( 'NONE',  ( 24.70000000000261764, -3.499999999999999556, 45.79999999999864713 ) ) ;
#2071 = PLANE ( 'NONE',  #1890 ) ;
#2072 = CARTESIAN_POINT ( 'NONE',  ( 47.99999999999972289, -0.1999999999999999833, -27.10000000000033538 ) ) ;
#2073 = CYLINDRICAL_SURFACE ( 'NONE', #7917, 1.000000000000000888 ) ;
#2074 = DIRECTION ( 'NONE',  ( -4.476705744456278510E-15, 0.000000000000000000, -1.000000000000000000 ) ) ;
#2075 = CARTESIAN_POINT ( 'NONE',  ( -50.00000000000000711, 1.000000000000000000, -50.00000000000000711 ) ) ;
#2076 = EDGE_LOOP ( 'NONE', ( #7793, #3755 ) ) ;
#2077 = VERTEX_POINT ( 'NONE', #9543 ) ;
#2078 = ADVANCED_FACE ( 'NONE', ( #3252, #7906 ), #2526, .T. ) ;
#2079 = EDGE_LOOP ( 'NONE', ( #8515, #2758, #2735 ) ) ;
#2080 = AXIS2_PLACEMENT_3D ( 'NONE', #7584, #3694, #7732 ) ;
#2081 = FACE_OUTER_BOUND ( 'NONE', #4631, .T. ) ;
#2082 = CARTESIAN_POINT ( 'NONE',  ( 31.03349348001424346, -8.034987243837703019, -47.99999999999999289 ) ) ;
#2083 = CARTESIAN_POINT ( 'NONE',  ( -49.99999999999955946, 3.236067977499868853, 41.50000000000035527 ) ) ;
#2084 = DIRECTION ( 'NONE',  ( 1.000000000000000000, 0.000000000000000000, 0.000000000000000000 ) ) ;
#2085 = DIRECTION ( 'NONE',  ( 1.000000000000000000, -0.000000000000000000, -3.491481338843133355E-15 ) ) ;
#2086 = FACE_OUTER_BOUND ( 'NONE', #8394, .T. ) ;
#2087 = DIRECTION ( 'NONE',  ( -0.000000000000000000, 1.000000000000000000, -0.000000000000000000 ) ) ;
#2088 = EDGE_LOOP ( 'NONE', ( #10136, #1479, #6523, #4534, #4592, #9618 ) ) ;
#2089 = VERTEX_POINT ( 'NONE', #3402 ) ;
#2090 = CARTESIAN_POINT ( 'NONE',  ( -14.99999999999982236, -1.000000000000000000, -40.00000000000000000 ) ) ;
#2091 = EDGE_CURVE ( 'NONE', #2141, #3568, #6529, .T. ) ;
#2092 = ADVANCED_FACE ( 'NONE', ( #424 ), #344, .F. ) ;
#2093 = DIRECTION ( 'NONE',  ( 0.000000000000000000, 0.000000000000000000, 1.000000000000000000 ) ) ;
#2094 = CARTESIAN_POINT ( 'NONE',  ( 21.49897948556618843, -5.000000000000000000, 50.00000000000000711 ) ) ;
#2095 = CYLINDRICAL_SURFACE ( 'NONE', #3813, 2.349999999999997868 ) ;
#2096 = LINE ( 'NONE', #3573, #9186 ) ;
#2097 = ORIENTED_EDGE ( 'NONE', *, *, #10036, .T. ) ;
#2098 = DIRECTION ( 'NONE',  ( 0.000000000000000000, 1.000000000000000000, 0.000000000000000000 ) ) ;
#2099 = CARTESIAN_POINT ( 'NONE',  ( 34.51718278470460888, -10.86756501832776678, -42.00000000000001421 ) ) ;
#2100 = EDGE_CURVE ( 'NONE', #8058, #6365, #5203, .T. ) ;
#2101 = ORIENTED_EDGE ( 'NONE', *, *, #8054, .F. ) ;
#2102 = ORIENTED_EDGE ( 'NONE', *, *, #1784, .T. ) ;
#2103 = ORIENTED_EDGE ( 'NONE', *, *, #7494, .T. ) ;
#2104 = CARTESIAN_POINT ( 'NONE',  ( 36.20000000000000995, -11.60000000000000320, 42.89999999999999147 ) ) ;
#2105 = DIRECTION ( 'NONE',  ( 6.982962677686266711E-15, 0.000000000000000000, 1.000000000000000000 ) ) ;
#2106 = EDGE_LOOP ( 'NONE', ( #1109, #1626 ) ) ;
#2107 = CARTESIAN_POINT ( 'NONE',  ( 50.00000000000000711, 1.000000000000000000, 42.49999999999998579 ) ) ;
#2108 = DIRECTION ( 'NONE',  ( 0.000000000000000000, 0.000000000000000000, -1.000000000000000000 ) ) ;
#2109 = DIRECTION ( 'NONE',  ( 0.000000000000000000, 0.000000000000000000, 1.000000000000000000 ) ) ;
#2110 = ORIENTED_EDGE ( 'NONE', *, *, #6674, .T. ) ;
#2111 = CARTESIAN_POINT ( 'NONE',  ( 35.73212000031254121, -14.74514118418659159, -43.67547366102730422 ) ) ;
#2112 = DIRECTION ( 'NONE',  ( 1.000000000000000000, 0.000000000000000000, -6.405132834375876418E-15 ) ) ;
#2113 = VERTEX_POINT ( 'NONE', #1965 ) ;
#2114 = DIRECTION ( 'NONE',  ( 1.000000000000000000, 0.000000000000000000, 0.000000000000000000 ) ) ;
#2115 = DIRECTION ( 'NONE',  ( -0.000000000000000000, 1.000000000000000000, -0.000000000000000000 ) ) ;
#2116 = LINE ( 'NONE', #9137, #9725 ) ;
#2117 = CARTESIAN_POINT ( 'NONE',  ( 48.00000000000041211, -3.199999999999999734, 38.09999999999933351 ) ) ;
#2118 = CARTESIAN_POINT ( 'NONE',  ( 47.99999999999956657, -8.781386315279517518, -42.56881959030718576 ) ) ;
#2119 = EDGE_CURVE ( 'NONE', #8836, #576, #2018, .T. ) ;
#2120 = EDGE_CURVE ( 'NONE', #9505, #1598, #1247, .T. ) ;
#2121 = EDGE_CURVE ( 'NONE', #3712, #8760, #2638, .T. ) ;
#2122 = ORIENTED_EDGE ( 'NONE', *, *, #3879, .T. ) ;
#2123 = VERTEX_POINT ( 'NONE', #7495 ) ;
#2124 = ORIENTED_EDGE ( 'NONE', *, *, #4509, .F. ) ;
#2125 = DIRECTION ( 'NONE',  ( 1.047444401652940007E-14, -0.000000000000000000, 1.000000000000000000 ) ) ;
#2126 = CARTESIAN_POINT ( 'NONE',  ( 39.11590748948488994, -11.38383705152802428, -48.00000000000000000 ) ) ;
#2127 = CARTESIAN_POINT ( 'NONE',  ( 27.09999999999983089, -5.000000000000000000, 50.00000000000000711 ) ) ;
#2128 = DIRECTION ( 'NONE',  ( 0.000000000000000000, 1.000000000000000000, 0.000000000000000000 ) ) ;
#2129 = CARTESIAN_POINT ( 'NONE',  ( -50.00000000000000000, 0.5857864376269045215, -41.91421356237309226 ) ) ;
#2130 = DIRECTION ( 'NONE',  ( 0.000000000000000000, 0.000000000000000000, 1.000000000000000000 ) ) ;
#2131 = CARTESIAN_POINT ( 'NONE',  ( 38.10000000000014353, -3.199999999999999734, 43.49999999999974420 ) ) ;
#2132 = DIRECTION ( 'NONE',  ( 0.7071067811866064146, 0.000000000000000000, 0.7071067811864886199 ) ) ;
#2133 = EDGE_CURVE ( 'NONE', #4804, #9975, #2158, .T. ) ;
#2134 = ORIENTED_EDGE ( 'NONE', *, *, #2967, .T. ) ;
#2135 = ORIENTED_EDGE ( 'NONE', *, *, #4001, .T. ) ;
#2136 = CARTESIAN_POINT ( 'NONE',  ( -35.68163290817727784, -14.73075416748544519, -42.22236162831780604 ) ) ;
#2137 = DIRECTION ( 'NONE',  ( -8.953411488912536510E-15, 0.000000000000000000, -1.000000000000000000 ) ) ;
#2138 = CARTESIAN_POINT ( 'NONE',  ( -42.00000000000007816, -4.200000000000000178, -20.51918358845357915 ) ) ;
#2139 = CARTESIAN_POINT ( 'NONE',  ( 38.19419574633686665, -5.224824506090357978, 42.00000000000000711 ) ) ;
#2140 = CARTESIAN_POINT ( 'NONE',  ( -20.51918358845047052, -4.200000000000000178, -50.00000000000000711 ) ) ;
#2141 = VERTEX_POINT ( 'NONE', #9798 ) ;
#2142 = DIRECTION ( 'NONE',  ( 0.000000000000000000, -0.000000000000000000, -1.000000000000000000 ) ) ;
#2143 = CARTESIAN_POINT ( 'NONE',  ( 35.42276400124706015, -12.71095475110222850, -42.00000000000000000 ) ) ;
#2144 = ORIENTED_EDGE ( 'NONE', *, *, #4312, .T. ) ;
#2145 = ORIENTED_EDGE ( 'NONE', *, *, #1676, .F. ) ;
#2146 = ORIENTED_EDGE ( 'NONE', *, *, #2133, .F. ) ;
#2147 = CIRCLE ( 'NONE', #1650, 2.350000000000001421 ) ;
#2148 = ORIENTED_EDGE ( 'NONE', *, *, #3183, .T. ) ;
#2149 = DIRECTION ( 'NONE',  ( -1.000000000000000000, 0.000000000000000000, 1.047444401652940007E-14 ) ) ;
#2150 = PLANE ( 'NONE',  #5119 ) ;
#2151 = ORIENTED_EDGE ( 'NONE', *, *, #2404, .T. ) ;
#2152 = LINE ( 'NONE', #6058, #9082 ) ;
#2153 = CARTESIAN_POINT ( 'NONE',  ( 48.99999999999999289, 0.000000000000000000, -50.00000000000000711 ) ) ;
#2154 = CARTESIAN_POINT ( 'NONE',  ( 31.84477959924733526, -11.33263253528168946, 42.64539867861790867 ) ) ;
#2155 = ADVANCED_FACE ( 'NONE', ( #1291 ), #2778, .T. ) ;
#2156 = AXIS2_PLACEMENT_3D ( 'NONE', #8175, #5013, #1151 ) ;
#2157 = ORIENTED_EDGE ( 'NONE', *, *, #2424, .T. ) ;
#2158 = CIRCLE ( 'NONE', #7881, 2.999999999999999112 ) ;
#2159 = EDGE_CURVE ( 'NONE', #1361, #10091, #1666, .T. ) ;
#2160 = DIRECTION ( 'NONE',  ( 1.000000000000000000, 0.000000000000000000, -1.387778780781445676E-16 ) ) ;
#2161 = CARTESIAN_POINT ( 'NONE',  ( 41.49999999999983658, 1.000000000000000000, -48.00000000000000711 ) ) ;
#2162 = ORIENTED_EDGE ( 'NONE', *, *, #8216, .F. ) ;
#2163 = CARTESIAN_POINT ( 'NONE',  ( 40.45587828773334138, -15.00000000000000355, 42.00000000000000711 ) ) ;
#2164 = CARTESIAN_POINT ( 'NONE',  ( -50.00000000000000711, 1.000000000000000000, -50.00000000000000711 ) ) ;
#2165 = DIRECTION ( 'NONE',  ( 0.000000000000000000, 0.000000000000000000, -1.000000000000000000 ) ) ;
#2166 = DIRECTION ( 'NONE',  ( 1.387778780781445676E-16, 0.000000000000000000, 1.000000000000000000 ) ) ;
#2167 = EDGE_CURVE ( 'NONE', #7600, #71, #7339, .T. ) ;
#2168 = CIRCLE ( 'NONE', #8218, 1.550000000000002709 ) ;
#2169 = ORIENTED_EDGE ( 'NONE', *, *, #6888, .F. ) ;
#2170 = ORIENTED_EDGE ( 'NONE', *, *, #9327, .F. ) ;
#2171 = AXIS2_PLACEMENT_3D ( 'NONE', #6354, #180, #2402 ) ;
#2172 = EDGE_LOOP ( 'NONE', ( #4514, #3519, #8902, #3340 ) ) ;
#2173 = DIRECTION ( 'NONE',  ( 0.000000000000000000, 0.000000000000000000, -1.000000000000000000 ) ) ;
#2174 = VECTOR ( 'NONE', #3211, 1000.000000000000000 ) ;
#2175 = CARTESIAN_POINT ( 'NONE',  ( -42.00000000000014921, -12.57075502824725888, -38.53450068038213061 ) ) ;
#2176 = EDGE_CURVE ( 'NONE', #9801, #8296, #8717, .T. ) ;
#2177 = EDGE_CURVE ( 'NONE', #5411, #5669, #6921, .T. ) ;
#2178 = CARTESIAN_POINT ( 'NONE',  ( 36.20000000000000995, -15.00000000000000355, 47.24999999999999289 ) ) ;
#2179 = CARTESIAN_POINT ( 'NONE',  ( 42.50000000000000000, 0.000000000000000000, 49.99999999999999289 ) ) ;
#2180 = DIRECTION ( 'NONE',  ( -1.000000000000000000, -0.000000000000000000, -0.000000000000000000 ) ) ;
#2181 = CARTESIAN_POINT ( 'NONE',  ( 21.49897948556864336, -5.000000000000000000, -49.99999999999884182 ) ) ;
#2182 = DIRECTION ( 'NONE',  ( 1.181088324069316513E-14, 0.000000000000000000, 1.000000000000000000 ) ) ;
#2183 = FACE_OUTER_BOUND ( 'NONE', #6966, .T. ) ;
#2184 = ORIENTED_EDGE ( 'NONE', *, *, #10001, .F. ) ;
#2185 = ORIENTED_EDGE ( 'NONE', *, *, #5194, .F. ) ;
#2186 =( LENGTH_UNIT ( ) NAMED_UNIT ( * ) SI_UNIT ( .MILLI., .METRE. ) );
#2187 = AXIS2_PLACEMENT_3D ( 'NONE', #830, #3198, #2462 ) ;
#2188 = EDGE_CURVE ( 'NONE', #3017, #6402, #1917, .T. ) ;
#2189 = CARTESIAN_POINT ( 'NONE',  ( 24.69999999999848228, -5.000000000000000000, 47.35000000000037090 ) ) ;
#2190 = CYLINDRICAL_SURFACE ( 'NONE', #5753, 2.349999999999997868 ) ;
#2191 = EDGE_CURVE ( 'NONE', #9027, #227, #1135, .T. ) ;
#2192 = EDGE_CURVE ( 'NONE', #9084, #8555, #2484, .T. ) ;
#2193 = DIRECTION ( 'NONE',  ( -1.000000000000000000, 0.000000000000000000, 0.000000000000000000 ) ) ;
#2194 = CYLINDRICAL_SURFACE ( 'NONE', #3137, 1.550000000000002709 ) ;
#2195 = EDGE_LOOP ( 'NONE', ( #1333, #5781, #3840, #7474 ) ) ;
#2196 = CARTESIAN_POINT ( 'NONE',  ( 32.17869275993989220, -11.48158090216210603, 44.56708094410650034 ) ) ;
#2197 = CARTESIAN_POINT ( 'NONE',  ( -40.00000000000000711, -9.000000000000001776, -42.80000000000001137 ) ) ;
#2198 = VECTOR ( 'NONE', #1016, 1000.000000000000000 ) ;
#2199 = EDGE_LOOP ( 'NONE', ( #6551, #4133, #7029, #9339, #3075 ) ) ;
#2200 = VERTEX_POINT ( 'NONE', #100 ) ;
#2201 = ORIENTED_EDGE ( 'NONE', *, *, #9522, .T. ) ;
#2202 = VECTOR ( 'NONE', #9747, 1000.000000000000000 ) ;
#2203 = EDGE_LOOP ( 'NONE', ( #3277, #606 ) ) ;
#2204 = AXIS2_PLACEMENT_3D ( 'NONE', #5224, #2703, #3528 ) ;
#2205 = FACE_OUTER_BOUND ( 'NONE', #7630, .T. ) ;
#2206 = VECTOR ( 'NONE', #2058, 1000.000000000000000 ) ;
#2207 = ORIENTED_EDGE ( 'NONE', *, *, #3876, .T. ) ;
#2208 = CARTESIAN_POINT ( 'NONE',  ( 24.70000000000261764, 1.000000000000000000, 45.79999999999864713 ) ) ;
#2209 = CARTESIAN_POINT ( 'NONE',  ( 32.49407843659393080, -6.550912756285565131, 42.00000000000001421 ) ) ;
#2210 = DIRECTION ( 'NONE',  ( -0.000000000000000000, 1.000000000000000000, -0.000000000000000000 ) ) ;
#2211 = VECTOR ( 'NONE', #6925, 1000.000000000000000 ) ;
#2212 = CARTESIAN_POINT ( 'NONE',  ( 32.46927944927622178, -11.56647467729926859, 45.16062351775502037 ) ) ;
#2213 = VECTOR ( 'NONE', #6757, 1000.000000000000000 ) ;
#2214 = VECTOR ( 'NONE', #5352, 1000.000000000000000 ) ;
#2215 = VERTEX_POINT ( 'NONE', #8031 ) ;
#2216 = AXIS2_PLACEMENT_3D ( 'NONE', #6033, #5103, #5252 ) ;
#2217 = ADVANCED_FACE ( 'NONE', ( #7323 ), #2504, .T. ) ;
#2218 = EDGE_CURVE ( 'NONE', #6181, #5868, #4785, .T. ) ;
#2219 = DIRECTION ( 'NONE',  ( 0.000000000000000000, 1.000000000000000000, 0.000000000000000000 ) ) ;
#2220 = ORIENTED_EDGE ( 'NONE', *, *, #8290, .F. ) ;
#2221 = CARTESIAN_POINT ( 'NONE',  ( -43.50000000000014211, -3.199999999999999734, -38.09999999999968168 ) ) ;
#2222 = CARTESIAN_POINT ( 'NONE',  ( -15.00000000000000355, -1.000000000000000000, -15.00000000000000355 ) ) ;
#2223 = DIRECTION ( 'NONE',  ( 0.000000000000000000, 0.000000000000000000, 1.000000000000000000 ) ) ;
#2224 = CARTESIAN_POINT ( 'NONE',  ( 42.00000000000014211, -14.80000000000000071, -38.93703481765633967 ) ) ;
#2225 = AXIS2_PLACEMENT_3D ( 'NONE', #5552, #6375, #307 ) ;
#2226 = ORIENTED_EDGE ( 'NONE', *, *, #804, .T. ) ;
#2227 = ORIENTED_EDGE ( 'NONE', *, *, #3251, .F. ) ;
#2228 = ORIENTED_EDGE ( 'NONE', *, *, #4629, .F. ) ;
#2229 = DIRECTION ( 'NONE',  ( 1.000000000000000000, 0.000000000000000000, 0.000000000000000000 ) ) ;
#2230 = AXIS2_PLACEMENT_3D ( 'NONE', #3237, #818, #7226 ) ;
#2231 = CARTESIAN_POINT ( 'NONE',  ( 20.51918358845536972, -4.200000000000000178, -50.00000000000000711 ) ) ;
#2232 = CYLINDRICAL_SURFACE ( 'NONE', #8896, 2.349999999999997868 ) ;
#2233 = DIRECTION ( 'NONE',  ( -1.000000000000000000, -0.000000000000000000, 3.491481338843133750E-15 ) ) ;
#2234 = DIRECTION ( 'NONE',  ( 0.000000000000000000, 1.000000000000000000, 0.000000000000000000 ) ) ;
#2235 = DIRECTION ( 'NONE',  ( 0.000000000000000000, -0.000000000000000000, 1.000000000000000000 ) ) ;
#2236 = CARTESIAN_POINT ( 'NONE',  ( 41.18759138524229968, -9.430254799841652158, 42.00000000000001421 ) ) ;
#2237 = DIRECTION ( 'NONE',  ( 0.000000000000000000, -0.000000000000000000, -1.000000000000000000 ) ) ;
#2238 = ORIENTED_EDGE ( 'NONE', *, *, #7013, .F. ) ;
#2239 = AXIS2_PLACEMENT_3D ( 'NONE', #2593, #1158, #5256 ) ;
#2240 = VERTEX_POINT ( 'NONE', #3234 ) ;
#2241 = DIRECTION ( 'NONE',  ( 1.000000000000000000, -0.000000000000000000, -0.000000000000000000 ) ) ;
#2242 = CARTESIAN_POINT ( 'NONE',  ( -31.29999999999983373, -0.1999999999999999833, 48.00000000000000711 ) ) ;
#2243 = CARTESIAN_POINT ( 'NONE',  ( 37.48375964308340969, -5.049925483956404726, 42.00000000000001421 ) ) ;
#2244 = CARTESIAN_POINT ( 'NONE',  ( -48.99999999999999289, 1.000000000000000000, 49.99999999999999289 ) ) ;
#2245 = ORIENTED_EDGE ( 'NONE', *, *, #7475, .T. ) ;
#2246 = DIRECTION ( 'NONE',  ( -3.491481338843133355E-15, -1.204669080539449097E-16, -1.000000000000000000 ) ) ;
#2247 = CARTESIAN_POINT ( 'NONE',  ( -47.99999999999989342, -0.1999999999999999833, 31.30000000000000071 ) ) ;
#2248 = ORIENTED_EDGE ( 'NONE', *, *, #6441, .T. ) ;
#2249 = EDGE_CURVE ( 'NONE', #3167, #3487, #1675, .T. ) ;
#2250 = EDGE_CURVE ( 'NONE', #9634, #7581, #3157, .T. ) ;
#2251 = ORIENTED_EDGE ( 'NONE', *, *, #2674, .T. ) ;
#2252 = EDGE_CURVE ( 'NONE', #8814, #5751, #852, .T. ) ;
#2253 = ORIENTED_EDGE ( 'NONE', *, *, #174, .T. ) ;
#2254 = CARTESIAN_POINT ( 'NONE',  ( 47.99999999999972289, -0.1999999999999999833, -27.10000000000033538 ) ) ;
#2255 = ORIENTED_EDGE ( 'NONE', *, *, #4564, .F. ) ;
#2256 = CARTESIAN_POINT ( 'NONE',  ( -42.00000000000015632, -6.562919328610542280, -39.89431057416195614 ) ) ;
#2257 = DIRECTION ( 'NONE',  ( 0.000000000000000000, -0.000000000000000000, -1.000000000000000000 ) ) ;
#2258 = CARTESIAN_POINT ( 'NONE',  ( -38.09999999999983800, -3.199999999999999734, 43.50000000000001421 ) ) ;
#2259 = DIRECTION ( 'NONE',  ( 1.000000000000000000, -0.000000000000000000, 1.224646799147353207E-16 ) ) ;
#2260 = EDGE_CURVE ( 'NONE', #7695, #5729, #2652, .T. ) ;
#2261 = EDGE_LOOP ( 'NONE', ( #9823, #5895, #9949 ) ) ;
#2262 = DIRECTION ( 'NONE',  ( -1.396592535537253342E-14, -0.000000000000000000, -1.000000000000000000 ) ) ;
#2263 = VERTEX_POINT ( 'NONE', #4091 ) ;
#2264 = CARTESIAN_POINT ( 'NONE',  ( -30.09999999999983089, -8.000000000000001776, -47.92957113217047294 ) ) ;
#2265 = LINE ( 'NONE', #7648, #6315 ) ;
#2266 = CARTESIAN_POINT ( 'NONE',  ( 38.09999999999983800, -3.199999999999999734, 43.50000000000001421 ) ) ;
#2267 = VERTEX_POINT ( 'NONE', #4912 ) ;
#2268 = EDGE_CURVE ( 'NONE', #3733, #2745, #6512, .T. ) ;
#2269 = ORIENTED_EDGE ( 'NONE', *, *, #8572, .T. ) ;
#2270 = ORIENTED_EDGE ( 'NONE', *, *, #5720, .F. ) ;
#2271 = CARTESIAN_POINT ( 'NONE',  ( 40.18910438337082525, -11.50796415572370179, -48.00000000000000000 ) ) ;
#2272 = CARTESIAN_POINT ( 'NONE',  ( -42.00000000000012790, -8.355753465090398180, -34.05769951525130779 ) ) ;
#2273 = EDGE_CURVE ( 'NONE', #10086, #132, #2168, .T. ) ;
#2274 = DIRECTION ( 'NONE',  ( 0.000000000000000000, -0.000000000000000000, -1.000000000000000000 ) ) ;
#2275 = DIRECTION ( 'NONE',  ( -0.000000000000000000, -0.000000000000000000, 1.000000000000000000 ) ) ;
#2276 = DIRECTION ( 'NONE',  ( 0.000000000000000000, 0.000000000000000000, -1.000000000000000000 ) ) ;
#2277 = CARTESIAN_POINT ( 'NONE',  ( 29.25607349337839125, -7.878981123241203477, 42.50681037211551683 ) ) ;
#2278 = DIRECTION ( 'NONE',  ( -0.000000000000000000, 1.000000000000000000, -0.000000000000000000 ) ) ;
#2279 = CARTESIAN_POINT ( 'NONE',  ( 43.49999999999960920, -3.199999999999999734, -38.10000000000028564 ) ) ;
#2280 = EDGE_CURVE ( 'NONE', #8098, #6236, #7886, .T. ) ;
#2281 = ORIENTED_EDGE ( 'NONE', *, *, #7006, .T. ) ;
#2282 = ORIENTED_EDGE ( 'NONE', *, *, #9529, .T. ) ;
#2283 = CARTESIAN_POINT ( 'NONE',  ( -35.66480410530890310, -8.724036679808536476, -43.25603906705180179 ) ) ;
#2284 = CARTESIAN_POINT ( 'NONE',  ( -15.00000000000000355, 1.000000000000000000, -15.00000000000000355 ) ) ;
#2285 = CARTESIAN_POINT ( 'NONE',  ( 29.72240394554846077, -7.976145028017221250, -41.93473873962874876 ) ) ;
#2286 = DIRECTION ( 'NONE',  ( 0.000000000000000000, 0.000000000000000000, 1.000000000000000000 ) ) ;
#2287 = CARTESIAN_POINT ( 'NONE',  ( -31.29999999999983373, 1.000000000000000000, -48.00000000000000711 ) ) ;
#2288 = ORIENTED_EDGE ( 'NONE', *, *, #5482, .F. ) ;
#2289 = CARTESIAN_POINT ( 'NONE',  ( 31.86446661307631345, -11.34320207013688098, 43.29087304872502528 ) ) ;
#2290 = CARTESIAN_POINT ( 'NONE',  ( 41.99999999999960920, -8.806807723963064660, -38.93703481765606256 ) ) ;
#2291 = ORIENTED_EDGE ( 'NONE', *, *, #10043, .F. ) ;
#2292 = VERTEX_POINT ( 'NONE', #4141 ) ;
#2293 = EDGE_LOOP ( 'NONE', ( #195, #3114 ) ) ;
#2294 = PLANE ( 'NONE',  #5992 ) ;
#2295 = VECTOR ( 'NONE', #8784, 1000.000000000000000 ) ;
#2296 = ORIENTED_EDGE ( 'NONE', *, *, #6088, .F. ) ;
#2297 = EDGE_CURVE ( 'NONE', #8084, #1906, #1013, .T. ) ;
#2298 = CARTESIAN_POINT ( 'NONE',  ( -42.00000000000014211, -14.80000000000000071, -38.93703481765633967 ) ) ;
#2299 = ADVANCED_FACE ( 'NONE', ( #5027 ), #4822, .T. ) ;
#2300 = CARTESIAN_POINT ( 'NONE',  ( 30.01842590198168992, -8.160453195786240954, 42.00000000000001421 ) ) ;
#2301 = CARTESIAN_POINT ( 'NONE',  ( -40.44999999999983231, -3.199999999999999289, 43.50000000000001421 ) ) ;
#2302 = CARTESIAN_POINT ( 'NONE',  ( 47.99999999999953815, -8.719118491669973992, -44.19310636188222219 ) ) ;
#2303 = CYLINDRICAL_SURFACE ( 'NONE', #4979, 2.350000000000001421 ) ;
#2304 = CIRCLE ( 'NONE', #9652, 1.549999999999999378 ) ;
#2305 = ORIENTED_EDGE ( 'NONE', *, *, #7069, .F. ) ;
#2306 = CIRCLE ( 'NONE', #1493, 1.000000000000000888 ) ;
#2307 = EDGE_CURVE ( 'NONE', #1281, #7783, #3474, .T. ) ;
#2308 = ORIENTED_EDGE ( 'NONE', *, *, #7160, .T. ) ;
#2309 = ADVANCED_FACE ( 'NONE', ( #7940 ), #2556, .F. ) ;
#2310 = DIRECTION ( 'NONE',  ( -0.000000000000000000, -0.000000000000000000, 1.000000000000000000 ) ) ;
#2311 = CARTESIAN_POINT ( 'NONE',  ( 38.10000000000013642, -3.199999999999999734, 42.00000000000000711 ) ) ;
#2312 = DIRECTION ( 'NONE',  ( -1.000000000000000000, -0.000000000000000000, -3.491481338843133750E-15 ) ) ;
#2313 = VECTOR ( 'NONE', #393, 1000.000000000000000 ) ;
#2314 = VERTEX_POINT ( 'NONE', #924 ) ;
#2315 = CIRCLE ( 'NONE', #6741, 2.349999999999997868 ) ;
#2316 = ORIENTED_EDGE ( 'NONE', *, *, #5652, .T. ) ;
#2317 = ORIENTED_EDGE ( 'NONE', *, *, #8795, .F. ) ;
#2318 = AXIS2_PLACEMENT_3D ( 'NONE', #111, #882, #3956 ) ;
#2319 = CARTESIAN_POINT ( 'NONE',  ( 44.62151917729527639, -9.435392656923662358, -48.00000000000001421 ) ) ;
#2320 = CARTESIAN_POINT ( 'NONE',  ( -42.00000000000013500, -8.173508334235073391, -33.40258451924751171 ) ) ;
#2321 = DIRECTION ( 'NONE',  ( -1.000000000000000000, 0.000000000000000000, 0.000000000000000000 ) ) ;
#2322 = FACE_BOUND ( 'NONE', #558, .T. ) ;
#2323 = AXIS2_PLACEMENT_3D ( 'NONE', #3003, #9259, #5461 ) ;
#2324 = CARTESIAN_POINT ( 'NONE',  ( -42.49999999999948841, 0.000000000000000000, 49.99999999999999289 ) ) ;
#2325 = FACE_OUTER_BOUND ( 'NONE', #3804, .T. ) ;
#2326 = DIRECTION ( 'NONE',  ( 0.000000000000000000, -1.000000000000000000, 0.000000000000000000 ) ) ;
#2327 = DIRECTION ( 'NONE',  ( 0.000000000000000000, 0.000000000000000000, 1.000000000000000000 ) ) ;
#2328 = B_SPLINE_CURVE_WITH_KNOTS ( 'NONE', 3,
 ( #3037, #7945, #9291, #7079, #775, #2264 ),
 .UNSPECIFIED., .F., .F.,
 ( 4, 2, 4 ),
 ( 0.000000000000000000, 0.002975040444159839960, 0.005950080888319679920 ),
 .UNSPECIFIED. ) ;
#2329 = ORIENTED_EDGE ( 'NONE', *, *, #4547, .T. ) ;
#2330 = AXIS2_PLACEMENT_3D ( 'NONE', #6677, #9841, #6723 ) ;
#2331 = ORIENTED_EDGE ( 'NONE', *, *, #5207, .F. ) ;
#2332 = ORIENTED_EDGE ( 'NONE', *, *, #3370, .T. ) ;
#2333 = AXIS2_PLACEMENT_3D ( 'NONE', #9829, #1276, #4406 ) ;
#2334 = CARTESIAN_POINT ( 'NONE',  ( -45.80000000000062244, -5.000000000000000000, 26.24999999999800337 ) ) ;
#2335 = CARTESIAN_POINT ( 'NONE',  ( 24.69999999999848228, -3.499999999999999556, 44.25000000000036238 ) ) ;
#2336 = DIRECTION ( 'NONE',  ( -1.000000000000000000, 0.000000000000000000, -0.000000000000000000 ) ) ;
#2337 = CIRCLE ( 'NONE', #7251, 1.000000000000000888 ) ;
#2338 = CARTESIAN_POINT ( 'NONE',  ( 24.69999999999998863, 1.000000000000000000, -43.45000000000000995 ) ) ;
#2339 = EDGE_LOOP ( 'NONE', ( #4293, #7016, #626, #6972 ) ) ;
#2340 = EDGE_CURVE ( 'NONE', #8943, #8533, #4464, .T. ) ;
#2341 = CARTESIAN_POINT ( 'NONE',  ( 32.26471002320378290, -8.472712070617726354, 44.77539873571492279 ) ) ;
#2342 = DIRECTION ( 'NONE',  ( -1.000000000000000000, 0.000000000000000000, 1.047444401652940007E-14 ) ) ;
#2343 = ORIENTED_EDGE ( 'NONE', *, *, #10105, .T. ) ;
#2344 = ORIENTED_EDGE ( 'NONE', *, *, #5142, .T. ) ;
#2345 = CIRCLE ( 'NONE', #5136, 24.99999999999999645 ) ;
#2346 = VERTEX_POINT ( 'NONE', #6406 ) ;
#2347 = DIRECTION ( 'NONE',  ( 0.000000000000000000, 1.000000000000000000, 0.000000000000000000 ) ) ;
#2348 = CARTESIAN_POINT ( 'NONE',  ( -36.54999999999922977, -3.199999999999999734, 43.50000000000001421 ) ) ;
#2349 = EDGE_LOOP ( 'NONE', ( #5154, #593, #9906 ) ) ;
#2350 = CARTESIAN_POINT ( 'NONE',  ( -43.49999999999990763, -3.199999999999999289, 30.49999999999998224 ) ) ;
#2351 = CARTESIAN_POINT ( 'NONE',  ( 29.66413838860612628, -7.994579749964876747, 42.00000000000000000 ) ) ;
#2352 = VECTOR ( 'NONE', #3293, 1000.000000000000000 ) ;
#2353 = CARTESIAN_POINT ( 'NONE',  ( -41.99999999999989342, -8.000000000000005329, 36.81938769354091079 ) ) ;
#2354 = CARTESIAN_POINT ( 'NONE',  ( -34.62826971615741911, -11.04947845214046254, -42.00000000000000711 ) ) ;
#2355 = AXIS2_PLACEMENT_3D ( 'NONE', #4319, #8986, #7597 ) ;
#2356 = ORIENTED_EDGE ( 'NONE', *, *, #8686, .T. ) ;
#2357 = AXIS2_PLACEMENT_3D ( 'NONE', #872, #817, #8624 ) ;
#2358 = AXIS2_PLACEMENT_3D ( 'NONE', #7734, #9942, #10102 ) ;
#2359 = ORIENTED_EDGE ( 'NONE', *, *, #3158, .T. ) ;
#2360 = LINE ( 'NONE', #6317, #1859 ) ;
#2361 = FACE_OUTER_BOUND ( 'NONE', #9067, .T. ) ;
#2362 = AXIS2_PLACEMENT_3D ( 'NONE', #436, #3458, #2743 ) ;
#2363 = CARTESIAN_POINT ( 'NONE',  ( -50.00000000000000000, -1.000000000000000000, -16.60000000000048104 ) ) ;
#2364 = AXIS2_PLACEMENT_3D ( 'NONE', #5029, #7276, #8144 ) ;
#2365 = EDGE_LOOP ( 'NONE', ( #2539, #280, #9493 ) ) ;
#2366 = ADVANCED_FACE ( 'NONE', ( #9521 ), #4245, .F. ) ;
#2367 = EDGE_CURVE ( 'NONE', #5424, #202, #2986, .T. ) ;
#2368 = AXIS2_PLACEMENT_3D ( 'NONE', #4945, #8952, #7303 ) ;
#2369 = ADVANCED_FACE ( 'NONE', ( #5126, #8348 ), #5074, .T. ) ;
#2370 = ORIENTED_EDGE ( 'NONE', *, *, #2023, .F. ) ;
#2371 = EDGE_CURVE ( 'NONE', #988, #6363, #193, .T. ) ;
#2372 = ORIENTED_EDGE ( 'NONE', *, *, #8764, .T. ) ;
#2373 = VECTOR ( 'NONE', #5089, 1000.000000000000000 ) ;
#2374 = CARTESIAN_POINT ( 'NONE',  ( 46.59867614947806658, -8.559219455937148169, -48.00000000000000711 ) ) ;
#2375 = CARTESIAN_POINT ( 'NONE',  ( -42.00000000000013500, -10.62190967479825687, -37.39035791518679730 ) ) ;
#2376 = CARTESIAN_POINT ( 'NONE',  ( -33.24412171226665436, -11.58916745502405909, 42.00000000000000711 ) ) ;
#2377 = DIRECTION ( 'NONE',  ( -0.000000000000000000, 1.000000000000000000, -0.000000000000000000 ) ) ;
#2378 = VECTOR ( 'NONE', #1759, 1000.000000000000000 ) ;
#2379 = CARTESIAN_POINT ( 'NONE',  ( -27.09999999999983089, -5.000000000000002665, -42.00000000000000711 ) ) ;
#2380 = CARTESIAN_POINT ( 'NONE',  ( 29.32864327218840828, -7.899887785165211618, 44.53796842666049827 ) ) ;
#2381 = CARTESIAN_POINT ( 'NONE',  ( 48.00000000000033396, 1.000000000000000000, 31.29999999999933635 ) ) ;
#2382 = DIRECTION ( 'NONE',  ( 0.000000000000000000, -1.000000000000000000, 0.000000000000000000 ) ) ;
#2383 = ADVANCED_FACE ( 'NONE', ( #455, #6056, #8190 ), #1997, .T. ) ;
#2384 = VECTOR ( 'NONE', #4419, 1000.000000000000000 ) ;
#2385 = EDGE_LOOP ( 'NONE', ( #29, #8622, #450, #8819, #3102, #4315, #1148, #6852, #3154, #5449, #661, #3505, #3768 ) ) ;
#2386 = ORIENTED_EDGE ( 'NONE', *, *, #1868, .F. ) ;
#2387 = AXIS2_PLACEMENT_3D ( 'NONE', #1749, #6466, #9627 ) ;
#2388 = DIRECTION ( 'NONE',  ( -0.000000000000000000, -1.000000000000000000, -0.000000000000000000 ) ) ;
#2389 = DIRECTION ( 'NONE',  ( 1.000000000000000000, 0.000000000000000000, -3.491481338843133355E-15 ) ) ;
#2390 = PLANE ( 'NONE',  #5620 ) ;
#2391 = DIRECTION ( 'NONE',  ( 0.000000000000000000, 0.000000000000000000, -1.000000000000000000 ) ) ;
#2392 = ORIENTED_EDGE ( 'NONE', *, *, #4817, .F. ) ;
#2393 = LINE ( 'NONE', #9364, #5649 ) ;
#2394 = CIRCLE ( 'NONE', #5018, 1.549999999999999378 ) ;
#2395 = ORIENTED_EDGE ( 'NONE', *, *, #4276, .F. ) ;
#2396 = ORIENTED_EDGE ( 'NONE', *, *, #7505, .T. ) ;
#2397 = EDGE_CURVE ( 'NONE', #8663, #5841, #3582, .T. ) ;
#2398 = EDGE_CURVE ( 'NONE', #698, #5691, #2651, .T. ) ;
#2399 = ORIENTED_EDGE ( 'NONE', *, *, #6751, .T. ) ;
#2400 = CARTESIAN_POINT ( 'NONE',  ( 24.70000000000261764, -3.499999999999999556, 43.44999999999865281 ) ) ;
#2401 = VECTOR ( 'NONE', #7903, 1000.000000000000000 ) ;
#2402 = DIRECTION ( 'NONE',  ( 1.181088324069314777E-14, 0.000000000000000000, 1.000000000000000000 ) ) ;
#2403 = ORIENTED_EDGE ( 'NONE', *, *, #5056, .F. ) ;
#2404 = EDGE_CURVE ( 'NONE', #7522, #8006, #6758, .T. ) ;
#2405 = DIRECTION ( 'NONE',  ( -1.000000000000000000, 0.000000000000000000, 1.343011723336880555E-14 ) ) ;
#2406 = CARTESIAN_POINT ( 'NONE',  ( -33.24412171226665436, -8.400000000000002132, 42.00000000000000711 ) ) ;
#2407 = DIRECTION ( 'NONE',  ( -0.000000000000000000, 1.000000000000000000, -0.000000000000000000 ) ) ;
#2408 = CARTESIAN_POINT ( 'NONE',  ( 41.49999999999983658, -9.083282861672605790, 42.00000000000000711 ) ) ;
#2409 = ORIENTED_EDGE ( 'NONE', *, *, #2687, .F. ) ;
#2410 = ORIENTED_EDGE ( 'NONE', *, *, #2943, .F. ) ;
#2411 = DIRECTION ( 'NONE',  ( -3.491481338843133355E-15, 0.000000000000000000, -1.000000000000000000 ) ) ;
#2412 = FACE_OUTER_BOUND ( 'NONE', #4790, .T. ) ;
#2413 = DIRECTION ( 'NONE',  ( 6.982962677686266711E-15, 0.000000000000000000, 1.000000000000000000 ) ) ;
#2414 = ORIENTED_EDGE ( 'NONE', *, *, #6115, .F. ) ;
#2415 = ORIENTED_EDGE ( 'NONE', *, *, #9156, .F. ) ;
#2416 = EDGE_LOOP ( 'NONE', ( #9247, #4382 ) ) ;
#2417 = CARTESIAN_POINT ( 'NONE',  ( -48.99999999999999289, 1.000000000000000000, 42.50000000000051870 ) ) ;
#2418 = DIRECTION ( 'NONE',  ( -1.000000000000000000, 0.000000000000000000, 1.343011723336883395E-14 ) ) ;
#2419 = CARTESIAN_POINT ( 'NONE',  ( -49.99999999999819522, -5.000000000000000000, -27.10000000000048104 ) ) ;
#2420 = ADVANCED_FACE ( 'NONE', ( #1946 ), #2150, .T. ) ;
#2421 = CARTESIAN_POINT ( 'NONE',  ( -41.99999999999990763, -5.000000000000002665, 30.09999999999997655 ) ) ;
#2422 = CARTESIAN_POINT ( 'NONE',  ( -40.00000000000000711, -14.80000000000000071, -42.80000000000001137 ) ) ;
#2423 = DIRECTION ( 'NONE',  ( 1.000000000000000000, -0.000000000000000000, -0.000000000000000000 ) ) ;
#2424 = EDGE_CURVE ( 'NONE', #1966, #110, #8049, .T. ) ;
#2425 = DIRECTION ( 'NONE',  ( 1.000000000000000000, 0.000000000000000000, 0.000000000000000000 ) ) ;
#2426 = ORIENTED_EDGE ( 'NONE', *, *, #5127, .F. ) ;
#2427 = ORIENTED_EDGE ( 'NONE', *, *, #2367, .T. ) ;
#2428 = ORIENTED_EDGE ( 'NONE', *, *, #8390, .F. ) ;
#2429 = DIRECTION ( 'NONE',  ( 1.000000000000000000, 0.000000000000000000, -1.301042606982605321E-15 ) ) ;
#2430 = LINE ( 'NONE', #75, #2174 ) ;
#2431 = CARTESIAN_POINT ( 'NONE',  ( -49.99999999999999289, 1.000000000000000000, 48.99999999999999289 ) ) ;
#2432 = DIRECTION ( 'NONE',  ( -0.000000000000000000, 1.000000000000000000, -0.000000000000000000 ) ) ;
#2433 = ORIENTED_EDGE ( 'NONE', *, *, #7909, .T. ) ;
#2434 = FACE_BOUND ( 'NONE', #2792, .T. ) ;
#2435 = EDGE_CURVE ( 'NONE', #9801, #325, #5282, .T. ) ;
#2436 = CARTESIAN_POINT ( 'NONE',  ( -42.00000000000014921, -3.199999999999999734, -39.64999999999998437 ) ) ;
#2437 = ORIENTED_EDGE ( 'NONE', *, *, #1054, .T. ) ;
#2438 = ORIENTED_EDGE ( 'NONE', *, *, #9814, .F. ) ;
#2439 = FACE_BOUND ( 'NONE', #300, .T. ) ;
#2440 = DIRECTION ( 'NONE',  ( 0.000000000000000000, 1.000000000000000000, 0.000000000000000000 ) ) ;
#2441 = CARTESIAN_POINT ( 'NONE',  ( -35.65540027017686242, -14.72173105677602400, -42.47715249336064858 ) ) ;
#2442 = VERTEX_POINT ( 'NONE', #2055 ) ;
#2443 = CARTESIAN_POINT ( 'NONE',  ( 49.00000000000000711, 1.000000000000000000, 41.49999999999965894 ) ) ;
#2444 = CARTESIAN_POINT ( 'NONE',  ( -37.49999999999999289, -8.400000000000000355, 41.94999999999999574 ) ) ;
#2445 = DIRECTION ( 'NONE',  ( 1.000000000000000000, -0.000000000000000000, -1.047444401652940007E-14 ) ) ;
#2446 = LINE ( 'NONE', #7126, #6086 ) ;
#2447 = B_SPLINE_CURVE_WITH_KNOTS ( 'NONE', 3,
 ( #1267, #4396, #492, #6500, #9610, #2588, #8853, #1823, #9159, #1521, #4598, #6045, #2139, #9312, #2243, #7621, #6150, #7713 ),
 .UNSPECIFIED., .F., .F.,
 ( 4, 2, 2, 2, 2, 2, 2, 2, 4 ),
 ( 0.001010855558298219894, 0.001740550290323902068, 0.002470245022349581640, 0.003199939754375261645, 0.003929634486400941651, 0.004659329218426620789, 0.005389023950452300794, 0.006118718682477979932, 0.006848413414503659938 ),
 .UNSPECIFIED. ) ;
#2448 = ORIENTED_EDGE ( 'NONE', *, *, #8255, .T. ) ;
#2449 = ADVANCED_FACE ( 'NONE', ( #8304 ), #4300, .F. ) ;
#2450 = DIRECTION ( 'NONE',  ( 0.000000000000000000, 0.000000000000000000, 1.000000000000000000 ) ) ;
#2451 = VERTEX_POINT ( 'NONE', #7366 ) ;
#2452 = CARTESIAN_POINT ( 'NONE',  ( -33.45838837163495327, -7.200155741057210790, 41.99999999999999289 ) ) ;
#2453 = DIRECTION ( 'NONE',  ( -1.000000000000000000, 0.000000000000000000, 0.000000000000000000 ) ) ;
#2454 = CARTESIAN_POINT ( 'NONE',  ( 47.99999999999958078, -3.199999999999999734, -40.45000000000032969 ) ) ;
#2455 = VERTEX_POINT ( 'NONE', #6006 ) ;
#2456 = EDGE_LOOP ( 'NONE', ( #8935, #5124 ) ) ;
#2457 = EDGE_CURVE ( 'NONE', #7270, #5841, #343, .T. ) ;
#2458 = ORIENTED_EDGE ( 'NONE', *, *, #8412, .T. ) ;
#2459 = AXIS2_PLACEMENT_3D ( 'NONE', #714, #10100, #4815 ) ;
#2460 = CARTESIAN_POINT ( 'NONE',  ( 40.38212331886855111, -11.48823029122471162, -48.00000000000001421 ) ) ;
#2461 = CARTESIAN_POINT ( 'NONE',  ( -37.60445486833100404, -10.70627089506652574, -48.00000000000001421 ) ) ;
#2462 = DIRECTION ( 'NONE',  ( 0.000000000000000000, 0.000000000000000000, -1.000000000000000000 ) ) ;
#2463 = CARTESIAN_POINT ( 'NONE',  ( 38.09999999999983800, -3.199999999999999734, -48.00000000000000711 ) ) ;
#2464 = DIRECTION ( 'NONE',  ( 0.000000000000000000, 0.000000000000000000, -1.000000000000000000 ) ) ;
#2465 = DIRECTION ( 'NONE',  ( -1.000000000000000000, -0.000000000000000000, 3.491481338843133750E-15 ) ) ;
#2466 = FACE_OUTER_BOUND ( 'NONE', #2339, .T. ) ;
#2467 = VECTOR ( 'NONE', #5571, 1000.000000000000000 ) ;
#2468 = LINE ( 'NONE', #9451, #4942 ) ;
#2469 = EDGE_LOOP ( 'NONE', ( #3193, #9824, #9406, #8649 ) ) ;
#2470 = ORIENTED_EDGE ( 'NONE', *, *, #8007, .F. ) ;
#2471 = VERTEX_POINT ( 'NONE', #557 ) ;
#2472 = AXIS2_PLACEMENT_3D ( 'NONE', #4703, #1471, #7769 ) ;
#2473 = EDGE_CURVE ( 'NONE', #2011, #3503, #1175, .T. ) ;
#2474 = EDGE_CURVE ( 'NONE', #8203, #6192, #9858, .T. ) ;
#2475 = DIRECTION ( 'NONE',  ( -0.000000000000000000, 1.000000000000000000, -0.000000000000000000 ) ) ;
#2476 = VECTOR ( 'NONE', #9053, 1000.000000000000000 ) ;
#2477 = CARTESIAN_POINT ( 'NONE',  ( 30.09999999999983089, -8.000000000000001776, 42.00000000000000711 ) ) ;
#2478 = CARTESIAN_POINT ( 'NONE',  ( -16.59999999999983089, -1.000000000000000000, 49.99999999999999289 ) ) ;
#2479 = CARTESIAN_POINT ( 'NONE',  ( 48.00000000000038369, -3.199999999999999734, 35.74999999999933920 ) ) ;
#2480 = CARTESIAN_POINT ( 'NONE',  ( -31.40143459492317390, -8.000000000000001776, 48.00000000000000711 ) ) ;
#2481 = VECTOR ( 'NONE', #2229, 1000.000000000000000 ) ;
#2482 = LINE ( 'NONE', #5623, #3791 ) ;
#2483 = ORIENTED_EDGE ( 'NONE', *, *, #6648, .T. ) ;
#2484 = CIRCLE ( 'NONE', #10022, 2.349999999999997868 ) ;
#2485 = ORIENTED_EDGE ( 'NONE', *, *, #2577, .F. ) ;
#2486 = ADVANCED_FACE ( 'NONE', ( #403 ), #3536, .F. ) ;
#2487 = EDGE_CURVE ( 'NONE', #5690, #1614, #6490, .T. ) ;
#2488 = ADVANCED_FACE ( 'NONE', ( #5618 ), #8744, .T. ) ;
#2489 = AXIS2_PLACEMENT_3D ( 'NONE', #8414, #764, #5237 ) ;
#2490 = DIRECTION ( 'NONE',  ( -0.000000000000000000, -0.000000000000000000, 1.000000000000000000 ) ) ;
#2491 =( BOUNDED_CURVE ( )  B_SPLINE_CURVE ( 3, ( #7865, #850, #3978, #9463 ),
 .UNSPECIFIED., .F., .F. ) 
 B_SPLINE_CURVE_WITH_KNOTS ( ( 4, 4 ),
 ( 3.141592653589793116, 4.712388980384689674 ),
 .UNSPECIFIED. ) 
 CURVE ( )  GEOMETRIC_REPRESENTATION_ITEM ( )  RATIONAL_B_SPLINE_CURVE ( ( 1.000000000000000000, 0.8047378541243649375, 0.8047378541243649375, 1.000000000000000000 ) ) 
 REPRESENTATION_ITEM ( '' )  );
#2492 = DIRECTION ( 'NONE',  ( 0.000000000000000000, 0.000000000000000000, 1.000000000000000000 ) ) ;
#2493 = CARTESIAN_POINT ( 'NONE',  ( -40.00000000000000000, -1.000000000000000000, 14.99999999999982236 ) ) ;
#2494 = ORIENTED_EDGE ( 'NONE', *, *, #1414, .T. ) ;
#2495 = AXIS2_PLACEMENT_3D ( 'NONE', #5673, #6535, #8894 ) ;
#2496 = DIRECTION ( 'NONE',  ( 0.000000000000000000, 0.000000000000000000, -1.000000000000000000 ) ) ;
#2497 = CARTESIAN_POINT ( 'NONE',  ( -21.49897948556374416, -4.000000000000000000, -49.99999999999884182 ) ) ;
#2498 = CARTESIAN_POINT ( 'NONE',  ( -41.99999999999986500, -10.02513371737467907, 41.49999999999997868 ) ) ;
#2499 = CARTESIAN_POINT ( 'NONE',  ( -37.49999999999999289, -15.00000000000000355, 42.89999999999999147 ) ) ;
#2500 = AXIS2_PLACEMENT_3D ( 'NONE', #3620, #6197, #2286 ) ;
#2501 = VERTEX_POINT ( 'NONE', #4851 ) ;
#2502 = VERTEX_POINT ( 'NONE', #8841 ) ;
#2503 = EDGE_CURVE ( 'NONE', #7462, #57, #7155, .T. ) ;
#2504 = CYLINDRICAL_SURFACE ( 'NONE', #6271, 2.999999999999999112 ) ;
#2505 = EDGE_LOOP ( 'NONE', ( #6123, #4047, #3478, #3858, #1746 ) ) ;
#2506 = CARTESIAN_POINT ( 'NONE',  ( -15.00000000000000355, -1.000000000000000000, -40.00000000000000000 ) ) ;
#2507 = CARTESIAN_POINT ( 'NONE',  ( 20.51918358845536972, -4.200000000000000178, -49.99999999999883471 ) ) ;
#2508 = CIRCLE ( 'NONE', #3827, 1.550000000000002709 ) ;
#2509 = DIRECTION ( 'NONE',  ( 1.000000000000000000, 0.000000000000000000, -4.476705744456278510E-15 ) ) ;
#2510 = VECTOR ( 'NONE', #810, 1000.000000000000000 ) ;
#2511 = VERTEX_POINT ( 'NONE', #9602 ) ;
#2512 = CIRCLE ( 'NONE', #1699, 1.550000000000002709 ) ;
#2513 = ORIENTED_EDGE ( 'NONE', *, *, #9450, .F. ) ;
#2514 = EDGE_CURVE ( 'NONE', #7369, #6863, #7571, .T. ) ;
#2515 = VERTEX_POINT ( 'NONE', #4070 ) ;
#2516 = CIRCLE ( 'NONE', #8586, 1.000000000000000888 ) ;
#2517 = AXIS2_PLACEMENT_3D ( 'NONE', #1535, #10097, #3079 ) ;
#2518 = CARTESIAN_POINT ( 'NONE',  ( -38.09999999999983800, -3.199999999999999734, -43.50000000000001421 ) ) ;
#2519 = CARTESIAN_POINT ( 'NONE',  ( -41.05160885803569215, -11.32972142150075001, -48.00000000000001421 ) ) ;
#2520 = DIRECTION ( 'NONE',  ( 1.000000000000000000, -0.000000000000000000, -3.491481338843133355E-15 ) ) ;
#2521 = AXIS2_PLACEMENT_3D ( 'NONE', #140, #3274, #6399 ) ;
#2522 = CARTESIAN_POINT ( 'NONE',  ( -30.49999999999983302, -3.199999999999999289, 48.00000000000000711 ) ) ;
#2523 = CARTESIAN_POINT ( 'NONE',  ( 45.80000000000062244, -3.499999999999999556, 24.69999999999800622 ) ) ;
#2524 = FACE_OUTER_BOUND ( 'NONE', #3833, .T. ) ;
#2525 = VECTOR ( 'NONE', #2003, 1000.000000000000000 ) ;
#2526 = PLANE ( 'NONE',  #5283 ) ;
#2527 = ORIENTED_EDGE ( 'NONE', *, *, #1990, .T. ) ;
#2528 = ORIENTED_EDGE ( 'NONE', *, *, #5782, .T. ) ;
#2529 = CIRCLE ( 'NONE', #2052, 11.15000000000000036 ) ;
#2530 = DIRECTION ( 'NONE',  ( 1.000000000000000000, 0.000000000000000000, 0.000000000000000000 ) ) ;
#2531 = AXIS2_PLACEMENT_3D ( 'NONE', #9961, #2128, #4273 ) ;
#2532 = CARTESIAN_POINT ( 'NONE',  ( -30.09999999999983089, -5.000000000000002665, -48.00000000000000711 ) ) ;
#2533 = LINE ( 'NONE', #3212, #3162 ) ;
#2534 = CARTESIAN_POINT ( 'NONE',  ( 40.45587828773334138, -8.400000000000002132, 42.00000000000000711 ) ) ;
#2535 = DIRECTION ( 'NONE',  ( -0.000000000000000000, 1.000000000000000000, -0.000000000000000000 ) ) ;
#2536 = CARTESIAN_POINT ( 'NONE',  ( -14.99999999999982236, 1.000000000000000000, -40.00000000000000000 ) ) ;
#2537 = ORIENTED_EDGE ( 'NONE', *, *, #2457, .F. ) ;
#2538 = VECTOR ( 'NONE', #5395, 1000.000000000000000 ) ;
#2539 = ORIENTED_EDGE ( 'NONE', *, *, #9329, .F. ) ;
#2540 = TOROIDAL_SURFACE ( 'NONE', #86, 0.9499999999999998446, 3.399999999999999911 ) ;
#2541 = PLANE ( 'NONE',  #5496 ) ;
#2542 = DIRECTION ( 'NONE',  ( 3.491481338843133355E-15, 0.000000000000000000, 1.000000000000000000 ) ) ;
#2543 = CARTESIAN_POINT ( 'NONE',  ( -49.99999999999820943, -4.200000000000000178, 20.51918358845227175 ) ) ;
#2544 = ORIENTED_EDGE ( 'NONE', *, *, #4055, .F. ) ;
#2545 = VECTOR ( 'NONE', #9785, 1000.000000000000000 ) ;
#2546 = DIRECTION ( 'NONE',  ( -1.396592535537253342E-14, 0.000000000000000000, -1.000000000000000000 ) ) ;
#2547 = CYLINDRICAL_SURFACE ( 'NONE', #8752, 1.000000000000000888 ) ;
#2548 = DIRECTION ( 'NONE',  ( -0.000000000000000000, -0.000000000000000000, -1.000000000000000000 ) ) ;
#2549 = EDGE_CURVE ( 'NONE', #6309, #2511, #5768, .T. ) ;
#2551 = EDGE_CURVE ( 'NONE', #6619, #4230, #2992, .T. ) ;
#2550 = CARTESIAN_POINT ( 'NONE',  ( -31.70653513951540603, -8.523807149526172466, -42.00000000000001421 ) ) ;
#2552 = EDGE_CURVE ( 'NONE', #1698, #6180, #1813, .T. ) ;
#2553 = ORIENTED_EDGE ( 'NONE', *, *, #7725, .F. ) ;
#2554 = CIRCLE ( 'NONE', #8297, 4.349999999999999645 ) ;
#2555 = EDGE_LOOP ( 'NONE', ( #2270, #7100 ) ) ;
#2556 = CYLINDRICAL_SURFACE ( 'NONE', #3639, 2.349999999999997868 ) ;
#2557 = VERTEX_POINT ( 'NONE', #4027 ) ;
#2558 = DIRECTION ( 'NONE',  ( 1.000000000000000000, 0.000000000000000000, -1.387778780781445676E-16 ) ) ;
#2559 = DIRECTION ( 'NONE',  ( 1.000000000000000000, 0.000000000000000000, 0.000000000000000000 ) ) ;
#2560 = DIRECTION ( 'NONE',  ( 0.000000000000000000, 0.000000000000000000, 1.000000000000000000 ) ) ;
#2561 = EDGE_CURVE ( 'NONE', #9867, #1598, #7199, .T. ) ;
#2562 = VERTEX_POINT ( 'NONE', #4118 ) ;
#2563 = ORIENTED_EDGE ( 'NONE', *, *, #1365, .F. ) ;
#2564 = ORIENTED_EDGE ( 'NONE', *, *, #4262, .F. ) ;
#2565 = CARTESIAN_POINT ( 'NONE',  ( -48.99999999999999289, 1.000000000000000000, 31.30000000000000782 ) ) ;
#2566 = CARTESIAN_POINT ( 'NONE',  ( -44.96275765646506528, -9.249860452230523222, -48.00000000000001421 ) ) ;
#2567 = CARTESIAN_POINT ( 'NONE',  ( -30.09999999999983089, -8.000000000000001776, -42.00000000000000711 ) ) ;
#2568 = DIRECTION ( 'NONE',  ( 0.000000000000000000, 0.000000000000000000, 1.000000000000000000 ) ) ;
#2569 = FACE_OUTER_BOUND ( 'NONE', #6159, .T. ) ;
#2570 = CARTESIAN_POINT ( 'NONE',  ( -45.79999999999802185, -3.499999999999999556, -24.69999999999937046 ) ) ;
#2571 = DIRECTION ( 'NONE',  ( 0.4600512226161849738, -0.000000000000000000, 0.8878923766816300134 ) ) ;
#2572 = EDGE_CURVE ( 'NONE', #8161, #4257, #4943, .T. ) ;
#2573 = DIRECTION ( 'NONE',  ( -8.673617379884051249E-16, 0.000000000000000000, -1.000000000000000000 ) ) ;
#2574 = VERTEX_POINT ( 'NONE', #169 ) ;
#2575 = ORIENTED_EDGE ( 'NONE', *, *, #4276, .T. ) ;
#2576 = EDGE_LOOP ( 'NONE', ( #4950, #6393, #929, #3141 ) ) ;
#2577 = EDGE_CURVE ( 'NONE', #7419, #1951, #1041, .T. ) ;
#2578 = CARTESIAN_POINT ( 'NONE',  ( -41.49999999999880629, -1.000000000000000000, 50.00000000000044764 ) ) ;
#2579 = DIRECTION ( 'NONE',  ( -1.000000000000000000, 0.000000000000000000, 0.000000000000000000 ) ) ;
#2580 = DIRECTION ( 'NONE',  ( 1.000000000000000000, 0.000000000000000000, 0.000000000000000000 ) ) ;
#2581 = DIRECTION ( 'NONE',  ( -0.000000000000000000, 1.000000000000000000, -0.000000000000000000 ) ) ;
#2582 = DIRECTION ( 'NONE',  ( 1.000000000000000000, 0.000000000000000000, 0.000000000000000000 ) ) ;
#2583 = EDGE_CURVE ( 'NONE', #2035, #666, #8724, .T. ) ;
#2584 = CYLINDRICAL_SURFACE ( 'NONE', #510, 1.000000000000000888 ) ;
#2585 = ORIENTED_EDGE ( 'NONE', *, *, #2583, .T. ) ;
#2586 = EDGE_LOOP ( 'NONE', ( #5373, #6666, #9363, #9290 ) ) ;
#2587 = DIRECTION ( 'NONE',  ( 0.000000000000000000, 1.000000000000000000, 0.000000000000000000 ) ) ;
#2588 = CARTESIAN_POINT ( 'NONE',  ( 40.03304029239079398, -6.758131723631853660, 42.00000000000000711 ) ) ;
#2589 = CARTESIAN_POINT ( 'NONE',  ( -27.09999999999983089, -5.000000000000000000, 50.00000000000000711 ) ) ;
#2590 = ORIENTED_EDGE ( 'NONE', *, *, #1651, .T. ) ;
#2591 = DIRECTION ( 'NONE',  ( -1.156482317317870344E-14, 0.000000000000000000, -1.000000000000000000 ) ) ;
#2592 = DIRECTION ( 'NONE',  ( 0.000000000000000000, 0.000000000000000000, 1.000000000000000000 ) ) ;
#2593 = CARTESIAN_POINT ( 'NONE',  ( -49.99999999999999289, 1.000000000000000000, 49.99999999999999289 ) ) ;
#2594 = CARTESIAN_POINT ( 'NONE',  ( -34.26872342573890506, -10.54661580847828439, -42.00000000000001421 ) ) ;
#2595 = ORIENTED_EDGE ( 'NONE', *, *, #8157, .T. ) ;
#2596 = EDGE_LOOP ( 'NONE', ( #9418, #4526, #6051, #3976 ) ) ;
#2597 = CARTESIAN_POINT ( 'NONE',  ( -32.84999999999983089, -3.199999999999998845, 48.00000000000000711 ) ) ;
#2598 = EDGE_CURVE ( 'NONE', #3243, #3487, #2430, .T. ) ;
#2599 = EDGE_CURVE ( 'NONE', #7496, #2008, #4297, .T. ) ;
#2600 = DIRECTION ( 'NONE',  ( -0.000000000000000000, 1.000000000000000000, -0.000000000000000000 ) ) ;
#2601 = VERTEX_POINT ( 'NONE', #4174 ) ;
#2602 = CARTESIAN_POINT ( 'NONE',  ( -35.97336761991958554, -5.092893069001402928, 42.00000000000001421 ) ) ;
#2603 = CARTESIAN_POINT ( 'NONE',  ( -31.29999999999983373, 1.000000000000000000, -48.00000000000000711 ) ) ;
#2604 = CARTESIAN_POINT ( 'NONE',  ( 21.49897948556864336, -5.000000000000000000, -49.99999999999884182 ) ) ;
#2605 = ORIENTED_EDGE ( 'NONE', *, *, #6203, .F. ) ;
#2606 = ORIENTED_EDGE ( 'NONE', *, *, #8950, .T. ) ;
#2607 = ORIENTED_EDGE ( 'NONE', *, *, #8609, .F. ) ;
#2608 = EDGE_CURVE ( 'NONE', #3518, #9642, #9646, .T. ) ;
#2609 = ADVANCED_FACE ( 'NONE', ( #6343, #5001 ), #8009, .T. ) ;
#2610 = CARTESIAN_POINT ( 'NONE',  ( -37.01188266628087575, -9.377949055547150081, 48.00000000000001421 ) ) ;
#2611 = CARTESIAN_POINT ( 'NONE',  ( -42.00000000000014211, -14.34299143477628924, -38.92401336710710780 ) ) ;
#2612 = CIRCLE ( 'NONE', #4756, 4.349999999999999645 ) ;
#2613 = ORIENTED_EDGE ( 'NONE', *, *, #1932, .T. ) ;
#2614 = CARTESIAN_POINT ( 'NONE',  ( 41.49999999999983658, -9.083282861672605790, 42.00000000000000711 ) ) ;
#2615 = CARTESIAN_POINT ( 'NONE',  ( -31.29999999999983373, 1.000000000000000000, 48.99999999999999289 ) ) ;
#2616 = DIRECTION ( 'NONE',  ( 0.000000000000000000, -0.000000000000000000, -1.000000000000000000 ) ) ;
#2617 = LINE ( 'NONE', #3350, #8906 ) ;
#2618 = CARTESIAN_POINT ( 'NONE',  ( -35.72419598204034230, -9.000000000000001776, -42.00000000000000711 ) ) ;
#2619 = CIRCLE ( 'NONE', #7216, 1.550000000000002709 ) ;
#2620 = DIRECTION ( 'NONE',  ( -1.000000000000000000, 0.000000000000000000, 0.000000000000000000 ) ) ;
#2621 = ORIENTED_EDGE ( 'NONE', *, *, #8126, .F. ) ;
#2622 = AXIS2_PLACEMENT_3D ( 'NONE', #5814, #4320, #1246 ) ;
#2623 = VERTEX_POINT ( 'NONE', #5563 ) ;
#2624 = ORIENTED_EDGE ( 'NONE', *, *, #6517, .T. ) ;
#2625 = FACE_OUTER_BOUND ( 'NONE', #3849, .T. ) ;
#2626 = DIRECTION ( 'NONE',  ( 0.000000000000000000, -0.000000000000000000, 1.000000000000000000 ) ) ;
#2627 = FACE_OUTER_BOUND ( 'NONE', #1305, .T. ) ;
#2628 = DIRECTION ( 'NONE',  ( -0.000000000000000000, 1.000000000000000000, -0.000000000000000000 ) ) ;
#2629 = CIRCLE ( 'NONE', #1152, 2.349999999999997868 ) ;
#2630 = CARTESIAN_POINT ( 'NONE',  ( -45.79999999999802185, -3.499999999999999556, -24.69999999999937046 ) ) ;
#2631 = LINE ( 'NONE', #3265, #4453 ) ;
#2632 = EDGE_LOOP ( 'NONE', ( #3434, #8928, #3711, #7393 ) ) ;
#2633 = AXIS2_PLACEMENT_3D ( 'NONE', #2242, #5416, #8541 ) ;
#2634 = ORIENTED_EDGE ( 'NONE', *, *, #8839, .T. ) ;
#2635 = VECTOR ( 'NONE', #5773, 1000.000000000000000 ) ;
#2636 = EDGE_CURVE ( 'NONE', #7255, #9560, #8689, .T. ) ;
#2637 = LINE ( 'NONE', #5837, #9510 ) ;
#2638 = B_SPLINE_CURVE_WITH_KNOTS ( 'NONE', 3,
 ( #6685, #5149, #4264, #2673, #4422, #7390, #5970, #6732, #5912, #8319, #5093, #4377 ),
 .UNSPECIFIED., .F., .F.,
 ( 4, 2, 2, 2, 2, 4 ),
 ( 6.453381172803703700E-16, 0.003236497373466103600, 0.004854746060198832959, 0.006472994746931561884, 0.009709492120397039683, 0.01294598949386251835 ),
 .UNSPECIFIED. ) ;
#2639 = DIRECTION ( 'NONE',  ( 0.000000000000000000, -1.000000000000000000, 0.000000000000000000 ) ) ;
#2640 = AXIS2_PLACEMENT_3D ( 'NONE', #2284, #5415, #7008 ) ;
#2641 = DIRECTION ( 'NONE',  ( 0.000000000000000000, 0.000000000000000000, 1.000000000000000000 ) ) ;
#2642 = VERTEX_POINT ( 'NONE', #901 ) ;
#2643 = CARTESIAN_POINT ( 'NONE',  ( 48.00000000000044764, 1.000000000000000000, 41.49999999999999289 ) ) ;
#2644 = DIRECTION ( 'NONE',  ( 0.000000000000000000, 0.000000000000000000, 1.000000000000000000 ) ) ;
#2645 = VECTOR ( 'NONE', #6381, 1000.000000000000000 ) ;
#2646 = DIRECTION ( 'NONE',  ( 1.000000000000000000, 0.000000000000000000, 0.000000000000000000 ) ) ;
#2647 = VERTEX_POINT ( 'NONE', #9497 ) ;
#2648 = AXIS2_PLACEMENT_3D ( 'NONE', #5859, #1956, #6777 ) ;
#2649 = ORIENTED_EDGE ( 'NONE', *, *, #9382, .F. ) ;
#2650 = DIRECTION ( 'NONE',  ( -0.000000000000000000, 1.000000000000000000, -0.000000000000000000 ) ) ;
#2651 = CIRCLE ( 'NONE', #4951, 1.000000000000000888 ) ;
#2652 = LINE ( 'NONE', #9621, #7238 ) ;
#2653 = ORIENTED_EDGE ( 'NONE', *, *, #5939, .F. ) ;
#2654 = CARTESIAN_POINT ( 'NONE',  ( -48.00000000000012079, 1.000000000000000000, -31.29999999999966676 ) ) ;
#2655 = AXIS2_PLACEMENT_3D ( 'NONE', #7770, #5417, #6094 ) ;
#2656 = DIRECTION ( 'NONE',  ( -1.000000000000000000, 0.000000000000000000, 0.000000000000000000 ) ) ;
#2657 = CARTESIAN_POINT ( 'NONE',  ( -41.99999999999819522, -5.000000000000000000, -21.49897948556684923 ) ) ;
#2658 = ORIENTED_EDGE ( 'NONE', *, *, #2807, .F. ) ;
#2659 = EDGE_LOOP ( 'NONE', ( #2653, #3220, #6984 ) ) ;
#2660 = VECTOR ( 'NONE', #9591, 1000.000000000000000 ) ;
#2661 = ORIENTED_EDGE ( 'NONE', *, *, #7742, .F. ) ;
#2662 = CARTESIAN_POINT ( 'NONE',  ( -32.72259101497743927, -8.126962523660793636, 48.00000000000000000 ) ) ;
#2663 = FACE_OUTER_BOUND ( 'NONE', #1445, .T. ) ;
#2664 = EDGE_LOOP ( 'NONE', ( #2649, #2959, #9016, #8653 ) ) ;
#2665 = CARTESIAN_POINT ( 'NONE',  ( 47.99999999999971578, -3.199999999999998845, -28.15000000000033609 ) ) ;
#2666 = CARTESIAN_POINT ( 'NONE',  ( -21.49897948556618843, -4.000000000000000000, 42.00000000000000711 ) ) ;
#2667 = FACE_OUTER_BOUND ( 'NONE', #463, .T. ) ;
#2668 = EDGE_CURVE ( 'NONE', #4251, #4231, #6031, .T. ) ;
#2669 = DIRECTION ( 'NONE',  ( -1.000000000000000000, 0.000000000000000000, 3.491481338843133355E-15 ) ) ;
#2670 = CYLINDRICAL_SURFACE ( 'NONE', #6897, 2.349999999999997868 ) ;
#2671 = CIRCLE ( 'NONE', #8411, 1.000000000000000888 ) ;
#2672 = EDGE_CURVE ( 'NONE', #9935, #7581, #4331, .T. ) ;
#2673 = CARTESIAN_POINT ( 'NONE',  ( -48.00000000000015632, -8.715837089484681499, -44.22881970237051519 ) ) ;
#2674 = EDGE_CURVE ( 'NONE', #4720, #1977, #3806, .T. ) ;
#2675 = EDGE_CURVE ( 'NONE', #2772, #1020, #6113, .T. ) ;
#2676 = ORIENTED_EDGE ( 'NONE', *, *, #4197, .F. ) ;
#2677 = CIRCLE ( 'NONE', #4655, 2.349999999999997868 ) ;
#2678 = ORIENTED_EDGE ( 'NONE', *, *, #6826, .F. ) ;
#2679 = CIRCLE ( 'NONE', #6955, 1.550000000000002709 ) ;
#2680 = EDGE_LOOP ( 'NONE', ( #9939, #4536 ) ) ;
#2681 = VECTOR ( 'NONE', #4192, 1000.000000000000000 ) ;
#2682 = CARTESIAN_POINT ( 'NONE',  ( 24.69999999999784634, -5.000000000000000000, -45.80000000000070770 ) ) ;
#2683 = DIRECTION ( 'NONE',  ( -0.000000000000000000, -0.000000000000000000, -1.000000000000000000 ) ) ;
#2684 = LINE ( 'NONE', #1923, #5132 ) ;
#2685 = CARTESIAN_POINT ( 'NONE',  ( -24.69999999999752660, -8.000000000000001776, 44.25000000000088107 ) ) ;
#2686 = AXIS2_PLACEMENT_3D ( 'NONE', #8926, #3697, #5031 ) ;
#2687 = EDGE_CURVE ( 'NONE', #8441, #7369, #2025, .T. ) ;
#2688 = CARTESIAN_POINT ( 'NONE',  ( -33.14683452046852352, -8.267996909622336688, 43.05088651870020300 ) ) ;
#2689 = AXIS2_PLACEMENT_3D ( 'NONE', #1201, #4335, #7458 ) ;
#2690 = DIRECTION ( 'NONE',  ( 0.000000000000000000, 0.000000000000000000, 1.000000000000000000 ) ) ;
#2691 = ADVANCED_FACE ( 'NONE', ( #9757 ), #4428, .T. ) ;
#2692 = AXIS2_PLACEMENT_3D ( 'NONE', #4017, #1564, #9447 ) ;
#2693 = ORIENTED_EDGE ( 'NONE', *, *, #9498, .F. ) ;
#2694 = ORIENTED_EDGE ( 'NONE', *, *, #6539, .F. ) ;
#2695 = CARTESIAN_POINT ( 'NONE',  ( -43.49999999999987210, -3.199999999999999734, 40.44999999999998863 ) ) ;
#2696 = AXIS2_PLACEMENT_3D ( 'NONE', #3882, #4599, #697 ) ;
#2697 = VECTOR ( 'NONE', #529, 1000.000000000000000 ) ;
#2698 = CARTESIAN_POINT ( 'NONE',  ( 47.99999999999957367, 1.000000000000000000, -41.50000000000017764 ) ) ;
#2700 = DIRECTION ( 'NONE',  ( -1.047444401652940007E-14, 0.000000000000000000, -1.000000000000000000 ) ) ;
#2699 = VECTOR ( 'NONE', #8141, 1000.000000000000000 ) ;
#2701 = DIRECTION ( 'NONE',  ( -0.000000000000000000, 1.000000000000000000, -0.000000000000000000 ) ) ;
#2702 = EDGE_LOOP ( 'NONE', ( #809, #3447 ) ) ;
#2703 = DIRECTION ( 'NONE',  ( 0.000000000000000000, 0.000000000000000000, -1.000000000000000000 ) ) ;
#2704 = CARTESIAN_POINT ( 'NONE',  ( -45.79999999999802185, -3.499999999999999556, 24.70000000000062812 ) ) ;
#2705 = AXIS2_PLACEMENT_3D ( 'NONE', #6240, #5567, #6198 ) ;
#2706 = VECTOR ( 'NONE', #6576, 1000.000000000000000 ) ;
#2707 = DIRECTION ( 'NONE',  ( 0.000000000000000000, 0.000000000000000000, 1.000000000000000000 ) ) ;
#2708 = VERTEX_POINT ( 'NONE', #1922 ) ;
#2709 = EDGE_CURVE ( 'NONE', #6216, #2035, #10101, .T. ) ;
#2710 = ORIENTED_EDGE ( 'NONE', *, *, #5297, .T. ) ;
#2711 = CYLINDRICAL_SURFACE ( 'NONE', #7780, 2.349999999999997868 ) ;
#2712 = VECTOR ( 'NONE', #6110, 1000.000000000000000 ) ;
#2713 = EDGE_CURVE ( 'NONE', #69, #281, #6391, .T. ) ;
#2714 = DIRECTION ( 'NONE',  ( -1.000000000000000000, 0.000000000000000000, 0.000000000000000000 ) ) ;
#2715 = ORIENTED_EDGE ( 'NONE', *, *, #3221, .F. ) ;
#2716 = CARTESIAN_POINT ( 'NONE',  ( 33.97926681261623827, -5.313418668134275435, 42.00000000000000711 ) ) ;
#2717 = CARTESIAN_POINT ( 'NONE',  ( -38.10000000000042775, -3.199999999999999734, -42.00000000000001421 ) ) ;
#2718 = DIRECTION ( 'NONE',  ( 1.000000000000000000, -1.204669080539449097E-16, 0.000000000000000000 ) ) ;
#2719 = EDGE_CURVE ( 'NONE', #9736, #9263, #5730, .T. ) ;
#2720 = CIRCLE ( 'NONE', #6004, 1.549999999999999378 ) ;
#2721 = ORIENTED_EDGE ( 'NONE', *, *, #1464, .T. ) ;
#2722 = ORIENTED_EDGE ( 'NONE', *, *, #8258, .F. ) ;
#2723 = ORIENTED_EDGE ( 'NONE', *, *, #8728, .F. ) ;
#2724 = ADVANCED_FACE ( 'NONE', ( #1256 ), #477, .T. ) ;
#2725 = CYLINDRICAL_SURFACE ( 'NONE', #2648, 24.99999999999999645 ) ;
#2726 = CYLINDRICAL_SURFACE ( 'NONE', #9825, 1.000000000000000888 ) ;
#2727 = ORIENTED_EDGE ( 'NONE', *, *, #8320, .F. ) ;
#2728 = CARTESIAN_POINT ( 'NONE',  ( -40.00000000000000000, 1.000000000000000000, 14.99999999999982236 ) ) ;
#2729 = FACE_OUTER_BOUND ( 'NONE', #1546, .T. ) ;
#2730 = LINE ( 'NONE', #8109, #2373 ) ;
#2731 =( LENGTH_UNIT ( ) NAMED_UNIT ( * ) SI_UNIT ( .MILLI., .METRE. ) );
#2732 = DIRECTION ( 'NONE',  ( 0.000000000000000000, 0.000000000000000000, 1.000000000000000000 ) ) ;
#2733 = DIRECTION ( 'NONE',  ( -4.625929269271486900E-15, 0.000000000000000000, -1.000000000000000000 ) ) ;
#2734 = VERTEX_POINT ( 'NONE', #5978 ) ;
#2735 = ORIENTED_EDGE ( 'NONE', *, *, #4824, .F. ) ;
#2736 = ORIENTED_EDGE ( 'NONE', *, *, #2608, .F. ) ;
#2737 = LINE ( 'NONE', #5306, #350 ) ;
#2738 = DIRECTION ( 'NONE',  ( -1.000000000000000000, 0.000000000000000000, 3.491481338843133355E-15 ) ) ;
#2739 = ADVANCED_FACE ( 'NONE', ( #9102 ), #5871, .T. ) ;
#2740 = EDGE_CURVE ( 'NONE', #7153, #6541, #6234, .T. ) ;
#2741 = CARTESIAN_POINT ( 'NONE',  ( 42.00000000000029132, -1.000000000000000000, 27.09999999999939035 ) ) ;
#2742 = DIRECTION ( 'NONE',  ( -1.000000000000000000, 0.000000000000000000, 0.000000000000000000 ) ) ;
#2743 = DIRECTION ( 'NONE',  ( 0.000000000000000000, -0.000000000000000000, 1.000000000000000000 ) ) ;
#2744 = CARTESIAN_POINT ( 'NONE',  ( 41.99999999999957367, -5.556562696684470559, -41.50000000000027001 ) ) ;
#2745 = VERTEX_POINT ( 'NONE', #317 ) ;
#2746 = EDGE_LOOP ( 'NONE', ( #1952, #5847 ) ) ;
#2747 = LINE ( 'NONE', #6701, #4667 ) ;
#2748 = LINE ( 'NONE', #5932, #1163 ) ;
#2749 = DIRECTION ( 'NONE',  ( 0.000000000000000000, 0.000000000000000000, -1.000000000000000000 ) ) ;
#2750 = EDGE_CURVE ( 'NONE', #8847, #9753, #3452, .T. ) ;
#2751 = CARTESIAN_POINT ( 'NONE',  ( -41.70683081885163546, -8.180198911063468969, 41.79316918114824375 ) ) ;
#2752 = PLANE ( 'NONE',  #8513 ) ;
#2753 = ORIENTED_EDGE ( 'NONE', *, *, #866, .F. ) ;
#2754 = LINE ( 'NONE', #5843, #3674 ) ;
#2755 = CARTESIAN_POINT ( 'NONE',  ( 49.00000000000000711, -1.000000000000000000, 49.99999999999999289 ) ) ;
#2756 = ORIENTED_EDGE ( 'NONE', *, *, #8888, .F. ) ;
#2757 = ORIENTED_EDGE ( 'NONE', *, *, #4849, .T. ) ;
#2758 = ORIENTED_EDGE ( 'NONE', *, *, #1492, .T. ) ;
#2759 = PLANE ( 'NONE',  #5820 ) ;
#2760 = DIRECTION ( 'NONE',  ( 0.000000000000000000, 0.000000000000000000, -1.000000000000000000 ) ) ;
#2761 = ORIENTED_EDGE ( 'NONE', *, *, #8801, .F. ) ;
#2762 = DIRECTION ( 'NONE',  ( -0.000000000000000000, 1.000000000000000000, -0.000000000000000000 ) ) ;
#2763 = DIRECTION ( 'NONE',  ( 1.000000000000000000, -0.000000000000000000, -1.047444401652940007E-14 ) ) ;
#2764 = B_SPLINE_CURVE_WITH_KNOTS ( 'NONE', 3,
 ( #5195, #1282, #4468, #9132, #9947, #2111, #1336, #4413, #3642, #7588 ),
 .UNSPECIFIED., .F., .F.,
 ( 4, 2, 2, 2, 4 ),
 ( 0.000000000000000000, 0.0007179923549020506522, 0.001435984709804101304, 0.002153977064706151957, 0.002871969419608202609 ),
 .UNSPECIFIED. ) ;
#2765 = DIRECTION ( 'NONE',  ( -0.000000000000000000, -0.000000000000000000, -1.000000000000000000 ) ) ;
#2766 = EDGE_CURVE ( 'NONE', #5590, #5486, #4418, .T. ) ;
#2767 = VERTEX_POINT ( 'NONE', #5359 ) ;
#2768 = VERTEX_POINT ( 'NONE', #2993 ) ;
#2769 = ADVANCED_FACE ( 'NONE', ( #5454 ), #7802, .F. ) ;
#2770 = CARTESIAN_POINT ( 'NONE',  ( 40.00000000000000711, -9.000000000000001776, -42.80000000000001137 ) ) ;
#2771 = CARTESIAN_POINT ( 'NONE',  ( 42.00000000000014211, -9.000000000000001776, -38.93703481765633967 ) ) ;
#2772 = VERTEX_POINT ( 'NONE', #2231 ) ;
#2773 = DIRECTION ( 'NONE',  ( 1.000000000000000000, -0.000000000000000000, -1.047444401652940007E-14 ) ) ;
#2774 = CARTESIAN_POINT ( 'NONE',  ( 30.49999999999983302, -3.199999999999999289, -48.00000000000000711 ) ) ;
#2775 = LINE ( 'NONE', #5908, #1558 ) ;
#2776 = DIRECTION ( 'NONE',  ( -0.000000000000000000, 1.000000000000000000, -0.000000000000000000 ) ) ;
#2777 = DIRECTION ( 'NONE',  ( 0.000000000000000000, 0.000000000000000000, -1.000000000000000000 ) ) ;
#2778 = CYLINDRICAL_SURFACE ( 'NONE', #8713, 1.000000000000000888 ) ;
#2779 = ORIENTED_EDGE ( 'NONE', *, *, #6638, .F. ) ;
#2780 = VERTEX_POINT ( 'NONE', #8633 ) ;
#2781 = ORIENTED_EDGE ( 'NONE', *, *, #3491, .T. ) ;
#2782 = AXIS2_PLACEMENT_3D ( 'NONE', #7332, #4369, #4255 ) ;
#2783 = FACE_OUTER_BOUND ( 'NONE', #1325, .T. ) ;
#2784 = CARTESIAN_POINT ( 'NONE',  ( 35.97236596326746394, -9.764224684593797221, -48.00000000000000000 ) ) ;
#2785 = CARTESIAN_POINT ( 'NONE',  ( -32.04999999999913740, -3.199999999999999289, 50.00000000000158451 ) ) ;
#2786 = CARTESIAN_POINT ( 'NONE',  ( -45.79999999999802185, -3.499999999999999556, -22.34999999999937259 ) ) ;
#2787 = CARTESIAN_POINT ( 'NONE',  ( 30.09999999999983089, -5.000000000000002665, 42.00000000000000711 ) ) ;
#2788 = FACE_OUTER_BOUND ( 'NONE', #6553, .T. ) ;
#2789 = VECTOR ( 'NONE', #7261, 1000.000000000000000 ) ;
#2790 = DIRECTION ( 'NONE',  ( -1.000000000000000000, -0.000000000000000000, 1.047444401652940007E-14 ) ) ;
#2791 = ORIENTED_EDGE ( 'NONE', *, *, #5228, .F. ) ;
#2792 = EDGE_LOOP ( 'NONE', ( #7652, #2101 ) ) ;
#2793 = EDGE_CURVE ( 'NONE', #5748, #8034, #8479, .T. ) ;
#2794 = DIRECTION ( 'NONE',  ( 0.000000000000000000, -1.000000000000000000, 0.000000000000000000 ) ) ;
#2795 = VECTOR ( 'NONE', #5372, 1000.000000000000000 ) ;
#2796 = CARTESIAN_POINT ( 'NONE',  ( 42.00000000000031974, -8.000000000000001776, 30.09999999999939035 ) ) ;
#2797 = CIRCLE ( 'NONE', #2968, 1.000000000000000888 ) ;
#2798 = LINE ( 'NONE', #6753, #6456 ) ;
#2799 = CARTESIAN_POINT ( 'NONE',  ( -41.61945263315097776, -7.528469246791208214, 41.88054736684887303 ) ) ;
#2800 = DIRECTION ( 'NONE',  ( -0.000000000000000000, -1.000000000000000000, -0.000000000000000000 ) ) ;
#2801 = EDGE_LOOP ( 'NONE', ( #839, #1691 ) ) ;
#2802 = CARTESIAN_POINT ( 'NONE',  ( -31.29999999999983373, -0.1999999999999999833, -48.00000000000000711 ) ) ;
#2803 = CARTESIAN_POINT ( 'NONE',  ( 32.77782118042306081, -9.131018821888012837, -42.00000000000000711 ) ) ;
#2804 = EDGE_CURVE ( 'NONE', #9341, #5655, #7605, .T. ) ;
#2805 = VERTEX_POINT ( 'NONE', #6942 ) ;
#2806 = ORIENTED_EDGE ( 'NONE', *, *, #8574, .T. ) ;
#2807 = EDGE_CURVE ( 'NONE', #8931, #1641, #3279, .T. ) ;
#2808 = AXIS2_PLACEMENT_3D ( 'NONE', #3679, #6818, #9977 ) ;
#2809 = ADVANCED_FACE ( 'NONE', ( #6845, #4539, #1410 ), #3094, .T. ) ;
#2810 = EDGE_CURVE ( 'NONE', #7381, #1020, #2946, .T. ) ;
#2811 = ORIENTED_EDGE ( 'NONE', *, *, #9110, .F. ) ;
#2812 = AXIS2_PLACEMENT_3D ( 'NONE', #538, #6752, #2137 ) ;
#2813 = CARTESIAN_POINT ( 'NONE',  ( 28.14999999999983160, -3.199999999999999289, -48.00000000000000711 ) ) ;
#2814 = DIRECTION ( 'NONE',  ( 0.000000000000000000, -0.000000000000000000, -1.000000000000000000 ) ) ;
#2815 = CIRCLE ( 'NONE', #5111, 4.349999999999999645 ) ;
#2816 = ORIENTED_EDGE ( 'NONE', *, *, #4444, .F. ) ;
#2817 = CARTESIAN_POINT ( 'NONE',  ( 31.94412171226666075, -8.400000000000002132, 42.00000000000000711 ) ) ;
#2818 = CARTESIAN_POINT ( 'NONE',  ( 41.99999999999978684, -4.000000000000000000, -21.49897948556438010 ) ) ;
#2819 = CARTESIAN_POINT ( 'NONE',  ( 42.00000000000022027, -4.200000000000000178, 20.51918358845472667 ) ) ;
#2820 = EDGE_CURVE ( 'NONE', #3888, #1590, #1560, .T. ) ;
#2821 = CIRCLE ( 'NONE', #2318, 2.999999999999999112 ) ;
#2822 = ADVANCED_FACE ( 'NONE', ( #3910 ), #3049, .F. ) ;
#2823 = AXIS2_PLACEMENT_3D ( 'NONE', #146, #7174, #1119 ) ;
#2824 = ORIENTED_EDGE ( 'NONE', *, *, #8664, .T. ) ;
#2825 = VERTEX_POINT ( 'NONE', #9343 ) ;
#2826 = AXIS2_PLACEMENT_3D ( 'NONE', #6476, #5658, #8044 ) ;
#2827 = CARTESIAN_POINT ( 'NONE',  ( 42.00000000000032685, -3.199999999999999289, 30.49999999999968736 ) ) ;
#2828 = CARTESIAN_POINT ( 'NONE',  ( 30.09999999999983089, -5.000000000000002665, -48.00000000000000711 ) ) ;
#2829 = ORIENTED_EDGE ( 'NONE', *, *, #6296, .F. ) ;
#2830 = CARTESIAN_POINT ( 'NONE',  ( -42.00000000000012079, -8.000000000000001776, -31.83083868292569463 ) ) ;
#2831 = CARTESIAN_POINT ( 'NONE',  ( -40.00000000000000711, -14.80000000000000071, -42.80000000000001137 ) ) ;
#2832 = CARTESIAN_POINT ( 'NONE',  ( -49.00000000000000711, 1.000000000000000000, -50.00000000000000711 ) ) ;
#2833 = DIRECTION ( 'NONE',  ( 0.000000000000000000, 0.000000000000000000, -1.000000000000000000 ) ) ;
#2834 = CARTESIAN_POINT ( 'NONE',  ( 49.99999999999968026, 1.000000000000000000, -31.30000000000035598 ) ) ;
#2835 = DIRECTION ( 'NONE',  ( 1.000000000000000000, -0.000000000000000000, -3.491481338843133355E-15 ) ) ;
#2836 = EDGE_CURVE ( 'NONE', #3871, #8476, #9299, .T. ) ;
#2837 = ORIENTED_EDGE ( 'NONE', *, *, #6144, .F. ) ;
#2838 = VECTOR ( 'NONE', #6293, 1000.000000000000000 ) ;
#2839 = EDGE_CURVE ( 'NONE', #8369, #30, #7274, .T. ) ;
#2840 = ORIENTED_EDGE ( 'NONE', *, *, #7084, .T. ) ;
#2841 = ORIENTED_EDGE ( 'NONE', *, *, #3381, .T. ) ;
#2842 = LINE ( 'NONE', #3603, #9042 ) ;
#2843 = CARTESIAN_POINT ( 'NONE',  ( 37.12128219524569062, -10.42938582349199272, -48.00000000000000711 ) ) ;
#2844 = DIRECTION ( 'NONE',  ( 0.000000000000000000, 0.000000000000000000, -1.000000000000000000 ) ) ;
#2845 = AXIS2_PLACEMENT_3D ( 'NONE', #9048, #2026, #221 ) ;
#2846 = FACE_OUTER_BOUND ( 'NONE', #1321, .T. ) ;
#2847 = DIRECTION ( 'NONE',  ( -0.000000000000000000, -1.000000000000000000, -0.000000000000000000 ) ) ;
#2848 = PLANE ( 'NONE',  #1876 ) ;
#2849 = AXIS2_PLACEMENT_3D ( 'NONE', #5300, #10110, #10000 ) ;
#2850 = CYLINDRICAL_SURFACE ( 'NONE', #6259, 4.000000000000000000 ) ;
#2851 = EDGE_LOOP ( 'NONE', ( #7510, #3058, #8915, #9879 ) ) ;
#2852 = ORIENTED_EDGE ( 'NONE', *, *, #1639, .T. ) ;
#2853 = DIRECTION ( 'NONE',  ( -1.000000000000000000, -0.000000000000000000, 3.491481338843133355E-15 ) ) ;
#2854 = AXIS2_PLACEMENT_3D ( 'NONE', #6176, #5443, #6986 ) ;
#2855 = CARTESIAN_POINT ( 'NONE',  ( 36.55000000000013216, -3.199999999999999734, 42.00000000000000711 ) ) ;
#2856 = VECTOR ( 'NONE', #4462, 1000.000000000000000 ) ;
#2857 = CARTESIAN_POINT ( 'NONE',  ( -42.00000000000014211, -3.199999999999999734, -38.09999999999998010 ) ) ;
#2858 = CARTESIAN_POINT ( 'NONE',  ( -48.00000000000010658, -0.1999999999999999833, -27.09999999999966747 ) ) ;
#2859 = AXIS2_PLACEMENT_3D ( 'NONE', #7253, #4854, #7971 ) ;
#2860 = CARTESIAN_POINT ( 'NONE',  ( 15.00000000000000355, 1.000000000000000000, 15.00000000000000355 ) ) ;
#2861 = ORIENTED_EDGE ( 'NONE', *, *, #4524, .T. ) ;
#2862 = DIRECTION ( 'NONE',  ( -1.000000000000000000, 0.000000000000000000, 0.000000000000000000 ) ) ;
#2863 = CIRCLE ( 'NONE', #9244, 0.9499999999999995115 ) ;
#2864 = DIRECTION ( 'NONE',  ( 0.000000000000000000, 0.000000000000000000, 1.000000000000000000 ) ) ;
#2865 = ORIENTED_EDGE ( 'NONE', *, *, #4708, .F. ) ;
#2866 = ORIENTED_EDGE ( 'NONE', *, *, #10036, .F. ) ;
#2867 = VECTOR ( 'NONE', #6435, 1000.000000000000000 ) ;
#2868 = VERTEX_POINT ( 'NONE', #4923 ) ;
#2869 = CIRCLE ( 'NONE', #5809, 1.550000000000002709 ) ;
#2870 = DIRECTION ( 'NONE',  ( -0.000000000000000000, -0.000000000000000000, 1.000000000000000000 ) ) ;
#2871 = DIRECTION ( 'NONE',  ( -1.000000000000000000, 0.000000000000000000, 0.000000000000000000 ) ) ;
#2872 = AXIS2_PLACEMENT_3D ( 'NONE', #2222, #668, #6838 ) ;
#2873 = ADVANCED_FACE ( 'NONE', ( #6522 ), #976, .F. ) ;
#2874 = ORIENTED_EDGE ( 'NONE', *, *, #9970, .F. ) ;
#2875 = EDGE_CURVE ( 'NONE', #8696, #8212, #8829, .T. ) ;
#2876 = CARTESIAN_POINT ( 'NONE',  ( 29.72614385180519747, -7.976614113461312883, -42.00000000000000711 ) ) ;
#2878 = LINE ( 'NONE', #1901, #2545 ) ;
#2877 = B_SPLINE_CURVE_WITH_KNOTS ( 'NONE', 3,
 ( #8510, #6872, #2212, #7683, #8465, #2928, #6831, #2154, #1487, #4570 ),
 .UNSPECIFIED., .F., .F.,
 ( 4, 2, 2, 2, 4 ),
 ( 0.000000000000000000, 0.0009830438890718416062, 0.001966087778143683212, 0.002949131667215524819, 0.003932175556287366425 ),
 .UNSPECIFIED. ) ;
#2879 = DIRECTION ( 'NONE',  ( 1.000000000000000000, 0.000000000000000000, -1.047444401652940007E-14 ) ) ;
#2880 = AXIS2_PLACEMENT_3D ( 'NONE', #5893, #1225, #9620 ) ;
#2881 = AXIS2_PLACEMENT_3D ( 'NONE', #4248, #1949, #5133 ) ;
#2882 = ORIENTED_EDGE ( 'NONE', *, *, #5499, .T. ) ;
#2883 = CARTESIAN_POINT ( 'NONE',  ( -40.00000000000000711, -15.00000000000000355, -47.15000000000001279 ) ) ;
#2884 = CYLINDRICAL_SURFACE ( 'NONE', #5085, 2.349999999999997868 ) ;
#2885 = ORIENTED_EDGE ( 'NONE', *, *, #7101, .F. ) ;
#2886 = EDGE_CURVE ( 'NONE', #2292, #1376, #1306, .T. ) ;
#2887 = CARTESIAN_POINT ( 'NONE',  ( -49.99999999999820943, -5.000000000000000000, 27.09999999999918430 ) ) ;
#2888 = CARTESIAN_POINT ( 'NONE',  ( 30.49999999999983302, -3.199999999999999289, 43.50000000000001421 ) ) ;
#2889 = AXIS2_PLACEMENT_3D ( 'NONE', #7170, #3939, #7124 ) ;
#2890 = CARTESIAN_POINT ( 'NONE',  ( 31.94412171226667496, -5.000000000000001776, 42.00000000000000711 ) ) ;
#2891 = CYLINDRICAL_SURFACE ( 'NONE', #3994, 4.000000000000000000 ) ;
#2892 = LINE ( 'NONE', #8662, #8693 ) ;
#2893 = ORIENTED_EDGE ( 'NONE', *, *, #6858, .T. ) ;
#2894 = ORIENTED_EDGE ( 'NONE', *, *, #2031, .F. ) ;
#2895 = ORIENTED_EDGE ( 'NONE', *, *, #9474, .T. ) ;
#2896 = AXIS2_PLACEMENT_3D ( 'NONE', #9348, #6895, #3914 ) ;
#2897 = PLANE ( 'NONE',  #8214 ) ;
#2898 = DIRECTION ( 'NONE',  ( -0.000000000000000000, -0.000000000000000000, 1.000000000000000000 ) ) ;
#2899 = EDGE_CURVE ( 'NONE', #7922, #5615, #61, .T. ) ;
#2900 = DIRECTION ( 'NONE',  ( 0.000000000000000000, -0.000000000000000000, -1.000000000000000000 ) ) ;
#2901 = PLANE ( 'NONE',  #2531 ) ;
#2902 = CARTESIAN_POINT ( 'NONE',  ( 39.64999999999954383, -3.199999999999999734, -42.00000000000000711 ) ) ;
#2903 = CARTESIAN_POINT ( 'NONE',  ( -47.99999999999987210, -3.199999999999999734, 40.45000000000000284 ) ) ;
#2904 = CYLINDRICAL_SURFACE ( 'NONE', #7762, 1.550000000000002709 ) ;
#2905 = DIRECTION ( 'NONE',  ( 0.000000000000000000, 0.000000000000000000, 1.000000000000000000 ) ) ;
#2906 = ORIENTED_EDGE ( 'NONE', *, *, #46, .T. ) ;
#2907 = ORIENTED_EDGE ( 'NONE', *, *, #10132, .T. ) ;
#2908 = EDGE_CURVE ( 'NONE', #8441, #3712, #8128, .T. ) ;
#2909 = CARTESIAN_POINT ( 'NONE',  ( -29.93919315816891924, -7.996248270618556475, -46.80201196045869949 ) ) ;
#2910 = CARTESIAN_POINT ( 'NONE',  ( 36.20000000000000995, -8.400000000000000355, 38.54999999999999716 ) ) ;
#2911 = CARTESIAN_POINT ( 'NONE',  ( 48.00000000000029132, -5.000000000000000000, 27.10000000000163922 ) ) ;
#2912 = EDGE_CURVE ( 'NONE', #8410, #9809, #5550, .T. ) ;
#2913 = CARTESIAN_POINT ( 'NONE',  ( 49.99999999999985079, 0.000000000000000000, -41.50000000000000711 ) ) ;
#2914 = CARTESIAN_POINT ( 'NONE',  ( -41.49999999999983658, 1.000000000000000000, -48.00000000000000711 ) ) ;
#2915 = ORIENTED_EDGE ( 'NONE', *, *, #4632, .F. ) ;
#2916 = FACE_BOUND ( 'NONE', #4559, .T. ) ;
#2917 = CARTESIAN_POINT ( 'NONE',  ( 32.43401352600619703, -8.907704332248279400, -42.00000000000000711 ) ) ;
#2918 = ORIENTED_EDGE ( 'NONE', *, *, #2367, .F. ) ;
#2919 = ORIENTED_EDGE ( 'NONE', *, *, #6765, .F. ) ;
#2920 = ORIENTED_EDGE ( 'NONE', *, *, #4692, .F. ) ;
#2921 = EDGE_CURVE ( 'NONE', #6402, #1407, #8013, .T. ) ;
#2922 = VERTEX_POINT ( 'NONE', #934 ) ;
#2923 = FACE_BOUND ( 'NONE', #3555, .T. ) ;
#2924 = CARTESIAN_POINT ( 'NONE',  ( 0.000000000000000000, -5.000000000000000000, 0.000000000000000000 ) ) ;
#2925 = EDGE_LOOP ( 'NONE', ( #6711, #7173 ) ) ;
#2926 = CARTESIAN_POINT ( 'NONE',  ( 50.00000000000064659, -5.000000000000000000, -27.09999999999802611 ) ) ;
#2927 = DIRECTION ( 'NONE',  ( -1.000000000000000000, 0.000000000000000000, 0.000000000000000000 ) ) ;
#2928 = CARTESIAN_POINT ( 'NONE',  ( 31.90029070641418230, -11.36327040205742200, 43.63572768197616369 ) ) ;
#2929 = EDGE_CURVE ( 'NONE', #8654, #6057, #4058, .T. ) ;
#2930 = VERTEX_POINT ( 'NONE', #156 ) ;
#2931 = EDGE_CURVE ( 'NONE', #7983, #802, #3602, .T. ) ;
#2932 = EDGE_CURVE ( 'NONE', #9585, #3428, #7380, .T. ) ;
#2933 = CARTESIAN_POINT ( 'NONE',  ( -49.99999999999819522, -5.000000000000000000, -16.60000000000048459 ) ) ;
#2934 = CARTESIAN_POINT ( 'NONE',  ( 50.00000000000093792, -3.199999999999999289, 30.49999999999965894 ) ) ;
#2935 = ORIENTED_EDGE ( 'NONE', *, *, #2549, .T. ) ;
#2936 = FACE_OUTER_BOUND ( 'NONE', #4306, .T. ) ;
#2937 = DIRECTION ( 'NONE',  ( -0.000000000000000000, 1.000000000000000000, -0.000000000000000000 ) ) ;
#2938 = CARTESIAN_POINT ( 'NONE',  ( -30.10049373363805714, -8.008645047301548914, 42.00000000000000000 ) ) ;
#2939 = ORIENTED_EDGE ( 'NONE', *, *, #3502, .T. ) ;
#2940 = ADVANCED_FACE ( 'NONE', ( #3437, #7535 ), #4212, .T. ) ;
#2941 = EDGE_CURVE ( 'NONE', #7546, #5348, #465, .T. ) ;
#2942 = ORIENTED_EDGE ( 'NONE', *, *, #2268, .T. ) ;
#2943 = EDGE_CURVE ( 'NONE', #2562, #3518, #7531, .T. ) ;
#2944 = VERTEX_POINT ( 'NONE', #2771 ) ;
#2945 = DIRECTION ( 'NONE',  ( 0.000000000000000000, -0.000000000000000000, -1.000000000000000000 ) ) ;
#2946 = LINE ( 'NONE', #9959, #5412 ) ;
#2947 = CARTESIAN_POINT ( 'NONE',  ( 41.49999999999983658, -5.234697887286978712, -42.00000000000000711 ) ) ;
#2948 = DIRECTION ( 'NONE',  ( -0.000000000000000000, -0.000000000000000000, 1.000000000000000000 ) ) ;
#2949 = CARTESIAN_POINT ( 'NONE',  ( -48.00000000000000711, 0.000000000000000000, 1.675911042644704263E-13 ) ) ;
#2950 = CARTESIAN_POINT ( 'NONE',  ( 29.28232166935948300, -7.886416835386258484, 42.00000000000000711 ) ) ;
#2951 = DIRECTION ( 'NONE',  ( -1.000000000000000000, 0.000000000000000000, 6.938893903907222067E-15 ) ) ;
#2952 = CARTESIAN_POINT ( 'NONE',  ( 24.69999999999998863, -3.499999999999999556, -45.80000000000000426 ) ) ;
#2953 = ORIENTED_EDGE ( 'NONE', *, *, #1076, .T. ) ;
#2954 = EDGE_LOOP ( 'NONE', ( #3802, #5479, #7517, #9465 ) ) ;
#2955 = DIRECTION ( 'NONE',  ( -0.000000000000000000, 1.000000000000000000, -0.000000000000000000 ) ) ;
#2956 = CARTESIAN_POINT ( 'NONE',  ( 40.00000000000000711, -11.50796415572370357, -48.00000000000000711 ) ) ;
#2957 = CARTESIAN_POINT ( 'NONE',  ( -47.99999999999986500, -8.000000000000001776, 48.00000000000000711 ) ) ;
#2958 = LINE ( 'NONE', #2914, #8697 ) ;
#2959 = ORIENTED_EDGE ( 'NONE', *, *, #9073, .F. ) ;
#2960 = VECTOR ( 'NONE', #9133, 1000.000000000000000 ) ;
#2961 = CARTESIAN_POINT ( 'NONE',  ( 32.64819952736390718, -11.59999999335513010, 45.43350285183706916 ) ) ;
#2962 = DIRECTION ( 'NONE',  ( 6.982962677686267499E-15, -0.000000000000000000, 1.000000000000000000 ) ) ;
#2963 = ORIENTED_EDGE ( 'NONE', *, *, #8636, .F. ) ;
#2964 = ORIENTED_EDGE ( 'NONE', *, *, #1640, .T. ) ;
#2965 = ORIENTED_EDGE ( 'NONE', *, *, #4962, .T. ) ;
#2966 = EDGE_CURVE ( 'NONE', #9880, #689, #9336, .T. ) ;
#2967 = EDGE_CURVE ( 'NONE', #5366, #1927, #7437, .T. ) ;
#2968 = AXIS2_PLACEMENT_3D ( 'NONE', #1188, #3552, #5044 ) ;
#2969 = ORIENTED_EDGE ( 'NONE', *, *, #7245, .T. ) ;
#2970 = CARTESIAN_POINT ( 'NONE',  ( -41.99999999999995737, -5.000000000000000000, 16.59999999999917364 ) ) ;
#2971 = ORIENTED_EDGE ( 'NONE', *, *, #3014, .T. ) ;
#2972 = VECTOR ( 'NONE', #4397, 1000.000000000000000 ) ;
#2973 = ORIENTED_EDGE ( 'NONE', *, *, #2064, .F. ) ;
#2974 = CARTESIAN_POINT ( 'NONE',  ( 42.00000000000044764, -1.000000000000001776, 41.49999999999939604 ) ) ;
#2975 = DIRECTION ( 'NONE',  ( -1.387778780781445676E-16, 0.000000000000000000, -1.000000000000000000 ) ) ;
#2976 = CARTESIAN_POINT ( 'NONE',  ( 36.20000000000000995, -8.400000000000000355, 41.94999999999999574 ) ) ;
#2977 = AXIS2_PLACEMENT_3D ( 'NONE', #595, #10079, #4551 ) ;
#2978 = VERTEX_POINT ( 'NONE', #3495 ) ;
#2979 = CARTESIAN_POINT ( 'NONE',  ( -42.00000000000015632, -5.556562696684967051, -41.49999999999968736 ) ) ;
#2980 = ORIENTED_EDGE ( 'NONE', *, *, #5335, .T. ) ;
#2981 = DIRECTION ( 'NONE',  ( -1.000000000000000000, 0.000000000000000000, 3.491481338843133355E-15 ) ) ;
#2982 = CIRCLE ( 'NONE', #1824, 4.000000000000000000 ) ;
#2983 = CARTESIAN_POINT ( 'NONE',  ( -24.69999999999752660, -5.000000000000000000, 45.80000000000087823 ) ) ;
#2984 = CARTESIAN_POINT ( 'NONE',  ( -33.24412171226665436, -11.58916745502405909, 42.00000000000000711 ) ) ;
#2985 = FACE_OUTER_BOUND ( 'NONE', #4964, .T. ) ;
#2986 = CIRCLE ( 'NONE', #4291, 2.349999999999997868 ) ;
#2987 = ORIENTED_EDGE ( 'NONE', *, *, #1795, .T. ) ;
#2988 = ORIENTED_EDGE ( 'NONE', *, *, #4824, .T. ) ;
#2989 = CIRCLE ( 'NONE', #1178, 2.349999999999997868 ) ;
#2990 = ORIENTED_EDGE ( 'NONE', *, *, #4405, .F. ) ;
#2991 = LINE ( 'NONE', #4480, #7558 ) ;
#2992 = CIRCLE ( 'NONE', #7404, 1.000000000000000888 ) ;
#2993 = CARTESIAN_POINT ( 'NONE',  ( -40.44999999999983231, -3.199999999999999734, -48.00000000000000711 ) ) ;
#2994 = CARTESIAN_POINT ( 'NONE',  ( 41.00709289968784077, -5.103977269221058322, -42.00000000000000000 ) ) ;
#2995 = CYLINDRICAL_SURFACE ( 'NONE', #5981, 2.349999999999997868 ) ;
#2996 = ADVANCED_FACE ( 'NONE', ( #2010 ), #6626, .F. ) ;
#2997 = EDGE_CURVE ( 'NONE', #6713, #69, #5806, .T. ) ;
#2998 = CARTESIAN_POINT ( 'NONE',  ( -49.99999999999999289, 0.000000000000000000, 42.50000000000051870 ) ) ;
#2999 = LINE ( 'NONE', #5363, #5520 ) ;
#3000 = CARTESIAN_POINT ( 'NONE',  ( -45.80000000000062244, -3.499999999999999556, -24.69999999999800622 ) ) ;
#3001 = ADVANCED_FACE ( 'NONE', ( #4414 ), #2726, .T. ) ;
#3002 = CIRCLE ( 'NONE', #10033, 1.550000000000002709 ) ;
#3003 = CARTESIAN_POINT ( 'NONE',  ( 43.50000000000041211, -3.199999999999999734, 38.09999999999968168 ) ) ;
#3004 = ORIENTED_EDGE ( 'NONE', *, *, #4124, .T. ) ;
#3005 = EDGE_LOOP ( 'NONE', ( #7824, #509, #6866, #6061 ) ) ;
#3006 = ORIENTED_EDGE ( 'NONE', *, *, #4565, .T. ) ;
#3007 = AXIS2_PLACEMENT_3D ( 'NONE', #7092, #7145, #1707 ) ;
#3008 = CYLINDRICAL_SURFACE ( 'NONE', #6910, 1.549999999999999378 ) ;
#3009 = CARTESIAN_POINT ( 'NONE',  ( 29.71398576359457522, -7.975064876170153916, -43.16822940124463770 ) ) ;
#3010 = DIRECTION ( 'NONE',  ( 0.000000000000000000, 0.000000000000000000, 1.000000000000000000 ) ) ;
#3011 = CARTESIAN_POINT ( 'NONE',  ( -43.50000000000012079, -3.199999999999998845, -32.84999999999968168 ) ) ;
#3012 = EDGE_LOOP ( 'NONE', ( #9856, #3556, #3601, #2288 ) ) ;
#3013 = CARTESIAN_POINT ( 'NONE',  ( 31.85357734776366812, -8.635218059897363574, 43.16542834526026695 ) ) ;
#3014 = EDGE_CURVE ( 'NONE', #3537, #5590, #5196, .T. ) ;
#3015 = DIRECTION ( 'NONE',  ( -0.000000000000000000, 1.000000000000000000, -0.000000000000000000 ) ) ;
#3016 = AXIS2_PLACEMENT_3D ( 'NONE', #6119, #6878, #9032 ) ;
#3017 = VERTEX_POINT ( 'NONE', #4983 ) ;
#3018 = EDGE_LOOP ( 'NONE', ( #7862, #4660, #2169, #8153 ) ) ;
#3019 = AXIS2_PLACEMENT_3D ( 'NONE', #3444, #2669, #5813 ) ;
#3020 = VERTEX_POINT ( 'NONE', #513 ) ;
#3021 = CARTESIAN_POINT ( 'NONE',  ( -31.29999999999983373, -0.2000000000000000944, -50.00000000000000711 ) ) ;
#3022 = CIRCLE ( 'NONE', #7429, 1.549999999999999378 ) ;
#3023 = ORIENTED_EDGE ( 'NONE', *, *, #8885, .F. ) ;
#3024 = CARTESIAN_POINT ( 'NONE',  ( -42.00000000000014211, -9.000000000000001776, -38.93703481765633967 ) ) ;
#3025 = DIRECTION ( 'NONE',  ( 0.000000000000000000, 0.000000000000000000, -1.000000000000000000 ) ) ;
#3026 = DIRECTION ( 'NONE',  ( -0.000000000000000000, 1.000000000000000000, -0.000000000000000000 ) ) ;
#3027 = EDGE_CURVE ( 'NONE', #9165, #14, #5248, .T. ) ;
#3028 = CIRCLE ( 'NONE', #1388, 24.99999999999999645 ) ;
#3029 = CYLINDRICAL_SURFACE ( 'NONE', #6146, 1.550000000000002709 ) ;
#3030 = CIRCLE ( 'NONE', #8756, 1.550000000000002709 ) ;
#3031 = AXIS2_PLACEMENT_3D ( 'NONE', #8637, #9, #64 ) ;
#3032 = VERTEX_POINT ( 'NONE', #8202 ) ;
#3033 = EDGE_CURVE ( 'NONE', #394, #3908, #1180, .T. ) ;
#3034 = CIRCLE ( 'NONE', #1882, 2.349999999999997868 ) ;
#3035 = CARTESIAN_POINT ( 'NONE',  ( -15.00000000000000355, -1.000000000000000000, -15.00000000000000355 ) ) ;
#3036 = ORIENTED_EDGE ( 'NONE', *, *, #5452, .T. ) ;
#3037 = CARTESIAN_POINT ( 'NONE',  ( -29.72614385180519747, -7.976614113461312883, -42.00000000000000711 ) ) ;
#3038 = ADVANCED_FACE ( 'NONE', ( #6678 ), #2884, .F. ) ;
#3039 = AXIS2_PLACEMENT_3D ( 'NONE', #9671, #3479, #3581 ) ;
#3040 = CARTESIAN_POINT ( 'NONE',  ( -21.49897948556618843, -5.000000000000000000, 42.00000000000000711 ) ) ;
#3041 = FACE_OUTER_BOUND ( 'NONE', #2456, .T. ) ;
#3042 = CIRCLE ( 'NONE', #5000, 4.349999999999999645 ) ;
#3043 = ORIENTED_EDGE ( 'NONE', *, *, #1042, .F. ) ;
#3044 = CIRCLE ( 'NONE', #4355, 6.800000000000001599 ) ;
#3045 = ORIENTED_EDGE ( 'NONE', *, *, #773, .F. ) ;
#3046 = ORIENTED_EDGE ( 'NONE', *, *, #1809, .T. ) ;
#3047 = CARTESIAN_POINT ( 'NONE',  ( -48.00000000000011369, -8.000000000000001776, -30.09999999999966391 ) ) ;
#3048 = VECTOR ( 'NONE', #1279, 1000.000000000000000 ) ;
#3049 = PLANE ( 'NONE',  #3926 ) ;
#3050 = CARTESIAN_POINT ( 'NONE',  ( -50.00000000000000711, 0.000000000000000000, -50.00000000000000711 ) ) ;
#3051 = DIRECTION ( 'NONE',  ( -2.952720810173291281E-15, 0.000000000000000000, -1.000000000000000000 ) ) ;
#3052 = CARTESIAN_POINT ( 'NONE',  ( -27.09999999999738307, -5.000000000000000000, -49.99999999999884182 ) ) ;
#3053 = PLANE ( 'NONE',  #6011 ) ;
#3054 = FACE_OUTER_BOUND ( 'NONE', #3917, .T. ) ;
#3055 = PLANE ( 'NONE',  #9197 ) ;
#3056 = ORIENTED_EDGE ( 'NONE', *, *, #8975, .T. ) ;
#3057 = VECTOR ( 'NONE', #2210, 1000.000000000000000 ) ;
#3058 = ORIENTED_EDGE ( 'NONE', *, *, #8454, .F. ) ;
#3059 = ORIENTED_EDGE ( 'NONE', *, *, #2473, .F. ) ;
#3060 = CARTESIAN_POINT ( 'NONE',  ( -35.65872060429759927, -8.729307454700222735, -42.40285859902645171 ) ) ;
#3061 = PRODUCT_RELATED_PRODUCT_CATEGORY ( 'part', '', ( #9937 ) ) ;
#3062 = EDGE_CURVE ( 'NONE', #1020, #5346, #5903, .T. ) ;
#3063 = EDGE_CURVE ( 'NONE', #9190, #273, #2304, .T. ) ;
#3064 = FACE_OUTER_BOUND ( 'NONE', #8978, .T. ) ;
#3065 = FACE_OUTER_BOUND ( 'NONE', #5988, .T. ) ;
#3066 = CARTESIAN_POINT ( 'NONE',  ( -48.00000000000010658, -3.199999999999999289, -28.14999999999966462 ) ) ;
#3067 = CARTESIAN_POINT ( 'NONE',  ( 30.50000000000012790, -3.199999999999999289, 42.00000000000000711 ) ) ;
#3068 = ORIENTED_EDGE ( 'NONE', *, *, #742, .T. ) ;
#3069 = CARTESIAN_POINT ( 'NONE',  ( 31.93657731781857834, -11.37991947045065899, 43.77903929546525319 ) ) ;
#3070 = CARTESIAN_POINT ( 'NONE',  ( 35.53418998361173919, -13.10474171348030126, -42.00000000000000711 ) ) ;
#3071 = ORIENTED_EDGE ( 'NONE', *, *, #3837, .F. ) ;
#3072 = ORIENTED_EDGE ( 'NONE', *, *, #4648, .T. ) ;
#3073 = AXIS2_PLACEMENT_3D ( 'NONE', #3263, #7969, #4853 ) ;
#3074 = EDGE_CURVE ( 'NONE', #2200, #1602, #1283, .T. ) ;
#3075 = ORIENTED_EDGE ( 'NONE', *, *, #6507, .F. ) ;
#3076 = ADVANCED_FACE ( 'NONE', ( #2663 ), #8934, .F. ) ;
#3077 = FACE_OUTER_BOUND ( 'NONE', #9674, .T. ) ;
#3078 = EDGE_LOOP ( 'NONE', ( #7978, #6449, #2316, #10034 ) ) ;
#3079 = DIRECTION ( 'NONE',  ( -1.000000000000000000, 0.000000000000000000, 1.343011723336880555E-14 ) ) ;
#3080 = CARTESIAN_POINT ( 'NONE',  ( 31.60925097572382825, -9.859700611460070263, 42.00000000000000711 ) ) ;
#3081 = DIRECTION ( 'NONE',  ( 1.000000000000000000, 0.000000000000000000, -8.953411488912536510E-15 ) ) ;
#3082 = CARTESIAN_POINT ( 'NONE',  ( 50.00000000000029132, -0.1999999999999999833, 27.09999999999930864 ) ) ;
#3083 = CARTESIAN_POINT ( 'NONE',  ( 47.99999999999968026, -0.1999999999999999833, -31.30000000000033467 ) ) ;
#3084 = EDGE_LOOP ( 'NONE', ( #3357, #8263, #3729, #1190, #120 ) ) ;
#3085 = EDGE_LOOP ( 'NONE', ( #8398, #821, #9020, #302, #6542, #6438, #7196, #6288, #8573 ) ) ;
#3086 = CARTESIAN_POINT ( 'NONE',  ( -38.09999999999983800, -3.199999999999999734, -48.00000000000000711 ) ) ;
#3087 = CARTESIAN_POINT ( 'NONE',  ( 40.00000000000000711, -9.000000000000001776, -42.80000000000001137 ) ) ;
#3088 = FACE_OUTER_BOUND ( 'NONE', #4712, .T. ) ;
#3089 = ORIENTED_EDGE ( 'NONE', *, *, #8885, .T. ) ;
#3090 = ORIENTED_EDGE ( 'NONE', *, *, #9495, .F. ) ;
#3091 = EDGE_CURVE ( 'NONE', #3256, #2314, #9180, .T. ) ;
#3092 = VERTEX_POINT ( 'NONE', #4808 ) ;
#3093 = LINE ( 'NONE', #9395, #7233 ) ;
#3094 = PLANE ( 'NONE',  #4591 ) ;
#3095 = CARTESIAN_POINT ( 'NONE',  ( 41.49999999999983658, -1.000000000000001776, 42.00000000000000711 ) ) ;
#3096 = CARTESIAN_POINT ( 'NONE',  ( -35.74999999999983658, -3.199999999999999289, -43.50000000000001421 ) ) ;
#3097 = DIRECTION ( 'NONE',  ( 1.000000000000000000, 0.000000000000000000, -3.491481338843133355E-15 ) ) ;
#3098 = CARTESIAN_POINT ( 'NONE',  ( -49.99999999999819522, -5.000000000000000000, -21.49897948556684213 ) ) ;
#3099 = CYLINDRICAL_SURFACE ( 'NONE', #245, 1.549999999999999378 ) ;
#3100 = CYLINDRICAL_SURFACE ( 'NONE', #9679, 1.000000000000000888 ) ;
#3101 = ORIENTED_EDGE ( 'NONE', *, *, #8169, .F. ) ;
#3102 = ORIENTED_EDGE ( 'NONE', *, *, #9574, .F. ) ;
#3103 = ORIENTED_EDGE ( 'NONE', *, *, #6888, .T. ) ;
#3104 = DIRECTION ( 'NONE',  ( -1.000000000000000000, -0.000000000000000000, -0.000000000000000000 ) ) ;
#3105 = CARTESIAN_POINT ( 'NONE',  ( 29.72536026056836533, -7.976645063909449718, -43.78703191611871404 ) ) ;
#3106 = FACE_OUTER_BOUND ( 'NONE', #1991, .T. ) ;
#3107 = DIRECTION ( 'NONE',  ( 0.000000000000000000, 0.000000000000000000, 1.000000000000000000 ) ) ;
#3108 = ORIENTED_EDGE ( 'NONE', *, *, #2065, .F. ) ;
#3109 = CARTESIAN_POINT ( 'NONE',  ( 32.86226415094331088, -11.60000000000000320, 45.68962710804180460 ) ) ;
#3110 = CARTESIAN_POINT ( 'NONE',  ( 42.00000000000014211, -9.000000000000001776, -38.93703481765633967 ) ) ;
#3111 = EDGE_CURVE ( 'NONE', #7262, #1584, #3746, .T. ) ;
#3112 = ORIENTED_EDGE ( 'NONE', *, *, #2839, .F. ) ;
#3113 = ORIENTED_EDGE ( 'NONE', *, *, #3527, .T. ) ;
#3114 = ORIENTED_EDGE ( 'NONE', *, *, #3562, .F. ) ;
#3115 = FACE_OUTER_BOUND ( 'NONE', #4847, .T. ) ;
#3116 = AXIS2_PLACEMENT_3D ( 'NONE', #361, #4314, #8981 ) ;
#3117 = CARTESIAN_POINT ( 'NONE',  ( 50.00000000000064659, -5.000000000000000000, -21.49897948556438365 ) ) ;
#3118 = ORIENTED_EDGE ( 'NONE', *, *, #9025, .F. ) ;
#3119 = FACE_OUTER_BOUND ( 'NONE', #2632, .T. ) ;
#3120 = FACE_OUTER_BOUND ( 'NONE', #7132, .T. ) ;
#3121 = EDGE_CURVE ( 'NONE', #2930, #576, #2612, .T. ) ;
#3122 = FACE_OUTER_BOUND ( 'NONE', #5559, .T. ) ;
#3123 = EDGE_CURVE ( 'NONE', #5950, #9505, #8523, .T. ) ;
#3125 = ADVANCED_FACE ( 'NONE', ( #7166 ), #6174, .F. ) ;
#3124 = DIRECTION ( 'NONE',  ( 0.000000000000000000, -1.000000000000000000, 0.000000000000000000 ) ) ;
#3126 = EDGE_CURVE ( 'NONE', #2642, #2455, #1682, .T. ) ;
#3127 = AXIS2_PLACEMENT_3D ( 'NONE', #7313, #4080, #9611 ) ;
#3128 = ORIENTED_EDGE ( 'NONE', *, *, #4110, .F. ) ;
#3129 = AXIS2_PLACEMENT_3D ( 'NONE', #422, #4991, #2732 ) ;
#3130 = EDGE_CURVE ( 'NONE', #2451, #5890, #5574, .T. ) ;
#3131 = ORIENTED_EDGE ( 'NONE', *, *, #3218, .F. ) ;
#3132 = CARTESIAN_POINT ( 'NONE',  ( -49.99999999999819522, -4.200000000000000178, -20.51918358845357204 ) ) ;
#3133 = DIRECTION ( 'NONE',  ( -1.000000000000000000, 0.000000000000000000, 0.000000000000000000 ) ) ;
#3134 = CARTESIAN_POINT ( 'NONE',  ( -38.09999999999983800, -3.199999999999999734, -43.50000000000001421 ) ) ;
#3135 = ADVANCED_FACE ( 'NONE', ( #9289 ), #664, .F. ) ;
#3136 = VECTOR ( 'NONE', #8444, 1000.000000000000000 ) ;
#3137 = AXIS2_PLACEMENT_3D ( 'NONE', #7568, #9927, #1313 ) ;
#3138 = ORIENTED_EDGE ( 'NONE', *, *, #5192, .T. ) ;
#3139 = ORIENTED_EDGE ( 'NONE', *, *, #5782, .F. ) ;
#3140 =( BOUNDED_SURFACE ( )  B_SPLINE_SURFACE ( 3, 2, ( 
 ( #278, #8067, #8898 ),
 ( #848, #3977, #7109 ),
 ( #80, #3215, #5053 ),
 ( #8330, #2688, #9703 ),
 ( #8283, #5874, #9051 ),
 ( #9807, #8997, #9763 ),
 ( #3515, #6649, #5830 ),
 ( #3608, #532, #7400 ) ),
 .UNSPECIFIED., .F., .F., .T. ) 
 B_SPLINE_SURFACE_WITH_KNOTS ( ( 4, 2, 2, 4 ),
 ( 3, 3 ),
 ( -7.806255641895631925E-18, 0.002319790977021409482, 0.003479686465532118127, 0.004639581954042826771 ),
 ( 0.000000000000000000, 1.000000000000000000 ),
 .UNSPECIFIED. ) 
 GEOMETRIC_REPRESENTATION_ITEM ( )  RATIONAL_B_SPLINE_SURFACE ( (
 ( 1.000000000000000000, 0.7071067811865489050, 1.000000000000000000),
 ( 1.000000000000000000, 0.7214329767806239024, 1.000000000000000000),
 ( 1.000000000000000000, 0.7310743557631703693, 1.000000000000000000),
 ( 1.000000000000000000, 0.7362727086825680001, 1.000000000000000000),
 ( 1.000000000000000000, 0.7364321022798796523, 1.000000000000000000),
 ( 1.000000000000000000, 0.7336330766672218839, 1.000000000000000000),
 ( 1.000000000000000000, 0.7306963967331586707, 1.000000000000000000),
 ( 1.000000000000000000, 0.7263373485350382852, 1.000000000000000000) ) ) 
 REPRESENTATION_ITEM ( '' )  SURFACE ( )  );
#3141 = ORIENTED_EDGE ( 'NONE', *, *, #2886, .T. ) ;
#3142 = CIRCLE ( 'NONE', #8870, 2.349999999999997868 ) ;
#3143 = CARTESIAN_POINT ( 'NONE',  ( 40.00000000000000711, -5.025393101198561752, -42.00000000000000711 ) ) ;
#3144 = CARTESIAN_POINT ( 'NONE',  ( -42.00000000000013500, -8.227133012057159078, -33.62217711883136673 ) ) ;
#3145 = FACE_BOUND ( 'NONE', #729, .T. ) ;
#3146 = DIRECTION ( 'NONE',  ( -3.491481338843133750E-15, -0.000000000000000000, -1.000000000000000000 ) ) ;
#3147 = VECTOR ( 'NONE', #10016, 1000.000000000000000 ) ;
#3148 = DIRECTION ( 'NONE',  ( -0.000000000000000000, -0.000000000000000000, 1.000000000000000000 ) ) ;
#3149 = CARTESIAN_POINT ( 'NONE',  ( 16.60000000000229292, -0.9999999999999986677, -42.00000000000000711 ) ) ;
#3150 = DIRECTION ( 'NONE',  ( 2.952720810173286943E-15, 0.000000000000000000, 1.000000000000000000 ) ) ;
#3151 = EDGE_CURVE ( 'NONE', #6486, #625, #3285, .T. ) ;
#3152 = ADVANCED_FACE ( 'NONE', ( #5347 ), #8468, .T. ) ;
#3153 = LINE ( 'NONE', #6285, #7389 ) ;
#3154 = ORIENTED_EDGE ( 'NONE', *, *, #5828, .T. ) ;
#3155 = CIRCLE ( 'NONE', #2826, 2.349999999999997868 ) ;
#3156 = EDGE_LOOP ( 'NONE', ( #10005, #3569, #8698, #5695 ) ) ;
#3157 = CIRCLE ( 'NONE', #7395, 2.350000000000001421 ) ;
#3158 = EDGE_CURVE ( 'NONE', #10003, #71, #9248, .T. ) ;
#3159 = PLANE ( 'NONE',  #10007 ) ;
#3160 = CARTESIAN_POINT ( 'NONE',  ( 35.72743892922089515, -14.74342510580612853, -41.98285748093563541 ) ) ;
#3161 = DIRECTION ( 'NONE',  ( 1.047444401652940007E-14, 0.000000000000000000, 1.000000000000000000 ) ) ;
#3162 = VECTOR ( 'NONE', #9459, 1000.000000000000000 ) ;
#3163 = LINE ( 'NONE', #3213, #2795 ) ;
#3164 = ORIENTED_EDGE ( 'NONE', *, *, #2820, .T. ) ;
#3165 = CARTESIAN_POINT ( 'NONE',  ( 49.00000000000000711, 7.750000000000000000, 49.99999999999999289 ) ) ;
#3166 = CARTESIAN_POINT ( 'NONE',  ( -38.09999999999914166, -3.199999999999999734, 50.00000000000167688 ) ) ;
#3167 = VERTEX_POINT ( 'NONE', #4039 ) ;
#3168 = ORIENTED_EDGE ( 'NONE', *, *, #2598, .T. ) ;
#3169 = CIRCLE ( 'NONE', #2845, 2.349999999999997868 ) ;
#3170 = EDGE_LOOP ( 'NONE', ( #486, #7908, #5927, #3282 ) ) ;
#3171 = FACE_OUTER_BOUND ( 'NONE', #3611, .T. ) ;
#3172 = DIRECTION ( 'NONE',  ( -0.000000000000000000, 1.000000000000000000, -0.000000000000000000 ) ) ;
#3173 = EDGE_LOOP ( 'NONE', ( #8709, #7545, #2840, #2207 ) ) ;
#3174 = LINE ( 'NONE', #4612, #1037 ) ;
#3175 = DIRECTION ( 'NONE',  ( 0.000000000000000000, 0.000000000000000000, 1.000000000000000000 ) ) ;
#3176 = CIRCLE ( 'NONE', #6611, 2.349999999999997868 ) ;
#3177 = CARTESIAN_POINT ( 'NONE',  ( -41.99999999999987210, -9.522454760120872663, 40.70778267890093360 ) ) ;
#3178 = LINE ( 'NONE', #1344, #5425 ) ;
#3179 = CIRCLE ( 'NONE', #9547, 4.349999999999999645 ) ;
#3180 = ORIENTED_EDGE ( 'NONE', *, *, #5267, .F. ) ;
#3181 = VECTOR ( 'NONE', #9173, 1000.000000000000000 ) ;
#3182 = EDGE_CURVE ( 'NONE', #9219, #2805, #6018, .T. ) ;
#3183 = EDGE_CURVE ( 'NONE', #9773, #7121, #166, .T. ) ;
#3184 = B_SPLINE_CURVE_WITH_KNOTS ( 'NONE', 3,
 ( #6409, #3388, #6514, #4247, #7371, #346, #2716, #8972, #1948, #149, #7424, #2209, #3538, #8350, #5188, #6671, #7637, #2817 ),
 .UNSPECIFIED., .F., .F.,
 ( 4, 2, 2, 2, 2, 2, 2, 2, 4 ),
 ( 0.000000000000000000, 0.0007356637804444622099, 0.001471327560888924420, 0.002206991341333386630, 0.002942655121777848840, 0.003678318902222311049, 0.004413982682666773259, 0.005149646463111235903, 0.005885310243555697679 ),
 .UNSPECIFIED. ) ;
#3185 = EDGE_LOOP ( 'NONE', ( #7707, #5833, #4779, #7974 ) ) ;
#3186 = LINE ( 'NONE', #3902, #2037 ) ;
#3187 = CARTESIAN_POINT ( 'NONE',  ( 38.09999999999953957, -3.199999999999999734, -43.50000000000001421 ) ) ;
#3188 = CARTESIAN_POINT ( 'NONE',  ( 41.99999999999962341, -10.12979159672663165, -36.92853507134086755 ) ) ;
#3189 = CIRCLE ( 'NONE', #4676, 2.999999999999999112 ) ;
#3190 = ORIENTED_EDGE ( 'NONE', *, *, #9015, .F. ) ;
#3191 = VECTOR ( 'NONE', #9254, 1000.000000000000000 ) ;
#3192 = ORIENTED_EDGE ( 'NONE', *, *, #7640, .T. ) ;
#3193 = ORIENTED_EDGE ( 'NONE', *, *, #7596, .F. ) ;
#3194 = ADVANCED_FACE ( 'NONE', ( #4469 ), #7590, .T. ) ;
#3195 = AXIS2_PLACEMENT_3D ( 'NONE', #8329, #1301, #8483 ) ;
#3196 = CARTESIAN_POINT ( 'NONE',  ( 35.72419598204034230, -9.000000000000001776, -42.00000000000000711 ) ) ;
#3197 = DIRECTION ( 'NONE',  ( -1.396592535537253342E-14, 0.000000000000000000, -1.000000000000000000 ) ) ;
#3198 = DIRECTION ( 'NONE',  ( -1.000000000000000000, -0.000000000000000000, 1.387778780781445676E-16 ) ) ;
#3199 = DIRECTION ( 'NONE',  ( 0.000000000000000000, 0.000000000000000000, 1.000000000000000000 ) ) ;
#3200 = AXIS2_PLACEMENT_3D ( 'NONE', #2666, #4372, #3594 ) ;
#3201 = DIRECTION ( 'NONE',  ( 1.000000000000000000, 0.000000000000000000, 0.000000000000000000 ) ) ;
#3202 = DIRECTION ( 'NONE',  ( 0.000000000000000000, 1.000000000000000000, 0.000000000000000000 ) ) ;
#3203 = DIRECTION ( 'NONE',  ( 1.000000000000000000, 0.000000000000000000, 0.000000000000000000 ) ) ;
#3204 = DIRECTION ( 'NONE',  ( 2.952720810173291281E-15, 0.000000000000000000, 1.000000000000000000 ) ) ;
#3205 = AXIS2_PLACEMENT_3D ( 'NONE', #1730, #9466, #6306 ) ;
#3206 = ORIENTED_EDGE ( 'NONE', *, *, #7013, .T. ) ;
#3207 = ORIENTED_EDGE ( 'NONE', *, *, #3126, .T. ) ;
#3208 = AXIS2_PLACEMENT_3D ( 'NONE', #2818, #7326, #4972 ) ;
#3209 = VECTOR ( 'NONE', #210, 1000.000000000000000 ) ;
#3210 = FACE_BOUND ( 'NONE', #8499, .T. ) ;
#3211 = DIRECTION ( 'NONE',  ( -1.000000000000000000, -0.000000000000000000, 3.491481338843133750E-15 ) ) ;
#3212 = CARTESIAN_POINT ( 'NONE',  ( -41.49999999999983658, 1.000000000000000000, -48.00000000000000711 ) ) ;
#3213 = CARTESIAN_POINT ( 'NONE',  ( -21.49897948556618843, -5.000000000000000000, 50.00000000000000711 ) ) ;
#3214 = VERTEX_POINT ( 'NONE', #1395 ) ;
#3215 = CARTESIAN_POINT ( 'NONE',  ( -33.20488788269411629, -8.224558245856410821, 43.72479919147874483 ) ) ;
#3216 = AXIS2_PLACEMENT_3D ( 'NONE', #7215, #2548, #812 ) ;
#3217 = DIRECTION ( 'NONE',  ( -1.000000000000000000, 0.000000000000000000, 1.047444401652940007E-14 ) ) ;
#3218 = EDGE_CURVE ( 'NONE', #4738, #1474, #8020, .T. ) ;
#3219 = ORIENTED_EDGE ( 'NONE', *, *, #387, .F. ) ;
#3220 = ORIENTED_EDGE ( 'NONE', *, *, #4696, .F. ) ;
#3221 = EDGE_CURVE ( 'NONE', #2768, #1500, #3438, .T. ) ;
#3222 = CARTESIAN_POINT ( 'NONE',  ( -41.99999999999990763, -8.000000000000001776, 30.09999999999997655 ) ) ;
#3223 = AXIS2_PLACEMENT_3D ( 'NONE', #683, #5554, #5458 ) ;
#3224 =( BOUNDED_SURFACE ( )  B_SPLINE_SURFACE ( 3, 2, ( 
 ( #3109, #9976, #6200 ),
 ( #2961, #7014, #6097 ),
 ( #7822, #4603, #1525 ),
 ( #8546, #8449, #7717 ),
 ( #2196, #2341, #699 ),
 ( #1427, #755, #10129 ),
 ( #800, #4556, #6967 ),
 ( #3069, #7056, #24 ),
 ( #3884, #9315, #7672 ),
 ( #2289, #645, #3777 ),
 ( #10028, #3013, #6154 ),
 ( #5569, #1724, #5721 ),
 ( #3311, #6538, #9651 ),
 ( #8694, #948, #1874 ) ),
 .UNSPECIFIED., .F., .F., .F. ) 
 B_SPLINE_SURFACE_WITH_KNOTS ( ( 4, 2, 2, 2, 2, 2, 4 ),
 ( 3, 3 ),
 ( 0.000000000000000000, 0.001802817988294589139, 0.002704226982441883601, 0.003605635976589178279, 0.004507044970736472957, 0.005408453964883767201, 0.007211271953178356557 ),
 ( 0.000000000000000000, 1.000000000000000000 ),
 .UNSPECIFIED. ) 
 GEOMETRIC_REPRESENTATION_ITEM ( )  RATIONAL_B_SPLINE_SURFACE ( (
 ( 1.000000000000000000, 0.7071067811865481278, 1.000000000000000000),
 ( 1.000000000000000000, 0.7232204891755759091, 1.000000000000000000),
 ( 1.000000000000000000, 0.7391519685194670730, 1.000000000000000000),
 ( 1.000000000000000000, 0.7599780301744523126, 1.000000000000000000),
 ( 1.000000000000000000, 0.7664322577133955150, 1.000000000000000000),
 ( 1.000000000000000000, 0.7778949121271603317, 1.000000000000000000),
 ( 1.000000000000000000, 0.7828297828443023798, 1.000000000000000000),
 ( 1.000000000000000000, 0.7909369266993956371, 1.000000000000000000),
 ( 1.000000000000000000, 0.7941101673602358746, 1.000000000000000000),
 ( 1.000000000000000000, 0.7985487043129365636, 1.000000000000000000),
 ( 1.000000000000000000, 0.7998146782589151682, 1.000000000000000000),
 ( 1.000000000000000000, 0.8005291957579225848, 1.000000000000000000),
 ( 1.000000000000000000, 0.7969305424797845649, 1.000000000000000000),
 ( 1.000000000000000000, 0.7896562729254982260, 1.000000000000000000) ) ) 
 REPRESENTATION_ITEM ( '' )  SURFACE ( )  );
#3225 = LINE ( 'NONE', #8019, #696 ) ;
#3226 = CARTESIAN_POINT ( 'NONE',  ( -35.64620518483712175, -14.71870511952360694, -42.95571779725953121 ) ) ;
#3227 = ORIENTED_EDGE ( 'NONE', *, *, #8542, .F. ) ;
#3228 = CARTESIAN_POINT ( 'NONE',  ( -42.00000000000015632, -6.176630743407566904, -40.31513955068429311 ) ) ;
#3229 = DIRECTION ( 'NONE',  ( 1.387778780781444413E-14, 0.000000000000000000, 1.000000000000000000 ) ) ;
#3230 = CYLINDRICAL_SURFACE ( 'NONE', #6178, 2.349999999999997868 ) ;
#3231 = DIRECTION ( 'NONE',  ( 0.000000000000000000, 1.000000000000000000, 0.000000000000000000 ) ) ;
#3232 = EDGE_CURVE ( 'NONE', #1937, #6767, #1488, .T. ) ;
#3233 = ORIENTED_EDGE ( 'NONE', *, *, #8504, .T. ) ;
#3234 = CARTESIAN_POINT ( 'NONE',  ( 47.99999999999972289, -5.000000000000002665, -27.10000000000033538 ) ) ;
#3235 = ORIENTED_EDGE ( 'NONE', *, *, #3880, .F. ) ;
#3236 = CARTESIAN_POINT ( 'NONE',  ( -33.24412171226664725, -8.154492768451394369, 42.00000000000000000 ) ) ;
#3237 = CARTESIAN_POINT ( 'NONE',  ( -30.09999999999983089, -11.60000000000000320, 45.80559804515304734 ) ) ;
#3238 = CARTESIAN_POINT ( 'NONE',  ( 41.99999999999965894, -8.229652648716591301, -33.63183021328563171 ) ) ;
#3239 = EDGE_CURVE ( 'NONE', #8629, #5400, #3373, .T. ) ;
#3240 = ADVANCED_FACE ( 'NONE', ( #4956, #8808 ), #8909, .T. ) ;
#3241 = ORIENTED_EDGE ( 'NONE', *, *, #3221, .T. ) ;
#3242 = ORIENTED_EDGE ( 'NONE', *, *, #9238, .T. ) ;
#3243 = VERTEX_POINT ( 'NONE', #284 ) ;
#3244 = CARTESIAN_POINT ( 'NONE',  ( 41.76957699778449751, -11.03330829742793995, -48.00000000000000711 ) ) ;
#3245 = CARTESIAN_POINT ( 'NONE',  ( -31.29999999999983373, -0.1999999999999999833, -48.00000000000000711 ) ) ;
#3246 = CARTESIAN_POINT ( 'NONE',  ( 49.99999999999968026, 0.000000000000000000, -31.30000000000035598 ) ) ;
#3247 = CARTESIAN_POINT ( 'NONE',  ( 0.000000000000000000, 0.000000000000000000, 48.99999999999999289 ) ) ;
#3248 = CARTESIAN_POINT ( 'NONE',  ( -43.50000000000010658, -3.199999999999999289, -28.14999999999968239 ) ) ;
#3249 = CARTESIAN_POINT ( 'NONE',  ( -45.79999999999802185, 1.000000000000000000, -27.04999999999936833 ) ) ;
#3250 = CARTESIAN_POINT ( 'NONE',  ( -41.01209993723453096, -5.080347703060788866, -42.00000000000000711 ) ) ;
#3251 = EDGE_CURVE ( 'NONE', #9778, #3687, #8178, .T. ) ;
#3252 = FACE_BOUND ( 'NONE', #1418, .T. ) ;
#3253 = EDGE_CURVE ( 'NONE', #6887, #925, #6501, .T. ) ;
#3254 = ADVANCED_FACE ( 'NONE', ( #8077 ), #6397, .T. ) ;
#3255 = EDGE_LOOP ( 'NONE', ( #2553, #1978, #7602, #2779 ) ) ;
#3256 = VERTEX_POINT ( 'NONE', #6448 ) ;
#3257 = ORIENTED_EDGE ( 'NONE', *, *, #9812, .F. ) ;
#3258 = DIRECTION ( 'NONE',  ( 0.000000000000000000, 0.000000000000000000, 1.000000000000000000 ) ) ;
#3259 = DIRECTION ( 'NONE',  ( 0.000000000000000000, -0.000000000000000000, -1.000000000000000000 ) ) ;
#3260 = DIRECTION ( 'NONE',  ( -1.000000000000000000, 0.000000000000000000, -0.000000000000000000 ) ) ;
#3261 = CIRCLE ( 'NONE', #550, 2.350000000000001421 ) ;
#3262 = CARTESIAN_POINT ( 'NONE',  ( 41.99999999999972289, -5.000000000000002665, -27.10000000000027143 ) ) ;
#3263 = CARTESIAN_POINT ( 'NONE',  ( 50.00000000000096634, -3.199999999999999734, -38.09999999999966036 ) ) ;
#3264 = CYLINDRICAL_SURFACE ( 'NONE', #4828, 1.550000000000002709 ) ;
#3265 = CARTESIAN_POINT ( 'NONE',  ( 47.99999999999972289, -0.1999999999999999833, -27.10000000000033538 ) ) ;
#3266 = EDGE_CURVE ( 'NONE', #7651, #4774, #237, .T. ) ;
#3267 = ORIENTED_EDGE ( 'NONE', *, *, #9156, .T. ) ;
#3268 = ORIENTED_EDGE ( 'NONE', *, *, #4429, .F. ) ;
#3269 = FACE_BOUND ( 'NONE', #2746, .T. ) ;
#3270 = DIRECTION ( 'NONE',  ( 0.000000000000000000, 0.000000000000000000, 1.000000000000000000 ) ) ;
#3271 = CARTESIAN_POINT ( 'NONE',  ( -31.29999999999983373, 1.000000000000000000, -49.00000000000000711 ) ) ;
#3272 = ORIENTED_EDGE ( 'NONE', *, *, #9040, .F. ) ;
#3273 = LINE ( 'NONE', #9613, #4148 ) ;
#3274 = DIRECTION ( 'NONE',  ( 3.491481338843133355E-15, -0.000000000000000000, 1.000000000000000000 ) ) ;
#3275 = DIRECTION ( 'NONE',  ( -9.607699251563814627E-15, 0.000000000000000000, -1.000000000000000000 ) ) ;
#3276 = CARTESIAN_POINT ( 'NONE',  ( 32.04999999999948557, -3.199999999999999289, -50.00000000000072475 ) ) ;
#3277 = ORIENTED_EDGE ( 'NONE', *, *, #6129, .F. ) ;
#3278 = ADVANCED_FACE ( 'NONE', ( #1936 ), #5728, .F. ) ;
#3279 = CIRCLE ( 'NONE', #4426, 2.349999999999997868 ) ;
#3280 = ORIENTED_EDGE ( 'NONE', *, *, #3744, .T. ) ;
#3281 = DIRECTION ( 'NONE',  ( 0.000000000000000000, 0.000000000000000000, 1.000000000000000000 ) ) ;
#3282 = ORIENTED_EDGE ( 'NONE', *, *, #8157, .F. ) ;
#3283 = CARTESIAN_POINT ( 'NONE',  ( -36.70486525994544280, -5.003392681337304637, 42.00000000000000711 ) ) ;
#3284 = CARTESIAN_POINT ( 'NONE',  ( -39.31512316880783686, -5.155305543518377220, 42.00000000000002132 ) ) ;
#3285 = CIRCLE ( 'NONE', #1320, 2.349999999999997868 ) ;
#3286 = DIRECTION ( 'NONE',  ( 4.476705744456268255E-15, 0.000000000000000000, 1.000000000000000000 ) ) ;
#3287 = ORIENTED_EDGE ( 'NONE', *, *, #1138, .F. ) ;
#3288 = ORIENTED_EDGE ( 'NONE', *, *, #9196, .F. ) ;
#3289 = EDGE_LOOP ( 'NONE', ( #1120, #137, #5451, #1649 ) ) ;
#3290 = CIRCLE ( 'NONE', #2622, 2.350000000000001421 ) ;
#3291 = DIRECTION ( 'NONE',  ( -0.000000000000000000, -0.000000000000000000, 1.000000000000000000 ) ) ;
#3292 = CARTESIAN_POINT ( 'NONE',  ( -50.00000000000000711, 1.000000000000000000, -50.00000000000000711 ) ) ;
#3293 = DIRECTION ( 'NONE',  ( -0.000000000000000000, 1.000000000000000000, -0.000000000000000000 ) ) ;
#3294 = CARTESIAN_POINT ( 'NONE',  ( -39.64999999999923119, -3.199999999999999734, 43.50000000000001421 ) ) ;
#3295 = CARTESIAN_POINT ( 'NONE',  ( -41.91421356237311358, 0.5857864376269047435, -50.00000000000000000 ) ) ;
#3296 = LINE ( 'NONE', #5756, #6338 ) ;
#3297 = CARTESIAN_POINT ( 'NONE',  ( -20.51918358845291834, -4.200000000000000178, 50.00000000000000711 ) ) ;
#3298 = VECTOR ( 'NONE', #7472, 1000.000000000000000 ) ;
#3299 = DIRECTION ( 'NONE',  ( 0.000000000000000000, -1.000000000000000000, 0.000000000000000000 ) ) ;
#3300 = ORIENTED_EDGE ( 'NONE', *, *, #8138, .T. ) ;
#3301 = VERTEX_POINT ( 'NONE', #1825 ) ;
#3302 = AXIS2_PLACEMENT_3D ( 'NONE', #7767, #4650, #6290 ) ;
#3303 = EDGE_CURVE ( 'NONE', #802, #5529, #6545, .T. ) ;
#3304 = CYLINDRICAL_SURFACE ( 'NONE', #2005, 2.349999999999997868 ) ;
#3305 = AXIS2_PLACEMENT_3D ( 'NONE', #9641, #5667, #7193 ) ;
#3306 = DIRECTION ( 'NONE',  ( 0.000000000000000000, -0.000000000000000000, -1.000000000000000000 ) ) ;
#3307 = EDGE_CURVE ( 'NONE', #1977, #4720, #4916, .T. ) ;
#3308 = EDGE_CURVE ( 'NONE', #5691, #6937, #3470, .T. ) ;
#3309 = DIRECTION ( 'NONE',  ( -0.000000000000000000, 1.000000000000000000, -0.000000000000000000 ) ) ;
#3310 = DIRECTION ( 'NONE',  ( 0.000000000000000000, -1.000000000000000000, 0.000000000000000000 ) ) ;
#3311 = CARTESIAN_POINT ( 'NONE',  ( 31.87917137209486640, -11.35211345592272814, 42.29881812596451596 ) ) ;
#3312 = VECTOR ( 'NONE', #7697, 1000.000000000000000 ) ;
#3313 = CARTESIAN_POINT ( 'NONE',  ( 30.49999999999983302, -3.199999999999999289, -43.50000000000001421 ) ) ;
#3314 = ORIENTED_EDGE ( 'NONE', *, *, #4814, .F. ) ;
#3315 = AXIS2_PLACEMENT_3D ( 'NONE', #3690, #6825, #7422 ) ;
#3316 = ORIENTED_EDGE ( 'NONE', *, *, #1299, .F. ) ;
#3317 = AXIS2_PLACEMENT_3D ( 'NONE', #2417, #4012, #7142 ) ;
#3318 = DIRECTION ( 'NONE',  ( 0.000000000000000000, 1.000000000000000000, 0.000000000000000000 ) ) ;
#3319 = EDGE_CURVE ( 'NONE', #6053, #4738, #5683, .T. ) ;
#3320 = CARTESIAN_POINT ( 'NONE',  ( 43.49999999999969447, -3.199999999999999289, -30.50000000000028777 ) ) ;
#3321 = DIRECTION ( 'NONE',  ( 1.387778780781445676E-16, 0.000000000000000000, 1.000000000000000000 ) ) ;
#3322 = ORIENTED_EDGE ( 'NONE', *, *, #1138, .T. ) ;
#3323 = DIRECTION ( 'NONE',  ( 0.000000000000000000, 0.000000000000000000, -1.000000000000000000 ) ) ;
#3324 = DIRECTION ( 'NONE',  ( 0.000000000000000000, 1.000000000000000000, 0.000000000000000000 ) ) ;
#3325 = FACE_OUTER_BOUND ( 'NONE', #9737, .T. ) ;
#3326 = DIRECTION ( 'NONE',  ( -0.000000000000000000, -0.000000000000000000, 1.000000000000000000 ) ) ;
#3327 = ORIENTED_EDGE ( 'NONE', *, *, #7007, .T. ) ;
#3328 = ORIENTED_EDGE ( 'NONE', *, *, #5353, .F. ) ;
#3329 = CIRCLE ( 'NONE', #1366, 1.000000000000000888 ) ;
#3330 = DIRECTION ( 'NONE',  ( 1.000000000000000000, 0.000000000000000000, -8.953411488912557020E-15 ) ) ;
#3331 = VERTEX_POINT ( 'NONE', #5780 ) ;
#3332 = LINE ( 'NONE', #5740, #4150 ) ;
#3333 = CARTESIAN_POINT ( 'NONE',  ( -41.02186235543353376, -6.305554237471318046, 42.00000000000000711 ) ) ;
#3334 = AXIS2_PLACEMENT_3D ( 'NONE', #8723, #9527, #2560 ) ;
#3335 = CARTESIAN_POINT ( 'NONE',  ( 50.00000000000064659, -5.000000000000000000, 21.49897948556800031 ) ) ;
#3336 = EDGE_CURVE ( 'NONE', #6052, #5331, #9511, .T. ) ;
#3337 = EDGE_LOOP ( 'NONE', ( #687, #2918 ) ) ;
#3338 = VECTOR ( 'NONE', #7794, 1000.000000000000000 ) ;
#3339 = VERTEX_POINT ( 'NONE', #5016 ) ;
#3340 = ORIENTED_EDGE ( 'NONE', *, *, #6651, .F. ) ;
#3341 = AXIS2_PLACEMENT_3D ( 'NONE', #1368, #2040, #5171 ) ;
#3342 = CIRCLE ( 'NONE', #8085, 2.350000000000001421 ) ;
#3343 = CARTESIAN_POINT ( 'NONE',  ( -41.54527885374492513, -8.286504196319008031, 48.00000000000000711 ) ) ;
#3344 = CARTESIAN_POINT ( 'NONE',  ( -40.66439801464894543, -11.43822231931832611, -47.99999999999999289 ) ) ;
#3345 =( GEOMETRIC_REPRESENTATION_CONTEXT ( 3 ) GLOBAL_UNCERTAINTY_ASSIGNED_CONTEXT ( ( #726 ) ) GLOBAL_UNIT_ASSIGNED_CONTEXT ( ( #2186, #9264, #3919 ) ) REPRESENTATION_CONTEXT ( 'NONE', 'WORKASPACE' ) );
#3346 = LINE ( 'NONE', #1027, #10040 ) ;
#3347 = AXIS2_PLACEMENT_3D ( 'NONE', #5431, #8660, #7123 ) ;
#3348 = DIRECTION ( 'NONE',  ( -0.000000000000000000, 1.000000000000000000, -0.000000000000000000 ) ) ;
#3349 = DIRECTION ( 'NONE',  ( -1.000000000000000000, -0.000000000000000000, -0.000000000000000000 ) ) ;
#3350 = CARTESIAN_POINT ( 'NONE',  ( -14.99999999999982236, 1.000000000000000000, 40.00000000000000000 ) ) ;
#3351 = CARTESIAN_POINT ( 'NONE',  ( -41.49999999999992184, -5.234697887287005358, -42.00000000000000711 ) ) ;
#3352 = VECTOR ( 'NONE', #2377, 1000.000000000000000 ) ;
#3353 = CARTESIAN_POINT ( 'NONE',  ( -31.29999999999983373, 1.000000000000000000, -50.00000000000000711 ) ) ;
#3354 = ORIENTED_EDGE ( 'NONE', *, *, #1329, .F. ) ;
#3355 = ORIENTED_EDGE ( 'NONE', *, *, #8588, .F. ) ;
#3356 = AXIS2_PLACEMENT_3D ( 'NONE', #4928, #6577, #8267 ) ;
#3357 = ORIENTED_EDGE ( 'NONE', *, *, #5564, .F. ) ;
#3358 = LINE ( 'NONE', #4941, #9205 ) ;
#3359 = CIRCLE ( 'NONE', #1233, 1.000000000000000888 ) ;
#3360 = DIRECTION ( 'NONE',  ( 0.000000000000000000, 0.000000000000000000, 1.000000000000000000 ) ) ;
#3361 = FACE_OUTER_BOUND ( 'NONE', #653, .T. ) ;
#3362 = CARTESIAN_POINT ( 'NONE',  ( 41.49999999999983658, 1.000000000000000000, -48.00000000000000711 ) ) ;
#3363 = CARTESIAN_POINT ( 'NONE',  ( 40.00000000000000711, -9.000000000000001776, -42.80000000000001137 ) ) ;
#3364 = CIRCLE ( 'NONE', #4523, 4.000000000000000000 ) ;
#3365 = CARTESIAN_POINT ( 'NONE',  ( -24.69999999999816609, -3.499999999999999556, -45.80000000000054428 ) ) ;
#3366 = ORIENTED_EDGE ( 'NONE', *, *, #5540, .T. ) ;
#3367 = AXIS2_PLACEMENT_3D ( 'NONE', #4614, #4519, #9941 ) ;
#3368 = ADVANCED_FACE ( 'NONE', ( #8132 ), #1108, .F. ) ;
#3369 = ORIENTED_EDGE ( 'NONE', *, *, #6692, .F. ) ;
#3370 = EDGE_CURVE ( 'NONE', #8663, #2767, #3934, .T. ) ;
#3371 = CARTESIAN_POINT ( 'NONE',  ( -49.99999999999999289, 1.000000000000000000, 48.99999999999999289 ) ) ;
#3372 = DIRECTION ( 'NONE',  ( 0.000000000000000000, 0.000000000000000000, -1.000000000000000000 ) ) ;
#3373 = LINE ( 'NONE', #3271, #6725 ) ;
#3374 = EDGE_LOOP ( 'NONE', ( #5541, #5334, #7330, #4686, #4361 ) ) ;
#3375 = CIRCLE ( 'NONE', #3216, 2.349999999999997868 ) ;
#3376 = DIRECTION ( 'NONE',  ( 0.000000000000000000, 0.000000000000000000, 1.000000000000000000 ) ) ;
#3377 = CARTESIAN_POINT ( 'NONE',  ( -29.87323076026856583, -7.991417007358170288, 42.00000000000000711 ) ) ;
#3378 = DIRECTION ( 'NONE',  ( 0.000000000000000000, 0.000000000000000000, -1.000000000000000000 ) ) ;
#3379 = CYLINDRICAL_SURFACE ( 'NONE', #8027, 2.349999999999997868 ) ;
#3380 = EDGE_LOOP ( 'NONE', ( #6382, #7520, #636, #8673 ) ) ;
#3381 = EDGE_CURVE ( 'NONE', #9767, #497, #832, .T. ) ;
#3382 = EDGE_CURVE ( 'NONE', #5382, #9778, #9836, .T. ) ;
#3383 = CIRCLE ( 'NONE', #2896, 2.349999999999997868 ) ;
#3384 = EDGE_LOOP ( 'NONE', ( #3272, #1528 ) ) ;
#3385 = CARTESIAN_POINT ( 'NONE',  ( -43.50000000000012079, -3.199999999999998845, -32.84999999999968168 ) ) ;
#3386 = DIRECTION ( 'NONE',  ( 1.000000000000000000, 0.000000000000000000, 0.000000000000000000 ) ) ;
#3387 = ORIENTED_EDGE ( 'NONE', *, *, #2218, .F. ) ;
#3388 = CARTESIAN_POINT ( 'NONE',  ( 35.65027030714912115, -5.000000000000000888, 42.00000000000000000 ) ) ;
#3389 = DIRECTION ( 'NONE',  ( 1.000000000000000000, 0.000000000000000000, -1.387778780781445676E-16 ) ) ;
#3390 = CARTESIAN_POINT ( 'NONE',  ( 36.20000000000000995, -9.000000000000001776, 42.89999999999999147 ) ) ;
#3391 = VERTEX_POINT ( 'NONE', #5222 ) ;
#3392 = ORIENTED_EDGE ( 'NONE', *, *, #1745, .F. ) ;
#3393 = VERTEX_POINT ( 'NONE', #4446 ) ;
#3394 = CARTESIAN_POINT ( 'NONE',  ( -42.55874641798362745, -8.066893300826480484, 48.00000000000001421 ) ) ;
#3395 = DIRECTION ( 'NONE',  ( 0.000000000000000000, -1.000000000000000000, 0.000000000000000000 ) ) ;
#3396 = ORIENTED_EDGE ( 'NONE', *, *, #6457, .T. ) ;
#3397 = CARTESIAN_POINT ( 'NONE',  ( 50.00000000000064659, -4.000000000000000000, 21.49897948556800031 ) ) ;
#3398 = DIRECTION ( 'NONE',  ( -1.396592535537253342E-14, -0.000000000000000000, -1.000000000000000000 ) ) ;
#3399 = LINE ( 'NONE', #9746, #897 ) ;
#3400 = FACE_OUTER_BOUND ( 'NONE', #8490, .T. ) ;
#3401 = LINE ( 'NONE', #3297, #7634 ) ;
#3402 = CARTESIAN_POINT ( 'NONE',  ( -41.49999999999880629, 0.000000000000000000, 50.00000000000044764 ) ) ;
#3403 = ORIENTED_EDGE ( 'NONE', *, *, #8413, .T. ) ;
#3404 = ADVANCED_FACE ( 'NONE', ( #9061, #9115, #9007 ), #2043, .T. ) ;
#3405 = ORIENTED_EDGE ( 'NONE', *, *, #109, .F. ) ;
#3406 = ORIENTED_EDGE ( 'NONE', *, *, #7018, .T. ) ;
#3407 = LINE ( 'NONE', #6534, #9518 ) ;
#3408 = CARTESIAN_POINT ( 'NONE',  ( 48.00000000000017764, -17.19238815542524534, 47.99999999999969447 ) ) ;
#3409 = CARTESIAN_POINT ( 'NONE',  ( 49.99999999999999289, 1.000000000000000000, -50.00000000000000711 ) ) ;
#3410 = LINE ( 'NONE', #9649, #2867 ) ;
#3411 = DIRECTION ( 'NONE',  ( 0.000000000000000000, 0.000000000000000000, 1.000000000000000000 ) ) ;
#3412 = CARTESIAN_POINT ( 'NONE',  ( 21.49897948556864336, -4.000000000000000000, -50.00000000000000711 ) ) ;
#3413 = ORIENTED_EDGE ( 'NONE', *, *, #9000, .F. ) ;
#3414 = ORIENTED_EDGE ( 'NONE', *, *, #5686, .T. ) ;
#3415 = LINE ( 'NONE', #8230, #9835 ) ;
#3416 = DIRECTION ( 'NONE',  ( 1.000000000000000000, 0.000000000000000000, -1.387778780781444413E-14 ) ) ;
#3417 = DIRECTION ( 'NONE',  ( 1.000000000000000000, -0.000000000000000000, -1.047444401652940007E-14 ) ) ;
#3418 = ORIENTED_EDGE ( 'NONE', *, *, #8795, .T. ) ;
#3419 = FACE_OUTER_BOUND ( 'NONE', #7631, .T. ) ;
#3420 = CARTESIAN_POINT ( 'NONE',  ( 43.50000000000044054, -3.199999999999999289, 40.44999999999938467 ) ) ;
#3421 = FACE_OUTER_BOUND ( 'NONE', #9322, .T. ) ;
#3422 = ORIENTED_EDGE ( 'NONE', *, *, #2672, .F. ) ;
#3423 = ORIENTED_EDGE ( 'NONE', *, *, #9382, .T. ) ;
#3424 = CARTESIAN_POINT ( 'NONE',  ( 49.99999999999999289, 1.000000000000000000, -50.00000000000000711 ) ) ;
#3425 = CARTESIAN_POINT ( 'NONE',  ( 31.94412171226667496, -15.00000000000000355, 42.00000000000000711 ) ) ;
#3426 = EDGE_CURVE ( 'NONE', #6863, #9142, #6659, .T. ) ;
#3427 = EDGE_CURVE ( 'NONE', #7689, #6806, #2096, .T. ) ;
#3428 = VERTEX_POINT ( 'NONE', #5269 ) ;
#3429 = ADVANCED_FACE ( 'NONE', ( #3525 ), #2194, .F. ) ;
#3430 = CARTESIAN_POINT ( 'NONE',  ( -50.00000000000000711, 1.000000000000000000, -50.00000000000000711 ) ) ;
#3431 = DIRECTION ( 'NONE',  ( 1.000000000000000000, 0.000000000000000000, 0.000000000000000000 ) ) ;
#3432 = DIRECTION ( 'NONE',  ( 1.000000000000000000, 0.000000000000000000, 0.000000000000000000 ) ) ;
#3433 = VERTEX_POINT ( 'NONE', #2140 ) ;
#3434 = ORIENTED_EDGE ( 'NONE', *, *, #1200, .T. ) ;
#3435 = ORIENTED_EDGE ( 'NONE', *, *, #3091, .F. ) ;
#3436 = CARTESIAN_POINT ( 'NONE',  ( 38.09999999999983800, -3.199999999999999734, 43.50000000000001421 ) ) ;
#3437 = FACE_BOUND ( 'NONE', #4451, .T. ) ;
#3438 = CIRCLE ( 'NONE', #322, 2.349999999999997868 ) ;
#3439 = VERTEX_POINT ( 'NONE', #5326 ) ;
#3440 = ADVANCED_FACE ( 'NONE', ( #6095 ), #1268, .F. ) ;
#3441 = LINE ( 'NONE', #1130, #3658 ) ;
#3442 = DIRECTION ( 'NONE',  ( -1.000000000000000000, 0.000000000000000000, 0.000000000000000000 ) ) ;
#3443 = DIRECTION ( 'NONE',  ( 1.000000000000000000, 0.000000000000000000, -8.953411488912536510E-15 ) ) ;
#3444 = CARTESIAN_POINT ( 'NONE',  ( -43.50000000000014211, -3.199999999999999734, -38.09999999999968168 ) ) ;
#3445 = CARTESIAN_POINT ( 'NONE',  ( -39.72703650960095700, -5.025393101198561752, -42.00000000000000000 ) ) ;
#3446 = CARTESIAN_POINT ( 'NONE',  ( -50.00000000000000000, -5.000000000000000000, -16.60000000000048459 ) ) ;
#3447 = ORIENTED_EDGE ( 'NONE', *, *, #3382, .T. ) ;
#3448 = VECTOR ( 'NONE', #8111, 1000.000000000000000 ) ;
#3449 = ORIENTED_EDGE ( 'NONE', *, *, #4814, .T. ) ;
#3450 = ORIENTED_EDGE ( 'NONE', *, *, #6764, .F. ) ;
#3451 = CARTESIAN_POINT ( 'NONE',  ( 41.99999999999969447, -5.000000000000002665, -30.10000000000027143 ) ) ;
#3452 = LINE ( 'NONE', #9700, #6067 ) ;
#3453 = EDGE_CURVE ( 'NONE', #972, #8838, #9818, .T. ) ;
#3454 = CYLINDRICAL_SURFACE ( 'NONE', #9532, 1.000000000000000888 ) ;
#3455 = CARTESIAN_POINT ( 'NONE',  ( -48.00000000000050449, -8.192981740370447241, -47.99999999999936051 ) ) ;
#3456 = EDGE_CURVE ( 'NONE', #5868, #5357, #6814, .T. ) ;
#3457 = AXIS2_PLACEMENT_3D ( 'NONE', #701, #8451, #1583 ) ;
#3458 = DIRECTION ( 'NONE',  ( 0.000000000000000000, 1.000000000000000000, 0.000000000000000000 ) ) ;
#3459 = CARTESIAN_POINT ( 'NONE',  ( 50.00000000000095923, -3.199999999999999734, -36.54999999999965610 ) ) ;
#3460 = ORIENTED_EDGE ( 'NONE', *, *, #233, .T. ) ;
#3461 = VECTOR ( 'NONE', #3771, 1000.000000000000000 ) ;
#3462 = ORIENTED_EDGE ( 'NONE', *, *, #2514, .F. ) ;
#3463 = EDGE_CURVE ( 'NONE', #3542, #1071, #2958, .T. ) ;
#3464 = FACE_OUTER_BOUND ( 'NONE', #9169, .T. ) ;
#3465 = AXIS2_PLACEMENT_3D ( 'NONE', #9097, #6581, #9693 ) ;
#3466 = CARTESIAN_POINT ( 'NONE',  ( 45.80000000000062244, -8.000000000000001776, 23.14999999999800551 ) ) ;
#3467 = ADVANCED_FACE ( 'NONE', ( #5175, #7516 ), #2752, .T. ) ;
#3468 = FACE_OUTER_BOUND ( 'NONE', #2664, .T. ) ;
#3469 = AXIS2_PLACEMENT_3D ( 'NONE', #9756, #3510, #5672 ) ;
#3470 = LINE ( 'NONE', #2543, #8354 ) ;
#3471 = ORIENTED_EDGE ( 'NONE', *, *, #8455, .T. ) ;
#3472 = FACE_OUTER_BOUND ( 'NONE', #5236, .T. ) ;
#3473 = CARTESIAN_POINT ( 'NONE',  ( 29.84309001750257906, -7.989592848897436816, -45.96373824087407201 ) ) ;
#3474 = CIRCLE ( 'NONE', #8881, 2.999999999999995559 ) ;
#3475 = CARTESIAN_POINT ( 'NONE',  ( -37.49999999999999289, -15.00000000000000355, 42.89999999999999147 ) ) ;
#3476 = VERTEX_POINT ( 'NONE', #493 ) ;
#3477 = CIRCLE ( 'NONE', #4129, 2.350000000000001421 ) ;
#3478 = ORIENTED_EDGE ( 'NONE', *, *, #6173, .T. ) ;
#3479 = DIRECTION ( 'NONE',  ( 3.491481338843133355E-15, -0.000000000000000000, 1.000000000000000000 ) ) ;
#3480 = AXIS2_PLACEMENT_3D ( 'NONE', #1296, #5919, #3511 ) ;
#3481 = CARTESIAN_POINT ( 'NONE',  ( -38.09999999999925535, -3.199999999999999734, 42.00000000000000711 ) ) ;
#3482 = ORIENTED_EDGE ( 'NONE', *, *, #4055, .T. ) ;
#3483 = CARTESIAN_POINT ( 'NONE',  ( -41.73865738523544877, -11.05447265639805643, 41.76134261476443754 ) ) ;
#3484 = AXIS2_PLACEMENT_3D ( 'NONE', #5934, #9060, #7515 ) ;
#3485 = CARTESIAN_POINT ( 'NONE',  ( -48.00000000000012079, -0.1999999999999999833, -31.29999999999966676 ) ) ;
#3486 = LINE ( 'NONE', #1173, #3671 ) ;
#3487 = VERTEX_POINT ( 'NONE', #3621 ) ;
#3488 = PRODUCT_DEFINITION ( 'UNKNOWN', '', #3838, #6272 ) ;
#3489 = EDGE_CURVE ( 'NONE', #5505, #9218, #6246, .T. ) ;
#3490 = ORIENTED_EDGE ( 'NONE', *, *, #7259, .T. ) ;
#3491 = EDGE_CURVE ( 'NONE', #1277, #9519, #5092, .T. ) ;
#3492 = CIRCLE ( 'NONE', #7583, 2.350000000000001421 ) ;
#3493 = ORIENTED_EDGE ( 'NONE', *, *, #9877, .F. ) ;
#3494 = CARTESIAN_POINT ( 'NONE',  ( -40.05703705218360966, -8.781699209286816910, 48.00000000000000711 ) ) ;
#3495 = CARTESIAN_POINT ( 'NONE',  ( 42.00000000000018474, -0.9999999999999986677, 16.60000000000164277 ) ) ;
#3496 = ORIENTED_EDGE ( 'NONE', *, *, #5003, .F. ) ;
#3497 = DIRECTION ( 'NONE',  ( -1.000000000000000000, -0.000000000000000000, 3.491481338843133355E-15 ) ) ;
#3498 = CARTESIAN_POINT ( 'NONE',  ( 40.00000000000000711, -8.000000000000001776, -42.80000000000001137 ) ) ;
#3499 = PLANE ( 'NONE',  #10060 ) ;
#3500 = FILL_AREA_STYLE_COLOUR ( '', #553 ) ;
#3501 = CARTESIAN_POINT ( 'NONE',  ( -37.20188031894597458, -5.914854015380714536, -42.00000000000001421 ) ) ;
#3502 = EDGE_CURVE ( 'NONE', #9505, #8476, #9974, .T. ) ;
#3503 = VERTEX_POINT ( 'NONE', #1215 ) ;
#3504 = VECTOR ( 'NONE', #6840, 1000.000000000000000 ) ;
#3505 = ORIENTED_EDGE ( 'NONE', *, *, #4467, .T. ) ;
#3506 = EDGE_CURVE ( 'NONE', #2346, #6699, #8528, .T. ) ;
#3507 = ORIENTED_EDGE ( 'NONE', *, *, #7219, .F. ) ;
#3508 = AXIS2_PLACEMENT_3D ( 'NONE', #482, #917, #2592 ) ;
#3509 = APPLICATION_CONTEXT ( 'automotive_design' ) ;
#3510 = DIRECTION ( 'NONE',  ( -0.000000000000000000, 1.000000000000000000, 0.000000000000000000 ) ) ;
#3511 = DIRECTION ( 'NONE',  ( 0.000000000000000000, 0.000000000000000000, 1.000000000000000000 ) ) ;
#3512 = PLANE ( 'NONE',  #5952 ) ;
#3513 = DIRECTION ( 'NONE',  ( 0.000000000000000000, 0.000000000000000000, -1.000000000000000000 ) ) ;
#3514 = VECTOR ( 'NONE', #8146, 1000.000000000000000 ) ;
#3515 = CARTESIAN_POINT ( 'NONE',  ( -29.89374365920027543, -7.993131705173777135, 41.60720462900665240 ) ) ;
#3516 = CARTESIAN_POINT ( 'NONE',  ( 27.09999999999983089, -0.1999999999999999833, 48.00000000000000711 ) ) ;
#3517 = CIRCLE ( 'NONE', #9564, 1.550000000000002709 ) ;
#3518 = VERTEX_POINT ( 'NONE', #6152 ) ;
#3519 = ORIENTED_EDGE ( 'NONE', *, *, #8255, .F. ) ;
#3520 = CARTESIAN_POINT ( 'NONE',  ( -41.49999999999983658, -1.000000000000001776, 42.00000000000000711 ) ) ;
#3521 = AXIS2_PLACEMENT_3D ( 'NONE', #1608, #9399, #5456 ) ;
#3522 = DIRECTION ( 'NONE',  ( -0.000000000000000000, -0.000000000000000000, -1.000000000000000000 ) ) ;
#3523 = DIRECTION ( 'NONE',  ( 0.000000000000000000, 0.000000000000000000, -1.000000000000000000 ) ) ;
#3524 = FACE_BOUND ( 'NONE', #5398, .T. ) ;
#3525 = FACE_OUTER_BOUND ( 'NONE', #5626, .T. ) ;
#3526 = VERTEX_POINT ( 'NONE', #10085 ) ;
#3527 = EDGE_CURVE ( 'NONE', #9839, #7689, #3774, .T. ) ;
#3528 = DIRECTION ( 'NONE',  ( -1.000000000000000000, 0.000000000000000000, 0.000000000000000000 ) ) ;
#3529 = AXIS2_PLACEMENT_3D ( 'NONE', #630, #8433, #1412 ) ;
#3530 = CARTESIAN_POINT ( 'NONE',  ( 30.53910982963278187, -8.116533203474121549, -42.00000000000000711 ) ) ;
#3531 = EDGE_LOOP ( 'NONE', ( #5735, #8729 ) ) ;
#3532 = VECTOR ( 'NONE', #5169, 1000.000000000000000 ) ;
#3533 = ORIENTED_EDGE ( 'NONE', *, *, #9227, .T. ) ;
#3534 = DIRECTION ( 'NONE',  ( 0.000000000000000000, 0.000000000000000000, -1.000000000000000000 ) ) ;
#3535 = CIRCLE ( 'NONE', #2062, 1.550000000000002709 ) ;
#3536 = CYLINDRICAL_SURFACE ( 'NONE', #7729, 1.550000000000002709 ) ;
#3537 = VERTEX_POINT ( 'NONE', #9272 ) ;
#3538 = CARTESIAN_POINT ( 'NONE',  ( 32.36695970760922592, -6.758131723631852772, 42.00000000000000711 ) ) ;
#3539 = DIRECTION ( 'NONE',  ( 3.491481338843133355E-15, 0.000000000000000000, 1.000000000000000000 ) ) ;
#3540 = CYLINDRICAL_SURFACE ( 'NONE', #2686, 2.349999999999997868 ) ;
#3541 = AXIS2_PLACEMENT_3D ( 'NONE', #4908, #6360, #9472 ) ;
#3542 = VERTEX_POINT ( 'NONE', #2287 ) ;
#3543 = ORIENTED_EDGE ( 'NONE', *, *, #354, .F. ) ;
#3544 = DIRECTION ( 'NONE',  ( -1.595148023886719315E-15, 0.000000000000000000, 1.000000000000000000 ) ) ;
#3545 = DIRECTION ( 'NONE',  ( 1.000000000000000000, -0.000000000000000000, -4.336808689942025625E-16 ) ) ;
#3546 = VERTEX_POINT ( 'NONE', #7714 ) ;
#3547 = DIRECTION ( 'NONE',  ( 0.000000000000000000, 1.000000000000000000, 0.000000000000000000 ) ) ;
#3548 = DIRECTION ( 'NONE',  ( -0.000000000000000000, 1.000000000000000000, -0.000000000000000000 ) ) ;
#3549 = EDGE_CURVE ( 'NONE', #5973, #6248, #2619, .T. ) ;
#3550 = CARTESIAN_POINT ( 'NONE',  ( -47.99999999999990763, -0.1999999999999999833, 27.09999999999999787 ) ) ;
#3551 = DIRECTION ( 'NONE',  ( 0.000000000000000000, -1.000000000000000000, 0.000000000000000000 ) ) ;
#3552 = DIRECTION ( 'NONE',  ( 1.000000000000000000, -0.000000000000000000, -0.000000000000000000 ) ) ;
#3553 = EDGE_CURVE ( 'NONE', #4447, #6887, #3163, .T. ) ;
#3554 = DIRECTION ( 'NONE',  ( -1.000000000000000000, 0.000000000000000000, 0.000000000000000000 ) ) ;
#3555 = EDGE_LOOP ( 'NONE', ( #3413, #121 ) ) ;
#3556 = ORIENTED_EDGE ( 'NONE', *, *, #8507, .T. ) ;
#3557 = VERTEX_POINT ( 'NONE', #4744 ) ;
#3558 = CARTESIAN_POINT ( 'NONE',  ( 43.50000000000032685, -3.199999999999999289, 30.49999999999937828 ) ) ;
#3559 = DIRECTION ( 'NONE',  ( 8.953411488912536510E-15, 0.000000000000000000, 1.000000000000000000 ) ) ;
#3560 = DIRECTION ( 'NONE',  ( 6.982962677686267499E-15, -0.000000000000000000, 1.000000000000000000 ) ) ;
#3561 = DIRECTION ( 'NONE',  ( -1.000000000000000000, -0.000000000000000000, -3.491481338843133750E-15 ) ) ;
#3562 = EDGE_CURVE ( 'NONE', #3898, #5655, #1812, .T. ) ;
#3563 = ADVANCED_FACE ( 'NONE', ( #4653 ), #4705, .T. ) ;
#3564 = CARTESIAN_POINT ( 'NONE',  ( 48.00000000000041211, -3.199999999999999734, 38.09999999999933351 ) ) ;
#3565 = CARTESIAN_POINT ( 'NONE',  ( 43.49999999999960920, -3.199999999999999734, -38.09999999999968168 ) ) ;
#3566 = ADVANCED_FACE ( 'NONE', ( #3923 ), #846, .F. ) ;
#3567 = CARTESIAN_POINT ( 'NONE',  ( -15.00000000000000355, 1.000000000000000000, 15.00000000000000355 ) ) ;
#3568 = VERTEX_POINT ( 'NONE', #6294 ) ;
#3569 = ORIENTED_EDGE ( 'NONE', *, *, #8827, .F. ) ;
#3570 = DIRECTION ( 'NONE',  ( 1.000000000000000000, 0.000000000000000000, 0.000000000000000000 ) ) ;
#3571 = DIRECTION ( 'NONE',  ( 0.000000000000000000, -1.000000000000000000, 0.000000000000000000 ) ) ;
#3572 = DIRECTION ( 'NONE',  ( -0.000000000000000000, 1.000000000000000000, -0.000000000000000000 ) ) ;
#3573 = CARTESIAN_POINT ( 'NONE',  ( -49.99999999999999289, -1.000000000000000000, 49.99999999999999289 ) ) ;
#3574 = ORIENTED_EDGE ( 'NONE', *, *, #299, .F. ) ;
#3575 = CARTESIAN_POINT ( 'NONE',  ( 48.00000000000044764, 1.000000000000000000, 41.49999999999933920 ) ) ;
#3576 = EDGE_CURVE ( 'NONE', #4222, #3908, #4263, .T. ) ;
#3577 = DIRECTION ( 'NONE',  ( 1.000000000000000000, -0.000000000000000000, -1.047444401652940007E-14 ) ) ;
#3578 = ORIENTED_EDGE ( 'NONE', *, *, #5706, .F. ) ;
#3579 = VERTEX_POINT ( 'NONE', #2338 ) ;
#3580 = ORIENTED_EDGE ( 'NONE', *, *, #10133, .T. ) ;
#3581 = DIRECTION ( 'NONE',  ( 1.000000000000000000, 0.000000000000000000, -3.491481338843133355E-15 ) ) ;
#3582 = LINE ( 'NONE', #7478, #7085 ) ;
#3583 = ORIENTED_EDGE ( 'NONE', *, *, #1290, .T. ) ;
#3584 = CYLINDRICAL_SURFACE ( 'NONE', #3839, 1.549999999999999378 ) ;
#3585 = DIRECTION ( 'NONE',  ( 0.000000000000000000, 0.000000000000000000, 1.000000000000000000 ) ) ;
#3586 = ADVANCED_FACE ( 'NONE', ( #8544 ), #1669, .F. ) ;
#3587 = LINE ( 'NONE', #562, #561 ) ;
#3588 = VERTEX_POINT ( 'NONE', #6907 ) ;
#3589 = ORIENTED_EDGE ( 'NONE', *, *, #8318, .F. ) ;
#3590 = DIRECTION ( 'NONE',  ( -0.000000000000000000, 1.000000000000000000, -0.000000000000000000 ) ) ;
#3591 = CARTESIAN_POINT ( 'NONE',  ( -37.49999999999999289, -15.00000000000000355, 40.54999999999999716 ) ) ;
#3592 = EDGE_LOOP ( 'NONE', ( #189, #8575, #10090, #1515 ) ) ;
#3593 = CARTESIAN_POINT ( 'NONE',  ( -31.29999999999983373, -0.1999999999999999833, -48.00000000000000711 ) ) ;
#3594 = DIRECTION ( 'NONE',  ( -1.000000000000000000, 0.000000000000000000, 0.000000000000000000 ) ) ;
#3595 = CARTESIAN_POINT ( 'NONE',  ( 24.70000000000261764, 1.000000000000000000, 48.14999999999864855 ) ) ;
#3596 = DIRECTION ( 'NONE',  ( 0.000000000000000000, 1.000000000000000000, 0.000000000000000000 ) ) ;
#3597 = CARTESIAN_POINT ( 'NONE',  ( -35.86487662484272221, -7.922706673215031969, -42.00000000000001421 ) ) ;
#3598 = DIRECTION ( 'NONE',  ( 0.000000000000000000, 0.000000000000000000, 1.000000000000000000 ) ) ;
#3599 = ORIENTED_EDGE ( 'NONE', *, *, #6430, .T. ) ;
#3600 = ORIENTED_EDGE ( 'NONE', *, *, #4663, .F. ) ;
#3601 = ORIENTED_EDGE ( 'NONE', *, *, #7642, .F. ) ;
#3602 = CIRCLE ( 'NONE', #7203, 1.550000000000002709 ) ;
#3603 = CARTESIAN_POINT ( 'NONE',  ( -45.80000000000062244, -8.000000000000001776, 26.24999999999800337 ) ) ;
#3604 = CARTESIAN_POINT ( 'NONE',  ( 33.60381520819288426, -8.617058210385149408, -48.00000000000000000 ) ) ;
#3605 = FACE_OUTER_BOUND ( 'NONE', #152, .T. ) ;
#3606 = DIRECTION ( 'NONE',  ( -0.7071067811864886199, 0.000000000000000000, 0.7071067811866064146 ) ) ;
#3607 = CARTESIAN_POINT ( 'NONE',  ( -33.24412171226665436, -11.58916745502405909, 42.00000000000000711 ) ) ;
#3608 = CARTESIAN_POINT ( 'NONE',  ( -29.93082056435775229, -7.995225921121116741, 41.22802851779653821 ) ) ;
#3609 = VECTOR ( 'NONE', #1057, 1000.000000000000000 ) ;
#3610 = DIRECTION ( 'NONE',  ( -0.000000000000000000, 1.000000000000000000, -0.000000000000000000 ) ) ;
#3611 = EDGE_LOOP ( 'NONE', ( #7182, #8848, #2332, #5736, #805, #6836, #7358, #2069, #7921, #9644, #9464, #4628, #7893, #4727, #6114, #3471, #5519, #8300, #2, #7480, #7162, #761, #10128, #3600, #5534, #1879, #1437, #5858, #3924, #2661, #7991, #2693, #8592, #5181, #2399, #522, #4890, #9107, #1880, #4938, #4056, #7343, #8536, #5713, #7030, #5494, #145, #6584 ) ) ;
#3612 = ORIENTED_EDGE ( 'NONE', *, *, #5388, .F. ) ;
#3613 = CARTESIAN_POINT ( 'NONE',  ( 40.00000000000000711, -5.025393101198561752, -42.00000000000000711 ) ) ;
#3614 = EDGE_CURVE ( 'NONE', #4711, #30, #643, .T. ) ;
#3615 = EDGE_CURVE ( 'NONE', #4580, #4905, #6808, .T. ) ;
#3616 = ADVANCED_FACE ( 'NONE', ( #5418, #10026 ), #7106, .T. ) ;
#3617 = CARTESIAN_POINT ( 'NONE',  ( 50.00000000000064659, -5.000000000000000000, -27.09999999999802611 ) ) ;
#3618 = AXIS2_PLACEMENT_3D ( 'NONE', #1594, #7733, #3845 ) ;
#3619 = DIRECTION ( 'NONE',  ( 0.000000000000000000, -1.000000000000000000, 0.000000000000000000 ) ) ;
#3620 = CARTESIAN_POINT ( 'NONE',  ( -15.00000000000000355, -1.000000000000000000, 15.00000000000000355 ) ) ;
#3621 = CARTESIAN_POINT ( 'NONE',  ( -43.49999999999987210, -3.199999999999999734, 39.64999999999999147 ) ) ;
#3622 = ORIENTED_EDGE ( 'NONE', *, *, #8163, .F. ) ;
#3623 = CARTESIAN_POINT ( 'NONE',  ( 42.50000000000000000, 1.000000000000000000, 48.99999999999999289 ) ) ;
#3624 = TOROIDAL_SURFACE ( 'NONE', #1664, 0.3499999999999996447, 4.000000000000000000 ) ;
#3625 = CARTESIAN_POINT ( 'NONE',  ( -50.00000000000000000, -1.000000000000000000, 16.59999999999919140 ) ) ;
#3626 = EDGE_LOOP ( 'NONE', ( #4151, #5064, #2624 ) ) ;
#3627 = EDGE_LOOP ( 'NONE', ( #4910, #9140, #957, #1235, #4957 ) ) ;
#3628 = AXIS2_PLACEMENT_3D ( 'NONE', #8381, #8954, #590 ) ;
#3629 = ORIENTED_EDGE ( 'NONE', *, *, #5441, .T. ) ;
#3630 = EDGE_CURVE ( 'NONE', #9736, #4665, #3825, .T. ) ;
#3631 = AXIS2_PLACEMENT_3D ( 'NONE', #73, #6385, #1576 ) ;
#3632 = DIRECTION ( 'NONE',  ( 1.000000000000000000, 0.000000000000000000, -1.387778780781445676E-16 ) ) ;
#3633 = CARTESIAN_POINT ( 'NONE',  ( 43.49999999999969447, -3.199999999999999289, -30.50000000000028777 ) ) ;
#3634 = ORIENTED_EDGE ( 'NONE', *, *, #5686, .F. ) ;
#3635 = DIRECTION ( 'NONE',  ( -1.181088324069314777E-14, 0.000000000000000000, -1.000000000000000000 ) ) ;
#3636 = DIRECTION ( 'NONE',  ( -1.181088324069316513E-14, 0.000000000000000000, -1.000000000000000000 ) ) ;
#3637 = FACE_BOUND ( 'NONE', #1613, .T. ) ;
#3638 = VECTOR ( 'NONE', #3172, 1000.000000000000000 ) ;
#3639 = AXIS2_PLACEMENT_3D ( 'NONE', #8774, #8142, #3281 ) ;
#3640 = ORIENTED_EDGE ( 'NONE', *, *, #7195, .T. ) ;
#3641 = VECTOR ( 'NONE', #7312, 1000.000000000000000 ) ;
#3642 = CARTESIAN_POINT ( 'NONE',  ( 36.02583187584036040, -14.80000000000000071, -44.58538036316180353 ) ) ;
#3643 = DIRECTION ( 'NONE',  ( -1.000000000000000000, -0.000000000000000000, 3.491481338843133750E-15 ) ) ;
#3644 = VERTEX_POINT ( 'NONE', #1523 ) ;
#3645 = DIRECTION ( 'NONE',  ( 0.000000000000000000, 0.000000000000000000, 1.000000000000000000 ) ) ;
#3646 = CARTESIAN_POINT ( 'NONE',  ( 40.00000000000000711, -15.00000000000000355, -42.80000000000001137 ) ) ;
#3647 = CARTESIAN_POINT ( 'NONE',  ( 40.00000000000000000, 1.000000000000000000, 14.99999999999982236 ) ) ;
#3648 = ADVANCED_FACE ( 'NONE', ( #8691 ), #1579, .T. ) ;
#3649 = SURFACE_STYLE_USAGE ( .BOTH. , #7387 ) ;
#3650 = PLANE ( 'NONE',  #9023 ) ;
#3651 = ORIENTED_EDGE ( 'NONE', *, *, #8687, .F. ) ;
#3652 = CIRCLE ( 'NONE', #8407, 1.000000000000000888 ) ;
#3653 = ORIENTED_EDGE ( 'NONE', *, *, #3999, .T. ) ;
#3654 = VERTEX_POINT ( 'NONE', #753 ) ;
#3655 = CARTESIAN_POINT ( 'NONE',  ( -24.70000000000000995, -3.499999999999999556, -48.15000000000000568 ) ) ;
#3656 = DIRECTION ( 'NONE',  ( 0.000000000000000000, -0.000000000000000000, -1.000000000000000000 ) ) ;
#3657 = CARTESIAN_POINT ( 'NONE',  ( -37.49999999999999289, -9.000000000000001776, 42.89999999999999147 ) ) ;
#3658 = VECTOR ( 'NONE', #8047, 1000.000000000000000 ) ;
#3659 = CARTESIAN_POINT ( 'NONE',  ( 2.879640970121343898E-14, -1.000000000000000000, 16.59999999999910258 ) ) ;
#3660 = DIRECTION ( 'NONE',  ( 0.000000000000000000, -1.000000000000000000, 0.000000000000000000 ) ) ;
#3661 = CYLINDRICAL_SURFACE ( 'NONE', #592, 24.99999999999999645 ) ;
#3662 = CARTESIAN_POINT ( 'NONE',  ( 41.91421356237309226, 0.5857864376269049655, 50.00000000000000000 ) ) ;
#3663 = AXIS2_PLACEMENT_3D ( 'NONE', #7840, #7033, #6220 ) ;
#3664 = CARTESIAN_POINT ( 'NONE',  ( 41.84072255409479624, -5.426316897680313112, -41.65927744590510429 ) ) ;
#3665 = ORIENTED_EDGE ( 'NONE', *, *, #1429, .T. ) ;
#3666 = CIRCLE ( 'NONE', #6940, 2.349999999999997868 ) ;
#3667 = ORIENTED_EDGE ( 'NONE', *, *, #5258, .T. ) ;
#3668 = DIRECTION ( 'NONE',  ( -0.000000000000000000, -1.000000000000000000, 0.000000000000000000 ) ) ;
#3669 = CIRCLE ( 'NONE', #9708, 2.349999999999997868 ) ;
#3670 = PLANE ( 'NONE',  #9356 ) ;
#3671 = VECTOR ( 'NONE', #1231, 1000.000000000000000 ) ;
#3672 = LINE ( 'NONE', #5991, #6251 ) ;
#3673 = CARTESIAN_POINT ( 'NONE',  ( -28.14999999999983160, -3.199999999999999289, 48.00000000000000711 ) ) ;
#3674 = VECTOR ( 'NONE', #543, 1000.000000000000000 ) ;
#3675 = DIRECTION ( 'NONE',  ( -1.000000000000000000, 0.000000000000000000, 0.000000000000000000 ) ) ;
#3676 = VERTEX_POINT ( 'NONE', #8600 ) ;
#3677 = CARTESIAN_POINT ( 'NONE',  ( -48.00000000000011369, -3.199999999999999289, -30.49999999999966604 ) ) ;
#3678 = AXIS2_PLACEMENT_3D ( 'NONE', #9377, #3789, #4717 ) ;
#3680 = ADVANCED_FACE ( 'NONE', ( #10127 ), #8011, .T. ) ;
#3679 = CARTESIAN_POINT ( 'NONE',  ( 0.000000000000000000, 0.000000000000000000, 48.00000000000000711 ) ) ;
#3681 = ADVANCED_FACE ( 'NONE', ( #7348 ), #9501, .F. ) ;
#3682 = ORIENTED_EDGE ( 'NONE', *, *, #2668, .T. ) ;
#3683 = EDGE_LOOP ( 'NONE', ( #8139, #4879, #9088, #3180 ) ) ;
#3684 = VECTOR ( 'NONE', #2581, 1000.000000000000000 ) ;
#3685 = ORIENTED_EDGE ( 'NONE', *, *, #4411, .F. ) ;
#3686 = EDGE_CURVE ( 'NONE', #9263, #9736, #3261, .T. ) ;
#3687 = VERTEX_POINT ( 'NONE', #2479 ) ;
#3688 = AXIS2_PLACEMENT_3D ( 'NONE', #6377, #8583, #8001 ) ;
#3689 = CYLINDRICAL_SURFACE ( 'NONE', #9260, 1.549999999999999378 ) ;
#3690 = CARTESIAN_POINT ( 'NONE',  ( 48.00000000000031974, -5.000000000000002665, 30.09999999999932996 ) ) ;
#3691 = AXIS2_PLACEMENT_3D ( 'NONE', #8984, #7539, #7441 ) ;
#3692 = ORIENTED_EDGE ( 'NONE', *, *, #7626, .T. ) ;
#3693 = EDGE_CURVE ( 'NONE', #5150, #6827, #7273, .T. ) ;
#3694 = DIRECTION ( 'NONE',  ( -0.000000000000000000, -0.000000000000000000, 1.000000000000000000 ) ) ;
#3695 = CIRCLE ( 'NONE', #8773, 1.000000000000000888 ) ;
#3696 = EDGE_CURVE ( 'NONE', #3537, #203, #2050, .T. ) ;
#3697 = DIRECTION ( 'NONE',  ( -0.000000000000000000, -0.000000000000000000, 1.000000000000000000 ) ) ;
#3698 = EDGE_CURVE ( 'NONE', #5471, #3017, #8434, .T. ) ;
#3699 = AXIS2_PLACEMENT_3D ( 'NONE', #4713, #4755, #807 ) ;
#3700 = CIRCLE ( 'NONE', #3208, 1.000000000000000888 ) ;
#3701 = ORIENTED_EDGE ( 'NONE', *, *, #3693, .T. ) ;
#3702 = DIRECTION ( 'NONE',  ( 8.953411488912536510E-15, 0.000000000000000000, 1.000000000000000000 ) ) ;
#3703 = CARTESIAN_POINT ( 'NONE',  ( -41.49999999999992184, -5.234697887287005358, -42.00000000000000711 ) ) ;
#3704 = VERTEX_POINT ( 'NONE', #2534 ) ;
#3705 = CARTESIAN_POINT ( 'NONE',  ( 48.99999999999999289, -1.000000000000000000, -50.00000000000000711 ) ) ;
#3706 = DIRECTION ( 'NONE',  ( 0.000000000000000000, -1.000000000000000000, 0.000000000000000000 ) ) ;
#3707 = VECTOR ( 'NONE', #7682, 1000.000000000000000 ) ;
#3708 = CARTESIAN_POINT ( 'NONE',  ( -31.57268035761297398, -8.552482113309965328, 42.00000000000000711 ) ) ;
#3709 = DIRECTION ( 'NONE',  ( -0.000000000000000000, -0.000000000000000000, -1.000000000000000000 ) ) ;
#3710 = ORIENTED_EDGE ( 'NONE', *, *, #3319, .T. ) ;
#3711 = ORIENTED_EDGE ( 'NONE', *, *, #9876, .T. ) ;
#3712 = VERTEX_POINT ( 'NONE', #3455 ) ;
#3713 = AXIS2_PLACEMENT_3D ( 'NONE', #2570, #4162, #161 ) ;
#3714 = CARTESIAN_POINT ( 'NONE',  ( 0.000000000000000000, -5.000000000000000000, 0.000000000000000000 ) ) ;
#3715 = DIRECTION ( 'NONE',  ( 1.000000000000000000, 0.000000000000000000, 0.000000000000000000 ) ) ;
#3716 = DIRECTION ( 'NONE',  ( 1.000000000000000000, 0.000000000000000000, 0.000000000000000000 ) ) ;
#3717 = DIRECTION ( 'NONE',  ( 0.000000000000000000, 0.000000000000000000, -1.000000000000000000 ) ) ;
#3718 = PLANE ( 'NONE',  #4169 ) ;
#3719 = CARTESIAN_POINT ( 'NONE',  ( 43.49999999999969447, -3.199999999999999289, -30.49999999999968381 ) ) ;
#3720 = CARTESIAN_POINT ( 'NONE',  ( 40.45587828773334849, -11.36772239559108577, 42.00000000000000711 ) ) ;
#3721 = EDGE_CURVE ( 'NONE', #6914, #325, #6158, .T. ) ;
#3722 = DIRECTION ( 'NONE',  ( 0.000000000000000000, 0.000000000000000000, 1.000000000000000000 ) ) ;
#3723 = ORIENTED_EDGE ( 'NONE', *, *, #8514, .F. ) ;
#3724 = ORIENTED_EDGE ( 'NONE', *, *, #5476, .F. ) ;
#3725 = FACE_OUTER_BOUND ( 'NONE', #3337, .T. ) ;
#3726 = DIRECTION ( 'NONE',  ( -0.000000000000000000, 1.000000000000000000, -0.000000000000000000 ) ) ;
#3727 = CARTESIAN_POINT ( 'NONE',  ( -42.00000000000006395, -5.000000000000000000, -16.60000000000049170 ) ) ;
#3728 = CARTESIAN_POINT ( 'NONE',  ( -45.79999999999802185, 1.000000000000000000, -24.69999999999937046 ) ) ;
#3729 = ORIENTED_EDGE ( 'NONE', *, *, #8216, .T. ) ;
#3730 = LINE ( 'NONE', #1581, #9723 ) ;
#3731 = LINE ( 'NONE', #6098, #3298 ) ;
#3732 = VERTEX_POINT ( 'NONE', #6589 ) ;
#3733 = VERTEX_POINT ( 'NONE', #171 ) ;
#3734 = ORIENTED_EDGE ( 'NONE', *, *, #3251, .T. ) ;
#3735 = ORIENTED_EDGE ( 'NONE', *, *, #9668, .T. ) ;
#3736 = DIRECTION ( 'NONE',  ( 0.000000000000000000, 1.000000000000000000, 0.000000000000000000 ) ) ;
#3737 = ORIENTED_EDGE ( 'NONE', *, *, #3801, .T. ) ;
#3738 = CARTESIAN_POINT ( 'NONE',  ( -41.50000000000000711, 1.000000000000000000, -49.00000000000000711 ) ) ;
#3739 = CARTESIAN_POINT ( 'NONE',  ( 35.74999999999983658, -3.199999999999999289, 43.50000000000001421 ) ) ;
#3740 = LINE ( 'NONE', #5342, #2712 ) ;
#3741 = CARTESIAN_POINT ( 'NONE',  ( -48.00000000000011369, -8.000000000000001776, -30.09999999999966391 ) ) ;
#3742 = VERTEX_POINT ( 'NONE', #9552 ) ;
#3743 = EDGE_CURVE ( 'NONE', #2805, #3256, #6537, .T. ) ;
#3744 = EDGE_CURVE ( 'NONE', #7772, #5748, #3410, .T. ) ;
#3745 = EDGE_CURVE ( 'NONE', #9273, #9714, #6492, .T. ) ;
#3746 = LINE ( 'NONE', #1446, #7536 ) ;
#3747 = EDGE_LOOP ( 'NONE', ( #2483, #3403 ) ) ;
#3748 = CARTESIAN_POINT ( 'NONE',  ( -45.80000000000062244, -5.000000000000000000, -24.69999999999800622 ) ) ;
#3749 = DIRECTION ( 'NONE',  ( 1.000000000000000000, -0.000000000000000000, 0.000000000000000000 ) ) ;
#3750 = LINE ( 'NONE', #2890, #10071 ) ;
#3751 = CARTESIAN_POINT ( 'NONE',  ( -49.99999999999991473, -0.1999999999999999833, 27.10000000000000497 ) ) ;
#3752 = EDGE_LOOP ( 'NONE', ( #8873, #3860, #2874, #4919 ) ) ;
#3753 = ORIENTED_EDGE ( 'NONE', *, *, #2583, .F. ) ;
#3754 = EDGE_CURVE ( 'NONE', #413, #5835, #5675, .T. ) ;
#3755 = ORIENTED_EDGE ( 'NONE', *, *, #8066, .F. ) ;
#3756 = B_SPLINE_CURVE_WITH_KNOTS ( 'NONE', 3,
 ( #5244, #4475, #9328, #5491, #9430, #7833, #2118, #10143, #2302, #5434, #4764, #41 ),
 .UNSPECIFIED., .F., .F.,
 ( 4, 2, 2, 2, 2, 4 ),
 ( 0.000000000000000000, 0.003240629802621962027, 0.006481259605243924055, 0.008101574506554905936, 0.009721889407865886082, 0.01296251921048784811 ),
 .UNSPECIFIED. ) ;
#3757 = EDGE_CURVE ( 'NONE', #9754, #4537, #1555, .T. ) ;
#3758 = CARTESIAN_POINT ( 'NONE',  ( 40.00000000000000000, -1.000000000000000000, 14.99999999999982236 ) ) ;
#3759 = DIRECTION ( 'NONE',  ( 1.000000000000000000, 0.000000000000000000, 0.000000000000000000 ) ) ;
#3760 = CARTESIAN_POINT ( 'NONE',  ( 0.000000000000000000, -5.000000000000000000, 0.000000000000000000 ) ) ;
#3761 = CARTESIAN_POINT ( 'NONE',  ( -43.50000000000014211, -3.199999999999999734, -38.09999999999968168 ) ) ;
#3762 = DIRECTION ( 'NONE',  ( -2.952720810173286943E-15, 0.000000000000000000, -1.000000000000000000 ) ) ;
#3763 = DIRECTION ( 'NONE',  ( -0.000000000000000000, -1.000000000000000000, -0.000000000000000000 ) ) ;
#3764 = CARTESIAN_POINT ( 'NONE',  ( -45.80000000000062244, -8.000000000000001776, 23.14999999999800551 ) ) ;
#3765 = DIRECTION ( 'NONE',  ( 0.000000000000000000, 1.000000000000000000, 0.000000000000000000 ) ) ;
#3766 = ORIENTED_EDGE ( 'NONE', *, *, #6599, .T. ) ;
#3767 = VECTOR ( 'NONE', #7288, 1000.000000000000000 ) ;
#3768 = ORIENTED_EDGE ( 'NONE', *, *, #5879, .T. ) ;
#3769 = LINE ( 'NONE', #748, #9738 ) ;
#3770 = EDGE_CURVE ( 'NONE', #227, #1277, #8746, .T. ) ;
#3771 = DIRECTION ( 'NONE',  ( -0.000000000000000000, -0.000000000000000000, 1.000000000000000000 ) ) ;
#3772 = CARTESIAN_POINT ( 'NONE',  ( 35.66021249333275023, -14.72370720916998010, -43.18507523187270181 ) ) ;
#3773 = DIRECTION ( 'NONE',  ( -0.000000000000000000, 1.000000000000000000, -0.000000000000000000 ) ) ;
#3774 = LINE ( 'NONE', #2244, #4606 ) ;
#3775 = VERTEX_POINT ( 'NONE', #5719 ) ;
#3776 = AXIS2_PLACEMENT_3D ( 'NONE', #3035, #10047, #8512 ) ;
#3777 = CARTESIAN_POINT ( 'NONE',  ( 29.27110862855378670, -7.883273668075981178, 43.61435419247251843 ) ) ;
#3778 = CARTESIAN_POINT ( 'NONE',  ( 41.99999999999960920, -8.615327776052158271, -38.95269330657330187 ) ) ;
#3779 = EDGE_CURVE ( 'NONE', #3732, #1249, #8597, .T. ) ;
#3780 = EDGE_LOOP ( 'NONE', ( #6842, #8199, #6047, #2953 ) ) ;
#3781 = ORIENTED_EDGE ( 'NONE', *, *, #7475, .F. ) ;
#3782 = ORIENTED_EDGE ( 'NONE', *, *, #7627, .F. ) ;
#3783 = VECTOR ( 'NONE', #3231, 1000.000000000000000 ) ;
#3784 = ORIENTED_EDGE ( 'NONE', *, *, #6987, .F. ) ;
#3785 = ADVANCED_FACE ( 'NONE', ( #8065 ), #4176, .F. ) ;
#3786 = CARTESIAN_POINT ( 'NONE',  ( 43.50000000000038369, -3.199999999999999734, 35.74999999999938893 ) ) ;
#3787 = VERTEX_POINT ( 'NONE', #5005 ) ;
#3788 = DIRECTION ( 'NONE',  ( 1.000000000000000000, 0.000000000000000000, -3.491481338843133355E-15 ) ) ;
#3789 = DIRECTION ( 'NONE',  ( 0.000000000000000000, 1.000000000000000000, 0.000000000000000000 ) ) ;
#3790 = DIRECTION ( 'NONE',  ( -8.673617379884051249E-16, 0.000000000000000000, -1.000000000000000000 ) ) ;
#3791 = VECTOR ( 'NONE', #1726, 1000.000000000000000 ) ;
#3792 = DIRECTION ( 'NONE',  ( -1.000000000000000000, 0.000000000000000000, 1.047444401652940007E-14 ) ) ;
#3793 = AXIS2_PLACEMENT_3D ( 'NONE', #5370, #8492, #8336 ) ;
#3794 = VERTEX_POINT ( 'NONE', #903 ) ;
#3795 = CIRCLE ( 'NONE', #8040, 1.549999999999999378 ) ;
#3796 = DIRECTION ( 'NONE',  ( 0.000000000000000000, 0.000000000000000000, -1.000000000000000000 ) ) ;
#3797 = ORIENTED_EDGE ( 'NONE', *, *, #4871, .T. ) ;
#3798 = CARTESIAN_POINT ( 'NONE',  ( -34.63924956402054534, -5.676101925916055890, 42.00000000000002132 ) ) ;
#3799 = CARTESIAN_POINT ( 'NONE',  ( 30.09999999999983089, -8.000000000000001776, 47.99828402504192582 ) ) ;
#3800 = ADVANCED_FACE ( 'NONE', ( #8120 ), #1098, .F. ) ;
#3801 = EDGE_CURVE ( 'NONE', #3888, #1346, #9104, .T. ) ;
#3802 = ORIENTED_EDGE ( 'NONE', *, *, #1646, .T. ) ;
#3803 = ORIENTED_EDGE ( 'NONE', *, *, #107, .T. ) ;
#3804 = EDGE_LOOP ( 'NONE', ( #5141, #7792 ) ) ;
#3805 = CARTESIAN_POINT ( 'NONE',  ( 31.29999999999983373, 1.000000000000000000, 48.00000000000000711 ) ) ;
#3806 = CIRCLE ( 'NONE', #3480, 2.349999999999997868 ) ;
#3807 = CARTESIAN_POINT ( 'NONE',  ( -42.00000000000013500, -8.431205029107321280, -34.27456736024251427 ) ) ;
#3808 = CARTESIAN_POINT ( 'NONE',  ( -21.49897948556372995, -4.000000000000000000, -42.00000000000000711 ) ) ;
#3809 = FACE_OUTER_BOUND ( 'NONE', #4366, .T. ) ;
#3810 = CARTESIAN_POINT ( 'NONE',  ( 41.49999999999983658, -5.234697887286978712, -42.00000000000000711 ) ) ;
#3811 = CARTESIAN_POINT ( 'NONE',  ( -31.29999999999983373, 1.000000000000000000, -48.00000000000000711 ) ) ;
#3812 = CARTESIAN_POINT ( 'NONE',  ( 30.09999999999983089, -8.000000000000001776, -47.92957113217047294 ) ) ;
#3813 = AXIS2_PLACEMENT_3D ( 'NONE', #5221, #3773, #3010 ) ;
#3814 = LINE ( 'NONE', #7705, #3147 ) ;
#3815 = EDGE_CURVE ( 'NONE', #23, #8847, #3844, .T. ) ;
#3816 = EDGE_CURVE ( 'NONE', #9754, #8273, #9049, .T. ) ;
#3817 = EDGE_LOOP ( 'NONE', ( #816, #9116, #1742, #4726 ) ) ;
#3818 = ORIENTED_EDGE ( 'NONE', *, *, #7992, .F. ) ;
#3819 = ORIENTED_EDGE ( 'NONE', *, *, #3879, .F. ) ;
#3820 = DIRECTION ( 'NONE',  ( -0.000000000000000000, 1.000000000000000000, -0.000000000000000000 ) ) ;
#3821 = AXIS2_PLACEMENT_3D ( 'NONE', #3808, #1458, #1411 ) ;
#3822 = FACE_OUTER_BOUND ( 'NONE', #9981, .T. ) ;
#3823 = DIRECTION ( 'NONE',  ( -1.000000000000000000, 0.000000000000000000, 4.476705744456278510E-15 ) ) ;
#3824 = CARTESIAN_POINT ( 'NONE',  ( 50.00000000000000711, 7.750000000000000000, 42.49999999999999289 ) ) ;
#3825 = LINE ( 'NONE', #3011, #1067 ) ;
#3826 = ORIENTED_EDGE ( 'NONE', *, *, #8480, .F. ) ;
#3827 = AXIS2_PLACEMENT_3D ( 'NONE', #5699, #7227, #3286 ) ;
#3828 = CARTESIAN_POINT ( 'NONE',  ( 30.49999999999983302, -3.199999999999999289, 43.50000000000001421 ) ) ;
#3829 = AXIS2_PLACEMENT_3D ( 'NONE', #1828, #8761, #3376 ) ;
#3830 = PLANE ( 'NONE',  #8367 ) ;
#3831 = VECTOR ( 'NONE', #7538, 1000.000000000000000 ) ;
#3832 = ORIENTED_EDGE ( 'NONE', *, *, #1311, .T. ) ;
#3833 = EDGE_LOOP ( 'NONE', ( #7868, #3969, #1986, #826, #6513 ) ) ;
#3834 = VECTOR ( 'NONE', #6214, 1000.000000000000000 ) ;
#3835 = ORIENTED_EDGE ( 'NONE', *, *, #8916, .T. ) ;
#3836 = CARTESIAN_POINT ( 'NONE',  ( -50.00000000000000711, 1.000000000000000000, -42.49999999999999289 ) ) ;
#3837 = EDGE_CURVE ( 'NONE', #6350, #666, #9409, .T. ) ;
#3838 = PRODUCT_DEFINITION_FORMATION_WITH_SPECIFIED_SOURCE ( 'ANY', '', #9937, .NOT_KNOWN. ) ;
#3839 = AXIS2_PLACEMENT_3D ( 'NONE', #612, #8406, #4460 ) ;
#3840 = ORIENTED_EDGE ( 'NONE', *, *, #3489, .T. ) ;
#3841 = DIRECTION ( 'NONE',  ( -1.047444401652940007E-14, 0.000000000000000000, -1.000000000000000000 ) ) ;
#3842 = LINE ( 'NONE', #6257, #1218 ) ;
#3843 = PLANE ( 'NONE',  #7955 ) ;
#3844 = CIRCLE ( 'NONE', #74, 2.350000000000001421 ) ;
#3845 = DIRECTION ( 'NONE',  ( 4.476705744456268255E-15, 0.000000000000000000, -1.000000000000000000 ) ) ;
#3846 = CARTESIAN_POINT ( 'NONE',  ( 28.95000000000012363, -3.199999999999999289, 42.00000000000000711 ) ) ;
#3847 = EDGE_CURVE ( 'NONE', #6486, #9218, #5212, .T. ) ;
#3848 = CIRCLE ( 'NONE', #3356, 4.000000000000000000 ) ;
#3849 = EDGE_LOOP ( 'NONE', ( #3418, #6273, #9369, #1192 ) ) ;
#3850 = VECTOR ( 'NONE', #3146, 1000.000000000000000 ) ;
#3851 = ORIENTED_EDGE ( 'NONE', *, *, #374, .T. ) ;
#3852 = LINE ( 'NONE', #3947, #8742 ) ;
#3853 = CIRCLE ( 'NONE', #9733, 1.549999999999999378 ) ;
#3854 = DIRECTION ( 'NONE',  ( 0.000000000000000000, 0.000000000000000000, -1.000000000000000000 ) ) ;
#3855 = DIRECTION ( 'NONE',  ( -4.476705744456268255E-15, 0.000000000000000000, 1.000000000000000000 ) ) ;
#3856 = CIRCLE ( 'NONE', #909, 4.349999999999999645 ) ;
#3857 = VERTEX_POINT ( 'NONE', #6847 ) ;
#3858 = ORIENTED_EDGE ( 'NONE', *, *, #8888, .T. ) ;
#3859 =( BOUNDED_SURFACE ( )  B_SPLINE_SURFACE ( 3, 2, ( 
 ( #8384, #1362, #8537 ),
 ( #10075, #4594, #6855 ),
 ( #9155, #6194, #2909 ),
 ( #5317, #792, #7708 ),
 ( #638, #5465, #8593 ),
 ( #8442, #2283, #7766 ),
 ( #9309, #691, #8491 ),
 ( #7813, #3060, #6040 ),
 ( #2136, #5263, #5414 ),
 ( #4492, #1516, #1421 ) ),
 .UNSPECIFIED., .F., .F., .F. ) 
 B_SPLINE_SURFACE_WITH_KNOTS ( ( 4, 2, 2, 2, 4 ),
 ( 3, 3 ),
 ( 0.04689769712414521702, 0.04875227482563462139, 0.05060685252712402576, 0.05246143022861343014, 0.05431600793010283451 ),
 ( 0.000000000000000000, 1.000000000000000000 ),
 .UNSPECIFIED. ) 
 GEOMETRIC_REPRESENTATION_ITEM ( )  RATIONAL_B_SPLINE_SURFACE ( (
 ( 1.000000000000000000, 0.7071067811865475727, 1.000000000000000000),
 ( 1.000000000000000000, 0.7163374818471305305, 1.000000000000000000),
 ( 1.000000000000000000, 0.7245279263562602878, 1.000000000000000000),
 ( 1.000000000000000000, 0.7379207123917719269, 1.000000000000000000),
 ( 1.000000000000000000, 0.7431262249427760258, 1.000000000000000000),
 ( 1.000000000000000000, 0.7498449969301493878, 1.000000000000000000),
 ( 1.000000000000000000, 0.7512645769585257760, 1.000000000000000000),
 ( 1.000000000000000000, 0.7502258599609590295, 1.000000000000000000),
 ( 1.000000000000000000, 0.7477721742453086184, 1.000000000000000000),
 ( 1.000000000000000000, 0.7434334346851498854, 1.000000000000000000) ) ) 
 REPRESENTATION_ITEM ( '' )  SURFACE ( )  );
#3860 = ORIENTED_EDGE ( 'NONE', *, *, #4052, .F. ) ;
#3861 = CARTESIAN_POINT ( 'NONE',  ( 37.89277876317804328, -5.471684679873319190, -42.00000000000001421 ) ) ;
#3862 = VECTOR ( 'NONE', #7177, 1000.000000000000000 ) ;
#3863 = DIRECTION ( 'NONE',  ( 0.000000000000000000, 0.000000000000000000, 1.000000000000000000 ) ) ;
#3864 = ADVANCED_FACE ( 'NONE', ( #5873, #9805 ), #1258, .T. ) ;
#3865 = CARTESIAN_POINT ( 'NONE',  ( -48.00000000000014921, -3.199999999999999289, -40.44999999999966889 ) ) ;
#3866 = FACE_BOUND ( 'NONE', #8630, .T. ) ;
#3867 = DIRECTION ( 'NONE',  ( 1.000000000000000000, -0.000000000000000000, 3.491481338843133355E-15 ) ) ;
#3868 = CARTESIAN_POINT ( 'NONE',  ( 29.77602469297734089, -7.984745457417114167, 47.03491580348021728 ) ) ;
#3869 = CARTESIAN_POINT ( 'NONE',  ( -50.00000000000012079, 0.000000000000000000, -31.29999999999966320 ) ) ;
#3870 = LINE ( 'NONE', #10121, #9851 ) ;
#3871 = VERTEX_POINT ( 'NONE', #1298 ) ;
#3872 = CIRCLE ( 'NONE', #9589, 4.349999999999999645 ) ;
#3873 = EDGE_LOOP ( 'NONE', ( #4022, #7469 ) ) ;
#3874 = EDGE_LOOP ( 'NONE', ( #6970, #4607, #624 ) ) ;
#3875 = CARTESIAN_POINT ( 'NONE',  ( -24.70000000000000995, -3.499999999999999556, -45.80000000000000426 ) ) ;
#3876 = EDGE_CURVE ( 'NONE', #4590, #7229, #567, .T. ) ;
#3877 = DIRECTION ( 'NONE',  ( 2.952720810173291281E-15, 0.000000000000000000, 1.000000000000000000 ) ) ;
#3878 = CARTESIAN_POINT ( 'NONE',  ( -24.69999999999816609, -3.499999999999999556, -45.80000000000054428 ) ) ;
#3879 = EDGE_CURVE ( 'NONE', #5669, #1346, #8996, .T. ) ;
#3880 = EDGE_CURVE ( 'NONE', #413, #8522, #9728, .T. ) ;
#3881 = CARTESIAN_POINT ( 'NONE',  ( 34.88011336327760858, -9.202206256346695312, 48.00000000000000711 ) ) ;
#3882 = CARTESIAN_POINT ( 'NONE',  ( 0.000000000000000000, -5.000000000000000000, 0.000000000000000000 ) ) ;
#3883 = EDGE_LOOP ( 'NONE', ( #9799, #5798 ) ) ;
#3884 = CARTESIAN_POINT ( 'NONE',  ( 31.90644066291677916, -11.36475474559742338, 43.61762086668034044 ) ) ;
#3885 = CARTESIAN_POINT ( 'NONE',  ( 35.72419598203970992, -14.32721615709479046, -42.00000000000000711 ) ) ;
#3886 = ORIENTED_EDGE ( 'NONE', *, *, #6828, .F. ) ;
#3887 = VERTEX_POINT ( 'NONE', #8328 ) ;
#3888 = VERTEX_POINT ( 'NONE', #6740 ) ;
#3889 = CARTESIAN_POINT ( 'NONE',  ( 42.49999999999982947, 0.000000000000000000, -50.00000000000000711 ) ) ;
#3890 = ADVANCED_FACE ( 'NONE', ( #5921, #2846 ), #6695, .T. ) ;
#3891 = DIRECTION ( 'NONE',  ( -0.000000000000000000, -1.000000000000000000, -0.000000000000000000 ) ) ;
#3892 = ORIENTED_EDGE ( 'NONE', *, *, #6149, .F. ) ;
#3893 = CARTESIAN_POINT ( 'NONE',  ( 43.50000000000035527, -3.199999999999998845, 32.84999999999938325 ) ) ;
#3894 = DIRECTION ( 'NONE',  ( 0.000000000000000000, 1.000000000000000000, 0.000000000000000000 ) ) ;
#3895 = FACE_OUTER_BOUND ( 'NONE', #536, .T. ) ;
#3896 = CARTESIAN_POINT ( 'NONE',  ( -35.68585772256475508, -13.91858048774602175, -42.00000000000000000 ) ) ;
#3897 = FACE_OUTER_BOUND ( 'NONE', #2469, .T. ) ;
#3898 = VERTEX_POINT ( 'NONE', #1924 ) ;
#3899 = EDGE_CURVE ( 'NONE', #760, #5057, #6463, .T. ) ;
#3900 = EDGE_CURVE ( 'NONE', #9819, #8569, #8270, .T. ) ;
#3901 = EDGE_LOOP ( 'NONE', ( #7139, #5176, #4517, #2428 ) ) ;
#3902 = CARTESIAN_POINT ( 'NONE',  ( -50.00000000000000711, 1.000000000000000000, -42.49999999999999289 ) ) ;
#3903 = CARTESIAN_POINT ( 'NONE',  ( -27.09999999999983089, -0.1999999999999999833, -48.00000000000000711 ) ) ;
#3904 = CARTESIAN_POINT ( 'NONE',  ( -41.99999999999994316, -4.200000000000000178, 20.51918358845225754 ) ) ;
#3905 = ADVANCED_FACE ( 'NONE', ( #4333, #5160 ), #2901, .T. ) ;
#3906 = ORIENTED_EDGE ( 'NONE', *, *, #6539, .T. ) ;
#3907 = ORIENTED_EDGE ( 'NONE', *, *, #1968, .T. ) ;
#3908 = VERTEX_POINT ( 'NONE', #379 ) ;
#3909 = CARTESIAN_POINT ( 'NONE',  ( 35.86421228626649338, -7.925352340807571672, -42.00000000000000000 ) ) ;
#3910 = FACE_OUTER_BOUND ( 'NONE', #5227, .T. ) ;
#3911 = CARTESIAN_POINT ( 'NONE',  ( 49.99999999999972289, -0.1999999999999999833, -27.10000000000035669 ) ) ;
#3912 = DIRECTION ( 'NONE',  ( -1.000000000000000000, 0.000000000000000000, 0.000000000000000000 ) ) ;
#3913 = FACE_OUTER_BOUND ( 'NONE', #9069, .T. ) ;
#3914 = DIRECTION ( 'NONE',  ( 0.000000000000000000, 0.000000000000000000, 1.000000000000000000 ) ) ;
#3915 = DIRECTION ( 'NONE',  ( -3.491481338843133355E-15, 0.000000000000000000, -1.000000000000000000 ) ) ;
#3916 = CARTESIAN_POINT ( 'NONE',  ( 36.20000000000000995, -11.60000000000000320, 42.89999999999999147 ) ) ;
#3917 = EDGE_LOOP ( 'NONE', ( #1094, #2829, #5744, #973 ) ) ;
#3918 = ORIENTED_EDGE ( 'NONE', *, *, #4379, .F. ) ;
#3919 =( NAMED_UNIT ( * ) SI_UNIT ( $, .STERADIAN. ) SOLID_ANGLE_UNIT ( ) );
#3920 = DIRECTION ( 'NONE',  ( 0.000000000000000000, -0.000000000000000000, 1.000000000000000000 ) ) ;
#3921 = DIRECTION ( 'NONE',  ( 0.000000000000000000, 0.000000000000000000, -1.000000000000000000 ) ) ;
#3922 = FACE_OUTER_BOUND ( 'NONE', #3384, .T. ) ;
#3923 = FACE_OUTER_BOUND ( 'NONE', #4769, .T. ) ;
#3924 = ORIENTED_EDGE ( 'NONE', *, *, #8609, .T. ) ;
#3925 = DIRECTION ( 'NONE',  ( -1.000000000000000000, 0.000000000000000000, 0.000000000000000000 ) ) ;
#3926 = AXIS2_PLACEMENT_3D ( 'NONE', #7039, #9252, #4689 ) ;
#3927 = CARTESIAN_POINT ( 'NONE',  ( 41.99999999999959499, -6.560870636613461926, -39.89622280665513898 ) ) ;
#3928 = EDGE_LOOP ( 'NONE', ( #7675, #7451, #1833, #8552, #1379, #8631, #9204, #2146, #3496, #772 ) ) ;
#3929 = EDGE_CURVE ( 'NONE', #446, #6100, #5980, .T. ) ;
#3930 = EDGE_LOOP ( 'NONE', ( #3059, #5869 ) ) ;
#3931 = EDGE_CURVE ( 'NONE', #6287, #3775, #8376, .T. ) ;
#3932 = ORIENTED_EDGE ( 'NONE', *, *, #658, .F. ) ;
#3933 = FACE_BOUND ( 'NONE', #1263, .T. ) ;
#3934 = CIRCLE ( 'NONE', #4105, 1.000000000000000888 ) ;
#3935 = DIRECTION ( 'NONE',  ( -0.000000000000000000, -1.000000000000000000, -0.000000000000000000 ) ) ;
#3936 = EDGE_LOOP ( 'NONE', ( #48, #7671, #4715, #3460 ) ) ;
#3937 = LINE ( 'NONE', #9324, #2510 ) ;
#3938 = PLANE ( 'NONE',  #3678 ) ;
#3939 = DIRECTION ( 'NONE',  ( 0.000000000000000000, 1.000000000000000000, 0.000000000000000000 ) ) ;
#3940 = AXIS2_PLACEMENT_3D ( 'NONE', #8648, #7820, #8495 ) ;
#3941 = CARTESIAN_POINT ( 'NONE',  ( -50.00000000000000711, 1.000000000000000000, -49.00000000000000711 ) ) ;
#3942 = CIRCLE ( 'NONE', #3618, 1.550000000000002709 ) ;
#3943 = EDGE_CURVE ( 'NONE', #1810, #7423, #1354, .T. ) ;
#3944 = ORIENTED_EDGE ( 'NONE', *, *, #9622, .T. ) ;
#3945 = AXIS2_PLACEMENT_3D ( 'NONE', #3166, #4604, #5528 ) ;
#3946 = ORIENTED_EDGE ( 'NONE', *, *, #984, .T. ) ;
#3947 = CARTESIAN_POINT ( 'NONE',  ( 41.49999999999982236, 1.000000000000000000, -50.00000000000015632 ) ) ;
#3948 = PLANE ( 'NONE',  #5185 ) ;
#3949 = FACE_OUTER_BOUND ( 'NONE', #6775, .T. ) ;
#3950 = AXIS2_PLACEMENT_3D ( 'NONE', #4442, #1153, #1211 ) ;
#3951 = EDGE_LOOP ( 'NONE', ( #5586, #6408 ) ) ;
#3952 = AXIS2_PLACEMENT_3D ( 'NONE', #8397, #1271, #5120 ) ;
#3953 = VERTEX_POINT ( 'NONE', #6079 ) ;
#3954 = EDGE_LOOP ( 'NONE', ( #2721, #8213, #1764, #258, #10107 ) ) ;
#3955 = AXIS2_PLACEMENT_3D ( 'NONE', #6195, #1665, #4795 ) ;
#3956 = DIRECTION ( 'NONE',  ( -1.000000000000000000, 0.000000000000000000, 0.000000000000000000 ) ) ;
#3957 = CARTESIAN_POINT ( 'NONE',  ( -34.42311057742125513, -8.979342275273818785, -48.00000000000000711 ) ) ;
#3958 = ADVANCED_FACE ( 'NONE', ( #735, #2322, #3866 ), #4542, .T. ) ;
#3959 = DIRECTION ( 'NONE',  ( 0.000000000000000000, 1.000000000000000000, 0.000000000000000000 ) ) ;
#3960 = LINE ( 'NONE', #5405, #7608 ) ;
#3961 = VECTOR ( 'NONE', #9490, 1000.000000000000000 ) ;
#3962 = DIRECTION ( 'NONE',  ( 0.000000000000000000, -1.000000000000000000, 0.000000000000000000 ) ) ;
#3963 = FACE_OUTER_BOUND ( 'NONE', #3374, .T. ) ;
#3964 = CYLINDRICAL_SURFACE ( 'NONE', #6001, 1.550000000000002709 ) ;
#3965 = FACE_OUTER_BOUND ( 'NONE', #3627, .T. ) ;
#3966 = ADVANCED_FACE ( 'NONE', ( #9345 ), #4638, .F. ) ;
#3967 = VERTEX_POINT ( 'NONE', #4585 ) ;
#3968 = AXIS2_PLACEMENT_3D ( 'NONE', #4368, #4669, #2160 ) ;
#3969 = ORIENTED_EDGE ( 'NONE', *, *, #8163, .T. ) ;
#3970 = AXIS2_PLACEMENT_3D ( 'NONE', #6769, #9072, #2871 ) ;
#3971 = DIRECTION ( 'NONE',  ( -2.952720810173291281E-15, 0.000000000000000000, -1.000000000000000000 ) ) ;
#3972 = CARTESIAN_POINT ( 'NONE',  ( 36.06845830483482018, -8.175270738872130849, -44.66764878091478863 ) ) ;
#3973 = LINE ( 'NONE', #1578, #1191 ) ;
#3974 = AXIS2_PLACEMENT_3D ( 'NONE', #4285, #7467, #5114 ) ;
#3975 = DIRECTION ( 'NONE',  ( -1.000000000000000000, -0.000000000000000000, 1.387778780781445676E-16 ) ) ;
#3976 = ORIENTED_EDGE ( 'NONE', *, *, #7562, .F. ) ;
#3977 = CARTESIAN_POINT ( 'NONE',  ( -33.31751808972441609, -8.142823664777809611, 44.15004693027364624 ) ) ;
#3978 = CARTESIAN_POINT ( 'NONE',  ( -50.00000000000000000, 0.5857864376269049655, 41.91421356237359674 ) ) ;
#3979 = ORIENTED_EDGE ( 'NONE', *, *, #4778, .T. ) ;
#3980 = ORIENTED_EDGE ( 'NONE', *, *, #9015, .T. ) ;
#3981 = VECTOR ( 'NONE', #9742, 1000.000000000000000 ) ;
#3982 = EDGE_LOOP ( 'NONE', ( #4243, #7543 ) ) ;
#3983 = FACE_OUTER_BOUND ( 'NONE', #1534, .T. ) ;
#3984 = DIRECTION ( 'NONE',  ( -0.000000000000000000, 1.000000000000000000, -0.000000000000000000 ) ) ;
#3985 = CARTESIAN_POINT ( 'NONE',  ( -35.66127649760422003, -14.72405674079445248, -43.19589416848876340 ) ) ;
#3986 = VERTEX_POINT ( 'NONE', #5361 ) ;
#3987 = ADVANCED_FACE ( 'NONE', ( #7700 ), #680, .T. ) ;
#3988 = CARTESIAN_POINT ( 'NONE',  ( 49.99999999999968026, -0.1999999999999999833, -31.30000000000035598 ) ) ;
#3989 = EDGE_CURVE ( 'NONE', #6861, #1500, #63, .T. ) ;
#3990 = FACE_OUTER_BOUND ( 'NONE', #1079, .T. ) ;
#3991 = AXIS2_PLACEMENT_3D ( 'NONE', #4529, #7647, #620 ) ;
#3992 = CARTESIAN_POINT ( 'NONE',  ( 50.00000000000000000, -4.000000000000000000, 21.49897948556800031 ) ) ;
#3993 = CARTESIAN_POINT ( 'NONE',  ( -49.99999999999999289, -1.000000000000000000, 49.99999999999999289 ) ) ;
#3994 = AXIS2_PLACEMENT_3D ( 'NONE', #9036, #9094, #5090 ) ;
#3995 = VECTOR ( 'NONE', #7066, 1000.000000000000000 ) ;
#3996 = EDGE_LOOP ( 'NONE', ( #2841, #1494 ) ) ;
#3997 = VECTOR ( 'NONE', #2762, 1000.000000000000000 ) ;
#3998 = ADVANCED_FACE ( 'NONE', ( #3809 ), #2995, .F. ) ;
#3999 = EDGE_CURVE ( 'NONE', #7665, #3579, #9195, .T. ) ;
#4000 = ORIENTED_EDGE ( 'NONE', *, *, #7285, .F. ) ;
#4001 = EDGE_CURVE ( 'NONE', #7724, #4581, #1720, .T. ) ;
#4002 = CARTESIAN_POINT ( 'NONE',  ( -49.00000000000000711, 1.000000000000000000, -49.00000000000000711 ) ) ;
#4003 = CARTESIAN_POINT ( 'NONE',  ( -38.18533031066386485, -5.001800469283844919, 42.00000000000000711 ) ) ;
#4004 = CIRCLE ( 'NONE', #10057, 2.350000000000001421 ) ;
#4005 = DIRECTION ( 'NONE',  ( -0.000000000000000000, 1.000000000000000000, -0.000000000000000000 ) ) ;
#4006 = VECTOR ( 'NONE', #9952, 1000.000000000000000 ) ;
#4007 = ORIENTED_EDGE ( 'NONE', *, *, #4467, .F. ) ;
#4008 = VECTOR ( 'NONE', #1973, 1000.000000000000000 ) ;
#4009 = ORIENTED_EDGE ( 'NONE', *, *, #3130, .T. ) ;
#4010 = ORIENTED_EDGE ( 'NONE', *, *, #4429, .T. ) ;
#4011 = AXIS2_PLACEMENT_3D ( 'NONE', #1533, #3736, #9321 ) ;
#4012 = DIRECTION ( 'NONE',  ( -0.000000000000000000, 1.000000000000000000, -0.000000000000000000 ) ) ;
#4013 = CARTESIAN_POINT ( 'NONE',  ( -40.06904138972938512, -11.51398054786338143, -48.00000000000001421 ) ) ;
#4014 = CARTESIAN_POINT ( 'NONE',  ( -33.20049425325564840, -11.58459361271258814, 42.20630350617106075 ) ) ;
#4015 = DIRECTION ( 'NONE',  ( 0.000000000000000000, 0.000000000000000000, -1.000000000000000000 ) ) ;
#4016 = AXIS2_PLACEMENT_3D ( 'NONE', #3498, #3548, #1131 ) ;
#4017 = CARTESIAN_POINT ( 'NONE',  ( -37.49999999999999289, -15.00000000000000355, 42.89999999999999147 ) ) ;
#4018 = CARTESIAN_POINT ( 'NONE',  ( -43.49999999999990763, -3.199999999999999289, 30.49999999999998224 ) ) ;
#4019 = CARTESIAN_POINT ( 'NONE',  ( -7.199102425304465728E-15, -1.000000000000000000, 16.60000000000162501 ) ) ;
#4020 = LINE ( 'NONE', #4993, #3961 ) ;
#4021 = AXIS2_PLACEMENT_3D ( 'NONE', #8228, #9868, #5059 ) ;
#4022 = ORIENTED_EDGE ( 'NONE', *, *, #2766, .F. ) ;
#4023 = EDGE_LOOP ( 'NONE', ( #6747, #9698 ) ) ;
#4024 = ORIENTED_EDGE ( 'NONE', *, *, #4723, .T. ) ;
#4025 = CIRCLE ( 'NONE', #419, 2.350000000000001421 ) ;
#4026 = FACE_OUTER_BOUND ( 'NONE', #5261, .T. ) ;
#4027 = CARTESIAN_POINT ( 'NONE',  ( -40.00000000000000711, -15.00000000000000355, -45.15000000000001279 ) ) ;
#4028 = EDGE_CURVE ( 'NONE', #5121, #2123, #3034, .T. ) ;
#4029 = PLANE ( 'NONE',  #7576 ) ;
#4030 = CARTESIAN_POINT ( 'NONE',  ( 43.49999999999960920, -3.199999999999999734, -38.10000000000028564 ) ) ;
#4031 = ADVANCED_FACE ( 'NONE', ( #7805 ), #784, .F. ) ;
#4032 = DIRECTION ( 'NONE',  ( 1.000000000000000000, 0.000000000000000000, 0.000000000000000000 ) ) ;
#4033 = AXIS2_PLACEMENT_3D ( 'NONE', #6059, #6258, #9229 ) ;
#4034 = CARTESIAN_POINT ( 'NONE',  ( -37.49999999999999289, -11.60000000000000320, 42.89999999999999147 ) ) ;
#4035 = ORIENTED_EDGE ( 'NONE', *, *, #3463, .F. ) ;
#4036 = ORIENTED_EDGE ( 'NONE', *, *, #5014, .T. ) ;
#4037 = CARTESIAN_POINT ( 'NONE',  ( 30.49999999999983302, -3.199999999999999289, 43.50000000000001421 ) ) ;
#4038 = LINE ( 'NONE', #9424, #4791 ) ;
#4039 = CARTESIAN_POINT ( 'NONE',  ( -43.49999999999988631, -3.199999999999999734, 36.54999999999998295 ) ) ;
#4040 = ORIENTED_EDGE ( 'NONE', *, *, #1334, .T. ) ;
#4041 = CYLINDRICAL_SURFACE ( 'NONE', #3829, 1.550000000000002709 ) ;
#4042 = FACE_OUTER_BOUND ( 'NONE', #2851, .T. ) ;
#4043 = LINE ( 'NONE', #9515, #8621 ) ;
#4044 = CYLINDRICAL_SURFACE ( 'NONE', #4099, 2.349999999999997868 ) ;
#4045 = EDGE_LOOP ( 'NONE', ( #9041, #5206 ) ) ;
#4046 = DIRECTION ( 'NONE',  ( -1.000000000000000000, 0.000000000000000000, 0.000000000000000000 ) ) ;
#4047 = ORIENTED_EDGE ( 'NONE', *, *, #8535, .T. ) ;
#4048 = FACE_OUTER_BOUND ( 'NONE', #411, .T. ) ;
#4049 = CARTESIAN_POINT ( 'NONE',  ( -48.00000000000050449, -1.000000000000000000, -47.99999999999936051 ) ) ;
#4050 = DIRECTION ( 'NONE',  ( 0.000000000000000000, -0.000000000000000000, -1.000000000000000000 ) ) ;
#4051 = ORIENTED_EDGE ( 'NONE', *, *, #172, .F. ) ;
#4052 = EDGE_CURVE ( 'NONE', #4563, #5950, #3960, .T. ) ;
#4053 = EDGE_CURVE ( 'NONE', #2647, #5615, #6133, .T. ) ;
#4054 = ORIENTED_EDGE ( 'NONE', *, *, #5881, .T. ) ;
#4055 = EDGE_CURVE ( 'NONE', #2455, #291, #4342, .T. ) ;
#4056 = ORIENTED_EDGE ( 'NONE', *, *, #8093, .T. ) ;
#4057 = FACE_OUTER_BOUND ( 'NONE', #4878, .T. ) ;
#4058 = LINE ( 'NONE', #7186, #3767 ) ;
#4059 = CARTESIAN_POINT ( 'NONE',  ( 36.20000000000000995, -15.00000000000000355, 45.24999999999999289 ) ) ;
#4060 = DIRECTION ( 'NONE',  ( -0.000000000000000000, 1.000000000000000000, -0.000000000000000000 ) ) ;
#4061 = DIRECTION ( 'NONE',  ( 1.000000000000000000, 0.000000000000000000, 0.000000000000000000 ) ) ;
#4062 = DIRECTION ( 'NONE',  ( 4.476705744456268255E-15, 0.000000000000000000, 1.000000000000000000 ) ) ;
#4063 = CARTESIAN_POINT ( 'NONE',  ( 40.00000000000000711, -14.80000000000000071, -53.95000000000000995 ) ) ;
#4064 = CARTESIAN_POINT ( 'NONE',  ( 50.00000000000093792, -3.199999999999999289, -30.49999999999965894 ) ) ;
#4065 = ORIENTED_EDGE ( 'NONE', *, *, #6204, .F. ) ;
#4066 = ORIENTED_EDGE ( 'NONE', *, *, #8184, .T. ) ;
#4067 = EDGE_LOOP ( 'NONE', ( #5850, #6101 ) ) ;
#4068 = ADVANCED_FACE ( 'NONE', ( #6228 ), #6280, .F. ) ;
#4069 = DIRECTION ( 'NONE',  ( 0.000000000000000000, -1.000000000000000000, 0.000000000000000000 ) ) ;
#4070 = CARTESIAN_POINT ( 'NONE',  ( -49.99999999999955946, 0.000000000000000000, 41.50000000000035527 ) ) ;
#4071 = CARTESIAN_POINT ( 'NONE',  ( 42.00000000000042633, -8.336936696709205563, 40.16335674903323394 ) ) ;
#4072 = DIRECTION ( 'NONE',  ( -2.952720810173286943E-15, 0.000000000000000000, -1.000000000000000000 ) ) ;
#4073 = CARTESIAN_POINT ( 'NONE',  ( 45.80000000000062244, -3.499999999999999556, -26.24999999999800337 ) ) ;
#4074 = DIRECTION ( 'NONE',  ( 0.000000000000000000, 0.000000000000000000, -1.000000000000000000 ) ) ;
#4075 = ORIENTED_EDGE ( 'NONE', *, *, #6774, .F. ) ;
#4076 = ORIENTED_EDGE ( 'NONE', *, *, #5095, .T. ) ;
#4077 = EDGE_CURVE ( 'NONE', #8240, #9909, #7042, .T. ) ;
#4078 = FACE_OUTER_BOUND ( 'NONE', #1139, .T. ) ;
#4079 = CARTESIAN_POINT ( 'NONE',  ( -39.65000000000042490, -3.199999999999999734, -42.00000000000001421 ) ) ;
#4080 = DIRECTION ( 'NONE',  ( 0.000000000000000000, -1.000000000000000000, -0.000000000000000000 ) ) ;
#4081 = VERTEX_POINT ( 'NONE', #2179 ) ;
#4082 = ADVANCED_FACE ( 'NONE', ( #8635 ), #831, .T. ) ;
#4083 = LINE ( 'NONE', #9663, #1214 ) ;
#4084 = FACE_OUTER_BOUND ( 'NONE', #6142, .T. ) ;
#4085 = DIRECTION ( 'NONE',  ( 0.000000000000000000, 0.000000000000000000, -1.000000000000000000 ) ) ;
#4086 = CARTESIAN_POINT ( 'NONE',  ( -29.72614385180519747, -7.976614113461312883, -42.00000000000000711 ) ) ;
#4087 = ORIENTED_EDGE ( 'NONE', *, *, #5014, .F. ) ;
#4088 = EDGE_CURVE ( 'NONE', #394, #6053, #9265, .T. ) ;
#4089 = VECTOR ( 'NONE', #5038, 1000.000000000000000 ) ;
#4090 = ORIENTED_EDGE ( 'NONE', *, *, #6027, .T. ) ;
#4091 = CARTESIAN_POINT ( 'NONE',  ( 49.00000000000000000, 1.000000000000000000, 31.29999999999932214 ) ) ;
#4092 = ORIENTED_EDGE ( 'NONE', *, *, #4443, .F. ) ;
#4093 = DIRECTION ( 'NONE',  ( 0.000000000000000000, 0.000000000000000000, -1.000000000000000000 ) ) ;
#4094 = CYLINDRICAL_SURFACE ( 'NONE', #4684, 1.000000000000000888 ) ;
#4095 = AXIS2_PLACEMENT_3D ( 'NONE', #182, #3321, #4904 ) ;
#4096 = ORIENTED_EDGE ( 'NONE', *, *, #1011, .F. ) ;
#4097 = ORIENTED_EDGE ( 'NONE', *, *, #9233, .F. ) ;
#4098 = ORIENTED_EDGE ( 'NONE', *, *, #4901, .F. ) ;
#4099 = AXIS2_PLACEMENT_3D ( 'NONE', #4195, #8813, #9665 ) ;
#4100 = CARTESIAN_POINT ( 'NONE',  ( 39.65000000000013358, -3.199999999999999734, 42.00000000000000711 ) ) ;
#4101 = CARTESIAN_POINT ( 'NONE',  ( -34.05436363636467689, -8.820831714547756164, -48.00000000000000711 ) ) ;
#4102 = CARTESIAN_POINT ( 'NONE',  ( 49.00000000000000711, 0.000000000000000000, 31.29999999999932214 ) ) ;
#4103 = VECTOR ( 'NONE', #5882, 1000.000000000000000 ) ;
#4104 = CYLINDRICAL_SURFACE ( 'NONE', #2056, 1.549999999999999378 ) ;
#4105 = AXIS2_PLACEMENT_3D ( 'NONE', #9713, #8759, #8339 ) ;
#4106 = EDGE_CURVE ( 'NONE', #2141, #869, #4784, .T. ) ;
#4107 = CARTESIAN_POINT ( 'NONE',  ( -50.00000000000000711, 1.000000000000000000, -41.49999999999999289 ) ) ;
#4108 = DIRECTION ( 'NONE',  ( 4.476705744456268255E-15, 0.000000000000000000, 1.000000000000000000 ) ) ;
#4109 = CARTESIAN_POINT ( 'NONE',  ( -48.00000000000015632, 1.000000000000000000, -41.49999999999966604 ) ) ;
#4110 = EDGE_CURVE ( 'NONE', #6356, #2930, #1028, .T. ) ;
#4111 = TOROIDAL_SURFACE ( 'NONE', #3457, 0.3499999999999996447, 4.000000000000000000 ) ;
#4112 = DIRECTION ( 'NONE',  ( -1.000000000000000000, -0.000000000000000000, 3.491481338843133355E-15 ) ) ;
#4113 = ORIENTED_EDGE ( 'NONE', *, *, #3427, .F. ) ;
#4114 = EDGE_LOOP ( 'NONE', ( #5034, #608, #1347, #4190 ) ) ;
#4115 = AXIS2_PLACEMENT_3D ( 'NONE', #4596, #751, #3921 ) ;
#4116 = CARTESIAN_POINT ( 'NONE',  ( -48.00000000000010658, -5.000000000000000000, -27.10000000000048459 ) ) ;
#4117 = VECTOR ( 'NONE', #2132, 1000.000000000000000 ) ;
#4118 = CARTESIAN_POINT ( 'NONE',  ( -42.00000000000012079, -3.199999999999999289, -32.04999999999998295 ) ) ;
#4119 = ADVANCED_FACE ( 'NONE', ( #4215 ), #4160, .T. ) ;
#4120 = FACE_OUTER_BOUND ( 'NONE', #6428, .T. ) ;
#4121 = CARTESIAN_POINT ( 'NONE',  ( -47.99999999999990052, -3.199999999999999289, 30.50000000000000000 ) ) ;
#4122 = EDGE_CURVE ( 'NONE', #3654, #9608, #9487, .T. ) ;
#4123 = LINE ( 'NONE', #7158, #563 ) ;
#4124 = EDGE_CURVE ( 'NONE', #4737, #4728, #6470, .T. ) ;
#4125 = AXIS2_PLACEMENT_3D ( 'NONE', #4741, #168, #9310 ) ;
#4126 = ORIENTED_EDGE ( 'NONE', *, *, #5388, .T. ) ;
#4127 = VECTOR ( 'NONE', #8160, 1000.000000000000000 ) ;
#4128 = EDGE_LOOP ( 'NONE', ( #4654, #4825, #2907, #6621 ) ) ;
#4129 = AXIS2_PLACEMENT_3D ( 'NONE', #3320, #5533, #236 ) ;
#4130 = CARTESIAN_POINT ( 'NONE',  ( 27.09999999999983089, -1.000000000000000000, -42.00000000000000711 ) ) ;
#4131 = CARTESIAN_POINT ( 'NONE',  ( 47.99999999999957367, 1.000000000000000000, -41.50000000000033396 ) ) ;
#4132 = CARTESIAN_POINT ( 'NONE',  ( -30.09999999999983089, -8.000000000000001776, 48.00000000000000711 ) ) ;
#4133 = ORIENTED_EDGE ( 'NONE', *, *, #5267, .T. ) ;
#4134 = DIRECTION ( 'NONE',  ( 0.000000000000000000, 0.000000000000000000, 1.000000000000000000 ) ) ;
#4135 = CARTESIAN_POINT ( 'NONE',  ( -29.84228468475404483, -7.989140037473760891, 43.27440940105139333 ) ) ;
#4136 = CARTESIAN_POINT ( 'NONE',  ( 27.09999999999983089, -0.1999999999999999833, 50.00000000000000711 ) ) ;
#4137 = DIRECTION ( 'NONE',  ( 0.7071067811864886199, 0.000000000000000000, -0.7071067811866064146 ) ) ;
#4138 = CIRCLE ( 'NONE', #6598, 1.550000000000002709 ) ;
#4139 = ORIENTED_EDGE ( 'NONE', *, *, #8355, .T. ) ;
#4140 = ORIENTED_EDGE ( 'NONE', *, *, #7340, .T. ) ;
#4141 = CARTESIAN_POINT ( 'NONE',  ( -32.05000000000043769, -3.199999999999999289, -43.49999999999956657 ) ) ;
#4142 = ORIENTED_EDGE ( 'NONE', *, *, #1054, .F. ) ;
#4143 = DIRECTION ( 'NONE',  ( 0.000000000000000000, 0.000000000000000000, 1.000000000000000000 ) ) ;
#4144 = ADVANCED_FACE ( 'NONE', ( #6479, #978, #7146 ), #7291, .T. ) ;
#4145 = CYLINDRICAL_SURFACE ( 'NONE', #2387, 2.349999999999997868 ) ;
#4146 = AXIS2_PLACEMENT_3D ( 'NONE', #9628, #2413, #255 ) ;
#4147 = DIRECTION ( 'NONE',  ( 0.000000000000000000, 0.000000000000000000, 1.000000000000000000 ) ) ;
#4148 = VECTOR ( 'NONE', #5019, 1000.000000000000000 ) ;
#4149 = ORIENTED_EDGE ( 'NONE', *, *, #6689, .F. ) ;
#4150 = VECTOR ( 'NONE', #5076, 1000.000000000000000 ) ;
#4151 = ORIENTED_EDGE ( 'NONE', *, *, #2487, .F. ) ;
#4152 = ORIENTED_EDGE ( 'NONE', *, *, #2793, .T. ) ;
#4153 = CIRCLE ( 'NONE', #4495, 4.349999999999999645 ) ;
#4154 = AXIS2_PLACEMENT_3D ( 'NONE', #6604, #9063, #6048 ) ;
#4155 = CARTESIAN_POINT ( 'NONE',  ( -37.78858358405341278, -9.398530664726379769, 48.00000000000000711 ) ) ;
#4156 = DIRECTION ( 'NONE',  ( 0.000000000000000000, -1.000000000000000000, 0.000000000000000000 ) ) ;
#4157 = ORIENTED_EDGE ( 'NONE', *, *, #3576, .T. ) ;
#4158 = DIRECTION ( 'NONE',  ( -1.000000000000000000, 0.000000000000000000, 1.387778780781444413E-14 ) ) ;
#4159 = AXIS2_PLACEMENT_3D ( 'NONE', #10067, #2085, #3762 ) ;
#4160 = CYLINDRICAL_SURFACE ( 'NONE', #5823, 1.000000000000000888 ) ;
#4161 = DIRECTION ( 'NONE',  ( 0.000000000000000000, 1.000000000000000000, 0.000000000000000000 ) ) ;
#4162 = DIRECTION ( 'NONE',  ( -0.000000000000000000, 1.000000000000000000, -0.000000000000000000 ) ) ;
#4163 = CARTESIAN_POINT ( 'NONE',  ( 43.50000000000035527, -3.199999999999998845, 32.84999999999938325 ) ) ;
#4164 = VECTOR ( 'NONE', #9702, 1000.000000000000000 ) ;
#4165 = CARTESIAN_POINT ( 'NONE',  ( 45.80000000000062244, -5.000000000000000000, 24.69999999999800622 ) ) ;
#4166 = VERTEX_POINT ( 'NONE', #9446 ) ;
#4167 = EDGE_LOOP ( 'NONE', ( #8716, #2329, #4349, #3354 ) ) ;
#4168 = APPLICATION_PROTOCOL_DEFINITION ( 'draft international standard', 'automotive_design', 1998, #3509 ) ;
#4169 = AXIS2_PLACEMENT_3D ( 'NONE', #2949, #6082, #8378 ) ;
#4170 = ORIENTED_EDGE ( 'NONE', *, *, #3696, .T. ) ;
#4171 = EDGE_CURVE ( 'NONE', #214, #9809, #9592, .T. ) ;
#4172 = CARTESIAN_POINT ( 'NONE',  ( -41.99999999999990763, -5.000000000000002665, 30.09999999999997655 ) ) ;
#4173 = VECTOR ( 'NONE', #7901, 1000.000000000000000 ) ;
#4174 = CARTESIAN_POINT ( 'NONE',  ( 24.69999999999784634, -3.499999999999999556, -44.25000000000070344 ) ) ;
#4175 = DIRECTION ( 'NONE',  ( -1.000000000000000000, -0.000000000000000000, -3.491481338843133750E-15 ) ) ;
#4176 = CYLINDRICAL_SURFACE ( 'NONE', #4992, 2.349999999999997868 ) ;
#4177 = FACE_OUTER_BOUND ( 'NONE', #5995, .T. ) ;
#4178 = CIRCLE ( 'NONE', #1232, 1.550000000000002709 ) ;
#4179 = DIRECTION ( 'NONE',  ( 1.387778780781445676E-16, 0.000000000000000000, 1.000000000000000000 ) ) ;
#4180 = EDGE_LOOP ( 'NONE', ( #3493, #1941, #2965, #2906 ) ) ;
#4181 = CIRCLE ( 'NONE', #4359, 1.550000000000002709 ) ;
#4182 = VERTEX_POINT ( 'NONE', #3294 ) ;
#4183 = EDGE_CURVE ( 'NONE', #5357, #5891, #6420, .T. ) ;
#4184 = EDGE_CURVE ( 'NONE', #7581, #9634, #1403, .T. ) ;
#4185 = EDGE_CURVE ( 'NONE', #1361, #9933, #3856, .T. ) ;
#4186 = EDGE_CURVE ( 'NONE', #8100, #8426, #737, .T. ) ;
#4187 = DIRECTION ( 'NONE',  ( 1.000000000000000000, 0.000000000000000000, 0.000000000000000000 ) ) ;
#4188 = CARTESIAN_POINT ( 'NONE',  ( 50.00000000000000711, 0.000000000000000000, 42.49999999999998579 ) ) ;
#4189 = CARTESIAN_POINT ( 'NONE',  ( 45.80000000000062244, -3.499999999999999556, -24.70000000000199591 ) ) ;
#4190 = ORIENTED_EDGE ( 'NONE', *, *, #9761, .F. ) ;
#4191 = CYLINDRICAL_SURFACE ( 'NONE', #8076, 2.350000000000001421 ) ;
#4192 = DIRECTION ( 'NONE',  ( -1.000000000000000000, 0.000000000000000000, 3.491481338843133355E-15 ) ) ;
#4193 = DIRECTION ( 'NONE',  ( 0.000000000000000000, 1.000000000000000000, 0.000000000000000000 ) ) ;
#4194 = VECTOR ( 'NONE', #6424, 1000.000000000000000 ) ;
#4195 = CARTESIAN_POINT ( 'NONE',  ( 36.20000000000000995, -15.00000000000000355, 42.89999999999999147 ) ) ;
#4196 = ORIENTED_EDGE ( 'NONE', *, *, #4800, .F. ) ;
#4197 = EDGE_CURVE ( 'NONE', #3676, #1361, #7958, .T. ) ;
#4198 = VECTOR ( 'NONE', #8638, 1000.000000000000000 ) ;
#4199 = ORIENTED_EDGE ( 'NONE', *, *, #5900, .T. ) ;
#4200 = EDGE_CURVE ( 'NONE', #9993, #500, #4885, .T. ) ;
#4201 = CARTESIAN_POINT ( 'NONE',  ( -43.49999999999991473, -3.199999999999999289, -28.94999999999998153 ) ) ;
#4202 = CARTESIAN_POINT ( 'NONE',  ( 41.99999999999969447, -5.000000000000002665, -30.10000000000027143 ) ) ;
#4203 = ORIENTED_EDGE ( 'NONE', *, *, #4648, .F. ) ;
#4204 = CARTESIAN_POINT ( 'NONE',  ( -41.83292248917030776, -10.52092699657688790, 41.66707751082959987 ) ) ;
#4205 = CARTESIAN_POINT ( 'NONE',  ( -50.00000000000012079, -0.1999999999999999833, -31.29999999999966320 ) ) ;
#4206 = DIRECTION ( 'NONE',  ( -1.000000000000000000, 0.000000000000000000, 4.336808689942025625E-16 ) ) ;
#4207 = ORIENTED_EDGE ( 'NONE', *, *, #374, .F. ) ;
#4208 = ORIENTED_EDGE ( 'NONE', *, *, #6460, .T. ) ;
#4209 = ADVANCED_FACE ( 'NONE', ( #4988 ), #4104, .F. ) ;
#4210 = EDGE_LOOP ( 'NONE', ( #8198, #6640 ) ) ;
#4211 = CARTESIAN_POINT ( 'NONE',  ( -34.99300893294743275, -8.799990666148611140, 48.00000000000000711 ) ) ;
#4212 = PLANE ( 'NONE',  #2782 ) ;
#4213 = ORIENTED_EDGE ( 'NONE', *, *, #8126, .T. ) ;
#4214 = LINE ( 'NONE', #1852, #9384 ) ;
#4215 = FACE_OUTER_BOUND ( 'NONE', #779, .T. ) ;
#4216 = CARTESIAN_POINT ( 'NONE',  ( 30.09999999999983089, -8.000000000000001776, -48.00000000000000711 ) ) ;
#4217 = EDGE_CURVE ( 'NONE', #228, #5492, #3359, .T. ) ;
#4218 = CARTESIAN_POINT ( 'NONE',  ( -48.00000000000012079, -0.1999999999999999833, -31.29999999999966676 ) ) ;
#4219 = CARTESIAN_POINT ( 'NONE',  ( -38.91976666389474815, -5.117264096357367009, -42.00000000000000000 ) ) ;
#4220 = DIRECTION ( 'NONE',  ( -1.000000000000000000, 0.000000000000000000, 0.000000000000000000 ) ) ;
#4221 = VERTEX_POINT ( 'NONE', #9637 ) ;
#4222 = VERTEX_POINT ( 'NONE', #4838 ) ;
#4223 = ORIENTED_EDGE ( 'NONE', *, *, #8640, .T. ) ;
#4224 = LINE ( 'NONE', #7246, #516 ) ;
#4225 = DIRECTION ( 'NONE',  ( 0.000000000000000000, 0.000000000000000000, -1.000000000000000000 ) ) ;
#4226 = CYLINDRICAL_SURFACE ( 'NONE', #9228, 1.549999999999999378 ) ;
#4227 = DIRECTION ( 'NONE',  ( 0.000000000000000000, 1.000000000000000000, 0.000000000000000000 ) ) ;
#4228 = DIRECTION ( 'NONE',  ( -0.000000000000000000, 1.000000000000000000, -0.000000000000000000 ) ) ;
#4229 = DIRECTION ( 'NONE',  ( 1.047444401652940007E-14, 0.000000000000000000, 1.000000000000000000 ) ) ;
#4230 = VERTEX_POINT ( 'NONE', #2615 ) ;
#4231 = VERTEX_POINT ( 'NONE', #5754 ) ;
#4232 = DIRECTION ( 'NONE',  ( 0.000000000000000000, -1.000000000000000000, 0.000000000000000000 ) ) ;
#4233 = CARTESIAN_POINT ( 'NONE',  ( -42.50000000000000711, 0.000000000000000000, -50.00000000000000711 ) ) ;
#4234 = CARTESIAN_POINT ( 'NONE',  ( 38.09999999999983800, -3.199999999999999734, -43.50000000000001421 ) ) ;
#4235 = CARTESIAN_POINT ( 'NONE',  ( 43.50000000000038369, -3.199999999999999734, 35.74999999999938893 ) ) ;
#4236 = EDGE_LOOP ( 'NONE', ( #6815, #4820, #9178, #7799 ) ) ;
#4237 = LINE ( 'NONE', #1987, #59 ) ;
#4238 = FACE_OUTER_BOUND ( 'NONE', #6864, .T. ) ;
#4240 = EDGE_CURVE ( 'NONE', #9993, #2511, #1853, .T. ) ;
#4239 = LINE ( 'NONE', #5021, #1330 ) ;
#4241 = EDGE_CURVE ( 'NONE', #8084, #1376, #4317, .T. ) ;
#4242 = ORIENTED_EDGE ( 'NONE', *, *, #7116, .F. ) ;
#4243 = ORIENTED_EDGE ( 'NONE', *, *, #662, .F. ) ;
#4244 = CARTESIAN_POINT ( 'NONE',  ( 49.99999999999999289, -1.000000000000000000, -50.00000000000000711 ) ) ;
#4245 = CYLINDRICAL_SURFACE ( 'NONE', #1518, 2.350000000000001421 ) ;
#4246 = ORIENTED_EDGE ( 'NONE', *, *, #124, .F. ) ;
#4247 = CARTESIAN_POINT ( 'NONE',  ( 34.91624035691662442, -5.049925483956402061, 42.00000000000000000 ) ) ;
#4248 = CARTESIAN_POINT ( 'NONE',  ( -45.80000000000062244, -3.499999999999999556, 24.69999999999800622 ) ) ;
#4249 = CARTESIAN_POINT ( 'NONE',  ( 36.20000000000000995, -15.00000000000000355, 42.89999999999999147 ) ) ;
#4250 = VECTOR ( 'NONE', #1457, 1000.000000000000000 ) ;
#4251 = VERTEX_POINT ( 'NONE', #1184 ) ;
#4252 = ORIENTED_EDGE ( 'NONE', *, *, #3943, .T. ) ;
#4253 = ORIENTED_EDGE ( 'NONE', *, *, #7248, .T. ) ;
#4254 = CARTESIAN_POINT ( 'NONE',  ( -31.66633740804696018, -8.000000000000005329, 48.00000000000000711 ) ) ;
#4255 = DIRECTION ( 'NONE',  ( 0.000000000000000000, -0.000000000000000000, -1.000000000000000000 ) ) ;
#4256 =( BOUNDED_CURVE ( )  B_SPLINE_CURVE ( 3, ( #2324, #4886, #7147, #115 ),
 .UNSPECIFIED., .F., .F. ) 
 B_SPLINE_CURVE_WITH_KNOTS ( ( 4, 4 ),
 ( 4.712388980384689674, 6.283185307179586232 ),
 .UNSPECIFIED. ) 
 CURVE ( )  GEOMETRIC_REPRESENTATION_ITEM ( )  RATIONAL_B_SPLINE_CURVE ( ( 1.000000000000000000, 0.8047378541243649375, 0.8047378541243649375, 1.000000000000000000 ) ) 
 REPRESENTATION_ITEM ( '' )  );
#4257 = VERTEX_POINT ( 'NONE', #364 ) ;
#4258 = CARTESIAN_POINT ( 'NONE',  ( -43.49999999999990052, -3.199999999999999289, 32.84999999999998010 ) ) ;
#4259 = PLANE ( 'NONE',  #4351 ) ;
#4260 = DIRECTION ( 'NONE',  ( 0.000000000000000000, 0.000000000000000000, -1.000000000000000000 ) ) ;
#4261 = DIRECTION ( 'NONE',  ( 1.000000000000000000, 0.000000000000000000, 0.000000000000000000 ) ) ;
#4262 = EDGE_CURVE ( 'NONE', #7615, #7392, #5199, .T. ) ;
#4263 = CIRCLE ( 'NONE', #9657, 4.000000000000000000 ) ;
#4264 = CARTESIAN_POINT ( 'NONE',  ( -48.00000000000017053, -8.532896400385054037, -45.84542530519794923 ) ) ;
#4265 = ORIENTED_EDGE ( 'NONE', *, *, #6204, .T. ) ;
#4266 = VECTOR ( 'NONE', #4719, 1000.000000000000000 ) ;
#4267 = ORIENTED_EDGE ( 'NONE', *, *, #5441, .F. ) ;
#4268 = ORIENTED_EDGE ( 'NONE', *, *, #1630, .T. ) ;
#4269 = ADVANCED_FACE ( 'NONE', ( #5863 ), #6021, .F. ) ;
#4270 = FACE_OUTER_BOUND ( 'NONE', #9531, .T. ) ;
#4271 = DIRECTION ( 'NONE',  ( 0.000000000000000000, 1.000000000000000000, 0.000000000000000000 ) ) ;
#4272 = CYLINDRICAL_SURFACE ( 'NONE', #45, 1.550000000000002709 ) ;
#4273 = DIRECTION ( 'NONE',  ( 0.000000000000000000, -0.000000000000000000, 1.000000000000000000 ) ) ;
#4274 = VECTOR ( 'NONE', #6862, 1000.000000000000000 ) ;
#4275 = FACE_OUTER_BOUND ( 'NONE', #4670, .T. ) ;
#4276 = EDGE_CURVE ( 'NONE', #3092, #2734, #4839, .T. ) ;
#4277 = DIRECTION ( 'NONE',  ( 0.000000000000000000, 0.000000000000000000, 1.000000000000000000 ) ) ;
#4278 = ORIENTED_EDGE ( 'NONE', *, *, #2260, .T. ) ;
#4279 = AXIS2_PLACEMENT_3D ( 'NONE', #6342, #5467, #3920 ) ;
#4280 = ORIENTED_EDGE ( 'NONE', *, *, #7709, .F. ) ;
#4281 = DIRECTION ( 'NONE',  ( 0.000000000000000000, 0.000000000000000000, -1.000000000000000000 ) ) ;
#4282 = AXIS2_PLACEMENT_3D ( 'NONE', #5314, #743, #634 ) ;
#4283 = CARTESIAN_POINT ( 'NONE',  ( -41.70683081885163546, -11.60000000000000320, 41.79316918114824375 ) ) ;
#4284 = CARTESIAN_POINT ( 'NONE',  ( 41.99999999999983658, -1.000000000000000000, -16.59999999999802611 ) ) ;
#4285 = CARTESIAN_POINT ( 'NONE',  ( 36.20000000000000995, -8.400000000000000355, 42.89999999999999147 ) ) ;
#4286 = AXIS2_PLACEMENT_3D ( 'NONE', #9251, #2125, #6076 ) ;
#4287 = DIRECTION ( 'NONE',  ( -1.047444401652940007E-14, -1.204669080539449097E-16, -1.000000000000000000 ) ) ;
#4288 = ORIENTED_EDGE ( 'NONE', *, *, #6472, .T. ) ;
#4289 = CARTESIAN_POINT ( 'NONE',  ( 50.00000000000000000, 0.5857864376269048545, -41.91421356237326989 ) ) ;
#4290 = DIRECTION ( 'NONE',  ( -1.000000000000000000, 0.000000000000000000, 1.047444401652940007E-14 ) ) ;
#4291 = AXIS2_PLACEMENT_3D ( 'NONE', #5186, #4457, #7524 ) ;
#4292 = DIRECTION ( 'NONE',  ( -1.000000000000000000, 0.000000000000000000, 1.343011723336883395E-14 ) ) ;
#4293 = ORIENTED_EDGE ( 'NONE', *, *, #119, .T. ) ;
#4294 = AXIS2_PLACEMENT_3D ( 'NONE', #6277, #7749, #9484 ) ;
#4295 = VERTEX_POINT ( 'NONE', #6728 ) ;
#4296 = CARTESIAN_POINT ( 'NONE',  ( 40.00000000000000711, -9.000000000000001776, -42.80000000000001137 ) ) ;
#4297 = CIRCLE ( 'NONE', #9216, 1.000000000000000888 ) ;
#4298 = ADVANCED_FACE ( 'NONE', ( #8266 ), #7490, .F. ) ;
#4299 = EDGE_CURVE ( 'NONE', #6487, #8098, #6630, .T. ) ;
#4300 = CYLINDRICAL_SURFACE ( 'NONE', #5289, 2.350000000000001421 ) ;
#4301 = DIRECTION ( 'NONE',  ( -0.000000000000000000, 1.000000000000000000, -0.000000000000000000 ) ) ;
#4302 = CARTESIAN_POINT ( 'NONE',  ( 43.50000000000032685, -3.199999999999999289, 30.49999999999937828 ) ) ;
#4303 = CIRCLE ( 'NONE', #2655, 1.000000000000000888 ) ;
#4304 = LINE ( 'NONE', #407, #1069 ) ;
#4305 = PLANE ( 'NONE',  #5972 ) ;
#4306 = EDGE_LOOP ( 'NONE', ( #8782, #6583, #876, #4280 ) ) ;
#4307 = ORIENTED_EDGE ( 'NONE', *, *, #8332, .F. ) ;
#4308 = CIRCLE ( 'NONE', #5958, 11.15000000000000036 ) ;
#4309 = ADVANCED_FACE ( 'NONE', ( #6681, #8362 ), #4259, .T. ) ;
#4310 = ORIENTED_EDGE ( 'NONE', *, *, #8672, .T. ) ;
#4311 = EDGE_CURVE ( 'NONE', #8781, #3428, #410, .T. ) ;
#4312 = EDGE_CURVE ( 'NONE', #9753, #1701, #6976, .T. ) ;
#4313 = CARTESIAN_POINT ( 'NONE',  ( -50.00000000000000711, 0.000000000000000000, -41.49999999999933209 ) ) ;
#4314 = DIRECTION ( 'NONE',  ( -1.000000000000000000, -0.000000000000000000, 3.491481338843133355E-15 ) ) ;
#4315 = ORIENTED_EDGE ( 'NONE', *, *, #8703, .T. ) ;
#4316 = LINE ( 'NONE', #2728, #9071 ) ;
#4317 = LINE ( 'NONE', #4417, #8443 ) ;
#4318 = DIRECTION ( 'NONE',  ( 0.000000000000000000, 1.000000000000000000, 0.000000000000000000 ) ) ;
#4319 = CARTESIAN_POINT ( 'NONE',  ( -30.49999999999913669, -3.199999999999999289, 50.00000000000156319 ) ) ;
#4320 = DIRECTION ( 'NONE',  ( 1.000000000000000000, 0.000000000000000000, -1.047444401652940007E-14 ) ) ;
#4321 = AXIS2_PLACEMENT_3D ( 'NONE', #3086, #2310, #7031 ) ;
#4322 = DIRECTION ( 'NONE',  ( -2.952720810173286943E-15, 0.000000000000000000, -1.000000000000000000 ) ) ;
#4323 = ORIENTED_EDGE ( 'NONE', *, *, #10135, .F. ) ;
#4324 = VECTOR ( 'NONE', #7740, 1000.000000000000000 ) ;
#4325 = ORIENTED_EDGE ( 'NONE', *, *, #1430, .F. ) ;
#4326 = ORIENTED_EDGE ( 'NONE', *, *, #4411, .T. ) ;
#4327 = AXIS2_PLACEMENT_3D ( 'NONE', #5110, #5218, #9111 ) ;
#4328 = ADVANCED_FACE ( 'NONE', ( #1286, #2729 ), #8206, .T. ) ;
#4329 = CIRCLE ( 'NONE', #5155, 1.550000000000002709 ) ;
#4330 = DIRECTION ( 'NONE',  ( -0.000000000000000000, -0.000000000000000000, 1.000000000000000000 ) ) ;
#4331 = LINE ( 'NONE', #8219, #6429 ) ;
#4332 = DIRECTION ( 'NONE',  ( 1.000000000000000000, 0.000000000000000000, -8.953411488912536510E-15 ) ) ;
#4333 = FACE_BOUND ( 'NONE', #3982, .T. ) ;
#4334 = VECTOR ( 'NONE', #1903, 1000.000000000000000 ) ;
#4335 = DIRECTION ( 'NONE',  ( 0.000000000000000000, 0.000000000000000000, 1.000000000000000000 ) ) ;
#4336 = AXIS2_PLACEMENT_3D ( 'NONE', #6816, #9930, #9717 ) ;
#4337 = CARTESIAN_POINT ( 'NONE',  ( 41.67402799485281406, -5.319115287169788431, -41.82597200514705804 ) ) ;
#4338 = VECTOR ( 'NONE', #1656, 1000.000000000000000 ) ;
#4339 = ORIENTED_EDGE ( 'NONE', *, *, #9715, .F. ) ;
#4340 = EDGE_LOOP ( 'NONE', ( #2433, #5117 ) ) ;
#4341 = CARTESIAN_POINT ( 'NONE',  ( -7.199102425302899050E-15, -1.000000000000000000, -16.59999999999800835 ) ) ;
#4342 = CIRCLE ( 'NONE', #10066, 2.349999999999997868 ) ;
#4343 = EDGE_CURVE ( 'NONE', #2868, #3167, #9136, .T. ) ;
#4344 = DIRECTION ( 'NONE',  ( -1.047444401652940007E-14, -0.000000000000000000, -1.000000000000000000 ) ) ;
#4345 = CARTESIAN_POINT ( 'NONE',  ( 50.00000000000097344, -3.199999999999999734, -39.64999999999966462 ) ) ;
#4347 = CARTESIAN_POINT ( 'NONE',  ( 45.80000000000062244, -8.000000000000001776, -24.69999999999800622 ) ) ;
#4346 = AXIS2_PLACEMENT_3D ( 'NONE', #2254, #6768, #2149 ) ;
#4348 = CARTESIAN_POINT ( 'NONE',  ( -37.49999999999999289, -11.60000000000000320, 42.89999999999999147 ) ) ;
#4349 = ORIENTED_EDGE ( 'NONE', *, *, #490, .T. ) ;
#4350 = LINE ( 'NONE', #9009, #392 ) ;
#4351 = AXIS2_PLACEMENT_3D ( 'NONE', #2888, #9743, #3442 ) ;
#4352 = DIRECTION ( 'NONE',  ( 0.000000000000000000, 0.000000000000000000, -1.000000000000000000 ) ) ;
#4353 = ORIENTED_EDGE ( 'NONE', *, *, #2929, .T. ) ;
#4354 = VERTEX_POINT ( 'NONE', #1243 ) ;
#4355 = AXIS2_PLACEMENT_3D ( 'NONE', #8003, #2571, #835 ) ;
#4356 = AXIS2_PLACEMENT_3D ( 'NONE', #1150, #8289, #487 ) ;
#4357 = ORIENTED_EDGE ( 'NONE', *, *, #8466, .T. ) ;
#4358 = DIRECTION ( 'NONE',  ( -1.000000000000000000, 0.000000000000000000, 0.000000000000000000 ) ) ;
#4359 = AXIS2_PLACEMENT_3D ( 'NONE', #6219, #1600, #5445 ) ;
#4360 = CARTESIAN_POINT ( 'NONE',  ( 41.99999999999969447, -5.000000000000002665, -30.10000000000027143 ) ) ;
#4361 = ORIENTED_EDGE ( 'NONE', *, *, #5353, .T. ) ;
#4362 = CARTESIAN_POINT ( 'NONE',  ( -45.79999999999802185, -3.499999999999999556, 22.35000000000063025 ) ) ;
#4363 = DIRECTION ( 'NONE',  ( 1.000000000000000000, 0.000000000000000000, -1.047444401652940007E-14 ) ) ;
#4364 = DIRECTION ( 'NONE',  ( 1.000000000000000000, 0.000000000000000000, -6.938893903907222067E-15 ) ) ;
#4365 = AXIS2_PLACEMENT_3D ( 'NONE', #4960, #6083, #1111 ) ;
#4366 = EDGE_LOOP ( 'NONE', ( #1677, #2282, #6679, #5379 ) ) ;
#4367 = VERTEX_POINT ( 'NONE', #5241 ) ;
#4368 = CARTESIAN_POINT ( 'NONE',  ( 49.00000000000000000, 0.000000000000000000, -6.800116025829083810E-15 ) ) ;
#4369 = DIRECTION ( 'NONE',  ( 0.000000000000000000, -1.000000000000000000, 0.000000000000000000 ) ) ;
#4370 = EDGE_LOOP ( 'NONE', ( #7586, #6735 ) ) ;
#4371 = DIRECTION ( 'NONE',  ( -0.000000000000000000, 1.000000000000000000, -0.000000000000000000 ) ) ;
#4372 = DIRECTION ( 'NONE',  ( 0.000000000000000000, 0.000000000000000000, -1.000000000000000000 ) ) ;
#4373 = CARTESIAN_POINT ( 'NONE',  ( -40.00000000000000711, -15.00000000000000355, -42.80000000000001137 ) ) ;
#4374 = CARTESIAN_POINT ( 'NONE',  ( 32.04999999999954241, -3.199999999999999289, -42.00000000000000711 ) ) ;
#4375 = CARTESIAN_POINT ( 'NONE',  ( -37.42352918045579457, -5.750231724984038451, -42.00000000000002132 ) ) ;
#4376 = EDGE_CURVE ( 'NONE', #6038, #5957, #9034, .T. ) ;
#4377 = CARTESIAN_POINT ( 'NONE',  ( -48.00000000000012790, -8.000000000000001776, -35.03324392040036628 ) ) ;
#4378 = EDGE_CURVE ( 'NONE', #2922, #4447, #8772, .T. ) ;
#4379 = EDGE_CURVE ( 'NONE', #9262, #10003, #3042, .T. ) ;
#4380 = ORIENTED_EDGE ( 'NONE', *, *, #9238, .F. ) ;
#4381 = ORIENTED_EDGE ( 'NONE', *, *, #4343, .T. ) ;
#4382 = ORIENTED_EDGE ( 'NONE', *, *, #3549, .F. ) ;
#4383 = PLANE ( 'NONE',  #4286 ) ;
#4384 = DIRECTION ( 'NONE',  ( 1.000000000000000000, -0.000000000000000000, -0.000000000000000000 ) ) ;
#4385 = DIRECTION ( 'NONE',  ( 0.000000000000000000, -1.000000000000000000, 0.000000000000000000 ) ) ;
#4386 = CARTESIAN_POINT ( 'NONE',  ( -49.00000000000000711, 1.000000000000000000, -42.49999999999999289 ) ) ;
#4387 = CARTESIAN_POINT ( 'NONE',  ( 43.49999999999960920, -3.199999999999999734, -38.10000000000028564 ) ) ;
#4388 = DIRECTION ( 'NONE',  ( -1.000000000000000000, -0.000000000000000000, 1.047444401652940007E-14 ) ) ;
#4389 = CARTESIAN_POINT ( 'NONE',  ( -24.69999999999738094, -3.499999999999999556, 48.14999999999864855 ) ) ;
#4390 = ADVANCED_FACE ( 'NONE', ( #5810 ), #2071, .F. ) ;
#4391 = ORIENTED_EDGE ( 'NONE', *, *, #5879, .F. ) ;
#4392 = VERTEX_POINT ( 'NONE', #8155 ) ;
#4393 = CARTESIAN_POINT ( 'NONE',  ( 40.00000000000000711, -15.00000000000000355, -42.80000000000001137 ) ) ;
#4394 = LINE ( 'NONE', #5990, #8707 ) ;
#4395 = LINE ( 'NONE', #5220, #5428 ) ;
#4396 = CARTESIAN_POINT ( 'NONE',  ( 40.45587828773336270, -8.154492768451394369, 42.00000000000000000 ) ) ;
#4397 = DIRECTION ( 'NONE',  ( -1.000000000000000000, -0.000000000000000000, 8.673617379884035472E-16 ) ) ;
#4398 = ORIENTED_EDGE ( 'NONE', *, *, #9351, .T. ) ;
#4399 = DIRECTION ( 'NONE',  ( 1.000000000000000000, -0.000000000000000000, -1.047444401652940007E-14 ) ) ;
#4400 = FACE_OUTER_BOUND ( 'NONE', #1204, .T. ) ;
#4401 = ORIENTED_EDGE ( 'NONE', *, *, #3303, .F. ) ;
#4402 = ORIENTED_EDGE ( 'NONE', *, *, #9668, .F. ) ;
#4403 = EDGE_LOOP ( 'NONE', ( #8503, #9354, #9878, #6383, #201, #6471, #8173, #6841 ) ) ;
#4404 = DIRECTION ( 'NONE',  ( 1.387778780781445676E-16, 0.000000000000000000, 1.000000000000000000 ) ) ;
#4405 = EDGE_CURVE ( 'NONE', #6541, #7153, #575, .T. ) ;
#4406 = DIRECTION ( 'NONE',  ( 0.000000000000000000, 0.000000000000000000, -1.000000000000000000 ) ) ;
#4407 = ORIENTED_EDGE ( 'NONE', *, *, #2065, .T. ) ;
#4408 = LINE ( 'NONE', #1386, #5484 ) ;
#4409 = CARTESIAN_POINT ( 'NONE',  ( 42.00000000000066080, -5.000000000000000000, 21.49897948556799676 ) ) ;
#4410 = DIRECTION ( 'NONE',  ( 0.000000000000000000, 1.000000000000000000, 0.000000000000000000 ) ) ;
#4411 = EDGE_CURVE ( 'NONE', #1447, #8402, #776, .T. ) ;
#4412 = ORIENTED_EDGE ( 'NONE', *, *, #8066, .T. ) ;
#4413 = CARTESIAN_POINT ( 'NONE',  ( 35.93377312589563388, -14.78787386215434907, -44.36378927051310228 ) ) ;
#4414 = FACE_OUTER_BOUND ( 'NONE', #13, .T. ) ;
#4415 = ORIENTED_EDGE ( 'NONE', *, *, #4241, .T. ) ;
#4416 = DIRECTION ( 'NONE',  ( -0.000000000000000000, -1.000000000000000000, -0.000000000000000000 ) ) ;
#4417 = CARTESIAN_POINT ( 'NONE',  ( -28.94999999999913243, -3.199999999999999289, 50.00000000000154188 ) ) ;
#4418 = CIRCLE ( 'NONE', #6720, 1.550000000000002709 ) ;
#4419 = DIRECTION ( 'NONE',  ( -0.000000000000000000, -0.000000000000000000, 1.000000000000000000 ) ) ;
#4420 = FILL_AREA_STYLE ('',( #3500 ) ) ;
#4421 = CARTESIAN_POINT ( 'NONE',  ( -37.89127238452917368, -5.472591173131194253, -42.00000000000000711 ) ) ;
#4422 = CARTESIAN_POINT ( 'NONE',  ( -48.00000000000017053, -8.757296883640169227, -43.68976826548822601 ) ) ;
#4423 = VERTEX_POINT ( 'NONE', #6066 ) ;
#4424 = ORIENTED_EDGE ( 'NONE', *, *, #6351, .F. ) ;
#4425 = ORIENTED_EDGE ( 'NONE', *, *, #1690, .F. ) ;
#4426 = AXIS2_PLACEMENT_3D ( 'NONE', #6278, #1505, #3863 ) ;
#4427 = DIRECTION ( 'NONE',  ( -1.000000000000000000, -0.000000000000000000, 1.047444401652940007E-14 ) ) ;
#4428 = CYLINDRICAL_SURFACE ( 'NONE', #8676, 1.000000000000000888 ) ;
#4429 = EDGE_CURVE ( 'NONE', #2944, #8006, #2265, .T. ) ;
#4430 = ADVANCED_FACE ( 'NONE', ( #2361 ), #6177, .F. ) ;
#4431 = CARTESIAN_POINT ( 'NONE',  ( -30.49999999999983302, -3.199999999999999289, -43.50000000000001421 ) ) ;
#4432 = CARTESIAN_POINT ( 'NONE',  ( 36.20000000000000995, -15.00000000000000355, 42.89999999999999147 ) ) ;
#4433 = CARTESIAN_POINT ( 'NONE',  ( 45.80000000000062244, 1.000000000000000000, 27.04999999999800409 ) ) ;
#4434 = DIRECTION ( 'NONE',  ( 1.000000000000000000, 0.000000000000000000, -8.953411488912536510E-15 ) ) ;
#4435 = AXIS2_PLACEMENT_3D ( 'NONE', #7357, #5631, #6602 ) ;
#4436 = CARTESIAN_POINT ( 'NONE',  ( -49.99999999999990052, -0.1999999999999999833, 31.30000000000000782 ) ) ;
#4437 = EDGE_LOOP ( 'NONE', ( #3108, #427 ) ) ;
#4438 = ORIENTED_EDGE ( 'NONE', *, *, #1792, .F. ) ;
#4439 = LINE ( 'NONE', #4341, #3532 ) ;
#4440 = DIRECTION ( 'NONE',  ( 1.047444401652940007E-14, 0.000000000000000000, 1.000000000000000000 ) ) ;
#4441 = VECTOR ( 'NONE', #939, 1000.000000000000000 ) ;
#4442 = CARTESIAN_POINT ( 'NONE',  ( 41.49999999999982947, 0.000000000000000000, -49.00000000000000711 ) ) ;
#4443 = EDGE_CURVE ( 'NONE', #6309, #8203, #4682, .T. ) ;
#4444 = EDGE_CURVE ( 'NONE', #9273, #3020, #5178, .T. ) ;
#4445 = CARTESIAN_POINT ( 'NONE',  ( -15.00000000000000355, -1.000000000000000000, -40.00000000000000000 ) ) ;
#4446 = CARTESIAN_POINT ( 'NONE',  ( -37.49999999999999289, -15.00000000000000355, 47.24999999999999289 ) ) ;
#4447 = VERTEX_POINT ( 'NONE', #3040 ) ;
#4448 = CARTESIAN_POINT ( 'NONE',  ( 24.70000000000261764, 1.000000000000000000, 45.79999999999864713 ) ) ;
#4449 = CIRCLE ( 'NONE', #3950, 1.000000000000000888 ) ;
#4450 = LINE ( 'NONE', #448, #9188 ) ;
#4451 = EDGE_LOOP ( 'NONE', ( #2415, #2816 ) ) ;
#4452 = ORIENTED_EDGE ( 'NONE', *, *, #6129, .T. ) ;
#4453 = VECTOR ( 'NONE', #225, 1000.000000000000000 ) ;
#4454 = ORIENTED_EDGE ( 'NONE', *, *, #8950, .F. ) ;
#4455 = AXIS2_PLACEMENT_3D ( 'NONE', #6890, #2024, #2173 ) ;
#4456 = FACE_OUTER_BOUND ( 'NONE', #1466, .T. ) ;
#4457 = DIRECTION ( 'NONE',  ( 1.000000000000000000, -0.000000000000000000, -3.491481338843133355E-15 ) ) ;
#4458 = AXIS2_PLACEMENT_3D ( 'NONE', #7296, #6425, #118 ) ;
#4459 = EDGE_LOOP ( 'NONE', ( #2438, #2021, #6125, #878 ) ) ;
#4460 = DIRECTION ( 'NONE',  ( 0.000000000000000000, 0.000000000000000000, 1.000000000000000000 ) ) ;
#4461 = DIRECTION ( 'NONE',  ( 0.000000000000000000, -0.000000000000000000, 1.000000000000000000 ) ) ;
#4462 = DIRECTION ( 'NONE',  ( -0.000000000000000000, 1.000000000000000000, -0.000000000000000000 ) ) ;
#4463 = VECTOR ( 'NONE', #3590, 1000.000000000000000 ) ;
#4464 = CIRCLE ( 'NONE', #2823, 2.350000000000001421 ) ;
#4465 = ORIENTED_EDGE ( 'NONE', *, *, #5747, .F. ) ;
#4466 = VECTOR ( 'NONE', #857, 1000.000000000000000 ) ;
#4467 = EDGE_CURVE ( 'NONE', #4251, #7615, #9096, .T. ) ;
#4468 = CARTESIAN_POINT ( 'NONE',  ( 35.65540027017686953, -14.72173105677602400, -42.47715249336063437 ) ) ;
#4469 = FACE_OUTER_BOUND ( 'NONE', #6247, .T. ) ;
#4470 = ORIENTED_EDGE ( 'NONE', *, *, #10063, .F. ) ;
#4471 = DIRECTION ( 'NONE',  ( -0.000000000000000000, -0.000000000000000000, -1.000000000000000000 ) ) ;
#4472 = DIRECTION ( 'NONE',  ( -0.000000000000000000, -0.000000000000000000, 1.000000000000000000 ) ) ;
#4473 = CARTESIAN_POINT ( 'NONE',  ( -30.97053361216668677, -8.241380698209809452, 42.00000000000000711 ) ) ;
#4474 = DIRECTION ( 'NONE',  ( 1.000000000000000000, 0.000000000000000000, -1.387778780781445676E-16 ) ) ;
#4475 = CARTESIAN_POINT ( 'NONE',  ( 47.99999999999961631, -8.000000000000003553, -36.11438125050793246 ) ) ;
#4476 = ORIENTED_EDGE ( 'NONE', *, *, #9453, .F. ) ;
#4477 = CIRCLE ( 'NONE', #5786, 2.350000000000001421 ) ;
#4478 = ORIENTED_EDGE ( 'NONE', *, *, #4800, .T. ) ;
#4479 = EDGE_LOOP ( 'NONE', ( #7778, #8534, #8878, #7391, #6792 ) ) ;
#4480 = CARTESIAN_POINT ( 'NONE',  ( 27.10000000000228226, -5.000000000000000000, -49.99999999999884182 ) ) ;
#4481 = CARTESIAN_POINT ( 'NONE',  ( -27.09999999999983089, -1.000000000000000000, 42.00000000000000711 ) ) ;
#4482 = LINE ( 'NONE', #3050, #9542 ) ;
#4483 = CIRCLE ( 'NONE', #5635, 1.549999999999999378 ) ;
#4484 = DIRECTION ( 'NONE',  ( -0.000000000000000000, 1.000000000000000000, -0.000000000000000000 ) ) ;
#4485 = CARTESIAN_POINT ( 'NONE',  ( 40.00000000000000711, -15.00000000000000355, -42.80000000000001137 ) ) ;
#4486 = DIRECTION ( 'NONE',  ( -8.953411488912557020E-15, 0.000000000000000000, -1.000000000000000000 ) ) ;
#4487 = CARTESIAN_POINT ( 'NONE',  ( 41.49999999999982236, 7.750000000000000000, -50.00000000000015632 ) ) ;
#4488 = VECTOR ( 'NONE', #8110, 1000.000000000000000 ) ;
#4489 = CARTESIAN_POINT ( 'NONE',  ( -30.09999999999983089, -8.000000000000001776, 48.00000000000000711 ) ) ;
#4490 = ORIENTED_EDGE ( 'NONE', *, *, #2249, .T. ) ;
#4491 = ORIENTED_EDGE ( 'NONE', *, *, #5168, .F. ) ;
#4492 = CARTESIAN_POINT ( 'NONE',  ( -35.72743892922089515, -14.74342510580612853, -41.98285748093563541 ) ) ;
#4493 = AXIS2_PLACEMENT_3D ( 'NONE', #1592, #7681, #3175 ) ;
#4494 = CARTESIAN_POINT ( 'NONE',  ( 27.09999999999983089, -5.000000000000002665, 42.00000000000000711 ) ) ;
#4495 = AXIS2_PLACEMENT_3D ( 'NONE', #1389, #6044, #9113 ) ;
#4496 = LINE ( 'NONE', #4345, #2039 ) ;
#4497 = CARTESIAN_POINT ( 'NONE',  ( 16.59999999999983444, -1.000000000000000000, 42.00000000000000711 ) ) ;
#4498 = AXIS2_PLACEMENT_3D ( 'NONE', #2045, #5374, #4707 ) ;
#4499 = CARTESIAN_POINT ( 'NONE',  ( 31.29999999999983373, 1.000000000000000000, -48.00000000000000711 ) ) ;
#4500 = ORIENTED_EDGE ( 'NONE', *, *, #922, .T. ) ;
#4501 = DIRECTION ( 'NONE',  ( 1.000000000000000000, -0.000000000000000000, -0.000000000000000000 ) ) ;
#4502 = CIRCLE ( 'NONE', #6629, 2.350000000000001421 ) ;
#4503 = CYLINDRICAL_SURFACE ( 'NONE', #7544, 1.000000000000000888 ) ;
#4504 = VERTEX_POINT ( 'NONE', #1496 ) ;
#4505 = ORIENTED_EDGE ( 'NONE', *, *, #4723, .F. ) ;
#4506 = EDGE_CURVE ( 'NONE', #8665, #6052, #242, .T. ) ;
#4507 = EDGE_CURVE ( 'NONE', #6248, #5973, #8929, .T. ) ;
#4508 = ORIENTED_EDGE ( 'NONE', *, *, #7790, .T. ) ;
#4509 = EDGE_CURVE ( 'NONE', #3712, #4166, #9951, .T. ) ;
#4510 = VERTEX_POINT ( 'NONE', #3903 ) ;
#4511 = AXIS2_PLACEMENT_3D ( 'NONE', #9223, #8502, #8554 ) ;
#4512 = CARTESIAN_POINT ( 'NONE',  ( 36.20000000000000995, -15.00000000000000355, 45.24999999999999289 ) ) ;
#4513 = B_SPLINE_CURVE_WITH_KNOTS ( 'NONE', 3,
 ( #6785, #7788, #3896, #1688, #6024, #9904, #9139, #6213, #9379, #2354, #6454, #2594, #6550, #4961, #9516, #7267, #9571, #2550, #1891, #1063, #5637, #4086 ),
 .UNSPECIFIED., .F., .F.,
 ( 4, 2, 2, 2, 2, 2, 2, 2, 2, 2, 4 ),
 ( 0.000000000000000000, 0.001227834267651435000, 0.001841751401477155102, 0.002455668535302874770, 0.003683502802954302397, 0.004297419936780013175, 0.004911337070605724386, 0.006139171338257155483, 0.007367005605908584845, 0.008594839873560015941, 0.009822674141211447038 ),
 .UNSPECIFIED. ) ;
#4514 = ORIENTED_EDGE ( 'NONE', *, *, #1868, .T. ) ;
#4515 = VECTOR ( 'NONE', #2937, 1000.000000000000000 ) ;
#4516 = B_SPLINE_CURVE_WITH_KNOTS ( 'NONE', 3,
 ( #6167, #1259, #9050, #4135, #8857, #3377 ),
 .UNSPECIFIED., .F., .F.,
 ( 4, 2, 4 ),
 ( 0.000000000000000000, 0.001908177117490965358, 0.003816354234981930715 ),
 .UNSPECIFIED. ) ;
#4517 = ORIENTED_EDGE ( 'NONE', *, *, #7192, .T. ) ;
#4518 = DIRECTION ( 'NONE',  ( 0.000000000000000000, -1.000000000000000000, 0.000000000000000000 ) ) ;
#4519 = DIRECTION ( 'NONE',  ( -0.000000000000000000, 0.000000000000000000, -1.000000000000000000 ) ) ;
#4520 = CIRCLE ( 'NONE', #5826, 2.349999999999997868 ) ;
#4521 = DIRECTION ( 'NONE',  ( -1.047444401652940007E-14, 0.000000000000000000, -1.000000000000000000 ) ) ;
#4522 = EDGE_CURVE ( 'NONE', #6819, #9608, #5350, .T. ) ;
#4523 = AXIS2_PLACEMENT_3D ( 'NONE', #2970, #6162, #6919 ) ;
#4524 = EDGE_CURVE ( 'NONE', #2501, #4447, #7739, .T. ) ;
#4525 = VECTOR ( 'NONE', #6168, 1000.000000000000000 ) ;
#4526 = ORIENTED_EDGE ( 'NONE', *, *, #6005, .T. ) ;
#4527 = DIRECTION ( 'NONE',  ( 0.000000000000000000, 0.000000000000000000, -1.000000000000000000 ) ) ;
#4528 = ORIENTED_EDGE ( 'NONE', *, *, #7370, .F. ) ;
#4529 = CARTESIAN_POINT ( 'NONE',  ( 50.00000000000093792, -3.199999999999999289, -30.49999999999965894 ) ) ;
#4530 = DIRECTION ( 'NONE',  ( 6.982962677686267499E-15, -0.000000000000000000, 1.000000000000000000 ) ) ;
#4531 = CIRCLE ( 'NONE', #6661, 2.349999999999997868 ) ;
#4532 = CARTESIAN_POINT ( 'NONE',  ( -33.13580589931850540, -10.69243780587756909, 42.00000000000000711 ) ) ;
#4533 = DIRECTION ( 'NONE',  ( 1.000000000000000000, 0.000000000000000000, 0.000000000000000000 ) ) ;
#4534 = ORIENTED_EDGE ( 'NONE', *, *, #5070, .T. ) ;
#4535 = ADVANCED_FACE ( 'NONE', ( #6988 ), #9744, .T. ) ;
#4536 = ORIENTED_EDGE ( 'NONE', *, *, #8975, .F. ) ;
#4537 = VERTEX_POINT ( 'NONE', #9292 ) ;
#4538 = DIRECTION ( 'NONE',  ( 1.181088324069316513E-14, 0.000000000000000000, 1.000000000000000000 ) ) ;
#4539 = FACE_BOUND ( 'NONE', #5208, .T. ) ;
#4540 = EDGE_CURVE ( 'NONE', #6541, #988, #5298, .T. ) ;
#4541 = CARTESIAN_POINT ( 'NONE',  ( -41.49999999999983658, -1.000000000000000000, 42.00000000000000711 ) ) ;
#4542 = PLANE ( 'NONE',  #7934 ) ;
#4543 = FACE_BOUND ( 'NONE', #2680, .T. ) ;
#4544 = DIRECTION ( 'NONE',  ( 0.000000000000000000, 0.000000000000000000, 1.000000000000000000 ) ) ;
#4545 = CARTESIAN_POINT ( 'NONE',  ( -43.49999999999987921, -3.199999999999999734, 38.09999999999998721 ) ) ;
#4546 = FACE_OUTER_BOUND ( 'NONE', #7184, .T. ) ;
#4547 = EDGE_CURVE ( 'NONE', #9630, #14, #1548, .T. ) ;
#4548 = ORIENTED_EDGE ( 'NONE', *, *, #609, .F. ) ;
#4549 = ORIENTED_EDGE ( 'NONE', *, *, #7984, .T. ) ;
#4550 = CARTESIAN_POINT ( 'NONE',  ( -40.44999999999983231, -3.199999999999999734, -43.50000000000001421 ) ) ;
#4551 = DIRECTION ( 'NONE',  ( 0.000000000000000000, 0.000000000000000000, -1.000000000000000000 ) ) ;
#4552 = CARTESIAN_POINT ( 'NONE',  ( 29.77811006761514889, -7.982681154838612514, -40.70548526722581784 ) ) ;
#4553 = FACE_OUTER_BOUND ( 'NONE', #7003, .T. ) ;
#4554 = CARTESIAN_POINT ( 'NONE',  ( 48.99999999999999289, 1.000000000000000000, -50.00000000000000711 ) ) ;
#4555 = ORIENTED_EDGE ( 'NONE', *, *, #3062, .F. ) ;
#4556 = CARTESIAN_POINT ( 'NONE',  ( 32.06706349770506392, -8.560989244741467274, 44.28269123085079428 ) ) ;
#4557 = CYLINDRICAL_SURFACE ( 'NONE', #3945, 1.550000000000002709 ) ;
#4558 = ORIENTED_EDGE ( 'NONE', *, *, #6292, .F. ) ;
#4559 = EDGE_LOOP ( 'NONE', ( #1826, #7059 ) ) ;
#4560 = ORIENTED_EDGE ( 'NONE', *, *, #5026, .F. ) ;
#4561 = ORIENTED_EDGE ( 'NONE', *, *, #5387, .T. ) ;
#4562 = DIRECTION ( 'NONE',  ( 1.000000000000000000, 0.000000000000000000, 0.000000000000000000 ) ) ;
#4563 = VERTEX_POINT ( 'NONE', #7691 ) ;
#4564 = EDGE_CURVE ( 'NONE', #1597, #6192, #6933, .T. ) ;
#4565 = EDGE_CURVE ( 'NONE', #9630, #8333, #4181, .T. ) ;
#4566 = CARTESIAN_POINT ( 'NONE',  ( -42.00000000000016342, -5.615716331036727738, -41.31637044629925271 ) ) ;
#4567 = EDGE_CURVE ( 'NONE', #8910, #9075, #7032, .T. ) ;
#4568 = LINE ( 'NONE', #8508, #885 ) ;
#4569 = FACE_BOUND ( 'NONE', #9333, .T. ) ;
#4570 = CARTESIAN_POINT ( 'NONE',  ( 31.94412171226667496, -11.38313153259664645, 42.00000000000000711 ) ) ;
#4571 = EDGE_LOOP ( 'NONE', ( #8286, #3090, #966, #4196, #759, #2317, #6883, #3322, #3907 ) ) ;
#4572 = CARTESIAN_POINT ( 'NONE',  ( -35.78691067397216585, -14.76049644767757840, -43.90883551763590731 ) ) ;
#4573 = VERTEX_POINT ( 'NONE', #6319 ) ;
#4574 = EDGE_CURVE ( 'NONE', #2772, #7496, #7839, .T. ) ;
#4575 = DIRECTION ( 'NONE',  ( -0.000000000000000000, 1.000000000000000000, -0.000000000000000000 ) ) ;
#4576 = DIRECTION ( 'NONE',  ( 6.982962677686267499E-15, -0.000000000000000000, 1.000000000000000000 ) ) ;
#4577 = LINE ( 'NONE', #7491, #4834 ) ;
#4578 = CARTESIAN_POINT ( 'NONE',  ( 41.99999999999963762, -9.673015334766143170, -36.42876343662803862 ) ) ;
#4579 = ORIENTED_EDGE ( 'NONE', *, *, #2435, .F. ) ;
#4580 = VERTEX_POINT ( 'NONE', #873 ) ;
#4581 = VERTEX_POINT ( 'NONE', #5648 ) ;
#4582 = FACE_OUTER_BOUND ( 'NONE', #3289, .T. ) ;
#4583 = CARTESIAN_POINT ( 'NONE',  ( 0.000000000000000000, 0.000000000000000000, 48.00000000000000711 ) ) ;
#4584 = CARTESIAN_POINT ( 'NONE',  ( -49.99999999999955946, -1.000000000000000000, 41.50000000000035527 ) ) ;
#4585 = CARTESIAN_POINT ( 'NONE',  ( -29.72614385180519747, -7.976614113461312883, -42.00000000000000711 ) ) ;
#4586 = DIRECTION ( 'NONE',  ( 0.000000000000000000, 1.000000000000000000, 0.000000000000000000 ) ) ;
#4587 = LINE ( 'NONE', #8529, #2401 ) ;
#4588 = CARTESIAN_POINT ( 'NONE',  ( 40.47942738097955129, -11.13179757649274038, 42.00000000000001421 ) ) ;
#4589 = CARTESIAN_POINT ( 'NONE',  ( -50.00000000000010658, -0.1999999999999999833, -27.09999999999966036 ) ) ;
#4590 = VERTEX_POINT ( 'NONE', #968 ) ;
#4591 = AXIS2_PLACEMENT_3D ( 'NONE', #4583, #10115, #8579 ) ;
#4592 = ORIENTED_EDGE ( 'NONE', *, *, #4110, .T. ) ;
#4593 = ADVANCED_FACE ( 'NONE', ( #2412 ), #4094, .T. ) ;
#4594 = CARTESIAN_POINT ( 'NONE',  ( -36.06845830484493831, -8.175270738875831000, -44.66764878091360202 ) ) ;
#4595 = DIRECTION ( 'NONE',  ( 0.000000000000000000, 1.000000000000000000, 0.000000000000000000 ) ) ;
#4596 = CARTESIAN_POINT ( 'NONE',  ( 31.29999999999983373, 1.000000000000000000, 48.00000000000000711 ) ) ;
#4597 = EDGE_CURVE ( 'NONE', #4166, #1269, #927, .T. ) ;
#4598 = CARTESIAN_POINT ( 'NONE',  ( 38.85769331410834582, -5.540943773805201644, 42.00000000000001421 ) ) ;
#4599 = DIRECTION ( 'NONE',  ( 0.000000000000000000, -1.000000000000000000, 0.000000000000000000 ) ) ;
#4600 = VERTEX_POINT ( 'NONE', #254 ) ;
#4601 = VECTOR ( 'NONE', #2112, 1000.000000000000000 ) ;
#4602 =( BOUNDED_CURVE ( )  B_SPLINE_CURVE ( 3, ( #7043, #833, #3295, #7189 ),
 .UNSPECIFIED., .F., .F. ) 
 B_SPLINE_CURVE_WITH_KNOTS ( ( 4, 4 ),
 ( 0.000000000000000000, 1.570796326794896780 ),
 .UNSPECIFIED. ) 
 CURVE ( )  GEOMETRIC_REPRESENTATION_ITEM ( )  RATIONAL_B_SPLINE_CURVE ( ( 1.000000000000000000, 0.8047378541243649375, 0.8047378541243649375, 1.000000000000000000 ) ) 
 REPRESENTATION_ITEM ( '' )  );
#4603 = CARTESIAN_POINT ( 'NONE',  ( 32.57416667610788608, -8.290745380910088613, 45.33186429945487816 ) ) ;
#4604 = DIRECTION ( 'NONE',  ( -1.396592535537253342E-14, -0.000000000000000000, -1.000000000000000000 ) ) ;
#4605 = ORIENTED_EDGE ( 'NONE', *, *, #2836, .T. ) ;
#4606 = VECTOR ( 'NONE', #7670, 1000.000000000000000 ) ;
#4607 = ORIENTED_EDGE ( 'NONE', *, *, #2159, .T. ) ;
#4608 = VECTOR ( 'NONE', #9692, 1000.000000000000000 ) ;
#4609 = ORIENTED_EDGE ( 'NONE', *, *, #5696, .F. ) ;
#4610 = DIRECTION ( 'NONE',  ( 0.000000000000000000, -1.000000000000000000, 0.000000000000000000 ) ) ;
#4611 = EDGE_LOOP ( 'NONE', ( #2063, #6209, #4549, #1432, #382, #2942, #1205 ) ) ;
#4612 = CARTESIAN_POINT ( 'NONE',  ( -50.00000000000000711, -1.000000000000000000, -50.00000000000000711 ) ) ;
#4613 = DIRECTION ( 'NONE',  ( 1.000000000000000000, -0.000000000000000000, -1.047444401652940007E-14 ) ) ;
#4614 = CARTESIAN_POINT ( 'NONE',  ( 16.60000000000229292, -5.000000000000000000, -42.00000000000000711 ) ) ;
#4615 = AXIS2_PLACEMENT_3D ( 'NONE', #8498, #3217, #646 ) ;
#4616 = CARTESIAN_POINT ( 'NONE',  ( -31.29999999999983373, 0.000000000000000000, -49.00000000000000711 ) ) ;
#4617 = AXIS2_PLACEMENT_3D ( 'NONE', #9408, #2388, #8743 ) ;
#4618 = ORIENTED_EDGE ( 'NONE', *, *, #7259, .F. ) ;
#4619 = ADVANCED_FACE ( 'NONE', ( #103 ), #3948, .F. ) ;
#4620 = AXIS2_PLACEMENT_3D ( 'NONE', #4064, #8055, #270 ) ;
#4621 = ORIENTED_EDGE ( 'NONE', *, *, #5564, .T. ) ;
#4622 = DIRECTION ( 'NONE',  ( -4.476705744456268255E-15, 0.000000000000000000, -1.000000000000000000 ) ) ;
#4623 = VECTOR ( 'NONE', #8840, 1000.000000000000000 ) ;
#4624 = CARTESIAN_POINT ( 'NONE',  ( 36.54999999999948557, -3.199999999999999734, -50.00000000000075318 ) ) ;
#4625 = DIRECTION ( 'NONE',  ( 0.000000000000000000, 0.000000000000000000, 1.000000000000000000 ) ) ;
#4626 = AXIS2_PLACEMENT_3D ( 'NONE', #3446, #5817, #8942 ) ;
#4627 = EDGE_CURVE ( 'NONE', #7047, #2346, #757, .T. ) ;
#4628 = ORIENTED_EDGE ( 'NONE', *, *, #3453, .F. ) ;
#4629 = EDGE_CURVE ( 'NONE', #6827, #3887, #8246, .T. ) ;
#4630 = ADVANCED_FACE ( 'NONE', ( #4915 ), #4145, .F. ) ;
#4631 = EDGE_LOOP ( 'NONE', ( #914, #2220, #7866, #4353 ) ) ;
#4632 = EDGE_CURVE ( 'NONE', #8333, #9630, #6488, .T. ) ;
#4633 = AXIS2_PLACEMENT_3D ( 'NONE', #3436, #360, #1797 ) ;
#4634 = ORIENTED_EDGE ( 'NONE', *, *, #7578, .T. ) ;
#4635 = DIRECTION ( 'NONE',  ( -0.000000000000000000, 1.000000000000000000, -0.000000000000000000 ) ) ;
#4636 = CARTESIAN_POINT ( 'NONE',  ( -42.00000000000012790, -10.28374421409076156, -37.09204507328935563 ) ) ;
#4637 = LINE ( 'NONE', #4059, #2352 ) ;
#4638 = CYLINDRICAL_SURFACE ( 'NONE', #9255, 1.550000000000002709 ) ;
#4639 = PLANE ( 'NONE',  #3195 ) ;
#4640 = FACE_OUTER_BOUND ( 'NONE', #8148, .T. ) ;
#4641 = DIRECTION ( 'NONE',  ( 0.000000000000000000, 0.000000000000000000, 1.000000000000000000 ) ) ;
#4642 = CIRCLE ( 'NONE', #8064, 4.349999999999999645 ) ;
#4643 = CARTESIAN_POINT ( 'NONE',  ( 31.29999999999983373, -0.1999999999999999833, 48.00000000000000711 ) ) ;
#4644 = EDGE_CURVE ( 'NONE', #5748, #2922, #5010, .T. ) ;
#4645 = ORIENTED_EDGE ( 'NONE', *, *, #2561, .T. ) ;
#4646 = ORIENTED_EDGE ( 'NONE', *, *, #6637, .F. ) ;
#4647 = FACE_OUTER_BOUND ( 'NONE', #8275, .T. ) ;
#4648 = EDGE_CURVE ( 'NONE', #8769, #7212, #1696, .T. ) ;
#4649 = AXIS2_PLACEMENT_3D ( 'NONE', #5510, #8677, #8634 ) ;
#4650 = DIRECTION ( 'NONE',  ( 0.7071067811866064146, 0.000000000000000000, 0.7071067811864886199 ) ) ;
#4651 = CARTESIAN_POINT ( 'NONE',  ( 32.05000000000012506, -3.199999999999999289, 42.00000000000000711 ) ) ;
#4652 = DIRECTION ( 'NONE',  ( -0.000000000000000000, 1.000000000000000000, -0.000000000000000000 ) ) ;
#4653 = FACE_OUTER_BOUND ( 'NONE', #9483, .T. ) ;
#4654 = ORIENTED_EDGE ( 'NONE', *, *, #341, .F. ) ;
#4655 = AXIS2_PLACEMENT_3D ( 'NONE', #5243, #3551, #2833 ) ;
#4656 = CYLINDRICAL_SURFACE ( 'NONE', #7923, 2.350000000000001421 ) ;
#4657 = CIRCLE ( 'NONE', #7111, 1.550000000000002709 ) ;
#4658 = CARTESIAN_POINT ( 'NONE',  ( 41.49999999999954525, -1.000000000000000000, -42.00000000000029843 ) ) ;
#4659 = CIRCLE ( 'NONE', #2854, 2.349999999999997868 ) ;
#4660 = ORIENTED_EDGE ( 'NONE', *, *, #8514, .T. ) ;
#4661 = ORIENTED_EDGE ( 'NONE', *, *, #289, .F. ) ;
#4662 = EDGE_CURVE ( 'NONE', #9314, #6519, #7277, .T. ) ;
#4663 = EDGE_CURVE ( 'NONE', #3542, #5400, #8036, .T. ) ;
#4664 = AXIS2_PLACEMENT_3D ( 'NONE', #6703, #3523, #7619 ) ;
#4665 = VERTEX_POINT ( 'NONE', #1018 ) ;
#4666 = PLANE ( 'NONE',  #3699 ) ;
#4667 = VECTOR ( 'NONE', #3668, 1000.000000000000000 ) ;
#4669 = DIRECTION ( 'NONE',  ( 1.387778780781445676E-16, 0.000000000000000000, 1.000000000000000000 ) ) ;
#4668 = VECTOR ( 'NONE', #5285, 1000.000000000000000 ) ;
#4670 = EDGE_LOOP ( 'NONE', ( #8343, #6369, #5557, #8417, #3314, #5129 ) ) ;
#4671 = DIRECTION ( 'NONE',  ( 0.000000000000000000, 0.000000000000000000, 1.000000000000000000 ) ) ;
#4672 = CARTESIAN_POINT ( 'NONE',  ( 31.42478408160339498, -9.514451983532575596, 42.00000000000000711 ) ) ;
#4673 = CARTESIAN_POINT ( 'NONE',  ( -43.49999999999987921, -3.199999999999999734, -38.09999999999998721 ) ) ;
#4674 = CARTESIAN_POINT ( 'NONE',  ( 41.49999999999983658, -1.000000000000000000, 48.00000000000000711 ) ) ;
#4675 = DIRECTION ( 'NONE',  ( 2.952720810173286943E-15, 0.000000000000000000, 1.000000000000000000 ) ) ;
#4676 = AXIS2_PLACEMENT_3D ( 'NONE', #8207, #6526, #9638 ) ;
#4677 = VERTEX_POINT ( 'NONE', #6410 ) ;
#4678 = AXIS2_PLACEMENT_3D ( 'NONE', #5708, #1655, #8831 ) ;
#4679 = ORIENTED_EDGE ( 'NONE', *, *, #2766, .T. ) ;
#4680 = CARTESIAN_POINT ( 'NONE',  ( -33.27147687623691752, -7.909706892630207875, 42.00000000000000711 ) ) ;
#4681 = VECTOR ( 'NONE', #2870, 1000.000000000000000 ) ;
#4682 = LINE ( 'NONE', #8567, #9577 ) ;
#4683 = CARTESIAN_POINT ( 'NONE',  ( -41.50000000000000711, 1.000000000000000000, -49.99999999999999289 ) ) ;
#4684 = AXIS2_PLACEMENT_3D ( 'NONE', #7081, #5698, #2559 ) ;
#4685 = VERTEX_POINT ( 'NONE', #5741 ) ;
#4686 = ORIENTED_EDGE ( 'NONE', *, *, #2912, .F. ) ;
#4687 = ORIENTED_EDGE ( 'NONE', *, *, #9073, .T. ) ;
#4688 = CARTESIAN_POINT ( 'NONE',  ( 43.67016901444042531, -9.966535329878150051, -48.00000000000001421 ) ) ;
#4689 = DIRECTION ( 'NONE',  ( 0.000000000000000000, 0.000000000000000000, 1.000000000000000000 ) ) ;
#4690 = LINE ( 'NONE', #7804, #5466 ) ;
#4691 = DIRECTION ( 'NONE',  ( 1.000000000000000000, 0.000000000000000000, -3.491481338843133355E-15 ) ) ;
#4692 = EDGE_CURVE ( 'NONE', #9779, #3331, #4025, .T. ) ;
#4693 = PLANE ( 'NONE',  #731 ) ;
#4694 = CARTESIAN_POINT ( 'NONE',  ( 29.91886625084039864, -8.000000000000301981, 47.52149322606374682 ) ) ;
#4695 = CARTESIAN_POINT ( 'NONE',  ( 40.45587828773334138, -11.60000000000000320, 42.00000000000000711 ) ) ;
#4696 = EDGE_CURVE ( 'NONE', #7600, #9560, #6480, .T. ) ;
#4697 = CARTESIAN_POINT ( 'NONE',  ( -30.09999999999983089, -5.000000000000002665, 42.00000000000000711 ) ) ;
#4698 = VERTEX_POINT ( 'NONE', #7425 ) ;
#4699 = AXIS2_PLACEMENT_3D ( 'NONE', #7807, #834, #10068 ) ;
#4700 = ORIENTED_EDGE ( 'NONE', *, *, #3696, .F. ) ;
#4701 = VERTEX_POINT ( 'NONE', #4205 ) ;
#4702 = CARTESIAN_POINT ( 'NONE',  ( -49.99999999999819522, -5.000000000000000000, -27.10000000000048104 ) ) ;
#4703 = CARTESIAN_POINT ( 'NONE',  ( 45.80000000000062244, -3.499999999999999556, -24.70000000000199591 ) ) ;
#4704 = FACE_OUTER_BOUND ( 'NONE', #5024, .T. ) ;
#4705 = CYLINDRICAL_SURFACE ( 'NONE', #822, 1.000000000000000888 ) ;
#4706 = ORIENTED_EDGE ( 'NONE', *, *, #3614, .T. ) ;
#4707 = DIRECTION ( 'NONE',  ( -1.734723475976807094E-15, 0.000000000000000000, -1.000000000000000000 ) ) ;
#4708 = EDGE_CURVE ( 'NONE', #3433, #6038, #1575, .T. ) ;
#4709 = CARTESIAN_POINT ( 'NONE',  ( 41.99999999999957367, -5.556562696684470559, -41.50000000000027001 ) ) ;
#4710 = ORIENTED_EDGE ( 'NONE', *, *, #9198, .T. ) ;
#4711 = VERTEX_POINT ( 'NONE', #1172 ) ;
#4712 = EDGE_LOOP ( 'NONE', ( #2837, #6654, #9533, #8741 ) ) ;
#4713 = CARTESIAN_POINT ( 'NONE',  ( 40.00000000000000000, -1.000000000000000000, 14.99999999999982236 ) ) ;
#4714 = DIRECTION ( 'NONE',  ( -0.7672955974842994298, 0.000000000000000000, 0.6412935880555893364 ) ) ;
#4715 = ORIENTED_EDGE ( 'NONE', *, *, #2191, .F. ) ;
#4716 = DIRECTION ( 'NONE',  ( 1.000000000000000000, -0.000000000000000000, -3.491481338843133355E-15 ) ) ;
#4717 = DIRECTION ( 'NONE',  ( 0.000000000000000000, -0.000000000000000000, 1.000000000000000000 ) ) ;
#4718 = DIRECTION ( 'NONE',  ( -1.000000000000000000, 0.000000000000000000, 0.000000000000000000 ) ) ;
#4719 = DIRECTION ( 'NONE',  ( -0.000000000000000000, 1.000000000000000000, -0.000000000000000000 ) ) ;
#4720 = VERTEX_POINT ( 'NONE', #8145 ) ;
#4721 = VERTEX_POINT ( 'NONE', #3485 ) ;
#4722 = LINE ( 'NONE', #8566, #7102 ) ;
#4723 = EDGE_CURVE ( 'NONE', #7419, #5270, #5997, .T. ) ;
#4724 = DIRECTION ( 'NONE',  ( 0.000000000000000000, -1.000000000000000000, 0.000000000000000000 ) ) ;
#4725 = CYLINDRICAL_SURFACE ( 'NONE', #8747, 1.000000000000000888 ) ;
#4726 = ORIENTED_EDGE ( 'NONE', *, *, #6570, .T. ) ;
#4727 = ORIENTED_EDGE ( 'NONE', *, *, #5502, .F. ) ;
#4728 = VERTEX_POINT ( 'NONE', #2001 ) ;
#4729 = CARTESIAN_POINT ( 'NONE',  ( 47.28506843098397638, -8.338915926257277178, -48.00000000000001421 ) ) ;
#4730 = CARTESIAN_POINT ( 'NONE',  ( -30.50000000000044054, -3.199999999999999289, -43.49999999999958789 ) ) ;
#4731 = CARTESIAN_POINT ( 'NONE',  ( 21.49897948556618843, -5.000000000000000000, 42.00000000000000711 ) ) ;
#4732 = DIRECTION ( 'NONE',  ( 4.476705744456268255E-15, 0.000000000000000000, 1.000000000000000000 ) ) ;
#4733 = CARTESIAN_POINT ( 'NONE',  ( 36.20000000000000995, -15.00000000000000355, 38.54999999999999716 ) ) ;
#4734 = CARTESIAN_POINT ( 'NONE',  ( 29.28843024044441634, -7.888202311584371351, 44.03214926122537065 ) ) ;
#4735 = DIRECTION ( 'NONE',  ( 2.952720810173286943E-15, 0.000000000000000000, 1.000000000000000000 ) ) ;
#4736 = CARTESIAN_POINT ( 'NONE',  ( 42.29856540507682894, -8.000000000000001776, 48.00000000000000711 ) ) ;
#4737 = VERTEX_POINT ( 'NONE', #5853 ) ;
#4738 = VERTEX_POINT ( 'NONE', #5077 ) ;
#4739 = EDGE_CURVE ( 'NONE', #4677, #9391, #8108, .T. ) ;
#4740 = EDGE_CURVE ( 'NONE', #9778, #5382, #7784, .T. ) ;
#4741 = CARTESIAN_POINT ( 'NONE',  ( -16.59999999999737241, -5.000000000000000000, -42.00000000000000711 ) ) ;
#4742 = CYLINDRICAL_SURFACE ( 'NONE', #2472, 2.349999999999997868 ) ;
#4743 = CARTESIAN_POINT ( 'NONE',  ( 41.23770105731895086, -8.081054468879486308, 48.00000000000000711 ) ) ;
#4744 = CARTESIAN_POINT ( 'NONE',  ( 47.99999999999969447, -8.000000000000001776, -30.10000000000033538 ) ) ;
#4745 = ORIENTED_EDGE ( 'NONE', *, *, #6946, .F. ) ;
#4746 = DIRECTION ( 'NONE',  ( -0.000000000000000000, -0.000000000000000000, -1.000000000000000000 ) ) ;
#4747 = AXIS2_PLACEMENT_3D ( 'NONE', #9803, #527, #3656 ) ;
#4748 = CARTESIAN_POINT ( 'NONE',  ( -45.80000000000062244, -5.000000000000000000, -23.14999999999800551 ) ) ;
#4749 = ORIENTED_EDGE ( 'NONE', *, *, #6027, .F. ) ;
#4750 = ORIENTED_EDGE ( 'NONE', *, *, #7944, .T. ) ;
#4751 = EDGE_CURVE ( 'NONE', #1377, #4230, #4304, .T. ) ;
#4752 = EDGE_CURVE ( 'NONE', #6716, #8273, #3535, .T. ) ;
#4753 = ORIENTED_EDGE ( 'NONE', *, *, #922, .F. ) ;
#4754 = ADVANCED_FACE ( 'NONE', ( #6672 ), #505, .F. ) ;
#4755 = DIRECTION ( 'NONE',  ( 1.000000000000000000, 0.000000000000000000, 0.000000000000000000 ) ) ;
#4756 = AXIS2_PLACEMENT_3D ( 'NONE', #6063, #136, #617 ) ;
#4757 = DIRECTION ( 'NONE',  ( -0.000000000000000000, -0.000000000000000000, 1.000000000000000000 ) ) ;
#4758 = DIRECTION ( 'NONE',  ( 0.000000000000000000, -1.000000000000000000, 0.000000000000000000 ) ) ;
#4759 = EDGE_LOOP ( 'NONE', ( #7152, #177, #2761, #2281, #8589, #727, #6172, #9439, #703, #9276, #676 ) ) ;
#4760 = CARTESIAN_POINT ( 'NONE',  ( 35.74999999999983658, -3.199999999999999289, 43.50000000000001421 ) ) ;
#4761 = CARTESIAN_POINT ( 'NONE',  ( 31.29999999999983373, 1.000000000000000000, 48.99999999999999289 ) ) ;
#4762 = CYLINDRICAL_SURFACE ( 'NONE', #920, 2.350000000000001421 ) ;
#4763 = VECTOR ( 'NONE', #1473, 1000.000000000000000 ) ;
#4764 = CARTESIAN_POINT ( 'NONE',  ( 47.99999999999952394, -8.337726433337792287, -46.90907039497650288 ) ) ;
#4765 = CIRCLE ( 'NONE', #506, 1.549999999999999378 ) ;
#4766 = ORIENTED_EDGE ( 'NONE', *, *, #5228, .T. ) ;
#4767 = AXIS2_PLACEMENT_3D ( 'NONE', #4499, #3675, #6707 ) ;
#4768 = VECTOR ( 'NONE', #5422, 1000.000000000000000 ) ;
#4769 = EDGE_LOOP ( 'NONE', ( #4000, #1433, #5086, #2710 ) ) ;
#4770 = CYLINDRICAL_SURFACE ( 'NONE', #1374, 1.550000000000002709 ) ;
#4771 = DIRECTION ( 'NONE',  ( -1.000000000000000000, 0.000000000000000000, 0.000000000000000000 ) ) ;
#4772 = LINE ( 'NONE', #3335, #10055 ) ;
#4773 = AXIS2_PLACEMENT_3D ( 'NONE', #7355, #8017, #5726 ) ;
#4774 = VERTEX_POINT ( 'NONE', #6772 ) ;
#4775 = CIRCLE ( 'NONE', #4458, 2.349999999999997868 ) ;
#4776 = EDGE_LOOP ( 'NONE', ( #5937, #6064, #3366, #1955 ) ) ;
#4777 = ADVANCED_FACE ( 'NONE', ( #9832 ), #5030, .F. ) ;
#4778 = EDGE_CURVE ( 'NONE', #1137, #394, #3700, .T. ) ;
#4779 = ORIENTED_EDGE ( 'NONE', *, *, #8054, .T. ) ;
#4780 = VECTOR ( 'NONE', #1095, 1000.000000000000000 ) ;
#4781 = CARTESIAN_POINT ( 'NONE',  ( 37.42175714596078251, -5.751295911806757921, -42.00000000000000711 ) ) ;
#4782 = CARTESIAN_POINT ( 'NONE',  ( -37.25580317607511205, -10.50398952121194007, -48.00000000000000000 ) ) ;
#4783 = DIRECTION ( 'NONE',  ( 0.000000000000000000, 0.000000000000000000, 1.000000000000000000 ) ) ;
#4784 = LINE ( 'NONE', #8880, #5493 ) ;
#4785 = CIRCLE ( 'NONE', #35, 1.000000000000000888 ) ;
#4786 = DIRECTION ( 'NONE',  ( 0.000000000000000000, 0.000000000000000000, 1.000000000000000000 ) ) ;
#4787 = DIRECTION ( 'NONE',  ( 0.000000000000000000, 0.000000000000000000, 1.000000000000000000 ) ) ;
#4788 = DIRECTION ( 'NONE',  ( 0.000000000000000000, -1.000000000000000000, -0.000000000000000000 ) ) ;
#4789 = DIRECTION ( 'NONE',  ( 0.000000000000000000, 1.000000000000000000, 0.000000000000000000 ) ) ;
#4790 = EDGE_LOOP ( 'NONE', ( #910, #7099, #1543, #9898 ) ) ;
#4791 = VECTOR ( 'NONE', #4862, 1000.000000000000000 ) ;
#4792 = ORIENTED_EDGE ( 'NONE', *, *, #5069, .F. ) ;
#4793 = EDGE_LOOP ( 'NONE', ( #4994, #1093, #4126, #2678 ) ) ;
#4794 = VECTOR ( 'NONE', #6432, 1000.000000000000000 ) ;
#4795 = DIRECTION ( 'NONE',  ( 0.000000000000000000, 0.000000000000000000, 1.000000000000000000 ) ) ;
#4796 = DIRECTION ( 'NONE',  ( -0.000000000000000000, 1.000000000000000000, -0.000000000000000000 ) ) ;
#4797 = CARTESIAN_POINT ( 'NONE',  ( -43.49999999999990763, -3.199999999999999289, -30.49999999999998579 ) ) ;
#4798 = AXIS2_PLACEMENT_3D ( 'NONE', #1213, #7356, #9771 ) ;
#4799 = CARTESIAN_POINT ( 'NONE',  ( 43.49999999999969447, -3.199999999999999289, -30.49999999999968381 ) ) ;
#4800 = EDGE_CURVE ( 'NONE', #2647, #1447, #1230, .T. ) ;
#4801 = PLANE ( 'NONE',  #1549 ) ;
#4802 = DIRECTION ( 'NONE',  ( 0.000000000000000000, 1.000000000000000000, 0.000000000000000000 ) ) ;
#4803 = ORIENTED_EDGE ( 'NONE', *, *, #3253, .T. ) ;
#4804 = VERTEX_POINT ( 'NONE', #2059 ) ;
#4805 = CIRCLE ( 'NONE', #870, 2.349999999999997868 ) ;
#4806 = DIRECTION ( 'NONE',  ( 0.000000000000000000, 0.000000000000000000, -1.000000000000000000 ) ) ;
#4807 = CARTESIAN_POINT ( 'NONE',  ( -37.49999999999999289, -8.000000000000001776, 42.89999999999999147 ) ) ;
#4808 = CARTESIAN_POINT ( 'NONE',  ( 41.99999999999967315, -8.000000000000001776, -31.83083868292561291 ) ) ;
#4809 = ORIENTED_EDGE ( 'NONE', *, *, #9574, .T. ) ;
#4810 = DIRECTION ( 'NONE',  ( -0.000000000000000000, 1.000000000000000000, -0.000000000000000000 ) ) ;
#4811 = DIRECTION ( 'NONE',  ( 0.000000000000000000, 0.000000000000000000, 1.000000000000000000 ) ) ;
#4812 = CIRCLE ( 'NONE', #7912, 2.349999999999997868 ) ;
#4813 = CARTESIAN_POINT ( 'NONE',  ( -48.00000000000014211, -3.199999999999999734, -38.09999999999966747 ) ) ;
#4814 = EDGE_CURVE ( 'NONE', #3654, #7894, #2878, .T. ) ;
#4816 = EDGE_CURVE ( 'NONE', #4367, #8725, #5897, .T. ) ;
#4815 = DIRECTION ( 'NONE',  ( -8.728168432587710953E-15, 0.000000000000000000, -1.000000000000000000 ) ) ;
#4817 = EDGE_CURVE ( 'NONE', #9054, #6339, #7482, .T. ) ;
#4818 = AXIS2_PLACEMENT_3D ( 'NONE', #3134, #7797, #4533 ) ;
#4819 = AXIS2_PLACEMENT_3D ( 'NONE', #8810, #1779, #4134 ) ;
#4820 = ORIENTED_EDGE ( 'NONE', *, *, #3303, .T. ) ;
#4821 = VECTOR ( 'NONE', #8762, 1000.000000000000000 ) ;
#4822 = CYLINDRICAL_SURFACE ( 'NONE', #1351, 1.000000000000000888 ) ;
#4823 = CIRCLE ( 'NONE', #1046, 1.000000000000000888 ) ;
#4824 = EDGE_CURVE ( 'NONE', #9370, #9125, #5189, .T. ) ;
#4825 = ORIENTED_EDGE ( 'NONE', *, *, #7867, .F. ) ;
#4826 = CARTESIAN_POINT ( 'NONE',  ( -33.24412171226665436, -8.400000000000002132, 42.00000000000000711 ) ) ;
#4827 = CARTESIAN_POINT ( 'NONE',  ( -38.56530765189490495, -5.025698268986443118, 42.00000000000000000 ) ) ;
#4828 = AXIS2_PLACEMENT_3D ( 'NONE', #8012, #2535, #1671 ) ;
#4829 = CARTESIAN_POINT ( 'NONE',  ( 47.99999999999968026, -0.1999999999999999833, -31.30000000000033467 ) ) ;
#4830 = CIRCLE ( 'NONE', #6155, 1.550000000000002709 ) ;
#4831 = EDGE_LOOP ( 'NONE', ( #1349, #498, #6346, #3665, #4706, #2033 ) ) ;
#4832 = EDGE_LOOP ( 'NONE', ( #6413, #5762, #9477, #9599 ) ) ;
#4833 = VERTEX_POINT ( 'NONE', #4409 ) ;
#4834 = VECTOR ( 'NONE', #469, 1000.000000000000000 ) ;
#4835 = DIRECTION ( 'NONE',  ( -3.491481338843133355E-15, 0.000000000000000000, -1.000000000000000000 ) ) ;
#4836 = DIRECTION ( 'NONE',  ( 0.000000000000000000, 0.000000000000000000, -1.000000000000000000 ) ) ;
#4837 = DIRECTION ( 'NONE',  ( -1.000000000000000000, -0.000000000000000000, 3.491481338843133750E-15 ) ) ;
#4838 = CARTESIAN_POINT ( 'NONE',  ( 50.00000000000000000, -1.000000000000000000, -16.59999999999802611 ) ) ;
#4839 = CIRCLE ( 'NONE', #4016, 11.15000000000000036 ) ;
#4840 = LINE ( 'NONE', #7959, #4338 ) ;
#4841 = DIRECTION ( 'NONE',  ( 1.000000000000000000, 0.000000000000000000, 0.000000000000000000 ) ) ;
#4842 = CARTESIAN_POINT ( 'NONE',  ( -43.49999999999990763, -3.199999999999999289, 30.49999999999998224 ) ) ;
#4843 = ADVANCED_FACE ( 'NONE', ( #1073 ), #6009, .F. ) ;
#4844 = DIRECTION ( 'NONE',  ( 0.000000000000000000, 0.000000000000000000, -1.000000000000000000 ) ) ;
#4845 = ORIENTED_EDGE ( 'NONE', *, *, #2549, .F. ) ;
#4846 = EDGE_LOOP ( 'NONE', ( #5419, #4870, #9475, #647 ) ) ;
#4847 = EDGE_LOOP ( 'NONE', ( #8225, #7035, #2920, #2184 ) ) ;
#4848 = VECTOR ( 'NONE', #4530, 1000.000000000000000 ) ;
#4849 = EDGE_CURVE ( 'NONE', #4905, #4580, #7137, .T. ) ;
#4850 = CYLINDRICAL_SURFACE ( 'NONE', #1340, 4.000000000000000000 ) ;
#4851 = CARTESIAN_POINT ( 'NONE',  ( -27.09999999999983089, -5.000000000000000000, 42.00000000000000711 ) ) ;
#4852 = DIRECTION ( 'NONE',  ( 1.000000000000000000, -0.000000000000000000, 3.491481338843133355E-15 ) ) ;
#4853 = DIRECTION ( 'NONE',  ( -4.476705744456268255E-15, 0.000000000000000000, 1.000000000000000000 ) ) ;
#4854 = DIRECTION ( 'NONE',  ( 0.000000000000000000, 0.000000000000000000, -1.000000000000000000 ) ) ;
#4855 = EDGE_CURVE ( 'NONE', #5346, #7496, #5671, .T. ) ;
#4856 = CIRCLE ( 'NONE', #7470, 0.9499999999999995115 ) ;
#4857 = DIRECTION ( 'NONE',  ( 1.387778780781444413E-14, 0.000000000000000000, 1.000000000000000000 ) ) ;
#4858 = EDGE_LOOP ( 'NONE', ( #6899, #3803, #2595, #1625 ) ) ;
#4859 = ORIENTED_EDGE ( 'NONE', *, *, #8993, .T. ) ;
#4860 = EDGE_CURVE ( 'NONE', #2767, #4081, #5386, .T. ) ;
#4861 = CARTESIAN_POINT ( 'NONE',  ( 50.00000000000096634, -3.199999999999999734, -38.09999999999966036 ) ) ;
#4862 = DIRECTION ( 'NONE',  ( 1.047444401652940007E-14, 0.000000000000000000, 1.000000000000000000 ) ) ;
#4863 = CARTESIAN_POINT ( 'NONE',  ( 41.99999999999965894, -1.000000000000000000, -41.50000000000027001 ) ) ;
#4864 = EDGE_LOOP ( 'NONE', ( #5642, #8614, #9122 ) ) ;
#4865 = CARTESIAN_POINT ( 'NONE',  ( 36.20000000000000995, -9.000000000000001776, 42.89999999999999147 ) ) ;
#4866 = DIRECTION ( 'NONE',  ( 1.000000000000000000, 0.000000000000000000, -1.047444401652940007E-14 ) ) ;
#4867 = DIRECTION ( 'NONE',  ( -1.181088324069314777E-14, 0.000000000000000000, -1.000000000000000000 ) ) ;
#4868 = DIRECTION ( 'NONE',  ( 0.000000000000000000, 0.000000000000000000, -1.000000000000000000 ) ) ;
#4869 = ORIENTED_EDGE ( 'NONE', *, *, #2397, .T. ) ;
#4870 = ORIENTED_EDGE ( 'NONE', *, *, #4405, .T. ) ;
#4871 = EDGE_CURVE ( 'NONE', #7318, #5521, #92, .T. ) ;
#4872 = ADVANCED_FACE ( 'NONE', ( #6871, #1440 ), #10142, .T. ) ;
#4873 = DIRECTION ( 'NONE',  ( 1.000000000000000000, 0.000000000000000000, -3.491481338843133355E-15 ) ) ;
#4874 = ORIENTED_EDGE ( 'NONE', *, *, #4692, .T. ) ;
#4875 = CARTESIAN_POINT ( 'NONE',  ( 31.29999999999983373, 1.000000000000000000, -49.00000000000000711 ) ) ;
#4876 = CARTESIAN_POINT ( 'NONE',  ( -38.75586384957331632, -5.047993573059424754, 42.00000000000000711 ) ) ;
#4877 = DIRECTION ( 'NONE',  ( 0.000000000000000000, -1.000000000000000000, 0.000000000000000000 ) ) ;
#4878 = EDGE_LOOP ( 'NONE', ( #4452, #4381, #4490, #8771 ) ) ;
#4879 = ORIENTED_EDGE ( 'NONE', *, *, #5984, .F. ) ;
#4880 = EDGE_LOOP ( 'NONE', ( #4997, #6153, #9598, #4859, #2255 ) ) ;
#4881 = ADVANCED_FACE ( 'NONE', ( #713 ), #6212, .T. ) ;
#4882 = CYLINDRICAL_SURFACE ( 'NONE', #1017, 1.550000000000002709 ) ;
#4883 = CARTESIAN_POINT ( 'NONE',  ( -46.43428542583921370, -8.613499769841219234, -48.00000000000000711 ) ) ;
#4884 = CARTESIAN_POINT ( 'NONE',  ( -39.64999999999914593, -3.199999999999999734, 50.00000000000169820 ) ) ;
#4885 = LINE ( 'NONE', #5606, #4173 ) ;
#4886 = CARTESIAN_POINT ( 'NONE',  ( -41.91421356237259488, 0.5857864376269045215, 50.00000000000000000 ) ) ;
#4887 = CARTESIAN_POINT ( 'NONE',  ( -48.00000000000015632, -1.000000000000000000, -41.49999999999966604 ) ) ;
#4888 = FACE_OUTER_BOUND ( 'NONE', #3380, .T. ) ;
#4889 = CARTESIAN_POINT ( 'NONE',  ( -38.09999999999983800, -3.199999999999999734, 43.50000000000001421 ) ) ;
#4890 = ORIENTED_EDGE ( 'NONE', *, *, #9495, .T. ) ;
#4891 = ORIENTED_EDGE ( 'NONE', *, *, #4708, .T. ) ;
#4892 = DIRECTION ( 'NONE',  ( 1.000000000000000000, 0.000000000000000000, 0.000000000000000000 ) ) ;
#4893 = DIRECTION ( 'NONE',  ( -1.000000000000000000, -0.000000000000000000, 3.491481338843133750E-15 ) ) ;
#4894 = DIRECTION ( 'NONE',  ( 1.000000000000000000, 0.000000000000000000, 0.000000000000000000 ) ) ;
#4895 = CARTESIAN_POINT ( 'NONE',  ( 32.65459052755245040, -8.440946107329221348, 48.00000000000000711 ) ) ;
#4896 = CARTESIAN_POINT ( 'NONE',  ( 49.00000000000000711, 1.000000000000000000, 48.99999999999999289 ) ) ;
#4897 = DIRECTION ( 'NONE',  ( 0.000000000000000000, -1.000000000000000000, -0.000000000000000000 ) ) ;
#4898 = CARTESIAN_POINT ( 'NONE',  ( 42.49999999999982236, 1.000000000000000000, -50.00000000000000711 ) ) ;
#4899 = EDGE_LOOP ( 'NONE', ( #9332, #9297, #618, #1851 ) ) ;
#4900 = ORIENTED_EDGE ( 'NONE', *, *, #7518, .F. ) ;
#4901 = EDGE_CURVE ( 'NONE', #5751, #689, #3740, .T. ) ;
#4902 = LINE ( 'NONE', #3466, #1818 ) ;
#4903 = DIRECTION ( 'NONE',  ( 1.000000000000000000, 0.000000000000000000, 0.000000000000000000 ) ) ;
#4904 = DIRECTION ( 'NONE',  ( 1.000000000000000000, 0.000000000000000000, -1.387778780781445676E-16 ) ) ;
#4905 = VERTEX_POINT ( 'NONE', #2301 ) ;
#4906 = DIRECTION ( 'NONE',  ( -0.000000000000000000, 1.000000000000000000, -0.000000000000000000 ) ) ;
#4907 = CARTESIAN_POINT ( 'NONE',  ( 43.50000000000041211, -3.199999999999999734, 38.09999999999968168 ) ) ;
#4908 = CARTESIAN_POINT ( 'NONE',  ( 42.00000000000031974, -8.000000000000001776, 30.09999999999939035 ) ) ;
#4909 = PLANE ( 'NONE',  #9352 ) ;
#4910 = ORIENTED_EDGE ( 'NONE', *, *, #923, .T. ) ;
#4911 = ORIENTED_EDGE ( 'NONE', *, *, #1873, .F. ) ;
#4912 = CARTESIAN_POINT ( 'NONE',  ( -28.94999999999922125, -3.199999999999999289, 43.50000000000001421 ) ) ;
#4913 = VERTEX_POINT ( 'NONE', #5286 ) ;
#4914 = DIRECTION ( 'NONE',  ( 0.000000000000000000, 1.000000000000000000, 0.000000000000000000 ) ) ;
#4915 = FACE_OUTER_BOUND ( 'NONE', #8123, .T. ) ;
#4916 = CIRCLE ( 'NONE', #499, 2.349999999999997868 ) ;
#4917 = DIRECTION ( 'NONE',  ( 8.953411488912536510E-15, 0.000000000000000000, 1.000000000000000000 ) ) ;
#4918 = EDGE_CURVE ( 'NONE', #1474, #9224, #7026, .T. ) ;
#4919 = ORIENTED_EDGE ( 'NONE', *, *, #3502, .F. ) ;
#4920 = VERTEX_POINT ( 'NONE', #613 ) ;
#4921 = ORIENTED_EDGE ( 'NONE', *, *, #970, .F. ) ;
#4922 = CARTESIAN_POINT ( 'NONE',  ( -41.04540947244754534, -8.440946107329226678, 48.00000000000001421 ) ) ;
#4923 = CARTESIAN_POINT ( 'NONE',  ( -41.99999999999988631, -3.199999999999999734, 36.54999999999997584 ) ) ;
#4924 = EDGE_LOOP ( 'NONE', ( #2781, #7328, #9724, #5193 ) ) ;
#4925 = CARTESIAN_POINT ( 'NONE',  ( -49.00000000000000000, 1.000000000000000000, -31.29999999999966320 ) ) ;
#4926 = AXIS2_PLACEMENT_3D ( 'NONE', #9972, #1934, #5113 ) ;
#4927 = CARTESIAN_POINT ( 'NONE',  ( -30.49999999999913669, -3.199999999999999289, 50.00000000000156319 ) ) ;
#4928 = CARTESIAN_POINT ( 'NONE',  ( 42.00000000000017764, -5.000000000000000000, 16.60000000000164277 ) ) ;
#4929 = PLANE ( 'NONE',  #8626 ) ;
#4930 = CARTESIAN_POINT ( 'NONE',  ( 24.69999999999784634, -5.000000000000000000, -47.35000000000071196 ) ) ;
#4931 = ADVANCED_FACE ( 'NONE', ( #560 ), #7638, .F. ) ;
#4932 = ADVANCED_FACE ( 'NONE', ( #3122 ), #769, .F. ) ;
#4933 = CIRCLE ( 'NONE', #1821, 1.000000000000000888 ) ;
#4934 = CARTESIAN_POINT ( 'NONE',  ( 21.49897948556864336, -4.000000000000000000, -49.99999999999884182 ) ) ;
#4935 = EDGE_CURVE ( 'NONE', #6887, #803, #763, .T. ) ;
#4936 = EDGE_CURVE ( 'NONE', #8889, #7049, #6494, .T. ) ;
#4937 = ORIENTED_EDGE ( 'NONE', *, *, #7411, .F. ) ;
#4938 = ORIENTED_EDGE ( 'NONE', *, *, #5694, .F. ) ;
#4939 = CIRCLE ( 'NONE', #3631, 2.349999999999997868 ) ;
#4940 = ORIENTED_EDGE ( 'NONE', *, *, #8801, .T. ) ;
#4941 = CARTESIAN_POINT ( 'NONE',  ( -48.00000000000015632, -1.000000000000000000, -41.49999999999966604 ) ) ;
#4942 = VECTOR ( 'NONE', #4112, 1000.000000000000000 ) ;
#4943 = LINE ( 'NONE', #220, #1185 ) ;
#4944 = LINE ( 'NONE', #8167, #8890 ) ;
#4945 = CARTESIAN_POINT ( 'NONE',  ( 30.49999999999953104, -3.199999999999999289, -43.50000000000001421 ) ) ;
#4946 = EDGE_CURVE ( 'NONE', #6052, #3391, #6830, .T. ) ;
#4947 = FACE_OUTER_BOUND ( 'NONE', #1012, .T. ) ;
#4948 = DIRECTION ( 'NONE',  ( 0.000000000000000000, 1.000000000000000000, 0.000000000000000000 ) ) ;
#4949 = ADVANCED_FACE ( 'NONE', ( #4569, #1538 ), #3843, .T. ) ;
#4950 = ORIENTED_EDGE ( 'NONE', *, *, #4241, .F. ) ;
#4951 = AXIS2_PLACEMENT_3D ( 'NONE', #502, #9171, #6715 ) ;
#4952 = VERTEX_POINT ( 'NONE', #10041 ) ;
#4953 = VECTOR ( 'NONE', #4652, 1000.000000000000000 ) ;
#4954 = CARTESIAN_POINT ( 'NONE',  ( 48.99999999999999289, 1.000000000000000000, -49.00000000000000711 ) ) ;
#4955 = FACE_OUTER_BOUND ( 'NONE', #474, .T. ) ;
#4956 = FACE_BOUND ( 'NONE', #1674, .T. ) ;
#4957 = ORIENTED_EDGE ( 'NONE', *, *, #7280, .F. ) ;
#4958 = DIRECTION ( 'NONE',  ( -1.396592535537253342E-14, -0.000000000000000000, -1.000000000000000000 ) ) ;
#4959 = DIRECTION ( 'NONE',  ( -1.000000000000000000, -0.000000000000000000, 1.047444401652940007E-14 ) ) ;
#4960 = CARTESIAN_POINT ( 'NONE',  ( -37.49999999999999289, -15.00000000000000355, 42.89999999999999147 ) ) ;
#4961 = CARTESIAN_POINT ( 'NONE',  ( -33.72730653887992958, -9.922630052194472583, -42.00000000000001421 ) ) ;
#4962 = EDGE_CURVE ( 'NONE', #9001, #9600, #5432, .T. ) ;
#4963 = AXIS2_PLACEMENT_3D ( 'NONE', #4102, #7290, #4158 ) ;
#4964 = EDGE_LOOP ( 'NONE', ( #896, #216, #3190, #1251 ) ) ;
#4965 = ADVANCED_FACE ( 'NONE', ( #3895 ), #9921, .T. ) ;
#4966 = ORIENTED_EDGE ( 'NONE', *, *, #4935, .T. ) ;
#4967 = CARTESIAN_POINT ( 'NONE',  ( 42.00000000000040501, -3.199999999999999734, 38.09999999999968878 ) ) ;
#4968 = AXIS2_PLACEMENT_3D ( 'NONE', #6727, #2773, #6837 ) ;
#4969 = CARTESIAN_POINT ( 'NONE',  ( -14.99999999999982236, -1.000000000000000000, 40.00000000000000000 ) ) ;
#4970 = ORIENTED_EDGE ( 'NONE', *, *, #4376, .F. ) ;
#4971 = PLANE ( 'NONE',  #8081 ) ;
#4972 = DIRECTION ( 'NONE',  ( 1.387778780781444413E-14, 0.000000000000000000, 1.000000000000000000 ) ) ;
#4973 = TOROIDAL_SURFACE ( 'NONE', #1862, 11.15000000000000036, 6.799999999999999822 ) ;
#4974 = CARTESIAN_POINT ( 'NONE',  ( 48.00000000000029132, -0.1999999999999999833, 27.09999999999932996 ) ) ;
#4975 = ORIENTED_EDGE ( 'NONE', *, *, #4299, .T. ) ;
#4976 = AXIS2_PLACEMENT_3D ( 'NONE', #5394, #1495, #9434 ) ;
#4977 = ORIENTED_EDGE ( 'NONE', *, *, #6570, .F. ) ;
#4978 = ORIENTED_EDGE ( 'NONE', *, *, #875, .T. ) ;
#4979 = AXIS2_PLACEMENT_3D ( 'NONE', #5435, #8560, #4675 ) ;
#4980 = ADVANCED_FACE ( 'NONE', ( #6400 ), #7981, .T. ) ;
#4981 = VECTOR ( 'NONE', #9214, 1000.000000000000000 ) ;
#4982 = CARTESIAN_POINT ( 'NONE',  ( -30.49999999999983302, -3.199999999999999289, -43.50000000000001421 ) ) ;
#4983 = CARTESIAN_POINT ( 'NONE',  ( 50.00000000000000711, 1.000000000000000000, 48.99999999999999289 ) ) ;
#4984 =( BOUNDED_CURVE ( )  B_SPLINE_CURVE ( 3, ( #1509, #2129, #682, #7609 ),
 .UNSPECIFIED., .F., .F. ) 
 B_SPLINE_CURVE_WITH_KNOTS ( ( 4, 4 ),
 ( 4.712388980384689674, 6.283185307179586232 ),
 .UNSPECIFIED. ) 
 CURVE ( )  GEOMETRIC_REPRESENTATION_ITEM ( )  RATIONAL_B_SPLINE_CURVE ( ( 1.000000000000000000, 0.8047378541243649375, 0.8047378541243649375, 1.000000000000000000 ) ) 
 REPRESENTATION_ITEM ( '' )  );
#4985 = ORIENTED_EDGE ( 'NONE', *, *, #1299, .T. ) ;
#4986 = LINE ( 'NONE', #7334, #537 ) ;
#4987 = VECTOR ( 'NONE', #8463, 1000.000000000000000 ) ;
#4988 = FACE_OUTER_BOUND ( 'NONE', #5152, .T. ) ;
#4989 = DIRECTION ( 'NONE',  ( 0.000000000000000000, -1.000000000000000000, 0.000000000000000000 ) ) ;
#4990 = CARTESIAN_POINT ( 'NONE',  ( 49.00000000000000711, 1.000000000000000000, 49.99999999999999289 ) ) ;
#4991 = DIRECTION ( 'NONE',  ( -1.000000000000000000, 0.000000000000000000, 4.336808689942025625E-16 ) ) ;
#4992 = AXIS2_PLACEMENT_3D ( 'NONE', #1045, #2628, #5770 ) ;
#4993 = CARTESIAN_POINT ( 'NONE',  ( 31.29999999999983373, 1.000000000000000000, 48.00000000000000711 ) ) ;
#4994 = ORIENTED_EDGE ( 'NONE', *, *, #2064, .T. ) ;
#4995 = ORIENTED_EDGE ( 'NONE', *, *, #7836, .F. ) ;
#4996 = CIRCLE ( 'NONE', #8603, 1.000000000000000888 ) ;
#4997 = ORIENTED_EDGE ( 'NONE', *, *, #8291, .T. ) ;
#4998 = B_SPLINE_CURVE_WITH_KNOTS ( 'NONE', 3,
 ( #6136, #8380, #2236, #8585, #1566, #1462, #1511, #4588, #3720, #4695 ),
 .UNSPECIFIED., .F., .F.,
 ( 4, 2, 2, 2, 4 ),
 ( 4.579801393138379239E-17, 0.0006953777212888259283, 0.001390755442577606103, 0.002086133163866386604, 0.002781510885155166670 ),
 .UNSPECIFIED. ) ;
#4999 = FACE_OUTER_BOUND ( 'NONE', #6371, .T. ) ;
#5000 = AXIS2_PLACEMENT_3D ( 'NONE', #2831, #5965, #9092 ) ;
#5001 = FACE_OUTER_BOUND ( 'NONE', #4067, .T. ) ;
#5002 = ADVANCED_FACE ( 'NONE', ( #5489 ), #3230, .F. ) ;
#5003 = EDGE_CURVE ( 'NONE', #8369, #4804, #4043, .T. ) ;
#5004 = DIRECTION ( 'NONE',  ( -1.387778780781445676E-16, 0.000000000000000000, -1.000000000000000000 ) ) ;
#5005 = CARTESIAN_POINT ( 'NONE',  ( -16.59999999999737241, -1.000000000000000000, -42.00000000000000711 ) ) ;
#5006 = CARTESIAN_POINT ( 'NONE',  ( 38.09999999999948983, -3.199999999999999734, -50.00000000000076739 ) ) ;
#5007 = AXIS2_PLACEMENT_3D ( 'NONE', #4296, #339, #9780 ) ;
#5008 = FACE_OUTER_BOUND ( 'NONE', #9206, .T. ) ;
#5009 = ORIENTED_EDGE ( 'NONE', *, *, #1793, .F. ) ;
#5010 = CIRCLE ( 'NONE', #10088, 4.000000000000000000 ) ;
#5011 = ORIENTED_EDGE ( 'NONE', *, *, #5916, .T. ) ;
#5012 = CARTESIAN_POINT ( 'NONE',  ( -49.99999999999990052, 1.000000000000000000, 31.30000000000000782 ) ) ;
#5013 = DIRECTION ( 'NONE',  ( 0.000000000000000000, -1.000000000000000000, 0.000000000000000000 ) ) ;
#5014 = EDGE_CURVE ( 'NONE', #3526, #413, #6329, .T. ) ;
#5015 = DIRECTION ( 'NONE',  ( -1.000000000000000000, 0.000000000000000000, 3.491481338843133355E-15 ) ) ;
#5016 = CARTESIAN_POINT ( 'NONE',  ( 45.80000000000062244, -3.499999999999999556, 26.24999999999800337 ) ) ;
#5017 = ORIENTED_EDGE ( 'NONE', *, *, #9559, .T. ) ;
#5018 = AXIS2_PLACEMENT_3D ( 'NONE', #3719, #6505, #4486 ) ;
#5019 = DIRECTION ( 'NONE',  ( 0.000000000000000000, -1.000000000000000000, 0.000000000000000000 ) ) ;
#5020 = FACE_OUTER_BOUND ( 'NONE', #4924, .T. ) ;
#5021 = CARTESIAN_POINT ( 'NONE',  ( 50.00000000000000711, 3.236067977499853310, 41.49999999999933209 ) ) ;
#5022 = ORIENTED_EDGE ( 'NONE', *, *, #637, .T. ) ;
#5023 = AXIS2_PLACEMENT_3D ( 'NONE', #6282, #6949, #5514 ) ;
#5024 = EDGE_LOOP ( 'NONE', ( #5028, #5899, #3113, #8591, #1911, #8474 ) ) ;
#5025 = CARTESIAN_POINT ( 'NONE',  ( -48.99999999999999289, 1.000000000000000000, 41.50000000000051870 ) ) ;
#5026 = EDGE_CURVE ( 'NONE', #8059, #9546, #3375, .T. ) ;
#5027 = FACE_OUTER_BOUND ( 'NONE', #6327, .T. ) ;
#5028 = ORIENTED_EDGE ( 'NONE', *, *, #7627, .T. ) ;
#5029 = CARTESIAN_POINT ( 'NONE',  ( -50.00000000000000711, 7.750000000000000000, -41.49999999999999289 ) ) ;
#5030 = CYLINDRICAL_SURFACE ( 'NONE', #6817, 2.349999999999997868 ) ;
#5031 = DIRECTION ( 'NONE',  ( 1.000000000000000000, 0.000000000000000000, 0.000000000000000000 ) ) ;
#5032 = EDGE_CURVE ( 'NONE', #6302, #8240, #1517, .T. ) ;
#5033 = ORIENTED_EDGE ( 'NONE', *, *, #1678, .T. ) ;
#5034 = ORIENTED_EDGE ( 'NONE', *, *, #6674, .F. ) ;
#5035 = ORIENTED_EDGE ( 'NONE', *, *, #8949, .F. ) ;
#5036 = ADVANCED_FACE ( 'NONE', ( #3325 ), #4762, .F. ) ;
#5037 = CARTESIAN_POINT ( 'NONE',  ( -33.99680383784652093, -8.454555075640584505, 48.00000000000000000 ) ) ;
#5038 = DIRECTION ( 'NONE',  ( -0.000000000000000000, 1.000000000000000000, -0.000000000000000000 ) ) ;
#5039 = EDGE_LOOP ( 'NONE', ( #8837, #2694, #5197, #6770 ) ) ;
#5040 = LINE ( 'NONE', #1183, #1846 ) ;
#5041 = DIRECTION ( 'NONE',  ( 1.047444401652940007E-14, 0.000000000000000000, 1.000000000000000000 ) ) ;
#5042 = DIRECTION ( 'NONE',  ( 1.000000000000000000, 0.000000000000000000, -1.047444401652940007E-14 ) ) ;
#5043 = CARTESIAN_POINT ( 'NONE',  ( 49.99999999999985079, 1.000000000000000000, -41.50000000000018474 ) ) ;
#5044 = DIRECTION ( 'NONE',  ( 0.000000000000000000, 0.000000000000000000, 1.000000000000000000 ) ) ;
#5045 = CARTESIAN_POINT ( 'NONE',  ( 50.00000000000000711, -1.000000000000000000, 48.99999999999999289 ) ) ;
#5046 = ORIENTED_EDGE ( 'NONE', *, *, #3307, .F. ) ;
#5047 = ORIENTED_EDGE ( 'NONE', *, *, #1968, .F. ) ;
#5048 = ORIENTED_EDGE ( 'NONE', *, *, #794, .F. ) ;
#5049 = DIRECTION ( 'NONE',  ( 0.000000000000000000, -1.000000000000000000, 0.000000000000000000 ) ) ;
#5050 = CARTESIAN_POINT ( 'NONE',  ( 40.00000000000000711, -11.50796415572370357, -48.00000000000000711 ) ) ;
#5051 = DIRECTION ( 'NONE',  ( 0.000000000000000000, 0.000000000000000000, -1.000000000000000000 ) ) ;
#5052 = CARTESIAN_POINT ( 'NONE',  ( 30.49999999999983302, -3.199999999999999289, -43.50000000000001421 ) ) ;
#5053 = CARTESIAN_POINT ( 'NONE',  ( -33.19895649833579654, -11.58421897528471867, 43.67803239941546423 ) ) ;
#5054 = FACE_OUTER_BOUND ( 'NONE', #7569, .T. ) ;
#5055 = ORIENTED_EDGE ( 'NONE', *, *, #5291, .T. ) ;
#5056 = EDGE_CURVE ( 'NONE', #5270, #8804, #9570, .T. ) ;
#5057 = VERTEX_POINT ( 'NONE', #40 ) ;
#5058 = EDGE_CURVE ( 'NONE', #760, #4728, #8812, .T. ) ;
#5059 = DIRECTION ( 'NONE',  ( 1.000000000000000000, 0.000000000000000000, 0.000000000000000000 ) ) ;
#5060 = CARTESIAN_POINT ( 'NONE',  ( 48.00000000000017764, -8.000000000000001776, 47.99999999999969447 ) ) ;
#5061 = LINE ( 'NONE', #8337, #16 ) ;
#5062 = LINE ( 'NONE', #1984, #9380 ) ;
#5063 = CARTESIAN_POINT ( 'NONE',  ( 24.69999999999784634, -8.000000000000001776, -47.35000000000071196 ) ) ;
#5064 = ORIENTED_EDGE ( 'NONE', *, *, #6902, .T. ) ;
#5065 = DIRECTION ( 'NONE',  ( 0.000000000000000000, 0.000000000000000000, -1.000000000000000000 ) ) ;
#5066 = FACE_OUTER_BOUND ( 'NONE', #9374, .T. ) ;
#5067 = CARTESIAN_POINT ( 'NONE',  ( -30.49999999999983302, -3.199999999999999289, -48.00000000000000711 ) ) ;
#5068 = VERTEX_POINT ( 'NONE', #4136 ) ;
#5069 = EDGE_CURVE ( 'NONE', #5399, #4166, #5583, .T. ) ;
#5070 = EDGE_CURVE ( 'NONE', #6699, #6356, #7633, .T. ) ;
#5071 = ADVANCED_FACE ( 'NONE', ( #8712 ), #1636, .F. ) ;
#5072 = ORIENTED_EDGE ( 'NONE', *, *, #9143, .F. ) ;
#5073 = DIRECTION ( 'NONE',  ( -1.000000000000000000, -0.000000000000000000, 3.491481338843133355E-15 ) ) ;
#5074 = PLANE ( 'NONE',  #5607 ) ;
#5075 = ORIENTED_EDGE ( 'NONE', *, *, #5788, .F. ) ;
#5076 = DIRECTION ( 'NONE',  ( 1.047444401652940007E-14, -0.000000000000000000, 1.000000000000000000 ) ) ;
#5077 = CARTESIAN_POINT ( 'NONE',  ( 41.99999999999957367, -1.000000000000001776, -41.50000000000027001 ) ) ;
#5078 = CARTESIAN_POINT ( 'NONE',  ( -45.79999999999802185, -3.499999999999999556, 27.05000000000062599 ) ) ;
#5079 = EDGE_CURVE ( 'NONE', #3579, #8725, #4531, .T. ) ;
#5080 = ORIENTED_EDGE ( 'NONE', *, *, #1595, .T. ) ;
#5081 = ORIENTED_EDGE ( 'NONE', *, *, #932, .T. ) ;
#5082 = ORIENTED_EDGE ( 'NONE', *, *, #5297, .F. ) ;
#5083 = DIRECTION ( 'NONE',  ( 0.000000000000000000, 0.000000000000000000, 1.000000000000000000 ) ) ;
#5084 = CARTESIAN_POINT ( 'NONE',  ( 32.04999999999948557, -3.199999999999999289, -50.00000000000072475 ) ) ;
#5085 = AXIS2_PLACEMENT_3D ( 'NONE', #7487, #6779, #9791 ) ;
#5086 = ORIENTED_EDGE ( 'NONE', *, *, #8185, .T. ) ;
#5087 = LINE ( 'NONE', #264, #1537 ) ;
#5088 = CARTESIAN_POINT ( 'NONE',  ( -43.49999999999990763, -3.199999999999999289, 30.49999999999998579 ) ) ;
#5089 = DIRECTION ( 'NONE',  ( 1.000000000000000000, 0.000000000000000000, 0.000000000000000000 ) ) ;
#5090 = DIRECTION ( 'NONE',  ( 1.000000000000000000, 0.000000000000000000, 0.000000000000000000 ) ) ;
#5091 = DIRECTION ( 'NONE',  ( 2.952720810173291281E-15, 0.000000000000000000, 1.000000000000000000 ) ) ;
#5092 = CIRCLE ( 'NONE', #9019, 24.99999999999999645 ) ;
#5093 = CARTESIAN_POINT ( 'NONE',  ( -48.00000000000015632, -8.000000000000001776, -36.12772921886282518 ) ) ;
#5094 = ORIENTED_EDGE ( 'NONE', *, *, #1170, .F. ) ;
#5095 = EDGE_CURVE ( 'NONE', #2708, #8056, #5508, .T. ) ;
#5096 = VECTOR ( 'NONE', #7338, 1000.000000000000000 ) ;
#5097 = EDGE_LOOP ( 'NONE', ( #7114, #7843, #5999, #2185 ) ) ;
#5098 = ORIENTED_EDGE ( 'NONE', *, *, #8700, .T. ) ;
#5099 = LINE ( 'NONE', #375, #10019 ) ;
#5100 = AXIS2_PLACEMENT_3D ( 'NONE', #6046, #2800, #8295 ) ;
#5101 = CARTESIAN_POINT ( 'NONE',  ( 39.55514050092183709, -11.48151319806255266, -48.00000000000000711 ) ) ;
#5102 = CARTESIAN_POINT ( 'NONE',  ( 15.00000000000000355, -1.000000000000000000, -15.00000000000000355 ) ) ;
#5103 = DIRECTION ( 'NONE',  ( -0.4600512226161844187, 6.713040717402370562E-16, 0.8878923766816303464 ) ) ;
#5104 = VECTOR ( 'NONE', #4352, 1000.000000000000000 ) ;
#5105 = DIRECTION ( 'NONE',  ( 0.000000000000000000, 1.000000000000000000, 0.000000000000000000 ) ) ;
#5106 = CARTESIAN_POINT ( 'NONE',  ( 50.00000000000000711, -0.2000000000000000944, 27.09999999999931219 ) ) ;
#5107 = EDGE_LOOP ( 'NONE', ( #2606, #6126, #2563, #1431, #9873 ) ) ;
#5108 = AXIS2_PLACEMENT_3D ( 'NONE', #7564, #6091, #9208 ) ;
#5109 = ORIENTED_EDGE ( 'NONE', *, *, #6352, .T. ) ;
#5110 = CARTESIAN_POINT ( 'NONE',  ( -31.29999999999983373, 1.000000000000000000, 48.00000000000000711 ) ) ;
#5111 = AXIS2_PLACEMENT_3D ( 'NONE', #3916, #2382, #7758 ) ;
#5112 = DIRECTION ( 'NONE',  ( 0.000000000000000000, -1.000000000000000000, 0.000000000000000000 ) ) ;
#5113 = DIRECTION ( 'NONE',  ( 0.000000000000000000, 0.000000000000000000, 1.000000000000000000 ) ) ;
#5114 = DIRECTION ( 'NONE',  ( 1.595148023886719315E-15, 0.000000000000000000, 1.000000000000000000 ) ) ;
#5115 = CIRCLE ( 'NONE', #4455, 7.949999999999998401 ) ;
#5116 = DIRECTION ( 'NONE',  ( -1.000000000000000000, 0.000000000000000000, 0.000000000000000000 ) ) ;
#5117 = ORIENTED_EDGE ( 'NONE', *, *, #1303, .T. ) ;
#5118 = CARTESIAN_POINT ( 'NONE',  ( 40.00000000000000000, -1.000000000000000000, 14.99999999999982236 ) ) ;
#5119 = AXIS2_PLACEMENT_3D ( 'NONE', #9781, #1323, #2814 ) ;
#5120 = DIRECTION ( 'NONE',  ( 0.000000000000000000, 0.000000000000000000, -1.000000000000000000 ) ) ;
#5121 = VERTEX_POINT ( 'NONE', #2903 ) ;
#5122 = ORIENTED_EDGE ( 'NONE', *, *, #3062, .T. ) ;
#5123 = CIRCLE ( 'NONE', #2171, 2.350000000000001421 ) ;
#5124 = ORIENTED_EDGE ( 'NONE', *, *, #7131, .F. ) ;
#5125 = DIRECTION ( 'NONE',  ( 0.000000000000000000, 0.000000000000000000, -1.000000000000000000 ) ) ;
#5126 = FACE_BOUND ( 'NONE', #9586, .T. ) ;
#5127 = EDGE_CURVE ( 'NONE', #5382, #3476, #8182, .T. ) ;
#5128 = ADVANCED_FACE ( 'NONE', ( #5066 ), #5844, .F. ) ;
#5129 = ORIENTED_EDGE ( 'NONE', *, *, #4122, .T. ) ;
#5130 = ADVANCED_FACE ( 'NONE', ( #4238 ), #7659, .F. ) ;
#5131 = LINE ( 'NONE', #9226, #4668 ) ;
#5132 = VECTOR ( 'NONE', #2580, 1000.000000000000000 ) ;
#5133 = DIRECTION ( 'NONE',  ( 0.000000000000000000, 0.000000000000000000, 1.000000000000000000 ) ) ;
#5134 = CARTESIAN_POINT ( 'NONE',  ( -49.00000000000000711, 0.000000000000000000, -31.29999999999966320 ) ) ;
#5135 = ORIENTED_EDGE ( 'NONE', *, *, #9812, .T. ) ;
#5136 = AXIS2_PLACEMENT_3D ( 'NONE', #5102, #318, #5051 ) ;
#5137 = ORIENTED_EDGE ( 'NONE', *, *, #1628, .T. ) ;
#5138 = DIRECTION ( 'NONE',  ( -1.000000000000000000, 0.000000000000000000, 8.673617379884035472E-16 ) ) ;
#5140 = DIRECTION ( 'NONE',  ( 6.982962677686267499E-15, -0.000000000000000000, 1.000000000000000000 ) ) ;
#5139 = AXIS2_PLACEMENT_3D ( 'NONE', #2016, #5201, #5147 ) ;
#5141 = ORIENTED_EDGE ( 'NONE', *, *, #1757, .F. ) ;
#5142 = EDGE_CURVE ( 'NONE', #6573, #3214, #2720, .T. ) ;
#5143 = CARTESIAN_POINT ( 'NONE',  ( 45.80000000000062244, -3.499999999999999556, -24.69999999999800622 ) ) ;
#5144 = DIRECTION ( 'NONE',  ( 1.734723475976810250E-15, -0.000000000000000000, 1.000000000000000000 ) ) ;
#5145 = AXIS2_PLACEMENT_3D ( 'NONE', #1005, #8134, #2591 ) ;
#5146 = LINE ( 'NONE', #4107, #7279 ) ;
#5147 = DIRECTION ( 'NONE',  ( -1.000000000000000000, 0.000000000000000000, 0.000000000000000000 ) ) ;
#5148 = CYLINDRICAL_SURFACE ( 'NONE', #3129, 1.000000000000000888 ) ;
#5149 = CARTESIAN_POINT ( 'NONE',  ( -48.00000000000018474, -8.335949929221314392, -46.92245976970362165 ) ) ;
#5150 = VERTEX_POINT ( 'NONE', #6605 ) ;
#5151 = AXIS2_PLACEMENT_3D ( 'NONE', #1266, #2749, #5838 ) ;
#5152 = EDGE_LOOP ( 'NONE', ( #7910, #1819, #3300, #6416 ) ) ;
#5153 = AXIS2_PLACEMENT_3D ( 'NONE', #8121, #4228, #6590 ) ;
#5154 = ORIENTED_EDGE ( 'NONE', *, *, #3900, .F. ) ;
#5155 = AXIS2_PLACEMENT_3D ( 'NONE', #4907, #5732, #1006 ) ;
#5156 = DIRECTION ( 'NONE',  ( 2.952720810173286943E-15, 0.000000000000000000, 1.000000000000000000 ) ) ;
#5157 = DIRECTION ( 'NONE',  ( 2.952720810173286943E-15, 0.000000000000000000, 1.000000000000000000 ) ) ;
#5158 = EDGE_CURVE ( 'NONE', #8426, #3032, #4856, .T. ) ;
#5159 = CARTESIAN_POINT ( 'NONE',  ( -47.99999999999986500, -1.000000000000000000, 48.00000000000000711 ) ) ;
#5160 = FACE_OUTER_BOUND ( 'NONE', #1052, .T. ) ;
#5161 = AXIS2_PLACEMENT_3D ( 'NONE', #8168, #1145, #6647 ) ;
#5162 = DIRECTION ( 'NONE',  ( 1.000000000000000000, 0.000000000000000000, 0.000000000000000000 ) ) ;
#5163 = CARTESIAN_POINT ( 'NONE',  ( 50.00000000000064659, -5.000000000000000000, 27.10000000000163922 ) ) ;
#5164 = CARTESIAN_POINT ( 'NONE',  ( 43.49999999999969447, -3.199999999999999289, -30.50000000000028777 ) ) ;
#5165 = CIRCLE ( 'NONE', #8429, 1.550000000000002709 ) ;
#5166 = ORIENTED_EDGE ( 'NONE', *, *, #6704, .F. ) ;
#5167 = EDGE_LOOP ( 'NONE', ( #8643, #9099, #963, #2964, #635, #2527, #5378, #7743, #746, #1808, #10147, #4966, #5017, #5356 ) ) ;
#5168 = EDGE_CURVE ( 'NONE', #605, #4913, #1582, .T. ) ;
#5169 = DIRECTION ( 'NONE',  ( 1.000000000000000000, -0.000000000000000000, -4.336808689942025625E-16 ) ) ;
#5170 = LINE ( 'NONE', #2038, #3461 ) ;
#5171 = DIRECTION ( 'NONE',  ( -4.476705744456268255E-15, 0.000000000000000000, -1.000000000000000000 ) ) ;
#5172 = ADVANCED_FACE ( 'NONE', ( #5020 ), #3661, .F. ) ;
#5174 = CARTESIAN_POINT ( 'NONE',  ( -41.68892442732104797, -7.956938546508229848, 41.81107557267880281 ) ) ;
#5173 = VECTOR ( 'NONE', #5230, 1000.000000000000000 ) ;
#5175 = FACE_BOUND ( 'NONE', #4370, .T. ) ;
#5176 = ORIENTED_EDGE ( 'NONE', *, *, #1290, .F. ) ;
#5177 = CARTESIAN_POINT ( 'NONE',  ( 49.58578643762690774, 0.9999999999999997780, -41.50000000000017053 ) ) ;
#5178 = CIRCLE ( 'NONE', #7777, 1.550000000000002709 ) ;
#5179 = CARTESIAN_POINT ( 'NONE',  ( -48.99999999999999289, 1.000000000000000000, 42.50000000000051870 ) ) ;
#5180 = ORIENTED_EDGE ( 'NONE', *, *, #4379, .T. ) ;
#5181 = ORIENTED_EDGE ( 'NONE', *, *, #2875, .T. ) ;
#5182 = EDGE_CURVE ( 'NONE', #5366, #7546, #5842, .T. ) ;
#5183 = ORIENTED_EDGE ( 'NONE', *, *, #159, .F. ) ;
#5184 = CARTESIAN_POINT ( 'NONE',  ( 50.00000000000094502, -3.199999999999999289, -32.04999999999966320 ) ) ;
#5185 = AXIS2_PLACEMENT_3D ( 'NONE', #1643, #3389, #9526 ) ;
#5186 = CARTESIAN_POINT ( 'NONE',  ( -43.49999999999987921, -3.199999999999999734, 38.09999999999998721 ) ) ;
#5187 = FACE_OUTER_BOUND ( 'NONE', #1129, .T. ) ;
#5188 = CARTESIAN_POINT ( 'NONE',  ( 32.07786839752389341, -7.435002167928476347, 42.00000000000000711 ) ) ;
#5189 = LINE ( 'NONE', #8307, #3048 ) ;
#5190 = CARTESIAN_POINT ( 'NONE',  ( 41.49999999999981526, 0.9999999999999997780, -49.58578643762691485 ) ) ;
#5191 = CIRCLE ( 'NONE', #4699, 2.999999999999999112 ) ;
#5192 = EDGE_CURVE ( 'NONE', #4537, #9754, #2394, .T. ) ;
#5193 = ORIENTED_EDGE ( 'NONE', *, *, #3770, .T. ) ;
#5194 = EDGE_CURVE ( 'NONE', #9263, #7628, #8135, .T. ) ;
#5195 = CARTESIAN_POINT ( 'NONE',  ( 35.72419598204034230, -14.74252444900601944, -42.00000000000000711 ) ) ;
#5196 = LINE ( 'NONE', #5084, #3 ) ;
#5197 = ORIENTED_EDGE ( 'NONE', *, *, #1848, .T. ) ;
#5198 = CARTESIAN_POINT ( 'NONE',  ( 42.00000000000041922, -3.199999999999999734, 39.64999999999969305 ) ) ;
#5199 = LINE ( 'NONE', #468, #7282 ) ;
#5200 = CARTESIAN_POINT ( 'NONE',  ( -32.55590467486157991, -9.475320851985921777, 42.00000000000000711 ) ) ;
#5201 = DIRECTION ( 'NONE',  ( -0.000000000000000000, -0.000000000000000000, 1.000000000000000000 ) ) ;
#5202 = DIRECTION ( 'NONE',  ( -0.000000000000000000, 1.000000000000000000, -0.000000000000000000 ) ) ;
#5203 = LINE ( 'NONE', #8271, #5277 ) ;
#5204 = ORIENTED_EDGE ( 'NONE', *, *, #3757, .F. ) ;
#5205 = EDGE_CURVE ( 'NONE', #8041, #7281, #632, .T. ) ;
#5206 = ORIENTED_EDGE ( 'NONE', *, *, #9614, .T. ) ;
#5207 = EDGE_CURVE ( 'NONE', #7985, #3433, #1356, .T. ) ;
#5208 = EDGE_LOOP ( 'NONE', ( #4874, #4054 ) ) ;
#5209 = PLANE ( 'NONE',  #688 ) ;
#5210 = CARTESIAN_POINT ( 'NONE',  ( 31.91304585989119502, -8.165309974296343754, -48.00000000000001421 ) ) ;
#5211 = FACE_OUTER_BOUND ( 'NONE', #5437, .T. ) ;
#5212 = LINE ( 'NONE', #2786, #2697 ) ;
#5213 = FACE_BOUND ( 'NONE', #7362, .T. ) ;
#5214 = CYLINDRICAL_SURFACE ( 'NONE', #70, 1.550000000000002709 ) ;
#5215 = CARTESIAN_POINT ( 'NONE',  ( -27.09999999999983089, -5.000000000000002665, 42.00000000000000711 ) ) ;
#5216 = ORIENTED_EDGE ( 'NONE', *, *, #3151, .T. ) ;
#5217 = ORIENTED_EDGE ( 'NONE', *, *, #4197, .T. ) ;
#5218 = DIRECTION ( 'NONE',  ( 1.000000000000000000, -0.000000000000000000, 0.000000000000000000 ) ) ;
#5219 = DIRECTION ( 'NONE',  ( 0.000000000000000000, 0.000000000000000000, -1.000000000000000000 ) ) ;
#5220 = CARTESIAN_POINT ( 'NONE',  ( -31.29999999999983373, -0.1999999999999999833, 48.00000000000000711 ) ) ;
#5221 = CARTESIAN_POINT ( 'NONE',  ( 40.00000000000000711, -15.00000000000000355, -42.80000000000001137 ) ) ;
#5222 = CARTESIAN_POINT ( 'NONE',  ( -40.00000000000000000, 1.000000000000000000, -14.99999999999982236 ) ) ;
#5223 = VERTEX_POINT ( 'NONE', #2181 ) ;
#5224 = CARTESIAN_POINT ( 'NONE',  ( 30.49999999999953104, -3.199999999999999289, -43.50000000000001421 ) ) ;
#5225 = DIRECTION ( 'NONE',  ( -0.000000000000000000, -0.000000000000000000, 1.000000000000000000 ) ) ;
#5226 = ORIENTED_EDGE ( 'NONE', *, *, #6854, .T. ) ;
#5227 = EDGE_LOOP ( 'NONE', ( #1907, #1554, #7525, #2238 ) ) ;
#5228 = EDGE_CURVE ( 'NONE', #3339, #8642, #7143, .T. ) ;
#5229 = ORIENTED_EDGE ( 'NONE', *, *, #7101, .T. ) ;
#5230 = DIRECTION ( 'NONE',  ( -1.000000000000000000, 0.000000000000000000, 3.491481338843133355E-15 ) ) ;
#5231 = DIRECTION ( 'NONE',  ( 1.000000000000000000, 0.000000000000000000, 0.000000000000000000 ) ) ;
#5232 = ORIENTED_EDGE ( 'NONE', *, *, #8374, .T. ) ;
#5233 = DIRECTION ( 'NONE',  ( -0.000000000000000000, -0.000000000000000000, 1.000000000000000000 ) ) ;
#5234 = CARTESIAN_POINT ( 'NONE',  ( 31.29999999999983373, 0.000000000000000000, 48.99999999999999289 ) ) ;
#5235 = LINE ( 'NONE', #9024, #5645 ) ;
#5236 = EDGE_LOOP ( 'NONE', ( #599, #8368, #6853 ) ) ;
#5237 = DIRECTION ( 'NONE',  ( 0.000000000000000000, 0.000000000000000000, -1.000000000000000000 ) ) ;
#5238 = DIRECTION ( 'NONE',  ( 0.000000000000000000, 1.000000000000000000, 0.000000000000000000 ) ) ;
#5239 = ORIENTED_EDGE ( 'NONE', *, *, #8816, .F. ) ;
#5240 = CARTESIAN_POINT ( 'NONE',  ( 36.20000000000000995, -5.000000000000001776, 41.94999999999999574 ) ) ;
#5241 = CARTESIAN_POINT ( 'NONE',  ( 24.69999999999998863, -3.499999999999999556, -48.15000000000000568 ) ) ;
#5242 = CYLINDRICAL_SURFACE ( 'NONE', #6475, 4.349999999999999645 ) ;
#5243 = CARTESIAN_POINT ( 'NONE',  ( -40.00000000000000711, -15.00000000000000355, -42.80000000000001137 ) ) ;
#5244 = CARTESIAN_POINT ( 'NONE',  ( 47.99999999999963762, -8.000000000000001776, -35.03324392039986890 ) ) ;
#5245 = EDGE_LOOP ( 'NONE', ( #8968, #7448, #2007, #2448 ) ) ;
#5246 = EDGE_LOOP ( 'NONE', ( #2895, #8356 ) ) ;
#5247 = VERTEX_POINT ( 'NONE', #8436 ) ;
#5248 = CIRCLE ( 'NONE', #9992, 1.550000000000002709 ) ;
#5249 = FACE_OUTER_BOUND ( 'NONE', #475, .T. ) ;
#5250 = CARTESIAN_POINT ( 'NONE',  ( 36.74039175424685766, -10.20352380938687986, -48.00000000000000000 ) ) ;
#5251 = DIRECTION ( 'NONE',  ( -0.000000000000000000, -0.000000000000000000, 1.000000000000000000 ) ) ;
#5252 = DIRECTION ( 'NONE',  ( 0.8878923766816302354, 0.000000000000000000, 0.4600512226161843077 ) ) ;
#5253 = ADVANCED_FACE ( 'NONE', ( #8082 ), #9916, .F. ) ;
#5254 = EDGE_CURVE ( 'NONE', #666, #8814, #5562, .T. ) ;
#5255 = DIRECTION ( 'NONE',  ( 4.476705744456268255E-15, 0.000000000000000000, -1.000000000000000000 ) ) ;
#5256 = DIRECTION ( 'NONE',  ( -1.000000000000000000, 0.000000000000000000, -0.000000000000000000 ) ) ;
#5257 = DIRECTION ( 'NONE',  ( -0.000000000000000000, 1.000000000000000000, -0.000000000000000000 ) ) ;
#5258 = EDGE_CURVE ( 'NONE', #9619, #3986, #5677, .T. ) ;
#5259 = AXIS2_PLACEMENT_3D ( 'NONE', #6606, #9617, #7171 ) ;
#5260 = LINE ( 'NONE', #7459, #1499 ) ;
#5261 = EDGE_LOOP ( 'NONE', ( #5787, #5684, #6026, #295 ) ) ;
#5262 = ORIENTED_EDGE ( 'NONE', *, *, #7077, .T. ) ;
#5263 = CARTESIAN_POINT ( 'NONE',  ( -35.69391908161963300, -8.693516369550291500, -42.12132775565002163 ) ) ;
#5264 = DIRECTION ( 'NONE',  ( -0.000000000000000000, 1.000000000000000000, -0.000000000000000000 ) ) ;
#5265 = VECTOR ( 'NONE', #3577, 1000.000000000000000 ) ;
#5266 = FACE_OUTER_BOUND ( 'NONE', #2586, .T. ) ;
#5267 = EDGE_CURVE ( 'NONE', #7353, #5690, #7870, .T. ) ;
#5268 = CARTESIAN_POINT ( 'NONE',  ( -35.72419598204034230, -9.000000000000001776, -42.00000000000000711 ) ) ;
#5269 = CARTESIAN_POINT ( 'NONE',  ( -43.49999999999991473, -3.199999999999999289, 28.94999999999998153 ) ) ;
#5270 = VERTEX_POINT ( 'NONE', #7851 ) ;
#5271 = CARTESIAN_POINT ( 'NONE',  ( -45.80000000000062244, -3.499999999999999556, -23.14999999999800551 ) ) ;
#5272 = EDGE_CURVE ( 'NONE', #30, #9262, #2554, .T. ) ;
#5273 = AXIS2_PLACEMENT_3D ( 'NONE', #1775, #1883, #8905 ) ;
#5274 = FACE_OUTER_BOUND ( 'NONE', #2365, .T. ) ;
#5275 = ORIENTED_EDGE ( 'NONE', *, *, #1792, .T. ) ;
#5276 = EDGE_LOOP ( 'NONE', ( #2414, #9629, #7344, #3826 ) ) ;
#5277 = VECTOR ( 'NONE', #369, 1000.000000000000000 ) ;
#5278 = ORIENTED_EDGE ( 'NONE', *, *, #341, .T. ) ;
#5279 = ORIENTED_EDGE ( 'NONE', *, *, #8184, .F. ) ;
#5280 = VECTOR ( 'NONE', #3104, 1000.000000000000000 ) ;
#5281 = DIRECTION ( 'NONE',  ( -1.047444401652940007E-14, 0.000000000000000000, -1.000000000000000000 ) ) ;
#5282 = LINE ( 'NONE', #8404, #5940 ) ;
#5283 = AXIS2_PLACEMENT_3D ( 'NONE', #4889, #8004, #983 ) ;
#5284 = PLANE ( 'NONE',  #6783 ) ;
#5285 = DIRECTION ( 'NONE',  ( 1.000000000000000000, -0.000000000000000000, -1.734723475976807094E-15 ) ) ;
#5286 = CARTESIAN_POINT ( 'NONE',  ( 42.00000000000031264, -3.199999999999999289, 28.94999999999968310 ) ) ;
#5287 = EDGE_CURVE ( 'NONE', #3393, #8836, #3872, .T. ) ;
#5288 = VECTOR ( 'NONE', #4835, 1000.000000000000000 ) ;
#5289 = AXIS2_PLACEMENT_3D ( 'NONE', #3633, #9884, #1384 ) ;
#5290 = ORIENTED_EDGE ( 'NONE', *, *, #8594, .F. ) ;
#5291 = EDGE_CURVE ( 'NONE', #9909, #9843, #5191, .T. ) ;
#5292 = AXIS2_PLACEMENT_3D ( 'NONE', #4347, #3572, #8131 ) ;
#5293 = DIRECTION ( 'NONE',  ( -0.000000000000000000, 1.000000000000000000, -0.000000000000000000 ) ) ;
#5294 = CARTESIAN_POINT ( 'NONE',  ( -35.93377312589563388, -14.78787386215434729, -44.36378927051311649 ) ) ;
#5295 = ORIENTED_EDGE ( 'NONE', *, *, #3014, .F. ) ;
#5296 = CARTESIAN_POINT ( 'NONE',  ( -45.80000000000062244, -5.000000000000000000, 24.69999999999800622 ) ) ;
#5297 = EDGE_CURVE ( 'NONE', #3644, #7664, #3383, .T. ) ;
#5298 = LINE ( 'NONE', #4624, #4848 ) ;
#5299 = DIRECTION ( 'NONE',  ( -0.000000000000000000, 1.000000000000000000, -0.000000000000000000 ) ) ;
#5300 = CARTESIAN_POINT ( 'NONE',  ( 24.69999999999998863, 1.000000000000000000, -45.80000000000000426 ) ) ;
#5301 = ORIENTED_EDGE ( 'NONE', *, *, #6144, .T. ) ;
#5302 = CIRCLE ( 'NONE', #3821, 1.000000000000000888 ) ;
#5303 = ORIENTED_EDGE ( 'NONE', *, *, #1502, .F. ) ;
#5304 = ADVANCED_FACE ( 'NONE', ( #3963 ), #3053, .T. ) ;
#5305 = ORIENTED_EDGE ( 'NONE', *, *, #3151, .F. ) ;
#5306 = CARTESIAN_POINT ( 'NONE',  ( -49.99999999999955946, 1.000000000000000000, 41.50000000000053291 ) ) ;
#5307 = CARTESIAN_POINT ( 'NONE',  ( -42.00000000000014921, -12.99659921685758412, -38.68192577038306723 ) ) ;
#5308 = CARTESIAN_POINT ( 'NONE',  ( 24.69999999999784634, -5.000000000000000000, -44.25000000000070344 ) ) ;
#5309 = VECTOR ( 'NONE', #9675, 1000.000000000000000 ) ;
#5310 = DIRECTION ( 'NONE',  ( -1.000000000000000000, -0.000000000000000000, 3.491481338843133355E-15 ) ) ;
#5311 = DIRECTION ( 'NONE',  ( 0.000000000000000000, 0.000000000000000000, 1.000000000000000000 ) ) ;
#5312 = CARTESIAN_POINT ( 'NONE',  ( -43.50000000000010658, -3.199999999999999289, -28.14999999999968239 ) ) ;
#5313 = CARTESIAN_POINT ( 'NONE',  ( -43.50000000000011369, -3.199999999999999289, -30.49999999999968381 ) ) ;
#5314 = CARTESIAN_POINT ( 'NONE',  ( 38.09999999999983800, -3.199999999999999734, 43.50000000000001421 ) ) ;
#5315 = ORIENTED_EDGE ( 'NONE', *, *, #7936, .F. ) ;
#5316 = ORIENTED_EDGE ( 'NONE', *, *, #5694, .T. ) ;
#5317 = CARTESIAN_POINT ( 'NONE',  ( -35.78531974251255576, -14.76013367977929391, -43.90312678207873631 ) ) ;
#5318 = CIRCLE ( 'NONE', #8423, 4.000000000000000000 ) ;
#5319 = ADVANCED_FACE ( 'NONE', ( #7702, #2325 ), #7755, .T. ) ;
#5320 = ADVANCED_FACE ( 'NONE', ( #4640 ), #10014, .F. ) ;
#5321 = LINE ( 'NONE', #8292, #3136 ) ;
#5322 = AXIS2_PLACEMENT_3D ( 'NONE', #10144, #9991, #1540 ) ;
#5323 = CARTESIAN_POINT ( 'NONE',  ( -38.09999999999983800, -3.199999999999999734, 43.50000000000001421 ) ) ;
#5324 = CARTESIAN_POINT ( 'NONE',  ( -24.70000000000000995, 1.000000000000000000, -48.15000000000000568 ) ) ;
#5325 = AXIS2_PLACEMENT_3D ( 'NONE', #5313, #5459, #3150 ) ;
#5326 = CARTESIAN_POINT ( 'NONE',  ( -32.84999999999983089, -3.199999999999998845, 43.50000000000001421 ) ) ;
#5327 = ORIENTED_EDGE ( 'NONE', *, *, #2252, .F. ) ;
#5328 = DIRECTION ( 'NONE',  ( 0.000000000000000000, -1.000000000000000000, 0.000000000000000000 ) ) ;
#5329 = CIRCLE ( 'NONE', #2692, 4.349999999999999645 ) ;
#5330 = ORIENTED_EDGE ( 'NONE', *, *, #9697, .F. ) ;
#5331 = VERTEX_POINT ( 'NONE', #1657 ) ;
#5332 = AXIS2_PLACEMENT_3D ( 'NONE', #7551, #2028, #6798 ) ;
#5333 = ORIENTED_EDGE ( 'NONE', *, *, #7661, .F. ) ;
#5334 = ORIENTED_EDGE ( 'NONE', *, *, #6013, .T. ) ;
#5335 = EDGE_CURVE ( 'NONE', #4510, #214, #7044, .T. ) ;
#5336 = VECTOR ( 'NONE', #8863, 1000.000000000000000 ) ;
#5337 = CARTESIAN_POINT ( 'NONE',  ( 45.80000000000062244, -3.499999999999999556, -23.14999999999800551 ) ) ;
#5338 = EDGE_LOOP ( 'NONE', ( #5229, #1452, #2715, #7684 ) ) ;
#5339 = AXIS2_PLACEMENT_3D ( 'NONE', #5088, #7385, #7593 ) ;
#5340 = CARTESIAN_POINT ( 'NONE',  ( -42.00000000000015632, -5.956076103048433268, -40.62884705867539736 ) ) ;
#5341 = LINE ( 'NONE', #7786, #4987 ) ;
#5342 = CARTESIAN_POINT ( 'NONE',  ( 27.09999999999983089, -5.000000000000002665, -42.00000000000000711 ) ) ;
#5343 = AXIS2_PLACEMENT_3D ( 'NONE', #4487, #787, #3915 ) ;
#5344 = DIRECTION ( 'NONE',  ( 1.000000000000000000, -0.000000000000000000, -1.047444401652940007E-14 ) ) ;
#5345 = VECTOR ( 'NONE', #10109, 1000.000000000000000 ) ;
#5346 = VERTEX_POINT ( 'NONE', #3149 ) ;
#5347 = FACE_OUTER_BOUND ( 'NONE', #2349, .T. ) ;
#5348 = VERTEX_POINT ( 'NONE', #1461 ) ;
#5349 = CARTESIAN_POINT ( 'NONE',  ( 30.09999999999983089, -5.000000000000002665, 48.00000000000000711 ) ) ;
#5350 = LINE ( 'NONE', #2164, #84 ) ;
#5351 = VECTOR ( 'NONE', #6312, 1000.000000000000000 ) ;
#5352 = DIRECTION ( 'NONE',  ( 0.000000000000000000, 1.000000000000000000, 0.000000000000000000 ) ) ;
#5353 = EDGE_CURVE ( 'NONE', #8410, #3542, #10, .T. ) ;
#5354 = CARTESIAN_POINT ( 'NONE',  ( 41.99999999999964473, -8.893180219803072717, -35.30968820701649946 ) ) ;
#5355 = ORIENTED_EDGE ( 'NONE', *, *, #7687, .F. ) ;
#5356 = ORIENTED_EDGE ( 'NONE', *, *, #1114, .T. ) ;
#5357 = VERTEX_POINT ( 'NONE', #3098 ) ;
#5358 = DIRECTION ( 'NONE',  ( 1.000000000000000000, -0.000000000000000000, -0.000000000000000000 ) ) ;
#5359 = CARTESIAN_POINT ( 'NONE',  ( 42.50000000000000000, 1.000000000000000000, 49.99999999999999289 ) ) ;
#5360 = DIRECTION ( 'NONE',  ( -1.181088324069316513E-14, 0.000000000000000000, -1.000000000000000000 ) ) ;
#5361 = CARTESIAN_POINT ( 'NONE',  ( -45.79999999999802185, -3.499999999999999556, 22.35000000000063025 ) ) ;
#5362 = CARTESIAN_POINT ( 'NONE',  ( -27.09999999999983089, -0.1999999999999999833, 48.00000000000000711 ) ) ;
#5363 = CARTESIAN_POINT ( 'NONE',  ( -27.09999999999983089, -0.1999999999999999833, -48.00000000000000711 ) ) ;
#5364 = CARTESIAN_POINT ( 'NONE',  ( -48.99999999999999289, 1.000000000000000000, 48.99999999999999289 ) ) ;
#5365 = DIRECTION ( 'NONE',  ( 0.000000000000000000, 1.000000000000000000, 0.000000000000000000 ) ) ;
#5366 = VERTEX_POINT ( 'NONE', #65 ) ;
#5367 = EDGE_LOOP ( 'NONE', ( #4402, #3257 ) ) ;
#5368 = B_SPLINE_CURVE_WITH_KNOTS ( 'NONE', 3,
 ( #4709, #6969, #1428, #801, #10089, #3927, #9316, #7057, #6300, #7015, #6201, #9366, #758, #3778, #2290, #3110 ),
 .UNSPECIFIED., .F., .F.,
 ( 4, 2, 2, 2, 2, 2, 2, 4 ),
 ( 6.982127306007955644E-17, 0.001141268518429183667, 0.001711902777643749263, 0.002282537036858314859, 0.002853171296072880021, 0.003423805555287446050, 0.003994439814502008176, 0.004565074073716571604 ),
 .UNSPECIFIED. ) ;
#5369 = APPLICATION_PROTOCOL_DEFINITION ( 'draft international standard', 'automotive_design', 1998, #5800 ) ;
#5370 = CARTESIAN_POINT ( 'NONE',  ( 0.000000000000000000, -1.000000000000000000, 0.000000000000000000 ) ) ;
#5371 = LINE ( 'NONE', #9271, #7088 ) ;
#5372 = DIRECTION ( 'NONE',  ( -0.000000000000000000, -0.000000000000000000, 1.000000000000000000 ) ) ;
#5373 = ORIENTED_EDGE ( 'NONE', *, *, #2674, .F. ) ;
#5374 = DIRECTION ( 'NONE',  ( 1.000000000000000000, 0.000000000000000000, -1.734723475976807094E-15 ) ) ;
#5376 = ADVANCED_FACE ( 'NONE', ( #6188 ), #6230, .F. ) ;
#5375 = CARTESIAN_POINT ( 'NONE',  ( -24.69999999999816609, -3.499999999999999556, -44.25000000000054001 ) ) ;
#5377 = EDGE_CURVE ( 'NONE', #9975, #5868, #4587, .T. ) ;
#5378 = ORIENTED_EDGE ( 'NONE', *, *, #9196, .T. ) ;
#5379 = ORIENTED_EDGE ( 'NONE', *, *, #106, .F. ) ;
#5380 = ORIENTED_EDGE ( 'NONE', *, *, #7084, .F. ) ;
#5381 = DIRECTION ( 'NONE',  ( 0.000000000000000000, 0.000000000000000000, 1.000000000000000000 ) ) ;
#5382 = VERTEX_POINT ( 'NONE', #6334 ) ;
#5383 = EDGE_CURVE ( 'NONE', #6863, #4510, #2999, .T. ) ;
#5384 = CARTESIAN_POINT ( 'NONE',  ( -42.00000000000015632, -5.556562696684967051, -41.49999999999968736 ) ) ;
#5385 = DIRECTION ( 'NONE',  ( -0.000000000000000000, 1.000000000000000000, -0.000000000000000000 ) ) ;
#5386 = LINE ( 'NONE', #8509, #4525 ) ;
#5387 = EDGE_CURVE ( 'NONE', #1137, #7783, #9257, .T. ) ;
#5388 = EDGE_CURVE ( 'NONE', #8642, #3339, #9117, .T. ) ;
#5389 = FACE_OUTER_BOUND ( 'NONE', #5097, .T. ) ;
#5390 = EDGE_CURVE ( 'NONE', #6639, #709, #6578, .T. ) ;
#5391 = ORIENTED_EDGE ( 'NONE', *, *, #3989, .F. ) ;
#5392 = DIRECTION ( 'NONE',  ( -1.000000000000000000, 0.000000000000000000, 1.343011723336883395E-14 ) ) ;
#5393 = ORIENTED_EDGE ( 'NONE', *, *, #4200, .T. ) ;
#5394 = CARTESIAN_POINT ( 'NONE',  ( 0.000000000000000000, -1.000000000000000000, 0.000000000000000000 ) ) ;
#5395 = DIRECTION ( 'NONE',  ( -1.000000000000000000, -0.000000000000000000, 3.491481338843133355E-15 ) ) ;
#5396 = DIRECTION ( 'NONE',  ( -1.000000000000000000, 0.000000000000000000, 0.000000000000000000 ) ) ;
#5397 = ADVANCED_FACE ( 'NONE', ( #1030 ), #5710, .F. ) ;
#5398 = EDGE_LOOP ( 'NONE', ( #2915, #9249 ) ) ;
#5399 = VERTEX_POINT ( 'NONE', #4887 ) ;
#5400 = VERTEX_POINT ( 'NONE', #8002 ) ;
#5401 = B_SPLINE_CURVE_WITH_KNOTS ( 'NONE', 3,
 ( #8647, #5674, #9361, #902, #4895, #6239, #752, #3881, #7156, #1768, #127, #10126, #8745, #5619, #5524, #1668, #7819, #8690, #5469, #1620, #4743, #1722, #7860, #9411 ),
 .UNSPECIFIED., .F., .F.,
 ( 4, 2, 2, 2, 2, 2, 2, 2, 2, 2, 2, 4 ),
 ( 0.000000000000000000, 0.001554076671176381121, 0.003108153342352772217, 0.004662230013529162879, 0.005439268349117367535, 0.006216306684705572190, 0.006993345020293775978, 0.007770383355881980633, 0.009324460027058388209, 0.01087853669823479578, 0.01165557503382299957, 0.01243261336941120163 ),
 .UNSPECIFIED. ) ;
#5402 = CARTESIAN_POINT ( 'NONE',  ( 42.41161828792846933, -10.69583250492781445, -48.00000000000002132 ) ) ;
#5403 = CARTESIAN_POINT ( 'NONE',  ( -42.00000000000010658, -8.685525252842484889, -34.90719235814007249 ) ) ;
#5404 = CARTESIAN_POINT ( 'NONE',  ( -33.14740831676490984, -11.57672445865240363, 43.04947586213749844 ) ) ;
#5405 = CARTESIAN_POINT ( 'NONE',  ( 49.99999999999999289, 1.000000000000000000, -49.00000000000000711 ) ) ;
#5406 = PLANE ( 'NONE',  #402 ) ;
#5407 = DIRECTION ( 'NONE',  ( 0.000000000000000000, 0.000000000000000000, -1.000000000000000000 ) ) ;
#5408 = DIRECTION ( 'NONE',  ( 1.000000000000000000, 0.000000000000000000, -8.953411488912536510E-15 ) ) ;
#5409 = ADVANCED_FACE ( 'NONE', ( #9540 ), #268, .F. ) ;
#5410 = CARTESIAN_POINT ( 'NONE',  ( -40.00000000000000711, -15.00000000000000355, -42.80000000000001137 ) ) ;
#5411 = VERTEX_POINT ( 'NONE', #8735 ) ;
#5412 = VECTOR ( 'NONE', #6891, 1000.000000000000000 ) ;
#5413 = VERTEX_POINT ( 'NONE', #8788 ) ;
#5414 = CARTESIAN_POINT ( 'NONE',  ( -29.74216769539543392, -7.978802266294063195, -41.31939148365430725 ) ) ;
#5415 = DIRECTION ( 'NONE',  ( 0.000000000000000000, 1.000000000000000000, -0.000000000000000000 ) ) ;
#5416 = DIRECTION ( 'NONE',  ( 0.000000000000000000, 1.000000000000000000, 0.000000000000000000 ) ) ;
#5417 = DIRECTION ( 'NONE',  ( -0.000000000000000000, 1.000000000000000000, -0.000000000000000000 ) ) ;
#5418 = FACE_BOUND ( 'NONE', #6469, .T. ) ;
#5419 = ORIENTED_EDGE ( 'NONE', *, *, #4540, .F. ) ;
#5420 = VECTOR ( 'NONE', #3545, 1000.000000000000000 ) ;
#5421 = DIRECTION ( 'NONE',  ( 1.000000000000000000, -0.000000000000000000, -1.047444401652940007E-14 ) ) ;
#5422 = DIRECTION ( 'NONE',  ( 0.000000000000000000, 1.000000000000000000, 0.000000000000000000 ) ) ;
#5423 = VERTEX_POINT ( 'NONE', #7190 ) ;
#5424 = VERTEX_POINT ( 'NONE', #8833 ) ;
#5425 = VECTOR ( 'NONE', #1637, 1000.000000000000000 ) ;
#5426 = EDGE_LOOP ( 'NONE', ( #1004, #6546 ) ) ;
#5427 = CARTESIAN_POINT ( 'NONE',  ( -24.69999999999738094, -3.499999999999999556, 48.14999999999864855 ) ) ;
#5428 = VECTOR ( 'NONE', #1310, 1000.000000000000000 ) ;
#5429 = VERTEX_POINT ( 'NONE', #7294 ) ;
#5430 = CYLINDRICAL_SURFACE ( 'NONE', #1542, 1.000000000000000888 ) ;
#5431 = CARTESIAN_POINT ( 'NONE',  ( 36.20000000000000995, -15.00000000000000355, 42.89999999999999147 ) ) ;
#5432 = LINE ( 'NONE', #7787, #1904 ) ;
#5433 = VECTOR ( 'NONE', #9704, 1000.000000000000000 ) ;
#5434 = CARTESIAN_POINT ( 'NONE',  ( 47.99999999999953815, -8.536962300561299344, -45.82236207332209688 ) ) ;
#5435 = CARTESIAN_POINT ( 'NONE',  ( -43.50000000000011369, -3.199999999999999289, -30.49999999999968381 ) ) ;
#5436 = AXIS2_PLACEMENT_3D ( 'NONE', #1408, #4427, #4538 ) ;
#5437 = EDGE_LOOP ( 'NONE', ( #9996, #6394 ) ) ;
#5438 = ADVANCED_FACE ( 'NONE', ( #1761, #8052 ), #4929, .T. ) ;
#5439 = VECTOR ( 'NONE', #6953, 1000.000000000000000 ) ;
#5440 = ADVANCED_FACE ( 'NONE', ( #3400 ), #6527, .F. ) ;
#5441 = EDGE_CURVE ( 'NONE', #6426, #8203, #3296, .T. ) ;
#5442 = ORIENTED_EDGE ( 'NONE', *, *, #3489, .F. ) ;
#5443 = DIRECTION ( 'NONE',  ( 0.000000000000000000, 1.000000000000000000, 0.000000000000000000 ) ) ;
#5444 = AXIS2_PLACEMENT_3D ( 'NONE', #4172, #6489, #1194 ) ;
#5445 = DIRECTION ( 'NONE',  ( -1.000000000000000000, 0.000000000000000000, 0.000000000000000000 ) ) ;
#5446 = FACE_BOUND ( 'NONE', #1647, .T. ) ;
#5447 = AXIS2_PLACEMENT_3D ( 'NONE', #9938, #2105, #8245 ) ;
#5448 = ORIENTED_EDGE ( 'NONE', *, *, #8259, .T. ) ;
#5449 = ORIENTED_EDGE ( 'NONE', *, *, #5205, .F. ) ;
#5450 = AXIS2_PLACEMENT_3D ( 'NONE', #8807, #3984, #9509 ) ;
#5451 = ORIENTED_EDGE ( 'NONE', *, *, #3562, .T. ) ;
#5452 = EDGE_CURVE ( 'NONE', #7628, #4665, #1378, .T. ) ;
#5453 = CARTESIAN_POINT ( 'NONE',  ( 40.74940919525703009, -11.41796982308184205, -48.00000000000000711 ) ) ;
#5454 = FACE_OUTER_BOUND ( 'NONE', #9810, .T. ) ;
#5455 = DIRECTION ( 'NONE',  ( 0.000000000000000000, 0.000000000000000000, -1.000000000000000000 ) ) ;
#5456 = DIRECTION ( 'NONE',  ( 0.000000000000000000, -0.000000000000000000, -1.000000000000000000 ) ) ;
#5457 = CARTESIAN_POINT ( 'NONE',  ( 24.69999999999848228, -8.000000000000001776, 44.25000000000036238 ) ) ;
#5458 = DIRECTION ( 'NONE',  ( 0.000000000000000000, 0.000000000000000000, 1.000000000000000000 ) ) ;
#5459 = DIRECTION ( 'NONE',  ( -1.000000000000000000, -0.000000000000000000, 3.491481338843133355E-15 ) ) ;
#5460 = CIRCLE ( 'NONE', #8564, 2.349999999999997868 ) ;
#5461 = DIRECTION ( 'NONE',  ( -8.953411488912536510E-15, 0.000000000000000000, -1.000000000000000000 ) ) ;
#5462 = ORIENTED_EDGE ( 'NONE', *, *, #2023, .T. ) ;
#5463 = EDGE_LOOP ( 'NONE', ( #9567, #9319, #702, #3164, #4265, #566, #6108, #5055 ) ) ;
#5464 = ORIENTED_EDGE ( 'NONE', *, *, #9110, .T. ) ;
#5465 = CARTESIAN_POINT ( 'NONE',  ( -35.75560478550922028, -8.622857952362839029, -43.80069858361733992 ) ) ;
#5466 = VECTOR ( 'NONE', #7, 1000.000000000000000 ) ;
#5467 = DIRECTION ( 'NONE',  ( 0.000000000000000000, 1.000000000000000000, 0.000000000000000000 ) ) ;
#5468 = CARTESIAN_POINT ( 'NONE',  ( 36.13766816143491667, -8.000000000000003553, -44.80122281838041687 ) ) ;
#5469 = CARTESIAN_POINT ( 'NONE',  ( 40.20553529862966258, -8.297082958219267113, 48.00000000000002132 ) ) ;
#5470 = DIRECTION ( 'NONE',  ( -0.000000000000000000, 1.000000000000000000, -0.000000000000000000 ) ) ;
#5471 = VERTEX_POINT ( 'NONE', #4990 ) ;
#5472 = AXIS2_PLACEMENT_3D ( 'NONE', #7178, #4206, #4147 ) ;
#5473 = DIRECTION ( 'NONE',  ( 1.000000000000000000, 0.000000000000000000, 0.000000000000000000 ) ) ;
#5474 = CIRCLE ( 'NONE', #8908, 2.349999999999997868 ) ;
#5475 = CARTESIAN_POINT ( 'NONE',  ( -50.00000000000000711, -0.2000000000000000944, -27.09999999999966036 ) ) ;
#5476 = EDGE_CURVE ( 'NONE', #2215, #1277, #2617, .T. ) ;
#5477 = AXIS2_PLACEMENT_3D ( 'NONE', #5697, #1840, #4093 ) ;
#5478 = VERTEX_POINT ( 'NONE', #6423 ) ;
#5479 = ORIENTED_EDGE ( 'NONE', *, *, #2091, .F. ) ;
#5480 = CIRCLE ( 'NONE', #8755, 4.000000000000003553 ) ;
#5481 = EDGE_LOOP ( 'NONE', ( #10139, #9213, #8324, #3946 ) ) ;
#5482 = EDGE_CURVE ( 'NONE', #5669, #9721, #8883, .T. ) ;
#5483 = FACE_BOUND ( 'NONE', #1010, .T. ) ;
#5485 = CARTESIAN_POINT ( 'NONE',  ( -30.09999999999983089, -8.000000000000001776, -48.00000000000000711 ) ) ;
#5484 = VECTOR ( 'NONE', #9989, 1000.000000000000000 ) ;
#5486 = VERTEX_POINT ( 'NONE', #1088 ) ;
#5487 = DIRECTION ( 'NONE',  ( -2.952720810173286943E-15, 0.000000000000000000, -1.000000000000000000 ) ) ;
#5488 = CARTESIAN_POINT ( 'NONE',  ( 43.50000000000041211, -3.199999999999999734, 38.09999999999938325 ) ) ;
#5489 = FACE_OUTER_BOUND ( 'NONE', #942, .T. ) ;
#5490 = VECTOR ( 'NONE', #2948, 1000.000000000000000 ) ;
#5491 = CARTESIAN_POINT ( 'NONE',  ( 47.99999999999959499, -8.445734779608109477, -39.33931914395572704 ) ) ;
#5492 = VERTEX_POINT ( 'NONE', #1710 ) ;
#5493 = VECTOR ( 'NONE', #1086, 1000.000000000000000 ) ;
#5494 = ORIENTED_EDGE ( 'NONE', *, *, #4751, .T. ) ;
#5495 = FACE_OUTER_BOUND ( 'NONE', #7329, .T. ) ;
#5496 = AXIS2_PLACEMENT_3D ( 'NONE', #6249, #4806, #762 ) ;
#5497 = CARTESIAN_POINT ( 'NONE',  ( 30.50000000000012790, -3.199999999999999289, 42.00000000000000711 ) ) ;
#5498 = CARTESIAN_POINT ( 'NONE',  ( 41.99999999999960210, -13.89357207385986293, -38.88532071630778830 ) ) ;
#5499 = EDGE_CURVE ( 'NONE', #1920, #4721, #938, .T. ) ;
#5500 = VECTOR ( 'NONE', #1789, 1000.000000000000000 ) ;
#5501 = ADVANCED_FACE ( 'NONE', ( #7337, #9691 ), #309, .T. ) ;
#5502 = EDGE_CURVE ( 'NONE', #105, #6286, #8940, .T. ) ;
#5503 = ORIENTED_EDGE ( 'NONE', *, *, #4918, .F. ) ;
#5504 = ORIENTED_EDGE ( 'NONE', *, *, #2176, .T. ) ;
#5505 = VERTEX_POINT ( 'NONE', #3249 ) ;
#5506 = MANIFOLD_SOLID_BREP ( 'CirPattern11', #555 ) ;
#5507 = CARTESIAN_POINT ( 'NONE',  ( 37.20420811945280093, -5.912959040596257765, -42.00000000000001421 ) ) ;
#5508 = CIRCLE ( 'NONE', #6824, 2.349999999999997868 ) ;
#5509 = CARTESIAN_POINT ( 'NONE',  ( -42.00000000000014211, -11.36415919391865970, -37.91581067799802440 ) ) ;
#5510 = CARTESIAN_POINT ( 'NONE',  ( -45.80000000000062244, -8.000000000000001776, 24.69999999999800622 ) ) ;
#5511 = AXIS2_PLACEMENT_3D ( 'NONE', #6335, #162, #3203 ) ;
#5512 = CARTESIAN_POINT ( 'NONE',  ( -47.99999999999990763, -0.1999999999999999833, 27.09999999999999787 ) ) ;
#5513 = LINE ( 'NONE', #785, #6468 ) ;
#5514 = DIRECTION ( 'NONE',  ( 1.047444401652940007E-14, 0.000000000000000000, 1.000000000000000000 ) ) ;
#5515 = DIRECTION ( 'NONE',  ( -1.000000000000000000, -0.000000000000000000, 3.491481338843133355E-15 ) ) ;
#5516 = LINE ( 'NONE', #6087, #5439 ) ;
#5517 = ADVANCED_FACE ( 'NONE', ( #1187 ), #6378, .F. ) ;
#5518 = EDGE_CURVE ( 'NONE', #3256, #3871, #1963, .T. ) ;
#5519 = ORIENTED_EDGE ( 'NONE', *, *, #3123, .T. ) ;
#5520 = VECTOR ( 'NONE', #6135, 1000.000000000000000 ) ;
#5521 = VERTEX_POINT ( 'NONE', #5910 ) ;
#5522 = CARTESIAN_POINT ( 'NONE',  ( 21.49897948556618843, -4.000000000000000000, 42.00000000000000711 ) ) ;
#5523 = DIRECTION ( 'NONE',  ( 0.000000000000000000, -0.000000000000000000, 1.000000000000000000 ) ) ;
#5524 = CARTESIAN_POINT ( 'NONE',  ( 37.45831637721758511, -9.219484074103235116, 48.00000000000002132 ) ) ;
#5525 = CARTESIAN_POINT ( 'NONE',  ( -24.69999999999752660, -8.000000000000001776, 45.80000000000087823 ) ) ;
#5526 = ORIENTED_EDGE ( 'NONE', *, *, #7464, .F. ) ;
#5527 = CARTESIAN_POINT ( 'NONE',  ( 50.00000000000000000, -4.200000000000000178, 20.51918358845473023 ) ) ;
#5528 = DIRECTION ( 'NONE',  ( -1.000000000000000000, 0.000000000000000000, 1.343011723336880555E-14 ) ) ;
#5529 = VERTEX_POINT ( 'NONE', #421 ) ;
#5530 = EDGE_LOOP ( 'NONE', ( #921, #3724, #3392, #4307, #4149, #6920, #8658, #7965 ) ) ;
#5531 = ORIENTED_EDGE ( 'NONE', *, *, #1168, .F. ) ;
#5532 = DIRECTION ( 'NONE',  ( 0.000000000000000000, 0.000000000000000000, -1.000000000000000000 ) ) ;
#5533 = DIRECTION ( 'NONE',  ( -1.000000000000000000, -0.000000000000000000, 1.047444401652940007E-14 ) ) ;
#5534 = ORIENTED_EDGE ( 'NONE', *, *, #3463, .T. ) ;
#5535 = DIRECTION ( 'NONE',  ( 0.000000000000000000, 1.000000000000000000, 0.000000000000000000 ) ) ;
#5536 = DIRECTION ( 'NONE',  ( 1.000000000000000000, -0.000000000000000000, -1.047444401652940007E-14 ) ) ;
#5537 = DIRECTION ( 'NONE',  ( -0.000000000000000000, -1.000000000000000000, 0.000000000000000000 ) ) ;
#5538 = CARTESIAN_POINT ( 'NONE',  ( -41.50000000000000711, 1.000000000000000000, -48.00000000000000711 ) ) ;
#5539 = EDGE_CURVE ( 'NONE', #2557, #5789, #2677, .T. ) ;
#5540 = EDGE_CURVE ( 'NONE', #3020, #2442, #9138, .T. ) ;
#5541 = ORIENTED_EDGE ( 'NONE', *, *, #4663, .T. ) ;
#5542 = VERTEX_POINT ( 'NONE', #9849 ) ;
#5543 = DIRECTION ( 'NONE',  ( -1.000000000000000000, -0.000000000000000000, 3.491481338843133355E-15 ) ) ;
#5544 = CARTESIAN_POINT ( 'NONE',  ( -39.67303290117107650, -5.279912505749593699, 42.00000000000000711 ) ) ;
#5545 = CARTESIAN_POINT ( 'NONE',  ( 49.99999999999985079, -1.000000000000000000, -41.50000000000000711 ) ) ;
#5546 = ORIENTED_EDGE ( 'NONE', *, *, #53, .T. ) ;
#5547 = ORIENTED_EDGE ( 'NONE', *, *, #5720, .T. ) ;
#5548 = ORIENTED_EDGE ( 'NONE', *, *, #7995, .F. ) ;
#5549 = CARTESIAN_POINT ( 'NONE',  ( 47.99999999999953104, -8.192981740370584021, -48.00000000000034106 ) ) ;
#5550 = LINE ( 'NONE', #3245, #6547 ) ;
#5551 = DIRECTION ( 'NONE',  ( 0.000000000000000000, -1.000000000000000000, 0.000000000000000000 ) ) ;
#5552 = CARTESIAN_POINT ( 'NONE',  ( 41.99999999999984368, -5.000000000000000000, -16.59999999999802611 ) ) ;
#5553 = LINE ( 'NONE', #5457, #1718 ) ;
#5554 = DIRECTION ( 'NONE',  ( -0.000000000000000000, 1.000000000000000000, -0.000000000000000000 ) ) ;
#5555 = DIRECTION ( 'NONE',  ( -0.000000000000000000, -0.000000000000000000, -1.000000000000000000 ) ) ;
#5556 = FACE_OUTER_BOUND ( 'NONE', #154, .T. ) ;
#5557 = ORIENTED_EDGE ( 'NONE', *, *, #5909, .T. ) ;
#5558 = ORIENTED_EDGE ( 'NONE', *, *, #756, .T. ) ;
#5559 = EDGE_LOOP ( 'NONE', ( #8805, #7679, #9734, #4555 ) ) ;
#5560 = ADVANCED_FACE ( 'NONE', ( #9796 ), #2891, .F. ) ;
#5561 = PLANE ( 'NONE',  #3955 ) ;
#5562 = B_SPLINE_CURVE_WITH_KNOTS ( 'NONE', 3,
 ( #333, #6849, #3473, #9963, #1415, #9719 ),
 .UNSPECIFIED., .F., .F.,
 ( 4, 2, 4 ),
 ( 0.000000000000000000, 0.002972312699793779739, 0.005944625399587559478 ),
 .UNSPECIFIED. ) ;
#5563 = CARTESIAN_POINT ( 'NONE',  ( 50.00000000000000711, 0.000000000000000000, 42.49999999999999289 ) ) ;
#5564 = EDGE_CURVE ( 'NONE', #3967, #9245, #6137, .T. ) ;
#5565 = EDGE_CURVE ( 'NONE', #3476, #3687, #8074, .T. ) ;
#5566 = CARTESIAN_POINT ( 'NONE',  ( 42.00000000000041211, -8.000000000000003553, 38.14968052295615308 ) ) ;
#5567 = DIRECTION ( 'NONE',  ( 0.000000000000000000, 0.000000000000000000, 1.000000000000000000 ) ) ;
#5568 = ORIENTED_EDGE ( 'NONE', *, *, #290, .F. ) ;
#5569 = CARTESIAN_POINT ( 'NONE',  ( 31.84592577102262467, -11.33324298044298217, 42.62586964664867395 ) ) ;
#5570 = VECTOR ( 'NONE', #782, 1000.000000000000000 ) ;
#5571 = DIRECTION ( 'NONE',  ( -0.000000000000000000, 1.000000000000000000, -0.000000000000000000 ) ) ;
#5572 = EDGE_LOOP ( 'NONE', ( #8113, #271, #8150, #1648, #8945 ) ) ;
#5573 = ORIENTED_EDGE ( 'NONE', *, *, #8149, .F. ) ;
#5574 = B_SPLINE_CURVE_WITH_KNOTS ( 'NONE', 3,
 ( #2979, #7645, #9994, #3703 ),
 .UNSPECIFIED., .F., .F.,
 ( 4, 4 ),
 ( 0.000000000000000000, 0.0007769150246515652784 ),
 .UNSPECIFIED. ) ;
#5575 = EDGE_CURVE ( 'NONE', #5529, #2601, #6616, .T. ) ;
#5576 = CARTESIAN_POINT ( 'NONE',  ( -45.79999999999802185, 1.000000000000000000, 24.70000000000062812 ) ) ;
#5577 = EDGE_CURVE ( 'NONE', #8312, #6339, #9545, .T. ) ;
#5578 = CARTESIAN_POINT ( 'NONE',  ( 16.59999999999983089, -1.000000000000000000, 49.99999999999999289 ) ) ;
#5579 = CARTESIAN_POINT ( 'NONE',  ( -35.67960256470108504, -14.73009028003564680, -42.23834089129220359 ) ) ;
#5580 = ORIENTED_EDGE ( 'NONE', *, *, #3308, .F. ) ;
#5581 = PLANE ( 'NONE',  #5797 ) ;
#5582 = DIRECTION ( 'NONE',  ( 1.000000000000000000, -0.000000000000000000, 1.224646799147353207E-16 ) ) ;
#5583 = LINE ( 'NONE', #7880, #1075 ) ;
#5584 = CARTESIAN_POINT ( 'NONE',  ( 45.80000000000062244, 1.000000000000000000, 22.34999999999800835 ) ) ;
#5585 = AXIS2_PLACEMENT_3D ( 'NONE', #8269, #8941, #4261 ) ;
#5586 = ORIENTED_EDGE ( 'NONE', *, *, #9394, .T. ) ;
#5587 = DIRECTION ( 'NONE',  ( -1.156482317317873184E-14, 0.000000000000000000, -1.000000000000000000 ) ) ;
#5588 = EDGE_CURVE ( 'NONE', #2263, #8838, #8316, .T. ) ;
#5589 = AXIS2_PLACEMENT_3D ( 'NONE', #1926, #3610, #2690 ) ;
#5590 = VERTEX_POINT ( 'NONE', #4374 ) ;
#5591 = CARTESIAN_POINT ( 'NONE',  ( -33.79407843659391375, -6.550912756285566907, 42.00000000000000000 ) ) ;
#5592 = CARTESIAN_POINT ( 'NONE',  ( -41.42664896599428914, -6.944193649943729341, 42.00000000000000000 ) ) ;
#5593 = CARTESIAN_POINT ( 'NONE',  ( 41.99999999999966604, -8.433679900060944590, -34.28115716491382159 ) ) ;
#5594 = AXIS2_PLACEMENT_3D ( 'NONE', #9457, #750, #3971 ) ;
#5595 = B_SPLINE_CURVE_WITH_KNOTS ( 'NONE', 3,
 ( #8315, #2938, #5966, #1342, #4473, #8421, #3708, #6839, #6729, #9093, #5200, #9185, #622, #1400, #4532, #7649, #9999, #2984 ),
 .UNSPECIFIED., .F., .F.,
 ( 4, 2, 2, 2, 2, 2, 2, 2, 4 ),
 ( 0.000000000000000000, 0.0006740047407576648091, 0.001348009481515329618, 0.002022014222272994211, 0.002696018963030659236, 0.003370023703788324262, 0.004044028444545988421, 0.004718033185303653447, 0.005392037926061318473 ),
 .UNSPECIFIED. ) ;
#5596 = ADVANCED_FACE ( 'NONE', ( #470 ), #2073, .T. ) ;
#5597 = VERTEX_POINT ( 'NONE', #1288 ) ;
#5598 = VECTOR ( 'NONE', #311, 1000.000000000000000 ) ;
#5599 = ORIENTED_EDGE ( 'NONE', *, *, #5693, .T. ) ;
#5600 = EDGE_LOOP ( 'NONE', ( #3072, #10018, #4561, #7488, #3906 ) ) ;
#5601 = EDGE_CURVE ( 'NONE', #853, #362, #7541, .T. ) ;
#5602 = CIRCLE ( 'NONE', #5436, 2.349999999999997868 ) ;
#5603 = LINE ( 'NONE', #7801, #3312 ) ;
#5604 = CARTESIAN_POINT ( 'NONE',  ( -35.51079567515210300, -9.495544401564933068, -48.00000000000002132 ) ) ;
#5605 = FACE_OUTER_BOUND ( 'NONE', #1038, .T. ) ;
#5606 = CARTESIAN_POINT ( 'NONE',  ( 48.00000000000044764, -1.000000000000000000, 41.49999999999933920 ) ) ;
#5607 = AXIS2_PLACEMENT_3D ( 'NONE', #2924, #8970, #5849 ) ;
#5608 = CARTESIAN_POINT ( 'NONE',  ( -42.49999999999948841, 1.000000000000000000, 48.99999999999999289 ) ) ;
#5609 = CARTESIAN_POINT ( 'NONE',  ( 50.00000000000096634, -3.199999999999999734, 38.09999999999966036 ) ) ;
#5610 = CARTESIAN_POINT ( 'NONE',  ( 0.000000000000000000, -5.000000000000000000, 0.000000000000000000 ) ) ;
#5611 = DIRECTION ( 'NONE',  ( 0.000000000000000000, 0.000000000000000000, 1.000000000000000000 ) ) ;
#5612 = ORIENTED_EDGE ( 'NONE', *, *, #5079, .F. ) ;
#5613 = AXIS2_PLACEMENT_3D ( 'NONE', #9588, #5749, #1755 ) ;
#5614 = VERTEX_POINT ( 'NONE', #724 ) ;
#5615 = VERTEX_POINT ( 'NONE', #3751 ) ;
#5616 = VECTOR ( 'NONE', #2579, 1000.000000000000000 ) ;
#5617 = LINE ( 'NONE', #4702, #9855 ) ;
#5618 = FACE_OUTER_BOUND ( 'NONE', #5246, .T. ) ;
#5619 = CARTESIAN_POINT ( 'NONE',  ( 37.20231742773572137, -9.286295298721283231, 48.00000000000001421 ) ) ;
#5620 = AXIS2_PLACEMENT_3D ( 'NONE', #845, #8599, #6433 ) ;
#5621 = DIRECTION ( 'NONE',  ( -0.000000000000000000, 1.000000000000000000, -0.000000000000000000 ) ) ;
#5622 = DIRECTION ( 'NONE',  ( -1.000000000000000000, 0.000000000000000000, 0.000000000000000000 ) ) ;
#5623 = CARTESIAN_POINT ( 'NONE',  ( -48.00000000000012079, -0.1999999999999999833, -31.29999999999966676 ) ) ;
#5624 = ORIENTED_EDGE ( 'NONE', *, *, #197, .F. ) ;
#5625 = ADVANCED_FACE ( 'NONE', ( #5446, #3041 ), #1601, .T. ) ;
#5626 = EDGE_LOOP ( 'NONE', ( #4024, #931, #9530, #2485 ) ) ;
#5627 = EDGE_CURVE ( 'NONE', #6861, #1477, #5629, .T. ) ;
#5628 = FACE_BOUND ( 'NONE', #2076, .T. ) ;
#5629 = CIRCLE ( 'NONE', #4818, 2.349999999999997868 ) ;
#5630 = FACE_OUTER_BOUND ( 'NONE', #2659, .T. ) ;
#5631 = DIRECTION ( 'NONE',  ( 1.000000000000000000, -0.000000000000000000, 0.000000000000000000 ) ) ;
#5632 = ORIENTED_EDGE ( 'NONE', *, *, #7097, .T. ) ;
#5633 = CARTESIAN_POINT ( 'NONE',  ( 28.94999999999952678, -3.199999999999999289, -43.50000000000001421 ) ) ;
#5634 = CARTESIAN_POINT ( 'NONE',  ( 28.94999999999948415, -3.199999999999999289, -50.00000000000069633 ) ) ;
#5635 = AXIS2_PLACEMENT_3D ( 'NONE', #5143, #4416, #1448 ) ;
#5636 = CARTESIAN_POINT ( 'NONE',  ( -41.99999999999987921, -8.537863075070966090, 38.85348725303773421 ) ) ;
#5637 = CARTESIAN_POINT ( 'NONE',  ( -30.13807859058076488, -8.028352205426184440, -42.00000000000000711 ) ) ;
#5638 = ORIENTED_EDGE ( 'NONE', *, *, #6689, .T. ) ;
#5639 = ADVANCED_FACE ( 'NONE', ( #3088 ), #777, .F. ) ;
#5640 = ADVANCED_FACE ( 'NONE', ( #3949 ), #9337, .T. ) ;
#5641 = AXIS2_PLACEMENT_3D ( 'NONE', #2350, #4716, #5487 ) ;
#5642 = ORIENTED_EDGE ( 'NONE', *, *, #1827, .F. ) ;
#5643 = AXIS2_PLACEMENT_3D ( 'NONE', #2444, #5582, #8711 ) ;
#5644 = CARTESIAN_POINT ( 'NONE',  ( -30.50000000000041922, -3.199999999999999289, -42.00000000000001421 ) ) ;
#5645 = VECTOR ( 'NONE', #507, 1000.000000000000000 ) ;
#5646 = EDGE_LOOP ( 'NONE', ( #8823, #213 ) ) ;
#5647 = CARTESIAN_POINT ( 'NONE',  ( -36.95027030714910410, -5.000000000000001776, 42.00000000000000711 ) ) ;
#5648 = CARTESIAN_POINT ( 'NONE',  ( 45.80000000000062244, 1.000000000000000000, -27.05000000000199378 ) ) ;
#5649 = VECTOR ( 'NONE', #2246, 1000.000000000000000 ) ;
#5650 = CARTESIAN_POINT ( 'NONE',  ( 41.99999999999966604, -8.174934941032363511, -33.40909002846501608 ) ) ;
#5651 = CIRCLE ( 'NONE', #1224, 1.550000000000002709 ) ;
#5652 = EDGE_CURVE ( 'NONE', #8725, #3579, #6297, .T. ) ;
#5653 = ORIENTED_EDGE ( 'NONE', *, *, #6390, .F. ) ;
#5654 = AXIS2_PLACEMENT_3D ( 'NONE', #1562, #8482, #3912 ) ;
#5655 = VERTEX_POINT ( 'NONE', #6882 ) ;
#5656 = ORIENTED_EDGE ( 'NONE', *, *, #2740, .T. ) ;
#5657 = AXIS2_PLACEMENT_3D ( 'NONE', #2104, #8346, #607 ) ;
#5658 = DIRECTION ( 'NONE',  ( 0.000000000000000000, 0.000000000000000000, -1.000000000000000000 ) ) ;
#5659 = CARTESIAN_POINT ( 'NONE',  ( -41.80050030033103781, -11.02477317989473704, -48.00000000000001421 ) ) ;
#5660 = ADVANCED_FACE ( 'NONE', ( #2985 ), #4725, .T. ) ;
#5661 = DIRECTION ( 'NONE',  ( -2.952720810173291281E-15, 0.000000000000000000, -1.000000000000000000 ) ) ;
#5662 = DIRECTION ( 'NONE',  ( 0.000000000000000000, 0.000000000000000000, 1.000000000000000000 ) ) ;
#5663 = VECTOR ( 'NONE', #3348, 1000.000000000000000 ) ;
#5664 = FACE_OUTER_BOUND ( 'NONE', #7289, .T. ) ;
#5665 = CARTESIAN_POINT ( 'NONE',  ( -50.00000000000000711, 0.000000000000000000, -50.00000000000000711 ) ) ;
#5666 = LINE ( 'NONE', #4019, #4194 ) ;
#5667 = DIRECTION ( 'NONE',  ( -1.000000000000000000, 0.000000000000000000, 0.000000000000000000 ) ) ;
#5668 = EDGE_CURVE ( 'NONE', #1, #1071, #6934, .T. ) ;
#5669 = VERTEX_POINT ( 'NONE', #2363 ) ;
#5670 = VERTEX_POINT ( 'NONE', #1451 ) ;
#5671 = CIRCLE ( 'NONE', #3367, 4.000000000000000000 ) ;
#5672 = DIRECTION ( 'NONE',  ( 0.000000000000000000, 0.000000000000000000, 1.000000000000000000 ) ) ;
#5673 = CARTESIAN_POINT ( 'NONE',  ( 40.00000000000000711, -8.000000000000001776, -42.80000000000001137 ) ) ;
#5674 = CARTESIAN_POINT ( 'NONE',  ( 30.62711530841358964, -8.000000000000003553, 48.00000000000000711 ) ) ;
#5675 = LINE ( 'NONE', #5827, #6635 ) ;
#5676 = CARTESIAN_POINT ( 'NONE',  ( 0.000000000000000000, 0.000000000000000000, -48.00000000000000711 ) ) ;
#5677 = CIRCLE ( 'NONE', #1254, 2.349999999999997868 ) ;
#5678 = LINE ( 'NONE', #7919, #8865 ) ;
#5679 = ORIENTED_EDGE ( 'NONE', *, *, #2687, .T. ) ;
#5680 = ORIENTED_EDGE ( 'NONE', *, *, #8768, .T. ) ;
#5681 = FACE_BOUND ( 'NONE', #5915, .T. ) ;
#5682 = DIRECTION ( 'NONE',  ( 0.000000000000000000, -1.000000000000000000, 0.000000000000000000 ) ) ;
#5683 = LINE ( 'NONE', #1155, #6242 ) ;
#5684 = ORIENTED_EDGE ( 'NONE', *, *, #5954, .F. ) ;
#5685 = CARTESIAN_POINT ( 'NONE',  ( -14.99999999999982236, -1.000000000000000000, 40.00000000000000000 ) ) ;
#5686 = EDGE_CURVE ( 'NONE', #3092, #1281, #669, .T. ) ;
#5687 = LINE ( 'NONE', #7457, #6143 ) ;
#5688 = CARTESIAN_POINT ( 'NONE',  ( -36.54999999999913740, -3.199999999999999734, 50.00000000000165556 ) ) ;
#5689 = CARTESIAN_POINT ( 'NONE',  ( -38.09999999999923403, -3.199999999999999734, 43.50000000000001421 ) ) ;
#5690 = VERTEX_POINT ( 'NONE', #3799 ) ;
#5691 = VERTEX_POINT ( 'NONE', #3904 ) ;
#5692 = CARTESIAN_POINT ( 'NONE',  ( 43.50000000000032685, -3.199999999999999289, 30.49999999999968381 ) ) ;
#5693 = EDGE_CURVE ( 'NONE', #2314, #8793, #7650, .T. ) ;
#5694 = EDGE_CURVE ( 'NONE', #7761, #9370, #6270, .T. ) ;
#5695 = ORIENTED_EDGE ( 'NONE', *, *, #348, .T. ) ;
#5696 = EDGE_CURVE ( 'NONE', #8006, #3092, #412, .T. ) ;
#5697 = CARTESIAN_POINT ( 'NONE',  ( 40.00000000000000711, -14.80000000000000071, -42.80000000000001137 ) ) ;
#5698 = DIRECTION ( 'NONE',  ( 0.000000000000000000, 0.000000000000000000, 1.000000000000000000 ) ) ;
#5699 = CARTESIAN_POINT ( 'NONE',  ( -43.49999999999987921, -3.199999999999999734, 38.09999999999998721 ) ) ;
#5700 = EDGE_LOOP ( 'NONE', ( #3267, #6349, #3056, #9655 ) ) ;
#5701 = VERTEX_POINT ( 'NONE', #4829 ) ;
#5702 = ORIENTED_EDGE ( 'NONE', *, *, #9499, .T. ) ;
#5703 = ADVANCED_FACE ( 'NONE', ( #7136 ), #7948, .F. ) ;
#5704 = CARTESIAN_POINT ( 'NONE',  ( 50.00000000000096634, -3.199999999999999734, 38.09999999999966036 ) ) ;
#5705 = CARTESIAN_POINT ( 'NONE',  ( -48.00000000000050449, -8.192981740370447241, -47.99999999999936051 ) ) ;
#5706 = EDGE_CURVE ( 'NONE', #2574, #4952, #1210, .T. ) ;
#5707 = LINE ( 'NONE', #417, #8072 ) ;
#5708 = CARTESIAN_POINT ( 'NONE',  ( 36.20000000000000995, -5.000000000000001776, 42.89999999999999147 ) ) ;
#5709 = FACE_OUTER_BOUND ( 'NONE', #4167, .T. ) ;
#5710 = CYLINDRICAL_SURFACE ( 'NONE', #6832, 1.550000000000002709 ) ;
#5711 = CARTESIAN_POINT ( 'NONE',  ( 42.00000000000044764, -8.595666539559323027, 41.49999999999939604 ) ) ;
#5712 = CARTESIAN_POINT ( 'NONE',  ( -47.99999999999986500, -1.000000000000000000, 48.00000000000000711 ) ) ;
#5713 = ORIENTED_EDGE ( 'NONE', *, *, #3074, .F. ) ;
#5714 = EDGE_LOOP ( 'NONE', ( #324, #4978, #1468, #9440 ) ) ;
#5715 = ORIENTED_EDGE ( 'NONE', *, *, #6875, .T. ) ;
#5716 = CYLINDRICAL_SURFACE ( 'NONE', #5444, 2.999999999999999112 ) ;
#5717 = CARTESIAN_POINT ( 'NONE',  ( 42.49999999999982947, 7.750000000000000000, -50.00000000000000711 ) ) ;
#5718 = CARTESIAN_POINT ( 'NONE',  ( -49.99999999999820943, -5.000000000000000000, 27.09999999999918430 ) ) ;
#5719 = CARTESIAN_POINT ( 'NONE',  ( -42.00000000000044764, -1.000000000000000000, -41.49999999999939604 ) ) ;
#5720 = EDGE_CURVE ( 'NONE', #3487, #3167, #2508, .T. ) ;
#5721 = CARTESIAN_POINT ( 'NONE',  ( 29.25570636117180356, -7.878746809255209094, 42.39900314733213804 ) ) ;
#5722 = LINE ( 'NONE', #2536, #8200 ) ;
#5723 = ORIENTED_EDGE ( 'NONE', *, *, #2252, .T. ) ;
#5724 = EDGE_LOOP ( 'NONE', ( #2344, #6510 ) ) ;
#5725 = EDGE_CURVE ( 'NONE', #8273, #6716, #716, .T. ) ;
#5726 = DIRECTION ( 'NONE',  ( -1.000000000000000000, 0.000000000000000000, 0.000000000000000000 ) ) ;
#5727 = FACE_OUTER_BOUND ( 'NONE', #3901, .T. ) ;
#5728 = PLANE ( 'NONE',  #7048 ) ;
#5729 = VERTEX_POINT ( 'NONE', #5545 ) ;
#5730 = CIRCLE ( 'NONE', #10146, 2.350000000000001421 ) ;
#5731 = CARTESIAN_POINT ( 'NONE',  ( -36.54999999999913740, -3.199999999999999734, 50.00000000000165556 ) ) ;
#5732 = DIRECTION ( 'NONE',  ( 1.000000000000000000, 0.000000000000000000, -1.047444401652940007E-14 ) ) ;
#5733 = CARTESIAN_POINT ( 'NONE',  ( 42.00000000000032685, -3.199999999999999289, 30.49999999999968736 ) ) ;
#5734 = FACE_OUTER_BOUND ( 'NONE', #2088, .T. ) ;
#5735 = ORIENTED_EDGE ( 'NONE', *, *, #2340, .F. ) ;
#5736 = ORIENTED_EDGE ( 'NONE', *, *, #6029, .F. ) ;
#5737 = LINE ( 'NONE', #1996, #247 ) ;
#5738 = DIRECTION ( 'NONE',  ( 1.000000000000000000, 0.000000000000000000, 0.000000000000000000 ) ) ;
#5739 = ORIENTED_EDGE ( 'NONE', *, *, #6029, .T. ) ;
#5740 = CARTESIAN_POINT ( 'NONE',  ( 47.99999999999969447, -8.000000000000001776, -30.10000000000033538 ) ) ;
#5741 = CARTESIAN_POINT ( 'NONE',  ( 49.99999999999999289, -0.2000000000000000944, -31.30000000000035598 ) ) ;
#5742 = AXIS2_PLACEMENT_3D ( 'NONE', #7927, #2262, #5392 ) ;
#5743 = DIRECTION ( 'NONE',  ( -0.000000000000000000, 1.000000000000000000, -0.000000000000000000 ) ) ;
#5744 = ORIENTED_EDGE ( 'NONE', *, *, #9745, .F. ) ;
#5745 = ADVANCED_FACE ( 'NONE', ( #8822 ), #151, .F. ) ;
#5746 = ORIENTED_EDGE ( 'NONE', *, *, #8505, .F. ) ;
#5747 = EDGE_CURVE ( 'NONE', #2601, #5529, #9068, .T. ) ;
#5748 = VERTEX_POINT ( 'NONE', #8037 ) ;
#5749 = DIRECTION ( 'NONE',  ( 1.000000000000000000, 0.000000000000000000, -3.491481338843133355E-15 ) ) ;
#5750 = CARTESIAN_POINT ( 'NONE',  ( -39.26717609745511339, -11.42206835250892105, -48.00000000000000000 ) ) ;
#5751 = VERTEX_POINT ( 'NONE', #8669 ) ;
#5752 = CARTESIAN_POINT ( 'NONE',  ( 41.99999999999967315, -3.199999999999999289, -32.04999999999969162 ) ) ;
#5753 = AXIS2_PLACEMENT_3D ( 'NONE', #5323, #8445, #4187 ) ;
#5754 = CARTESIAN_POINT ( 'NONE',  ( 20.51918358845291834, -4.200000000000000178, 49.99999999999999289 ) ) ;
#5755 = LINE ( 'NONE', #4216, #5986 ) ;
#5756 = CARTESIAN_POINT ( 'NONE',  ( 42.00000000000031974, -8.000000000000001776, 30.09999999999939035 ) ) ;
#5757 = CARTESIAN_POINT ( 'NONE',  ( 16.60000000000228582, -1.000000000000000000, -50.00000000000000711 ) ) ;
#5758 = AXIS2_PLACEMENT_3D ( 'NONE', #4034, #7972, #4074 ) ;
#5759 = CARTESIAN_POINT ( 'NONE',  ( 31.29999999999983373, 1.000000000000000000, 50.00000000000000711 ) ) ;
#5760 = ADVANCED_FACE ( 'NONE', ( #7990 ), #8778, .T. ) ;
#5761 = EDGE_LOOP ( 'NONE', ( #2861, #7207, #4803, #5546, #9432 ) ) ;
#5762 = ORIENTED_EDGE ( 'NONE', *, *, #3033, .T. ) ;
#5763 = ADVANCED_FACE ( 'NONE', ( #6368 ), #4973, .F. ) ;
#5764 = AXIS2_PLACEMENT_3D ( 'NONE', #9358, #2475, #944 ) ;
#5765 = ORIENTED_EDGE ( 'NONE', *, *, #7116, .T. ) ;
#5766 = CYLINDRICAL_SURFACE ( 'NONE', #6261, 2.999999999999995559 ) ;
#5767 = AXIS2_PLACEMENT_3D ( 'NONE', #4934, #2573, #2620 ) ;
#5768 = LINE ( 'NONE', #3408, #4794 ) ;
#5769 = FACE_OUTER_BOUND ( 'NONE', #8549, .T. ) ;
#5770 = DIRECTION ( 'NONE',  ( 0.000000000000000000, 0.000000000000000000, 1.000000000000000000 ) ) ;
#5771 = DIRECTION ( 'NONE',  ( -0.000000000000000000, 1.000000000000000000, -0.000000000000000000 ) ) ;
#5772 = CIRCLE ( 'NONE', #8223, 2.350000000000001421 ) ;
#5773 = DIRECTION ( 'NONE',  ( 0.000000000000000000, 1.000000000000000000, 0.000000000000000000 ) ) ;
#5774 = ORIENTED_EDGE ( 'NONE', *, *, #6552, .T. ) ;
#5775 = EDGE_LOOP ( 'NONE', ( #1894, #6520 ) ) ;
#5776 = DIRECTION ( 'NONE',  ( -1.000000000000000000, -0.000000000000000000, 3.491481338843133355E-15 ) ) ;
#5777 = VECTOR ( 'NONE', #2639, 1000.000000000000000 ) ;
#5778 = CARTESIAN_POINT ( 'NONE',  ( -24.69999999999738094, -3.499999999999999556, 43.44999999999865281 ) ) ;
#5779 = LINE ( 'NONE', #4188, #3641 ) ;
#5780 = CARTESIAN_POINT ( 'NONE',  ( 28.14999999999983160, -3.199999999999998845, 48.00000000000000711 ) ) ;
#5781 = ORIENTED_EDGE ( 'NONE', *, *, #6088, .T. ) ;
#5782 = EDGE_CURVE ( 'NONE', #2008, #5223, #6516, .T. ) ;
#5783 = CARTESIAN_POINT ( 'NONE',  ( -43.49999999999987210, -3.199999999999999734, 40.44999999999998863 ) ) ;
#5784 = DIRECTION ( 'NONE',  ( 1.000000000000000000, -0.000000000000000000, -1.047444401652940007E-14 ) ) ;
#5785 = CYLINDRICAL_SURFACE ( 'NONE', #5259, 4.349999999999999645 ) ;
#5786 = AXIS2_PLACEMENT_3D ( 'NONE', #734, #5455, #2321 ) ;
#5787 = ORIENTED_EDGE ( 'NONE', *, *, #7533, .T. ) ;
#5788 = EDGE_CURVE ( 'NONE', #4833, #3526, #4772, .T. ) ;
#5789 = VERTEX_POINT ( 'NONE', #7278 ) ;
#5790 = CARTESIAN_POINT ( 'NONE',  ( -24.70000000000000995, -3.499999999999999556, -43.45000000000000995 ) ) ;
#5791 = CIRCLE ( 'NONE', #8244, 1.549999999999999378 ) ;
#5792 = CARTESIAN_POINT ( 'NONE',  ( -43.49999999999987921, -3.199999999999999734, 38.09999999999998721 ) ) ;
#5793 = ORIENTED_EDGE ( 'NONE', *, *, #9002, .T. ) ;
#5794 = LINE ( 'NONE', #1788, #2198 ) ;
#5795 = DIRECTION ( 'NONE',  ( -0.000000000000000000, 1.000000000000000000, -0.000000000000000000 ) ) ;
#5796 = DIRECTION ( 'NONE',  ( -1.000000000000000000, 0.000000000000000000, 0.000000000000000000 ) ) ;
#5797 = AXIS2_PLACEMENT_3D ( 'NONE', #8710, #8022, #6450 ) ;
#5798 = ORIENTED_EDGE ( 'NONE', *, *, #6226, .T. ) ;
#5799 = CIRCLE ( 'NONE', #1383, 1.000000000000000888 ) ;
#5800 = APPLICATION_CONTEXT ( 'automotive_design' ) ;
#5801 = EDGE_LOOP ( 'NONE', ( #2437, #7896 ) ) ;
#5802 = ORIENTED_EDGE ( 'NONE', *, *, #2503, .T. ) ;
#5803 = CIRCLE ( 'NONE', #5151, 1.549999999999999378 ) ;
#5804 = CIRCLE ( 'NONE', #4336, 1.550000000000002709 ) ;
#5805 = CARTESIAN_POINT ( 'NONE',  ( -36.49768257226426726, -9.286295298721279678, 48.00000000000000711 ) ) ;
#5806 = LINE ( 'NONE', #9030, #6075 ) ;
#5807 = ORIENTED_EDGE ( 'NONE', *, *, #1441, .F. ) ;
#5808 = CARTESIAN_POINT ( 'NONE',  ( -41.99999999999988631, -8.000000000000001776, 36.34618431751388101 ) ) ;
#5809 = AXIS2_PLACEMENT_3D ( 'NONE', #208, #6481, #9593 ) ;
#5810 = FACE_OUTER_BOUND ( 'NONE', #8923, .T. ) ;
#5811 = EDGE_CURVE ( 'NONE', #1598, #3588, #4823, .T. ) ;
#5812 = CARTESIAN_POINT ( 'NONE',  ( -49.99999999999999289, 1.000000000000000000, 42.50000000000051870 ) ) ;
#5813 = DIRECTION ( 'NONE',  ( 3.491481338843133355E-15, 0.000000000000000000, 1.000000000000000000 ) ) ;
#5814 = CARTESIAN_POINT ( 'NONE',  ( 48.00000000000032685, -3.199999999999999289, 30.49999999999932854 ) ) ;
#5815 = EDGE_CURVE ( 'NONE', #131, #1787, #1843, .T. ) ;
#5816 = VECTOR ( 'NONE', #9760, 1000.000000000000000 ) ;
#5817 = DIRECTION ( 'NONE',  ( 1.000000000000000000, 0.000000000000000000, -1.387778780781445676E-16 ) ) ;
#5818 = ORIENTED_EDGE ( 'NONE', *, *, #174, .F. ) ;
#5819 = VERTEX_POINT ( 'NONE', #9480 ) ;
#5820 = AXIS2_PLACEMENT_3D ( 'NONE', #3424, #7322, #9017 ) ;
#5821 = VERTEX_POINT ( 'NONE', #2454 ) ;
#5822 = DIRECTION ( 'NONE',  ( -0.000000000000000000, -0.000000000000000000, 1.000000000000000000 ) ) ;
#5823 = AXIS2_PLACEMENT_3D ( 'NONE', #3247, #7188, #4015 ) ;
#5824 = CARTESIAN_POINT ( 'NONE',  ( 39.77652549376226432, -11.50796415572370890, -48.00000000000000711 ) ) ;
#5825 = LINE ( 'NONE', #2741, #1530 ) ;
#5826 = AXIS2_PLACEMENT_3D ( 'NONE', #6084, #9201, #2182 ) ;
#5827 = CARTESIAN_POINT ( 'NONE',  ( 50.00000000000064659, -4.200000000000000178, 20.51918358845473023 ) ) ;
#5828 = EDGE_CURVE ( 'NONE', #7353, #7281, #67, .T. ) ;
#5829 = EDGE_CURVE ( 'NONE', #8753, #228, #8917, .T. ) ;
#5830 = CARTESIAN_POINT ( 'NONE',  ( -33.20265829503869526, -11.58488983591142585, 42.19261752477218153 ) ) ;
#5831 = ADVANCED_FACE ( 'NONE', ( #7427 ), #3540, .F. ) ;
#5832 = CARTESIAN_POINT ( 'NONE',  ( -15.00000000000000355, 1.000000000000000000, -40.00000000000000000 ) ) ;
#5833 = ORIENTED_EDGE ( 'NONE', *, *, #7563, .T. ) ;
#5834 = VECTOR ( 'NONE', #8668, 1000.000000000000000 ) ;
#5835 = VERTEX_POINT ( 'NONE', #2819 ) ;
#5836 = CARTESIAN_POINT ( 'NONE',  ( -41.99999999999819522, -5.000000000000000000, -27.10000000000049170 ) ) ;
#5837 = CARTESIAN_POINT ( 'NONE',  ( -32.84999999999983089, -3.199999999999999289, -43.50000000000001421 ) ) ;
#5838 = DIRECTION ( 'NONE',  ( -1.000000000000000000, 0.000000000000000000, 0.000000000000000000 ) ) ;
#5839 = DIRECTION ( 'NONE',  ( 0.000000000000000000, 0.000000000000000000, -1.000000000000000000 ) ) ;
#5840 = DIRECTION ( 'NONE',  ( -0.7071067811866064146, 0.000000000000000000, -0.7071067811864886199 ) ) ;
#5841 = VERTEX_POINT ( 'NONE', #459 ) ;
#5842 = CIRCLE ( 'NONE', #4365, 2.349999999999997868 ) ;
#5843 = CARTESIAN_POINT ( 'NONE',  ( 45.80000000000062244, -3.499999999999999556, 22.34999999999800835 ) ) ;
#5844 = CYLINDRICAL_SURFACE ( 'NONE', #256, 1.550000000000002709 ) ;
#5845 = FACE_OUTER_BOUND ( 'NONE', #6565, .T. ) ;
#5846 = ORIENTED_EDGE ( 'NONE', *, *, #5272, .F. ) ;
#5847 = ORIENTED_EDGE ( 'NONE', *, *, #7382, .F. ) ;
#5848 = CARTESIAN_POINT ( 'NONE',  ( -43.50000000000014211, -3.199999999999999734, -38.09999999999968168 ) ) ;
#5849 = DIRECTION ( 'NONE',  ( 0.000000000000000000, -0.000000000000000000, -1.000000000000000000 ) ) ;
#5850 = ORIENTED_EDGE ( 'NONE', *, *, #7867, .T. ) ;
#5851 = CARTESIAN_POINT ( 'NONE',  ( 24.69999999999998863, -3.499999999999999556, -45.80000000000000426 ) ) ;
#5852 = EDGE_CURVE ( 'NONE', #709, #8212, #2516, .T. ) ;
#5853 = CARTESIAN_POINT ( 'NONE',  ( 40.44999999999983231, -3.199999999999999289, -48.00000000000000711 ) ) ;
#5854 = EDGE_CURVE ( 'NONE', #9519, #4354, #408, .T. ) ;
#5855 = CARTESIAN_POINT ( 'NONE',  ( 14.99999999999982236, -1.000000000000000000, -40.00000000000000000 ) ) ;
#5856 = VERTEX_POINT ( 'NONE', #8352 ) ;
#5857 = EDGE_LOOP ( 'NONE', ( #8400, #4339 ) ) ;
#5858 = ORIENTED_EDGE ( 'NONE', *, *, #4522, .T. ) ;
#5859 = CARTESIAN_POINT ( 'NONE',  ( -15.00000000000000355, -1.000000000000000000, 15.00000000000000355 ) ) ;
#5860 = DIRECTION ( 'NONE',  ( 0.000000000000000000, 0.000000000000000000, -1.000000000000000000 ) ) ;
#5861 = ORIENTED_EDGE ( 'NONE', *, *, #2121, .F. ) ;
#5862 = DIRECTION ( 'NONE',  ( -0.000000000000000000, -0.000000000000000000, 1.000000000000000000 ) ) ;
#5863 = FACE_OUTER_BOUND ( 'NONE', #1126, .T. ) ;
#5864 = DIRECTION ( 'NONE',  ( 0.000000000000000000, 0.000000000000000000, -1.000000000000000000 ) ) ;
#5865 = DIRECTION ( 'NONE',  ( 0.000000000000000000, -1.000000000000000000, 0.000000000000000000 ) ) ;
#5866 = CARTESIAN_POINT ( 'NONE',  ( 48.99999999999999289, 1.000000000000000000, -42.50000000000017764 ) ) ;
#5867 = ORIENTED_EDGE ( 'NONE', *, *, #5900, .F. ) ;
#5868 = VERTEX_POINT ( 'NONE', #2657 ) ;
#5869 = ORIENTED_EDGE ( 'NONE', *, *, #9876, .F. ) ;
#5870 = LINE ( 'NONE', #316, #4780 ) ;
#5871 = PLANE ( 'NONE',  #4747 ) ;
#5872 = CARTESIAN_POINT ( 'NONE',  ( 45.80000000000062244, -3.499999999999999556, 24.69999999999800622 ) ) ;
#5873 = FACE_OUTER_BOUND ( 'NONE', #143, .T. ) ;
#5874 = CARTESIAN_POINT ( 'NONE',  ( -33.14500418240479007, -8.269285698711669852, 42.81932402232660451 ) ) ;
#5875 = FACE_OUTER_BOUND ( 'NONE', #4864, .T. ) ;
#5876 = EDGE_LOOP ( 'NONE', ( #263, #2145, #6686, #314, #5122, #3599, #3131, #10037, #578, #5137, #9696, #6474, #9934, #4391, #9669, #6106, #3280, #4152, #4438, #252, #3737, #3819, #9607, #1791 ) ) ;
#5877 = ORIENTED_EDGE ( 'NONE', *, *, #1076, .F. ) ;
#5878 = DIRECTION ( 'NONE',  ( 0.000000000000000000, 0.000000000000000000, 1.000000000000000000 ) ) ;
#5879 = EDGE_CURVE ( 'NONE', #7615, #8161, #8251, .T. ) ;
#5880 = EDGE_CURVE ( 'NONE', #972, #6286, #3587, .T. ) ;
#5881 = EDGE_CURVE ( 'NONE', #3331, #9779, #9888, .T. ) ;
#5882 = DIRECTION ( 'NONE',  ( 6.982962677686267499E-15, -0.000000000000000000, 1.000000000000000000 ) ) ;
#5883 = DIRECTION ( 'NONE',  ( 0.000000000000000000, -0.000000000000000000, -1.000000000000000000 ) ) ;
#5884 = PLANE ( 'NONE',  #4798 ) ;
#5885 = DIRECTION ( 'NONE',  ( 0.000000000000000000, -1.000000000000000000, 0.000000000000000000 ) ) ;
#5886 = ORIENTED_EDGE ( 'NONE', *, *, #1871, .F. ) ;
#5887 = DIRECTION ( 'NONE',  ( 2.952720810173286943E-15, 0.000000000000000000, 1.000000000000000000 ) ) ;
#5888 = LINE ( 'NONE', #1317, #4274 ) ;
#5889 = EDGE_LOOP ( 'NONE', ( #5702, #4415, #3832, #4995 ) ) ;
#5890 = VERTEX_POINT ( 'NONE', #7530 ) ;
#5891 = VERTEX_POINT ( 'NONE', #8308 ) ;
#5892 = EDGE_CURVE ( 'NONE', #3953, #5821, #3486, .T. ) ;
#5893 = CARTESIAN_POINT ( 'NONE',  ( 30.50000000000013856, -3.199999999999999289, 43.49999999999980105 ) ) ;
#5894 = DIRECTION ( 'NONE',  ( -0.000000000000000000, 1.000000000000000000, -0.000000000000000000 ) ) ;
#5895 = ORIENTED_EDGE ( 'NONE', *, *, #7527, .F. ) ;
#5896 = DIRECTION ( 'NONE',  ( 1.000000000000000000, -0.000000000000000000, -3.491481338843133355E-15 ) ) ;
#5897 = LINE ( 'NONE', #9022, #7292 ) ;
#5898 = VECTOR ( 'NONE', #8675, 1000.000000000000000 ) ;
#5899 = ORIENTED_EDGE ( 'NONE', *, *, #6163, .T. ) ;
#5900 = EDGE_CURVE ( 'NONE', #9619, #6274, #6673, .T. ) ;
#5901 = ORIENTED_EDGE ( 'NONE', *, *, #1364, .F. ) ;
#5902 = CARTESIAN_POINT ( 'NONE',  ( 50.00000000000093081, -3.199999999999999289, 28.94999999999965823 ) ) ;
#5903 = LINE ( 'NONE', #8104, #1807 ) ;
#5904 = AXIS2_PLACEMENT_3D ( 'NONE', #6835, #5238, #1337 ) ;
#5905 = ORIENTED_EDGE ( 'NONE', *, *, #9622, .F. ) ;
#5906 = CARTESIAN_POINT ( 'NONE',  ( 45.80000000000062244, 1.000000000000000000, 24.69999999999800622 ) ) ;
#5907 = DIRECTION ( 'NONE',  ( 0.000000000000000000, -1.000000000000000000, -0.000000000000000000 ) ) ;
#5908 = CARTESIAN_POINT ( 'NONE',  ( 27.09999999999983089, -0.1999999999999999833, 48.00000000000000711 ) ) ;
#5909 = EDGE_CURVE ( 'NONE', #6384, #7987, #7585, .T. ) ;
#5910 = CARTESIAN_POINT ( 'NONE',  ( -43.49999999999988631, -3.199999999999999734, -36.54999999999998295 ) ) ;
#5911 = CARTESIAN_POINT ( 'NONE',  ( -39.45595944021525980, -5.040306874636979906, -42.00000000000001421 ) ) ;
#5912 = CARTESIAN_POINT ( 'NONE',  ( -48.00000000000014921, -8.450928971065298612, -39.37137840356200513 ) ) ;
#5913 = ORIENTED_EDGE ( 'NONE', *, *, #864, .T. ) ;
#5914 = AXIS2_PLACEMENT_3D ( 'NONE', #3475, #1112, #7317 ) ;
#5915 = EDGE_LOOP ( 'NONE', ( #5082, #1774 ) ) ;
#5916 = EDGE_CURVE ( 'NONE', #9867, #3588, #10145, .T. ) ;
#5917 = ORIENTED_EDGE ( 'NONE', *, *, #9597, .F. ) ;
#5918 = CARTESIAN_POINT ( 'NONE',  ( -27.09999999999983089, -5.000000000000002665, -48.00000000000000711 ) ) ;
#5919 = DIRECTION ( 'NONE',  ( 0.000000000000000000, 1.000000000000000000, 0.000000000000000000 ) ) ;
#5920 = CARTESIAN_POINT ( 'NONE',  ( -30.49999999999983302, -3.199999999999999289, -48.00000000000000711 ) ) ;
#5921 = FACE_BOUND ( 'NONE', #2801, .T. ) ;
#5922 = CIRCLE ( 'NONE', #1000, 2.350000000000001421 ) ;
#5923 = DIRECTION ( 'NONE',  ( 0.000000000000000000, 0.000000000000000000, -1.000000000000000000 ) ) ;
#5924 = EDGE_CURVE ( 'NONE', #227, #6865, #3028, .T. ) ;
#5925 = PLANE ( 'NONE',  #2362 ) ;
#5926 = CARTESIAN_POINT ( 'NONE',  ( -30.09999999999983089, -8.000000000000001776, 42.00000000000000711 ) ) ;
#5927 = ORIENTED_EDGE ( 'NONE', *, *, #1744, .T. ) ;
#5928 = VECTOR ( 'NONE', #7465, 1000.000000000000000 ) ;
#5929 = ORIENTED_EDGE ( 'NONE', *, *, #9450, .T. ) ;
#5930 = CARTESIAN_POINT ( 'NONE',  ( 32.84999999999983089, -3.199999999999999289, 43.50000000000001421 ) ) ;
#5931 = VECTOR ( 'NONE', #7556, 1000.000000000000000 ) ;
#5932 = CARTESIAN_POINT ( 'NONE',  ( -50.00000000000012079, -0.1999999999999999833, -31.29999999999966320 ) ) ;
#5933 = CARTESIAN_POINT ( 'NONE',  ( -40.00000000000000000, -1.000000000000000000, -14.99999999999982236 ) ) ;
#5934 = CARTESIAN_POINT ( 'NONE',  ( 15.00000000000000355, 1.000000000000000000, -15.00000000000000355 ) ) ;
#5935 = AXIS2_PLACEMENT_3D ( 'NONE', #5522, #8645, #7103 ) ;
#5936 = DIRECTION ( 'NONE',  ( 1.000000000000000000, -0.000000000000000000, -1.047444401652940007E-14 ) ) ;
#5937 = ORIENTED_EDGE ( 'NONE', *, *, #3745, .F. ) ;
#5938 = DIRECTION ( 'NONE',  ( 1.047444401652940007E-14, 0.000000000000000000, 1.000000000000000000 ) ) ;
#5939 = EDGE_CURVE ( 'NONE', #9560, #2825, #5480, .T. ) ;
#5940 = VECTOR ( 'NONE', #5949, 1000.000000000000000 ) ;
#5942 = EDGE_CURVE ( 'NONE', #6192, #131, #5235, .T. ) ;
#5941 = PLANE ( 'NONE',  #2808 ) ;
#5943 = ADVANCED_FACE ( 'NONE', ( #3637, #6773 ), #4305, .T. ) ;
#5944 = ORIENTED_EDGE ( 'NONE', *, *, #6351, .T. ) ;
#5945 = ORIENTED_EDGE ( 'NONE', *, *, #2668, .F. ) ;
#5946 = VECTOR ( 'NONE', #204, 1000.000000000000000 ) ;
#5947 = ORIENTED_EDGE ( 'NONE', *, *, #1252, .T. ) ;
#5948 = DIRECTION ( 'NONE',  ( -1.000000000000000000, -0.000000000000000000, -0.000000000000000000 ) ) ;
#5949 = DIRECTION ( 'NONE',  ( -1.000000000000000000, -0.000000000000000000, 3.491481338843133355E-15 ) ) ;
#5950 = VERTEX_POINT ( 'NONE', #9128 ) ;
#5951 = CARTESIAN_POINT ( 'NONE',  ( -48.00000000000012790, -8.000000000000001776, -35.03324392040036628 ) ) ;
#5952 = AXIS2_PLACEMENT_3D ( 'NONE', #3409, #7302, #5004 ) ;
#5953 = DIRECTION ( 'NONE',  ( 8.953411488912536510E-15, 0.000000000000000000, 1.000000000000000000 ) ) ;
#5954 = EDGE_CURVE ( 'NONE', #3546, #5423, #1331, .T. ) ;
#5955 = CARTESIAN_POINT ( 'NONE',  ( -41.49999999999983658, 0.000000000000000000, -50.00000000000000711 ) ) ;
#5956 = EDGE_CURVE ( 'NONE', #9314, #7364, #1222, .T. ) ;
#5957 = VERTEX_POINT ( 'NONE', #8974 ) ;
#5958 = AXIS2_PLACEMENT_3D ( 'NONE', #7236, #3547, #1800 ) ;
#5959 = ORIENTED_EDGE ( 'NONE', *, *, #7818, .F. ) ;
#5960 = CARTESIAN_POINT ( 'NONE',  ( -37.19586187348502904, -5.000000000000001776, 42.00000000000000711 ) ) ;
#5962 = CARTESIAN_POINT ( 'NONE',  ( -45.80000000000062244, -3.499999999999999556, -24.69999999999800622 ) ) ;
#5961 = AXIS2_PLACEMENT_3D ( 'NONE', #1645, #6411, #4917 ) ;
#5963 = ORIENTED_EDGE ( 'NONE', *, *, #2713, .T. ) ;
#5964 = CYLINDRICAL_SURFACE ( 'NONE', #3991, 1.550000000000002709 ) ;
#5965 = DIRECTION ( 'NONE',  ( -0.000000000000000000, -1.000000000000000000, -0.000000000000000000 ) ) ;
#5966 = CARTESIAN_POINT ( 'NONE',  ( -30.32255397684023634, -8.046712545938000005, 42.00000000000001421 ) ) ;
#5967 = CARTESIAN_POINT ( 'NONE',  ( -43.49999999999987921, -3.199999999999999734, 38.09999999999998721 ) ) ;
#5968 = ADVANCED_FACE ( 'NONE', ( #9286 ), #8409, .T. ) ;
#5969 = VECTOR ( 'NONE', #8418, 1000.000000000000000 ) ;
#5970 = CARTESIAN_POINT ( 'NONE',  ( -48.00000000000015632, -8.764841589133277822, -42.07151923710802777 ) ) ;
#5971 = ORIENTED_EDGE ( 'NONE', *, *, #662, .T. ) ;
#5972 = AXIS2_PLACEMENT_3D ( 'NONE', #9890, #2879, #6010 ) ;
#5973 = VERTEX_POINT ( 'NONE', #3846 ) ;
#5974 = AXIS2_PLACEMENT_3D ( 'NONE', #2630, #5771, #3411 ) ;
#5975 = ORIENTED_EDGE ( 'NONE', *, *, #7172, .T. ) ;
#5976 = VECTOR ( 'NONE', #1207, 1000.000000000000000 ) ;
#5977 = DIRECTION ( 'NONE',  ( 1.000000000000000000, 0.000000000000000000, 0.000000000000000000 ) ) ;
#5978 = CARTESIAN_POINT ( 'NONE',  ( 47.99999999999963762, -8.000000000000001776, -35.03324392039986890 ) ) ;
#5979 = CARTESIAN_POINT ( 'NONE',  ( 21.49897948556618843, -5.000000000000000000, 42.00000000000000711 ) ) ;
#5980 = LINE ( 'NONE', #7398, #900 ) ;
#5981 = AXIS2_PLACEMENT_3D ( 'NONE', #3761, #5310, #8582 ) ;
#5982 = CARTESIAN_POINT ( 'NONE',  ( -24.69999999999738094, -3.499999999999999556, 45.79999999999864713 ) ) ;
#5983 = CARTESIAN_POINT ( 'NONE',  ( -50.00000000000000711, 1.000000000000000000, -50.00000000000000711 ) ) ;
#5984 = EDGE_CURVE ( 'NONE', #5819, #3733, #2877, .T. ) ;
#5985 = DIRECTION ( 'NONE',  ( 0.000000000000000000, 0.000000000000000000, -1.000000000000000000 ) ) ;
#5986 = VECTOR ( 'NONE', #3349, 1000.000000000000000 ) ;
#5987 = ORIENTED_EDGE ( 'NONE', *, *, #5194, .T. ) ;
#5988 = EDGE_LOOP ( 'NONE', ( #4809, #6089, #9405 ) ) ;
#5989 = DIRECTION ( 'NONE',  ( 0.000000000000000000, 0.000000000000000000, -1.000000000000000000 ) ) ;
#5990 = CARTESIAN_POINT ( 'NONE',  ( -27.09999999999983089, -5.000000000000002665, -42.00000000000000711 ) ) ;
#5991 = CARTESIAN_POINT ( 'NONE',  ( -49.99999999999999289, 1.000000000000000000, 49.99999999999999289 ) ) ;
#5993 = DIRECTION ( 'NONE',  ( 0.000000000000000000, -0.000000000000000000, 1.000000000000000000 ) ) ;
#5992 = AXIS2_PLACEMENT_3D ( 'NONE', #7523, #7579, #5281 ) ;
#5994 = DIRECTION ( 'NONE',  ( 0.000000000000000000, 1.000000000000000000, 0.000000000000000000 ) ) ;
#5995 = EDGE_LOOP ( 'NONE', ( #5166, #8115, #2613, #5033, #312 ) ) ;
#5996 = CYLINDRICAL_SURFACE ( 'NONE', #4154, 2.349999999999997868 ) ;
#5997 = CIRCLE ( 'NONE', #6983, 1.550000000000002709 ) ;
#5998 = CARTESIAN_POINT ( 'NONE',  ( 31.70215005710009493, -8.521639786129791005, -42.00000000000000711 ) ) ;
#5999 = ORIENTED_EDGE ( 'NONE', *, *, #354, .T. ) ;
#6000 = VERTEX_POINT ( 'NONE', #3741 ) ;
#6001 = AXIS2_PLACEMENT_3D ( 'NONE', #7191, #6483, #9541 ) ;
#6002 = ORIENTED_EDGE ( 'NONE', *, *, #9453, .T. ) ;
#6003 = CARTESIAN_POINT ( 'NONE',  ( 50.00000000000000000, -4.000000000000000000, -21.49897948556438365 ) ) ;
#6004 = AXIS2_PLACEMENT_3D ( 'NONE', #9200, #8913, #7610 ) ;
#6005 = EDGE_CURVE ( 'NONE', #6519, #8426, #399, .T. ) ;
#6006 = CARTESIAN_POINT ( 'NONE',  ( 36.20000000000000995, -9.000000000000001776, 40.54999999999999716 ) ) ;
#6007 = EDGE_LOOP ( 'NONE', ( #4491, #6676 ) ) ;
#6008 = DIRECTION ( 'NONE',  ( 4.625929269271486900E-15, 0.000000000000000000, 1.000000000000000000 ) ) ;
#6009 = CYLINDRICAL_SURFACE ( 'NONE', #8938, 1.550000000000002709 ) ;
#6010 = DIRECTION ( 'NONE',  ( -1.047444401652940007E-14, 0.000000000000000000, -1.000000000000000000 ) ) ;
#6011 = AXIS2_PLACEMENT_3D ( 'NONE', #1510, #6999, #10119 ) ;
#6012 = ORIENTED_EDGE ( 'NONE', *, *, #9499, .F. ) ;
#6013 = EDGE_CURVE ( 'NONE', #5400, #6455, #6952, .T. ) ;
#6014 = ADVANCED_FACE ( 'NONE', ( #657 ), #7641, .T. ) ;
#6015 = EDGE_CURVE ( 'NONE', #5701, #4685, #9330, .T. ) ;
#6016 = ADVANCED_FACE ( 'NONE', ( #3897 ), #719, .T. ) ;
#6017 = FACE_OUTER_BOUND ( 'NONE', #3012, .T. ) ;
#6018 = LINE ( 'NONE', #2161, #2960 ) ;
#6019 = ORIENTED_EDGE ( 'NONE', *, *, #133, .F. ) ;
#6020 = CARTESIAN_POINT ( 'NONE',  ( 49.99999999999999289, 1.000000000000000000, -50.00000000000000711 ) ) ;
#6021 = PLANE ( 'NONE',  #3691 ) ;
#6022 = DIRECTION ( 'NONE',  ( 1.000000000000000000, 0.000000000000000000, 0.000000000000000000 ) ) ;
#6023 = PRESENTATION_STYLE_ASSIGNMENT (( #3649 ) ) ;
#6024 = CARTESIAN_POINT ( 'NONE',  ( -35.52719882172834076, -13.11528623457355103, -42.00000000000000000 ) ) ;
#6025 = EDGE_LOOP ( 'NONE', ( #1113, #9956, #176, #2544 ) ) ;
#6026 = ORIENTED_EDGE ( 'NONE', *, *, #7883, .F. ) ;
#6027 = EDGE_CURVE ( 'NONE', #4563, #5729, #1443, .T. ) ;
#6028 = ORIENTED_EDGE ( 'NONE', *, *, #1596, .T. ) ;
#6029 = EDGE_CURVE ( 'NONE', #5471, #2767, #6060, .T. ) ;
#6030 = DIRECTION ( 'NONE',  ( 1.000000000000000000, -0.000000000000000000, -1.047444401652940007E-14 ) ) ;
#6031 = LINE ( 'NONE', #8948, #8226 ) ;
#6032 = CARTESIAN_POINT ( 'NONE',  ( 0.000000000000000000, -1.000000000000000000, 0.000000000000000000 ) ) ;
#6033 = CARTESIAN_POINT ( 'NONE',  ( 30.09999999999983444, -14.80000000000000071, -47.92957113217046583 ) ) ;
#6034 = LINE ( 'NONE', #9149, #9415 ) ;
#6035 = DIRECTION ( 'NONE',  ( -1.000000000000000000, 0.000000000000000000, -0.000000000000000000 ) ) ;
#6036 = CARTESIAN_POINT ( 'NONE',  ( 41.50000000000000000, 0.9999999999999997780, 49.58578643762690774 ) ) ;
#6037 = DIRECTION ( 'NONE',  ( 0.000000000000000000, 1.000000000000000000, 0.000000000000000000 ) ) ;
#6038 = VERTEX_POINT ( 'NONE', #7789 ) ;
#6039 = ORIENTED_EDGE ( 'NONE', *, *, #5829, .F. ) ;
#6040 = CARTESIAN_POINT ( 'NONE',  ( -29.72240394554846077, -7.976145028017221250, -41.93473873962874876 ) ) ;
#6041 = ADVANCED_FACE ( 'NONE', ( #9176 ), #3029, .F. ) ;
#6042 = ADVANCED_FACE ( 'NONE', ( #5389 ), #2303, .F. ) ;
#6043 = CARTESIAN_POINT ( 'NONE',  ( -45.79999999999802185, 1.000000000000000000, 22.35000000000063025 ) ) ;
#6044 = DIRECTION ( 'NONE',  ( 0.000000000000000000, -1.000000000000000000, 0.000000000000000000 ) ) ;
#6045 = CARTESIAN_POINT ( 'NONE',  ( 38.42073318738379584, -5.313418668134276324, 42.00000000000001421 ) ) ;
#6046 = CARTESIAN_POINT ( 'NONE',  ( 45.80000000000062244, -3.499999999999999556, -24.69999999999800622 ) ) ;
#6047 = ORIENTED_EDGE ( 'NONE', *, *, #7640, .F. ) ;
#6048 = DIRECTION ( 'NONE',  ( 0.000000000000000000, 0.000000000000000000, 1.000000000000000000 ) ) ;
#6049 = CARTESIAN_POINT ( 'NONE',  ( 33.71777083684487053, -9.926165891779293204, -42.00000000000001421 ) ) ;
#6050 = EDGE_CURVE ( 'NONE', #7314, #7255, #4153, .T. ) ;
#6051 = ORIENTED_EDGE ( 'NONE', *, *, #4186, .F. ) ;
#6052 = VERTEX_POINT ( 'NONE', #5933 ) ;
#6053 = VERTEX_POINT ( 'NONE', #4284 ) ;
#6054 = ORIENTED_EDGE ( 'NONE', *, *, #4662, .T. ) ;
#6055 = LINE ( 'NONE', #8459, #5173 ) ;
#6056 = FACE_BOUND ( 'NONE', #8989, .T. ) ;
#6057 = VERTEX_POINT ( 'NONE', #7410 ) ;
#6058 = CARTESIAN_POINT ( 'NONE',  ( 47.99999999999957367, -1.000000000000000000, -41.50000000000033396 ) ) ;
#6059 = CARTESIAN_POINT ( 'NONE',  ( 16.59999999999983444, -5.000000000000000000, 50.00000000000000711 ) ) ;
#6060 = LINE ( 'NONE', #10042, #3834 ) ;
#6061 = ORIENTED_EDGE ( 'NONE', *, *, #5577, .F. ) ;
#6062 = CARTESIAN_POINT ( 'NONE',  ( -41.49999999999983658, 3.236067977499853310, -49.99999999999999289 ) ) ;
#6063 = CARTESIAN_POINT ( 'NONE',  ( -37.49999999999999289, -8.400000000000000355, 42.89999999999999147 ) ) ;
#6064 = ORIENTED_EDGE ( 'NONE', *, *, #4444, .T. ) ;
#6065 = CARTESIAN_POINT ( 'NONE',  ( -49.99999999999999289, -0.2000000000000000944, 31.30000000000000071 ) ) ;
#6066 = CARTESIAN_POINT ( 'NONE',  ( -31.29999999999983373, -0.1999999999999999833, 48.00000000000000711 ) ) ;
#6067 = VECTOR ( 'NONE', #2683, 1000.000000000000000 ) ;
#6068 = DIRECTION ( 'NONE',  ( 0.000000000000000000, 0.000000000000000000, 1.000000000000000000 ) ) ;
#6069 = DIRECTION ( 'NONE',  ( 1.000000000000000000, 0.000000000000000000, -1.047444401652940007E-14 ) ) ;
#6070 = EDGE_CURVE ( 'NONE', #7255, #7314, #9403, .T. ) ;
#6071 = EDGE_CURVE ( 'NONE', #6935, #9687, #5803, .T. ) ;
#6072 = ORIENTED_EDGE ( 'NONE', *, *, #5158, .F. ) ;
#6073 = ORIENTED_EDGE ( 'NONE', *, *, #2713, .F. ) ;
#6074 = ORIENTED_EDGE ( 'NONE', *, *, #8138, .F. ) ;
#6075 = VECTOR ( 'NONE', #6572, 1000.000000000000000 ) ;
#6076 = DIRECTION ( 'NONE',  ( 1.000000000000000000, 0.000000000000000000, -1.047444401652940007E-14 ) ) ;
#6077 = CARTESIAN_POINT ( 'NONE',  ( -42.00000000000012790, -9.379889862443031134, -36.07005218140344738 ) ) ;
#6078 = CARTESIAN_POINT ( 'NONE',  ( 40.25143651580490456, -5.025393101198560863, -42.00000000000000000 ) ) ;
#6079 = CARTESIAN_POINT ( 'NONE',  ( 43.49999999999958078, -3.199999999999999734, -40.45000000000028706 ) ) ;
#6080 = ADVANCED_FACE ( 'NONE', ( #8959 ), #8388, .T. ) ;
#6081 = AXIS2_PLACEMENT_3D ( 'NONE', #5525, #2432, #3107 ) ;
#6082 = DIRECTION ( 'NONE',  ( -1.000000000000000000, -0.000000000000000000, 3.491481338843133355E-15 ) ) ;
#6083 = DIRECTION ( 'NONE',  ( 0.000000000000000000, -1.000000000000000000, 0.000000000000000000 ) ) ;
#6084 = CARTESIAN_POINT ( 'NONE',  ( 47.99999999999960210, -3.199999999999999734, -38.10000000000033538 ) ) ;
#6085 = B_SPLINE_CURVE_WITH_KNOTS ( 'NONE', 3,
 ( #3196, #1605, #8524, #3909, #781, #7038, #1652, #828, #1504, #5507, #4781, #3861, #8632, #4, #8730, #7897, #10114, #3143 ),
 .UNSPECIFIED., .F., .F.,
 ( 4, 2, 2, 2, 2, 2, 2, 2, 4 ),
 ( -0.002795617564603861301, -0.001983466143858703297, -0.001171314723113545510, -0.0003591633023683877234, 0.0004529881183767702803, 0.001265139539121927850, 0.002077290959867085854, 0.002889442380612243857, 0.003701593801357401861 ),
 .UNSPECIFIED. ) ;
#6086 = VECTOR ( 'NONE', #6260, 1000.000000000000000 ) ;
#6087 = CARTESIAN_POINT ( 'NONE',  ( 41.99999999999969447, -8.000000000000001776, -30.10000000000027143 ) ) ;
#6088 = EDGE_CURVE ( 'NONE', #625, #5505, #2798, .T. ) ;
#6089 = ORIENTED_EDGE ( 'NONE', *, *, #4186, .T. ) ;
#6090 = VERTEX_POINT ( 'NONE', #9059 ) ;
#6091 = DIRECTION ( 'NONE',  ( -1.000000000000000000, 0.000000000000000000, 3.491481338843133355E-15 ) ) ;
#6092 = TOROIDAL_SURFACE ( 'NONE', #5758, 7.949999999999998401, 3.600000000000000089 ) ;
#6093 = CARTESIAN_POINT ( 'NONE',  ( 35.69391908161948379, -8.693516369548854428, -42.12132775565073217 ) ) ;
#6094 = DIRECTION ( 'NONE',  ( 0.000000000000000000, 0.000000000000000000, -1.000000000000000000 ) ) ;
#6095 = FACE_OUTER_BOUND ( 'NONE', #292, .T. ) ;
#6096 = ORIENTED_EDGE ( 'NONE', *, *, #7803, .T. ) ;
#6097 = CARTESIAN_POINT ( 'NONE',  ( 29.92210892992071791, -8.000000000000003553, 47.53002879180125717 ) ) ;
#6098 = CARTESIAN_POINT ( 'NONE',  ( -49.99999999999999289, 0.000000000000000000, 49.99999999999999289 ) ) ;
#6099 = ORIENTED_EDGE ( 'NONE', *, *, #9076, .F. ) ;
#6100 = VERTEX_POINT ( 'NONE', #390 ) ;
#6101 = ORIENTED_EDGE ( 'NONE', *, *, #2192, .T. ) ;
#6102 = ORIENTED_EDGE ( 'NONE', *, *, #3033, .F. ) ;
#6103 = CIRCLE ( 'NONE', #9845, 1.550000000000002709 ) ;
#6104 = CARTESIAN_POINT ( 'NONE',  ( 24.70000000000261764, 1.000000000000000000, 43.44999999999865281 ) ) ;
#6105 = ADVANCED_FACE ( 'NONE', ( #8231 ), #539, .F. ) ;
#6106 = ORIENTED_EDGE ( 'NONE', *, *, #1114, .F. ) ;
#6107 = AXIS2_PLACEMENT_3D ( 'NONE', #5644, #2450, #5738 ) ;
#6108 = ORIENTED_EDGE ( 'NONE', *, *, #4077, .T. ) ;
#6109 = CARTESIAN_POINT ( 'NONE',  ( 16.59999999999983444, -5.000000000000000000, 49.99999999999999289 ) ) ;
#6110 = DIRECTION ( 'NONE',  ( 0.000000000000000000, 0.000000000000000000, -1.000000000000000000 ) ) ;
#6111 = DIRECTION ( 'NONE',  ( 0.000000000000000000, 0.000000000000000000, -1.000000000000000000 ) ) ;
#6112 = AXIS2_PLACEMENT_3D ( 'NONE', #2770, #3891, #3544 ) ;
#6113 = CIRCLE ( 'NONE', #1684, 4.000000000000000000 ) ;
#6114 = ORIENTED_EDGE ( 'NONE', *, *, #7661, .T. ) ;
#6115 = EDGE_CURVE ( 'NONE', #1036, #281, #4496, .T. ) ;
#6116 = VECTOR ( 'NONE', #2193, 1000.000000000000000 ) ;
#6117 = CARTESIAN_POINT ( 'NONE',  ( -45.79999999999802185, -3.499999999999999556, -24.69999999999937046 ) ) ;
#6118 = ORIENTED_EDGE ( 'NONE', *, *, #549, .T. ) ;
#6119 = CARTESIAN_POINT ( 'NONE',  ( 48.00000000000033396, -0.1999999999999999833, 31.29999999999933635 ) ) ;
#6120 = CARTESIAN_POINT ( 'NONE',  ( 16.59999999999983444, -5.000000000000000000, 42.00000000000000711 ) ) ;
#6121 = CARTESIAN_POINT ( 'NONE',  ( -41.49999999999983658, -1.000000000000000000, 48.00000000000000711 ) ) ;
#6122 = CARTESIAN_POINT ( 'NONE',  ( 41.99999999999961631, -13.01620388842863640, -38.67489964723634444 ) ) ;
#6123 = ORIENTED_EDGE ( 'NONE', *, *, #3743, .F. ) ;
#6124 = AXIS2_PLACEMENT_3D ( 'NONE', #3760, #4385, #2900 ) ;
#6125 = ORIENTED_EDGE ( 'NONE', *, *, #10001, .T. ) ;
#6126 = ORIENTED_EDGE ( 'NONE', *, *, #8169, .T. ) ;
#6127 = DIRECTION ( 'NONE',  ( 0.000000000000000000, 0.000000000000000000, 1.000000000000000000 ) ) ;
#6128 = CARTESIAN_POINT ( 'NONE',  ( -41.99999999999991473, -1.000000000000000000, 27.09999999999997655 ) ) ;
#6129 = EDGE_CURVE ( 'NONE', #3243, #2868, #7757, .T. ) ;
#6130 = ADVANCED_FACE ( 'NONE', ( #1983 ), #7466, .T. ) ;
#6131 = CARTESIAN_POINT ( 'NONE',  ( -41.49999999999983658, -1.000000000000000000, 48.00000000000000711 ) ) ;
#6132 = AXIS2_PLACEMENT_3D ( 'NONE', #7439, #2520, #5661 ) ;
#6133 = LINE ( 'NONE', #5512, #3191 ) ;
#6134 = FACE_OUTER_BOUND ( 'NONE', #9236, .T. ) ;
#6135 = DIRECTION ( 'NONE',  ( 0.000000000000000000, 1.000000000000000000, 0.000000000000000000 ) ) ;
#6136 = CARTESIAN_POINT ( 'NONE',  ( 41.49999999999983658, -9.083282861672605790, 42.00000000000000711 ) ) ;
#6137 = CIRCLE ( 'NONE', #5139, 2.999999999999999112 ) ;
#6138 = CARTESIAN_POINT ( 'NONE',  ( -39.65000000000044622, -3.199999999999999734, -43.49999999999945288 ) ) ;
#6139 = ORIENTED_EDGE ( 'NONE', *, *, #6873, .T. ) ;
#6140 = CIRCLE ( 'NONE', #6299, 1.550000000000002709 ) ;
#6141 = ORIENTED_EDGE ( 'NONE', *, *, #3456, .F. ) ;
#6142 = EDGE_LOOP ( 'NONE', ( #3507, #3242, #7086, #7573 ) ) ;
#6143 = VECTOR ( 'NONE', #6451, 1000.000000000000000 ) ;
#6144 = EDGE_CURVE ( 'NONE', #1531, #2057, #6304, .T. ) ;
#6145 = FACE_BOUND ( 'NONE', #2555, .T. ) ;
#6146 = AXIS2_PLACEMENT_3D ( 'NONE', #6170, #7028, #715 ) ;
#6147 = FACE_OUTER_BOUND ( 'NONE', #6559, .T. ) ;
#6148 = ADVANCED_FACE ( 'NONE', ( #9816 ), #596, .F. ) ;
#6149 = EDGE_CURVE ( 'NONE', #3439, #9634, #5061, .T. ) ;
#6150 = CARTESIAN_POINT ( 'NONE',  ( 36.74972969285089874, -5.000000000000001776, 42.00000000000000711 ) ) ;
#6151 = AXIS2_PLACEMENT_3D ( 'NONE', #4545, #9304, #684 ) ;
#6152 = CARTESIAN_POINT ( 'NONE',  ( -42.00000000000010658, -3.199999999999999289, -28.94999999999997797 ) ) ;
#6153 = ORIENTED_EDGE ( 'NONE', *, *, #5788, .T. ) ;
#6154 = CARTESIAN_POINT ( 'NONE',  ( 29.26127203048763192, -7.880371352490608494, 43.31065044290413368 ) ) ;
#6155 = AXIS2_PLACEMENT_3D ( 'NONE', #1914, #4318, #5864 ) ;
#6156 = FACE_OUTER_BOUND ( 'NONE', #34, .T. ) ;
#6157 = ORIENTED_EDGE ( 'NONE', *, *, #9984, .T. ) ;
#6158 = CIRCLE ( 'NONE', #6799, 2.350000000000001421 ) ;
#6159 = EDGE_LOOP ( 'NONE', ( #4157, #1293, #4203, #10103, #1489, #8501, #1733, #4454, #8500, #5094, #5290, #4036, #1193, #7779 ) ) ;
#6160 = EDGE_LOOP ( 'NONE', ( #122, #6736, #5987, #3036 ) ) ;
#6161 = VECTOR ( 'NONE', #453, 1000.000000000000000 ) ;
#6162 = DIRECTION ( 'NONE',  ( -1.000000000000000000, -0.000000000000000000, 3.491481338843133355E-15 ) ) ;
#6163 = EDGE_CURVE ( 'NONE', #6912, #9839, #3672, .T. ) ;
#6164 = ORIENTED_EDGE ( 'NONE', *, *, #4443, .T. ) ;
#6165 = AXIS2_PLACEMENT_3D ( 'NONE', #3646, #5907, #6782 ) ;
#6166 = CARTESIAN_POINT ( 'NONE',  ( -42.00000000000015632, -8.238163862710866425, -38.99840837637141533 ) ) ;
#6167 = CARTESIAN_POINT ( 'NONE',  ( -30.09999999999983089, -8.000000000000001776, 45.80559804515304734 ) ) ;
#6168 = DIRECTION ( 'NONE',  ( 0.000000000000000000, -1.000000000000000000, 0.000000000000000000 ) ) ;
#6169 = AXIS2_PLACEMENT_3D ( 'NONE', #8437, #1416, #7660 ) ;
#6170 = CARTESIAN_POINT ( 'NONE',  ( 30.49999999999948486, -3.199999999999999289, -50.00000000000071054 ) ) ;
#6171 = VECTOR ( 'NONE', #8518, 1000.000000000000000 ) ;
#6172 = ORIENTED_EDGE ( 'NONE', *, *, #2966, .T. ) ;
#6173 = EDGE_CURVE ( 'NONE', #3588, #4221, #4449, .T. ) ;
#6174 = CYLINDRICAL_SURFACE ( 'NONE', #1975, 1.550000000000002709 ) ;
#6175 = EDGE_LOOP ( 'NONE', ( #9306, #6054, #4710, #9662, #5558, #238 ) ) ;
#6176 = CARTESIAN_POINT ( 'NONE',  ( 45.80000000000062244, 1.000000000000000000, 24.69999999999800622 ) ) ;
#6177 = PLANE ( 'NONE',  #8278 ) ;
#6178 = AXIS2_PLACEMENT_3D ( 'NONE', #1738, #2407, #960 ) ;
#6179 = CARTESIAN_POINT ( 'NONE',  ( 41.99999999999963052, -10.81164547708036849, -37.52846840590178346 ) ) ;
#6180 = VERTEX_POINT ( 'NONE', #2094 ) ;
#6181 = VERTEX_POINT ( 'NONE', #2138 ) ;
#6182 = ORIENTED_EDGE ( 'NONE', *, *, #5168, .T. ) ;
#6183 = CARTESIAN_POINT ( 'NONE',  ( 40.92613488088842644, -11.36811593536007337, -48.00000000000000711 ) ) ;
#6184 = DIRECTION ( 'NONE',  ( 0.000000000000000000, 0.000000000000000000, 1.000000000000000000 ) ) ;
#6185 = CARTESIAN_POINT ( 'NONE',  ( 42.00000000000014211, -14.80000000000000071, -38.93703481765633967 ) ) ;
#6186 = CARTESIAN_POINT ( 'NONE',  ( 24.69999999999998863, -3.499999999999999556, -43.45000000000000995 ) ) ;
#6187 = DIRECTION ( 'NONE',  ( 0.000000000000000000, 0.000000000000000000, 1.000000000000000000 ) ) ;
#6188 = FACE_OUTER_BOUND ( 'NONE', #5245, .T. ) ;
#6189 = FACE_OUTER_BOUND ( 'NONE', #9308, .T. ) ;
#6190 = CARTESIAN_POINT ( 'NONE',  ( -32.05000000000041638, -3.199999999999999289, -42.00000000000001421 ) ) ;
#6191 = ORIENTED_EDGE ( 'NONE', *, *, #4946, .T. ) ;
#6192 = VERTEX_POINT ( 'NONE', #2911 ) ;
#6193 = ORIENTED_EDGE ( 'NONE', *, *, #1827, .T. ) ;
#6194 = CARTESIAN_POINT ( 'NONE',  ( -35.98116564824083952, -8.319675267605134650, -44.48600144702241721 ) ) ;
#6195 = CARTESIAN_POINT ( 'NONE',  ( -27.09999999999983089, -0.1999999999999999833, -48.00000000000000711 ) ) ;
#6196 = CARTESIAN_POINT ( 'NONE',  ( 29.78051296196679942, -7.983068689015834885, -45.02486641039430992 ) ) ;
#6197 = DIRECTION ( 'NONE',  ( 0.000000000000000000, 1.000000000000000000, 0.000000000000000000 ) ) ;
#6198 = DIRECTION ( 'NONE',  ( 1.000000000000000000, 0.000000000000000000, 0.000000000000000000 ) ) ;
#6199 = ORIENTED_EDGE ( 'NONE', *, *, #53, .F. ) ;
#6200 = CARTESIAN_POINT ( 'NONE',  ( 30.09999999999983089, -8.000000000000003553, 47.99828402504192582 ) ) ;
#6201 = CARTESIAN_POINT ( 'NONE',  ( 41.99999999999960920, -7.686038724721631077, -39.18332974910136812 ) ) ;
#6202 = EDGE_LOOP ( 'NONE', ( #1125, #6805, #7653, #523, #3589, #1026, #2866, #7559, #9854, #1633, #1919 ) ) ;
#6203 = EDGE_CURVE ( 'NONE', #7462, #4423, #4395, .T. ) ;
#6204 = EDGE_CURVE ( 'NONE', #1590, #6302, #7514, .T. ) ;
#6205 = ORIENTED_EDGE ( 'NONE', *, *, #138, .F. ) ;
#6206 = ADVANCED_FACE ( 'NONE', ( #5266 ), #4742, .F. ) ;
#6207 = ORIENTED_EDGE ( 'NONE', *, *, #5383, .T. ) ;
#6208 = CARTESIAN_POINT ( 'NONE',  ( -48.99999999999999289, 1.000000000000000000, 49.99999999999999289 ) ) ;
#6209 = ORIENTED_EDGE ( 'NONE', *, *, #7529, .F. ) ;
#6210 = FACE_OUTER_BOUND ( 'NONE', #1783, .T. ) ;
#6211 = CARTESIAN_POINT ( 'NONE',  ( -27.09999999999983089, -5.000000000000000000, 48.00000000000000711 ) ) ;
#6212 = CYLINDRICAL_SURFACE ( 'NONE', #8450, 1.000000000000000888 ) ;
#6213 = CARTESIAN_POINT ( 'NONE',  ( -35.12826286646048146, -11.94258099847236743, -42.00000000000001421 ) ) ;
#6214 = DIRECTION ( 'NONE',  ( -1.000000000000000000, 0.000000000000000000, 0.000000000000000000 ) ) ;
#6215 = ADVANCED_FACE ( 'NONE', ( #10080 ), #10125, .T. ) ;
#6216 = VERTEX_POINT ( 'NONE', #2956 ) ;
#6217 = ORIENTED_EDGE ( 'NONE', *, *, #9266, .T. ) ;
#6218 = DIRECTION ( 'NONE',  ( 1.000000000000000000, -0.000000000000000000, -1.047444401652940007E-14 ) ) ;
#6219 = CARTESIAN_POINT ( 'NONE',  ( 38.09999999999953957, -3.199999999999999734, -43.50000000000001421 ) ) ;
#6220 = DIRECTION ( 'NONE',  ( 0.000000000000000000, -0.000000000000000000, -1.000000000000000000 ) ) ;
#6221 = EDGE_LOOP ( 'NONE', ( #4745, #4476, #9039, #4252 ) ) ;
#6222 = ORIENTED_EDGE ( 'NONE', *, *, #2188, .F. ) ;
#6223 = ORIENTED_EDGE ( 'NONE', *, *, #3721, .T. ) ;
#6224 = CARTESIAN_POINT ( 'NONE',  ( 43.35587674182822582, -10.14959484079075303, -48.00000000000001421 ) ) ;
#6225 = CARTESIAN_POINT ( 'NONE',  ( -42.00000000000012790, -8.000000000000003553, -32.28840540117941060 ) ) ;
#6226 = EDGE_CURVE ( 'NONE', #6090, #1453, #1332, .T. ) ;
#6227 = LINE ( 'NONE', #3911, #1692 ) ;
#6228 = FACE_OUTER_BOUND ( 'NONE', #1241, .T. ) ;
#6229 = CARTESIAN_POINT ( 'NONE',  ( -40.00000000000000711, -14.80000000000000071, -47.15000000000001279 ) ) ;
#6230 = PLANE ( 'NONE',  #1588 ) ;
#6231 = CYLINDRICAL_SURFACE ( 'NONE', #5325, 2.350000000000001421 ) ;
#6232 = CARTESIAN_POINT ( 'NONE',  ( 0.000000000000000000, 0.000000000000000000, 48.99999999999999289 ) ) ;
#6233 = ORIENTED_EDGE ( 'NONE', *, *, #3757, .T. ) ;
#6234 = CIRCLE ( 'NONE', #315, 1.550000000000002709 ) ;
#6235 = ORIENTED_EDGE ( 'NONE', *, *, #9534, .F. ) ;
#6236 = VERTEX_POINT ( 'NONE', #2335 ) ;
#6237 = LINE ( 'NONE', #8165, #849 ) ;
#6238 = CARTESIAN_POINT ( 'NONE',  ( 35.65872060429975221, -8.729307454700222735, -42.40285859902645171 ) ) ;
#6239 = CARTESIAN_POINT ( 'NONE',  ( 33.64296294781639318, -8.781699209286816910, 48.00000000000001421 ) ) ;
#6240 = CARTESIAN_POINT ( 'NONE',  ( -38.09999999999983800, -3.199999999999999734, 43.50000000000001421 ) ) ;
#6241 = ORIENTED_EDGE ( 'NONE', *, *, #9233, .T. ) ;
#6242 = VECTOR ( 'NONE', #4287, 1000.000000000000000 ) ;
#6243 = LINE ( 'NONE', #3165, #4981 ) ;
#6244 = FACE_OUTER_BOUND ( 'NONE', #5107, .T. ) ;
#6245 = EDGE_LOOP ( 'NONE', ( #4700, #4661 ) ) ;
#6246 = CIRCLE ( 'NONE', #9346, 2.349999999999997868 ) ;
#6247 = EDGE_LOOP ( 'NONE', ( #7728, #9954, #7623, #5959 ) ) ;
#6248 = VERTEX_POINT ( 'NONE', #4651 ) ;
#6249 = CARTESIAN_POINT ( 'NONE',  ( -49.99999999999999289, 1.000000000000000000, 49.99999999999999289 ) ) ;
#6250 = CYLINDRICAL_SURFACE ( 'NONE', #3968, 1.000000000000000888 ) ;
#6251 = VECTOR ( 'NONE', #8176, 1000.000000000000000 ) ;
#6252 = ORIENTED_EDGE ( 'NONE', *, *, #7192, .F. ) ;
#6253 = ADVANCED_FACE ( 'NONE', ( #3065 ), #1423, .T. ) ;
#6254 = ADVANCED_FACE ( 'NONE', ( #6147 ), #7796, .F. ) ;
#6255 = CARTESIAN_POINT ( 'NONE',  ( -27.09999999999983089, -5.000000000000000000, 50.00000000000000711 ) ) ;
#6256 = ADVANCED_FACE ( 'NONE', ( #8493 ), #6291, .F. ) ;
#6257 = CARTESIAN_POINT ( 'NONE',  ( -49.99999999999820943, -5.000000000000000000, 27.09999999999918430 ) ) ;
#6258 = DIRECTION ( 'NONE',  ( 0.000000000000000000, 0.000000000000000000, -1.000000000000000000 ) ) ;
#6259 = AXIS2_PLACEMENT_3D ( 'NONE', #9808, #6744, #5985 ) ;
#6260 = DIRECTION ( 'NONE',  ( -0.000000000000000000, 1.000000000000000000, -0.000000000000000000 ) ) ;
#6261 = AXIS2_PLACEMENT_3D ( 'NONE', #3451, #6585, #6431 ) ;
#6262 = ORIENTED_EDGE ( 'NONE', *, *, #9474, .F. ) ;
#6263 = CIRCLE ( 'NONE', #7561, 2.349999999999997868 ) ;
#6264 = EDGE_CURVE ( 'NONE', #2868, #3243, #7064, .T. ) ;
#6265 = EDGE_LOOP ( 'NONE', ( #8991, #8086, #1662, #6593, #7821, #1117, #8105, #3192 ) ) ;
#6266 = ADVANCED_FACE ( 'NONE', ( #9209 ), #2190, .F. ) ;
#6267 = CARTESIAN_POINT ( 'NONE',  ( -33.66695970760918755, -6.758131723631853660, 42.00000000000000711 ) ) ;
#6268 = VECTOR ( 'NONE', #6328, 1000.000000000000000 ) ;
#6269 = DIRECTION ( 'NONE',  ( 0.000000000000000000, 0.000000000000000000, -1.000000000000000000 ) ) ;
#6270 = LINE ( 'NONE', #10052, #1202 ) ;
#6271 = AXIS2_PLACEMENT_3D ( 'NONE', #7272, #1786, #4046 ) ;
#6272 = PRODUCT_DEFINITION_CONTEXT ( 'detailed design', #3509, 'design' ) ;
#6273 = ORIENTED_EDGE ( 'NONE', *, *, #9293, .F. ) ;
#6274 = VERTEX_POINT ( 'NONE', #234 ) ;
#6275 = AXIS2_PLACEMENT_3D ( 'NONE', #2858, #1472, #8494 ) ;
#6276 = VERTEX_POINT ( 'NONE', #6600 ) ;
#6277 = CARTESIAN_POINT ( 'NONE',  ( 21.49897948556618843, -4.000000000000000000, 49.99999999999999289 ) ) ;
#6278 = CARTESIAN_POINT ( 'NONE',  ( -24.69999999999738094, 1.000000000000000000, 45.79999999999864713 ) ) ;
#6279 = CARTESIAN_POINT ( 'NONE',  ( 36.50413812651497381, -5.000000000000001776, 42.00000000000000711 ) ) ;
#6280 = CYLINDRICAL_SURFACE ( 'NONE', #5654, 2.349999999999997868 ) ;
#6281 = CARTESIAN_POINT ( 'NONE',  ( 38.09999999999983800, -3.199999999999999734, 43.50000000000001421 ) ) ;
#6282 = CARTESIAN_POINT ( 'NONE',  ( 43.49999999999969447, -3.199999999999999289, -30.50000000000028777 ) ) ;
#6283 = DIRECTION ( 'NONE',  ( 0.000000000000000000, 0.000000000000000000, 1.000000000000000000 ) ) ;
#6284 = VECTOR ( 'NONE', #1912, 1000.000000000000000 ) ;
#6285 = CARTESIAN_POINT ( 'NONE',  ( 47.99999999999972289, -0.1999999999999999833, -27.10000000000033538 ) ) ;
#6286 = VERTEX_POINT ( 'NONE', #2698 ) ;
#6287 = VERTEX_POINT ( 'NONE', #388 ) ;
#6288 = ORIENTED_EDGE ( 'NONE', *, *, #7790, .F. ) ;
#6289 = AXIS2_PLACEMENT_3D ( 'NONE', #8092, #7225, #296 ) ;
#6290 = DIRECTION ( 'NONE',  ( 0.7071067811864886199, 0.000000000000000000, -0.7071067811866064146 ) ) ;
#6291 = PLANE ( 'NONE',  #2633 ) ;
#6292 = EDGE_CURVE ( 'NONE', #1435, #4701, #2748, .T. ) ;
#6293 = DIRECTION ( 'NONE',  ( -1.387778780781445676E-16, 0.000000000000000000, -1.000000000000000000 ) ) ;
#6294 = CARTESIAN_POINT ( 'NONE',  ( 50.00000000000033396, -0.1999999999999999833, 31.29999999999931504 ) ) ;
#6295 = ORIENTED_EDGE ( 'NONE', *, *, #4053, .F. ) ;
#6296 = EDGE_CURVE ( 'NONE', #5542, #7761, #1209, .T. ) ;
#6297 = CIRCLE ( 'NONE', #2849, 2.349999999999997868 ) ;
#6298 = CARTESIAN_POINT ( 'NONE',  ( -30.49999999999983302, -3.199999999999999289, 43.50000000000001421 ) ) ;
#6299 = AXIS2_PLACEMENT_3D ( 'NONE', #10038, #3788, #7878 ) ;
#6300 = CARTESIAN_POINT ( 'NONE',  ( 41.99999999999961631, -7.172635958339597551, -39.43638068458643886 ) ) ;
#6301 = VECTOR ( 'NONE', #4518, 1000.000000000000000 ) ;
#6302 = VERTEX_POINT ( 'NONE', #9609 ) ;
#6303 = EDGE_LOOP ( 'NONE', ( #440, #2893, #9381, #1969, #1604 ) ) ;
#6304 = CIRCLE ( 'NONE', #1872, 1.550000000000002709 ) ;
#6305 = ORIENTED_EDGE ( 'NONE', *, *, #4184, .F. ) ;
#6306 = DIRECTION ( 'NONE',  ( -1.000000000000000000, 0.000000000000000000, -0.000000000000000000 ) ) ;
#6308 = DIRECTION ( 'NONE',  ( 0.000000000000000000, 1.000000000000000000, 0.000000000000000000 ) ) ;
#6307 = AXIS2_PLACEMENT_3D ( 'NONE', #4302, #406, #3635 ) ;
#6309 = VERTEX_POINT ( 'NONE', #5060 ) ;
#6310 = DIRECTION ( 'NONE',  ( 1.387778780781445676E-16, 0.000000000000000000, 1.000000000000000000 ) ) ;
#6311 = CARTESIAN_POINT ( 'NONE',  ( 41.49999999999915445, 3.236067977499856863, -50.00000000000015632 ) ) ;
#6312 = DIRECTION ( 'NONE',  ( -0.000000000000000000, -0.000000000000000000, -1.000000000000000000 ) ) ;
#6313 = CARTESIAN_POINT ( 'NONE',  ( 42.00000000000066080, -5.000000000000000000, -21.49897948556438010 ) ) ;
#6314 = EDGE_LOOP ( 'NONE', ( #2296, #5305, #7532, #9987 ) ) ;
#6315 = VECTOR ( 'NONE', #9998, 1000.000000000000000 ) ;
#6316 = EDGE_LOOP ( 'NONE', ( #3692, #4891, #6664, #7646, #7776, #7140, #8655, #6205, #2753, #6869, #8684, #383, #1863, #7284 ) ) ;
#6317 = CARTESIAN_POINT ( 'NONE',  ( 43.49999999999963762, -3.199999999999999289, -35.75000000000029132 ) ) ;
#6318 = AXIS2_PLACEMENT_3D ( 'NONE', #4861, #6444, #954 ) ;
#6319 = CARTESIAN_POINT ( 'NONE',  ( 45.80000000000062244, -5.000000000000000000, 26.24999999999800337 ) ) ;
#6320 = CARTESIAN_POINT ( 'NONE',  ( 41.99999999999961631, -11.75443142007823916, -38.15817749243860391 ) ) ;
#6321 = AXIS2_PLACEMENT_3D ( 'NONE', #6561, #9676, #7372 ) ;
#6322 = EDGE_LOOP ( 'NONE', ( #3667, #2102 ) ) ;
#6323 = EDGE_CURVE ( 'NONE', #7153, #6363, #282, .T. ) ;
#6324 = EDGE_CURVE ( 'NONE', #4504, #8312, #1933, .T. ) ;
#6325 = EDGE_LOOP ( 'NONE', ( #2426, #6787, #3734, #7431 ) ) ;
#6326 = ADVANCED_FACE ( 'NONE', ( #9769 ), #1981, .T. ) ;
#6327 = EDGE_LOOP ( 'NONE', ( #8005, #15, #1140 ) ) ;
#6328 = DIRECTION ( 'NONE',  ( -0.000000000000000000, 1.000000000000000000, 0.000000000000000000 ) ) ;
#6329 = CIRCLE ( 'NONE', #7791, 1.000000000000000888 ) ;
#6330 = CARTESIAN_POINT ( 'NONE',  ( -42.15557131665162416, -10.83476352432615286, -48.00000000000001421 ) ) ;
#6331 = DIRECTION ( 'NONE',  ( 0.000000000000000000, 1.000000000000000000, 0.000000000000000000 ) ) ;
#6332 = DIRECTION ( 'NONE',  ( 0.000000000000000000, 0.000000000000000000, -1.000000000000000000 ) ) ;
#6333 = LINE ( 'NONE', #7902, #9091 ) ;
#6334 = CARTESIAN_POINT ( 'NONE',  ( 43.50000000000044054, -3.199999999999999289, 40.44999999999938467 ) ) ;
#6335 = CARTESIAN_POINT ( 'NONE',  ( -30.49999999999922551, -3.199999999999999289, 43.50000000000001421 ) ) ;
#6336 = CARTESIAN_POINT ( 'NONE',  ( 21.49897948556865046, -5.000000000000000000, -41.99999999999885603 ) ) ;
#6337 = ORIENTED_EDGE ( 'NONE', *, *, #4752, .T. ) ;
#6338 = VECTOR ( 'NONE', #9594, 1000.000000000000000 ) ;
#6339 = VERTEX_POINT ( 'NONE', #9658 ) ;
#6340 = ORIENTED_EDGE ( 'NONE', *, *, #38, .F. ) ;
#6341 = EDGE_CURVE ( 'NONE', #6767, #6426, #3415, .T. ) ;
#6342 = CARTESIAN_POINT ( 'NONE',  ( -45.79999999999802185, -3.499999999999999556, 24.70000000000062812 ) ) ;
#6343 = FACE_BOUND ( 'NONE', #7964, .T. ) ;
#6344 = CARTESIAN_POINT ( 'NONE',  ( 43.49999999999960920, -3.199999999999999734, -38.10000000000028564 ) ) ;
#6345 = DIRECTION ( 'NONE',  ( -0.000000000000000000, 1.000000000000000000, -0.000000000000000000 ) ) ;
#6346 = ORIENTED_EDGE ( 'NONE', *, *, #2636, .T. ) ;
#6347 = DIRECTION ( 'NONE',  ( -0.000000000000000000, 0.000000000000000000, -1.000000000000000000 ) ) ;
#6348 = CARTESIAN_POINT ( 'NONE',  ( -31.29999999999983373, 1.000000000000000000, 50.00000000000000711 ) ) ;
#6349 = ORIENTED_EDGE ( 'NONE', *, *, #3745, .T. ) ;
#6350 = VERTEX_POINT ( 'NONE', #6543 ) ;
#6351 = EDGE_CURVE ( 'NONE', #9830, #5478, #2637, .T. ) ;
#6352 = EDGE_CURVE ( 'NONE', #7121, #8931, #327, .T. ) ;
#6353 = DIRECTION ( 'NONE',  ( 0.000000000000000000, -0.000000000000000000, -1.000000000000000000 ) ) ;
#6354 = CARTESIAN_POINT ( 'NONE',  ( 47.99999999999968736, -3.199999999999999289, -30.50000000000033751 ) ) ;
#6355 = CARTESIAN_POINT ( 'NONE',  ( 36.20000000000000995, -15.00000000000000355, 40.54999999999999716 ) ) ;
#6356 = VERTEX_POINT ( 'NONE', #4283 ) ;
#6357 = EDGE_CURVE ( 'NONE', #1958, #8629, #1503, .T. ) ;
#6358 = CARTESIAN_POINT ( 'NONE',  ( 31.29999999999983373, 1.000000000000000000, -50.00000000000000711 ) ) ;
#6359 = CARTESIAN_POINT ( 'NONE',  ( 31.86351804119042797, -10.60520182517234922, 42.00000000000000711 ) ) ;
#6360 = DIRECTION ( 'NONE',  ( 0.000000000000000000, -1.000000000000000000, 0.000000000000000000 ) ) ;
#6361 = DIRECTION ( 'NONE',  ( 0.000000000000000000, -0.000000000000000000, -1.000000000000000000 ) ) ;
#6362 = EDGE_CURVE ( 'NONE', #1927, #5348, #7228, .T. ) ;
#6363 = VERTEX_POINT ( 'NONE', #8130 ) ;
#6364 = DIRECTION ( 'NONE',  ( 1.000000000000000000, 0.000000000000000000, 0.000000000000000000 ) ) ;
#6365 = VERTEX_POINT ( 'NONE', #8851 ) ;
#6366 = CARTESIAN_POINT ( 'NONE',  ( -33.37786839752386925, -7.435002167928477235, 41.99999999999999289 ) ) ;
#6367 = CARTESIAN_POINT ( 'NONE',  ( -37.99478371070715355, -5.000000000000002665, 42.00000000000000000 ) ) ;
#6368 = FACE_OUTER_BOUND ( 'NONE', #2022, .T. ) ;
#6369 = ORIENTED_EDGE ( 'NONE', *, *, #953, .T. ) ;
#6370 = EDGE_LOOP ( 'NONE', ( #895, #8305 ) ) ;
#6371 = EDGE_LOOP ( 'NONE', ( #8644, #7297, #10073, #3450 ) ) ;
#6372 = CARTESIAN_POINT ( 'NONE',  ( 31.29999999999983373, 0.000000000000000000, 50.00000000000000711 ) ) ;
#6373 = DIRECTION ( 'NONE',  ( -0.000000000000000000, -0.000000000000000000, -1.000000000000000000 ) ) ;
#6374 = CARTESIAN_POINT ( 'NONE',  ( -33.20010851092393978, -11.58437527722801974, 43.68295769967900810 ) ) ;
#6375 = DIRECTION ( 'NONE',  ( 1.000000000000000000, -0.000000000000000000, -1.047444401652940007E-14 ) ) ;
#6376 = EDGE_CURVE ( 'NONE', #9687, #6935, #997, .T. ) ;
#6377 = CARTESIAN_POINT ( 'NONE',  ( 50.00000000000000711, 7.750000000000000000, 41.49999999999999289 ) ) ;
#6378 = CYLINDRICAL_SURFACE ( 'NONE', #2355, 1.549999999999999378 ) ;
#6379 = PLANE ( 'NONE',  #7307 ) ;
#6380 = EDGE_CURVE ( 'NONE', #9142, #214, #442, .T. ) ;
#6381 = DIRECTION ( 'NONE',  ( 0.000000000000000000, 1.000000000000000000, 0.000000000000000000 ) ) ;
#6382 = ORIENTED_EDGE ( 'NONE', *, *, #1170, .T. ) ;
#6383 = ORIENTED_EDGE ( 'NONE', *, *, #4627, .F. ) ;
#6384 = VERTEX_POINT ( 'NONE', #4233 ) ;
#6385 = DIRECTION ( 'NONE',  ( 0.000000000000000000, -1.000000000000000000, 0.000000000000000000 ) ) ;
#6386 = CARTESIAN_POINT ( 'NONE',  ( -40.00000000000000711, -15.00000000000000355, -38.45000000000000995 ) ) ;
#6387 = CARTESIAN_POINT ( 'NONE',  ( 42.00000000000039790, -8.000000000000001776, 37.46285920726752039 ) ) ;
#6388 = CARTESIAN_POINT ( 'NONE',  ( -43.50000000000011369, -3.199999999999999289, -30.49999999999968381 ) ) ;
#6389 = FACE_OUTER_BOUND ( 'NONE', #4759, .T. ) ;
#6390 = EDGE_CURVE ( 'NONE', #7376, #8642, #4902, .T. ) ;
#6391 = CIRCLE ( 'NONE', #7847, 1.550000000000002709 ) ;
#6392 = LINE ( 'NONE', #3459, #6568 ) ;
#6393 = ORIENTED_EDGE ( 'NONE', *, *, #2297, .T. ) ;
#6394 = ORIENTED_EDGE ( 'NONE', *, *, #9288, .F. ) ;
#6395 = FACE_OUTER_BOUND ( 'NONE', #5167, .T. ) ;
#6396 = CARTESIAN_POINT ( 'NONE',  ( 29.28232166935948300, -7.886416835386258484, 42.00000000000000711 ) ) ;
#6397 = CYLINDRICAL_SURFACE ( 'NONE', #4095, 1.000000000000000888 ) ;
#6398 = ORIENTED_EDGE ( 'NONE', *, *, #4936, .T. ) ;
#6399 = DIRECTION ( 'NONE',  ( 1.000000000000000000, 0.000000000000000000, -3.491481338843133355E-15 ) ) ;
#6400 = FACE_OUTER_BOUND ( 'NONE', #7577, .T. ) ;
#6401 = DIRECTION ( 'NONE',  ( 1.000000000000000000, 0.000000000000000000, 0.000000000000000000 ) ) ;
#6402 = VERTEX_POINT ( 'NONE', #6656 ) ;
#6403 = AXIS2_PLACEMENT_3D ( 'NONE', #8859, #8083, #288 ) ;
#6404 = ORIENTED_EDGE ( 'NONE', *, *, #1706, .F. ) ;
#6405 = ADVANCED_FACE ( 'NONE', ( #1001 ), #3624, .T. ) ;
#6406 = CARTESIAN_POINT ( 'NONE',  ( -33.45094339622630741, -11.60000000000000320, 44.48985553414034655 ) ) ;
#6407 = AXIS2_PLACEMENT_3D ( 'NONE', #5926, #6803, #2032 ) ;
#6408 = ORIENTED_EDGE ( 'NONE', *, *, #7219, .T. ) ;
#6409 = CARTESIAN_POINT ( 'NONE',  ( 35.89586187348504609, -5.000000000000001776, 42.00000000000000711 ) ) ;
#6410 = CARTESIAN_POINT ( 'NONE',  ( -45.80000000000062244, -3.499999999999999556, 23.14999999999800551 ) ) ;
#6411 = DIRECTION ( 'NONE',  ( 1.000000000000000000, -0.000000000000000000, -1.047444401652940007E-14 ) ) ;
#6412 = CIRCLE ( 'NONE', #5594, 2.349999999999997868 ) ;
#6413 = ORIENTED_EDGE ( 'NONE', *, *, #4088, .F. ) ;
#6414 = VECTOR ( 'NONE', #2087, 1000.000000000000000 ) ;
#6415 = ORIENTED_EDGE ( 'NONE', *, *, #8748, .F. ) ;
#6416 = ORIENTED_EDGE ( 'NONE', *, *, #6071, .T. ) ;
#6417 = CYLINDRICAL_SURFACE ( 'NONE', #855, 2.349999999999997868 ) ;
#6418 = CARTESIAN_POINT ( 'NONE',  ( -39.86338746966481494, -11.51155524081018733, -48.00000000000002842 ) ) ;
#6419 = FACE_OUTER_BOUND ( 'NONE', #3626, .T. ) ;
#6420 = LINE ( 'NONE', #2419, #8099 ) ;
#6421 = VECTOR ( 'NONE', #3360, 1000.000000000000000 ) ;
#6422 = DIRECTION ( 'NONE',  ( 0.000000000000000000, 1.000000000000000000, 0.000000000000000000 ) ) ;
#6423 = CARTESIAN_POINT ( 'NONE',  ( -32.84999999999983089, -3.199999999999999289, -48.00000000000000711 ) ) ;
#6424 = DIRECTION ( 'NONE',  ( -1.000000000000000000, -0.000000000000000000, -4.336808689942025625E-16 ) ) ;
#6425 = DIRECTION ( 'NONE',  ( 0.000000000000000000, -1.000000000000000000, 0.000000000000000000 ) ) ;
#6426 = VERTEX_POINT ( 'NONE', #2796 ) ;
#6427 = CIRCLE ( 'NONE', #5613, 1.550000000000002709 ) ;
#6428 = EDGE_LOOP ( 'NONE', ( #5656, #8191, #999, #7950 ) ) ;
#6429 = VECTOR ( 'NONE', #376, 1000.000000000000000 ) ;
#6430 = EDGE_CURVE ( 'NONE', #5346, #1474, #1822, .T. ) ;
#6431 = DIRECTION ( 'NONE',  ( -1.156482317317873184E-14, 0.000000000000000000, -1.000000000000000000 ) ) ;
#6432 = DIRECTION ( 'NONE',  ( -0.000000000000000000, 1.000000000000000000, -0.000000000000000000 ) ) ;
#6433 = DIRECTION ( 'NONE',  ( 1.000000000000000000, 0.000000000000000000, 0.000000000000000000 ) ) ;
#6434 = VECTOR ( 'NONE', #1869, 1000.000000000000000 ) ;
#6435 = DIRECTION ( 'NONE',  ( -0.000000000000000000, -0.000000000000000000, -1.000000000000000000 ) ) ;
#6436 = CYLINDRICAL_SURFACE ( 'NONE', #5974, 2.349999999999997868 ) ;
#6437 = CARTESIAN_POINT ( 'NONE',  ( -41.99999999999986500, -1.000000000000001776, 41.49999999999997868 ) ) ;
#6438 = ORIENTED_EDGE ( 'NONE', *, *, #692, .F. ) ;
#6439 = ORIENTED_EDGE ( 'NONE', *, *, #1414, .F. ) ;
#6440 = AXIS2_PLACEMENT_3D ( 'NONE', #6032, #9913, #8375 ) ;
#6441 = EDGE_CURVE ( 'NONE', #6713, #1036, #508, .T. ) ;
#6442 = ADVANCED_FACE ( 'NONE', ( #9971, #9058, #1309 ), #3670, .T. ) ;
#6443 = ADVANCED_FACE ( 'NONE', ( #3822 ), #639, .T. ) ;
#6444 = DIRECTION ( 'NONE',  ( -1.000000000000000000, -0.000000000000000000, -3.491481338843133750E-15 ) ) ;
#6445 = AXIS2_PLACEMENT_3D ( 'NONE', #7240, #9639, #209 ) ;
#6446 = CARTESIAN_POINT ( 'NONE',  ( -40.00000000000000711, -15.00000000000000355, -47.15000000000001279 ) ) ;
#6447 = VECTOR ( 'NONE', #4958, 1000.000000000000000 ) ;
#6448 = CARTESIAN_POINT ( 'NONE',  ( 41.49999999999983658, -1.000000000000000000, -48.00000000000000711 ) ) ;
#6449 = ORIENTED_EDGE ( 'NONE', *, *, #4816, .T. ) ;
#6450 = DIRECTION ( 'NONE',  ( 0.000000000000000000, 0.000000000000000000, -1.000000000000000000 ) ) ;
#6451 = DIRECTION ( 'NONE',  ( -1.000000000000000000, 0.000000000000000000, 0.000000000000000000 ) ) ;
#6452 = CIRCLE ( 'NONE', #2357, 2.349999999999997868 ) ;
#6453 = CARTESIAN_POINT ( 'NONE',  ( 43.49999999999969447, -3.199999999999999289, -30.50000000000028777 ) ) ;
#6454 = CARTESIAN_POINT ( 'NONE',  ( -34.51388071445733630, -10.87883213288004747, -42.00000000000000000 ) ) ;
#6455 = VERTEX_POINT ( 'NONE', #9869 ) ;
#6456 = VECTOR ( 'NONE', #3726, 1000.000000000000000 ) ;
#6457 = EDGE_CURVE ( 'NONE', #1447, #3301, #9268, .T. ) ;
#6458 = VECTOR ( 'NONE', #5257, 1000.000000000000000 ) ;
#6459 = VERTEX_POINT ( 'NONE', #6961 ) ;
#6460 = EDGE_CURVE ( 'NONE', #1092, #9190, #7513, .T. ) ;
#6461 = AXIS2_PLACEMENT_3D ( 'NONE', #4387, #4959, #1060 ) ;
#6462 = DIRECTION ( 'NONE',  ( 1.000000000000000000, 0.000000000000000000, 0.000000000000000000 ) ) ;
#6463 = CIRCLE ( 'NONE', #5332, 2.349999999999997868 ) ;
#6464 = ORIENTED_EDGE ( 'NONE', *, *, #2899, .T. ) ;
#6465 = CARTESIAN_POINT ( 'NONE',  ( -41.71315933949547627, -11.32724720995139833, 41.78684066050440293 ) ) ;
#6466 = DIRECTION ( 'NONE',  ( -0.000000000000000000, 1.000000000000000000, -0.000000000000000000 ) ) ;
#6467 = DIRECTION ( 'NONE',  ( 1.000000000000000000, -0.000000000000000000, 4.336808689942025625E-16 ) ) ;
#6468 = VECTOR ( 'NONE', #3962, 1000.000000000000000 ) ;
#6469 = EDGE_LOOP ( 'NONE', ( #6660, #9421 ) ) ;
#6470 = CIRCLE ( 'NONE', #8606, 2.349999999999997868 ) ;
#6471 = ORIENTED_EDGE ( 'NONE', *, *, #7172, .F. ) ;
#6472 = EDGE_CURVE ( 'NONE', #4905, #2471, #5170, .T. ) ;
#6473 = ADVANCED_FACE ( 'NONE', ( #6145, #3725 ), #6903, .T. ) ;
#6474 = ORIENTED_EDGE ( 'NONE', *, *, #7854, .T. ) ;
#6475 = AXIS2_PLACEMENT_3D ( 'NONE', #4373, #5299, #6068 ) ;
#6476 = CARTESIAN_POINT ( 'NONE',  ( 38.09999999999983800, -3.199999999999999734, -43.50000000000001421 ) ) ;
#6477 = CARTESIAN_POINT ( 'NONE',  ( -41.24305703273862633, -11.25977098458894510, -48.00000000000002132 ) ) ;
#6478 = CYLINDRICAL_SURFACE ( 'NONE', #6776, 1.000000000000000888 ) ;
#6479 = FACE_BOUND ( 'NONE', #9980, .T. ) ;
#6480 = CIRCLE ( 'NONE', #7949, 4.349999999999999645 ) ;
#6481 = DIRECTION ( 'NONE',  ( 0.000000000000000000, 0.000000000000000000, 1.000000000000000000 ) ) ;
#6482 = DIRECTION ( 'NONE',  ( -1.000000000000000000, 0.000000000000000000, 3.491481338843133355E-15 ) ) ;
#6483 = DIRECTION ( 'NONE',  ( 0.000000000000000000, 1.000000000000000000, -0.000000000000000000 ) ) ;
#6484 = LINE ( 'NONE', #3353, #7076 ) ;
#6485 = ORIENTED_EDGE ( 'NONE', *, *, #1329, .T. ) ;
#6486 = VERTEX_POINT ( 'NONE', #6810 ) ;
#6487 = VERTEX_POINT ( 'NONE', #2189 ) ;
#6488 = CIRCLE ( 'NONE', #749, 1.550000000000002709 ) ;
#6489 = DIRECTION ( 'NONE',  ( -1.000000000000000000, 0.000000000000000000, 3.491481338843133355E-15 ) ) ;
#6490 = LINE ( 'NONE', #2477, #6421 ) ;
#6491 = DIRECTION ( 'NONE',  ( -3.491481338843133750E-15, -0.000000000000000000, -1.000000000000000000 ) ) ;
#6492 = LINE ( 'NONE', #2685, #4164 ) ;
#6493 = CARTESIAN_POINT ( 'NONE',  ( -41.99999999999820943, -5.000000000000000000, 27.09999999999917364 ) ) ;
#6494 = CIRCLE ( 'NONE', #98, 1.000000000000000888 ) ;
#6495 = DIRECTION ( 'NONE',  ( -0.000000000000000000, -1.000000000000000000, -0.000000000000000000 ) ) ;
#6496 = VERTEX_POINT ( 'NONE', #6043 ) ;
#6497 = VECTOR ( 'NONE', #2423, 1000.000000000000000 ) ;
#6498 = ORIENTED_EDGE ( 'NONE', *, *, #4240, .T. ) ;
#6499 = CARTESIAN_POINT ( 'NONE',  ( 43.49999999999972289, -3.199999999999998845, -28.15000000000028635 ) ) ;
#6500 = CARTESIAN_POINT ( 'NONE',  ( 40.32213160247610517, -7.435002167928477235, 41.99999999999999289 ) ) ;
#6501 = LINE ( 'NONE', #2589, #8018 ) ;
#6502 = EDGE_LOOP ( 'NONE', ( #670, #6295, #4478, #4326 ) ) ;
#6503 = LINE ( 'NONE', #6358, #881 ) ;
#6504 = CARTESIAN_POINT ( 'NONE',  ( -24.69999999999752660, -3.499999999999999556, 45.80000000000087823 ) ) ;
#6505 = DIRECTION ( 'NONE',  ( -1.000000000000000000, -0.000000000000000000, 1.047444401652940007E-14 ) ) ;
#6507 = EDGE_CURVE ( 'NONE', #7281, #4920, #10023, .T. ) ;
#6506 = DIRECTION ( 'NONE',  ( 0.000000000000000000, 0.000000000000000000, 1.000000000000000000 ) ) ;
#6508 = EDGE_CURVE ( 'NONE', #132, #605, #7710, .T. ) ;
#6509 = ORIENTED_EDGE ( 'NONE', *, *, #3336, .F. ) ;
#6510 = ORIENTED_EDGE ( 'NONE', *, *, #8389, .T. ) ;
#6511 = CARTESIAN_POINT ( 'NONE',  ( 36.54999999999953531, -3.199999999999999734, -43.50000000000001421 ) ) ;
#6512 = LINE ( 'NONE', #3425, #8396 ) ;
#6513 = ORIENTED_EDGE ( 'NONE', *, *, #7941, .T. ) ;
#6514 = CARTESIAN_POINT ( 'NONE',  ( 35.40486525994545985, -5.003392681337306414, 42.00000000000001421 ) ) ;
#6515 = CARTESIAN_POINT ( 'NONE',  ( -40.63809663583860043, -5.880666723050307354, 42.00000000000001421 ) ) ;
#6516 = LINE ( 'NONE', #2604, #9722 ) ;
#6517 = EDGE_CURVE ( 'NONE', #9792, #1614, #5321, .T. ) ;
#6518 = ORIENTED_EDGE ( 'NONE', *, *, #9978, .T. ) ;
#6519 = VERTEX_POINT ( 'NONE', #2910 ) ;
#6520 = ORIENTED_EDGE ( 'NONE', *, *, #2719, .T. ) ;
#6521 = CARTESIAN_POINT ( 'NONE',  ( -39.56832949780442732, -8.969746245055253198, 48.00000000000000711 ) ) ;
#6522 = FACE_OUTER_BOUND ( 'NONE', #9055, .T. ) ;
#6523 = ORIENTED_EDGE ( 'NONE', *, *, #1553, .T. ) ;
#6524 = DIRECTION ( 'NONE',  ( 1.000000000000000000, 0.000000000000000000, 4.336808689942025625E-16 ) ) ;
#6525 = CARTESIAN_POINT ( 'NONE',  ( 49.00000000000000711, 0.000000000000000000, 41.49999999999999289 ) ) ;
#6526 = DIRECTION ( 'NONE',  ( -1.000000000000000000, 0.000000000000000000, 3.491481338843133355E-15 ) ) ;
#6527 = CYLINDRICAL_SURFACE ( 'NONE', #7643, 1.550000000000002709 ) ;
#6528 = CARTESIAN_POINT ( 'NONE',  ( -35.75261677221018886, -8.455270398719855862, -42.00000000000001421 ) ) ;
#6529 = LINE ( 'NONE', #8112, #9673 ) ;
#6530 = EDGE_LOOP ( 'NONE', ( #99, #3797 ) ) ;
#6531 = ORIENTED_EDGE ( 'NONE', *, *, #9970, .T. ) ;
#6532 = ORIENTED_EDGE ( 'NONE', *, *, #7662, .T. ) ;
#6533 = ADVANCED_FACE ( 'NONE', ( #9157 ), #3008, .F. ) ;
#6534 = CARTESIAN_POINT ( 'NONE',  ( 41.49999999999983658, -1.000000000000000000, 48.00000000000000711 ) ) ;
#6535 = DIRECTION ( 'NONE',  ( -0.000000000000000000, 1.000000000000000000, -0.000000000000000000 ) ) ;
#6536 = CARTESIAN_POINT ( 'NONE',  ( -37.49999999999999289, -5.000000000000001776, 42.89999999999999147 ) ) ;
#6537 = LINE ( 'NONE', #3362, #9085 ) ;
#6538 = CARTESIAN_POINT ( 'NONE',  ( 31.89185098527656237, -8.625022473410201229, 42.18565580438900753 ) ) ;
#6539 = EDGE_CURVE ( 'NONE', #2240, #8769, #1422, .T. ) ;
#6540 = DIRECTION ( 'NONE',  ( -1.000000000000000000, 0.000000000000000000, 0.000000000000000000 ) ) ;
#6541 = VERTEX_POINT ( 'NONE', #2855 ) ;
#6542 = ORIENTED_EDGE ( 'NONE', *, *, #756, .F. ) ;
#6543 = CARTESIAN_POINT ( 'NONE',  ( 36.13766816143491667, -14.80000000000000071, -44.80122281838041687 ) ) ;
#6544 = CARTESIAN_POINT ( 'NONE',  ( -48.99999999999999289, 0.000000000000000000, 41.50000000000051870 ) ) ;
#6545 = LINE ( 'NONE', #5063, #3609 ) ;
#6546 = ORIENTED_EDGE ( 'NONE', *, *, #9437, .T. ) ;
#6547 = VECTOR ( 'NONE', #6373, 1000.000000000000000 ) ;
#6548 = FACE_OUTER_BOUND ( 'NONE', #4180, .T. ) ;
#6549 = DIRECTION ( 'NONE',  ( -0.000000000000000000, 0.000000000000000000, 1.000000000000000000 ) ) ;
#6550 = CARTESIAN_POINT ( 'NONE',  ( -34.13759926931084721, -10.38479398497700856, -42.00000000000000000 ) ) ;
#6551 = ORIENTED_EDGE ( 'NONE', *, *, #5828, .F. ) ;
#6552 = EDGE_CURVE ( 'NONE', #9245, #6863, #4394, .T. ) ;
#6553 = EDGE_LOOP ( 'NONE', ( #9220, #2251 ) ) ;
#6554 = CARTESIAN_POINT ( 'NONE',  ( -24.69999999999816609, -5.000000000000000000, -45.80000000000054428 ) ) ;
#6555 = ADVANCED_FACE ( 'NONE', ( #3064 ), #693, .T. ) ;
#6556 = ADVANCED_FACE ( 'NONE', ( #8387, #1367 ), #899, .T. ) ;
#6557 = CARTESIAN_POINT ( 'NONE',  ( -30.49999999999983302, -3.199999999999999289, 48.00000000000000711 ) ) ;
#6558 = AXIS2_PLACEMENT_3D ( 'NONE', #22, #6345, #7011 ) ;
#6559 = EDGE_LOOP ( 'NONE', ( #4325, #9983, #3071, #4618 ) ) ;
#6560 = LINE ( 'NONE', #196, #5309 ) ;
#6561 = CARTESIAN_POINT ( 'NONE',  ( -38.09999999999914166, -3.199999999999999734, 50.00000000000167688 ) ) ;
#6562 = CARTESIAN_POINT ( 'NONE',  ( 41.99999999999966604, -8.044227899587877317, -32.73977218700515834 ) ) ;
#6563 = ORIENTED_EDGE ( 'NONE', *, *, #3615, .F. ) ;
#6564 = AXIS2_PLACEMENT_3D ( 'NONE', #1370, #541, #5116 ) ;
#6565 = EDGE_LOOP ( 'NONE', ( #9318, #2590, #10131, #10153 ) ) ;
#6566 = ADVANCED_FACE ( 'NONE', ( #3210, #8596 ), #3159, .T. ) ;
#6567 = ORIENTED_EDGE ( 'NONE', *, *, #6203, .T. ) ;
#6568 = VECTOR ( 'NONE', #9504, 1000.000000000000000 ) ;
#6569 = EDGE_CURVE ( 'NONE', #2123, #5121, #6412, .T. ) ;
#6570 = EDGE_CURVE ( 'NONE', #4728, #4737, #1995, .T. ) ;
#6571 = CARTESIAN_POINT ( 'NONE',  ( -38.81988663672239426, -9.202206256346702418, 48.00000000000000711 ) ) ;
#6572 = DIRECTION ( 'NONE',  ( -1.000000000000000000, -0.000000000000000000, -3.491481338843133750E-15 ) ) ;
#6573 = VERTEX_POINT ( 'NONE', #2334 ) ;
#6574 = DIRECTION ( 'NONE',  ( -0.000000000000000000, -0.000000000000000000, -1.000000000000000000 ) ) ;
#6575 = AXIS2_PLACEMENT_3D ( 'NONE', #9410, #2389, #1617 ) ;
#6576 = DIRECTION ( 'NONE',  ( 3.202566417187938209E-15, 0.000000000000000000, 1.000000000000000000 ) ) ;
#6577 = DIRECTION ( 'NONE',  ( 1.000000000000000000, -0.000000000000000000, -1.047444401652940007E-14 ) ) ;
#6578 = LINE ( 'NONE', #5665, #600 ) ;
#6579 = CARTESIAN_POINT ( 'NONE',  ( 40.44999999999983231, -3.199999999999999734, 43.50000000000001421 ) ) ;
#6580 = VECTOR ( 'NONE', #3554, 1000.000000000000000 ) ;
#6581 = DIRECTION ( 'NONE',  ( 0.000000000000000000, -1.000000000000000000, 0.000000000000000000 ) ) ;
#6582 = ORIENTED_EDGE ( 'NONE', *, *, #8318, .T. ) ;
#6583 = ORIENTED_EDGE ( 'NONE', *, *, #982, .F. ) ;
#6584 = ORIENTED_EDGE ( 'NONE', *, *, #2004, .F. ) ;
#6585 = DIRECTION ( 'NONE',  ( 1.000000000000000000, 0.000000000000000000, -1.047444401652939849E-14 ) ) ;
#6586 = AXIS2_PLACEMENT_3D ( 'NONE', #8864, #294, #6364 ) ;
#6587 = CARTESIAN_POINT ( 'NONE',  ( 32.34229178866885235, -8.259919645877356942, -48.00000000000002132 ) ) ;
#6588 = DIRECTION ( 'NONE',  ( 0.000000000000000000, -0.000000000000000000, 1.000000000000000000 ) ) ;
#6589 = CARTESIAN_POINT ( 'NONE',  ( 45.80000000000062244, -5.000000000000000000, -26.24999999999800337 ) ) ;
#6590 = DIRECTION ( 'NONE',  ( 0.000000000000000000, 0.000000000000000000, 1.000000000000000000 ) ) ;
#6591 = CIRCLE ( 'NONE', #2489, 1.550000000000002709 ) ;
#6592 = CARTESIAN_POINT ( 'NONE',  ( 49.00000000000000711, 7.750000000000000000, 42.49999999999999289 ) ) ;
#6593 = ORIENTED_EDGE ( 'NONE', *, *, #7883, .T. ) ;
#6594 = VECTOR ( 'NONE', #5231, 1000.000000000000000 ) ;
#6595 = ORIENTED_EDGE ( 'NONE', *, *, #5725, .F. ) ;
#6596 = CARTESIAN_POINT ( 'NONE',  ( 48.00000000000044764, -1.000000000000000000, 41.49999999999933920 ) ) ;
#6597 = ADVANCED_FACE ( 'NONE', ( #7858 ), #1719, .F. ) ;
#6598 = AXIS2_PLACEMENT_3D ( 'NONE', #8075, #1056, #329 ) ;
#6599 = EDGE_CURVE ( 'NONE', #7376, #4573, #9033, .T. ) ;
#6600 = CARTESIAN_POINT ( 'NONE',  ( -24.69999999999816609, -5.000000000000000000, -47.35000000000054143 ) ) ;
#6601 = CARTESIAN_POINT ( 'NONE',  ( -41.49999999999983658, -7.120351610792639008, 42.00000000000000711 ) ) ;
#6602 = DIRECTION ( 'NONE',  ( 0.000000000000000000, 0.000000000000000000, -1.000000000000000000 ) ) ;
#6603 = ORIENTED_EDGE ( 'NONE', *, *, #4124, .F. ) ;
#6604 = CARTESIAN_POINT ( 'NONE',  ( -40.00000000000000711, -15.00000000000000355, -42.80000000000001137 ) ) ;
#6605 = CARTESIAN_POINT ( 'NONE',  ( -37.49999999999999289, -5.000000000000001776, 41.94999999999999574 ) ) ;
#6606 = CARTESIAN_POINT ( 'NONE',  ( -37.49999999999999289, -15.00000000000000355, 42.89999999999999147 ) ) ;
#6607 = AXIS2_PLACEMENT_3D ( 'NONE', #679, #6846, #629 ) ;
#6608 = ORIENTED_EDGE ( 'NONE', *, *, #451, .F. ) ;
#6609 = ORIENTED_EDGE ( 'NONE', *, *, #8454, .T. ) ;
#6610 = CARTESIAN_POINT ( 'NONE',  ( -48.99999999999999289, -1.000000000000000000, 48.99999999999999289 ) ) ;
#6611 = AXIS2_PLACEMENT_3D ( 'NONE', #5851, #4914, #8820 ) ;
#6612 = DIRECTION ( 'NONE',  ( -0.000000000000000000, -0.000000000000000000, -1.000000000000000000 ) ) ;
#6613 = ORIENTED_EDGE ( 'NONE', *, *, #7110, .F. ) ;
#6614 = CARTESIAN_POINT ( 'NONE',  ( -41.90576361453813803, -10.26764340133728481, 41.59423638546178381 ) ) ;
#6615 = CARTESIAN_POINT ( 'NONE',  ( 41.99999999999968736, -3.199999999999999289, -30.49999999999968736 ) ) ;
#6616 = CIRCLE ( 'NONE', #6939, 1.549999999999999378 ) ;
#6617 = DIRECTION ( 'NONE',  ( 0.000000000000000000, 0.000000000000000000, -1.000000000000000000 ) ) ;
#6618 = CIRCLE ( 'NONE', #2204, 1.550000000000002709 ) ;
#6619 = VERTEX_POINT ( 'NONE', #8688 ) ;
#6620 = VECTOR ( 'NONE', #6978, 1000.000000000000000 ) ;
#6621 = ORIENTED_EDGE ( 'NONE', *, *, #8505, .T. ) ;
#6622 = EDGE_LOOP ( 'NONE', ( #9153, #3482 ) ) ;
#6623 = AXIS2_PLACEMENT_3D ( 'NONE', #7327, #298, #3432 ) ;
#6624 = CIRCLE ( 'NONE', #723, 1.550000000000002709 ) ;
#6625 = CARTESIAN_POINT ( 'NONE',  ( -31.40143459492317390, -8.000000000000001776, 48.00000000000000711 ) ) ;
#6626 = CYLINDRICAL_SURFACE ( 'NONE', #659, 1.550000000000002709 ) ;
#6627 = ORIENTED_EDGE ( 'NONE', *, *, #9784, .F. ) ;
#6628 = CARTESIAN_POINT ( 'NONE',  ( 40.45587828773334138, -11.60000000000000320, 42.00000000000000711 ) ) ;
#6629 = AXIS2_PLACEMENT_3D ( 'NONE', #1609, #3148, #3201 ) ;
#6630 = LINE ( 'NONE', #517, #9905 ) ;
#6631 = CARTESIAN_POINT ( 'NONE',  ( 38.09999999999948983, -3.199999999999999734, -50.00000000000076739 ) ) ;
#6632 = SURFACE_STYLE_FILL_AREA ( #4420 ) ;
#6633 = CARTESIAN_POINT ( 'NONE',  ( -35.72419598204034941, -8.725573130722199977, -42.00000000000001421 ) ) ;
#6634 = ADVANCED_FACE ( 'NONE', ( #4026 ), #125, .F. ) ;
#6635 = VECTOR ( 'NONE', #8897, 1000.000000000000000 ) ;
#6636 = CARTESIAN_POINT ( 'NONE',  ( -42.00000000000011369, -5.000000000000002665, -30.09999999999968523 ) ) ;
#6637 = EDGE_CURVE ( 'NONE', #8041, #4251, #1514, .T. ) ;
#6638 = EDGE_CURVE ( 'NONE', #3794, #248, #4939, .T. ) ;
#6639 = VERTEX_POINT ( 'NONE', #1616 ) ;
#6640 = ORIENTED_EDGE ( 'NONE', *, *, #5539, .F. ) ;
#6641 = AXIS2_PLACEMENT_3D ( 'NONE', #441, #2794, #4281 ) ;
#6642 = ORIENTED_EDGE ( 'NONE', *, *, #5383, .F. ) ;
#6643 = DIRECTION ( 'NONE',  ( 0.000000000000000000, 0.000000000000000000, -1.000000000000000000 ) ) ;
#6644 = AXIS2_PLACEMENT_3D ( 'NONE', #2774, #1341, #9689 ) ;
#6645 = DIRECTION ( 'NONE',  ( 0.000000000000000000, 0.000000000000000000, 1.000000000000000000 ) ) ;
#6646 = DIRECTION ( 'NONE',  ( 1.000000000000000000, 0.000000000000000000, -1.387778780781445676E-16 ) ) ;
#6647 = DIRECTION ( 'NONE',  ( 0.000000000000000000, 0.000000000000000000, -1.000000000000000000 ) ) ;
#6648 = EDGE_CURVE ( 'NONE', #1714, #2502, #3142, .T. ) ;
#6649 = CARTESIAN_POINT ( 'NONE',  ( -33.20934682688080386, -8.221453195458330754, 42.15219435482373456 ) ) ;
#6650 = CARTESIAN_POINT ( 'NONE',  ( 41.49999999999983658, -5.234697887286978712, -42.00000000000000711 ) ) ;
#6651 = EDGE_CURVE ( 'NONE', #5891, #6721, #5617, .T. ) ;
#6652 = ORIENTED_EDGE ( 'NONE', *, *, #1676, .T. ) ;
#6653 = VECTOR ( 'NONE', #150, 1000.000000000000000 ) ;
#6654 = ORIENTED_EDGE ( 'NONE', *, *, #133, .T. ) ;
#6655 = CARTESIAN_POINT ( 'NONE',  ( -38.09999999999983800, -3.199999999999999734, 48.00000000000000711 ) ) ;
#6656 = CARTESIAN_POINT ( 'NONE',  ( 50.00000000000000711, -1.000000000000000000, 48.99999999999999289 ) ) ;
#6657 = DIRECTION ( 'NONE',  ( -1.000000000000000000, -0.000000000000000000, 3.491481338843133355E-15 ) ) ;
#6658 = DIRECTION ( 'NONE',  ( 4.625929269271486900E-15, 0.000000000000000000, 1.000000000000000000 ) ) ;
#6659 = LINE ( 'NONE', #8233, #2313 ) ;
#6660 = ORIENTED_EDGE ( 'NONE', *, *, #9647, .T. ) ;
#6661 = AXIS2_PLACEMENT_3D ( 'NONE', #9429, #863, #1687 ) ;
#6662 = FACE_OUTER_BOUND ( 'NONE', #167, .T. ) ;
#6663 = FACE_OUTER_BOUND ( 'NONE', #2079, .T. ) ;
#6664 = ORIENTED_EDGE ( 'NONE', *, *, #9625, .F. ) ;
#6665 = ADVANCED_FACE ( 'NONE', ( #842 ), #5561, .T. ) ;
#6666 = ORIENTED_EDGE ( 'NONE', *, *, #8320, .T. ) ;
#6667 = LINE ( 'NONE', #9936, #8611 ) ;
#6668 = ADVANCED_FACE ( 'NONE', ( #7154 ), #4850, .F. ) ;
#6669 = CARTESIAN_POINT ( 'NONE',  ( -24.69999999999752660, -8.000000000000001776, 45.80000000000087823 ) ) ;
#6670 = ORIENTED_EDGE ( 'NONE', *, *, #8466, .F. ) ;
#6671 = CARTESIAN_POINT ( 'NONE',  ( 31.97147687623693457, -7.909706892630209651, 42.00000000000001421 ) ) ;
#6672 = FACE_OUTER_BOUND ( 'NONE', #8891, .T. ) ;
#6673 = LINE ( 'NONE', #5078, #3514 ) ;
#6674 = EDGE_CURVE ( 'NONE', #7985, #3787, #8553, .T. ) ;
#6675 = ORIENTED_EDGE ( 'NONE', *, *, #9597, .T. ) ;
#6676 = ORIENTED_EDGE ( 'NONE', *, *, #7195, .F. ) ;
#6677 = CARTESIAN_POINT ( 'NONE',  ( 24.69999999999998863, -3.499999999999999556, -45.80000000000000426 ) ) ;
#6678 = FACE_OUTER_BOUND ( 'NONE', #5338, .T. ) ;
#6679 = ORIENTED_EDGE ( 'NONE', *, *, #2002, .T. ) ;
#6680 = LINE ( 'NONE', #2163, #3831 ) ;
#6681 = FACE_BOUND ( 'NONE', #1796, .T. ) ;
#6682 = CARTESIAN_POINT ( 'NONE',  ( 24.69999999999998863, -3.499999999999999556, -45.80000000000000426 ) ) ;
#6683 = CARTESIAN_POINT ( 'NONE',  ( -24.69999999999752660, -8.000000000000001776, 47.35000000000088249 ) ) ;
#6684 = CARTESIAN_POINT ( 'NONE',  ( -40.00000000000000711, -5.025393101198560863, -42.00000000000000711 ) ) ;
#6685 = CARTESIAN_POINT ( 'NONE',  ( -48.00000000000050449, -8.192981740370447241, -47.99999999999936051 ) ) ;
#6686 = ORIENTED_EDGE ( 'NONE', *, *, #9761, .T. ) ;
#6687 = EDGE_LOOP ( 'NONE', ( #5963, #9031 ) ) ;
#6688 = EDGE_LOOP ( 'NONE', ( #2894, #2658 ) ) ;
#6689 = EDGE_CURVE ( 'NONE', #1728, #3391, #7074, .T. ) ;
#6690 = DIRECTION ( 'NONE',  ( -1.181088324069314777E-14, 0.000000000000000000, -1.000000000000000000 ) ) ;
#6691 = DIRECTION ( 'NONE',  ( 0.000000000000000000, 1.000000000000000000, 0.000000000000000000 ) ) ;
#6692 = EDGE_CURVE ( 'NONE', #5957, #9245, #8539, .T. ) ;
#6693 = EDGE_CURVE ( 'NONE', #5247, #6057, #6237, .T. ) ;
#6694 = DIRECTION ( 'NONE',  ( -0.000000000000000000, 1.000000000000000000, -0.000000000000000000 ) ) ;
#6695 = PLANE ( 'NONE',  #728 ) ;
#6696 = PLANE ( 'NONE',  #10053 ) ;
#6697 = DIRECTION ( 'NONE',  ( -8.953411488912536510E-15, 0.000000000000000000, -1.000000000000000000 ) ) ;
#6698 = DIRECTION ( 'NONE',  ( 0.000000000000000000, 1.000000000000000000, 0.000000000000000000 ) ) ;
#6699 = VERTEX_POINT ( 'NONE', #219 ) ;
#6700 = ORIENTED_EDGE ( 'NONE', *, *, #1490, .F. ) ;
#6701 = CARTESIAN_POINT ( 'NONE',  ( 41.99999999999957367, -1.000000000000001776, -41.50000000000027001 ) ) ;
#6702 = DIRECTION ( 'NONE',  ( 0.000000000000000000, 0.000000000000000000, -1.000000000000000000 ) ) ;
#6703 = CARTESIAN_POINT ( 'NONE',  ( -30.09999999999983089, -5.000000000000002665, -42.00000000000000711 ) ) ;
#6704 = EDGE_CURVE ( 'NONE', #7047, #1778, #5870, .T. ) ;
#6705 = ADVANCED_FACE ( 'NONE', ( #4270 ), #989, .F. ) ;
#6706 = DIRECTION ( 'NONE',  ( 0.000000000000000000, 0.000000000000000000, -1.000000000000000000 ) ) ;
#6707 = DIRECTION ( 'NONE',  ( 0.000000000000000000, 0.000000000000000000, 1.000000000000000000 ) ) ;
#6708 = VERTEX_POINT ( 'NONE', #8796 ) ;
#6709 = DIRECTION ( 'NONE',  ( -1.000000000000000000, 0.000000000000000000, 3.491481338843133355E-15 ) ) ;
#6710 = CARTESIAN_POINT ( 'NONE',  ( -28.95000000000043627, -3.199999999999999289, -43.49999999999960920 ) ) ;
#6711 = ORIENTED_EDGE ( 'NONE', *, *, #2931, .F. ) ;
#6712 = ORIENTED_EDGE ( 'NONE', *, *, #804, .F. ) ;
#6713 = VERTEX_POINT ( 'NONE', #1040 ) ;
#6714 = CARTESIAN_POINT ( 'NONE',  ( -28.94999999999924256, -3.199999999999999289, 42.00000000000000711 ) ) ;
#6715 = DIRECTION ( 'NONE',  ( -6.938893903907222067E-15, 0.000000000000000000, -1.000000000000000000 ) ) ;
#6716 = VERTEX_POINT ( 'NONE', #1970 ) ;
#6717 = CARTESIAN_POINT ( 'NONE',  ( 24.69999999999784634, -8.000000000000001776, -45.80000000000070770 ) ) ;
#6718 = CARTESIAN_POINT ( 'NONE',  ( -21.49897948556374416, -4.000000000000000000, -50.00000000000000711 ) ) ;
#6719 = DIRECTION ( 'NONE',  ( -1.047444401652940007E-14, 0.000000000000000000, -1.000000000000000000 ) ) ;
#6720 = AXIS2_PLACEMENT_3D ( 'NONE', #8994, #6995, #3715 ) ;
#6721 = VERTEX_POINT ( 'NONE', #4116 ) ;
#6722 = EDGE_LOOP ( 'NONE', ( #2148, #3089 ) ) ;
#6723 = DIRECTION ( 'NONE',  ( 0.000000000000000000, 0.000000000000000000, 1.000000000000000000 ) ) ;
#6724 = CARTESIAN_POINT ( 'NONE',  ( 38.09999999999954667, -3.199999999999999734, -42.00000000000000711 ) ) ;
#6725 = VECTOR ( 'NONE', #1777, 1000.000000000000000 ) ;
#6726 = ORIENTED_EDGE ( 'NONE', *, *, #8588, .T. ) ;
#6727 = CARTESIAN_POINT ( 'NONE',  ( 41.99999999999961631, -3.199999999999999734, -38.09999999999968878 ) ) ;
#6728 = CARTESIAN_POINT ( 'NONE',  ( -49.99999999999820943, -5.000000000000000000, 21.49897948556554539 ) ) ;
#6729 = CARTESIAN_POINT ( 'NONE',  ( -32.10812552581125345, -8.969259386389698108, 42.00000000000000711 ) ) ;
#6730 = DIRECTION ( 'NONE',  ( -1.000000000000000000, -0.000000000000000000, 1.047444401652940007E-14 ) ) ;
#6731 = CARTESIAN_POINT ( 'NONE',  ( 36.55000000000013927, -3.199999999999999734, 43.49999999999975842 ) ) ;
#6732 = CARTESIAN_POINT ( 'NONE',  ( -48.00000000000016342, -8.637575383945584662, -40.45200705725281409 ) ) ;
#6733 = ORIENTED_EDGE ( 'NONE', *, *, #1042, .T. ) ;
#6734 = AXIS2_PLACEMENT_3D ( 'NONE', #9748, #5865, #9850 ) ;
#6735 = ORIENTED_EDGE ( 'NONE', *, *, #2273, .F. ) ;
#6736 = ORIENTED_EDGE ( 'NONE', *, *, #3686, .F. ) ;
#6737 = LINE ( 'NONE', #8430, #2481 ) ;
#6738 = DIRECTION ( 'NONE',  ( 0.000000000000000000, 0.000000000000000000, 1.000000000000000000 ) ) ;
#6739 = DIRECTION ( 'NONE',  ( 1.000000000000000000, -0.000000000000000000, -1.047444401652940007E-14 ) ) ;
#6740 = CARTESIAN_POINT ( 'NONE',  ( -41.99999999999995026, -1.000000000000000000, 16.59999999999917364 ) ) ;
#6741 = AXIS2_PLACEMENT_3D ( 'NONE', #323, #9765, #3722 ) ;
#6742 = FACE_BOUND ( 'NONE', #6900, .T. ) ;
#6743 = CARTESIAN_POINT ( 'NONE',  ( 42.00000000000034106, -3.199999999999999289, 32.04999999999969162 ) ) ;
#6744 = DIRECTION ( 'NONE',  ( 1.000000000000000000, 0.000000000000000000, 4.336808689942025625E-16 ) ) ;
#6745 = ORIENTED_EDGE ( 'NONE', *, *, #1871, .T. ) ;
#6746 = AXIS2_PLACEMENT_3D ( 'NONE', #9044, #6844, #5156 ) ;
#6747 = ORIENTED_EDGE ( 'NONE', *, *, #9167, .T. ) ;
#6748 = ADVANCED_FACE ( 'NONE', ( #7394 ), #3304, .F. ) ;
#6749 = CYLINDRICAL_SURFACE ( 'NONE', #4021, 2.350000000000001421 ) ;
#6750 = VECTOR ( 'NONE', #4844, 1000.000000000000000 ) ;
#6751 = EDGE_CURVE ( 'NONE', #8212, #7087, #8217, .T. ) ;
#6752 = DIRECTION ( 'NONE',  ( -1.000000000000000000, -0.000000000000000000, 1.047444401652940007E-14 ) ) ;
#6753 = CARTESIAN_POINT ( 'NONE',  ( -45.79999999999802185, -3.499999999999999556, -27.04999999999936833 ) ) ;
#6754 = CARTESIAN_POINT ( 'NONE',  ( 24.69999999999998863, -3.499999999999999556, -43.45000000000000995 ) ) ;
#6755 = DIRECTION ( 'NONE',  ( 0.000000000000000000, 1.000000000000000000, 0.000000000000000000 ) ) ;
#6756 = ORIENTED_EDGE ( 'NONE', *, *, #6569, .F. ) ;
#6757 = DIRECTION ( 'NONE',  ( -0.000000000000000000, 1.000000000000000000, -0.000000000000000000 ) ) ;
#6758 = CIRCLE ( 'NONE', #2333, 4.349999999999999645 ) ;
#6759 = LINE ( 'NONE', #544, #5265 ) ;
#6760 = EDGE_LOOP ( 'NONE', ( #9558, #6563, #2103, #1319 ) ) ;
#6761 = ADVANCED_FACE ( 'NONE', ( #4999 ), #7300, .F. ) ;
#6762 = ORIENTED_EDGE ( 'NONE', *, *, #1532, .T. ) ;
#6763 = ADVANCED_FACE ( 'NONE', ( #2625 ), #5716, .T. ) ;
#6764 = EDGE_CURVE ( 'NONE', #5597, #1453, #5099, .T. ) ;
#6765 = EDGE_CURVE ( 'NONE', #1162, #871, #3407, .T. ) ;
#6766 = AXIS2_PLACEMENT_3D ( 'NONE', #7119, #89, #2542 ) ;
#6767 = VERTEX_POINT ( 'NONE', #9549 ) ;
#6768 = DIRECTION ( 'NONE',  ( -1.047444401652940007E-14, 0.000000000000000000, -1.000000000000000000 ) ) ;
#6769 = CARTESIAN_POINT ( 'NONE',  ( 38.09999999999983800, -3.199999999999999734, 43.50000000000001421 ) ) ;
#6770 = ORIENTED_EDGE ( 'NONE', *, *, #1618, .T. ) ;
#6771 = LINE ( 'NONE', #1326, #3997 ) ;
#6772 = CARTESIAN_POINT ( 'NONE',  ( -43.59856540507681189, -8.000000000000001776, 48.00000000000000711 ) ) ;
#6773 = FACE_OUTER_BOUND ( 'NONE', #2702, .T. ) ;
#6774 = EDGE_CURVE ( 'NONE', #871, #1407, #9601, .T. ) ;
#6775 = EDGE_LOOP ( 'NONE', ( #9683, #2585, #8670 ) ) ;
#6776 = AXIS2_PLACEMENT_3D ( 'NONE', #3397, #6524, #8936 ) ;
#6777 = DIRECTION ( 'NONE',  ( 0.000000000000000000, 0.000000000000000000, 1.000000000000000000 ) ) ;
#6779 = DIRECTION ( 'NONE',  ( -0.000000000000000000, -0.000000000000000000, -1.000000000000000000 ) ) ;
#6778 =( GEOMETRIC_REPRESENTATION_CONTEXT ( 3 ) GLOBAL_UNCERTAINTY_ASSIGNED_CONTEXT ( ( #1751 ) ) GLOBAL_UNIT_ASSIGNED_CONTEXT ( ( #2731, #9903, #7492 ) ) REPRESENTATION_CONTEXT ( 'NONE', 'WORKASPACE' ) );
#6780 = ORIENTED_EDGE ( 'NONE', *, *, #230, .T. ) ;
#6781 = DIRECTION ( 'NONE',  ( 2.952720810173291281E-15, 0.000000000000000000, 1.000000000000000000 ) ) ;
#6782 = DIRECTION ( 'NONE',  ( -0.000000000000000000, 0.000000000000000000, -1.000000000000000000 ) ) ;
#6783 = AXIS2_PLACEMENT_3D ( 'NONE', #8247, #1169, #1228 ) ;
#6784 = CARTESIAN_POINT ( 'NONE',  ( -16.59999999999983444, -5.000000000000000000, 49.99999999999999289 ) ) ;
#6785 = CARTESIAN_POINT ( 'NONE',  ( -35.72419598204034230, -14.74252444900601944, -42.00000000000000711 ) ) ;
#6786 = CIRCLE ( 'NONE', #218, 2.999999999999999112 ) ;
#6787 = ORIENTED_EDGE ( 'NONE', *, *, #4740, .F. ) ;
#6788 = EDGE_CURVE ( 'NONE', #7783, #2240, #4224, .T. ) ;
#6789 = AXIS2_PLACEMENT_3D ( 'NONE', #4616, #6981, #771 ) ;
#6790 = EDGE_LOOP ( 'NONE', ( #5098, #1274 ) ) ;
#6791 = CIRCLE ( 'NONE', #1390, 1.000000000000000888 ) ;
#6792 = ORIENTED_EDGE ( 'NONE', *, *, #2260, .F. ) ;
#6793 = CIRCLE ( 'NONE', #4159, 2.350000000000001421 ) ;
#6794 = FACE_BOUND ( 'NONE', #5724, .T. ) ;
#6795 = CARTESIAN_POINT ( 'NONE',  ( 38.10000000000013642, -3.199999999999999734, 42.00000000000000711 ) ) ;
#6796 = ADVANCED_FACE ( 'NONE', ( #8117 ), #5766, .T. ) ;
#6797 = DIRECTION ( 'NONE',  ( 0.000000000000000000, -1.000000000000000000, 0.000000000000000000 ) ) ;
#6798 = DIRECTION ( 'NONE',  ( -1.000000000000000000, 0.000000000000000000, 0.000000000000000000 ) ) ;
#6799 = AXIS2_PLACEMENT_3D ( 'NONE', #4121, #947, #4072 ) ;
#6800 = DIRECTION ( 'NONE',  ( 1.000000000000000000, 0.000000000000000000, 0.000000000000000000 ) ) ;
#6801 = CARTESIAN_POINT ( 'NONE',  ( -20.51918358845047052, -4.200000000000000178, -49.99999999999884182 ) ) ;
#6802 = CARTESIAN_POINT ( 'NONE',  ( 42.50000000000000000, 0.000000000000000000, 49.99999999999999289 ) ) ;
#6803 = DIRECTION ( 'NONE',  ( 0.000000000000000000, -1.000000000000000000, 0.000000000000000000 ) ) ;
#6804 = CIRCLE ( 'NONE', #7118, 2.349999999999997868 ) ;
#6805 = ORIENTED_EDGE ( 'NONE', *, *, #9584, .T. ) ;
#6806 = VERTEX_POINT ( 'NONE', #2578 ) ;
#6807 = DIRECTION ( 'NONE',  ( -0.000000000000000000, -0.000000000000000000, 1.000000000000000000 ) ) ;
#6808 = CIRCLE ( 'NONE', #2705, 2.349999999999997868 ) ;
#6809 = AXIS2_PLACEMENT_3D ( 'NONE', #5497, #9184, #722 ) ;
#6810 = CARTESIAN_POINT ( 'NONE',  ( -45.79999999999802185, -3.499999999999999556, -22.34999999999937259 ) ) ;
#6811 = CARTESIAN_POINT ( 'NONE',  ( -40.00000000000000711, -15.00000000000000355, -42.80000000000001137 ) ) ;
#6813 = DIRECTION ( 'NONE',  ( -0.000000000000000000, -0.000000000000000000, 1.000000000000000000 ) ) ;
#6812 = AXIS2_PLACEMENT_3D ( 'NONE', #5576, #2347, #7062 ) ;
#6814 = LINE ( 'NONE', #1985, #2972 ) ;
#6815 = ORIENTED_EDGE ( 'NONE', *, *, #2931, .T. ) ;
#6816 = CARTESIAN_POINT ( 'NONE',  ( -24.69999999999816609, -5.000000000000000000, -45.80000000000054428 ) ) ;
#6817 = AXIS2_PLACEMENT_3D ( 'NONE', #8925, #9731, #2656 ) ;
#6818 = DIRECTION ( 'NONE',  ( 0.000000000000000000, -0.000000000000000000, 1.000000000000000000 ) ) ;
#6819 = VERTEX_POINT ( 'NONE', #8008 ) ;
#6820 = ORIENTED_EDGE ( 'NONE', *, *, #47, .T. ) ;
#6821 = ORIENTED_EDGE ( 'NONE', *, *, #6050, .T. ) ;
#6822 = ORIENTED_EDGE ( 'NONE', *, *, #5387, .F. ) ;
#6823 = CARTESIAN_POINT ( 'NONE',  ( 45.80000000000062244, -8.000000000000001776, -24.69999999999800622 ) ) ;
#6824 = AXIS2_PLACEMENT_3D ( 'NONE', #4813, #918, #141 ) ;
#6825 = DIRECTION ( 'NONE',  ( 1.000000000000000000, 0.000000000000000000, -1.047444401652940007E-14 ) ) ;
#6826 = EDGE_CURVE ( 'NONE', #4573, #3339, #1921, .T. ) ;
#6827 = VERTEX_POINT ( 'NONE', #1811 ) ;
#6828 = EDGE_CURVE ( 'NONE', #5399, #362, #3358, .T. ) ;
#6829 = CARTESIAN_POINT ( 'NONE',  ( -47.99999999999990052, -5.000000000000002665, 30.09999999999999787 ) ) ;
#6830 = LINE ( 'NONE', #1328, #3057 ) ;
#6831 = CARTESIAN_POINT ( 'NONE',  ( 31.85659805918215781, -11.33893505927272294, 43.30942172937140100 ) ) ;
#6832 = AXIS2_PLACEMENT_3D ( 'NONE', #5609, #2465, #4062 ) ;
#6833 = EDGE_LOOP ( 'NONE', ( #5929, #7837, #8254, #6700, #373, #4508, #8809, #649 ) ) ;
#6834 = LINE ( 'NONE', #6062, #8043 ) ;
#6835 = CARTESIAN_POINT ( 'NONE',  ( -24.69999999999738094, -3.499999999999999556, 45.79999999999864713 ) ) ;
#6836 = ORIENTED_EDGE ( 'NONE', *, *, #8949, .T. ) ;
#6837 = DIRECTION ( 'NONE',  ( 8.953411488912536510E-15, 0.000000000000000000, 1.000000000000000000 ) ) ;
#6838 = DIRECTION ( 'NONE',  ( 0.000000000000000000, 0.000000000000000000, -1.000000000000000000 ) ) ;
#6839 = CARTESIAN_POINT ( 'NONE',  ( -31.93612591493367248, -8.817644318139535642, 42.00000000000001421 ) ) ;
#6840 = DIRECTION ( 'NONE',  ( 1.387778780781445676E-16, 0.000000000000000000, 1.000000000000000000 ) ) ;
#6841 = ORIENTED_EDGE ( 'NONE', *, *, #5032, .F. ) ;
#6842 = ORIENTED_EDGE ( 'NONE', *, *, #1745, .T. ) ;
#6843 = ORIENTED_EDGE ( 'NONE', *, *, #5565, .T. ) ;
#6844 = DIRECTION ( 'NONE',  ( -1.000000000000000000, -0.000000000000000000, 3.491481338843133355E-15 ) ) ;
#6845 = FACE_BOUND ( 'NONE', #5801, .T. ) ;
#6846 = DIRECTION ( 'NONE',  ( -1.000000000000000000, -0.000000000000000000, -3.491481338843133750E-15 ) ) ;
#6847 = CARTESIAN_POINT ( 'NONE',  ( -35.74999999999983658, -3.199999999999999734, 48.00000000000000711 ) ) ;
#6848 = FACE_BOUND ( 'NONE', #6992, .T. ) ;
#6849 = CARTESIAN_POINT ( 'NONE',  ( 29.94451117010662600, -8.000000000000001776, -46.94927304697390724 ) ) ;
#6850 = DIRECTION ( 'NONE',  ( 3.491481338843133355E-15, -0.000000000000000000, 1.000000000000000000 ) ) ;
#6851 = FACE_BOUND ( 'NONE', #4210, .T. ) ;
#6852 = ORIENTED_EDGE ( 'NONE', *, *, #8849, .T. ) ;
#6853 = ORIENTED_EDGE ( 'NONE', *, *, #4860, .F. ) ;
#6854 = EDGE_CURVE ( 'NONE', #802, #7983, #6103, .T. ) ;
#6855 = CARTESIAN_POINT ( 'NONE',  ( -30.01183857110625652, -8.000000000000003553, -47.37374676658969008 ) ) ;
#6856 = CARTESIAN_POINT ( 'NONE',  ( -45.80000000000062244, -8.000000000000001776, -26.24999999999800337 ) ) ;
#6857 = DIRECTION ( 'NONE',  ( -1.000000000000000000, -0.000000000000000000, -3.491481338843133750E-15 ) ) ;
#6858 = EDGE_CURVE ( 'NONE', #9694, #8999, #2737, .T. ) ;
#6859 = DIRECTION ( 'NONE',  ( -1.000000000000000000, -0.000000000000000000, 3.491481338843133355E-15 ) ) ;
#6860 = DIRECTION ( 'NONE',  ( 0.000000000000000000, 0.000000000000000000, 1.000000000000000000 ) ) ;
#6861 = VERTEX_POINT ( 'NONE', #1295 ) ;
#6862 = DIRECTION ( 'NONE',  ( 0.000000000000000000, -1.000000000000000000, 0.000000000000000000 ) ) ;
#6863 = VERTEX_POINT ( 'NONE', #5918 ) ;
#6864 = EDGE_LOOP ( 'NONE', ( #335, #5739, #7089, #2494, #6675, #8855 ) ) ;
#6865 = VERTEX_POINT ( 'NONE', #3758 ) ;
#6866 = ORIENTED_EDGE ( 'NONE', *, *, #4817, .T. ) ;
#6867 = DIRECTION ( 'NONE',  ( -0.000000000000000000, 1.000000000000000000, -0.000000000000000000 ) ) ;
#6868 = ORIENTED_EDGE ( 'NONE', *, *, #2997, .F. ) ;
#6869 = ORIENTED_EDGE ( 'NONE', *, *, #6693, .F. ) ;
#6870 = CARTESIAN_POINT ( 'NONE',  ( 36.20000000000000995, -8.400000000000000355, 42.89999999999999147 ) ) ;
#6871 = FACE_BOUND ( 'NONE', #6245, .T. ) ;
#6872 = CARTESIAN_POINT ( 'NONE',  ( 32.64825208965875447, -11.60000000000000320, 45.43356574162449135 ) ) ;
#6873 = EDGE_CURVE ( 'NONE', #1346, #6937, #2982, .T. ) ;
#6874 = ORIENTED_EDGE ( 'NONE', *, *, #5182, .T. ) ;
#6875 = EDGE_CURVE ( 'NONE', #5223, #5247, #2991, .T. ) ;
#6876 = DIRECTION ( 'NONE',  ( -1.000000000000000000, -0.000000000000000000, 3.491481338843133750E-15 ) ) ;
#6877 = ORIENTED_EDGE ( 'NONE', *, *, #299, .T. ) ;
#6878 = DIRECTION ( 'NONE',  ( 0.000000000000000000, 1.000000000000000000, -0.000000000000000000 ) ) ;
#6879 = DIRECTION ( 'NONE',  ( -1.047444401652940007E-14, -0.000000000000000000, -1.000000000000000000 ) ) ;
#6880 = AXIS2_PLACEMENT_3D ( 'NONE', #1705, #4156, #4836 ) ;
#6881 = CARTESIAN_POINT ( 'NONE',  ( -50.00000000000012079, 1.000000000000000000, -31.29999999999966320 ) ) ;
#6882 = CARTESIAN_POINT ( 'NONE',  ( 48.00000000000029843, -3.199999999999999289, 28.14999999999932712 ) ) ;
#6883 = ORIENTED_EDGE ( 'NONE', *, *, #7803, .F. ) ;
#6884 = ADVANCED_FACE ( 'NONE', ( #2081 ), #431, .F. ) ;
#6885 = EDGE_CURVE ( 'NONE', #6573, #9391, #2842, .T. ) ;
#6886 = ADVANCED_FACE ( 'NONE', ( #8277 ), #4383, .F. ) ;
#6887 = VERTEX_POINT ( 'NONE', #476 ) ;
#6888 = EDGE_CURVE ( 'NONE', #5821, #1284, #5602, .T. ) ;
#6889 = EDGE_LOOP ( 'NONE', ( #9456, #7885 ) ) ;
#6890 = CARTESIAN_POINT ( 'NONE',  ( 36.20000000000000995, -8.000000000000001776, 42.89999999999999147 ) ) ;
#6891 = DIRECTION ( 'NONE',  ( 1.000000000000000000, 0.000000000000000000, 0.000000000000000000 ) ) ;
#6892 = LINE ( 'NONE', #2178, #6936 ) ;
#6893 = CARTESIAN_POINT ( 'NONE',  ( 50.00000000000093792, -3.199999999999999289, 30.49999999999965894 ) ) ;
#6894 = FACE_OUTER_BOUND ( 'NONE', #4571, .T. ) ;
#6895 = DIRECTION ( 'NONE',  ( 0.000000000000000000, 1.000000000000000000, 0.000000000000000000 ) ) ;
#6896 = FACE_OUTER_BOUND ( 'NONE', #2505, .T. ) ;
#6897 = AXIS2_PLACEMENT_3D ( 'NONE', #5967, #1964, #5091 ) ;
#6898 = DIRECTION ( 'NONE',  ( -0.000000000000000000, -0.000000000000000000, -1.000000000000000000 ) ) ;
#6899 = ORIENTED_EDGE ( 'NONE', *, *, #2932, .F. ) ;
#6900 = EDGE_LOOP ( 'NONE', ( #1084, #2990 ) ) ;
#6901 = LINE ( 'NONE', #4550, #9270 ) ;
#6902 = EDGE_CURVE ( 'NONE', #5690, #9792, #5115, .T. ) ;
#6903 = PLANE ( 'NONE',  #5108 ) ;
#6904 = CIRCLE ( 'NONE', #7871, 2.349999999999997868 ) ;
#6905 = CARTESIAN_POINT ( 'NONE',  ( 35.64571638570363632, -14.71854526221898496, -42.94365900407195369 ) ) ;
#6906 = CARTESIAN_POINT ( 'NONE',  ( 32.84999999999983089, -3.199999999999998845, -43.50000000000001421 ) ) ;
#6907 = CARTESIAN_POINT ( 'NONE',  ( 41.49999999999949551, 1.000000000000000000, -49.00000000000000711 ) ) ;
#6908 = ORIENTED_EDGE ( 'NONE', *, *, #1300, .F. ) ;
#6909 = FACE_OUTER_BOUND ( 'NONE', #5481, .T. ) ;
#6910 = AXIS2_PLACEMENT_3D ( 'NONE', #1265, #5264, #2093 ) ;
#6911 = CARTESIAN_POINT ( 'NONE',  ( 42.00000000000031974, -5.000000000000002665, 30.09999999999939035 ) ) ;
#6912 = VERTEX_POINT ( 'NONE', #10008 ) ;
#6913 = AXIS2_PLACEMENT_3D ( 'NONE', #4165, #1660, #1805 ) ;
#6914 = VERTEX_POINT ( 'NONE', #1255 ) ;
#6915 = ADVANCED_FACE ( 'NONE', ( #4582 ), #8478, .F. ) ;
#6916 = ADVANCED_FACE ( 'NONE', ( #5249 ), #5209, .T. ) ;
#6917 = ORIENTED_EDGE ( 'NONE', *, *, #4077, .F. ) ;
#6918 = AXIS2_PLACEMENT_3D ( 'NONE', #3558, #6030, #6690 ) ;
#6919 = DIRECTION ( 'NONE',  ( -3.469446951953614189E-15, 0.000000000000000000, -1.000000000000000000 ) ) ;
#6920 = ORIENTED_EDGE ( 'NONE', *, *, #1595, .F. ) ;
#6921 = CIRCLE ( 'NONE', #4626, 4.000000000000000000 ) ;
#6922 = CARTESIAN_POINT ( 'NONE',  ( -35.72419598204034230, -14.74252444900601944, -42.00000000000000711 ) ) ;
#6923 = CARTESIAN_POINT ( 'NONE',  ( 31.94412171226667496, -11.38313153259664645, 42.00000000000000711 ) ) ;
#6924 = CARTESIAN_POINT ( 'NONE',  ( 24.69999999999998863, -3.499999999999999556, -45.80000000000000426 ) ) ;
#6925 = DIRECTION ( 'NONE',  ( 1.387778780781445676E-16, 0.000000000000000000, 1.000000000000000000 ) ) ;
#6926 = AXIS2_PLACEMENT_3D ( 'NONE', #2827, #9790, #3702 ) ;
#6927 = VECTOR ( 'NONE', #9550, 1000.000000000000000 ) ;
#6928 = VERTEX_POINT ( 'NONE', #3655 ) ;
#6929 = AXIS2_PLACEMENT_3D ( 'NONE', #7200, #946, #2336 ) ;
#6930 = CARTESIAN_POINT ( 'NONE',  ( -36.13766816143491667, -14.80000000000000071, -44.80122281838041687 ) ) ;
#6931 = ORIENTED_EDGE ( 'NONE', *, *, #7072, .F. ) ;
#6932 = CARTESIAN_POINT ( 'NONE',  ( -34.84230668589167124, -5.540943773805201644, 42.00000000000001421 ) ) ;
#6933 = LINE ( 'NONE', #10050, #5345 ) ;
#6934 = LINE ( 'NONE', #4683, #8576 ) ;
#6935 = VERTEX_POINT ( 'NONE', #9802 ) ;
#6936 = VECTOR ( 'NONE', #10010, 1000.000000000000000 ) ;
#6937 = VERTEX_POINT ( 'NONE', #9192 ) ;
#6938 = ORIENTED_EDGE ( 'NONE', *, *, #675, .F. ) ;
#6939 = AXIS2_PLACEMENT_3D ( 'NONE', #1133, #3596, #367 ) ;
#6940 = AXIS2_PLACEMENT_3D ( 'NONE', #2208, #710, #6977 ) ;
#6941 = DIRECTION ( 'NONE',  ( 3.491481338843133750E-15, -0.000000000000000000, 1.000000000000000000 ) ) ;
#6942 = CARTESIAN_POINT ( 'NONE',  ( 41.49999999999982947, 1.000000000000000000, -48.00000000000000711 ) ) ;
#6943 = CARTESIAN_POINT ( 'NONE',  ( -20.51918358845045987, -4.200000000000000178, -42.00000000000000711 ) ) ;
#6944 = CIRCLE ( 'NONE', #10045, 1.549999999999999378 ) ;
#6945 = CARTESIAN_POINT ( 'NONE',  ( 45.80000000000062244, 1.000000000000000000, -24.70000000000199591 ) ) ;
#6946 = EDGE_CURVE ( 'NONE', #5068, #7423, #6737, .T. ) ;
#6947 = ADVANCED_FACE ( 'NONE', ( #2783 ), #1456, .F. ) ;
#6948 = CARTESIAN_POINT ( 'NONE',  ( -30.49999999999922551, -3.199999999999999289, 43.50000000000001421 ) ) ;
#6949 = DIRECTION ( 'NONE',  ( 1.000000000000000000, 0.000000000000000000, -1.047444401652940007E-14 ) ) ;
#6950 = CYLINDRICAL_SURFACE ( 'NONE', #2042, 1.000000000000000888 ) ;
#6951 = EDGE_CURVE ( 'NONE', #153, #228, #7654, .T. ) ;
#6952 = CIRCLE ( 'NONE', #6789, 1.000000000000000888 ) ;
#6953 = DIRECTION ( 'NONE',  ( 1.000000000000000000, 0.000000000000000000, -1.047444401652939849E-14 ) ) ;
#6954 = ORIENTED_EDGE ( 'NONE', *, *, #4122, .F. ) ;
#6955 = AXIS2_PLACEMENT_3D ( 'NONE', #7263, #2546, #8856 ) ;
#6956 = ORIENTED_EDGE ( 'NONE', *, *, #1380, .T. ) ;
#6957 = VECTOR ( 'NONE', #8903, 1000.000000000000000 ) ;
#6958 = ORIENTED_EDGE ( 'NONE', *, *, #704, .T. ) ;
#6959 = DIRECTION ( 'NONE',  ( -0.000000000000000000, -0.000000000000000000, -1.000000000000000000 ) ) ;
#6960 = AXIS2_PLACEMENT_3D ( 'NONE', #5488, #4613, #9285 ) ;
#6961 = CARTESIAN_POINT ( 'NONE',  ( 43.50000000000042633, -3.199999999999999734, 39.64999999999968594 ) ) ;
#6962 = AXIS2_PLACEMENT_3D ( 'NONE', #9231, #4521, #3792 ) ;
#6963 = CARTESIAN_POINT ( 'NONE',  ( 35.93272957648670740, -14.78774434986896935, -44.36132305184030145 ) ) ;
#6964 = CARTESIAN_POINT ( 'NONE',  ( -37.49999999999999289, -8.400000000000000355, 42.89999999999999147 ) ) ;
#6965 = CARTESIAN_POINT ( 'NONE',  ( -42.00000000000014211, -5.000000000000001776, -38.93703481765633967 ) ) ;
#6966 = EDGE_LOOP ( 'NONE', ( #2157, #2372, #4142, #3043 ) ) ;
#6967 = CARTESIAN_POINT ( 'NONE',  ( 29.39617093457416530, -7.916462601823895717, 45.08957449905255999 ) ) ;
#6968 = ADVANCED_FACE ( 'NONE', ( #6794, #1350 ), #2897, .T. ) ;
#6969 = CARTESIAN_POINT ( 'NONE',  ( 41.99999999999958789, -5.674899325755585977, -41.13264974974286048 ) ) ;
#6970 = ORIENTED_EDGE ( 'NONE', *, *, #4185, .F. ) ;
#6971 = AXIS2_PLACEMENT_3D ( 'NONE', #4432, #7456, #8221 ) ;
#6972 = ORIENTED_EDGE ( 'NONE', *, *, #1532, .F. ) ;
#6973 = ORIENTED_EDGE ( 'NONE', *, *, #6324, .T. ) ;
#6974 = FACE_BOUND ( 'NONE', #4045, .T. ) ;
#6975 = ORIENTED_EDGE ( 'NONE', *, *, #1182, .T. ) ;
#6976 = CIRCLE ( 'NONE', #6644, 2.350000000000001421 ) ;
#6977 = DIRECTION ( 'NONE',  ( 0.000000000000000000, 0.000000000000000000, 1.000000000000000000 ) ) ;
#6978 = DIRECTION ( 'NONE',  ( 0.000000000000000000, -1.000000000000000000, 0.000000000000000000 ) ) ;
#6979 = DIRECTION ( 'NONE',  ( 1.000000000000000000, -0.000000000000000000, 3.491481338843133355E-15 ) ) ;
#6980 = LINE ( 'NONE', #865, #8531 ) ;
#6981 = DIRECTION ( 'NONE',  ( -1.000000000000000000, 0.000000000000000000, 0.000000000000000000 ) ) ;
#6982 = CIRCLE ( 'NONE', #1729, 2.349999999999997868 ) ;
#6983 = AXIS2_PLACEMENT_3D ( 'NONE', #2717, #9887, #3431 ) ;
#6984 = ORIENTED_EDGE ( 'NONE', *, *, #985, .F. ) ;
#6985 = ORIENTED_EDGE ( 'NONE', *, *, #6508, .F. ) ;
#6986 = DIRECTION ( 'NONE',  ( 0.000000000000000000, 0.000000000000000000, 1.000000000000000000 ) ) ;
#6987 = EDGE_CURVE ( 'NONE', #8760, #6000, #627, .T. ) ;
#6988 = FACE_OUTER_BOUND ( 'NONE', #3874, .T. ) ;
#6989 = VECTOR ( 'NONE', #7360, 1000.000000000000000 ) ;
#6990 = CARTESIAN_POINT ( 'NONE',  ( 41.99999999999961631, -12.37235810081499032, -38.44274652244400414 ) ) ;
#6991 = ORIENTED_EDGE ( 'NONE', *, *, #5627, .F. ) ;
#6992 = EDGE_LOOP ( 'NONE', ( #6223, #9580 ) ) ;
#6993 = ORIENTED_EDGE ( 'NONE', *, *, #3779, .F. ) ;
#6994 = LINE ( 'NONE', #732, #5946 ) ;
#6995 = DIRECTION ( 'NONE',  ( 0.000000000000000000, -0.000000000000000000, 1.000000000000000000 ) ) ;
#6996 = DIRECTION ( 'NONE',  ( 0.000000000000000000, 0.000000000000000000, -1.000000000000000000 ) ) ;
#6997 = DIRECTION ( 'NONE',  ( -0.000000000000000000, -0.000000000000000000, -1.000000000000000000 ) ) ;
#6998 = FACE_BOUND ( 'NONE', #1513, .T. ) ;
#6999 = DIRECTION ( 'NONE',  ( -1.000000000000000000, 0.000000000000000000, 0.000000000000000000 ) ) ;
#7000 = CARTESIAN_POINT ( 'NONE',  ( 24.70000000000261764, -3.499999999999999556, 43.44999999999865281 ) ) ;
#7001 = DIRECTION ( 'NONE',  ( 0.000000000000000000, 1.000000000000000000, 0.000000000000000000 ) ) ;
#7002 = ORIENTED_EDGE ( 'NONE', *, *, #825, .F. ) ;
#7003 = EDGE_LOOP ( 'NONE', ( #3784, #4066, #7256, #4687 ) ) ;
#7004 = EDGE_LOOP ( 'NONE', ( #1887, #554, #6733, #4560 ) ) ;
#7005 = CARTESIAN_POINT ( 'NONE',  ( 36.20000000000000995, -8.400000000000000355, 42.89999999999999147 ) ) ;
#7006 = EDGE_CURVE ( 'NONE', #5614, #6216, #10106, .T. ) ;
#7007 = EDGE_CURVE ( 'NONE', #462, #7229, #1559, .T. ) ;
#7008 = DIRECTION ( 'NONE',  ( 0.000000000000000000, 0.000000000000000000, -1.000000000000000000 ) ) ;
#7009 = CARTESIAN_POINT ( 'NONE',  ( 35.82524615617825248, -8.542310683128722104, -44.05263723240247487 ) ) ;
#7010 = FACE_BOUND ( 'NONE', #951, .T. ) ;
#7011 = DIRECTION ( 'NONE',  ( 0.000000000000000000, 0.000000000000000000, 1.000000000000000000 ) ) ;
#7012 = ORIENTED_EDGE ( 'NONE', *, *, #1334, .F. ) ;
#7013 = EDGE_CURVE ( 'NONE', #5247, #689, #5603, .T. ) ;
#7014 = CARTESIAN_POINT ( 'NONE',  ( 32.73853529878645219, -8.160396437560480720, 45.54158790202233575 ) ) ;
#7015 = CARTESIAN_POINT ( 'NONE',  ( 41.99999999999960210, -7.511028698706618378, -39.25824037297169866 ) ) ;
#7016 = ORIENTED_EDGE ( 'NONE', *, *, #2435, .T. ) ;
#7017 = ORIENTED_EDGE ( 'NONE', *, *, #9715, .T. ) ;
#7018 = EDGE_CURVE ( 'NONE', #3732, #497, #3093, .T. ) ;
#7019 = ORIENTED_EDGE ( 'NONE', *, *, #4052, .T. ) ;
#7020 = EDGE_CURVE ( 'NONE', #9933, #10091, #6085, .T. ) ;
#7021 = PLANE ( 'NONE',  #8932 ) ;
#7022 = DIRECTION ( 'NONE',  ( -1.000000000000000000, -0.000000000000000000, 3.491481338843133750E-15 ) ) ;
#7023 = ORIENTED_EDGE ( 'NONE', *, *, #2167, .F. ) ;
#7024 = CARTESIAN_POINT ( 'NONE',  ( -43.50000000000013500, -3.199999999999999734, -35.74999999999968736 ) ) ;
#7025 = CARTESIAN_POINT ( 'NONE',  ( 31.92784593926317172, -10.99155269061182061, 42.00000000000001421 ) ) ;
#7026 = LINE ( 'NONE', #8464, #3707 ) ;
#7027 = DIRECTION ( 'NONE',  ( 1.000000000000000000, 0.000000000000000000, 0.000000000000000000 ) ) ;
#7028 = DIRECTION ( 'NONE',  ( 6.982962677686267499E-15, -0.000000000000000000, 1.000000000000000000 ) ) ;
#7029 = ORIENTED_EDGE ( 'NONE', *, *, #2487, .T. ) ;
#7030 = ORIENTED_EDGE ( 'NONE', *, *, #8196, .F. ) ;
#7031 = DIRECTION ( 'NONE',  ( 1.000000000000000000, 0.000000000000000000, 0.000000000000000000 ) ) ;
#7032 = LINE ( 'NONE', #10151, #9426 ) ;
#7033 = DIRECTION ( 'NONE',  ( 0.000000000000000000, -1.000000000000000000, 0.000000000000000000 ) ) ;
#7034 = ORIENTED_EDGE ( 'NONE', *, *, #107, .F. ) ;
#7035 = ORIENTED_EDGE ( 'NONE', *, *, #9814, .T. ) ;
#7036 = EDGE_CURVE ( 'NONE', #1778, #8871, #2821, .T. ) ;
#7037 = ORIENTED_EDGE ( 'NONE', *, *, #2273, .T. ) ;
#7038 = CARTESIAN_POINT ( 'NONE',  ( 36.16822910777153766, -7.164525641000031975, -42.00000000000001421 ) ) ;
#7039 = CARTESIAN_POINT ( 'NONE',  ( 27.09999999999983089, -0.1999999999999999833, -48.00000000000000711 ) ) ;
#7040 = VECTOR ( 'NONE', #8877, 1000.000000000000000 ) ;
#7041 = DIRECTION ( 'NONE',  ( 0.000000000000000000, 0.000000000000000000, -1.000000000000000000 ) ) ;
#7042 = LINE ( 'NONE', #8, #3850 ) ;
#7043 = CARTESIAN_POINT ( 'NONE',  ( -41.50000000000000711, 1.000000000000000000, -49.00000000000000711 ) ) ;
#7044 = LINE ( 'NONE', #7095, #1082 ) ;
#7045 = FACE_OUTER_BOUND ( 'NONE', #4831, .T. ) ;
#7046 = CYLINDRICAL_SURFACE ( 'NONE', #4282, 2.349999999999997868 ) ;
#7047 = VERTEX_POINT ( 'NONE', #7090 ) ;
#7048 = AXIS2_PLACEMENT_3D ( 'NONE', #330, #8854, #9566 ) ;
#7049 = VERTEX_POINT ( 'NONE', #6372 ) ;
#7050 = CARTESIAN_POINT ( 'NONE',  ( 38.09999999999983800, -3.199999999999999734, -48.00000000000000711 ) ) ;
#7051 = CARTESIAN_POINT ( 'NONE',  ( 35.73050127278636978, -14.74469105038594741, -43.66799720941265406 ) ) ;
#7052 = LINE ( 'NONE', #9551, #2838 ) ;
#7053 = CARTESIAN_POINT ( 'NONE',  ( -49.99999999999820943, -4.000000000000000000, 21.49897948556554539 ) ) ;
#7054 = EDGE_LOOP ( 'NONE', ( #9012, #5947 ) ) ;
#7055 = CIRCLE ( 'NONE', #6734, 1.000000000000000888 ) ;
#7056 = CARTESIAN_POINT ( 'NONE',  ( 31.96639598436026830, -8.598748962524128459, 43.92713202274597961 ) ) ;
#7057 = CARTESIAN_POINT ( 'NONE',  ( 41.99999999999961631, -7.008390682897363888, -39.54055169810231263 ) ) ;
#7058 = ORIENTED_EDGE ( 'NONE', *, *, #9573, .F. ) ;
#7059 = ORIENTED_EDGE ( 'NONE', *, *, #5182, .F. ) ;
#7060 = CIRCLE ( 'NONE', #5585, 1.550000000000002709 ) ;
#7061 = EDGE_LOOP ( 'NONE', ( #4007, #3682, #5239, #2564 ) ) ;
#7062 = DIRECTION ( 'NONE',  ( 0.000000000000000000, 0.000000000000000000, 1.000000000000000000 ) ) ;
#7063 = CARTESIAN_POINT ( 'NONE',  ( 45.80000000000062244, -5.000000000000000000, 23.14999999999800551 ) ) ;
#7064 = CIRCLE ( 'NONE', #6575, 1.550000000000002709 ) ;
#7065 = ORIENTED_EDGE ( 'NONE', *, *, #2966, .F. ) ;
#7066 = DIRECTION ( 'NONE',  ( 0.000000000000000000, 0.000000000000000000, -1.000000000000000000 ) ) ;
#7067 = CARTESIAN_POINT ( 'NONE',  ( 31.94412171226641917, -11.18645672558442428, 42.00000000000001421 ) ) ;
#7068 = CARTESIAN_POINT ( 'NONE',  ( -41.99999999999986500, -9.044518833047684225, 39.90339434225167992 ) ) ;
#7069 = EDGE_CURVE ( 'NONE', #4231, #6180, #8038, .T. ) ;
#7070 = AXIS2_PLACEMENT_3D ( 'NONE', #3412, #995, #6540 ) ;
#7072 = EDGE_CURVE ( 'NONE', #6276, #6090, #677, .T. ) ;
#7071 = CARTESIAN_POINT ( 'NONE',  ( 24.69999999999784634, -8.000000000000001776, -44.25000000000070344 ) ) ;
#7073 = EDGE_CURVE ( 'NONE', #9694, #9370, #9525, .T. ) ;
#7074 = CIRCLE ( 'NONE', #2640, 24.99999999999999645 ) ;
#7075 = ORIENTED_EDGE ( 'NONE', *, *, #5747, .T. ) ;
#7076 = VECTOR ( 'NONE', #4789, 1000.000000000000000 ) ;
#7077 = EDGE_CURVE ( 'NONE', #1810, #7270, #1704, .T. ) ;
#7078 = ORIENTED_EDGE ( 'NONE', *, *, #2121, .T. ) ;
#7079 = CARTESIAN_POINT ( 'NONE',  ( -29.84309001750258261, -7.989592848897436816, -45.96373824087406490 ) ) ;
#7080 = AXIS2_PLACEMENT_3D ( 'NONE', #1731, #4757, #8706 ) ;
#7081 = CARTESIAN_POINT ( 'NONE',  ( -21.49897948556618843, -4.000000000000000000, 50.00000000000000711 ) ) ;
#7082 =( BOUNDED_CURVE ( )  B_SPLINE_CURVE ( 3, ( #8964, #5177, #4289, #8298 ),
 .UNSPECIFIED., .F., .F. ) 
 B_SPLINE_CURVE_WITH_KNOTS ( ( 4, 4 ),
 ( 0.000000000000000000, 1.570796326794896558 ),
 .UNSPECIFIED. ) 
 CURVE ( )  GEOMETRIC_REPRESENTATION_ITEM ( )  RATIONAL_B_SPLINE_CURVE ( ( 1.000000000000000000, 0.8047378541243649375, 0.8047378541243649375, 1.000000000000000000 ) ) 
 REPRESENTATION_ITEM ( '' )  );
#7083 = CARTESIAN_POINT ( 'NONE',  ( 41.99999999999960920, -11.36462228371245686, -37.92894939725533021 ) ) ;
#7084 = EDGE_CURVE ( 'NONE', #10006, #4590, #6994, .T. ) ;
#7085 = VECTOR ( 'NONE', #1165, 1000.000000000000000 ) ;
#7086 = ORIENTED_EDGE ( 'NONE', *, *, #2280, .F. ) ;
#7087 = VERTEX_POINT ( 'NONE', #2565 ) ;
#7088 = VECTOR ( 'NONE', #597, 1000.000000000000000 ) ;
#7089 = ORIENTED_EDGE ( 'NONE', *, *, #4860, .T. ) ;
#7090 = CARTESIAN_POINT ( 'NONE',  ( -30.09999999999983089, -8.000000000000001776, 45.80559804515304734 ) ) ;
#7091 = CARTESIAN_POINT ( 'NONE',  ( -39.46292598143706698, -11.46513029681491957, -48.00000000000000711 ) ) ;
#7092 = CARTESIAN_POINT ( 'NONE',  ( -30.09999999999983089, -5.000000000000002665, -42.00000000000000711 ) ) ;
#7093 = CARTESIAN_POINT ( 'NONE',  ( 36.20000000000000995, -9.000000000000001776, 42.89999999999999147 ) ) ;
#7094 = DIRECTION ( 'NONE',  ( -0.000000000000000000, 1.000000000000000000, -0.000000000000000000 ) ) ;
#7095 = CARTESIAN_POINT ( 'NONE',  ( -27.09999999999983089, -0.1999999999999999833, -48.00000000000000711 ) ) ;
#7096 = DIRECTION ( 'NONE',  ( -1.000000000000000000, -0.000000000000000000, -0.000000000000000000 ) ) ;
#7097 = EDGE_CURVE ( 'NONE', #8696, #4600, #933, .T. ) ;
#7098 = LINE ( 'NONE', #5712, #6750 ) ;
#7099 = ORIENTED_EDGE ( 'NONE', *, *, #875, .F. ) ;
#7100 = ORIENTED_EDGE ( 'NONE', *, *, #2249, .F. ) ;
#7101 = EDGE_CURVE ( 'NONE', #1477, #6861, #2989, .T. ) ;
#7102 = VECTOR ( 'NONE', #1599, 1000.000000000000000 ) ;
#7103 = DIRECTION ( 'NONE',  ( -1.000000000000000000, 0.000000000000000000, 0.000000000000000000 ) ) ;
#7104 = CARTESIAN_POINT ( 'NONE',  ( 30.09999999999983089, -8.000000000000003553, -47.92957113217047294 ) ) ;
#7105 = CARTESIAN_POINT ( 'NONE',  ( 24.69999999999848228, -5.000000000000000000, 44.25000000000036238 ) ) ;
#7106 = PLANE ( 'NONE',  #2696 ) ;
#7107 = ORIENTED_EDGE ( 'NONE', *, *, #8321, .F. ) ;
#7108 = B_SPLINE_CURVE_WITH_KNOTS ( 'NONE', 3,
 ( #2376, #4014, #157, #9486, #5404, #6374, #7900, #1506 ),
 .UNSPECIFIED., .F., .F.,
 ( 4, 2, 2, 4 ),
 ( 0.006536890429031510033, 0.007175150347617553596, 0.007813410266203597160, 0.009089930103375682552 ),
 .UNSPECIFIED. ) ;
#7109 = CARTESIAN_POINT ( 'NONE',  ( -33.29410961480500930, -11.59999999457388853, 44.09043002363188180 ) ) ;
#7110 = EDGE_CURVE ( 'NONE', #5413, #9585, #6427, .T. ) ;
#7111 = AXIS2_PLACEMENT_3D ( 'NONE', #9225, #7830, #2405 ) ;
#7112 = DIRECTION ( 'NONE',  ( -1.047444401652940007E-14, 0.000000000000000000, -1.000000000000000000 ) ) ;
#7113 = ORIENTED_EDGE ( 'NONE', *, *, #3121, .F. ) ;
#7114 = ORIENTED_EDGE ( 'NONE', *, *, #2719, .F. ) ;
#7115 = ORIENTED_EDGE ( 'NONE', *, *, #9267, .F. ) ;
#7116 = EDGE_CURVE ( 'NONE', #5057, #760, #3155, .T. ) ;
#7117 = CYLINDRICAL_SURFACE ( 'NONE', #6318, 1.550000000000002709 ) ;
#7119 = CARTESIAN_POINT ( 'NONE',  ( -43.50000000000011369, -3.199999999999999289, -30.49999999999968381 ) ) ;
#7118 = AXIS2_PLACEMENT_3D ( 'NONE', #1029, #4161, #2223 ) ;
#7120 = CARTESIAN_POINT ( 'NONE',  ( 48.99999999999999289, 1.000000000000000000, -49.00000000000000711 ) ) ;
#7121 = VERTEX_POINT ( 'NONE', #1908 ) ;
#7122 = CARTESIAN_POINT ( 'NONE',  ( -42.00000000000014921, -8.613840564547157186, -38.93703481765633256 ) ) ;
#7123 = DIRECTION ( 'NONE',  ( 0.000000000000000000, 0.000000000000000000, 1.000000000000000000 ) ) ;
#7124 = DIRECTION ( 'NONE',  ( 0.000000000000000000, 0.000000000000000000, 1.000000000000000000 ) ) ;
#7125 = AXIS2_PLACEMENT_3D ( 'NONE', #1769, #4227, #222 ) ;
#7126 = CARTESIAN_POINT ( 'NONE',  ( -47.99999999999986500, -17.19238815542524534, 48.00000000000000711 ) ) ;
#7127 = CIRCLE ( 'NONE', #2880, 1.550000000000002709 ) ;
#7128 = ORIENTED_EDGE ( 'NONE', *, *, #4627, .T. ) ;
#7129 = VECTOR ( 'NONE', #114, 1000.000000000000000 ) ;
#7130 = ADVANCED_FACE ( 'NONE', ( #4057 ), #4882, .F. ) ;
#7131 = EDGE_CURVE ( 'NONE', #110, #1966, #7735, .T. ) ;
#7132 = EDGE_LOOP ( 'NONE', ( #1392, #10123, #6843, #2227 ) ) ;
#7133 = LINE ( 'NONE', #3132, #3338 ) ;
#7134 = AXIS2_PLACEMENT_3D ( 'NONE', #4393, #7407, #5878 ) ;
#7135 = CARTESIAN_POINT ( 'NONE',  ( -40.34234314584952585, -5.647720862486557358, 42.00000000000001421 ) ) ;
#7136 = FACE_OUTER_BOUND ( 'NONE', #1627, .T. ) ;
#7137 = CIRCLE ( 'NONE', #8615, 2.349999999999997868 ) ;
#7138 = ORIENTED_EDGE ( 'NONE', *, *, #1900, .F. ) ;
#7139 = ORIENTED_EDGE ( 'NONE', *, *, #7018, .F. ) ;
#7140 = ORIENTED_EDGE ( 'NONE', *, *, #2066, .T. ) ;
#7141 = ADVANCED_FACE ( 'NONE', ( #7954 ), #6417, .F. ) ;
#7142 = DIRECTION ( 'NONE',  ( 0.000000000000000000, 0.000000000000000000, -1.000000000000000000 ) ) ;
#7143 = CIRCLE ( 'NONE', #8460, 1.549999999999999378 ) ;
#7144 = CARTESIAN_POINT ( 'NONE',  ( -43.20615927547181201, -10.23508541801005656, -48.00000000000000711 ) ) ;
#7145 = DIRECTION ( 'NONE',  ( 0.000000000000000000, 0.000000000000000000, 1.000000000000000000 ) ) ;
#7146 = FACE_OUTER_BOUND ( 'NONE', #7676, .T. ) ;
#7147 = CARTESIAN_POINT ( 'NONE',  ( -41.49999999999948841, 0.9999999999999997780, 49.58578643762690774 ) ) ;
#7148 = DIRECTION ( 'NONE',  ( -3.491481338843133355E-15, 0.000000000000000000, -1.000000000000000000 ) ) ;
#7149 = CARTESIAN_POINT ( 'NONE',  ( 35.74999999999983658, -3.199999999999999734, -43.50000000000001421 ) ) ;
#7150 = CARTESIAN_POINT ( 'NONE',  ( -39.64999999999925251, -3.199999999999999734, 42.00000000000000711 ) ) ;
#7151 = ORIENTED_EDGE ( 'NONE', *, *, #577, .T. ) ;
#7152 = ORIENTED_EDGE ( 'NONE', *, *, #3743, .T. ) ;
#7153 = VERTEX_POINT ( 'NONE', #4100 ) ;
#7154 = FACE_OUTER_BOUND ( 'NONE', #4114, .T. ) ;
#7155 = LINE ( 'NONE', #275, #1837 ) ;
#7156 = CARTESIAN_POINT ( 'NONE',  ( 35.13235812845690020, -9.270778716610291070, 48.00000000000000711 ) ) ;
#7157 = DIRECTION ( 'NONE',  ( 1.000000000000000000, -0.000000000000000000, -1.047444401652940007E-14 ) ) ;
#7158 = CARTESIAN_POINT ( 'NONE',  ( -47.99999999999986500, -1.000000000000000000, 41.50000000000000000 ) ) ;
#7159 = DIRECTION ( 'NONE',  ( -1.000000000000000000, 0.000000000000000000, 8.953411488912557020E-15 ) ) ;
#7160 = EDGE_CURVE ( 'NONE', #2511, #1162, #303, .T. ) ;
#7161 = EDGE_LOOP ( 'NONE', ( #6993, #3406, #542, #6252 ) ) ;
#7162 = ORIENTED_EDGE ( 'NONE', *, *, #3182, .F. ) ;
#7163 = ADVANCED_FACE ( 'NONE', ( #7379 ), #261, .T. ) ;
#7164 = FACE_BOUND ( 'NONE', #1292, .T. ) ;
#7165 = PLANE ( 'NONE',  #6766 ) ;
#7166 = FACE_OUTER_BOUND ( 'NONE', #3170, .T. ) ;
#7167 = ORIENTED_EDGE ( 'NONE', *, *, #932, .F. ) ;
#7168 = CARTESIAN_POINT ( 'NONE',  ( 43.50000000000034106, -3.199999999999999289, 32.04999999999968452 ) ) ;
#7169 = PLANE ( 'NONE',  #2521 ) ;
#7170 = CARTESIAN_POINT ( 'NONE',  ( -37.49999999999999289, -8.400000000000000355, 42.89999999999999147 ) ) ;
#7171 = DIRECTION ( 'NONE',  ( 0.000000000000000000, 0.000000000000000000, 1.000000000000000000 ) ) ;
#7172 = EDGE_CURVE ( 'NONE', #4774, #524, #1434, .T. ) ;
#7173 = ORIENTED_EDGE ( 'NONE', *, *, #6854, .F. ) ;
#7174 = DIRECTION ( 'NONE',  ( -0.000000000000000000, -0.000000000000000000, -1.000000000000000000 ) ) ;
#7175 = ORIENTED_EDGE ( 'NONE', *, *, #7006, .F. ) ;
#7176 = CARTESIAN_POINT ( 'NONE',  ( 45.80000000000062244, -3.499999999999999556, 23.14999999999800551 ) ) ;
#7177 = DIRECTION ( 'NONE',  ( 8.673617379884051249E-16, -0.000000000000000000, 1.000000000000000000 ) ) ;
#7178 = CARTESIAN_POINT ( 'NONE',  ( 50.00000000000064659, -5.000000000000000000, -16.59999999999802966 ) ) ;
#7179 = ADVANCED_FACE ( 'NONE', ( #9739 ), #2725, .F. ) ;
#7180 = ADVANCED_FACE ( 'NONE', ( #8357 ), #9896, .F. ) ;
#7181 = ORIENTED_EDGE ( 'NONE', *, *, #9680, .T. ) ;
#7182 = ORIENTED_EDGE ( 'NONE', *, *, #2457, .T. ) ;
#7183 = ADVANCED_FACE ( 'NONE', ( #1179 ), #6250, .T. ) ;
#7184 = EDGE_LOOP ( 'NONE', ( #8739, #6821 ) ) ;
#7185 = CARTESIAN_POINT ( 'NONE',  ( 42.00000000000031974, -5.000000000000002665, 30.09999999999939035 ) ) ;
#7186 = CARTESIAN_POINT ( 'NONE',  ( 27.09999999999983089, -0.1999999999999999833, -48.00000000000000711 ) ) ;
#7187 = DIRECTION ( 'NONE',  ( -0.000000000000000000, -0.000000000000000000, -1.000000000000000000 ) ) ;
#7188 = DIRECTION ( 'NONE',  ( 1.000000000000000000, 0.000000000000000000, 0.000000000000000000 ) ) ;
#7189 = CARTESIAN_POINT ( 'NONE',  ( -42.50000000000000711, 0.000000000000000000, -50.00000000000000711 ) ) ;
#7190 = CARTESIAN_POINT ( 'NONE',  ( 14.99999999999982236, 1.000000000000000000, -40.00000000000000000 ) ) ;
#7191 = CARTESIAN_POINT ( 'NONE',  ( 24.69999999999784634, -8.000000000000001776, -45.80000000000070770 ) ) ;
#7192 = EDGE_CURVE ( 'NONE', #1249, #9767, #568, .T. ) ;
#7193 = DIRECTION ( 'NONE',  ( 0.000000000000000000, 0.000000000000000000, 1.000000000000000000 ) ) ;
#7194 = EDGE_CURVE ( 'NONE', #2267, #9687, #414, .T. ) ;
#7195 = EDGE_CURVE ( 'NONE', #4913, #605, #31, .T. ) ;
#7196 = ORIENTED_EDGE ( 'NONE', *, *, #8259, .F. ) ;
#7197 = ORIENTED_EDGE ( 'NONE', *, *, #9293, .T. ) ;
#7198 = DIRECTION ( 'NONE',  ( 1.000000000000000000, 0.000000000000000000, -1.734723475976807094E-15 ) ) ;
#7199 = LINE ( 'NONE', #5717, #700 ) ;
#7200 = CARTESIAN_POINT ( 'NONE',  ( -49.99999999999999289, 1.000000000000000000, 49.99999999999999289 ) ) ;
#7201 = DIRECTION ( 'NONE',  ( 2.952720810173286943E-15, 0.000000000000000000, 1.000000000000000000 ) ) ;
#7202 = LINE ( 'NONE', #6493, #7435 ) ;
#7203 = AXIS2_PLACEMENT_3D ( 'NONE', #262, #3395, #9633 ) ;
#7204 = DIRECTION ( 'NONE',  ( 0.000000000000000000, 0.000000000000000000, -1.000000000000000000 ) ) ;
#7205 = EDGE_CURVE ( 'NONE', #7314, #9262, #7486, .T. ) ;
#7206 = ORIENTED_EDGE ( 'NONE', *, *, #9656, .T. ) ;
#7207 = ORIENTED_EDGE ( 'NONE', *, *, #3553, .T. ) ;
#7208 = FACE_BOUND ( 'NONE', #9612, .T. ) ;
#7209 = VECTOR ( 'NONE', #3417, 1000.000000000000000 ) ;
#7210 = LINE ( 'NONE', #9565, #4466 ) ;
#7211 = DIRECTION ( 'NONE',  ( -1.000000000000000000, -0.000000000000000000, -0.000000000000000000 ) ) ;
#7212 = VERTEX_POINT ( 'NONE', #3117 ) ;
#7213 = CARTESIAN_POINT ( 'NONE',  ( 50.00000000000000711, 0.000000000000000000, 42.49999999999999289 ) ) ;
#7214 = CARTESIAN_POINT ( 'NONE',  ( -47.99999999999986500, 1.000000000000000000, 41.50000000000051159 ) ) ;
#7215 = CARTESIAN_POINT ( 'NONE',  ( 38.09999999999983800, -3.199999999999999734, 48.00000000000000711 ) ) ;
#7216 = AXIS2_PLACEMENT_3D ( 'NONE', #3067, #77, #7861 ) ;
#7217 = FACE_OUTER_BOUND ( 'NONE', #6025, .T. ) ;
#7218 = EDGE_LOOP ( 'NONE', ( #416, #7341 ) ) ;
#7219 = EDGE_CURVE ( 'NONE', #7737, #6487, #6591, .T. ) ;
#7220 = AXIS2_PLACEMENT_3D ( 'NONE', #1089, #5202, #2777 ) ;
#7221 = ORIENTED_EDGE ( 'NONE', *, *, #1303, .F. ) ;
#7222 = DIRECTION ( 'NONE',  ( 0.000000000000000000, 0.000000000000000000, 1.000000000000000000 ) ) ;
#7223 = CIRCLE ( 'NONE', #9667, 1.549999999999999378 ) ;
#7224 = ORIENTED_EDGE ( 'NONE', *, *, #1568, .F. ) ;
#7225 = DIRECTION ( 'NONE',  ( 1.000000000000000000, 0.000000000000000000, -1.047444401652940007E-14 ) ) ;
#7226 = DIRECTION ( 'NONE',  ( 0.9308176100629161898, 0.000000000000000000, 0.3654840308368628166 ) ) ;
#7227 = DIRECTION ( 'NONE',  ( -1.000000000000000000, 0.000000000000000000, 3.491481338843133355E-15 ) ) ;
#7228 = CIRCLE ( 'NONE', #2156, 2.349999999999997868 ) ;
#7229 = VERTEX_POINT ( 'NONE', #7534 ) ;
#7230 = AXIS2_PLACEMENT_3D ( 'NONE', #2952, #8438, #7663 ) ;
#7231 = ORIENTED_EDGE ( 'NONE', *, *, #2921, .T. ) ;
#7232 = VERTEX_POINT ( 'NONE', #5960 ) ;
#7233 = VECTOR ( 'NONE', #8674, 1000.000000000000000 ) ;
#7234 = DIRECTION ( 'NONE',  ( -1.000000000000000000, 0.000000000000000000, 3.202566417187949253E-15 ) ) ;
#7235 = CARTESIAN_POINT ( 'NONE',  ( -36.20958757886914015, -9.897635379398055377, -48.00000000000002132 ) ) ;
#7236 = CARTESIAN_POINT ( 'NONE',  ( -40.00000000000000711, -8.000000000000001776, -42.80000000000001137 ) ) ;
#7237 = DIRECTION ( 'NONE',  ( 1.000000000000000000, 0.000000000000000000, 0.000000000000000000 ) ) ;
#7238 = VECTOR ( 'NONE', #965, 1000.000000000000000 ) ;
#7239 = DIRECTION ( 'NONE',  ( -1.000000000000000000, 0.000000000000000000, 0.000000000000000000 ) ) ;
#7240 = CARTESIAN_POINT ( 'NONE',  ( -48.00000000000011369, -3.199999999999999289, -30.49999999999966604 ) ) ;
#7241 = CARTESIAN_POINT ( 'NONE',  ( 30.09999999999983089, -8.000000000000001776, 48.00000000000000711 ) ) ;
#7242 = CARTESIAN_POINT ( 'NONE',  ( 31.29999999999983373, 0.000000000000000000, -50.00000000000000711 ) ) ;
#7243 = VERTEX_POINT ( 'NONE', #464 ) ;
#7244 = ORIENTED_EDGE ( 'NONE', *, *, #5192, .F. ) ;
#7245 = EDGE_CURVE ( 'NONE', #2944, #1361, #9684, .T. ) ;
#7246 = CARTESIAN_POINT ( 'NONE',  ( 41.99999999999972289, -5.000000000000002665, -27.10000000000027143 ) ) ;
#7247 = CARTESIAN_POINT ( 'NONE',  ( 27.09999999999983089, -5.000000000000000000, 50.00000000000000711 ) ) ;
#7248 = EDGE_CURVE ( 'NONE', #10086, #4913, #2067, .T. ) ;
#7249 = ADVANCED_FACE ( 'NONE', ( #6017 ), #9086, .F. ) ;
#7250 = DIRECTION ( 'NONE',  ( -1.396592535537253342E-14, -0.000000000000000000, -1.000000000000000000 ) ) ;
#7251 = AXIS2_PLACEMENT_3D ( 'NONE', #6544, #2700, #3416 ) ;
#7252 = DIRECTION ( 'NONE',  ( -8.953411488912557020E-15, 0.000000000000000000, -1.000000000000000000 ) ) ;
#7253 = CARTESIAN_POINT ( 'NONE',  ( 21.49897948556618843, -4.000000000000000000, 50.00000000000000711 ) ) ;
#7254 = FACE_OUTER_BOUND ( 'NONE', #4403, .T. ) ;
#7255 = VERTEX_POINT ( 'NONE', #8310 ) ;
#7256 = ORIENTED_EDGE ( 'NONE', *, *, #5003, .T. ) ;
#7257 = AXIS2_PLACEMENT_3D ( 'NONE', #1197, #6694, #7455 ) ;
#7258 = DIRECTION ( 'NONE',  ( 1.000000000000000000, -1.204669080539449097E-16, 0.000000000000000000 ) ) ;
#7259 = EDGE_CURVE ( 'NONE', #2113, #6350, #2764, .T. ) ;
#7260 = DIRECTION ( 'NONE',  ( -0.000000000000000000, -1.000000000000000000, 0.000000000000000000 ) ) ;
#7261 = DIRECTION ( 'NONE',  ( 1.000000000000000000, -0.000000000000000000, 0.000000000000000000 ) ) ;
#7262 = VERTEX_POINT ( 'NONE', #4313 ) ;
#7263 = CARTESIAN_POINT ( 'NONE',  ( -38.10000000000044906, -3.199999999999999734, -43.49999999999947420 ) ) ;
#7264 = CARTESIAN_POINT ( 'NONE',  ( -37.49999999999999289, -5.000000000000001776, 42.89999999999999147 ) ) ;
#7265 = AXIS2_PLACEMENT_3D ( 'NONE', #5906, #2012, #7738 ) ;
#7266 = CARTESIAN_POINT ( 'NONE',  ( -37.49999999999999289, -11.60000000000000320, 42.89999999999999147 ) ) ;
#7267 = CARTESIAN_POINT ( 'NONE',  ( -32.78404845957987135, -9.135290074503748414, -42.00000000000001421 ) ) ;
#7268 = ORIENTED_EDGE ( 'NONE', *, *, #2599, .F. ) ;
#7269 = AXIS2_PLACEMENT_3D ( 'NONE', #2976, #2259, #6111 ) ;
#7270 = VERTEX_POINT ( 'NONE', #7436 ) ;
#7271 = AXIS2_PLACEMENT_3D ( 'NONE', #3564, #4866, #7980 ) ;
#7272 = CARTESIAN_POINT ( 'NONE',  ( 30.09999999999983089, -5.000000000000002665, -42.00000000000000711 ) ) ;
#7273 = CIRCLE ( 'NONE', #7125, 0.9499999999999995115 ) ;
#7274 = B_SPLINE_CURVE_WITH_KNOTS ( 'NONE', 3,
 ( #7698, #6225, #678, #2320, #3144, #2272, #3807, #5403, #10062, #6077, #8525, #4636, #2375, #733, #5509, #583, #9193, #2175, #5307, #8431, #628, #2611, #7998, #829 ),
 .UNSPECIFIED., .F., .F.,
 ( 4, 2, 2, 2, 2, 2, 2, 2, 2, 2, 2, 4 ),
 ( 0.000000000000000000, 0.001352972402282808439, 0.002029458603424202142, 0.002705944804565595628, 0.004058917206848360916, 0.005411889609131127071, 0.006764862011413893227, 0.007441348212555273268, 0.008117834413696654178, 0.009470806815979428139, 0.01014729301712081685, 0.01082377921826220384 ),
 .UNSPECIFIED. ) ;
#7275 = ORIENTED_EDGE ( 'NONE', *, *, #5939, .T. ) ;
#7276 = DIRECTION ( 'NONE',  ( 0.000000000000000000, 0.000000000000000000, -1.000000000000000000 ) ) ;
#7277 = LINE ( 'NONE', #7947, #915 ) ;
#7278 = CARTESIAN_POINT ( 'NONE',  ( -40.00000000000000711, -15.00000000000000355, -40.45000000000001705 ) ) ;
#7279 = VECTOR ( 'NONE', #7239, 1000.000000000000000 ) ;
#7280 = EDGE_CURVE ( 'NONE', #7987, #7894, #6834, .T. ) ;
#7281 = VERTEX_POINT ( 'NONE', #1394 ) ;
#7282 = VECTOR ( 'NONE', #4472, 1000.000000000000000 ) ;
#7283 = ORIENTED_EDGE ( 'NONE', *, *, #1102, .T. ) ;
#7284 = ORIENTED_EDGE ( 'NONE', *, *, #2810, .F. ) ;
#7285 = EDGE_CURVE ( 'NONE', #6928, #7664, #10138, .T. ) ;
#7286 = CIRCLE ( 'NONE', #5007, 2.349999999999997868 ) ;
#7287 = CARTESIAN_POINT ( 'NONE',  ( -37.26997084009106942, -9.402388073257007761, 48.00000000000001421 ) ) ;
#7288 = DIRECTION ( 'NONE',  ( -0.000000000000000000, -0.000000000000000000, -1.000000000000000000 ) ) ;
#7289 = EDGE_LOOP ( 'NONE', ( #7375, #439, #1994, #4985, #8302 ) ) ;
#7290 = DIRECTION ( 'NONE',  ( 1.047444401652940007E-14, -0.000000000000000000, 1.000000000000000000 ) ) ;
#7291 = PLANE ( 'NONE',  #1062 ) ;
#7292 = VECTOR ( 'NONE', #5795, 1000.000000000000000 ) ;
#7293 = DIRECTION ( 'NONE',  ( 0.000000000000000000, 1.000000000000000000, 0.000000000000000000 ) ) ;
#7294 = CARTESIAN_POINT ( 'NONE',  ( 40.00000000000000711, -15.00000000000000355, -47.15000000000001279 ) ) ;
#7295 = DIRECTION ( 'NONE',  ( 1.000000000000000000, -0.000000000000000000, -1.047444401652940007E-14 ) ) ;
#7296 = CARTESIAN_POINT ( 'NONE',  ( 36.20000000000000995, -15.00000000000000355, 42.89999999999999147 ) ) ;
#7297 = ORIENTED_EDGE ( 'NONE', *, *, #7072, .T. ) ;
#7298 = ORIENTED_EDGE ( 'NONE', *, *, #1168, .T. ) ;
#7299 = ORIENTED_EDGE ( 'NONE', *, *, #3426, .F. ) ;
#7300 = CYLINDRICAL_SURFACE ( 'NONE', #3469, 1.550000000000002709 ) ;
#7301 = DIRECTION ( 'NONE',  ( -1.000000000000000000, -0.000000000000000000, -3.491481338843133750E-15 ) ) ;
#7302 = DIRECTION ( 'NONE',  ( 1.000000000000000000, 0.000000000000000000, -1.387778780781445676E-16 ) ) ;
#7303 = DIRECTION ( 'NONE',  ( -1.000000000000000000, 0.000000000000000000, 0.000000000000000000 ) ) ;
#7304 = DIRECTION ( 'NONE',  ( -0.000000000000000000, -0.000000000000000000, 1.000000000000000000 ) ) ;
#7305 = LINE ( 'NONE', #279, #2635 ) ;
#7306 = ORIENTED_EDGE ( 'NONE', *, *, #9635, .T. ) ;
#7307 = AXIS2_PLACEMENT_3D ( 'NONE', #981, #8639, #9489 ) ;
#7308 = ADVANCED_FACE ( 'NONE', ( #8261, #1239 ), #7165, .T. ) ;
#7309 = EDGE_LOOP ( 'NONE', ( #8824, #6958, #5886, #8101 ) ) ;
#7310 = EDGE_CURVE ( 'NONE', #6339, #8312, #5123, .T. ) ;
#7311 = DIRECTION ( 'NONE',  ( -3.491481338843133355E-15, 0.000000000000000000, -1.000000000000000000 ) ) ;
#7312 = DIRECTION ( 'NONE',  ( 1.387778780781445676E-16, -0.000000000000000000, 1.000000000000000000 ) ) ;
#7313 = CARTESIAN_POINT ( 'NONE',  ( 0.000000000000000000, -5.000000000000000000, 0.000000000000000000 ) ) ;
#7314 = VERTEX_POINT ( 'NONE', #6446 ) ;
#7315 = DIRECTION ( 'NONE',  ( -0.000000000000000000, 1.000000000000000000, -0.000000000000000000 ) ) ;
#7316 = CARTESIAN_POINT ( 'NONE',  ( -40.00000000000000000, -1.000000000000000000, 14.99999999999982236 ) ) ;
#7317 = DIRECTION ( 'NONE',  ( 0.000000000000000000, 0.000000000000000000, -1.000000000000000000 ) ) ;
#7318 = VERTEX_POINT ( 'NONE', #912 ) ;
#7319 = ADVANCED_FACE ( 'NONE', ( #5630 ), #7889, .T. ) ;
#7320 = EDGE_CURVE ( 'NONE', #4504, #9054, #3477, .T. ) ;
#7321 = ORIENTED_EDGE ( 'NONE', *, *, #6226, .F. ) ;
#7322 = DIRECTION ( 'NONE',  ( 1.000000000000000000, 0.000000000000000000, -1.387778780781445676E-16 ) ) ;
#7323 = FACE_OUTER_BOUND ( 'NONE', #8521, .T. ) ;
#7324 = ORIENTED_EDGE ( 'NONE', *, *, #9647, .F. ) ;
#7325 = CARTESIAN_POINT ( 'NONE',  ( -35.50580425366313619, -5.224824506090357978, 42.00000000000000711 ) ) ;
#7326 = DIRECTION ( 'NONE',  ( -1.000000000000000000, 0.000000000000000000, 1.047444401652940007E-14 ) ) ;
#7327 = CARTESIAN_POINT ( 'NONE',  ( 30.09999999999983089, -5.000000000000002665, 42.00000000000000711 ) ) ;
#7328 = ORIENTED_EDGE ( 'NONE', *, *, #348, .F. ) ;
#7329 = EDGE_LOOP ( 'NONE', ( #4170, #7298, #8071, #5295 ) ) ;
#7330 = ORIENTED_EDGE ( 'NONE', *, *, #2066, .F. ) ;
#7331 = DIRECTION ( 'NONE',  ( -1.000000000000000000, 0.000000000000000000, 0.000000000000000000 ) ) ;
#7332 = CARTESIAN_POINT ( 'NONE',  ( 0.000000000000000000, -5.000000000000000000, 0.000000000000000000 ) ) ;
#7333 = EDGE_LOOP ( 'NONE', ( #4470, #7484 ) ) ;
#7334 = CARTESIAN_POINT ( 'NONE',  ( 42.00000000000066080, -5.000000000000000000, 27.10000000000163922 ) ) ;
#7335 = DIRECTION ( 'NONE',  ( -0.000000000000000000, 0.000000000000000000, -1.000000000000000000 ) ) ;
#7336 = PLANE ( 'NONE',  #1884 ) ;
#7337 = FACE_BOUND ( 'NONE', #6530, .T. ) ;
#7338 = DIRECTION ( 'NONE',  ( 0.000000000000000000, 1.000000000000000000, 0.000000000000000000 ) ) ;
#7339 = LINE ( 'NONE', #9852, #5598 ) ;
#7340 = EDGE_CURVE ( 'NONE', #8240, #4774, #9864, .T. ) ;
#7341 = ORIENTED_EDGE ( 'NONE', *, *, #3815, .T. ) ;
#7342 = EDGE_CURVE ( 'NONE', #131, #2141, #4038, .T. ) ;
#7343 = ORIENTED_EDGE ( 'NONE', *, *, #6163, .F. ) ;
#7344 = ORIENTED_EDGE ( 'NONE', *, *, #2997, .T. ) ;
#7345 = DIRECTION ( 'NONE',  ( 1.000000000000000000, 0.000000000000000000, -1.047444401652939849E-14 ) ) ;
#7346 = CARTESIAN_POINT ( 'NONE',  ( 34.40941091843529875, -8.954203794606689470, -48.00000000000000000 ) ) ;
#7347 = DIRECTION ( 'NONE',  ( -1.000000000000000000, 0.000000000000000000, 1.343011723336883395E-14 ) ) ;
#7348 = FACE_OUTER_BOUND ( 'NONE', #5276, .T. ) ;
#7349 = DIRECTION ( 'NONE',  ( -1.000000000000000000, 0.000000000000000000, -0.000000000000000000 ) ) ;
#7350 = DIRECTION ( 'NONE',  ( 0.000000000000000000, 0.000000000000000000, 1.000000000000000000 ) ) ;
#7351 = B_SPLINE_CURVE_WITH_KNOTS ( 'NONE', 3,
 ( #6601, #9711, #2799, #5174, #2751, #1154 ),
 .UNSPECIFIED., .F., .F.,
 ( 4, 2, 4 ),
 ( 0.000000000000000000, 0.0006583887905066873299, 0.001316777581013374660 ),
 .UNSPECIFIED. ) ;
#7352 = EDGE_LOOP ( 'NONE', ( #7268, #345, #10031, #3139 ) ) ;
#7353 = VERTEX_POINT ( 'NONE', #6396 ) ;
#7354 = CYLINDRICAL_SURFACE ( 'NONE', #7134, 4.349999999999999645 ) ;
#7355 = CARTESIAN_POINT ( 'NONE',  ( -30.49999999999924682, -3.199999999999999289, 42.00000000000000711 ) ) ;
#7356 = DIRECTION ( 'NONE',  ( -0.7071067811864886199, 0.000000000000000000, 0.7071067811866064146 ) ) ;
#7357 = CARTESIAN_POINT ( 'NONE',  ( -27.09999999999983089, -0.1999999999999999833, 48.00000000000000711 ) ) ;
#7358 = ORIENTED_EDGE ( 'NONE', *, *, #5829, .T. ) ;
#7359 = CARTESIAN_POINT ( 'NONE',  ( 14.99999999999982236, -1.000000000000000000, 40.00000000000000000 ) ) ;
#7360 = DIRECTION ( 'NONE',  ( -1.000000000000000000, -0.000000000000000000, 3.491481338843133355E-15 ) ) ;
#7361 = DIRECTION ( 'NONE',  ( 6.982962677686267499E-15, -0.000000000000000000, 1.000000000000000000 ) ) ;
#7362 = EDGE_LOOP ( 'NONE', ( #8424, #1160 ) ) ;
#7363 = AXIS2_PLACEMENT_3D ( 'NONE', #1632, #4758, #3796 ) ;
#7364 = VERTEX_POINT ( 'NONE', #7828 ) ;
#7365 = CARTESIAN_POINT ( 'NONE',  ( -24.69999999999752660, -3.499999999999999556, 44.25000000000088107 ) ) ;
#7366 = CARTESIAN_POINT ( 'NONE',  ( -42.00000000000015632, -5.556562696684967051, -41.49999999999968736 ) ) ;
#7367 = ADVANCED_FACE ( 'NONE', ( #9467 ), #808, .F. ) ;
#7368 = EDGE_CURVE ( 'NONE', #9830, #353, #5772, .T. ) ;
#7369 = VERTEX_POINT ( 'NONE', #5485 ) ;
#7370 = EDGE_CURVE ( 'NONE', #9933, #2113, #3225, .T. ) ;
#7371 = CARTESIAN_POINT ( 'NONE',  ( 34.67336761991960259, -5.092893069001402928, 42.00000000000000711 ) ) ;
#7372 = DIRECTION ( 'NONE',  ( -1.000000000000000000, 0.000000000000000000, 1.343011723336880555E-14 ) ) ;
#7373 = AXIS2_PLACEMENT_3D ( 'NONE', #961, #8236, #4292 ) ;
#7374 = CARTESIAN_POINT ( 'NONE',  ( 30.49999999999983302, -3.199999999999999289, 48.00000000000000711 ) ) ;
#7375 = ORIENTED_EDGE ( 'NONE', *, *, #9266, .F. ) ;
#7376 = VERTEX_POINT ( 'NONE', #7063 ) ;
#7377 = ORIENTED_EDGE ( 'NONE', *, *, #3232, .T. ) ;
#7378 = CIRCLE ( 'NONE', #836, 4.349999999999999645 ) ;
#7379 = FACE_OUTER_BOUND ( 'NONE', #851, .T. ) ;
#7380 = LINE ( 'NONE', #1128, #1799 ) ;
#7381 = VERTEX_POINT ( 'NONE', #1681 ) ;
#7382 = EDGE_CURVE ( 'NONE', #4581, #7724, #359, .T. ) ;
#7383 = LINE ( 'NONE', #9537, #3981 ) ;
#7384 = VECTOR ( 'NONE', #7258, 1000.000000000000000 ) ;
#7385 = DIRECTION ( 'NONE',  ( -1.000000000000000000, 0.000000000000000000, 3.491481338843133355E-15 ) ) ;
#7386 = DIRECTION ( 'NONE',  ( -1.387778780781445676E-16, 0.000000000000000000, -1.000000000000000000 ) ) ;
#7387 = SURFACE_SIDE_STYLE ('',( #6632 ) ) ;
#7388 = CARTESIAN_POINT ( 'NONE',  ( -38.65212683856079678, -5.180412682470718622, -42.00000000000000711 ) ) ;
#7389 = VECTOR ( 'NONE', #7001, 1000.000000000000000 ) ;
#7390 = CARTESIAN_POINT ( 'NONE',  ( -48.00000000000015632, -8.781894738216442065, -42.61111892865450557 ) ) ;
#7391 = ORIENTED_EDGE ( 'NONE', *, *, #8748, .T. ) ;
#7392 = VERTEX_POINT ( 'NONE', #5578 ) ;
#7393 = ORIENTED_EDGE ( 'NONE', *, *, #8353, .F. ) ;
#7394 = FACE_OUTER_BOUND ( 'NONE', #9907, .T. ) ;
#7395 = AXIS2_PLACEMENT_3D ( 'NONE', #6557, #194, #3386 ) ;
#7396 = DIRECTION ( 'NONE',  ( -1.000000000000000000, 0.000000000000000000, 0.000000000000000000 ) ) ;
#7397 = FACE_OUTER_BOUND ( 'NONE', #8070, .T. ) ;
#7398 = CARTESIAN_POINT ( 'NONE',  ( 50.00000000000095923, -3.199999999999999734, 36.54999999999965610 ) ) ;
#7399 = EDGE_CURVE ( 'NONE', #5789, #248, #7926, .T. ) ;
#7400 = CARTESIAN_POINT ( 'NONE',  ( -33.24728966049113410, -11.58949702646645363, 41.98514767954905125 ) ) ;
#7401 = CIRCLE ( 'NONE', #8721, 1.549999999999999378 ) ;
#7402 = CARTESIAN_POINT ( 'NONE',  ( -43.50000000000013500, -3.199999999999999734, -35.74999999999968736 ) ) ;
#7403 = ORIENTED_EDGE ( 'NONE', *, *, #1990, .F. ) ;
#7404 = AXIS2_PLACEMENT_3D ( 'NONE', #126, #3260, #4225 ) ;
#7405 = ORIENTED_EDGE ( 'NONE', *, *, #9014, .T. ) ;
#7406 = EDGE_CURVE ( 'NONE', #8569, #7262, #9371, .T. ) ;
#7407 = DIRECTION ( 'NONE',  ( -0.000000000000000000, 1.000000000000000000, -0.000000000000000000 ) ) ;
#7408 = AXIS2_PLACEMENT_3D ( 'NONE', #1424, #6813, #7566 ) ;
#7409 = DIRECTION ( 'NONE',  ( -0.000000000000000000, 1.000000000000000000, -0.000000000000000000 ) ) ;
#7410 = CARTESIAN_POINT ( 'NONE',  ( 27.09999999999982734, -0.2000000000000000944, -50.00000000000000711 ) ) ;
#7411 = EDGE_CURVE ( 'NONE', #1092, #1498, #7401, .T. ) ;
#7412 = LINE ( 'NONE', #9660, #5777 ) ;
#7413 = DIRECTION ( 'NONE',  ( 0.000000000000000000, 1.000000000000000000, 0.000000000000000000 ) ) ;
#7414 = ORIENTED_EDGE ( 'NONE', *, *, #8703, .F. ) ;
#7415 = FACE_OUTER_BOUND ( 'NONE', #7537, .T. ) ;
#7416 = CARTESIAN_POINT ( 'NONE',  ( 40.00000000000000000, -1.000000000000000000, 14.99999999999982236 ) ) ;
#7417 = AXIS2_PLACEMENT_3D ( 'NONE', #7957, #5551, #6996 ) ;
#7418 = ORIENTED_EDGE ( 'NONE', *, *, #2908, .F. ) ;
#7419 = VERTEX_POINT ( 'NONE', #4079 ) ;
#7420 = FACE_OUTER_BOUND ( 'NONE', #3085, .T. ) ;
#7421 = AXIS2_PLACEMENT_3D ( 'NONE', #2221, #2981, #6781 ) ;
#7422 = DIRECTION ( 'NONE',  ( 1.156482317317873184E-14, 0.000000000000000000, 1.000000000000000000 ) ) ;
#7423 = VERTEX_POINT ( 'NONE', #7874 ) ;
#7424 = CARTESIAN_POINT ( 'NONE',  ( 32.79395631181285609, -6.164045376551356981, 42.00000000000000711 ) ) ;
#7425 = CARTESIAN_POINT ( 'NONE',  ( 49.99999999999999289, 0.000000000000000000, -42.50000000000017764 ) ) ;
#7426 = AXIS2_PLACEMENT_3D ( 'NONE', #8268, #6730, #574 ) ;
#7427 = FACE_OUTER_BOUND ( 'NONE', #4459, .T. ) ;
#7428 = AXIS2_PLACEMENT_3D ( 'NONE', #8235, #4399, #395 ) ;
#7429 = AXIS2_PLACEMENT_3D ( 'NONE', #6504, #7506, #959 ) ;
#7430 = EDGE_CURVE ( 'NONE', #6721, #1920, #7210, .T. ) ;
#7431 = ORIENTED_EDGE ( 'NONE', *, *, #9000, .T. ) ;
#7432 = EDGE_CURVE ( 'NONE', #6286, #8793, #1002, .T. ) ;
#7433 = ORIENTED_EDGE ( 'NONE', *, *, #7194, .T. ) ;
#7434 = AXIS2_PLACEMENT_3D ( 'NONE', #443, #9870, #9005 ) ;
#7435 = VECTOR ( 'NONE', #7304, 1000.000000000000000 ) ;
#7436 = CARTESIAN_POINT ( 'NONE',  ( 31.29999999999983373, 1.000000000000000000, 48.00000000000000711 ) ) ;
#7437 = LINE ( 'NONE', #3591, #7040 ) ;
#7438 = VERTEX_POINT ( 'NONE', #2348 ) ;
#7439 = CARTESIAN_POINT ( 'NONE',  ( -43.49999999999987921, -3.199999999999999734, 38.09999999999998721 ) ) ;
#7440 = AXIS2_PLACEMENT_3D ( 'NONE', #5982, #2234, #739 ) ;
#7441 = DIRECTION ( 'NONE',  ( -0.7071067811864886199, 0.000000000000000000, 0.7071067811866064146 ) ) ;
#7442 = DIRECTION ( 'NONE',  ( 0.000000000000000000, 0.000000000000000000, 1.000000000000000000 ) ) ;
#7443 = LINE ( 'NONE', #8159, #3448 ) ;
#7444 = AXIS2_PLACEMENT_3D ( 'NONE', #6945, #10011, #3199 ) ;
#7445 = DIRECTION ( 'NONE',  ( -0.000000000000000000, 1.000000000000000000, -0.000000000000000000 ) ) ;
#7446 = EDGE_LOOP ( 'NONE', ( #5333, #3851, #7012 ) ) ;
#7447 = EDGE_CURVE ( 'NONE', #5690, #5819, #9057, .T. ) ;
#7448 = ORIENTED_EDGE ( 'NONE', *, *, #1639, .F. ) ;
#7449 = ADVANCED_FACE ( 'NONE', ( #4955 ), #5884, .F. ) ;
#7450 = AXIS2_PLACEMENT_3D ( 'NONE', #6003, #3632, #9123 ) ;
#7451 = ORIENTED_EDGE ( 'NONE', *, *, #124, .T. ) ;
#7452 = CARTESIAN_POINT ( 'NONE',  ( -49.99999999999999289, -1.000000000000000000, 49.99999999999999289 ) ) ;
#7453 = VECTOR ( 'NONE', #9846, 1000.000000000000000 ) ;
#7454 = CARTESIAN_POINT ( 'NONE',  ( -42.50000000000000711, 1.000000000000000000, -49.00000000000000711 ) ) ;
#7455 = DIRECTION ( 'NONE',  ( 0.000000000000000000, 0.000000000000000000, 1.000000000000000000 ) ) ;
#7456 = DIRECTION ( 'NONE',  ( 0.000000000000000000, -1.000000000000000000, 0.000000000000000000 ) ) ;
#7457 = CARTESIAN_POINT ( 'NONE',  ( 50.00000000000064659, -5.000000000000000000, 27.10000000000163922 ) ) ;
#7458 = DIRECTION ( 'NONE',  ( 1.000000000000000000, 0.000000000000000000, 0.000000000000000000 ) ) ;
#7459 = CARTESIAN_POINT ( 'NONE',  ( -27.09999999999983089, -1.000000000000000000, -42.00000000000000711 ) ) ;
#7460 = ORIENTED_EDGE ( 'NONE', *, *, #9323, .T. ) ;
#7461 = VECTOR ( 'NONE', #458, 1000.000000000000000 ) ;
#7462 = VERTEX_POINT ( 'NONE', #283 ) ;
#7463 = FACE_OUTER_BOUND ( 'NONE', #452, .T. ) ;
#7464 = EDGE_CURVE ( 'NONE', #2745, #6519, #9695, .T. ) ;
#7465 = DIRECTION ( 'NONE',  ( -0.000000000000000000, 1.000000000000000000, -0.000000000000000000 ) ) ;
#7466 = CYLINDRICAL_SURFACE ( 'NONE', #4664, 2.999999999999999112 ) ;
#7467 = DIRECTION ( 'NONE',  ( -0.000000000000000000, -1.000000000000000000, -0.000000000000000000 ) ) ;
#7468 = DIRECTION ( 'NONE',  ( -0.000000000000000000, -1.000000000000000000, 0.000000000000000000 ) ) ;
#7469 = ORIENTED_EDGE ( 'NONE', *, *, #7501, .F. ) ;
#7470 = AXIS2_PLACEMENT_3D ( 'NONE', #1939, #4193, #2644 ) ;
#7471 = LINE ( 'NONE', #5118, #2213 ) ;
#7472 = DIRECTION ( 'NONE',  ( -1.000000000000000000, -0.000000000000000000, -0.000000000000000000 ) ) ;
#7473 = ORIENTED_EDGE ( 'NONE', *, *, #5588, .F. ) ;
#7474 = ORIENTED_EDGE ( 'NONE', *, *, #3847, .F. ) ;
#7475 = EDGE_CURVE ( 'NONE', #2200, #7943, #7412, .T. ) ;
#7476 = ORIENTED_EDGE ( 'NONE', *, *, #982, .T. ) ;
#7477 = LINE ( 'NONE', #1275, #6161 ) ;
#7478 = CARTESIAN_POINT ( 'NONE',  ( 41.50000000000000711, 1.000000000000000000, 49.99999999999999289 ) ) ;
#7479 = ADVANCED_FACE ( 'NONE', ( #3524, #391 ), #8907, .T. ) ;
#7480 = ORIENTED_EDGE ( 'NONE', *, *, #8535, .F. ) ;
#7481 = DIRECTION ( 'NONE',  ( 1.000000000000000000, -0.000000000000000000, -1.047444401652940007E-14 ) ) ;
#7482 = LINE ( 'NONE', #7528, #7461 ) ;
#7483 = CARTESIAN_POINT ( 'NONE',  ( 27.09999999999983089, -1.000000000000000000, 42.00000000000000711 ) ) ;
#7484 = ORIENTED_EDGE ( 'NONE', *, *, #1380, .F. ) ;
#7485 = ORIENTED_EDGE ( 'NONE', *, *, #9508, .T. ) ;
#7486 = LINE ( 'NONE', #2883, #198 ) ;
#7487 = CARTESIAN_POINT ( 'NONE',  ( -38.09999999999983800, -3.199999999999999734, -43.50000000000001421 ) ) ;
#7488 = ORIENTED_EDGE ( 'NONE', *, *, #6788, .T. ) ;
#7489 = CARTESIAN_POINT ( 'NONE',  ( -30.13681086057862046, -8.000000000000001776, -48.00000000000000711 ) ) ;
#7490 = CYLINDRICAL_SURFACE ( 'NONE', #9419, 1.550000000000002709 ) ;
#7491 = CARTESIAN_POINT ( 'NONE',  ( 41.49999999999983658, 3.236067977499853310, 49.99999999999999289 ) ) ;
#7492 =( NAMED_UNIT ( * ) SI_UNIT ( $, .STERADIAN. ) SOLID_ANGLE_UNIT ( ) );
#7493 = CARTESIAN_POINT ( 'NONE',  ( -36.30249613095445937, -6.928965214700169462, -42.00000000000001421 ) ) ;
#7494 = EDGE_CURVE ( 'NONE', #4580, #3857, #5062, .T. ) ;
#7495 = CARTESIAN_POINT ( 'NONE',  ( -47.99999999999988631, -3.199999999999999289, 35.75000000000000711 ) ) ;
#7496 = VERTEX_POINT ( 'NONE', #9817 ) ;
#7497 = ORIENTED_EDGE ( 'NONE', *, *, #8276, .T. ) ;
#7498 = ORIENTED_EDGE ( 'NONE', *, *, #4564, .T. ) ;
#7499 = DIRECTION ( 'NONE',  ( 0.000000000000000000, 0.000000000000000000, -1.000000000000000000 ) ) ;
#7500 = CARTESIAN_POINT ( 'NONE',  ( 38.28287949215726371, -11.06931664958915995, -48.00000000000002842 ) ) ;
#7501 = EDGE_CURVE ( 'NONE', #5486, #5590, #4138, .T. ) ;
#7502 = FACE_OUTER_BOUND ( 'NONE', #604, .T. ) ;
#7503 = CARTESIAN_POINT ( 'NONE',  ( -41.50000000000041922, -1.000000000000000000, -41.99999999999950973 ) ) ;
#7504 = ADVANCED_FACE ( 'NONE', ( #3468 ), #444, .T. ) ;
#7505 = EDGE_CURVE ( 'NONE', #3887, #2930, #7351, .T. ) ;
#7506 = DIRECTION ( 'NONE',  ( 0.000000000000000000, 1.000000000000000000, 0.000000000000000000 ) ) ;
#7507 = FACE_OUTER_BOUND ( 'NONE', #3255, .T. ) ;
#7508 = ADVANCED_FACE ( 'NONE', ( #5727 ), #8232, .F. ) ;
#7509 = DIRECTION ( 'NONE',  ( 0.000000000000000000, 1.000000000000000000, 0.000000000000000000 ) ) ;
#7510 = ORIENTED_EDGE ( 'NONE', *, *, #2899, .F. ) ;
#7511 = ORIENTED_EDGE ( 'NONE', *, *, #637, .F. ) ;
#7512 = LINE ( 'NONE', #5930, #7946 ) ;
#7513 = LINE ( 'NONE', #6856, #7875 ) ;
#7514 = LINE ( 'NONE', #489, #8538 ) ;
#7515 = DIRECTION ( 'NONE',  ( 0.000000000000000000, 0.000000000000000000, -1.000000000000000000 ) ) ;
#7516 = FACE_OUTER_BOUND ( 'NONE', #1557, .T. ) ;
#7517 = ORIENTED_EDGE ( 'NONE', *, *, #7342, .F. ) ;
#7518 = EDGE_CURVE ( 'NONE', #2515, #9694, #2337, .T. ) ;
#7519 = CARTESIAN_POINT ( 'NONE',  ( 34.27384986881057216, -10.53815295654404949, -42.00000000000000711 ) ) ;
#7520 = ORIENTED_EDGE ( 'NONE', *, *, #5815, .F. ) ;
#7521 = ORIENTED_EDGE ( 'NONE', *, *, #5258, .F. ) ;
#7522 = VERTEX_POINT ( 'NONE', #8961 ) ;
#7523 = CARTESIAN_POINT ( 'NONE',  ( 48.00000000000000711, 0.000000000000000000, -5.027733127934113041E-13 ) ) ;
#7524 = DIRECTION ( 'NONE',  ( -2.952720810173291281E-15, 0.000000000000000000, -1.000000000000000000 ) ) ;
#7525 = ORIENTED_EDGE ( 'NONE', *, *, #1116, .F. ) ;
#7526 = FACE_OUTER_BOUND ( 'NONE', #1861, .T. ) ;
#7527 = EDGE_CURVE ( 'NONE', #5492, #2623, #5779, .T. ) ;
#7528 = CARTESIAN_POINT ( 'NONE',  ( 43.49999999999966604, -3.199999999999999289, -32.85000000000028564 ) ) ;
#7529 = EDGE_CURVE ( 'NONE', #7364, #9314, #4642, .T. ) ;
#7530 = CARTESIAN_POINT ( 'NONE',  ( -41.49999999999992184, -5.234697887287005358, -42.00000000000000711 ) ) ;
#7531 = CIRCLE ( 'NONE', #3116, 1.549999999999999378 ) ;
#7532 = ORIENTED_EDGE ( 'NONE', *, *, #3847, .T. ) ;
#7533 = EDGE_CURVE ( 'NONE', #4354, #5423, #1841, .T. ) ;
#7534 = CARTESIAN_POINT ( 'NONE',  ( 40.00000000000000711, -9.000000000000001776, -45.15000000000001279 ) ) ;
#7535 = FACE_OUTER_BOUND ( 'NONE', #5761, .T. ) ;
#7536 = VECTOR ( 'NONE', #913, 1000.000000000000000 ) ;
#7537 = EDGE_LOOP ( 'NONE', ( #6627, #8227, #8091, #9681 ) ) ;
#7538 = DIRECTION ( 'NONE',  ( 0.000000000000000000, -1.000000000000000000, 0.000000000000000000 ) ) ;
#7539 = DIRECTION ( 'NONE',  ( -0.7071067811866064146, 0.000000000000000000, -0.7071067811864886199 ) ) ;
#7540 = CARTESIAN_POINT ( 'NONE',  ( 24.69999999999848228, -3.499999999999999556, 45.80000000000036664 ) ) ;
#7541 = LINE ( 'NONE', #519, #3504 ) ;
#7542 = CARTESIAN_POINT ( 'NONE',  ( -36.62225918772111299, -6.483401971840434541, -42.00000000000001421 ) ) ;
#7543 = ORIENTED_EDGE ( 'NONE', *, *, #3063, .F. ) ;
#7544 = AXIS2_PLACEMENT_3D ( 'NONE', #5179, #8342, #8299 ) ;
#7545 = ORIENTED_EDGE ( 'NONE', *, *, #9131, .F. ) ;
#7546 = VERTEX_POINT ( 'NONE', #2041 ) ;
#7547 = VECTOR ( 'NONE', #9112, 1000.000000000000000 ) ;
#7548 = DIRECTION ( 'NONE',  ( -1.000000000000000000, 0.000000000000000000, -0.000000000000000000 ) ) ;
#7549 = DIRECTION ( 'NONE',  ( 1.000000000000000000, -0.000000000000000000, -1.047444401652940007E-14 ) ) ;
#7550 = PLANE ( 'NONE',  #6124 ) ;
#7551 = CARTESIAN_POINT ( 'NONE',  ( 38.09999999999983800, -3.199999999999999734, -43.50000000000001421 ) ) ;
#7552 = VECTOR ( 'NONE', #4179, 1000.000000000000000 ) ;
#7553 = CARTESIAN_POINT ( 'NONE',  ( -43.49999999999990763, -3.199999999999999289, -30.49999999999998579 ) ) ;
#7554 = CARTESIAN_POINT ( 'NONE',  ( 15.00000000000000355, -1.000000000000000000, 15.00000000000000355 ) ) ;
#7555 = CARTESIAN_POINT ( 'NONE',  ( 41.50000000000000000, 1.000000000000000000, 48.99999999999999289 ) ) ;
#7556 = DIRECTION ( 'NONE',  ( 3.491481338843133355E-15, 0.000000000000000000, 1.000000000000000000 ) ) ;
#7557 = VERTEX_POINT ( 'NONE', #8294 ) ;
#7558 = VECTOR ( 'NONE', #5358, 1000.000000000000000 ) ;
#7559 = ORIENTED_EDGE ( 'NONE', *, *, #2793, .F. ) ;
#7560 = FACE_OUTER_BOUND ( 'NONE', #2596, .T. ) ;
#7561 = AXIS2_PLACEMENT_3D ( 'NONE', #8682, #3299, #1033 ) ;
#7562 = EDGE_CURVE ( 'NONE', #3704, #8100, #2447, .T. ) ;
#7563 = EDGE_CURVE ( 'NONE', #23, #1701, #8338, .T. ) ;
#7564 = CARTESIAN_POINT ( 'NONE',  ( -43.49999999999987921, -3.199999999999999734, 38.09999999999998721 ) ) ;
#7565 = CARTESIAN_POINT ( 'NONE',  ( -47.99999999999989342, -0.1999999999999999833, 31.30000000000000071 ) ) ;
#7566 = DIRECTION ( 'NONE',  ( -1.000000000000000000, 0.000000000000000000, 0.000000000000000000 ) ) ;
#7567 = VECTOR ( 'NONE', #7022, 1000.000000000000000 ) ;
#7568 = CARTESIAN_POINT ( 'NONE',  ( -38.09999999999914166, -3.199999999999999734, 50.00000000000167688 ) ) ;
#7569 = EDGE_LOOP ( 'NONE', ( #3235, #747, #2513, #1817 ) ) ;
#7570 = CARTESIAN_POINT ( 'NONE',  ( -37.49999999999999289, -15.00000000000000355, 42.89999999999999147 ) ) ;
#7571 = CIRCLE ( 'NONE', #2014, 2.999999999999999112 ) ;
#7572 = FACE_BOUND ( 'NONE', #8078, .T. ) ;
#7573 = ORIENTED_EDGE ( 'NONE', *, *, #4299, .F. ) ;
#7574 = ORIENTED_EDGE ( 'NONE', *, *, #8839, .F. ) ;
#7575 = ORIENTED_EDGE ( 'NONE', *, *, #6376, .F. ) ;
#7576 = AXIS2_PLACEMENT_3D ( 'NONE', #6344, #21, #3161 ) ;
#7577 = EDGE_LOOP ( 'NONE', ( #4500, #7377, #1967, #3629, #4092 ) ) ;
#7578 = EDGE_CURVE ( 'NONE', #2623, #8753, #695, .T. ) ;
#7579 = DIRECTION ( 'NONE',  ( 1.000000000000000000, 0.000000000000000000, -1.047444401652940007E-14 ) ) ;
#7580 = DIRECTION ( 'NONE',  ( -1.000000000000000000, 0.000000000000000000, 1.047444401652940007E-14 ) ) ;
#7581 = VERTEX_POINT ( 'NONE', #3673 ) ;
#7582 = FACE_OUTER_BOUND ( 'NONE', #8545, .T. ) ;
#7583 = AXIS2_PLACEMENT_3D ( 'NONE', #5920, #991, #9804 ) ;
#7584 = CARTESIAN_POINT ( 'NONE',  ( -21.49897948556618843, -4.000000000000000000, 49.99999999999999289 ) ) ;
#7585 = LINE ( 'NONE', #5955, #4334 ) ;
#7586 = ORIENTED_EDGE ( 'NONE', *, *, #9438, .F. ) ;
#7587 = CIRCLE ( 'NONE', #4321, 2.349999999999997868 ) ;
#7588 = CARTESIAN_POINT ( 'NONE',  ( 36.13766816143491667, -14.80000000000000071, -44.80122281838041687 ) ) ;
#7590 = CYLINDRICAL_SURFACE ( 'NONE', #7856, 1.000000000000000888 ) ;
#7589 = VECTOR ( 'NONE', #116, 1000.000000000000000 ) ;
#7591 = EDGE_LOOP ( 'NONE', ( #7511, #2049, #6073, #6868 ) ) ;
#7592 = DIRECTION ( 'NONE',  ( 0.000000000000000000, 0.000000000000000000, 1.000000000000000000 ) ) ;
#7593 = DIRECTION ( 'NONE',  ( 4.476705744456268255E-15, 0.000000000000000000, 1.000000000000000000 ) ) ;
#7594 = CIRCLE ( 'NONE', #7748, 1.000000000000000888 ) ;
#7595 = LINE ( 'NONE', #1245, #4006 ) ;
#7596 = EDGE_CURVE ( 'NONE', #576, #8910, #9221, .T. ) ;
#7597 = DIRECTION ( 'NONE',  ( -1.000000000000000000, 0.000000000000000000, 1.343011723336883395E-14 ) ) ;
#7598 = CIRCLE ( 'NONE', #1865, 1.000000000000000888 ) ;
#7599 = ORIENTED_EDGE ( 'NONE', *, *, #2119, .T. ) ;
#7600 = VERTEX_POINT ( 'NONE', #5268 ) ;
#7601 = AXIS2_PLACEMENT_3D ( 'NONE', #3000, #9349, #9258 ) ;
#7602 = ORIENTED_EDGE ( 'NONE', *, *, #7399, .T. ) ;
#7603 = VECTOR ( 'NONE', #937, 1000.000000000000000 ) ;
#7604 = CARTESIAN_POINT ( 'NONE',  ( -50.00000000000000000, -5.000000000000000000, 16.59999999999918785 ) ) ;
#7605 = LINE ( 'NONE', #7750, #9986 ) ;
#7606 = CYLINDRICAL_SURFACE ( 'NONE', #2027, 2.349999999999997868 ) ;
#7607 = CARTESIAN_POINT ( 'NONE',  ( -50.00000000000000711, -1.000000000000000000, -50.00000000000000711 ) ) ;
#7608 = VECTOR ( 'NONE', #7849, 1000.000000000000000 ) ;
#7609 = CARTESIAN_POINT ( 'NONE',  ( -49.00000000000000711, 1.000000000000000000, -41.49999999999965894 ) ) ;
#7610 = DIRECTION ( 'NONE',  ( 0.000000000000000000, 0.000000000000000000, -1.000000000000000000 ) ) ;
#7611 = CARTESIAN_POINT ( 'NONE',  ( 48.99999999999999289, 0.000000000000000000, -41.50000000000017764 ) ) ;
#7612 = CARTESIAN_POINT ( 'NONE',  ( -41.99999999999995026, -1.000000000000000000, 41.49999999999997868 ) ) ;
#7613 = AXIS2_PLACEMENT_3D ( 'NONE', #10013, #2847, #5311 ) ;
#7614 = ORIENTED_EDGE ( 'NONE', *, *, #138, .T. ) ;
#7615 = VERTEX_POINT ( 'NONE', #4497 ) ;
#7616 = CARTESIAN_POINT ( 'NONE',  ( -43.49999999999990052, -3.199999999999999289, -32.04999999999999005 ) ) ;
#7617 = AXIS2_PLACEMENT_3D ( 'NONE', #6120, #572, #9335 ) ;
#7618 = CARTESIAN_POINT ( 'NONE',  ( 48.00000000000000711, 0.000000000000000000, -5.027733127934113041E-13 ) ) ;
#7619 = DIRECTION ( 'NONE',  ( -1.000000000000000000, 0.000000000000000000, 0.000000000000000000 ) ) ;
#7621 = CARTESIAN_POINT ( 'NONE',  ( 36.99513474005455294, -5.003392681337304637, 42.00000000000000711 ) ) ;
#7620 = AXIS2_PLACEMENT_3D ( 'NONE', #4967, #8242, #1945 ) ;
#7622 = DIRECTION ( 'NONE',  ( 1.000000000000000000, 0.000000000000000000, 0.000000000000000000 ) ) ;
#7623 = ORIENTED_EDGE ( 'NONE', *, *, #6357, .F. ) ;
#7624 = CARTESIAN_POINT ( 'NONE',  ( -47.99999999999990763, -3.199999999999998845, 28.14999999999999858 ) ) ;
#7626 = EDGE_CURVE ( 'NONE', #7381, #3433, #2020, .T. ) ;
#7625 = LINE ( 'NONE', #7416, #5104 ) ;
#7627 = EDGE_CURVE ( 'NONE', #1683, #6912, #5371, .T. ) ;
#7628 = VERTEX_POINT ( 'NONE', #3066 ) ;
#7629 = ORIENTED_EDGE ( 'NONE', *, *, #10043, .T. ) ;
#7630 = EDGE_LOOP ( 'NONE', ( #2044, #1928, #5393, #54, #7231, #4075, #2919 ) ) ;
#7631 = EDGE_LOOP ( 'NONE', ( #1064, #7811, #603, #6002 ) ) ;
#7632 = CARTESIAN_POINT ( 'NONE',  ( 28.14999999999983160, -3.199999999999998845, 43.50000000000001421 ) ) ;
#7633 = CIRCLE ( 'NONE', #1741, 4.349999999999999645 ) ;
#7634 = VECTOR ( 'NONE', #5555, 1000.000000000000000 ) ;
#7635 = ORIENTED_EDGE ( 'NONE', *, *, #3266, .T. ) ;
#7636 = CYLINDRICAL_SURFACE ( 'NONE', #8420, 2.349999999999997868 ) ;
#7637 = CARTESIAN_POINT ( 'NONE',  ( 31.94412171226666075, -8.154492768451390816, 42.00000000000000711 ) ) ;
#7638 = CYLINDRICAL_SURFACE ( 'NONE', #4033, 4.000000000000000000 ) ;
#7639 = ADVANCED_FACE ( 'NONE', ( #8446 ), #10025, .F. ) ;
#7640 = EDGE_CURVE ( 'NONE', #5331, #9027, #42, .T. ) ;
#7641 = PLANE ( 'NONE',  #6962 ) ;
#7642 = EDGE_CURVE ( 'NONE', #9721, #6181, #371, .T. ) ;
#7643 = AXIS2_PLACEMENT_3D ( 'NONE', #1856, #1803, #4108 ) ;
#7644 = ORIENTED_EDGE ( 'NONE', *, *, #5335, .F. ) ;
#7645 = CARTESIAN_POINT ( 'NONE',  ( -41.84072255409522967, -5.426316897680602658, -41.65927744590464243 ) ) ;
#7646 = ORIENTED_EDGE ( 'NONE', *, *, #6380, .T. ) ;
#7647 = DIRECTION ( 'NONE',  ( -1.000000000000000000, -0.000000000000000000, -3.491481338843133750E-15 ) ) ;
#7648 = CARTESIAN_POINT ( 'NONE',  ( 42.00000000000014211, -5.000000000000001776, -38.93703481765633967 ) ) ;
#7649 = CARTESIAN_POINT ( 'NONE',  ( -33.22220298072583233, -11.13639371908536368, 42.00000000000001421 ) ) ;
#7650 = LINE ( 'NONE', #8473, #10046 ) ;
#7651 = VERTEX_POINT ( 'NONE', #2957 ) ;
#7652 = ORIENTED_EDGE ( 'NONE', *, *, #4312, .F. ) ;
#7653 = ORIENTED_EDGE ( 'NONE', *, *, #4567, .F. ) ;
#7654 = LINE ( 'NONE', #9857, #190 ) ;
#7655 = CARTESIAN_POINT ( 'NONE',  ( -50.00000000000000711, -1.000000000000000000, -50.00000000000000711 ) ) ;
#7656 = FACE_OUTER_BOUND ( 'NONE', #1338, .T. ) ;
#7657 = CARTESIAN_POINT ( 'NONE',  ( -42.00000000000011369, -5.000000000000002665, -30.09999999999968523 ) ) ;
#7658 = DIRECTION ( 'NONE',  ( 1.000000000000000000, 0.000000000000000000, -0.000000000000000000 ) ) ;
#7659 = PLANE ( 'NONE',  #2239 ) ;
#7660 = DIRECTION ( 'NONE',  ( 0.000000000000000000, 0.000000000000000000, -1.000000000000000000 ) ) ;
#7661 = EDGE_CURVE ( 'NONE', #105, #10092, #4303, .T. ) ;
#7662 = EDGE_CURVE ( 'NONE', #5751, #2008, #8543, .T. ) ;
#7663 = DIRECTION ( 'NONE',  ( 0.000000000000000000, 0.000000000000000000, 1.000000000000000000 ) ) ;
#7664 = VERTEX_POINT ( 'NONE', #5324 ) ;
#7665 = VERTEX_POINT ( 'NONE', #6754 ) ;
#7666 = CARTESIAN_POINT ( 'NONE',  ( 45.80000000000062244, -3.499999999999999556, 27.04999999999800409 ) ) ;
#7667 = CARTESIAN_POINT ( 'NONE',  ( -47.99999999999989342, 1.000000000000000000, 31.30000000000000071 ) ) ;
#7668 = CARTESIAN_POINT ( 'NONE',  ( 35.78531974251255576, -14.76013367977929391, -43.90312678207873631 ) ) ;
#7669 = PLANE ( 'NONE',  #1689 ) ;
#7670 = DIRECTION ( 'NONE',  ( 0.000000000000000000, -1.000000000000000000, 0.000000000000000000 ) ) ;
#7671 = ORIENTED_EDGE ( 'NONE', *, *, #3770, .F. ) ;
#7672 = CARTESIAN_POINT ( 'NONE',  ( 29.30597735307037865, -7.893070339075975994, 44.21151399775109780 ) ) ;
#7673 = CARTESIAN_POINT ( 'NONE',  ( -35.74999999999983658, -3.199999999999999289, -48.00000000000000711 ) ) ;
#7674 = ORIENTED_EDGE ( 'NONE', *, *, #7020, .T. ) ;
#7675 = ORIENTED_EDGE ( 'NONE', *, *, #3614, .F. ) ;
#7676 = EDGE_LOOP ( 'NONE', ( #9932, #4035, #3328, #3574, #6642, #3462, #2409, #9367, #1806, #8489 ) ) ;
#7677 = ORIENTED_EDGE ( 'NONE', *, *, #2188, .T. ) ;
#7678 = CARTESIAN_POINT ( 'NONE',  ( 32.84999999999983089, -3.199999999999999289, 48.00000000000000711 ) ) ;
#7679 = ORIENTED_EDGE ( 'NONE', *, *, #4574, .T. ) ;
#7680 = CARTESIAN_POINT ( 'NONE',  ( 48.99999999999999289, 0.000000000000000000, -31.30000000000034177 ) ) ;
#7681 = DIRECTION ( 'NONE',  ( 0.000000000000000000, 1.000000000000000000, 0.000000000000000000 ) ) ;
#7682 = DIRECTION ( 'NONE',  ( 0.000000000000000000, -1.000000000000000000, 0.000000000000000000 ) ) ;
#7683 = CARTESIAN_POINT ( 'NONE',  ( 32.17410639433840913, -11.48480472735182545, 44.57954612693817609 ) ) ;
#7684 = ORIENTED_EDGE ( 'NONE', *, *, #10105, .F. ) ;
#7685 = ADVANCED_FACE ( 'NONE', ( #4553 ), #7669, .F. ) ;
#7686 = ADVANCED_FACE ( 'NONE', ( #9114 ), #2095, .F. ) ;
#7687 = EDGE_CURVE ( 'NONE', #8665, #1728, #1312, .T. ) ;
#7688 = DIRECTION ( 'NONE',  ( -0.000000000000000000, 1.000000000000000000, -0.000000000000000000 ) ) ;
#7689 = VERTEX_POINT ( 'NONE', #9926 ) ;
#7690 = LINE ( 'NONE', #2887, #9234 ) ;
#7691 = CARTESIAN_POINT ( 'NONE',  ( 49.99999999999999289, -1.000000000000000000, -49.00000000000000711 ) ) ;
#7692 = CARTESIAN_POINT ( 'NONE',  ( 50.00000000000096634, -3.199999999999999734, -38.09999999999966036 ) ) ;
#7693 = ORIENTED_EDGE ( 'NONE', *, *, #1757, .T. ) ;
#7694 = ORIENTED_EDGE ( 'NONE', *, *, #3453, .T. ) ;
#7695 = VERTEX_POINT ( 'NONE', #2913 ) ;
#7696 = EDGE_CURVE ( 'NONE', #9792, #1937, #5401, .T. ) ;
#7697 = DIRECTION ( 'NONE',  ( 1.301042606982607490E-15, 0.000000000000000000, 1.000000000000000000 ) ) ;
#7698 = CARTESIAN_POINT ( 'NONE',  ( -42.00000000000012079, -8.000000000000001776, -31.83083868292569463 ) ) ;
#7699 = LINE ( 'NONE', #2127, #378 ) ;
#7700 = FACE_OUTER_BOUND ( 'NONE', #9385, .T. ) ;
#7701 = FACE_BOUND ( 'NONE', #3873, .T. ) ;
#7702 = FACE_BOUND ( 'NONE', #9706, .T. ) ;
#7703 = CARTESIAN_POINT ( 'NONE',  ( 45.80000000000062244, -8.000000000000001776, 24.69999999999800622 ) ) ;
#7704 = CIRCLE ( 'NONE', #7373, 1.549999999999999378 ) ;
#7705 = CARTESIAN_POINT ( 'NONE',  ( 31.29999999999983373, -0.1999999999999999833, -48.00000000000000711 ) ) ;
#7706 = ORIENTED_EDGE ( 'NONE', *, *, #9357, .F. ) ;
#7707 = ORIENTED_EDGE ( 'NONE', *, *, #3815, .F. ) ;
#7708 = CARTESIAN_POINT ( 'NONE',  ( -29.82352675082744398, -7.987796024171728959, -45.62755485521880416 ) ) ;
#7709 = EDGE_CURVE ( 'NONE', #10134, #9642, #3002, .T. ) ;
#7710 = LINE ( 'NONE', #9924, #338 ) ;
#7711 = CIRCLE ( 'NONE', #681, 2.349999999999997868 ) ;
#7712 = CARTESIAN_POINT ( 'NONE',  ( 36.20000000000000995, -5.000000000000001776, 42.89999999999999147 ) ) ;
#7713 = CARTESIAN_POINT ( 'NONE',  ( 36.50413812651497381, -5.000000000000001776, 42.00000000000000711 ) ) ;
#7714 = CARTESIAN_POINT ( 'NONE',  ( 14.99999999999982236, -1.000000000000000000, -40.00000000000000000 ) ) ;
#7715 = EDGE_LOOP ( 'NONE', ( #10048, #9130, #5011 ) ) ;
#7716 = B_SPLINE_CURVE_WITH_KNOTS ( 'NONE', 3,
 ( #6387, #5566, #7968, #4071, #170, #8798 ),
 .UNSPECIFIED., .F., .F.,
 ( 4, 2, 4 ),
 ( 0.000000000000000000, 0.002040881081218822064, 0.004081762162437644129 ),
 .UNSPECIFIED. ) ;
#7717 = CARTESIAN_POINT ( 'NONE',  ( 29.58727186058786529, -7.956518750935924089, 46.22395999278505485 ) ) ;
#7718 = AXIS2_PLACEMENT_3D ( 'NONE', #7050, #17, #9496 ) ;
#7719 = FACE_OUTER_BOUND ( 'NONE', #8726, .T. ) ;
#7720 = ADVANCED_FACE ( 'NONE', ( #7010, #3106 ), #2390, .T. ) ;
#7721 = ORIENTED_EDGE ( 'NONE', *, *, #8276, .F. ) ;
#7722 = AXIS2_PLACEMENT_3D ( 'NONE', #2279, #8641, #1612 ) ;
#7723 = ORIENTED_EDGE ( 'NONE', *, *, #9848, .F. ) ;
#7724 = VERTEX_POINT ( 'NONE', #7915 ) ;
#7725 = EDGE_CURVE ( 'NONE', #2557, #3794, #3973, .T. ) ;
#7726 = VECTOR ( 'NONE', #4635, 1000.000000000000000 ) ;
#7727 = DIRECTION ( 'NONE',  ( 0.000000000000000000, -0.000000000000000000, -1.000000000000000000 ) ) ;
#7728 = ORIENTED_EDGE ( 'NONE', *, *, #6013, .F. ) ;
#7729 = AXIS2_PLACEMENT_3D ( 'NONE', #6669, #5894, #9018 ) ;
#7730 = CARTESIAN_POINT ( 'NONE',  ( 32.84999999999983089, -3.199999999999998845, -43.50000000000001421 ) ) ;
#7731 = CARTESIAN_POINT ( 'NONE',  ( 31.68741462166549994, -10.03913374877288156, 42.00000000000000711 ) ) ;
#7732 = DIRECTION ( 'NONE',  ( -1.000000000000000000, 0.000000000000000000, 0.000000000000000000 ) ) ;
#7733 = DIRECTION ( 'NONE',  ( 1.000000000000000000, -0.000000000000000000, 3.491481338843133355E-15 ) ) ;
#7734 = CARTESIAN_POINT ( 'NONE',  ( -37.49999999999999289, -8.400000000000000355, 42.89999999999999147 ) ) ;
#7735 = CIRCLE ( 'NONE', #4633, 2.349999999999997868 ) ;
#7736 = ORIENTED_EDGE ( 'NONE', *, *, #7248, .F. ) ;
#7737 = VERTEX_POINT ( 'NONE', #7105 ) ;
#7738 = DIRECTION ( 'NONE',  ( 0.000000000000000000, 0.000000000000000000, 1.000000000000000000 ) ) ;
#7739 = LINE ( 'NONE', #9387, #6171 ) ;
#7740 = DIRECTION ( 'NONE',  ( 1.047444401652940007E-14, -0.000000000000000000, 1.000000000000000000 ) ) ;
#7741 = ADVANCED_FACE ( 'NONE', ( #4704 ), #76, .F. ) ;
#7742 = EDGE_CURVE ( 'NONE', #9819, #1080, #7052, .T. ) ;
#7743 = ORIENTED_EDGE ( 'NONE', *, *, #1464, .F. ) ;
#7744 = CIRCLE ( 'NONE', #7905, 2.349999999999997868 ) ;
#7745 = ORIENTED_EDGE ( 'NONE', *, *, #2404, .F. ) ;
#7746 = ORIENTED_EDGE ( 'NONE', *, *, #6828, .T. ) ;
#7747 = VECTOR ( 'NONE', #3709, 1000.000000000000000 ) ;
#7748 = AXIS2_PLACEMENT_3D ( 'NONE', #7680, #3841, #7785 ) ;
#7749 = DIRECTION ( 'NONE',  ( -0.000000000000000000, -0.000000000000000000, 1.000000000000000000 ) ) ;
#7750 = CARTESIAN_POINT ( 'NONE',  ( 43.50000000000030553, -3.199999999999999289, 28.14999999999937685 ) ) ;
#7751 = CARTESIAN_POINT ( 'NONE',  ( 35.74999999999983658, -3.199999999999999289, 48.00000000000000711 ) ) ;
#7752 = CIRCLE ( 'NONE', #385, 2.349999999999997868 ) ;
#7753 = DIRECTION ( 'NONE',  ( 0.000000000000000000, 0.000000000000000000, -1.000000000000000000 ) ) ;
#7754 = CARTESIAN_POINT ( 'NONE',  ( -14.99999999999982236, -1.000000000000000000, -40.00000000000000000 ) ) ;
#7755 = PLANE ( 'NONE',  #5023 ) ;
#7756 = CYLINDRICAL_SURFACE ( 'NONE', #6151, 2.349999999999997868 ) ;
#7757 = CIRCLE ( 'NONE', #3341, 1.550000000000002709 ) ;
#7758 = DIRECTION ( 'NONE',  ( 0.000000000000000000, 0.000000000000000000, -1.000000000000000000 ) ) ;
#7759 = ADVANCED_FACE ( 'NONE', ( #797, #3922 ), #4029, .T. ) ;
#7760 = EDGE_CURVE ( 'NONE', #1071, #1269, #2533, .T. ) ;
#7761 = VERTEX_POINT ( 'NONE', #2431 ) ;
#7762 = AXIS2_PLACEMENT_3D ( 'NONE', #5006, #320, #5408 ) ;
#7763 = ORIENTED_EDGE ( 'NONE', *, *, #2921, .F. ) ;
#7764 = AXIS2_PLACEMENT_3D ( 'NONE', #3875, #10021, #594 ) ;
#7765 = ORIENTED_EDGE ( 'NONE', *, *, #6826, .T. ) ;
#7766 = CARTESIAN_POINT ( 'NONE',  ( -29.72536026056836533, -7.976645063909449718, -43.78703191611871404 ) ) ;
#7767 = CARTESIAN_POINT ( 'NONE',  ( 41.50000000000012790, -17.19238815542524534, 41.99999999999980105 ) ) ;
#7768 = VECTOR ( 'NONE', #6997, 1000.000000000000000 ) ;
#7769 = DIRECTION ( 'NONE',  ( 0.000000000000000000, 0.000000000000000000, 1.000000000000000000 ) ) ;
#7770 = CARTESIAN_POINT ( 'NONE',  ( 48.99999999999999289, 1.000000000000000000, -42.50000000000017764 ) ) ;
#7771 = DIRECTION ( 'NONE',  ( 0.000000000000000000, 0.000000000000000000, 1.000000000000000000 ) ) ;
#7772 = VERTEX_POINT ( 'NONE', #2478 ) ;
#7773 = CARTESIAN_POINT ( 'NONE',  ( 43.50000000000032685, -3.199999999999999289, 30.49999999999937828 ) ) ;
#7774 = AXIS2_PLACEMENT_3D ( 'NONE', #6631, #420, #3443 ) ;
#7775 = PLANE ( 'NONE',  #4615 ) ;
#7776 = ORIENTED_EDGE ( 'NONE', *, *, #4171, .T. ) ;
#7777 = AXIS2_PLACEMENT_3D ( 'NONE', #2983, #3706, #3854 ) ;
#7778 = ORIENTED_EDGE ( 'NONE', *, *, #738, .T. ) ;
#7779 = ORIENTED_EDGE ( 'NONE', *, *, #1628, .F. ) ;
#7780 = AXIS2_PLACEMENT_3D ( 'NONE', #5848, #5073, #2053 ) ;
#7781 = DIRECTION ( 'NONE',  ( 0.000000000000000000, -1.000000000000000000, 0.000000000000000000 ) ) ;
#7782 = CARTESIAN_POINT ( 'NONE',  ( -28.94999999999913243, -3.199999999999999289, 50.00000000000154188 ) ) ;
#7783 = VERTEX_POINT ( 'NONE', #3262 ) ;
#7784 = CIRCLE ( 'NONE', #9911, 2.349999999999997868 ) ;
#7785 = DIRECTION ( 'NONE',  ( -1.000000000000000000, 0.000000000000000000, 1.387778780781444413E-14 ) ) ;
#7786 = CARTESIAN_POINT ( 'NONE',  ( 49.99999999999999289, 1.000000000000000000, -50.00000000000000711 ) ) ;
#7787 = CARTESIAN_POINT ( 'NONE',  ( 24.70000000000261764, -3.499999999999999556, 48.14999999999864855 ) ) ;
#7788 = CARTESIAN_POINT ( 'NONE',  ( -35.72419598204034941, -14.32726261778263854, -42.00000000000000000 ) ) ;
#7789 = CARTESIAN_POINT ( 'NONE',  ( -21.49897948556374416, -5.000000000000000000, -49.99999999999884182 ) ) ;
#7790 = EDGE_CURVE ( 'NONE', #6767, #778, #7716, .T. ) ;
#7791 = AXIS2_PLACEMENT_3D ( 'NONE', #3992, #1007, #4085 ) ;
#7792 = ORIENTED_EDGE ( 'NONE', *, *, #7320, .F. ) ;
#7793 = ORIENTED_EDGE ( 'NONE', *, *, #9955, .F. ) ;
#7794 = DIRECTION ( 'NONE',  ( 1.000000000000000000, -0.000000000000000000, -8.673617379884035472E-16 ) ) ;
#7795 = DIRECTION ( 'NONE',  ( -1.000000000000000000, 0.000000000000000000, 0.000000000000000000 ) ) ;
#7796 =( BOUNDED_SURFACE ( )  B_SPLINE_SURFACE ( 3, 2, ( 
 ( #7104, #5468, #7859 ),
 ( #8646, #3972, #9360 ),
 ( #796, #7816, #6963 ),
 ( #10024, #7009, #7668 ),
 ( #6196, #844, #7051 ),
 ( #3105, #640, #3772 ),
 ( #3009, #9311, #6905 ),
 ( #2285, #6238, #8598 ),
 ( #9269, #6093, #1577 ),
 ( #4552, #19, #3160 ) ),
 .UNSPECIFIED., .F., .F., .F. ) 
 B_SPLINE_SURFACE_WITH_KNOTS ( ( 4, 2, 2, 2, 4 ),
 ( 3, 3 ),
 ( 0.04689769712414521702, 0.04875227482563462139, 0.05060685252712402576, 0.05246143022861343014, 0.05431600793010283451 ),
 ( 0.000000000000000000, 1.000000000000000000 ),
 .UNSPECIFIED. ) 
 GEOMETRIC_REPRESENTATION_ITEM ( )  RATIONAL_B_SPLINE_SURFACE ( (
 ( 1.000000000000000000, 0.7071067811865475727, 1.000000000000000000),
 ( 1.000000000000000000, 0.7163374818471305305, 1.000000000000000000),
 ( 1.000000000000000000, 0.7245279263562602878, 1.000000000000000000),
 ( 1.000000000000000000, 0.7379207123917719269, 1.000000000000000000),
 ( 1.000000000000000000, 0.7431262249427760258, 1.000000000000000000),
 ( 1.000000000000000000, 0.7498449969301493878, 1.000000000000000000),
 ( 1.000000000000000000, 0.7512645769585257760, 1.000000000000000000),
 ( 1.000000000000000000, 0.7502258599609590295, 1.000000000000000000),
 ( 1.000000000000000000, 0.7477721742453086184, 1.000000000000000000),
 ( 1.000000000000000000, 0.7434334346851498854, 1.000000000000000000) ) ) 
 REPRESENTATION_ITEM ( '' )  SURFACE ( )  );
#7797 = DIRECTION ( 'NONE',  ( -0.000000000000000000, -0.000000000000000000, 1.000000000000000000 ) ) ;
#7798 = ORIENTED_EDGE ( 'NONE', *, *, #8455, .F. ) ;
#7799 = ORIENTED_EDGE ( 'NONE', *, *, #1091, .F. ) ;
#7800 = ORIENTED_EDGE ( 'NONE', *, *, #1944, .F. ) ;
#7801 = CARTESIAN_POINT ( 'NONE',  ( 27.10000000000228226, -5.000000000000000000, -49.99999999999884182 ) ) ;
#7802 = CYLINDRICAL_SURFACE ( 'NONE', #8180, 2.349999999999997868 ) ;
#7803 = EDGE_CURVE ( 'NONE', #7651, #6708, #4944, .T. ) ;
#7804 = CARTESIAN_POINT ( 'NONE',  ( -32.04999999999913740, -3.199999999999999289, 50.00000000000158451 ) ) ;
#7805 = FACE_OUTER_BOUND ( 'NONE', #1638, .T. ) ;
#7806 = DIRECTION ( 'NONE',  ( 3.491481338843133355E-15, 0.000000000000000000, 1.000000000000000000 ) ) ;
#7807 = CARTESIAN_POINT ( 'NONE',  ( -41.99999999999990763, -5.000000000000002665, 30.09999999999997655 ) ) ;
#7808 = DIRECTION ( 'NONE',  ( -0.000000000000000000, 1.000000000000000000, -0.000000000000000000 ) ) ;
#7809 = LINE ( 'NONE', #4589, #1998 ) ;
#7810 = ORIENTED_EDGE ( 'NONE', *, *, #6050, .F. ) ;
#7811 = ORIENTED_EDGE ( 'NONE', *, *, #7941, .F. ) ;
#7812 = ORIENTED_EDGE ( 'NONE', *, *, #5095, .F. ) ;
#7813 = CARTESIAN_POINT ( 'NONE',  ( -35.65644484899823397, -14.72207375812642915, -42.46243170559615265 ) ) ;
#7814 = ADVANCED_FACE ( 'NONE', ( #5769 ), #3454, .T. ) ;
#7815 = DIRECTION ( 'NONE',  ( -1.000000000000000000, 0.000000000000000000, 3.491481338843133355E-15 ) ) ;
#7816 = CARTESIAN_POINT ( 'NONE',  ( 35.98116564823867236, -8.319675267605138202, -44.48600144702241721 ) ) ;
#7817 = ADVANCED_FACE ( 'NONE', ( #8895 ), #9701, .T. ) ;
#7818 = EDGE_CURVE ( 'NONE', #6455, #1958, #2684, .T. ) ;
#7819 = CARTESIAN_POINT ( 'NONE',  ( 38.70699106705253456, -8.799990666148618246, 48.00000000000001421 ) ) ;
#7820 = DIRECTION ( 'NONE',  ( 1.000000000000000000, 0.000000000000000000, -1.047444401652940007E-14 ) ) ;
#7821 = ORIENTED_EDGE ( 'NONE', *, *, #9230, .T. ) ;
#7822 = CARTESIAN_POINT ( 'NONE',  ( 32.46782649438962665, -11.56625630122647053, 45.15863419750780139 ) ) ;
#7823 = LINE ( 'NONE', #8604, #178 ) ;
#7824 = ORIENTED_EDGE ( 'NONE', *, *, #6324, .F. ) ;
#7825 = ORIENTED_EDGE ( 'NONE', *, *, #8667, .F. ) ;
#7826 = ORIENTED_EDGE ( 'NONE', *, *, #8196, .T. ) ;
#7827 = FACE_BOUND ( 'NONE', #3883, .T. ) ;
#7828 = CARTESIAN_POINT ( 'NONE',  ( 36.20000000000000995, -15.00000000000000355, 47.24999999999999289 ) ) ;
#7829 = ORIENTED_EDGE ( 'NONE', *, *, #9745, .T. ) ;
#7830 = DIRECTION ( 'NONE',  ( -1.396592535537253342E-14, 0.000000000000000000, -1.000000000000000000 ) ) ;
#7831 = CARTESIAN_POINT ( 'NONE',  ( 31.31753456432528182, -9.347445373260654833, 42.00000000000000711 ) ) ;
#7832 = DIRECTION ( 'NONE',  ( 3.491481338843133750E-15, -0.000000000000000000, 1.000000000000000000 ) ) ;
#7833 = CARTESIAN_POINT ( 'NONE',  ( 47.99999999999958078, -8.762684038413993903, -42.02902606708732236 ) ) ;
#7834 = ORIENTED_EDGE ( 'NONE', *, *, #217, .F. ) ;
#7835 = ADVANCED_FACE ( 'NONE', ( #1814 ), #377, .F. ) ;
#7836 = EDGE_CURVE ( 'NONE', #1906, #2292, #276, .T. ) ;
#7837 = ORIENTED_EDGE ( 'NONE', *, *, #1502, .T. ) ;
#7838 = CARTESIAN_POINT ( 'NONE',  ( 45.80000000000062244, -3.499999999999999556, 27.04999999999800409 ) ) ;
#7839 = LINE ( 'NONE', #2507, #3862 ) ;
#7840 = CARTESIAN_POINT ( 'NONE',  ( 30.09999999999983089, -8.000000000000001776, -42.00000000000000711 ) ) ;
#7841 = ADVANCED_FACE ( 'NONE', ( #2627 ), #3512, .T. ) ;
#7842 = ORIENTED_EDGE ( 'NONE', *, *, #4088, .T. ) ;
#7843 = ORIENTED_EDGE ( 'NONE', *, *, #3630, .T. ) ;
#7844 = ORIENTED_EDGE ( 'NONE', *, *, #6362, .F. ) ;
#7845 = CARTESIAN_POINT ( 'NONE',  ( 40.00000000000000711, -11.50796415572370357, -48.00000000000000711 ) ) ;
#7846 = CARTESIAN_POINT ( 'NONE',  ( -32.91400044282836745, -8.415132635537020178, -47.99999999999999289 ) ) ;
#7847 = AXIS2_PLACEMENT_3D ( 'NONE', #432, #7549, #3559 ) ;
#7848 = CARTESIAN_POINT ( 'NONE',  ( 42.00000000000031974, -8.000000000000001776, 30.09999999999939035 ) ) ;
#7849 = DIRECTION ( 'NONE',  ( -0.000000000000000000, 1.000000000000000000, -0.000000000000000000 ) ) ;
#7850 = DIRECTION ( 'NONE',  ( -0.000000000000000000, -0.000000000000000000, 1.000000000000000000 ) ) ;
#7851 = CARTESIAN_POINT ( 'NONE',  ( -36.55000000000042348, -3.199999999999999734, -42.00000000000001421 ) ) ;
#7852 = PLANE ( 'NONE',  #9578 ) ;
#7853 = CARTESIAN_POINT ( 'NONE',  ( -45.80000000000062244, -3.499999999999999556, 24.69999999999800622 ) ) ;
#7854 = EDGE_CURVE ( 'NONE', #2978, #4257, #5825, .T. ) ;
#7855 = VERTEX_POINT ( 'NONE', #9603 ) ;
#7856 = AXIS2_PLACEMENT_3D ( 'NONE', #569, #9948, #8416 ) ;
#7857 = ORIENTED_EDGE ( 'NONE', *, *, #3506, .T. ) ;
#7858 = FACE_OUTER_BOUND ( 'NONE', #774, .T. ) ;
#7859 = CARTESIAN_POINT ( 'NONE',  ( 36.13766816143490956, -14.80000000000000249, -44.80122281838041687 ) ) ;
#7860 = CARTESIAN_POINT ( 'NONE',  ( 42.03366259195301780, -8.000000000000000000, 47.99999999999998579 ) ) ;
#7861 = DIRECTION ( 'NONE',  ( -1.000000000000000000, 0.000000000000000000, 0.000000000000000000 ) ) ;
#7862 = ORIENTED_EDGE ( 'NONE', *, *, #9040, .T. ) ;
#7863 = CIRCLE ( 'NONE', #7220, 4.349999999999999645 ) ;
#7864 = CARTESIAN_POINT ( 'NONE',  ( 40.00000000000000711, -15.00000000000000355, -45.15000000000001279 ) ) ;
#7865 = CARTESIAN_POINT ( 'NONE',  ( -48.99999999999999289, 1.000000000000000000, 41.50000000000051870 ) ) ;
#7866 = ORIENTED_EDGE ( 'NONE', *, *, #1820, .F. ) ;
#7867 = EDGE_CURVE ( 'NONE', #8555, #9084, #5460, .T. ) ;
#7868 = ORIENTED_EDGE ( 'NONE', *, *, #2552, .T. ) ;
#7869 = ADVANCED_FACE ( 'NONE', ( #8995 ), #4226, .F. ) ;
#7870 = B_SPLINE_CURVE_WITH_KNOTS ( 'NONE', 3,
 ( #2950, #2277, #1565, #4734, #2380, #9448, #740, #3868, #4694, #8680 ),
 .UNSPECIFIED., .F., .F.,
 ( 4, 2, 2, 2, 4 ),
 ( 0.008763297937518562536, 0.01028683090264419231, 0.01181036386776982208, 0.01333389683289545186, 0.01485742979802108163 ),
 .UNSPECIFIED. ) ;
#7871 = AXIS2_PLACEMENT_3D ( 'NONE', #9875, #602, #9822 ) ;
#7872 = EDGE_LOOP ( 'NONE', ( #9523, #9144, #8601, #4076 ) ) ;
#7873 = DIRECTION ( 'NONE',  ( 1.000000000000000000, 0.000000000000000000, 0.000000000000000000 ) ) ;
#7874 = CARTESIAN_POINT ( 'NONE',  ( 31.29999999999983373, -0.2000000000000000944, 49.99999999999999289 ) ) ;
#7875 = VECTOR ( 'NONE', #2955, 1000.000000000000000 ) ;
#7876 = CARTESIAN_POINT ( 'NONE',  ( -36.02583187584036040, -14.79999999999999893, -44.58538036316179642 ) ) ;
#7877 = ORIENTED_EDGE ( 'NONE', *, *, #6296, .T. ) ;
#7878 = DIRECTION ( 'NONE',  ( -4.476705744456268255E-15, 0.000000000000000000, -1.000000000000000000 ) ) ;
#7879 = FACE_OUTER_BOUND ( 'NONE', #9920, .T. ) ;
#7880 = CARTESIAN_POINT ( 'NONE',  ( -48.00000000000044764, -1.000000000000000000, -41.49999999999933920 ) ) ;
#7881 = AXIS2_PLACEMENT_3D ( 'NONE', #6636, #472, #2733 ) ;
#7882 = DIRECTION ( 'NONE',  ( 6.982962677686267499E-15, -0.000000000000000000, 1.000000000000000000 ) ) ;
#7883 = EDGE_CURVE ( 'NONE', #7557, #3546, #2345, .T. ) ;
#7884 = VECTOR ( 'NONE', #8893, 1000.000000000000000 ) ;
#7885 = ORIENTED_EDGE ( 'NONE', *, *, #490, .F. ) ;
#7886 = CIRCLE ( 'NONE', #9375, 1.549999999999999378 ) ;
#7887 = ORIENTED_EDGE ( 'NONE', *, *, #8563, .T. ) ;
#7888 = DIRECTION ( 'NONE',  ( 6.982962677686267499E-15, -0.000000000000000000, 1.000000000000000000 ) ) ;
#7889 = TOROIDAL_SURFACE ( 'NONE', #1679, 0.3499999999999996447, 4.000000000000000000 ) ;
#7890 = DIRECTION ( 'NONE',  ( -0.000000000000000000, -0.000000000000000000, 1.000000000000000000 ) ) ;
#7891 = CARTESIAN_POINT ( 'NONE',  ( 42.49999999999982947, 1.000000000000000000, -49.00000000000000711 ) ) ;
#7892 = VECTOR ( 'NONE', #1667, 1000.000000000000000 ) ;
#7893 = ORIENTED_EDGE ( 'NONE', *, *, #5880, .T. ) ;
#7894 = VERTEX_POINT ( 'NONE', #1144 ) ;
#7895 = AXIS2_PLACEMENT_3D ( 'NONE', #8177, #5015, #6658 ) ;
#7896 = ORIENTED_EDGE ( 'NONE', *, *, #5026, .T. ) ;
#7897 = CARTESIAN_POINT ( 'NONE',  ( 39.45997223420407352, -5.039888826454141046, -42.00000000000001421 ) ) ;
#7898 = CARTESIAN_POINT ( 'NONE',  ( -38.88223797497223444, -11.30687745523377608, -48.00000000000002842 ) ) ;
#7899 = ADVANCED_FACE ( 'NONE', ( #4120 ), #4272, .F. ) ;
#7900 = CARTESIAN_POINT ( 'NONE',  ( -33.29498271885269389, -11.60000000000000320, 44.09265365190135100 ) ) ;
#7901 = DIRECTION ( 'NONE',  ( 1.000000000000000000, -0.000000000000000000, -1.047444401652940007E-14 ) ) ;
#7902 = CARTESIAN_POINT ( 'NONE',  ( -31.29999999999983373, 1.000000000000000000, 48.00000000000000711 ) ) ;
#7903 = DIRECTION ( 'NONE',  ( 0.000000000000000000, 0.000000000000000000, 1.000000000000000000 ) ) ;
#7904 = FACE_BOUND ( 'NONE', #3951, .T. ) ;
#7905 = AXIS2_PLACEMENT_3D ( 'NONE', #9445, #6331, #4783 ) ;
#7906 = FACE_OUTER_BOUND ( 'NONE', #9953, .T. ) ;
#7907 = ADVANCED_FACE ( 'NONE', ( #7397 ), #8220, .F. ) ;
#7908 = ORIENTED_EDGE ( 'NONE', *, *, #2932, .T. ) ;
#7909 = EDGE_CURVE ( 'NONE', #5478, #4392, #3492, .T. ) ;
#7910 = ORIENTED_EDGE ( 'NONE', *, *, #7194, .F. ) ;
#7911 = PRODUCT_CONTEXT ( 'NONE', #5800, 'mechanical' ) ;
#7912 = AXIS2_PLACEMENT_3D ( 'NONE', #253, #8924, #4143 ) ;
#7913 = CARTESIAN_POINT ( 'NONE',  ( 0.000000000000000000, -5.000000000000000000, 0.000000000000000000 ) ) ;
#7914 = DIRECTION ( 'NONE',  ( 0.000000000000000000, -1.000000000000000000, 0.000000000000000000 ) ) ;
#7915 = CARTESIAN_POINT ( 'NONE',  ( 45.80000000000062244, 1.000000000000000000, -22.35000000000199805 ) ) ;
#7916 = DIRECTION ( 'NONE',  ( -0.000000000000000000, 1.000000000000000000, -0.000000000000000000 ) ) ;
#7917 = AXIS2_PLACEMENT_3D ( 'NONE', #1343, #2166, #4474 ) ;
#7918 = DIRECTION ( 'NONE',  ( -0.000000000000000000, 0.000000000000000000, -1.000000000000000000 ) ) ;
#7919 = CARTESIAN_POINT ( 'NONE',  ( -50.00000000000000711, -1.000000000000000000, -49.00000000000000711 ) ) ;
#7920 = VECTOR ( 'NONE', #3894, 1000.000000000000000 ) ;
#7921 = ORIENTED_EDGE ( 'NONE', *, *, #357, .F. ) ;
#7922 = VERTEX_POINT ( 'NONE', #5718 ) ;
#7923 = AXIS2_PLACEMENT_3D ( 'NONE', #7773, #5421, #1475 ) ;
#7924 = DIRECTION ( 'NONE',  ( -1.000000000000000000, 0.000000000000000000, 0.000000000000000000 ) ) ;
#7926 = LINE ( 'NONE', #7976, #3638 ) ;
#7925 = CIRCLE ( 'NONE', #8927, 4.000000000000000000 ) ;
#7927 = CARTESIAN_POINT ( 'NONE',  ( -30.49999999999913669, -3.199999999999999289, 50.00000000000156319 ) ) ;
#7928 = ORIENTED_EDGE ( 'NONE', *, *, #7399, .F. ) ;
#7929 = EDGE_CURVE ( 'NONE', #2642, #9800, #3169, .T. ) ;
#7930 = DIRECTION ( 'NONE',  ( -0.000000000000000000, -0.000000000000000000, -1.000000000000000000 ) ) ;
#7931 = ADVANCED_FACE ( 'NONE', ( #3361 ), #8842, .F. ) ;
#7932 = CARTESIAN_POINT ( 'NONE',  ( 43.49999999999966604, -3.199999999999999289, -32.85000000000028564 ) ) ;
#7933 = CARTESIAN_POINT ( 'NONE',  ( -41.99999999999988631, -9.780795446831980655, 41.09986641443148869 ) ) ;
#7934 = AXIS2_PLACEMENT_3D ( 'NONE', #7657, #4691, #1459 ) ;
#7935 = CARTESIAN_POINT ( 'NONE',  ( -30.09999999999983089, -8.000000000000001776, 42.00000000000000711 ) ) ;
#7936 = EDGE_CURVE ( 'NONE', #5348, #1927, #4805, .T. ) ;
#7937 = AXIS2_PLACEMENT_3D ( 'NONE', #6610, #9070, #3534 ) ;
#7938 = ORIENTED_EDGE ( 'NONE', *, *, #1854, .F. ) ;
#7939 = AXIS2_PLACEMENT_3D ( 'NONE', #2522, #5662, #8786 ) ;
#7940 = FACE_OUTER_BOUND ( 'NONE', #1077, .T. ) ;
#7941 = EDGE_CURVE ( 'NONE', #4920, #1698, #7699, .T. ) ;
#7942 = ADVANCED_FACE ( 'NONE', ( #7502 ), #9960, .T. ) ;
#7943 = VERTEX_POINT ( 'NONE', #6131 ) ;
#7944 = EDGE_CURVE ( 'NONE', #2515, #8021, #9103, .T. ) ;
#7945 = CARTESIAN_POINT ( 'NONE',  ( -29.70429991172355599, -7.973870562907220183, -42.99197319786745908 ) ) ;
#7946 = VECTOR ( 'NONE', #6807, 1000.000000000000000 ) ;
#7947 = CARTESIAN_POINT ( 'NONE',  ( 36.20000000000000995, -15.00000000000000355, 38.54999999999999716 ) ) ;
#7948 = CYLINDRICAL_SURFACE ( 'NONE', #3334, 2.349999999999997868 ) ;
#7949 = AXIS2_PLACEMENT_3D ( 'NONE', #8249, #347, #3585 ) ;
#7950 = ORIENTED_EDGE ( 'NONE', *, *, #6323, .F. ) ;
#7951 = CIRCLE ( 'NONE', #5511, 1.550000000000002709 ) ;
#7952 = ORIENTED_EDGE ( 'NONE', *, *, #1618, .F. ) ;
#7953 = EDGE_LOOP ( 'NONE', ( #1864, #5278, #7887, #9966 ) ) ;
#7954 = FACE_OUTER_BOUND ( 'NONE', #10112, .T. ) ;
#7955 = AXIS2_PLACEMENT_3D ( 'NONE', #6924, #8408, #4461 ) ;
#7956 = CARTESIAN_POINT ( 'NONE',  ( -42.85857056076849858, -10.44035993757182368, -48.00000000000001421 ) ) ;
#7957 = CARTESIAN_POINT ( 'NONE',  ( 40.00000000000000711, -14.80000000000000071, -42.80000000000001137 ) ) ;
#7958 = LINE ( 'NONE', #1801, #2378 ) ;
#7959 = CARTESIAN_POINT ( 'NONE',  ( -41.99999999999991473, -5.000000000000002665, 27.09999999999997655 ) ) ;
#7960 = CARTESIAN_POINT ( 'NONE',  ( -1.439820485060795642E-14, -1.000000000000000000, -16.60000000000052722 ) ) ;
#7961 = LINE ( 'NONE', #4109, #4441 ) ;
#7962 = CARTESIAN_POINT ( 'NONE',  ( 40.44999999999983231, -3.199999999999999734, 43.50000000000001421 ) ) ;
#7963 = ORIENTED_EDGE ( 'NONE', *, *, #4547, .F. ) ;
#7964 = EDGE_LOOP ( 'NONE', ( #2791, #3612 ) ) ;
#7965 = ORIENTED_EDGE ( 'NONE', *, *, #5854, .F. ) ;
#7966 = DIRECTION ( 'NONE',  ( 1.734723475976810250E-15, 0.000000000000000000, 1.000000000000000000 ) ) ;
#7967 = DIRECTION ( 'NONE',  ( -0.000000000000000000, -0.000000000000000000, 1.000000000000000000 ) ) ;
#7968 = CARTESIAN_POINT ( 'NONE',  ( 42.00000000000041922, -8.091744268242075933, 38.82376204132749820 ) ) ;
#7969 = DIRECTION ( 'NONE',  ( -1.000000000000000000, -0.000000000000000000, -3.491481338843133750E-15 ) ) ;
#7970 = ADVANCED_FACE ( 'NONE', ( #9253, #7656 ), #7550, .T. ) ;
#7971 = DIRECTION ( 'NONE',  ( -1.000000000000000000, 0.000000000000000000, 0.000000000000000000 ) ) ;
#7972 = DIRECTION ( 'NONE',  ( -0.000000000000000000, -1.000000000000000000, 0.000000000000000000 ) ) ;
#7973 = VERTEX_POINT ( 'NONE', #9147 ) ;
#7974 = ORIENTED_EDGE ( 'NONE', *, *, #2750, .F. ) ;
#7975 = CARTESIAN_POINT ( 'NONE',  ( -24.70000000000000995, -3.499999999999999556, -45.80000000000000426 ) ) ;
#7976 = CARTESIAN_POINT ( 'NONE',  ( -40.00000000000000711, -15.00000000000000355, -40.45000000000001705 ) ) ;
#7977 = DIRECTION ( 'NONE',  ( -0.000000000000000000, -0.000000000000000000, 1.000000000000000000 ) ) ;
#7978 = ORIENTED_EDGE ( 'NONE', *, *, #9437, .F. ) ;
#7979 = FACE_OUTER_BOUND ( 'NONE', #148, .T. ) ;
#7980 = DIRECTION ( 'NONE',  ( -1.181088324069316513E-14, 0.000000000000000000, -1.000000000000000000 ) ) ;
#7981 = PLANE ( 'NONE',  #3541 ) ;
#7982 = DIRECTION ( 'NONE',  ( 0.000000000000000000, 0.000000000000000000, -1.000000000000000000 ) ) ;
#7983 = VERTEX_POINT ( 'NONE', #5308 ) ;
#7984 = EDGE_CURVE ( 'NONE', #7364, #1216, #6892, .T. ) ;
#7985 = VERTEX_POINT ( 'NONE', #6943 ) ;
#7986 = CARTESIAN_POINT ( 'NONE',  ( 45.80000000000062244, -3.499999999999999556, 24.69999999999800622 ) ) ;
#7987 = VERTEX_POINT ( 'NONE', #480 ) ;
#7988 = DIRECTION ( 'NONE',  ( -1.387778780781445676E-16, 0.000000000000000000, -1.000000000000000000 ) ) ;
#7989 = CARTESIAN_POINT ( 'NONE',  ( -16.59999999999983444, -5.000000000000000000, 42.00000000000000711 ) ) ;
#7990 = FACE_OUTER_BOUND ( 'NONE', #6622, .T. ) ;
#7991 = ORIENTED_EDGE ( 'NONE', *, *, #3900, .T. ) ;
#7992 = EDGE_CURVE ( 'NONE', #10091, #9224, #8705, .T. ) ;
#7993 = ADVANCED_FACE ( 'NONE', ( #10064 ), #2232, .F. ) ;
#7994 = ORIENTED_EDGE ( 'NONE', *, *, #4597, .F. ) ;
#7995 = EDGE_CURVE ( 'NONE', #5957, #7985, #5302, .T. ) ;
#7996 = EDGE_LOOP ( 'NONE', ( #7745, #2226, #7175, #674, #2395, #4609 ) ) ;
#7997 = DIRECTION ( 'NONE',  ( 1.000000000000000000, 0.000000000000000000, 0.000000000000000000 ) ) ;
#7998 = CARTESIAN_POINT ( 'NONE',  ( -42.00000000000014211, -14.57086050065879412, -38.93703481765633967 ) ) ;
#7999 = DIRECTION ( 'NONE',  ( -1.000000000000000000, 0.000000000000000000, 0.000000000000000000 ) ) ;
#8000 = CARTESIAN_POINT ( 'NONE',  ( -41.70683081885163546, -15.00000000000000355, 41.79316918114824375 ) ) ;
#8001 = DIRECTION ( 'NONE',  ( 1.000000000000000000, 0.000000000000000000, -0.000000000000000000 ) ) ;
#8002 = CARTESIAN_POINT ( 'NONE',  ( -31.29999999999983373, 1.000000000000000000, -49.00000000000000711 ) ) ;
#8003 = CARTESIAN_POINT ( 'NONE',  ( -30.09999999999983089, -14.80000000000000071, -47.92957113217047294 ) ) ;
#8004 = DIRECTION ( 'NONE',  ( 0.000000000000000000, 0.000000000000000000, 1.000000000000000000 ) ) ;
#8005 = ORIENTED_EDGE ( 'NONE', *, *, #5916, .F. ) ;
#8006 = VERTEX_POINT ( 'NONE', #6185 ) ;
#8007 = EDGE_CURVE ( 'NONE', #9125, #2515, #4482, .T. ) ;
#8008 = CARTESIAN_POINT ( 'NONE',  ( -42.50000000000000711, 1.000000000000000000, -50.00000000000000711 ) ) ;
#8009 = PLANE ( 'NONE',  #365 ) ;
#8010 = DIRECTION ( 'NONE',  ( 1.387778780781445676E-16, 0.000000000000000000, 1.000000000000000000 ) ) ;
#8011 = CYLINDRICAL_SURFACE ( 'NONE', #8628, 1.000000000000000888 ) ;
#8012 = CARTESIAN_POINT ( 'NONE',  ( 24.69999999999848228, -8.000000000000001776, 45.80000000000036664 ) ) ;
#8013 = CIRCLE ( 'NONE', #6880, 1.000000000000000888 ) ;
#8014 = CARTESIAN_POINT ( 'NONE',  ( -41.49999999999914735, 1.000000000000000000, 48.99999999999999289 ) ) ;
#8015 = ORIENTED_EDGE ( 'NONE', *, *, #5852, .T. ) ;
#8016 = EDGE_LOOP ( 'NONE', ( #2865, #2331, #5548, #4970 ) ) ;
#8017 = DIRECTION ( 'NONE',  ( 0.000000000000000000, 0.000000000000000000, -1.000000000000000000 ) ) ;
#8018 = VECTOR ( 'NONE', #7211, 1000.000000000000000 ) ;
#8019 = CARTESIAN_POINT ( 'NONE',  ( 35.72419598204034230, -5.000000000000001776, -42.00000000000000711 ) ) ;
#8020 = LINE ( 'NONE', #4863, #819 ) ;
#8021 = VERTEX_POINT ( 'NONE', #4584 ) ;
#8022 = DIRECTION ( 'NONE',  ( 1.000000000000000000, -0.000000000000000000, 0.000000000000000000 ) ) ;
#8023 = CARTESIAN_POINT ( 'NONE',  ( 27.09999999999983089, -0.1999999999999999833, 48.00000000000000711 ) ) ;
#8024 = CARTESIAN_POINT ( 'NONE',  ( -41.99999999999989342, -8.062413775762493628, 37.28270506480100721 ) ) ;
#8025 = CARTESIAN_POINT ( 'NONE',  ( 36.20000000000000995, -11.60000000000000320, 47.24999999999999289 ) ) ;
#8026 = VERTEX_POINT ( 'NONE', #5159 ) ;
#8027 = AXIS2_PLACEMENT_3D ( 'NONE', #2499, #334, #6506 ) ;
#8028 = ORIENTED_EDGE ( 'NONE', *, *, #3931, .T. ) ;
#8029 = B_SPLINE_CURVE_WITH_KNOTS ( 'NONE', 3,
 ( #2047, #1159, #3530, #9931, #5998, #2917, #2803, #9119, #9163, #6049, #9010, #7519, #2099, #496, #1988, #2143, #3070, #9416, #3885, #1476 ),
 .UNSPECIFIED., .F., .F.,
 ( 4, 2, 2, 2, 2, 2, 2, 2, 2, 4 ),
 ( 0.000000000000000000, 0.001227960807442136319, 0.002455921614884263096, 0.003683882422326389440, 0.004297862826047451311, 0.004911843229768513182, 0.006139804037210645597, 0.007367764844652778880, 0.008595725652094913030, 0.009823686459537045446 ),
 .UNSPECIFIED. ) ;
#8030 = VECTOR ( 'NONE', #9709, 1000.000000000000000 ) ;
#8031 = CARTESIAN_POINT ( 'NONE',  ( -14.99999999999982236, 1.000000000000000000, 40.00000000000000000 ) ) ;
#8032 = CIRCLE ( 'NONE', #3628, 1.550000000000002709 ) ;
#8033 = ADVANCED_FACE ( 'NONE', ( #3605 ), #7606, .F. ) ;
#8034 = VERTEX_POINT ( 'NONE', #4541 ) ;
#8035 = CARTESIAN_POINT ( 'NONE',  ( 41.50000000000000000, 1.000000000000000000, 48.99999999999999289 ) ) ;
#8036 = LINE ( 'NONE', #2603, #6653 ) ;
#8037 = CARTESIAN_POINT ( 'NONE',  ( -16.59999999999983444, -0.9999999999999986677, 42.00000000000000711 ) ) ;
#8038 = CIRCLE ( 'NONE', #4294, 1.000000000000000888 ) ;
#8039 = ORIENTED_EDGE ( 'NONE', *, *, #5725, .T. ) ;
#8040 = AXIS2_PLACEMENT_3D ( 'NONE', #7853, #837, #2327 ) ;
#8041 = VERTEX_POINT ( 'NONE', #5979 ) ;
#8042 = ORIENTED_EDGE ( 'NONE', *, *, #8353, .T. ) ;
#8043 = VECTOR ( 'NONE', #9179, 1000.000000000000000 ) ;
#8044 = DIRECTION ( 'NONE',  ( -1.000000000000000000, 0.000000000000000000, 0.000000000000000000 ) ) ;
#8045 = CARTESIAN_POINT ( 'NONE',  ( -38.14062573678920387, -10.98487929971790678, -48.00000000000002842 ) ) ;
#8046 = EDGE_LOOP ( 'NONE', ( #8775, #3980, #2291, #3685, #3396 ) ) ;
#8047 = DIRECTION ( 'NONE',  ( 0.000000000000000000, -1.000000000000000000, 0.000000000000000000 ) ) ;
#8048 = CARTESIAN_POINT ( 'NONE',  ( -31.29999999999983373, -0.1999999999999999833, -50.00000000000000711 ) ) ;
#8049 = CIRCLE ( 'NONE', #3970, 2.349999999999997868 ) ;
#8050 = ADVANCED_FACE ( 'NONE', ( #528, #5211 ), #1297, .T. ) ;
#8051 = CARTESIAN_POINT ( 'NONE',  ( 48.99999999999999289, 1.000000000000000000, -50.00000000000000711 ) ) ;
#8052 = FACE_OUTER_BOUND ( 'NONE', #6370, .T. ) ;
#8053 = CARTESIAN_POINT ( 'NONE',  ( -20.51918358845291834, -4.200000000000000178, 49.99999999999999289 ) ) ;
#8054 = EDGE_CURVE ( 'NONE', #1701, #9753, #4477, .T. ) ;
#8055 = DIRECTION ( 'NONE',  ( -1.000000000000000000, -0.000000000000000000, -3.491481338843133750E-15 ) ) ;
#8056 = VERTEX_POINT ( 'NONE', #3865 ) ;
#8057 = VECTOR ( 'NONE', #8391, 1000.000000000000000 ) ;
#8058 = VERTEX_POINT ( 'NONE', #3246 ) ;
#8059 = VERTEX_POINT ( 'NONE', #7751 ) ;
#8060 = DIRECTION ( 'NONE',  ( -1.000000000000000000, -0.000000000000000000, 3.491481338843133355E-15 ) ) ;
#8061 = DIRECTION ( 'NONE',  ( 0.7071067811864886199, 0.000000000000000000, -0.7071067811866064146 ) ) ;
#8062 = ADVANCED_FACE ( 'NONE', ( #6419 ), #62, .T. ) ;
#8063 = CARTESIAN_POINT ( 'NONE',  ( -49.00000000000000000, 0.000000000000000000, 6.800116025829083810E-15 ) ) ;
#8064 = AXIS2_PLACEMENT_3D ( 'NONE', #1935, #1107, #6706 ) ;
#8065 = FACE_OUTER_BOUND ( 'NONE', #7953, .T. ) ;
#8066 = EDGE_CURVE ( 'NONE', #6496, #6274, #7744, .T. ) ;
#8067 = CARTESIAN_POINT ( 'NONE',  ( -33.45094339622630741, -8.000000000000015987, 44.48985553414036076 ) ) ;
#8068 = EDGE_CURVE ( 'NONE', #8769, #5856, #6227, .T. ) ;
#8069 = CARTESIAN_POINT ( 'NONE',  ( 49.99999999999999289, -1.000000000000000000, -50.00000000000000711 ) ) ;
#8070 = EDGE_LOOP ( 'NONE', ( #3233, #4208, #996, #7138 ) ) ;
#8071 = ORIENTED_EDGE ( 'NONE', *, *, #7501, .T. ) ;
#8072 = VECTOR ( 'NONE', #3497, 1000.000000000000000 ) ;
#8073 = CARTESIAN_POINT ( 'NONE',  ( 40.00000000000000711, -9.000000000000001776, -42.80000000000001137 ) ) ;
#8074 = CIRCLE ( 'NONE', #9710, 2.349999999999997868 ) ;
#8075 = CARTESIAN_POINT ( 'NONE',  ( 30.49999999999954170, -3.199999999999999289, -42.00000000000000711 ) ) ;
#8076 = AXIS2_PLACEMENT_3D ( 'NONE', #9470, #7930, #139 ) ;
#8077 = FACE_OUTER_BOUND ( 'NONE', #651, .T. ) ;
#8078 = EDGE_LOOP ( 'NONE', ( #6305, #930 ) ) ;
#8079 = DIRECTION ( 'NONE',  ( 0.000000000000000000, 1.000000000000000000, 0.000000000000000000 ) ) ;
#8080 = CARTESIAN_POINT ( 'NONE',  ( -48.99999999999999289, 0.000000000000000000, 31.30000000000000782 ) ) ;
#8081 = AXIS2_PLACEMENT_3D ( 'NONE', #3430, #2558, #7988 ) ;
#8082 = FACE_OUTER_BOUND ( 'NONE', #8511, .T. ) ;
#8083 = DIRECTION ( 'NONE',  ( -0.000000000000000000, 1.000000000000000000, -0.000000000000000000 ) ) ;
#8084 = VERTEX_POINT ( 'NONE', #1654 ) ;
#8085 = AXIS2_PLACEMENT_3D ( 'NONE', #3677, #6709, #5887 ) ;
#8086 = ORIENTED_EDGE ( 'NONE', *, *, #5924, .T. ) ;
#8087 = CIRCLE ( 'NONE', #9718, 2.999999999999999112 ) ;
#8088 = FACE_OUTER_BOUND ( 'NONE', #9544, .T. ) ;
#8089 = CARTESIAN_POINT ( 'NONE',  ( 24.69999999999848228, -3.499999999999999556, 45.80000000000036664 ) ) ;
#8090 = AXIS2_PLACEMENT_3D ( 'NONE', #4799, #8799, #7252 ) ;
#8091 = ORIENTED_EDGE ( 'NONE', *, *, #6873, .F. ) ;
#8092 = CARTESIAN_POINT ( 'NONE',  ( 43.50000000000032685, -3.199999999999999289, 30.49999999999937828 ) ) ;
#8093 = EDGE_CURVE ( 'NONE', #7761, #9839, #3329, .T. ) ;
#8094 = CARTESIAN_POINT ( 'NONE',  ( 38.09999999999948983, -3.199999999999999734, -50.00000000000076739 ) ) ;
#8095 = ADVANCED_FACE ( 'NONE', ( #9397 ), #8570, .F. ) ;
#8096 = CARTESIAN_POINT ( 'NONE',  ( 41.99999999999965894, -8.359050314530735548, -34.06768996327166832 ) ) ;
#8097 = CIRCLE ( 'NONE', #8919, 2.349999999999997868 ) ;
#8098 = VERTEX_POINT ( 'NONE', #113 ) ;
#8099 = VECTOR ( 'NONE', #9538, 1000.000000000000000 ) ;
#8100 = VERTEX_POINT ( 'NONE', #6279 ) ;
#8101 = ORIENTED_EDGE ( 'NONE', *, *, #6885, .F. ) ;
#8102 = CIRCLE ( 'NONE', #7450, 1.000000000000000888 ) ;
#8103 = CARTESIAN_POINT ( 'NONE',  ( -36.24168362278242483, -9.219484074103229787, 48.00000000000002132 ) ) ;
#8104 = CARTESIAN_POINT ( 'NONE',  ( 16.60000000000232845, -1.000000000000000000, -1.439820485060954361E-14 ) ) ;
#8105 = ORIENTED_EDGE ( 'NONE', *, *, #3336, .T. ) ;
#8106 = CARTESIAN_POINT ( 'NONE',  ( 41.50000000000000711, 0.000000000000000000, 48.99999999999999289 ) ) ;
#8107 = CARTESIAN_POINT ( 'NONE',  ( 48.00000000000015632, -1.000000000000000000, 41.49999999999966604 ) ) ;
#8108 = CIRCLE ( 'NONE', #2881, 1.549999999999999378 ) ;
#8109 = CARTESIAN_POINT ( 'NONE',  ( 31.29999999999983373, -0.1999999999999999833, 48.00000000000000711 ) ) ;
#8110 = DIRECTION ( 'NONE',  ( 1.000000000000000000, -0.000000000000000000, -8.673617379884035472E-16 ) ) ;
#8111 = DIRECTION ( 'NONE',  ( 0.000000000000000000, -1.000000000000000000, 0.000000000000000000 ) ) ;
#8112 = CARTESIAN_POINT ( 'NONE',  ( 48.00000000000033396, -0.1999999999999999833, 31.29999999999933635 ) ) ;
#8113 = ORIENTED_EDGE ( 'NONE', *, *, #5377, .T. ) ;
#8114 = EDGE_LOOP ( 'NONE', ( #971, #4253, #3640, #6985 ) ) ;
#8115 = ORIENTED_EDGE ( 'NONE', *, *, #8960, .T. ) ;
#8116 = VECTOR ( 'NONE', #8858, 1000.000000000000000 ) ;
#8117 = FACE_OUTER_BOUND ( 'NONE', #3592, .T. ) ;
#8118 = CARTESIAN_POINT ( 'NONE',  ( 45.80000000000062244, -3.499999999999999556, 24.69999999999800622 ) ) ;
#8119 = DIRECTION ( 'NONE',  ( 0.000000000000000000, 1.000000000000000000, 0.000000000000000000 ) ) ;
#8120 = FACE_OUTER_BOUND ( 'NONE', #3018, .T. ) ;
#8121 = CARTESIAN_POINT ( 'NONE',  ( -40.00000000000000711, -15.00000000000000355, -42.80000000000001137 ) ) ;
#8122 = DIRECTION ( 'NONE',  ( -1.000000000000000000, 0.000000000000000000, 1.047444401652940007E-14 ) ) ;
#8123 = EDGE_LOOP ( 'NONE', ( #2727, #5046, #8467, #2135 ) ) ;
#8124 = EDGE_LOOP ( 'NONE', ( #257, #9161, #8469, #5774, #908 ) ) ;
#8125 = DIRECTION ( 'NONE',  ( -1.000000000000000000, 0.000000000000000000, -0.000000000000000000 ) ) ;
#8126 = EDGE_CURVE ( 'NONE', #9075, #2346, #7108, .T. ) ;
#8127 = EDGE_CURVE ( 'NONE', #5357, #5411, #9065, .T. ) ;
#8128 = B_SPLINE_CURVE_WITH_KNOTS ( 'NONE', 3,
 ( #1606, #205, #1798, #7846, #9590, #4101, #3957, #5604, #7235, #4782, #2461, #8045, #8731, #1653, #7898, #5750, #7091, #6418, #4013, #9536, #3344, #2519, #6477, #5659, #6330, #7956, #7144, #112, #2566, #4883, #9444, #5705 ),
 .UNSPECIFIED., .F., .F.,
 ( 4, 2, 2, 2, 2, 2, 2, 2, 2, 2, 2, 2, 2, 2, 2, 4 ),
 ( 0.000000000000000000, 0.002406882850861685307, 0.003610324276292527744, 0.004813765701723370614, 0.007220648552585058090, 0.008424089978015901828, 0.009025810690731333671, 0.009627531403446767250, 0.01022925211616219736, 0.01083097282887763094, 0.01143269354159306105, 0.01203441425430849462, 0.01323785567973936178, 0.01444129710517022720, 0.01684817995603197366, 0.01925506280689372185 ),
 .UNSPECIFIED. ) ;
#8129 = ADVANCED_FACE ( 'NONE', ( #5605 ), #783, .F. ) ;
#8130 = CARTESIAN_POINT ( 'NONE',  ( 39.65000000000014069, -3.199999999999999734, 43.49999999999972999 ) ) ;
#8131 = DIRECTION ( 'NONE',  ( 0.000000000000000000, 0.000000000000000000, 1.000000000000000000 ) ) ;
#8132 = FACE_OUTER_BOUND ( 'NONE', #9355, .T. ) ;
#8133 = EDGE_LOOP ( 'NONE', ( #2370, #2427, #6157, #6756 ) ) ;
#8134 = DIRECTION ( 'NONE',  ( -1.000000000000000000, -0.000000000000000000, 1.047444401652940007E-14 ) ) ;
#8135 = LINE ( 'NONE', #5312, #6989 ) ;
#8136 = LINE ( 'NONE', #3276, #9833 ) ;
#8137 = ORIENTED_EDGE ( 'NONE', *, *, #2807, .T. ) ;
#8138 = EDGE_CURVE ( 'NONE', #1253, #6935, #4690, .T. ) ;
#8139 = ORIENTED_EDGE ( 'NONE', *, *, #8849, .F. ) ;
#8140 = ADVANCED_FACE ( 'NONE', ( #884, #8526, #3145 ), #8732, .T. ) ;
#8141 = DIRECTION ( 'NONE',  ( -1.000000000000000000, -0.000000000000000000, -3.491481338843133750E-15 ) ) ;
#8142 = DIRECTION ( 'NONE',  ( -0.000000000000000000, 1.000000000000000000, -0.000000000000000000 ) ) ;
#8143 = ORIENTED_EDGE ( 'NONE', *, *, #5142, .F. ) ;
#8144 = DIRECTION ( 'NONE',  ( -1.000000000000000000, 0.000000000000000000, -0.000000000000000000 ) ) ;
#8145 = CARTESIAN_POINT ( 'NONE',  ( 45.80000000000062244, -3.499999999999999556, -27.05000000000199378 ) ) ;
#8146 = DIRECTION ( 'NONE',  ( -0.000000000000000000, 1.000000000000000000, -0.000000000000000000 ) ) ;
#8147 = EDGE_LOOP ( 'NONE', ( #6712, #7825, #10054, #3753, #1556 ) ) ;
#8148 = EDGE_LOOP ( 'NONE', ( #8162, #9894, #10044, #789 ) ) ;
#8149 = EDGE_CURVE ( 'NONE', #9800, #291, #4637, .T. ) ;
#8150 = ORIENTED_EDGE ( 'NONE', *, *, #4183, .T. ) ;
#8151 = CARTESIAN_POINT ( 'NONE',  ( -32.46229894268105909, -8.081054468879488084, 48.00000000000000711 ) ) ;
#8152 = CARTESIAN_POINT ( 'NONE',  ( 50.00000000000093792, -3.199999999999999289, 30.49999999999965894 ) ) ;
#8153 = ORIENTED_EDGE ( 'NONE', *, *, #5892, .F. ) ;
#8154 = CARTESIAN_POINT ( 'NONE',  ( 41.65510208717012119, -8.900322867202582700, 41.84489791282977933 ) ) ;
#8155 = CARTESIAN_POINT ( 'NONE',  ( -28.14999999999983160, -3.199999999999998845, -48.00000000000000711 ) ) ;
#8156 = DIRECTION ( 'NONE',  ( -0.000000000000000000, -0.000000000000000000, 1.000000000000000000 ) ) ;
#8157 = EDGE_CURVE ( 'NONE', #5413, #8781, #1607, .T. ) ;
#8158 = CARTESIAN_POINT ( 'NONE',  ( 48.99999999999999289, 1.000000000000000000, -31.30000000000035598 ) ) ;
#8159 = CARTESIAN_POINT ( 'NONE',  ( -42.50000000000000711, -1.000000000000000000, -50.00000000000000711 ) ) ;
#8160 = DIRECTION ( 'NONE',  ( 0.000000000000000000, -1.000000000000000000, 0.000000000000000000 ) ) ;
#8161 = VERTEX_POINT ( 'NONE', #3095 ) ;
#8162 = ORIENTED_EDGE ( 'NONE', *, *, #8574, .F. ) ;
#8163 = EDGE_CURVE ( 'NONE', #6180, #8041, #935, .T. ) ;
#8164 = ORIENTED_EDGE ( 'NONE', *, *, #1875, .F. ) ;
#8165 = CARTESIAN_POINT ( 'NONE',  ( 27.09999999999983089, -0.1999999999999999833, -50.00000000000000711 ) ) ;
#8166 = CARTESIAN_POINT ( 'NONE',  ( 38.90169661614159224, -11.31364030582597380, -48.00000000000001421 ) ) ;
#8167 = CARTESIAN_POINT ( 'NONE',  ( -47.99999999999990052, -8.000000000000001776, 30.09999999999999787 ) ) ;
#8168 = CARTESIAN_POINT ( 'NONE',  ( 50.00000000000000000, -5.000000000000000000, 16.60000000000164633 ) ) ;
#8169 = EDGE_CURVE ( 'NONE', #6365, #2263, #211, .T. ) ;
#8170 = CARTESIAN_POINT ( 'NONE',  ( 30.49999999999948486, -3.199999999999999289, -50.00000000000071054 ) ) ;
#8171 = DIRECTION ( 'NONE',  ( -1.000000000000000000, -1.204669080539449097E-16, 0.000000000000000000 ) ) ;
#8172 = ORIENTED_EDGE ( 'NONE', *, *, #3615, .T. ) ;
#8173 = ORIENTED_EDGE ( 'NONE', *, *, #7340, .F. ) ;
#8174 = CYLINDRICAL_SURFACE ( 'NONE', #4356, 1.550000000000002709 ) ;
#8175 = CARTESIAN_POINT ( 'NONE',  ( -37.49999999999999289, -9.000000000000001776, 42.89999999999999147 ) ) ;
#8176 = DIRECTION ( 'NONE',  ( -1.000000000000000000, 0.000000000000000000, 0.000000000000000000 ) ) ;
#8177 = CARTESIAN_POINT ( 'NONE',  ( -42.00000000000011369, -5.000000000000002665, -30.09999999999968523 ) ) ;
#8178 = LINE ( 'NONE', #4235, #7209 ) ;
#8179 = ORIENTED_EDGE ( 'NONE', *, *, #1596, .F. ) ;
#8180 = AXIS2_PLACEMENT_3D ( 'NONE', #9396, #5, #6184 ) ;
#8181 = LINE ( 'NONE', #3575, #9555 ) ;
#8182 = LINE ( 'NONE', #3420, #8946 ) ;
#8184 = EDGE_CURVE ( 'NONE', #8760, #8369, #4308, .T. ) ;
#8183 = CARTESIAN_POINT ( 'NONE',  ( 40.00000000000000711, -9.000000000000001776, -38.45000000000000995 ) ) ;
#8185 = EDGE_CURVE ( 'NONE', #9654, #3644, #3346, .T. ) ;
#8186 = EDGE_LOOP ( 'NONE', ( #8349, #7644, #6877, #8794 ) ) ;
#8187 = AXIS2_PLACEMENT_3D ( 'NONE', #7120, #7688, #4527 ) ;
#8188 = EDGE_LOOP ( 'NONE', ( #8874, #1716, #7128, #2621 ) ) ;
#8189 = CARTESIAN_POINT ( 'NONE',  ( 43.49999999999968026, -3.199999999999999289, -32.04999999999968452 ) ) ;
#8190 = FACE_OUTER_BOUND ( 'NONE', #9100, .T. ) ;
#8191 = ORIENTED_EDGE ( 'NONE', *, *, #4540, .T. ) ;
#8192 = FACE_OUTER_BOUND ( 'NONE', #9425, .T. ) ;
#8193 = DIRECTION ( 'NONE',  ( 0.000000000000000000, 0.000000000000000000, -1.000000000000000000 ) ) ;
#8194 = CIRCLE ( 'NONE', #2459, 7.949999999999998401 ) ;
#8195 = CARTESIAN_POINT ( 'NONE',  ( 41.49999999999949551, 1.000000000000000000, -49.00000000000000711 ) ) ;
#8196 = EDGE_CURVE ( 'NONE', #1377, #2200, #5087, .T. ) ;
#8197 = ORIENTED_EDGE ( 'NONE', *, *, #5601, .T. ) ;
#8198 = ORIENTED_EDGE ( 'NONE', *, *, #2054, .F. ) ;
#8199 = ORIENTED_EDGE ( 'NONE', *, *, #233, .F. ) ;
#8200 = VECTOR ( 'NONE', #8846, 1000.000000000000000 ) ;
#8201 = CARTESIAN_POINT ( 'NONE',  ( 45.80000000000062244, -8.000000000000001776, -23.14999999999800551 ) ) ;
#8202 = CARTESIAN_POINT ( 'NONE',  ( 35.89586187348504609, -5.000000000000001776, 42.00000000000000711 ) ) ;
#8203 = VERTEX_POINT ( 'NONE', #206 ) ;
#8204 = LINE ( 'NONE', #363, #6284 ) ;
#8205 = VECTOR ( 'NONE', #8958, 1000.000000000000000 ) ;
#8206 = PLANE ( 'NONE',  #6165 ) ;
#8207 = CARTESIAN_POINT ( 'NONE',  ( -48.00000000000011369, -5.000000000000002665, -30.09999999999966391 ) ) ;
#8208 = CARTESIAN_POINT ( 'NONE',  ( 41.49999999999983658, -1.000000000000000000, -48.00000000000000711 ) ) ;
#8209 = CARTESIAN_POINT ( 'NONE',  ( -35.94974272664921955, -7.659802360690263434, -42.00000000000000711 ) ) ;
#8210 = VECTOR ( 'NONE', #8532, 1000.000000000000000 ) ;
#8211 = DIRECTION ( 'NONE',  ( 0.000000000000000000, 0.000000000000000000, 1.000000000000000000 ) ) ;
#8212 = VERTEX_POINT ( 'NONE', #4925 ) ;
#8213 = ORIENTED_EDGE ( 'NONE', *, *, #2551, .T. ) ;
#8214 = AXIS2_PLACEMENT_3D ( 'NONE', #3714, #9958, #2945 ) ;
#8215 = ORIENTED_EDGE ( 'NONE', *, *, #3779, .T. ) ;
#8216 = EDGE_CURVE ( 'NONE', #1585, #7369, #8785, .T. ) ;
#8217 = LINE ( 'NONE', #9645, #7884 ) ;
#8218 = AXIS2_PLACEMENT_3D ( 'NONE', #5692, #9476, #1014 ) ;
#8219 = CARTESIAN_POINT ( 'NONE',  ( -28.14999999999983160, -3.199999999999999289, 43.50000000000001421 ) ) ;
#8220 = CYLINDRICAL_SURFACE ( 'NONE', #7257, 1.549999999999999378 ) ;
#8221 = DIRECTION ( 'NONE',  ( 0.000000000000000000, -0.000000000000000000, -1.000000000000000000 ) ) ;
#8222 = CYLINDRICAL_SURFACE ( 'NONE', #2689, 2.999999999999999112 ) ;
#8223 = AXIS2_PLACEMENT_3D ( 'NONE', #9373, #1631, #4903 ) ;
#8224 = LINE ( 'NONE', #7612, #4117 ) ;
#8225 = ORIENTED_EDGE ( 'NONE', *, *, #2340, .T. ) ;
#8226 = VECTOR ( 'NONE', #2898, 1000.000000000000000 ) ;
#8227 = ORIENTED_EDGE ( 'NONE', *, *, #3308, .T. ) ;
#8228 = CARTESIAN_POINT ( 'NONE',  ( -30.49999999999983302, -3.199999999999999289, 43.50000000000001421 ) ) ;
#8229 = AXIS2_PLACEMENT_3D ( 'NONE', #6536, #8951, #6588 ) ;
#8230 = CARTESIAN_POINT ( 'NONE',  ( 42.00000000000031974, -8.000000000000001776, 30.09999999999939035 ) ) ;
#8231 = FACE_OUTER_BOUND ( 'NONE', #3936, .T. ) ;
#8232 = CYLINDRICAL_SURFACE ( 'NONE', #5292, 1.549999999999999378 ) ;
#8233 = CARTESIAN_POINT ( 'NONE',  ( -27.09999999999738307, -5.000000000000000000, -49.99999999999884182 ) ) ;
#8234 = EDGE_LOOP ( 'NONE', ( #9826, #3651, #3653, #8955 ) ) ;
#8235 = CARTESIAN_POINT ( 'NONE',  ( 43.49999999999960920, -3.199999999999999734, -38.10000000000028564 ) ) ;
#8236 = DIRECTION ( 'NONE',  ( -1.396592535537253342E-14, 0.000000000000000000, -1.000000000000000000 ) ) ;
#8237 = VERTEX_POINT ( 'NONE', #6628 ) ;
#8238 = ORIENTED_EDGE ( 'NONE', *, *, #3943, .F. ) ;
#8239 = VECTOR ( 'NONE', #1915, 1000.000000000000000 ) ;
#8240 = VERTEX_POINT ( 'NONE', #5808 ) ;
#8241 = VECTOR ( 'NONE', #1634, 1000.000000000000000 ) ;
#8242 = DIRECTION ( 'NONE',  ( -1.000000000000000000, 0.000000000000000000, 1.047444401652940007E-14 ) ) ;
#8243 = ADVANCED_FACE ( 'NONE', ( #306 ), #6478, .T. ) ;
#8244 = AXIS2_PLACEMENT_3D ( 'NONE', #3748, #9997, #8470 ) ;
#8245 = DIRECTION ( 'NONE',  ( 1.000000000000000000, 0.000000000000000000, -8.953411488912536510E-15 ) ) ;
#8246 = B_SPLINE_CURVE_WITH_KNOTS ( 'NONE', 3,
 ( #199, #6367, #4003, #4827, #4876, #3284, #5544, #7135, #6515, #3333, #9479, #8777, #5592, #8722 ),
 .UNSPECIFIED., .F., .F.,
 ( 4, 2, 2, 2, 2, 2, 4 ),
 ( 0.000000000000000000, 0.0005710743788328622979, 0.001142148757665724596, 0.002284297515331449192, 0.003426446272997173137, 0.003997520651830028388, 0.004568595030662882771 ),
 .UNSPECIFIED. ) ;
#8247 = CARTESIAN_POINT ( 'NONE',  ( 0.000000000000000000, -1.000000000000000000, 0.000000000000000000 ) ) ;
#8248 = CYLINDRICAL_SURFACE ( 'NONE', #396, 1.550000000000002709 ) ;
#8249 = CARTESIAN_POINT ( 'NONE',  ( -40.00000000000000711, -9.000000000000001776, -42.80000000000001137 ) ) ;
#8250 = AXIS2_PLACEMENT_3D ( 'NONE', #4249, #349, #6617 ) ;
#8251 = LINE ( 'NONE', #7483, #223 ) ;
#8252 = AXIS2_PLACEMENT_3D ( 'NONE', #3363, #4897, #6347 ) ;
#8253 = VECTOR ( 'NONE', #4586, 1000.000000000000000 ) ;
#8254 = ORIENTED_EDGE ( 'NONE', *, *, #8291, .F. ) ;
#8255 = EDGE_CURVE ( 'NONE', #1920, #1435, #5707, .T. ) ;
#8256 = ORIENTED_EDGE ( 'NONE', *, *, #10133, .F. ) ;
#8257 = AXIS2_PLACEMENT_3D ( 'NONE', #4896, #5621, #319 ) ;
#8258 = EDGE_CURVE ( 'NONE', #5841, #1162, #3441, .T. ) ;
#8259 = EDGE_CURVE ( 'NONE', #778, #1156, #9175, .T. ) ;
#8260 = AXIS2_PLACEMENT_3D ( 'NONE', #224, #9605, #2582 ) ;
#8261 = FACE_BOUND ( 'NONE', #4023, .T. ) ;
#8262 = DIRECTION ( 'NONE',  ( 8.673617379884051249E-16, -0.000000000000000000, 1.000000000000000000 ) ) ;
#8263 = ORIENTED_EDGE ( 'NONE', *, *, #8542, .T. ) ;
#8264 = CARTESIAN_POINT ( 'NONE',  ( 47.99999999999968026, -0.1999999999999999833, -31.30000000000033467 ) ) ;
#8265 = CIRCLE ( 'NONE', #1391, 2.349999999999997868 ) ;
#8266 = FACE_OUTER_BOUND ( 'NONE', #8956, .T. ) ;
#8267 = DIRECTION ( 'NONE',  ( 1.040834085586084257E-14, 0.000000000000000000, 1.000000000000000000 ) ) ;
#8268 = CARTESIAN_POINT ( 'NONE',  ( 47.99999999999968736, -3.199999999999999289, -30.50000000000033751 ) ) ;
#8269 = CARTESIAN_POINT ( 'NONE',  ( -38.10000000000042775, -3.199999999999999734, -42.00000000000001421 ) ) ;
#8270 = CIRCLE ( 'NONE', #1227, 1.000000000000000888 ) ;
#8271 = CARTESIAN_POINT ( 'NONE',  ( 50.00000000000000711, 0.000000000000000000, 31.29999999999930793 ) ) ;
#8272 = EDGE_LOOP ( 'NONE', ( #10122, #83 ) ) ;
#8273 = VERTEX_POINT ( 'NONE', #5752 ) ;
#8274 = AXIS2_PLACEMENT_3D ( 'NONE', #4037, #2490, #7873 ) ;
#8275 = EDGE_LOOP ( 'NONE', ( #838, #9517, #3045, #3227 ) ) ;
#8276 = EDGE_CURVE ( 'NONE', #2780, #8663, #3652, .T. ) ;
#8277 = FACE_OUTER_BOUND ( 'NONE', #6303, .T. ) ;
#8278 = AXIS2_PLACEMENT_3D ( 'NONE', #8419, #3749, #6269 ) ;
#8279 = CARTESIAN_POINT ( 'NONE',  ( 30.13681086057862046, -8.000000000000001776, -48.00000000000000711 ) ) ;
#8280 = DIRECTION ( 'NONE',  ( 0.000000000000000000, 0.000000000000000000, 1.000000000000000000 ) ) ;
#8281 = DIRECTION ( 'NONE',  ( -1.000000000000000000, -0.000000000000000000, 3.491481338843133750E-15 ) ) ;
#8282 = FACE_OUTER_BOUND ( 'NONE', #2385, .T. ) ;
#8283 = CARTESIAN_POINT ( 'NONE',  ( -29.84624481053856826, -7.989271411579866644, 42.76329441870686310 ) ) ;
#8284 = VECTOR ( 'NONE', #3820, 1000.000000000000000 ) ;
#8285 = LINE ( 'NONE', #1261, #6414 ) ;
#8286 = ORIENTED_EDGE ( 'NONE', *, *, #163, .F. ) ;
#8287 = AXIS2_PLACEMENT_3D ( 'NONE', #3087, #8471, #1399 ) ;
#8288 = ORIENTED_EDGE ( 'NONE', *, *, #8332, .T. ) ;
#8289 = DIRECTION ( 'NONE',  ( -1.000000000000000000, -0.000000000000000000, 3.491481338843133750E-15 ) ) ;
#8290 = EDGE_CURVE ( 'NONE', #3742, #5670, #4214, .T. ) ;
#8291 = EDGE_CURVE ( 'NONE', #1597, #4833, #4986, .T. ) ;
#8292 = CARTESIAN_POINT ( 'NONE',  ( 30.09999999999983089, -8.000000000000001776, 48.00000000000000711 ) ) ;
#8293 = DIRECTION ( 'NONE',  ( -4.476705744456268255E-15, 0.000000000000000000, -1.000000000000000000 ) ) ;
#8294 = CARTESIAN_POINT ( 'NONE',  ( 40.00000000000000000, -1.000000000000000000, -14.99999999999982592 ) ) ;
#8295 = DIRECTION ( 'NONE',  ( 0.000000000000000000, 0.000000000000000000, -1.000000000000000000 ) ) ;
#8296 = VERTEX_POINT ( 'NONE', #4258 ) ;
#8297 = AXIS2_PLACEMENT_3D ( 'NONE', #2422, #3763, #4787 ) ;
#8298 = CARTESIAN_POINT ( 'NONE',  ( 49.99999999999999289, 0.000000000000000000, -42.50000000000017764 ) ) ;
#8299 = DIRECTION ( 'NONE',  ( 0.000000000000000000, 0.000000000000000000, -1.000000000000000000 ) ) ;
#8300 = ORIENTED_EDGE ( 'NONE', *, *, #2120, .T. ) ;
#8301 = ORIENTED_EDGE ( 'NONE', *, *, #3816, .T. ) ;
#8302 = ORIENTED_EDGE ( 'NONE', *, *, #4200, .F. ) ;
#8303 = CARTESIAN_POINT ( 'NONE',  ( -49.99999999999999289, 0.000000000000000000, 49.99999999999999289 ) ) ;
#8304 = FACE_OUTER_BOUND ( 'NONE', #3005, .T. ) ;
#8305 = ORIENTED_EDGE ( 'NONE', *, *, #2176, .F. ) ;
#8306 = DIRECTION ( 'NONE',  ( 0.000000000000000000, 1.000000000000000000, 0.000000000000000000 ) ) ;
#8307 = CARTESIAN_POINT ( 'NONE',  ( -49.99999999999999289, 1.000000000000000000, 42.50000000000051870 ) ) ;
#8308 = CARTESIAN_POINT ( 'NONE',  ( -49.99999999999819522, -5.000000000000000000, -27.10000000000048104 ) ) ;
#8309 = EDGE_LOOP ( 'NONE', ( #7877, #5316, #2988, #8860, #4750, #9134 ) ) ;
#8310 = CARTESIAN_POINT ( 'NONE',  ( -40.00000000000000711, -15.00000000000000355, -38.45000000000000995 ) ) ;
#8311 = DIRECTION ( 'NONE',  ( 0.000000000000000000, 0.000000000000000000, -1.000000000000000000 ) ) ;
#8312 = VERTEX_POINT ( 'NONE', #2665 ) ;
#8313 = DIRECTION ( 'NONE',  ( 0.000000000000000000, 0.000000000000000000, -1.000000000000000000 ) ) ;
#8314 = CARTESIAN_POINT ( 'NONE',  ( -41.49999999999947420, 7.750000000000000000, 50.00000000000044764 ) ) ;
#8315 = CARTESIAN_POINT ( 'NONE',  ( -29.87323076026856583, -7.991417007358170288, 42.00000000000000711 ) ) ;
#8316 = LINE ( 'NONE', #8158, #2202 ) ;
#8317 = CARTESIAN_POINT ( 'NONE',  ( -42.00000000000011369, -3.199999999999999289, -30.49999999999998224 ) ) ;
#8318 = EDGE_CURVE ( 'NONE', #6827, #7232, #8204, .T. ) ;
#8319 = CARTESIAN_POINT ( 'NONE',  ( -48.00000000000014211, -8.130363474834341631, -37.21061514079247701 ) ) ;
#8320 = EDGE_CURVE ( 'NONE', #4720, #4581, #5040, .T. ) ;
#8321 = EDGE_CURVE ( 'NONE', #7212, #1137, #7383, .T. ) ;
#8322 = EDGE_LOOP ( 'NONE', ( #6582, #5793, #3701 ) ) ;
#8323 = ORIENTED_EDGE ( 'NONE', *, *, #9775, .F. ) ;
#8324 = ORIENTED_EDGE ( 'NONE', *, *, #2804, .T. ) ;
#8325 = DIRECTION ( 'NONE',  ( 0.000000000000000000, 1.000000000000000000, -0.000000000000000000 ) ) ;
#8326 = DIRECTION ( 'NONE',  ( -1.000000000000000000, 0.000000000000000000, 0.000000000000000000 ) ) ;
#8327 = DIRECTION ( 'NONE',  ( -0.000000000000000000, 1.000000000000000000, -0.000000000000000000 ) ) ;
#8328 = CARTESIAN_POINT ( 'NONE',  ( -41.49999999999983658, -7.120351610792639008, 42.00000000000000711 ) ) ;
#8329 = CARTESIAN_POINT ( 'NONE',  ( 49.99999999999985079, 7.750000000000000000, -41.50000000000018474 ) ) ;
#8330 = CARTESIAN_POINT ( 'NONE',  ( -29.84754718655743488, -7.989393834606244305, 43.15687688481684603 ) ) ;
#8331 = CARTESIAN_POINT ( 'NONE',  ( -45.79999999999802185, -3.499999999999999556, 24.70000000000062812 ) ) ;
#8332 = EDGE_CURVE ( 'NONE', #3391, #10074, #4316, .T. ) ;
#8333 = VERTEX_POINT ( 'NONE', #8983 ) ;
#8334 = ORIENTED_EDGE ( 'NONE', *, *, #738, .F. ) ;
#8335 = CARTESIAN_POINT ( 'NONE',  ( -41.49999999999983658, -1.000000000000001776, -42.00000000000000711 ) ) ;
#8336 = DIRECTION ( 'NONE',  ( 0.000000000000000000, -0.000000000000000000, -1.000000000000000000 ) ) ;
#8337 = CARTESIAN_POINT ( 'NONE',  ( -32.84999999999983089, -3.199999999999998845, 43.50000000000001421 ) ) ;
#8338 = LINE ( 'NONE', #6906, #8057 ) ;
#8339 = DIRECTION ( 'NONE',  ( 0.000000000000000000, 0.000000000000000000, -1.000000000000000000 ) ) ;
#8340 = ORIENTED_EDGE ( 'NONE', *, *, #1873, .T. ) ;
#8341 = CYLINDRICAL_SURFACE ( 'NONE', #7428, 2.349999999999997868 ) ;
#8342 = DIRECTION ( 'NONE',  ( 0.000000000000000000, -1.000000000000000000, 0.000000000000000000 ) ) ;
#8343 = ORIENTED_EDGE ( 'NONE', *, *, #4522, .F. ) ;
#8344 = ORIENTED_EDGE ( 'NONE', *, *, #704, .F. ) ;
#8345 = ORIENTED_EDGE ( 'NONE', *, *, #8768, .F. ) ;
#8346 = DIRECTION ( 'NONE',  ( 0.000000000000000000, -1.000000000000000000, 0.000000000000000000 ) ) ;
#8347 = EDGE_CURVE ( 'NONE', #202, #5424, #1208, .T. ) ;
#8348 = FACE_OUTER_BOUND ( 'NONE', #5572, .T. ) ;
#8349 = ORIENTED_EDGE ( 'NONE', *, *, #4171, .F. ) ;
#8350 = CARTESIAN_POINT ( 'NONE',  ( 32.15838837163498454, -7.200155741057212566, 42.00000000000001421 ) ) ;
#8351 = DIRECTION ( 'NONE',  ( 0.000000000000000000, 0.000000000000000000, -1.000000000000000000 ) ) ;
#8352 = CARTESIAN_POINT ( 'NONE',  ( 49.99999999999972289, -0.1999999999999999833, -27.10000000000035669 ) ) ;
#8353 = EDGE_CURVE ( 'NONE', #4182, #2011, #1758, .T. ) ;
#8354 = VECTOR ( 'NONE', #9661, 1000.000000000000000 ) ;
#8355 = EDGE_CURVE ( 'NONE', #9001, #720, #7752, .T. ) ;
#8356 = ORIENTED_EDGE ( 'NONE', *, *, #6638, .T. ) ;
#8357 = FACE_OUTER_BOUND ( 'NONE', #8234, .T. ) ;
#8358 = CARTESIAN_POINT ( 'NONE',  ( 41.49999999999950262, -1.000000000000000000, -48.00000000000029843 ) ) ;
#8359 = VECTOR ( 'NONE', #8559, 1000.000000000000000 ) ;
#8360 = VERTEX_POINT ( 'NONE', #5198 ) ;
#8361 = DIRECTION ( 'NONE',  ( -1.387778780781445676E-16, 0.000000000000000000, -1.000000000000000000 ) ) ;
#8362 = FACE_OUTER_BOUND ( 'NONE', #3531, .T. ) ;
#8363 = LINE ( 'NONE', #6121, #2384 ) ;
#8364 = DIRECTION ( 'NONE',  ( -1.181088324069316513E-14, 0.000000000000000000, -1.000000000000000000 ) ) ;
#8365 = LINE ( 'NONE', #7071, #8359 ) ;
#8366 = ORIENTED_EDGE ( 'NONE', *, *, #8803, .T. ) ;
#8367 = AXIS2_PLACEMENT_3D ( 'NONE', #10130, #7112, #2342 ) ;
#8368 = ORIENTED_EDGE ( 'NONE', *, *, #658, .T. ) ;
#8369 = VERTEX_POINT ( 'NONE', #2830 ) ;
#8370 = DIRECTION ( 'NONE',  ( 0.000000000000000000, 0.000000000000000000, -1.000000000000000000 ) ) ;
#8371 = VECTOR ( 'NONE', #5936, 1000.000000000000000 ) ;
#8372 = CARTESIAN_POINT ( 'NONE',  ( -30.09999999999983089, -8.000000000000001776, -48.00000000000000711 ) ) ;
#8373 = EDGE_CURVE ( 'NONE', #3704, #8237, #6680, .T. ) ;
#8374 = EDGE_CURVE ( 'NONE', #9587, #5701, #1285, .T. ) ;
#8375 = DIRECTION ( 'NONE',  ( 0.000000000000000000, -0.000000000000000000, -1.000000000000000000 ) ) ;
#8376 = LINE ( 'NONE', #7503, #231 ) ;
#8377 = VECTOR ( 'NONE', #4277, 1000.000000000000000 ) ;
#8378 = DIRECTION ( 'NONE',  ( -3.491481338843133355E-15, 0.000000000000000000, -1.000000000000000000 ) ) ;
#8379 = DIRECTION ( 'NONE',  ( 8.953411488912536510E-15, 0.000000000000000000, 1.000000000000000000 ) ) ;
#8380 = CARTESIAN_POINT ( 'NONE',  ( 41.33447185279751324, -9.250197540236927196, 42.00000000000000000 ) ) ;
#8381 = CARTESIAN_POINT ( 'NONE',  ( -43.49999999999990763, -3.199999999999999289, 30.49999999999998579 ) ) ;
#8382 = ORIENTED_EDGE ( 'NONE', *, *, #47, .F. ) ;
#8383 = ORIENTED_EDGE ( 'NONE', *, *, #4311, .F. ) ;
#8384 = CARTESIAN_POINT ( 'NONE',  ( -36.13766816143490956, -14.80000000000000249, -44.80122281838041687 ) ) ;
#8385 = AXIS2_PLACEMENT_3D ( 'NONE', #8835, #1860, #3204 ) ;
#8386 = ADVANCED_FACE ( 'NONE', ( #9899 ), #9183, .T. ) ;
#8387 = FACE_BOUND ( 'NONE', #9083, .T. ) ;
#8388 = PLANE ( 'NONE',  #9246 ) ;
#8389 = EDGE_CURVE ( 'NONE', #3214, #6573, #6944, .T. ) ;
#8390 = EDGE_CURVE ( 'NONE', #497, #9767, #4483, .T. ) ;
#8391 = DIRECTION ( 'NONE',  ( -0.000000000000000000, -0.000000000000000000, -1.000000000000000000 ) ) ;
#8392 = AXIS2_PLACEMENT_3D ( 'NONE', #7185, #9632, #8783 ) ;
#8393 = CARTESIAN_POINT ( 'NONE',  ( 43.50000000000032685, -3.199999999999999289, 30.49999999999937828 ) ) ;
#8394 = EDGE_LOOP ( 'NONE', ( #7963, #3006, #6485, #8671 ) ) ;
#8395 = CARTESIAN_POINT ( 'NONE',  ( 41.99999999999960210, -3.199999999999999734, -39.64999999999969305 ) ) ;
#8396 = VECTOR ( 'NONE', #2600, 1000.000000000000000 ) ;
#8397 = CARTESIAN_POINT ( 'NONE',  ( 0.000000000000000000, 0.000000000000000000, 48.99999999999999289 ) ) ;
#8398 = ORIENTED_EDGE ( 'NONE', *, *, #7696, .F. ) ;
#8399 = EDGE_LOOP ( 'NONE', ( #9766, #6241, #9789 ) ) ;
#8400 = ORIENTED_EDGE ( 'NONE', *, *, #3876, .F. ) ;
#8401 = VECTOR ( 'NONE', #7260, 1000.000000000000000 ) ;
#8402 = VERTEX_POINT ( 'NONE', #6065 ) ;
#8403 = CARTESIAN_POINT ( 'NONE',  ( 30.10143459492318740, -8.000000000000001776, 48.00000000000000711 ) ) ;
#8404 = CARTESIAN_POINT ( 'NONE',  ( -43.49999999999991473, -3.199999999999998845, 28.14999999999998082 ) ) ;
#8405 = CARTESIAN_POINT ( 'NONE',  ( 36.54999999999954241, -3.199999999999999734, -42.00000000000000711 ) ) ;
#8406 = DIRECTION ( 'NONE',  ( -0.000000000000000000, 1.000000000000000000, -0.000000000000000000 ) ) ;
#8407 = AXIS2_PLACEMENT_3D ( 'NONE', #8106, #1959, #8879 ) ;
#8408 = DIRECTION ( 'NONE',  ( 0.000000000000000000, 1.000000000000000000, 0.000000000000000000 ) ) ;
#8409 = CYLINDRICAL_SURFACE ( 'NONE', #5322, 1.000000000000000888 ) ;
#8410 = VERTEX_POINT ( 'NONE', #3593 ) ;
#8411 = AXIS2_PLACEMENT_3D ( 'NONE', #4002, #10150, #102 ) ;
#8412 = EDGE_CURVE ( 'NONE', #7438, #4182, #2512, .T. ) ;
#8413 = EDGE_CURVE ( 'NONE', #2502, #1714, #1039, .T. ) ;
#8414 = CARTESIAN_POINT ( 'NONE',  ( 24.69999999999848228, -5.000000000000000000, 45.80000000000036664 ) ) ;
#8416 = DIRECTION ( 'NONE',  ( 0.000000000000000000, 0.000000000000000000, 1.000000000000000000 ) ) ;
#8415 = VECTOR ( 'NONE', #2776, 1000.000000000000000 ) ;
#8417 = ORIENTED_EDGE ( 'NONE', *, *, #7280, .T. ) ;
#8418 = DIRECTION ( 'NONE',  ( -0.000000000000000000, -0.000000000000000000, -1.000000000000000000 ) ) ;
#8419 = CARTESIAN_POINT ( 'NONE',  ( 41.50000000000000711, 7.750000000000000000, 49.99999999999999289 ) ) ;
#8420 = AXIS2_PLACEMENT_3D ( 'NONE', #9988, #4301, #1484 ) ;
#8421 = CARTESIAN_POINT ( 'NONE',  ( -31.37967281888307625, -8.437060720581628814, 42.00000000000001421 ) ) ;
#8422 = CARTESIAN_POINT ( 'NONE',  ( 42.00000000000014211, -14.34205153031769520, -38.93703481765633256 ) ) ;
#8423 = AXIS2_PLACEMENT_3D ( 'NONE', #6109, #1171, #9077 ) ;
#8424 = ORIENTED_EDGE ( 'NONE', *, *, #4028, .T. ) ;
#8425 = AXIS2_PLACEMENT_3D ( 'NONE', #7374, #2765, #5796 ) ;
#8426 = VERTEX_POINT ( 'NONE', #5240 ) ;
#8427 = VECTOR ( 'NONE', #8650, 1000.000000000000000 ) ;
#8428 = EDGE_LOOP ( 'NONE', ( #4977, #6603 ) ) ;
#8429 = AXIS2_PLACEMENT_3D ( 'NONE', #9915, #3660, #587 ) ;
#8430 = CARTESIAN_POINT ( 'NONE',  ( 31.29999999999983373, -0.1999999999999999833, 50.00000000000000711 ) ) ;
#8431 = CARTESIAN_POINT ( 'NONE',  ( -42.00000000000013500, -13.66321084107576844, -38.83381397240464850 ) ) ;
#8432 = CARTESIAN_POINT ( 'NONE',  ( 41.25678927214563885, -5.157756678390089888, -42.00000000000000711 ) ) ;
#8433 = DIRECTION ( 'NONE',  ( -0.000000000000000000, 1.000000000000000000, -0.000000000000000000 ) ) ;
#8434 = CIRCLE ( 'NONE', #8257, 1.000000000000000888 ) ;
#8435 = DIRECTION ( 'NONE',  ( -0.000000000000000000, 1.000000000000000000, -0.000000000000000000 ) ) ;
#8436 = CARTESIAN_POINT ( 'NONE',  ( 27.10000000000228226, -5.000000000000000000, -49.99999999999884182 ) ) ;
#8437 = CARTESIAN_POINT ( 'NONE',  ( 36.20000000000000995, -11.60000000000000320, 42.89999999999999147 ) ) ;
#8438 = DIRECTION ( 'NONE',  ( -0.000000000000000000, 1.000000000000000000, -0.000000000000000000 ) ) ;
#8439 = AXIS2_PLACEMENT_3D ( 'NONE', #9882, #4610, #7727 ) ;
#8440 = ORIENTED_EDGE ( 'NONE', *, *, #3130, .F. ) ;
#8441 = VERTEX_POINT ( 'NONE', #7489 ) ;
#8442 = CARTESIAN_POINT ( 'NONE',  ( -35.66021249333275023, -14.72370720916998010, -43.18507523187270181 ) ) ;
#8443 = VECTOR ( 'NONE', #418, 1000.000000000000000 ) ;
#8444 = DIRECTION ( 'NONE',  ( -1.000000000000000000, -0.000000000000000000, 0.000000000000000000 ) ) ;
#8445 = DIRECTION ( 'NONE',  ( -0.000000000000000000, -0.000000000000000000, 1.000000000000000000 ) ) ;
#8446 = FACE_OUTER_BOUND ( 'NONE', #2172, .T. ) ;
#8447 = DIRECTION ( 'NONE',  ( -1.000000000000000000, 0.000000000000000000, 0.000000000000000000 ) ) ;
#8448 = EDGE_LOOP ( 'NONE', ( #5303, #9295, #4087, #5075 ) ) ;
#8449 = CARTESIAN_POINT ( 'NONE',  ( 32.34017516320380281, -8.433527904025460487, 44.92445172748315940 ) ) ;
#8450 = AXIS2_PLACEMENT_3D ( 'NONE', #2153, #2975, #2927 ) ;
#8451 = DIRECTION ( 'NONE',  ( 0.000000000000000000, 1.000000000000000000, 0.000000000000000000 ) ) ;
#8452 = ORIENTED_EDGE ( 'NONE', *, *, #5518, .T. ) ;
#8453 = ORIENTED_EDGE ( 'NONE', *, *, #5652, .F. ) ;
#8454 = EDGE_CURVE ( 'NONE', #2077, #7922, #7690, .T. ) ;
#8455 = EDGE_CURVE ( 'NONE', #10092, #5950, #1242, .T. ) ;
#8456 = EDGE_LOOP ( 'NONE', ( #10059, #10113, #429, #85, #3818 ) ) ;
#8457 = ADVANCED_FACE ( 'NONE', ( #467 ), #9135, .F. ) ;
#8458 = ORIENTED_EDGE ( 'NONE', *, *, #6357, .T. ) ;
#8459 = CARTESIAN_POINT ( 'NONE',  ( -41.99999999999990763, -8.000000000000001776, 30.09999999999997655 ) ) ;
#8460 = AXIS2_PLACEMENT_3D ( 'NONE', #531, #588, #4544 ) ;
#8461 = ORIENTED_EDGE ( 'NONE', *, *, #2297, .F. ) ;
#8462 = CARTESIAN_POINT ( 'NONE',  ( -42.00000000000014921, -5.857334502916398122, -40.79552058053145203 ) ) ;
#8463 = DIRECTION ( 'NONE',  ( -1.387778780781445676E-16, 0.000000000000000000, -1.000000000000000000 ) ) ;
#8464 = CARTESIAN_POINT ( 'NONE',  ( 41.49999999999983658, -1.000000000000001776, -42.00000000000000711 ) ) ;
#8465 = CARTESIAN_POINT ( 'NONE',  ( 32.05799574205806124, -11.43595922650138696, 44.26842828038785171 ) ) ;
#8466 = EDGE_CURVE ( 'NONE', #353, #4392, #1339, .T. ) ;
#8467 = ORIENTED_EDGE ( 'NONE', *, *, #8767, .T. ) ;
#8468 = CYLINDRICAL_SURFACE ( 'NONE', #7363, 1.000000000000000888 ) ;
#8469 = ORIENTED_EDGE ( 'NONE', *, *, #6692, .T. ) ;
#8470 = DIRECTION ( 'NONE',  ( 0.000000000000000000, 0.000000000000000000, -1.000000000000000000 ) ) ;
#8471 = DIRECTION ( 'NONE',  ( 0.000000000000000000, 1.000000000000000000, 0.000000000000000000 ) ) ;
#8472 = DIRECTION ( 'NONE',  ( -1.000000000000000000, -0.000000000000000000, 3.491481338843133355E-15 ) ) ;
#8473 = CARTESIAN_POINT ( 'NONE',  ( 47.99999999999953104, -1.000000000000000000, -48.00000000000034106 ) ) ;
#8474 = ORIENTED_EDGE ( 'NONE', *, *, #9650, .T. ) ;
#8475 = EDGE_CURVE ( 'NONE', #1614, #4920, #6786, .T. ) ;
#8476 = VERTEX_POINT ( 'NONE', #3705 ) ;
#8477 = ORIENTED_EDGE ( 'NONE', *, *, #7077, .F. ) ;
#8478 = CYLINDRICAL_SURFACE ( 'NONE', #6918, 2.350000000000001421 ) ;
#8479 = LINE ( 'NONE', #4481, #4250 ) ;
#8480 = EDGE_CURVE ( 'NONE', #281, #69, #1544, .T. ) ;
#8481 = CARTESIAN_POINT ( 'NONE',  ( 43.50000000000041211, -3.199999999999999734, 38.09999999999938325 ) ) ;
#8482 = DIRECTION ( 'NONE',  ( -0.000000000000000000, -0.000000000000000000, -1.000000000000000000 ) ) ;
#8483 = DIRECTION ( 'NONE',  ( -1.000000000000000000, 0.000000000000000000, 3.491481338843133355E-15 ) ) ;
#8484 = CARTESIAN_POINT ( 'NONE',  ( 42.00000000000066080, -5.000000000000000000, -27.09999999999802611 ) ) ;
#8485 = DIRECTION ( 'NONE',  ( 0.000000000000000000, 0.000000000000000000, -1.000000000000000000 ) ) ;
#8486 = FACE_OUTER_BOUND ( 'NONE', #3078, .T. ) ;
#8487 = ADVANCED_FACE ( 'NONE', ( #2936 ), #5964, .F. ) ;
#8488 = ORIENTED_EDGE ( 'NONE', *, *, #1930, .T. ) ;
#8489 = ORIENTED_EDGE ( 'NONE', *, *, #4597, .T. ) ;
#8490 = EDGE_LOOP ( 'NONE', ( #1467, #1454, #3168, #5547 ) ) ;
#8491 = CARTESIAN_POINT ( 'NONE',  ( -29.71398576359457522, -7.975064876170153916, -43.16822940124463770 ) ) ;
#8492 = DIRECTION ( 'NONE',  ( 0.000000000000000000, -1.000000000000000000, 0.000000000000000000 ) ) ;
#8493 = FACE_OUTER_BOUND ( 'NONE', #9752, .T. ) ;
#8494 = DIRECTION ( 'NONE',  ( 1.000000000000000000, 0.000000000000000000, -3.491481338843133355E-15 ) ) ;
#8495 = DIRECTION ( 'NONE',  ( -1.181088324069314777E-14, 0.000000000000000000, -1.000000000000000000 ) ) ;
#8496 = ORIENTED_EDGE ( 'NONE', *, *, #8412, .F. ) ;
#8497 = LINE ( 'NONE', #601, #8427 ) ;
#8498 = CARTESIAN_POINT ( 'NONE',  ( 42.00000000000031974, -5.000000000000002665, 30.09999999999939035 ) ) ;
#8499 = EDGE_LOOP ( 'NONE', ( #3583, #8215 ) ) ;
#8500 = ORIENTED_EDGE ( 'NONE', *, *, #1646, .F. ) ;
#8501 = ORIENTED_EDGE ( 'NONE', *, *, #1011, .T. ) ;
#8502 = DIRECTION ( 'NONE',  ( -1.000000000000000000, 0.000000000000000000, 1.047444401652940007E-14 ) ) ;
#8503 = ORIENTED_EDGE ( 'NONE', *, *, #8640, .F. ) ;
#8504 = EDGE_CURVE ( 'NONE', #1498, #1092, #5791, .T. ) ;
#8505 = EDGE_CURVE ( 'NONE', #9189, #1176, #877, .T. ) ;
#8506 = CARTESIAN_POINT ( 'NONE',  ( 48.00000000000029132, -0.1999999999999999833, 27.09999999999932996 ) ) ;
#8507 = EDGE_CURVE ( 'NONE', #5411, #6181, #7133, .T. ) ;
#8508 = CARTESIAN_POINT ( 'NONE',  ( 40.00000000000000000, -1.000000000000000000, -14.99999999999982592 ) ) ;
#8509 = CARTESIAN_POINT ( 'NONE',  ( 42.50000000000000000, 1.000000000000000000, 49.99999999999999289 ) ) ;
#8510 = CARTESIAN_POINT ( 'NONE',  ( 32.86226415094331088, -11.60000000000000320, 45.68962710804180460 ) ) ;
#8511 = EDGE_LOOP ( 'NONE', ( #8288, #5877, #6509, #6191 ) ) ;
#8512 = DIRECTION ( 'NONE',  ( 0.000000000000000000, 0.000000000000000000, 1.000000000000000000 ) ) ;
#8513 = AXIS2_PLACEMENT_3D ( 'NONE', #8393, #598, #1425 ) ;
#8514 = EDGE_CURVE ( 'NONE', #7973, #1284, #2360, .T. ) ;
#8515 = ORIENTED_EDGE ( 'NONE', *, *, #7073, .F. ) ;
#8516 = ADVANCED_FACE ( 'NONE', ( #5495 ), #4770, .F. ) ;
#8517 = CARTESIAN_POINT ( 'NONE',  ( 50.00000000000000000, -1.000000000000000000, 16.60000000000164988 ) ) ;
#8518 = DIRECTION ( 'NONE',  ( 1.000000000000000000, 0.000000000000000000, 0.000000000000000000 ) ) ;
#8519 = CARTESIAN_POINT ( 'NONE',  ( -49.00000000000000000, 0.000000000000000000, 6.800116025829083810E-15 ) ) ;
#8520 = ORIENTED_EDGE ( 'NONE', *, *, #742, .F. ) ;
#8521 = EDGE_LOOP ( 'NONE', ( #5048, #9277, #5723, #9777, #7065 ) ) ;
#8522 = VERTEX_POINT ( 'NONE', #8517 ) ;
#8523 = CIRCLE ( 'NONE', #8187, 1.000000000000000888 ) ;
#8524 = CARTESIAN_POINT ( 'NONE',  ( 35.75265504676806216, -8.455597640385493108, -42.00000000000001421 ) ) ;
#8525 = CARTESIAN_POINT ( 'NONE',  ( -42.00000000000013500, -9.663282543059462881, -36.43345794764974244 ) ) ;
#8526 = FACE_BOUND ( 'NONE', #9420, .T. ) ;
#8527 = DIRECTION ( 'NONE',  ( 1.000000000000000000, 0.000000000000000000, 0.000000000000000000 ) ) ;
#8528 = CIRCLE ( 'NONE', #1324, 4.349999999999999645 ) ;
#8529 = CARTESIAN_POINT ( 'NONE',  ( -41.99999999999819522, -5.000000000000000000, -27.10000000000049170 ) ) ;
#8530 = CARTESIAN_POINT ( 'NONE',  ( 27.10000000000228582, -5.000000000000000000, -48.00000000000000711 ) ) ;
#8531 = VECTOR ( 'NONE', #8714, 1000.000000000000000 ) ;
#8532 = DIRECTION ( 'NONE',  ( 1.000000000000000000, -0.000000000000000000, 0.000000000000000000 ) ) ;
#8533 = VERTEX_POINT ( 'NONE', #9334 ) ;
#8534 = ORIENTED_EDGE ( 'NONE', *, *, #5502, .T. ) ;
#8535 = EDGE_CURVE ( 'NONE', #2805, #3588, #3852, .T. ) ;
#8536 = ORIENTED_EDGE ( 'NONE', *, *, #9267, .T. ) ;
#8537 = CARTESIAN_POINT ( 'NONE',  ( -30.09999999999983089, -8.000000000000003553, -47.92957113217047294 ) ) ;
#8538 = VECTOR ( 'NONE', #9158, 1000.000000000000000 ) ;
#8539 = LINE ( 'NONE', #1519, #5280 ) ;
#8540 = VECTOR ( 'NONE', #2962, 1000.000000000000000 ) ;
#8541 = DIRECTION ( 'NONE',  ( 0.000000000000000000, -0.000000000000000000, 1.000000000000000000 ) ) ;
#8542 = EDGE_CURVE ( 'NONE', #3967, #1585, #2328, .T. ) ;
#8543 = LINE ( 'NONE', #9210, #6116 ) ;
#8544 = FACE_OUTER_BOUND ( 'NONE', #5700, .T. ) ;
#8545 = EDGE_LOOP ( 'NONE', ( #9187, #5526, #7414, #6072 ) ) ;
#8546 = CARTESIAN_POINT ( 'NONE',  ( 32.24505556032845988, -11.50434125313907607, 44.71877056212266410 ) ) ;
#8547 = VECTOR ( 'NONE', #4595, 1000.000000000000000 ) ;
#8548 = CARTESIAN_POINT ( 'NONE',  ( -40.44999999999983231, -3.199999999999999734, -43.50000000000001421 ) ) ;
#8549 = EDGE_LOOP ( 'NONE', ( #4900, #2470, #1847 ) ) ;
#8550 = AXIS2_PLACEMENT_3D ( 'NONE', #4697, #1512, #788 ) ;
#8551 = ORIENTED_EDGE ( 'NONE', *, *, #5601, .F. ) ;
#8552 = ORIENTED_EDGE ( 'NONE', *, *, #423, .F. ) ;
#8553 = CIRCLE ( 'NONE', #4125, 4.000000000000000000 ) ;
#8554 = DIRECTION ( 'NONE',  ( 8.953411488912536510E-15, 0.000000000000000000, 1.000000000000000000 ) ) ;
#8555 = VERTEX_POINT ( 'NONE', #7838 ) ;
#8556 = LINE ( 'NONE', #6255, #3995 ) ;
#8557 = CARTESIAN_POINT ( 'NONE',  ( 47.99999999999968026, -0.1999999999999999833, -31.30000000000033467 ) ) ;
#8558 = CARTESIAN_POINT ( 'NONE',  ( 16.60000000000228582, -5.000000000000000000, -49.99999999999883471 ) ) ;
#8559 = DIRECTION ( 'NONE',  ( 0.000000000000000000, 1.000000000000000000, -0.000000000000000000 ) ) ;
#8560 = DIRECTION ( 'NONE',  ( -1.000000000000000000, -0.000000000000000000, 3.491481338843133355E-15 ) ) ;
#8561 = VECTOR ( 'NONE', #2009, 1000.000000000000000 ) ;
#8562 = ORIENTED_EDGE ( 'NONE', *, *, #6765, .T. ) ;
#8563 = EDGE_CURVE ( 'NONE', #1176, #9189, #4659, .T. ) ;
#8564 = AXIS2_PLACEMENT_3D ( 'NONE', #5872, #8119, #1097 ) ;
#8565 = EDGE_LOOP ( 'NONE', ( #405, #7405, #3944, #6908 ) ) ;
#8566 = CARTESIAN_POINT ( 'NONE',  ( 50.00000000000064659, -5.000000000000000000, 27.10000000000163922 ) ) ;
#8567 = CARTESIAN_POINT ( 'NONE',  ( 48.00000000000031974, -8.000000000000001776, 30.09999999999932996 ) ) ;
#8568 = DIRECTION ( 'NONE',  ( 0.000000000000000000, 0.000000000000000000, 1.000000000000000000 ) ) ;
#8569 = VERTEX_POINT ( 'NONE', #9478 ) ;
#8570 = TOROIDAL_SURFACE ( 'NONE', #7417, 11.15000000000000036, 6.799999999999999822 ) ;
#8571 = ADVANCED_FACE ( 'NONE', ( #50, #10108 ), #8720, .T. ) ;
#8572 = EDGE_CURVE ( 'NONE', #2057, #1531, #545, .T. ) ;
#8573 = ORIENTED_EDGE ( 'NONE', *, *, #3232, .F. ) ;
#8574 = EDGE_CURVE ( 'NONE', #720, #9001, #6452, .T. ) ;
#8575 = ORIENTED_EDGE ( 'NONE', *, *, #6788, .F. ) ;
#8576 = VECTOR ( 'NONE', #4625, 1000.000000000000000 ) ;
#8577 = CIRCLE ( 'NONE', #5641, 2.350000000000001421 ) ;
#8578 = CARTESIAN_POINT ( 'NONE',  ( 45.26684861601682996, -9.106554737238560904, -48.00000000000000711 ) ) ;
#8579 = DIRECTION ( 'NONE',  ( -1.000000000000000000, 0.000000000000000000, 0.000000000000000000 ) ) ;
#8580 = CARTESIAN_POINT ( 'NONE',  ( -48.99999999999999289, 1.000000000000000000, 48.99999999999999289 ) ) ;
#8581 = AXIS2_PLACEMENT_3D ( 'NONE', #1642, #5543, #4622 ) ;
#8582 = DIRECTION ( 'NONE',  ( 2.952720810173291281E-15, 0.000000000000000000, 1.000000000000000000 ) ) ;
#8583 = DIRECTION ( 'NONE',  ( 0.000000000000000000, -0.000000000000000000, 1.000000000000000000 ) ) ;
#8584 = CARTESIAN_POINT ( 'NONE',  ( -37.49999999999999289, -15.00000000000000355, 42.89999999999999147 ) ) ;
#8585 = CARTESIAN_POINT ( 'NONE',  ( 40.92992943051945076, -9.815811292754656137, 42.00000000000000000 ) ) ;
#8586 = AXIS2_PLACEMENT_3D ( 'NONE', #5134, #9677, #4364 ) ;
#8587 = CARTESIAN_POINT ( 'NONE',  ( 47.99999999999968026, 1.000000000000000000, -31.30000000000033467 ) ) ;
#8588 = EDGE_CURVE ( 'NONE', #1500, #2768, #7587, .T. ) ;
#8589 = ORIENTED_EDGE ( 'NONE', *, *, #2709, .T. ) ;
#8590 = CIRCLE ( 'NONE', #7601, 1.549999999999999378 ) ;
#8591 = ORIENTED_EDGE ( 'NONE', *, *, #3427, .T. ) ;
#8592 = ORIENTED_EDGE ( 'NONE', *, *, #7097, .F. ) ;
#8593 = CARTESIAN_POINT ( 'NONE',  ( -29.78051296196679942, -7.983068689015834885, -45.02486641039430992 ) ) ;
#8594 = EDGE_CURVE ( 'NONE', #3526, #591, #4722, .T. ) ;
#8595 = CIRCLE ( 'NONE', #5643, 3.400000000000000355 ) ;
#8596 = FACE_OUTER_BOUND ( 'NONE', #5600, .T. ) ;
#8597 = CIRCLE ( 'NONE', #404, 1.549999999999999378 ) ;
#8598 = CARTESIAN_POINT ( 'NONE',  ( 35.65644484899823397, -14.72207375812642915, -42.46243170559615265 ) ) ;
#8599 = DIRECTION ( 'NONE',  ( 0.000000000000000000, 0.000000000000000000, 1.000000000000000000 ) ) ;
#8600 = CARTESIAN_POINT ( 'NONE',  ( 40.00000000000000711, -15.00000000000000355, -38.45000000000000995 ) ) ;
#8601 = ORIENTED_EDGE ( 'NONE', *, *, #106, .T. ) ;
#8602 = CARTESIAN_POINT ( 'NONE',  ( 41.99999999999957367, -5.556562696684470559, -41.50000000000027001 ) ) ;
#8603 = AXIS2_PLACEMENT_3D ( 'NONE', #5608, #7094, #2464 ) ;
#8604 = CARTESIAN_POINT ( 'NONE',  ( 31.29999999999983373, 1.000000000000000000, -48.00000000000000711 ) ) ;
#8605 = ORIENTED_EDGE ( 'NONE', *, *, #2250, .T. ) ;
#8606 = AXIS2_PLACEMENT_3D ( 'NONE', #2463, #6332, #936 ) ;
#8607 = EDGE_LOOP ( 'NONE', ( #6518, #5913, #370, #1740, #6975, #4621, #3369, #9433, #2110, #6652 ) ) ;
#8608 = EDGE_CURVE ( 'NONE', #1584, #9819, #3186, .T. ) ;
#8609 = EDGE_CURVE ( 'NONE', #9608, #1080, #2671, .T. ) ;
#8610 = EDGE_LOOP ( 'NONE', ( #1586, #1021, #9482, #9643 ) ) ;
#8611 = VECTOR ( 'NONE', #1382, 1000.000000000000000 ) ;
#8612 = CARTESIAN_POINT ( 'NONE',  ( 35.72419598204034230, -9.000000000000001776, -42.00000000000000711 ) ) ;
#8613 = CARTESIAN_POINT ( 'NONE',  ( 30.09999999999983089, -11.60000000000000320, 47.99828402504192582 ) ) ;
#8614 = ORIENTED_EDGE ( 'NONE', *, *, #1115, .T. ) ;
#8615 = AXIS2_PLACEMENT_3D ( 'NONE', #2258, #1387, #9990 ) ;
#8616 = EDGE_CURVE ( 'NONE', #8910, #7232, #974, .T. ) ;
#8617 = CARTESIAN_POINT ( 'NONE',  ( -42.00000000000014921, -7.168866382297140127, -39.42072389507607966 ) ) ;
#8618 = DIRECTION ( 'NONE',  ( 0.000000000000000000, -1.000000000000000000, 0.000000000000000000 ) ) ;
#8619 = CARTESIAN_POINT ( 'NONE',  ( -41.99999999999986500, -8.822696864889088886, 39.49280860397512782 ) ) ;
#8620 = LINE ( 'NONE', #770, #4266 ) ;
#8621 = VECTOR ( 'NONE', #7832, 1000.000000000000000 ) ;
#8622 = ORIENTED_EDGE ( 'NONE', *, *, #692, .T. ) ;
#8623 = ORIENTED_EDGE ( 'NONE', *, *, #2473, .T. ) ;
#8624 = DIRECTION ( 'NONE',  ( 0.000000000000000000, 0.000000000000000000, 1.000000000000000000 ) ) ;
#8625 = DIRECTION ( 'NONE',  ( 0.000000000000000000, 0.000000000000000000, -1.000000000000000000 ) ) ;
#8626 = AXIS2_PLACEMENT_3D ( 'NONE', #4018, #6482, #7148 ) ;
#8627 = CARTESIAN_POINT ( 'NONE',  ( 41.99999999999961631, -13.23390517572007496, -38.73646576170501277 ) ) ;
#8628 = AXIS2_PLACEMENT_3D ( 'NONE', #1870, #992, #1723 ) ;
#8629 = VERTEX_POINT ( 'NONE', #4875 ) ;
#8630 = EDGE_LOOP ( 'NONE', ( #7476, #91 ) ) ;
#8631 = ORIENTED_EDGE ( 'NONE', *, *, #2218, .T. ) ;
#8632 = CARTESIAN_POINT ( 'NONE',  ( 38.14067097781588700, -5.357414700133745100, -42.00000000000000711 ) ) ;
#8633 = CARTESIAN_POINT ( 'NONE',  ( 41.49999999999983658, 0.000000000000000000, 49.99999999999999289 ) ) ;
#8634 = DIRECTION ( 'NONE',  ( 0.000000000000000000, 0.000000000000000000, 1.000000000000000000 ) ) ;
#8635 = FACE_OUTER_BOUND ( 'NONE', #1844, .T. ) ;
#8636 = EDGE_CURVE ( 'NONE', #2734, #3557, #3332, .T. ) ;
#8637 = CARTESIAN_POINT ( 'NONE',  ( 38.09999999999983800, -3.199999999999999734, -43.50000000000001421 ) ) ;
#8638 = DIRECTION ( 'NONE',  ( 0.000000000000000000, 1.000000000000000000, 0.000000000000000000 ) ) ;
#8639 = DIRECTION ( 'NONE',  ( -1.047444401652940007E-14, 0.000000000000000000, -1.000000000000000000 ) ) ;
#8640 = EDGE_CURVE ( 'NONE', #6356, #6302, #10148, .T. ) ;
#8641 = DIRECTION ( 'NONE',  ( -1.000000000000000000, -0.000000000000000000, 1.047444401652940007E-14 ) ) ;
#8642 = VERTEX_POINT ( 'NONE', #7176 ) ;
#8643 = ORIENTED_EDGE ( 'NONE', *, *, #8816, .T. ) ;
#8644 = ORIENTED_EDGE ( 'NONE', *, *, #358, .F. ) ;
#8645 = DIRECTION ( 'NONE',  ( 0.000000000000000000, 0.000000000000000000, -1.000000000000000000 ) ) ;
#8646 = CARTESIAN_POINT ( 'NONE',  ( 30.01183857110625652, -8.000000000000003553, -47.37374676658969008 ) ) ;
#8647 = CARTESIAN_POINT ( 'NONE',  ( 30.10143459492318740, -8.000000000000001776, 48.00000000000000711 ) ) ;
#8648 = CARTESIAN_POINT ( 'NONE',  ( 48.00000000000032685, -3.199999999999999289, 30.49999999999932854 ) ) ;
#8649 = ORIENTED_EDGE ( 'NONE', *, *, #8616, .F. ) ;
#8650 = DIRECTION ( 'NONE',  ( -0.000000000000000000, -0.000000000000000000, -1.000000000000000000 ) ) ;
#8651 = ADVANCED_FACE ( 'NONE', ( #4048 ), #4971, .F. ) ;
#8652 = DIRECTION ( 'NONE',  ( 1.156482317317870344E-14, 0.000000000000000000, 1.000000000000000000 ) ) ;
#8653 = ORIENTED_EDGE ( 'NONE', *, *, #1104, .T. ) ;
#8654 = VERTEX_POINT ( 'NONE', #9626 ) ;
#8655 = ORIENTED_EDGE ( 'NONE', *, *, #7818, .T. ) ;
#8656 = PLANE ( 'NONE',  #9908 ) ;
#8657 = CARTESIAN_POINT ( 'NONE',  ( 45.80000000000062244, 1.000000000000000000, -24.70000000000199591 ) ) ;
#8658 = ORIENTED_EDGE ( 'NONE', *, *, #7533, .F. ) ;
#8659 = LINE ( 'NONE', #7024, #8241 ) ;
#8660 = DIRECTION ( 'NONE',  ( -0.000000000000000000, 1.000000000000000000, -0.000000000000000000 ) ) ;
#8661 = DIRECTION ( 'NONE',  ( -0.000000000000000000, -0.000000000000000000, -1.000000000000000000 ) ) ;
#8662 = CARTESIAN_POINT ( 'NONE',  ( 28.94999999999948415, -3.199999999999999289, -50.00000000000069633 ) ) ;
#8663 = VERTEX_POINT ( 'NONE', #8035 ) ;
#8664 = EDGE_CURVE ( 'NONE', #7664, #3644, #3669, .T. ) ;
#8665 = VERTEX_POINT ( 'NONE', #2506 ) ;
#8666 = DIRECTION ( 'NONE',  ( -0.000000000000000000, 1.000000000000000000, -0.000000000000000000 ) ) ;
#8667 = EDGE_CURVE ( 'NONE', #6350, #7522, #9883, .T. ) ;
#8668 = DIRECTION ( 'NONE',  ( 0.000000000000000000, 0.000000000000000000, 1.000000000000000000 ) ) ;
#8669 = CARTESIAN_POINT ( 'NONE',  ( 27.10000000000229292, -5.000000000000000000, -41.99999999999885603 ) ) ;
#8670 = ORIENTED_EDGE ( 'NONE', *, *, #794, .T. ) ;
#8671 = ORIENTED_EDGE ( 'NONE', *, *, #3027, .T. ) ;
#8672 = EDGE_CURVE ( 'NONE', #9341, #101, #9398, .T. ) ;
#8673 = ORIENTED_EDGE ( 'NONE', *, *, #8993, .F. ) ;
#8674 = DIRECTION ( 'NONE',  ( -0.000000000000000000, 1.000000000000000000, -0.000000000000000000 ) ) ;
#8675 = DIRECTION ( 'NONE',  ( -1.000000000000000000, -0.000000000000000000, 3.491481338843133355E-15 ) ) ;
#8676 = AXIS2_PLACEMENT_3D ( 'NONE', #7454, #4271, #6645 ) ;
#8677 = DIRECTION ( 'NONE',  ( -0.000000000000000000, 1.000000000000000000, -0.000000000000000000 ) ) ;
#8678 = DIRECTION ( 'NONE',  ( -0.000000000000000000, -1.000000000000000000, -0.000000000000000000 ) ) ;
#8679 = CYLINDRICAL_SURFACE ( 'NONE', #235, 2.349999999999997868 ) ;
#8680 = CARTESIAN_POINT ( 'NONE',  ( 30.09999999999983089, -8.000000000000001776, 47.99828402504192582 ) ) ;
#8681 = LINE ( 'NONE', #9449, #1078 ) ;
#8682 = CARTESIAN_POINT ( 'NONE',  ( -40.00000000000000711, -15.00000000000000355, -42.80000000000001137 ) ) ;
#8683 = ORIENTED_EDGE ( 'NONE', *, *, #4871, .F. ) ;
#8684 = ORIENTED_EDGE ( 'NONE', *, *, #6875, .F. ) ;
#8685 = ORIENTED_EDGE ( 'NONE', *, *, #2307, .T. ) ;
#8686 = EDGE_CURVE ( 'NONE', #6459, #8360, #6560, .T. ) ;
#8687 = EDGE_CURVE ( 'NONE', #7665, #4367, #3176, .T. ) ;
#8688 = CARTESIAN_POINT ( 'NONE',  ( -31.29999999999983373, 0.000000000000000000, 50.00000000000000711 ) ) ;
#8689 = LINE ( 'NONE', #6386, #7892 ) ;
#8690 = CARTESIAN_POINT ( 'NONE',  ( 39.70319616215348901, -8.454555075640593387, 48.00000000000001421 ) ) ;
#8691 = FACE_OUTER_BOUND ( 'NONE', #6175, .T. ) ;
#8692 = ORIENTED_EDGE ( 'NONE', *, *, #5390, .T. ) ;
#8693 = VECTOR ( 'NONE', #7882, 1000.000000000000000 ) ;
#8694 = CARTESIAN_POINT ( 'NONE',  ( 31.94906013395510413, -11.38549728976410336, 41.97695598411010565 ) ) ;
#8695 = CARTESIAN_POINT ( 'NONE',  ( -43.49999999999990052, -3.199999999999999289, 32.84999999999998010 ) ) ;
#8696 = VERTEX_POINT ( 'NONE', #2654 ) ;
#8697 = VECTOR ( 'NONE', #8447, 1000.000000000000000 ) ;
#8698 = ORIENTED_EDGE ( 'NONE', *, *, #1363, .F. ) ;
#8699 = EDGE_CURVE ( 'NONE', #3301, #7087, #5794, .T. ) ;
#8700 = EDGE_CURVE ( 'NONE', #9654, #6928, #4812, .T. ) ;
#8701 = AXIS2_PLACEMENT_3D ( 'NONE', #3567, #6698, #2905 ) ;
#8702 = ADVANCED_FACE ( 'NONE', ( #9730 ), #1899, .F. ) ;
#8703 = EDGE_CURVE ( 'NONE', #3032, #2745, #3184, .T. ) ;
#8704 = CARTESIAN_POINT ( 'NONE',  ( 0.000000000000000000, 1.000000000000000000, 0.000000000000000000 ) ) ;
#8705 = B_SPLINE_CURVE_WITH_KNOTS ( 'NONE', 3,
 ( #1353, #6078, #9194, #2994, #8432, #2947 ),
 .UNSPECIFIED., .F., .F.,
 ( 4, 2, 4 ),
 ( 0.003701593801357401861, 0.004457520202442232654, 0.005213446603527063447 ),
 .UNSPECIFIED. ) ;
#8706 = DIRECTION ( 'NONE',  ( -1.000000000000000000, 0.000000000000000000, 0.000000000000000000 ) ) ;
#8707 = VECTOR ( 'NONE', #5219, 1000.000000000000000 ) ;
#8708 = CARTESIAN_POINT ( 'NONE',  ( -35.72419598204034230, -14.74252444900601944, -42.00000000000000711 ) ) ;
#8709 = ORIENTED_EDGE ( 'NONE', *, *, #7007, .F. ) ;
#8710 = CARTESIAN_POINT ( 'NONE',  ( 27.09999999999983089, -0.1999999999999999833, 48.00000000000000711 ) ) ;
#8711 = DIRECTION ( 'NONE',  ( 0.000000000000000000, 0.000000000000000000, -1.000000000000000000 ) ) ;
#8712 = FACE_OUTER_BOUND ( 'NONE', #1943, .T. ) ;
#8713 = AXIS2_PLACEMENT_3D ( 'NONE', #5866, #9038, #3598 ) ;
#8714 = DIRECTION ( 'NONE',  ( -0.000000000000000000, 1.000000000000000000, -0.000000000000000000 ) ) ;
#8715 = AXIS2_PLACEMENT_3D ( 'NONE', #525, #8325, #6127 ) ;
#8716 = ORIENTED_EDGE ( 'NONE', *, *, #4632, .T. ) ;
#8717 = CIRCLE ( 'NONE', #860, 2.350000000000001421 ) ;
#8718 = DIRECTION ( 'NONE',  ( 4.476705744456268255E-15, 0.000000000000000000, 1.000000000000000000 ) ) ;
#8719 = ORIENTED_EDGE ( 'NONE', *, *, #9775, .T. ) ;
#8720 = PLANE ( 'NONE',  #4976 ) ;
#8721 = AXIS2_PLACEMENT_3D ( 'NONE', #955, #5682, #33 ) ;
#8722 = CARTESIAN_POINT ( 'NONE',  ( -41.49999999999983658, -7.120351610792639008, 42.00000000000000711 ) ) ;
#8723 = CARTESIAN_POINT ( 'NONE',  ( -24.70000000000000995, -3.499999999999999556, -45.80000000000000426 ) ) ;
#8724 = CIRCLE ( 'NONE', #2495, 11.15000000000000036 ) ;
#8725 = VERTEX_POINT ( 'NONE', #457 ) ;
#8726 = EDGE_LOOP ( 'NONE', ( #9043, #7275, #9062, #8440, #4246 ) ) ;
#8727 = AXIS2_PLACEMENT_3D ( 'NONE', #3727, #6859, #9973 ) ;
#8728 = EDGE_CURVE ( 'NONE', #3986, #6496, #559, .T. ) ;
#8729 = ORIENTED_EDGE ( 'NONE', *, *, #425, .F. ) ;
#8730 = CARTESIAN_POINT ( 'NONE',  ( 38.92101639297884930, -5.116928373888393722, -42.00000000000000711 ) ) ;
#8731 = CARTESIAN_POINT ( 'NONE',  ( -38.32163383428589754, -11.07345219013684812, -48.00000000000002132 ) ) ;
#8732 = PLANE ( 'NONE',  #3007 ) ;
#8733 = CARTESIAN_POINT ( 'NONE',  ( 40.00000000000000711, -9.000000000000001776, -42.80000000000001137 ) ) ;
#8734 = CYLINDRICAL_SURFACE ( 'NONE', #3031, 2.349999999999997868 ) ;
#8735 = CARTESIAN_POINT ( 'NONE',  ( -50.00000000000000000, -4.200000000000000178, -20.51918358845357204 ) ) ;
#8736 = CYLINDRICAL_SURFACE ( 'NONE', #1982, 2.350000000000001421 ) ;
#8737 = VECTOR ( 'NONE', #4837, 1000.000000000000000 ) ;
#8738 = CARTESIAN_POINT ( 'NONE',  ( 45.80000000000062244, -3.499999999999999556, -22.35000000000199805 ) ) ;
#8739 = ORIENTED_EDGE ( 'NONE', *, *, #6070, .T. ) ;
#8740 = ORIENTED_EDGE ( 'NONE', *, *, #7662, .F. ) ;
#8741 = ORIENTED_EDGE ( 'NONE', *, *, #1630, .F. ) ;
#8742 = VECTOR ( 'NONE', #2411, 1000.000000000000000 ) ;
#8743 = DIRECTION ( 'NONE',  ( 0.000000000000000000, 0.000000000000000000, -1.000000000000000000 ) ) ;
#8744 = PLANE ( 'NONE',  #9045 ) ;
#8745 = CARTESIAN_POINT ( 'NONE',  ( 36.68811733371911998, -9.377949055547148305, 48.00000000000001421 ) ) ;
#8746 = LINE ( 'NONE', #9604, #3684 ) ;
#8747 = AXIS2_PLACEMENT_3D ( 'NONE', #8519, #1550, #1497 ) ;
#8748 = EDGE_CURVE ( 'NONE', #8793, #5729, #2152, .T. ) ;
#8749 = CYLINDRICAL_SURFACE ( 'NONE', #2859, 1.000000000000000888 ) ;
#8750 = VECTOR ( 'NONE', #10140, 1000.000000000000000 ) ;
#8751 = DIRECTION ( 'NONE',  ( -1.000000000000000000, -0.000000000000000000, 3.491481338843133355E-15 ) ) ;
#8752 = AXIS2_PLACEMENT_3D ( 'NONE', #2497, #8811, #2029 ) ;
#8753 = VERTEX_POINT ( 'NONE', #2107 ) ;
#8754 = ORIENTED_EDGE ( 'NONE', *, *, #5452, .F. ) ;
#8755 = AXIS2_PLACEMENT_3D ( 'NONE', #9787, #1123, #2109 ) ;
#8756 = AXIS2_PLACEMENT_3D ( 'NONE', #3565, #4388, #6697 ) ;
#8757 = FACE_OUTER_BOUND ( 'NONE', #6316, .T. ) ;
#8758 = AXIS2_PLACEMENT_3D ( 'NONE', #9539, #1709, #4786 ) ;
#8759 = DIRECTION ( 'NONE',  ( -0.000000000000000000, 1.000000000000000000, -0.000000000000000000 ) ) ;
#8760 = VERTEX_POINT ( 'NONE', #5951 ) ;
#8761 = DIRECTION ( 'NONE',  ( -0.000000000000000000, 1.000000000000000000, 0.000000000000000000 ) ) ;
#8762 = DIRECTION ( 'NONE',  ( 6.982962677686267499E-15, -0.000000000000000000, 1.000000000000000000 ) ) ;
#8763 = CARTESIAN_POINT ( 'NONE',  ( -41.99999999999988631, -8.295943596308010370, 38.19316283781508758 ) ) ;
#8764 = EDGE_CURVE ( 'NONE', #110, #8059, #9126, .T. ) ;
#8765 = AXIS2_PLACEMENT_3D ( 'NONE', #9301, #2275, #8527 ) ;
#8767 = EDGE_CURVE ( 'NONE', #1977, #7724, #6771, .T. ) ;
#8766 = CARTESIAN_POINT ( 'NONE',  ( 14.99999999999982236, 1.000000000000000000, 40.00000000000000000 ) ) ;
#8768 = EDGE_CURVE ( 'NONE', #4295, #698, #5131, .T. ) ;
#8769 = VERTEX_POINT ( 'NONE', #2926 ) ;
#8770 = VECTOR ( 'NONE', #1680, 1000.000000000000000 ) ;
#8771 = ORIENTED_EDGE ( 'NONE', *, *, #2598, .F. ) ;
#8772 = CIRCLE ( 'NONE', #3200, 1.000000000000000888 ) ;
#8773 = AXIS2_PLACEMENT_3D ( 'NONE', #7611, #6850, #2951 ) ;
#8774 = CARTESIAN_POINT ( 'NONE',  ( -37.49999999999999289, -15.00000000000000355, 42.89999999999999147 ) ) ;
#8775 = ORIENTED_EDGE ( 'NONE', *, *, #8699, .T. ) ;
#8776 = CARTESIAN_POINT ( 'NONE',  ( -41.70683081885163546, -11.60000000000000320, 41.79316918114824375 ) ) ;
#8777 = CARTESIAN_POINT ( 'NONE',  ( -41.33922366229335665, -6.776537702212121594, 42.00000000000001421 ) ) ;
#8778 = PLANE ( 'NONE',  #9393 ) ;
#8779 = ADVANCED_FACE ( 'NONE', ( #8192 ), #3584, .F. ) ;
#8780 = ORIENTED_EDGE ( 'NONE', *, *, #2002, .F. ) ;
#8781 = VERTEX_POINT ( 'NONE', #9831 ) ;
#8782 = ORIENTED_EDGE ( 'NONE', *, *, #9656, .F. ) ;
#8783 = DIRECTION ( 'NONE',  ( -1.156482317317871764E-14, 0.000000000000000000, -1.000000000000000000 ) ) ;
#8784 = DIRECTION ( 'NONE',  ( 0.000000000000000000, 1.000000000000000000, 0.000000000000000000 ) ) ;
#8785 = LINE ( 'NONE', #2567, #2660 ) ;
#8786 = DIRECTION ( 'NONE',  ( 1.000000000000000000, 0.000000000000000000, 0.000000000000000000 ) ) ;
#8787 = PLANE ( 'NONE',  #3688 ) ;
#8788 = CARTESIAN_POINT ( 'NONE',  ( -41.99999999999990052, -3.199999999999999289, 32.04999999999998295 ) ) ;
#8789 = CARTESIAN_POINT ( 'NONE',  ( -50.00000000000000711, -1.000000000000000000, -49.00000000000000711 ) ) ;
#8790 = EDGE_CURVE ( 'NONE', #4257, #778, #9783, .T. ) ;
#8791 = ADVANCED_FACE ( 'NONE', ( #7582 ), #1551, .T. ) ;
#8792 = FACE_OUTER_BOUND ( 'NONE', #7352, .T. ) ;
#8793 = VERTEX_POINT ( 'NONE', #1229 ) ;
#8794 = ORIENTED_EDGE ( 'NONE', *, *, #2912, .T. ) ;
#8795 = EDGE_CURVE ( 'NONE', #6708, #2077, #8087, .T. ) ;
#8796 = CARTESIAN_POINT ( 'NONE',  ( -47.99999999999990052, -8.000000000000001776, 30.09999999999999787 ) ) ;
#8797 = CARTESIAN_POINT ( 'NONE',  ( 21.49897948556865046, -4.000000000000000000, -42.00000000000000711 ) ) ;
#8798 = CARTESIAN_POINT ( 'NONE',  ( 42.00000000000044764, -8.595666539559323027, 41.49999999999939604 ) ) ;
#8799 = DIRECTION ( 'NONE',  ( -1.000000000000000000, -0.000000000000000000, 1.047444401652940007E-14 ) ) ;
#8800 = DIRECTION ( 'NONE',  ( -1.000000000000000000, -0.000000000000000000, 3.491481338843133355E-15 ) ) ;
#8801 = EDGE_CURVE ( 'NONE', #5614, #2314, #9021, .T. ) ;
#8802 = DIRECTION ( 'NONE',  ( 0.000000000000000000, -1.000000000000000000, 0.000000000000000000 ) ) ;
#8803 = EDGE_CURVE ( 'NONE', #57, #7243, #4408, .T. ) ;
#8804 = VERTEX_POINT ( 'NONE', #2000 ) ;
#8805 = ORIENTED_EDGE ( 'NONE', *, *, #2675, .F. ) ;
#8806 = LINE ( 'NONE', #2400, #8770 ) ;
#8807 = CARTESIAN_POINT ( 'NONE',  ( 45.80000000000062244, -8.000000000000001776, 24.69999999999800622 ) ) ;
#8808 = FACE_OUTER_BOUND ( 'NONE', #4880, .T. ) ;
#8809 = ORIENTED_EDGE ( 'NONE', *, *, #8790, .F. ) ;
#8810 = CARTESIAN_POINT ( 'NONE',  ( 24.70000000000261764, -3.499999999999999556, 45.79999999999864713 ) ) ;
#8811 = DIRECTION ( 'NONE',  ( 1.734723475976810250E-15, 0.000000000000000000, 1.000000000000000000 ) ) ;
#8812 = LINE ( 'NONE', #1781, #5351 ) ;
#8813 = DIRECTION ( 'NONE',  ( -0.000000000000000000, 1.000000000000000000, -0.000000000000000000 ) ) ;
#8814 = VERTEX_POINT ( 'NONE', #2876 ) ;
#8815 = ORIENTED_EDGE ( 'NONE', *, *, #6430, .F. ) ;
#8816 = EDGE_CURVE ( 'NONE', #7392, #4231, #5318, .T. ) ;
#8817 = EDGE_CURVE ( 'NONE', #101, #9341, #8912, .T. ) ;
#8818 = DIRECTION ( 'NONE',  ( 1.000000000000000000, 0.000000000000000000, 0.000000000000000000 ) ) ;
#8819 = ORIENTED_EDGE ( 'NONE', *, *, #7562, .T. ) ;
#8820 = DIRECTION ( 'NONE',  ( 0.000000000000000000, 0.000000000000000000, 1.000000000000000000 ) ) ;
#8821 = CARTESIAN_POINT ( 'NONE',  ( 50.00000000000064659, -5.000000000000000000, -27.09999999999802611 ) ) ;
#8822 = FACE_OUTER_BOUND ( 'NONE', #4832, .T. ) ;
#8823 = ORIENTED_EDGE ( 'NONE', *, *, #7310, .T. ) ;
#8824 = ORIENTED_EDGE ( 'NONE', *, *, #8389, .F. ) ;
#8825 = ORIENTED_EDGE ( 'NONE', *, *, #9764, .F. ) ;
#8826 = ADVANCED_FACE ( 'NONE', ( #7526 ), #8248, .F. ) ;
#8827 = EDGE_CURVE ( 'NONE', #7557, #4354, #4568, .T. ) ;
#8828 = CARTESIAN_POINT ( 'NONE',  ( 48.00000000000017764, -1.000000000000000000, 47.99999999999969447 ) ) ;
#8829 = LINE ( 'NONE', #1025, #5898 ) ;
#8830 = CARTESIAN_POINT ( 'NONE',  ( 42.00000000000044764, -8.595666539559323027, 41.49999999999939604 ) ) ;
#8831 = DIRECTION ( 'NONE',  ( 0.000000000000000000, 0.000000000000000000, 1.000000000000000000 ) ) ;
#8832 = CARTESIAN_POINT ( 'NONE',  ( -40.00000000000000711, -9.000000000000001776, -42.80000000000001137 ) ) ;
#8833 = CARTESIAN_POINT ( 'NONE',  ( -43.49999999999988631, -3.199999999999999289, 35.74999999999999289 ) ) ;
#8834 = DIRECTION ( 'NONE',  ( -0.000000000000000000, -0.000000000000000000, -1.000000000000000000 ) ) ;
#8835 = CARTESIAN_POINT ( 'NONE',  ( -48.00000000000014211, -3.199999999999999734, -38.09999999999966747 ) ) ;
#8836 = VERTEX_POINT ( 'NONE', #862 ) ;
#8837 = ORIENTED_EDGE ( 'NONE', *, *, #8068, .F. ) ;
#8838 = VERTEX_POINT ( 'NONE', #1635 ) ;
#8839 = EDGE_CURVE ( 'NONE', #7922, #4295, #3842, .T. ) ;
#8840 = DIRECTION ( 'NONE',  ( 1.000000000000000000, 0.000000000000000000, 0.000000000000000000 ) ) ;
#8841 = CARTESIAN_POINT ( 'NONE',  ( -43.50000000000014921, -3.199999999999999289, -40.44999999999968310 ) ) ;
#8842 = CYLINDRICAL_SURFACE ( 'NONE', #6607, 1.550000000000002709 ) ;
#8843 = CARTESIAN_POINT ( 'NONE',  ( 45.80000000000062244, -5.000000000000000000, -24.69999999999800622 ) ) ;
#8844 = FACE_OUTER_BOUND ( 'NONE', #8188, .T. ) ;
#8845 = AXIS2_PLACEMENT_3D ( 'NONE', #2828, #1910, #2068 ) ;
#8846 = DIRECTION ( 'NONE',  ( -1.000000000000000000, -0.000000000000000000, -0.000000000000000000 ) ) ;
#8847 = VERTEX_POINT ( 'NONE', #10098 ) ;
#8848 = ORIENTED_EDGE ( 'NONE', *, *, #2397, .F. ) ;
#8849 = EDGE_CURVE ( 'NONE', #3733, #7353, #962, .T. ) ;
#8850 = ADVANCED_FACE ( 'NONE', ( #7879 ), #3938, .F. ) ;
#8851 = CARTESIAN_POINT ( 'NONE',  ( 50.00000000000033396, 0.000000000000000000, 31.29999999999931504 ) ) ;
#8852 = VECTOR ( 'NONE', #1886, 1000.000000000000000 ) ;
#8853 = CARTESIAN_POINT ( 'NONE',  ( 39.90592156340608199, -6.550912756285566907, 42.00000000000000000 ) ) ;
#8854 = DIRECTION ( 'NONE',  ( 3.491481338843133355E-15, -0.000000000000000000, 1.000000000000000000 ) ) ;
#8855 = ORIENTED_EDGE ( 'NONE', *, *, #6774, .T. ) ;
#8856 = DIRECTION ( 'NONE',  ( -1.000000000000000000, 0.000000000000000000, 1.343011723336880555E-14 ) ) ;
#8857 = CARTESIAN_POINT ( 'NONE',  ( -29.84033019939646891, -7.988922926741075514, 42.63525730360913713 ) ) ;
#8858 = DIRECTION ( 'NONE',  ( 1.000000000000000000, -0.000000000000000000, -0.000000000000000000 ) ) ;
#8859 = CARTESIAN_POINT ( 'NONE',  ( 40.00000000000000711, -15.00000000000000355, -42.80000000000001137 ) ) ;
#8860 = ORIENTED_EDGE ( 'NONE', *, *, #8007, .T. ) ;
#8861 = EDGE_LOOP ( 'NONE', ( #2248, #5022 ) ) ;
#8862 = VECTOR ( 'NONE', #2241, 1000.000000000000000 ) ;
#8863 = DIRECTION ( 'NONE',  ( 1.000000000000000000, 0.000000000000000000, 0.000000000000000000 ) ) ;
#8864 = CARTESIAN_POINT ( 'NONE',  ( 30.09999999999983089, -5.000000000000002665, -42.00000000000000711 ) ) ;
#8865 = VECTOR ( 'NONE', #8802, 1000.000000000000000 ) ;
#8866 = ORIENTED_EDGE ( 'NONE', *, *, #7494, .F. ) ;
#8867 = DIRECTION ( 'NONE',  ( 0.000000000000000000, 0.000000000000000000, 1.000000000000000000 ) ) ;
#8868 = CARTESIAN_POINT ( 'NONE',  ( 30.49999999999983302, -3.199999999999999289, 48.00000000000000711 ) ) ;
#8869 = DIRECTION ( 'NONE',  ( -6.938893903907222067E-15, 0.000000000000000000, -1.000000000000000000 ) ) ;
#8870 = AXIS2_PLACEMENT_3D ( 'NONE', #10124, #7815, #3877 ) ;
#8871 = VERTEX_POINT ( 'NONE', #6211 ) ;
#8872 = AXIS2_PLACEMENT_3D ( 'NONE', #164, #212, #5611 ) ;
#8873 = ORIENTED_EDGE ( 'NONE', *, *, #3123, .F. ) ;
#8874 = ORIENTED_EDGE ( 'NONE', *, *, #9584, .F. ) ;
#8875 = VECTOR ( 'NONE', #7234, 1000.000000000000000 ) ;
#8876 = CARTESIAN_POINT ( 'NONE',  ( -43.59856540507681189, -8.000000000000001776, 48.00000000000000711 ) ) ;
#8877 = DIRECTION ( 'NONE',  ( -0.000000000000000000, 1.000000000000000000, -0.000000000000000000 ) ) ;
#8878 = ORIENTED_EDGE ( 'NONE', *, *, #7432, .T. ) ;
#8879 = DIRECTION ( 'NONE',  ( 0.000000000000000000, 0.000000000000000000, -1.000000000000000000 ) ) ;
#8880 = CARTESIAN_POINT ( 'NONE',  ( 48.00000000000033396, 1.000000000000000000, 31.29999999999933635 ) ) ;
#8881 = AXIS2_PLACEMENT_3D ( 'NONE', #4202, #1897, #5587 ) ;
#8882 = CARTESIAN_POINT ( 'NONE',  ( 43.50000000000030553, -3.199999999999999289, 28.14999999999937685 ) ) ;
#8883 = LINE ( 'NONE', #7960, #4488 ) ;
#8884 = DIRECTION ( 'NONE',  ( -0.000000000000000000, -0.000000000000000000, -1.000000000000000000 ) ) ;
#8885 = EDGE_CURVE ( 'NONE', #7121, #9773, #1878, .T. ) ;
#8886 = PLANE ( 'NONE',  #3305 ) ;
#8887 = ADVANCED_FACE ( 'NONE', ( #3990 ), #9325, .F. ) ;
#8888 = EDGE_CURVE ( 'NONE', #4221, #3871, #39, .T. ) ;
#8889 = VERTEX_POINT ( 'NONE', #4761 ) ;
#8890 = VECTOR ( 'NONE', #6491, 1000.000000000000000 ) ;
#8891 = EDGE_LOOP ( 'NONE', ( #2403, #854, #1947, #6780 ) ) ;
#8892 = ORIENTED_EDGE ( 'NONE', *, *, #4106, .T. ) ;
#8893 = DIRECTION ( 'NONE',  ( 1.387778780781445676E-16, 0.000000000000000000, 1.000000000000000000 ) ) ;
#8894 = DIRECTION ( 'NONE',  ( -3.360540545390047575E-14, 0.000000000000000000, -1.000000000000000000 ) ) ;
#8895 = FACE_OUTER_BOUND ( 'NONE', #8322, .T. ) ;
#8896 = AXIS2_PLACEMENT_3D ( 'NONE', #8481, #6739, #5360 ) ;
#8897 = DIRECTION ( 'NONE',  ( -1.000000000000000000, -0.000000000000000000, -4.336808689942025625E-16 ) ) ;
#8898 = CARTESIAN_POINT ( 'NONE',  ( -33.45094339622630741, -11.60000000000000320, 44.48985553414034655 ) ) ;
#8899 = CARTESIAN_POINT ( 'NONE',  ( -24.69999999999738094, 1.000000000000000000, 48.14999999999864855 ) ) ;
#8900 = ADVANCED_FACE ( 'NONE', ( #3120 ), #9428, .F. ) ;
#8901 = ORIENTED_EDGE ( 'NONE', *, *, #4855, .T. ) ;
#8902 = ORIENTED_EDGE ( 'NONE', *, *, #7430, .F. ) ;
#8903 = DIRECTION ( 'NONE',  ( 0.000000000000000000, -1.000000000000000000, 0.000000000000000000 ) ) ;
#8904 = VECTOR ( 'NONE', #9237, 1000.000000000000000 ) ;
#8905 = DIRECTION ( 'NONE',  ( 0.000000000000000000, 0.000000000000000000, 1.000000000000000000 ) ) ;
#8906 = VECTOR ( 'NONE', #4841, 1000.000000000000000 ) ;
#8907 = PLANE ( 'NONE',  #1358 ) ;
#8908 = AXIS2_PLACEMENT_3D ( 'NONE', #4865, #332, #3323 ) ;
#8909 = PLANE ( 'NONE',  #3127 ) ;
#8910 = VERTEX_POINT ( 'NONE', #2406 ) ;
#8911 = CYLINDRICAL_SURFACE ( 'NONE', #4819, 2.349999999999997868 ) ;
#8912 = CIRCLE ( 'NONE', #6307, 2.350000000000001421 ) ;
#8913 = DIRECTION ( 'NONE',  ( -0.000000000000000000, 1.000000000000000000, -0.000000000000000000 ) ) ;
#8914 = CARTESIAN_POINT ( 'NONE',  ( 47.99999999999963052, -3.199999999999999289, -35.75000000000033396 ) ) ;
#8915 = ORIENTED_EDGE ( 'NONE', *, *, #9452, .T. ) ;
#8916 = EDGE_CURVE ( 'NONE', #1602, #2089, #7598, .T. ) ;
#8917 = CIRCLE ( 'NONE', #1712, 1.000000000000000888 ) ;
#8918 = ORIENTED_EDGE ( 'NONE', *, *, #259, .F. ) ;
#8919 = AXIS2_PLACEMENT_3D ( 'NONE', #8832, #9035, #4260 ) ;
#8920 = CARTESIAN_POINT ( 'NONE',  ( -27.09999999999738307, -5.000000000000000000, -49.99999999999884182 ) ) ;
#8921 = ADVANCED_FACE ( 'NONE', ( #94 ), #9471, .T. ) ;
#8922 = CARTESIAN_POINT ( 'NONE',  ( 0.000000000000000000, 0.000000000000000000, -49.00000000000000711 ) ) ;
#8923 = EDGE_LOOP ( 'NONE', ( #3781, #285, #3835, #2201, #7058 ) ) ;
#8924 = DIRECTION ( 'NONE',  ( 0.000000000000000000, 1.000000000000000000, 0.000000000000000000 ) ) ;
#8925 = CARTESIAN_POINT ( 'NONE',  ( 38.09999999999983800, -3.199999999999999734, -43.50000000000001421 ) ) ;
#8926 = CARTESIAN_POINT ( 'NONE',  ( 30.49999999999983302, -3.199999999999999289, 43.50000000000001421 ) ) ;
#8927 = AXIS2_PLACEMENT_3D ( 'NONE', #6784, #2165, #573 ) ;
#8928 = ORIENTED_EDGE ( 'NONE', *, *, #197, .T. ) ;
#8929 = CIRCLE ( 'NONE', #6809, 1.550000000000002709 ) ;
#8930 = ORIENTED_EDGE ( 'NONE', *, *, #5954, .T. ) ;
#8931 = VERTEX_POINT ( 'NONE', #1536 ) ;
#8932 = AXIS2_PLACEMENT_3D ( 'NONE', #8704, #7781, #6353 ) ;
#8933 = DIRECTION ( 'NONE',  ( -1.000000000000000000, -0.000000000000000000, 3.491481338843133750E-15 ) ) ;
#8934 = CYLINDRICAL_SURFACE ( 'NONE', #3776, 24.99999999999999645 ) ;
#8935 = ORIENTED_EDGE ( 'NONE', *, *, #2424, .F. ) ;
#8936 = DIRECTION ( 'NONE',  ( 0.000000000000000000, 0.000000000000000000, -1.000000000000000000 ) ) ;
#8937 = DIRECTION ( 'NONE',  ( -1.000000000000000000, 0.000000000000000000, 1.047444401652940007E-14 ) ) ;
#8938 = AXIS2_PLACEMENT_3D ( 'NONE', #8094, #297, #3081 ) ;
#8939 = LINE ( 'NONE', #3550, #1055 ) ;
#8940 = LINE ( 'NONE', #5043, #7589 ) ;
#8941 = DIRECTION ( 'NONE',  ( 0.000000000000000000, 0.000000000000000000, 1.000000000000000000 ) ) ;
#8942 = DIRECTION ( 'NONE',  ( 0.000000000000000000, 0.000000000000000000, -1.000000000000000000 ) ) ;
#8943 = VERTEX_POINT ( 'NONE', #10039 ) ;
#8944 = ORIENTED_EDGE ( 'NONE', *, *, #4184, .T. ) ;
#8945 = ORIENTED_EDGE ( 'NONE', *, *, #1104, .F. ) ;
#8946 = VECTOR ( 'NONE', #5784, 1000.000000000000000 ) ;
#8947 = DIRECTION ( 'NONE',  ( -0.000000000000000000, 1.000000000000000000, -0.000000000000000000 ) ) ;
#8948 = CARTESIAN_POINT ( 'NONE',  ( 20.51918358845291834, -4.200000000000000178, 50.00000000000000711 ) ) ;
#8949 = EDGE_CURVE ( 'NONE', #3017, #8753, #5341, .T. ) ;
#8950 = EDGE_CURVE ( 'NONE', #3568, #6365, #1439, .T. ) ;
#8951 = DIRECTION ( 'NONE',  ( 0.000000000000000000, 1.000000000000000000, 0.000000000000000000 ) ) ;
#8952 = DIRECTION ( 'NONE',  ( 0.000000000000000000, 0.000000000000000000, -1.000000000000000000 ) ) ;
#8953 = CARTESIAN_POINT ( 'NONE',  ( -37.49999999999999289, -8.400000000000000355, 38.54999999999999716 ) ) ;
#8954 = DIRECTION ( 'NONE',  ( -1.000000000000000000, 0.000000000000000000, 3.491481338843133355E-15 ) ) ;
#8955 = ORIENTED_EDGE ( 'NONE', *, *, #5079, .T. ) ;
#8956 = EDGE_LOOP ( 'NONE', ( #5204, #8301, #1066, #5568 ) ) ;
#8957 = CARTESIAN_POINT ( 'NONE',  ( -40.00000000000000000, 1.000000000000000000, 14.99999999999982059 ) ) ;
#8958 = DIRECTION ( 'NONE',  ( -0.000000000000000000, 1.000000000000000000, -0.000000000000000000 ) ) ;
#8959 = FACE_OUTER_BOUND ( 'NONE', #6502, .T. ) ;
#8960 = EDGE_CURVE ( 'NONE', #7047, #7855, #4516, .T. ) ;
#8961 = CARTESIAN_POINT ( 'NONE',  ( 40.00000000000000711, -14.80000000000000071, -47.15000000000001279 ) ) ;
#8962 = CARTESIAN_POINT ( 'NONE',  ( -38.09999999999983800, -3.199999999999999734, -48.00000000000000711 ) ) ;
#8963 = EDGE_LOOP ( 'NONE', ( #8383, #9979 ) ) ;
#8964 = CARTESIAN_POINT ( 'NONE',  ( 48.99999999999999289, 1.000000000000000000, -41.50000000000017764 ) ) ;
#8965 = DIRECTION ( 'NONE',  ( 0.000000000000000000, 1.000000000000000000, 0.000000000000000000 ) ) ;
#8966 = DIRECTION ( 'NONE',  ( 0.000000000000000000, -1.000000000000000000, 0.000000000000000000 ) ) ;
#8967 = ORIENTED_EDGE ( 'NONE', *, *, #3111, .T. ) ;
#8968 = ORIENTED_EDGE ( 'NONE', *, *, #6292, .T. ) ;
#8969 = DIRECTION ( 'NONE',  ( 1.000000000000000000, 0.000000000000000000, -8.953411488912557020E-15 ) ) ;
#8970 = DIRECTION ( 'NONE',  ( 0.000000000000000000, -1.000000000000000000, 0.000000000000000000 ) ) ;
#8971 = ORIENTED_EDGE ( 'NONE', *, *, #7563, .F. ) ;
#8972 = CARTESIAN_POINT ( 'NONE',  ( 33.54230668589168829, -5.540943773805200756, 42.00000000000001421 ) ) ;
#8973 = CARTESIAN_POINT ( 'NONE',  ( -47.99999999999989342, -0.1999999999999999833, 31.30000000000000071 ) ) ;
#8974 = CARTESIAN_POINT ( 'NONE',  ( -21.49897948556372995, -5.000000000000000000, -41.99999999999885603 ) ) ;
#8975 = EDGE_CURVE ( 'NONE', #9714, #2442, #3022, .T. ) ;
#8976 = EDGE_LOOP ( 'NONE', ( #1571, #1839, #305, #6820, #3886 ) ) ;
#8977 = ORIENTED_EDGE ( 'NONE', *, *, #806, .F. ) ;
#8978 = EDGE_LOOP ( 'NONE', ( #5047, #1573, #1294, #4113, #7829, #9026, #765 ) ) ;
#8979 = ADVANCED_FACE ( 'NONE', ( #4084 ), #185, .F. ) ;
#8980 = DIRECTION ( 'NONE',  ( -0.000000000000000000, -0.000000000000000000, -1.000000000000000000 ) ) ;
#8981 = DIRECTION ( 'NONE',  ( -4.476705744456278510E-15, 0.000000000000000000, -1.000000000000000000 ) ) ;
#8982 = ORIENTED_EDGE ( 'NONE', *, *, #8258, .T. ) ;
#8983 = CARTESIAN_POINT ( 'NONE',  ( 39.64999999999953673, -3.199999999999999734, -43.50000000000001421 ) ) ;
#8984 = CARTESIAN_POINT ( 'NONE',  ( -41.50000000000041922, -17.19238815542524534, -41.99999999999950973 ) ) ;
#8985 = CARTESIAN_POINT ( 'NONE',  ( 30.09999999999983089, -8.000000000000001776, -42.00000000000000711 ) ) ;
#8986 = DIRECTION ( 'NONE',  ( -1.396592535537253342E-14, -0.000000000000000000, -1.000000000000000000 ) ) ;
#8987 = FACE_OUTER_BOUND ( 'NONE', #1580, .T. ) ;
#8988 = DIRECTION ( 'NONE',  ( 1.000000000000000000, -0.000000000000000000, -1.047444401652940007E-14 ) ) ;
#8989 = EDGE_LOOP ( 'NONE', ( #6337, #8039 ) ) ;
#8990 = ORIENTED_EDGE ( 'NONE', *, *, #8686, .F. ) ;
#8991 = ORIENTED_EDGE ( 'NONE', *, *, #2191, .T. ) ;
#8992 = CARTESIAN_POINT ( 'NONE',  ( 50.00000000000096634, -3.199999999999999734, 38.09999999999966036 ) ) ;
#8993 = EDGE_CURVE ( 'NONE', #591, #6192, #5687, .T. ) ;
#8994 = CARTESIAN_POINT ( 'NONE',  ( 30.49999999999954170, -3.199999999999999289, -42.00000000000000711 ) ) ;
#8995 = FACE_OUTER_BOUND ( 'NONE', #9491, .T. ) ;
#8996 = LINE ( 'NONE', #7607, #4008 ) ;
#8997 = CARTESIAN_POINT ( 'NONE',  ( -33.17625464991063922, -8.246039980070648312, 42.37181694850860936 ) ) ;
#8998 = DIRECTION ( 'NONE',  ( 0.000000000000000000, 0.000000000000000000, 1.000000000000000000 ) ) ;
#8999 = VERTEX_POINT ( 'NONE', #7214 ) ;
#9000 = EDGE_CURVE ( 'NONE', #3687, #3476, #565, .T. ) ;
#9001 = VERTEX_POINT ( 'NONE', #9514 ) ;
#9002 = EDGE_CURVE ( 'NONE', #7232, #5150, #2863, .T. ) ;
#9003 = DIRECTION ( 'NONE',  ( 0.000000000000000000, 0.000000000000000000, 1.000000000000000000 ) ) ;
#9004 = CARTESIAN_POINT ( 'NONE',  ( 39.64999999999949409, -3.199999999999999734, -50.00000000000078160 ) ) ;
#9005 = DIRECTION ( 'NONE',  ( 1.000000000000000000, 0.000000000000000000, 0.000000000000000000 ) ) ;
#9006 = DIRECTION ( 'NONE',  ( -1.000000000000000000, 0.000000000000000000, -0.000000000000000000 ) ) ;
#9007 = FACE_BOUND ( 'NONE', #3930, .T. ) ;
#9008 = ORIENTED_EDGE ( 'NONE', *, *, #6517, .F. ) ;
#9009 = CARTESIAN_POINT ( 'NONE',  ( 50.00000000000093081, -3.199999999999999289, -28.94999999999965823 ) ) ;
#9010 = CARTESIAN_POINT ( 'NONE',  ( 33.86303485394079615, -10.07557662341604754, -42.00000000000000711 ) ) ;
#9011 = VERTEX_POINT ( 'NONE', #8023 ) ;
#9012 = ORIENTED_EDGE ( 'NONE', *, *, #9131, .T. ) ;
#9013 = ADVANCED_FACE ( 'NONE', ( #9569 ), #2547, .T. ) ;
#9014 = EDGE_CURVE ( 'NONE', #5973, #4952, #240, .T. ) ;
#9015 = EDGE_CURVE ( 'NONE', #7087, #6639, #5799, .T. ) ;
#9016 = ORIENTED_EDGE ( 'NONE', *, *, #2133, .T. ) ;
#9017 = DIRECTION ( 'NONE',  ( -1.387778780781445676E-16, 0.000000000000000000, -1.000000000000000000 ) ) ;
#9018 = DIRECTION ( 'NONE',  ( 0.000000000000000000, 0.000000000000000000, 1.000000000000000000 ) ) ;
#9019 = AXIS2_PLACEMENT_3D ( 'NONE', #2860, #5994, #6860 ) ;
#9020 = ORIENTED_EDGE ( 'NONE', *, *, #7447, .T. ) ;
#9021 = LINE ( 'NONE', #9940, #3181 ) ;
#9022 = CARTESIAN_POINT ( 'NONE',  ( 24.69999999999998863, -3.499999999999999556, -48.15000000000000568 ) ) ;
#9023 = AXIS2_PLACEMENT_3D ( 'NONE', #7935, #3124, #6361 ) ;
#9024 = CARTESIAN_POINT ( 'NONE',  ( 48.00000000000029132, -0.1999999999999999833, 27.09999999999932996 ) ) ;
#9025 = EDGE_CURVE ( 'NONE', #6459, #446, #4329, .T. ) ;
#9026 = ORIENTED_EDGE ( 'NONE', *, *, #36, .F. ) ;
#9027 = VERTEX_POINT ( 'NONE', #1829 ) ;
#9028 = CIRCLE ( 'NONE', #336, 3.000000000000002665 ) ;
#9029 = CARTESIAN_POINT ( 'NONE',  ( -24.70000000000000995, -3.499999999999999556, -48.15000000000000568 ) ) ;
#9030 = CARTESIAN_POINT ( 'NONE',  ( 50.00000000000095923, -3.199999999999999734, -36.54999999999965610 ) ) ;
#9031 = ORIENTED_EDGE ( 'NONE', *, *, #8480, .T. ) ;
#9032 = DIRECTION ( 'NONE',  ( 0.000000000000000000, 0.000000000000000000, 1.000000000000000000 ) ) ;
#9033 = CIRCLE ( 'NONE', #4617, 1.549999999999999378 ) ;
#9034 = LINE ( 'NONE', #2013, #1563 ) ;
#9035 = DIRECTION ( 'NONE',  ( 0.000000000000000000, -1.000000000000000000, 0.000000000000000000 ) ) ;
#9036 = CARTESIAN_POINT ( 'NONE',  ( -16.59999999999983444, -5.000000000000000000, 50.00000000000000711 ) ) ;
#9037 = CARTESIAN_POINT ( 'NONE',  ( -36.80279115838752091, -6.280556881488979393, -42.00000000000002842 ) ) ;
#9038 = DIRECTION ( 'NONE',  ( 0.000000000000000000, 1.000000000000000000, 0.000000000000000000 ) ) ;
#9039 = ORIENTED_EDGE ( 'NONE', *, *, #9357, .T. ) ;
#9040 = EDGE_CURVE ( 'NONE', #3953, #7973, #1050, .T. ) ;
#9041 = ORIENTED_EDGE ( 'NONE', *, *, #2280, .T. ) ;
#9042 = VECTOR ( 'NONE', #9910, 1000.000000000000000 ) ;
#9043 = ORIENTED_EDGE ( 'NONE', *, *, #1429, .F. ) ;
#9044 = CARTESIAN_POINT ( 'NONE',  ( -43.49999999999990763, -3.199999999999999289, 30.49999999999998224 ) ) ;
#9045 = AXIS2_PLACEMENT_3D ( 'NONE', #1721, #7914, #3306 ) ;
#9046 = CARTESIAN_POINT ( 'NONE',  ( -43.50000000000011369, -3.199999999999999289, -30.49999999999968381 ) ) ;
#9047 = B_SPLINE_CURVE_WITH_KNOTS ( 'NONE', 3,
 ( #3351, #3250, #9595, #1711 ),
 .UNSPECIFIED., .F., .F.,
 ( 4, 4 ),
 ( -0.004225407586151632040, -0.002711436051287193037 ),
 .UNSPECIFIED. ) ;
#9048 = CARTESIAN_POINT ( 'NONE',  ( 36.20000000000000995, -15.00000000000000355, 42.89999999999999147 ) ) ;
#9049 = LINE ( 'NONE', #434, #1393 ) ;
#9050 = CARTESIAN_POINT ( 'NONE',  ( -29.91625499911810238, -7.994597322177365406, 44.54520692733981946 ) ) ;
#9051 = CARTESIAN_POINT ( 'NONE',  ( -33.14547960199827514, -11.57639710571786118, 42.82519883287061191 ) ) ;
#9052 = VECTOR ( 'NONE', #10061, 1000.000000000000000 ) ;
#9053 = DIRECTION ( 'NONE',  ( 1.000000000000000000, 0.000000000000000000, 0.000000000000000000 ) ) ;
#9054 = VERTEX_POINT ( 'NONE', #7932 ) ;
#9055 = EDGE_LOOP ( 'NONE', ( #9261, #9296, #6028, #8197, #8382, #8967 ) ) ;
#9056 = CARTESIAN_POINT ( 'NONE',  ( 40.00000000000000711, -15.00000000000000355, -40.45000000000001705 ) ) ;
#9057 = CIRCLE ( 'NONE', #868, 3.599999999999998757 ) ;
#9058 = FACE_BOUND ( 'NONE', #5646, .T. ) ;
#9059 = CARTESIAN_POINT ( 'NONE',  ( -24.69999999999816609, -3.499999999999999556, -47.35000000000054143 ) ) ;
#9060 = DIRECTION ( 'NONE',  ( 0.000000000000000000, 1.000000000000000000, -0.000000000000000000 ) ) ;
#9061 = FACE_OUTER_BOUND ( 'NONE', #6202, .T. ) ;
#9062 = ORIENTED_EDGE ( 'NONE', *, *, #864, .F. ) ;
#9063 = DIRECTION ( 'NONE',  ( -0.000000000000000000, 1.000000000000000000, -0.000000000000000000 ) ) ;
#9064 = CYLINDRICAL_SURFACE ( 'NONE', #3952, 1.000000000000000888 ) ;
#9065 = CIRCLE ( 'NONE', #2187, 1.000000000000000888 ) ;
#9066 = ORIENTED_EDGE ( 'NONE', *, *, #6015, .F. ) ;
#9067 = EDGE_LOOP ( 'NONE', ( #7497, #4869, #8982, #8562, #5917 ) ) ;
#9068 = CIRCLE ( 'NONE', #1035, 1.549999999999999378 ) ;
#9069 = EDGE_LOOP ( 'NONE', ( #4242, #1396, #3004, #56 ) ) ;
#9070 = DIRECTION ( 'NONE',  ( 0.000000000000000000, -1.000000000000000000, 0.000000000000000000 ) ) ;
#9071 = VECTOR ( 'NONE', #5862, 1000.000000000000000 ) ;
#9072 = DIRECTION ( 'NONE',  ( -0.000000000000000000, -0.000000000000000000, -1.000000000000000000 ) ) ;
#9073 = EDGE_CURVE ( 'NONE', #4804, #6000, #9806, .T. ) ;
#9074 = ADVANCED_FACE ( 'NONE', ( #8282, #435, #6742 ), #6696, .T. ) ;
#9075 = VERTEX_POINT ( 'NONE', #3607 ) ;
#9076 = EDGE_CURVE ( 'NONE', #576, #5150, #8595, .T. ) ;
#9077 = DIRECTION ( 'NONE',  ( -1.000000000000000000, 0.000000000000000000, 0.000000000000000000 ) ) ;
#9078 = DIRECTION ( 'NONE',  ( -0.000000000000000000, -0.000000000000000000, 1.000000000000000000 ) ) ;
#9079 = CARTESIAN_POINT ( 'NONE',  ( 42.49999999999982947, 0.000000000000000000, -50.00000000000000711 ) ) ;
#9080 = CIRCLE ( 'NONE', #1048, 2.350000000000001421 ) ;
#9081 = VECTOR ( 'NONE', #5776, 1000.000000000000000 ) ;
#9082 = VECTOR ( 'NONE', #7481, 1000.000000000000000 ) ;
#9083 = EDGE_LOOP ( 'NONE', ( #6745, #1717 ) ) ;
#9084 = VERTEX_POINT ( 'NONE', #1686 ) ;
#9085 = VECTOR ( 'NONE', #3310, 1000.000000000000000 ) ;
#9086 = CYLINDRICAL_SURFACE ( 'NONE', #1522, 4.000000000000000000 ) ;
#9087 = DIRECTION ( 'NONE',  ( 0.000000000000000000, 1.000000000000000000, 0.000000000000000000 ) ) ;
#9088 = ORIENTED_EDGE ( 'NONE', *, *, #7447, .F. ) ;
#9089 = ADVANCED_FACE ( 'NONE', ( #4042 ), #7169, .T. ) ;
#9090 = CARTESIAN_POINT ( 'NONE',  ( 36.20000000000000995, -15.00000000000000355, 42.89999999999999147 ) ) ;
#9091 = VECTOR ( 'NONE', #6422, 1000.000000000000000 ) ;
#9092 = DIRECTION ( 'NONE',  ( 0.000000000000000000, 0.000000000000000000, 1.000000000000000000 ) ) ;
#9093 = CARTESIAN_POINT ( 'NONE',  ( -32.41770636116209658, -9.298206256671688763, 42.00000000000001421 ) ) ;
#9094 = DIRECTION ( 'NONE',  ( 0.000000000000000000, 0.000000000000000000, 1.000000000000000000 ) ) ;
#9095 = CARTESIAN_POINT ( 'NONE',  ( 38.09999999999983800, -3.199999999999999734, 48.00000000000000711 ) ) ;
#9096 = CIRCLE ( 'NONE', #7617, 4.000000000000000000 ) ;
#9097 = CARTESIAN_POINT ( 'NONE',  ( 40.00000000000000711, -14.80000000000000071, -42.80000000000001137 ) ) ;
#9098 = ORIENTED_EDGE ( 'NONE', *, *, #1661, .F. ) ;
#9099 = ORIENTED_EDGE ( 'NONE', *, *, #7069, .T. ) ;
#9100 = EDGE_LOOP ( 'NONE', ( #2048, #9782, #4010, #546, #3414, #8685, #6822, #3979, #7842, #3710 ) ) ;
#9101 = DIRECTION ( 'NONE',  ( 1.000000000000000000, 0.000000000000000000, -1.387778780781445676E-16 ) ) ;
#9102 = FACE_OUTER_BOUND ( 'NONE', #6221, .T. ) ;
#9103 = LINE ( 'NONE', #2083, #1198 ) ;
#9104 = LINE ( 'NONE', #3659, #5816 ) ;
#9105 = LINE ( 'NONE', #5362, #8253 ) ;
#9106 = CARTESIAN_POINT ( 'NONE',  ( 0.000000000000000000, 1.000000000000000000, 48.99999999999999289 ) ) ;
#9107 = ORIENTED_EDGE ( 'NONE', *, *, #6858, .F. ) ;
#9108 = AXIS2_PLACEMENT_3D ( 'NONE', #95, #8661, #4718 ) ;
#9109 = ORIENTED_EDGE ( 'NONE', *, *, #6764, .T. ) ;
#9110 = EDGE_CURVE ( 'NONE', #8871, #7462, #9105, .T. ) ;
#9111 = DIRECTION ( 'NONE',  ( 0.000000000000000000, 0.000000000000000000, -1.000000000000000000 ) ) ;
#9112 = DIRECTION ( 'NONE',  ( 0.000000000000000000, 0.000000000000000000, 1.000000000000000000 ) ) ;
#9113 = DIRECTION ( 'NONE',  ( 0.000000000000000000, 0.000000000000000000, -1.000000000000000000 ) ) ;
#9114 = FACE_OUTER_BOUND ( 'NONE', #3173, .T. ) ;
#9115 = FACE_BOUND ( 'NONE', #847, .T. ) ;
#9116 = ORIENTED_EDGE ( 'NONE', *, *, #3899, .F. ) ;
#9117 = CIRCLE ( 'NONE', #9929, 1.549999999999999378 ) ;
#9118 = CYLINDRICAL_SURFACE ( 'NONE', #4498, 4.000000000000000000 ) ;
#9119 = CARTESIAN_POINT ( 'NONE',  ( 33.26138619769396598, -9.509990858022758786, -42.00000000000000711 ) ) ;
#9120 = ORIENTED_EDGE ( 'NONE', *, *, #7205, .T. ) ;
#9121 = ORIENTED_EDGE ( 'NONE', *, *, #4506, .F. ) ;
#9122 = ORIENTED_EDGE ( 'NONE', *, *, #6704, .T. ) ;
#9123 = DIRECTION ( 'NONE',  ( 0.000000000000000000, 0.000000000000000000, -1.000000000000000000 ) ) ;
#9124 = CARTESIAN_POINT ( 'NONE',  ( 41.49999999999983658, 1.000000000000000000, 48.00000000000000711 ) ) ;
#9125 = VERTEX_POINT ( 'NONE', #2998 ) ;
#9126 = LINE ( 'NONE', #3739, #226 ) ;
#9127 = CARTESIAN_POINT ( 'NONE',  ( 43.50000000000041211, -3.199999999999999734, 38.09999999999938325 ) ) ;
#9128 = CARTESIAN_POINT ( 'NONE',  ( 49.99999999999999289, 1.000000000000000000, -49.00000000000000711 ) ) ;
#9129 = EDGE_CURVE ( 'NONE', #325, #6914, #6793, .T. ) ;
#9130 = ORIENTED_EDGE ( 'NONE', *, *, #2561, .F. ) ;
#9131 = EDGE_CURVE ( 'NONE', #10006, #462, #9557, .T. ) ;
#9132 = CARTESIAN_POINT ( 'NONE',  ( 35.64620518483712175, -14.71870511952360339, -42.95571779725951700 ) ) ;
#9133 = DIRECTION ( 'NONE',  ( 1.000000000000000000, -0.000000000000000000, -0.000000000000000000 ) ) ;
#9134 = ORIENTED_EDGE ( 'NONE', *, *, #36, .T. ) ;
#9135 = PLANE ( 'NONE',  #3016 ) ;
#9136 = LINE ( 'NONE', #9901, #7453 ) ;
#9137 = CARTESIAN_POINT ( 'NONE',  ( -43.50000000000014921, -3.199999999999999289, -40.44999999999968310 ) ) ;
#9138 = LINE ( 'NONE', #6683, #8415 ) ;
#9139 = CARTESIAN_POINT ( 'NONE',  ( -35.35014226004973636, -12.52172951023801950, -42.00000000000000711 ) ) ;
#9140 = ORIENTED_EDGE ( 'NONE', *, *, #5668, .T. ) ;
#9141 = ADVANCED_FACE ( 'NONE', ( #6134, #9962, #7701 ), #5406, .T. ) ;
#9142 = VERTEX_POINT ( 'NONE', #3052 ) ;
#9143 = EDGE_CURVE ( 'NONE', #1584, #8569, #4984, .T. ) ;
#9144 = ORIENTED_EDGE ( 'NONE', *, *, #6648, .F. ) ;
#9145 = DIRECTION ( 'NONE',  ( 1.000000000000000000, 0.000000000000000000, -1.047444401652940007E-14 ) ) ;
#9146 = DIRECTION ( 'NONE',  ( 0.000000000000000000, 0.000000000000000000, -1.000000000000000000 ) ) ;
#9147 = CARTESIAN_POINT ( 'NONE',  ( 43.49999999999963762, -3.199999999999999289, -35.75000000000029132 ) ) ;
#9148 = CARTESIAN_POINT ( 'NONE',  ( 40.00000000000000711, -9.000000000000001776, -42.80000000000001137 ) ) ;
#9149 = CARTESIAN_POINT ( 'NONE',  ( -49.99999999999999289, 0.000000000000000000, 49.99999999999999289 ) ) ;
#9150 = CARTESIAN_POINT ( 'NONE',  ( 30.49999999999948486, -3.199999999999999289, -50.00000000000071054 ) ) ;
#9151 = DIRECTION ( 'NONE',  ( -1.000000000000000000, -0.000000000000000000, 1.387778780781445676E-16 ) ) ;
#9152 = CARTESIAN_POINT ( 'NONE',  ( -42.49999999999948841, 0.000000000000000000, 49.99999999999999289 ) ) ;
#9153 = ORIENTED_EDGE ( 'NONE', *, *, #217, .T. ) ;
#9154 = ORIENTED_EDGE ( 'NONE', *, *, #9227, .F. ) ;
#9155 = CARTESIAN_POINT ( 'NONE',  ( -35.93272957648670740, -14.78774434986896935, -44.36132305184030145 ) ) ;
#9156 = EDGE_CURVE ( 'NONE', #3020, #9273, #5165, .T. ) ;
#9157 = FACE_OUTER_BOUND ( 'NONE', #7309, .T. ) ;
#9158 = DIRECTION ( 'NONE',  ( 0.000000000000000000, -1.000000000000000000, 0.000000000000000000 ) ) ;
#9159 = CARTESIAN_POINT ( 'NONE',  ( 39.43374222656178318, -5.986271465577339690, 42.00000000000000711 ) ) ;
#9160 = CARTESIAN_POINT ( 'NONE',  ( 43.50000000000041211, -3.199999999999999734, 38.09999999999938325 ) ) ;
#9161 = ORIENTED_EDGE ( 'NONE', *, *, #4376, .T. ) ;
#9162 = DIRECTION ( 'NONE',  ( 0.000000000000000000, 0.000000000000000000, 1.000000000000000000 ) ) ;
#9163 = CARTESIAN_POINT ( 'NONE',  ( 33.41718370552837314, -9.643693541604440256, -42.00000000000001421 ) ) ;
#9164 = ORIENTED_EDGE ( 'NONE', *, *, #3698, .F. ) ;
#9165 = VERTEX_POINT ( 'NONE', #2902 ) ;
#9166 = ORIENTED_EDGE ( 'NONE', *, *, #192, .T. ) ;
#9167 = EDGE_CURVE ( 'NONE', #9642, #10134, #3517, .T. ) ;
#9168 = ADVANCED_FACE ( 'NONE', ( #5213, #6848, #6894 ), #3718, .T. ) ;
#9169 = EDGE_LOOP ( 'NONE', ( #5080, #5355, #10056, #8930 ) ) ;
#9170 = PLANE ( 'NONE',  #4346 ) ;
#9171 = DIRECTION ( 'NONE',  ( 1.000000000000000000, 0.000000000000000000, -3.491481338843133355E-15 ) ) ;
#9172 = ORIENTED_EDGE ( 'NONE', *, *, #2941, .T. ) ;
#9173 = DIRECTION ( 'NONE',  ( -0.000000000000000000, 1.000000000000000000, -0.000000000000000000 ) ) ;
#9174 = DIRECTION ( 'NONE',  ( 4.476705744456268255E-15, 0.000000000000000000, -1.000000000000000000 ) ) ;
#9175 = B_SPLINE_CURVE_WITH_KNOTS ( 'NONE', 3,
 ( #8830, #9636, #8154, #2614 ),
 .UNSPECIFIED., .F., .F.,
 ( 4, 4 ),
 ( 1.110764993427085326E-17, 0.0008567366081089891399 ),
 .UNSPECIFIED. ) ;
#9176 = FACE_OUTER_BOUND ( 'NONE', #8610, .T. ) ;
#9177 = VECTOR ( 'NONE', #9235, 1000.000000000000000 ) ;
#9178 = ORIENTED_EDGE ( 'NONE', *, *, #5575, .T. ) ;
#9179 = DIRECTION ( 'NONE',  ( 0.000000000000000000, -1.000000000000000000, 0.000000000000000000 ) ) ;
#9180 = LINE ( 'NONE', #8358, #4601 ) ;
#9181 = CIRCLE ( 'NONE', #827, 1.549999999999999378 ) ;
#9182 = ORIENTED_EDGE ( 'NONE', *, *, #159, .T. ) ;
#9183 = CYLINDRICAL_SURFACE ( 'NONE', #718, 4.349999999999999645 ) ;
#9184 = DIRECTION ( 'NONE',  ( 0.000000000000000000, 0.000000000000000000, -1.000000000000000000 ) ) ;
#9185 = CARTESIAN_POINT ( 'NONE',  ( -32.79907338497352498, -9.854865664144824677, 42.00000000000001421 ) ) ;
#9186 = VECTOR ( 'NONE', #7622, 1000.000000000000000 ) ;
#9187 = ORIENTED_EDGE ( 'NONE', *, *, #6005, .F. ) ;
#9188 = VECTOR ( 'NONE', #5225, 1000.000000000000000 ) ;
#9189 = VERTEX_POINT ( 'NONE', #4433 ) ;
#9190 = VERTEX_POINT ( 'NONE', #9199 ) ;
#9191 = VECTOR ( 'NONE', #2587, 1000.000000000000000 ) ;
#9192 = CARTESIAN_POINT ( 'NONE',  ( -50.00000000000000000, -4.200000000000000178, 20.51918358845227175 ) ) ;
#9193 = CARTESIAN_POINT ( 'NONE',  ( -42.00000000000014211, -11.95696416033846887, -38.25125092009383820 ) ) ;
#9194 = CARTESIAN_POINT ( 'NONE',  ( 40.50308796632035069, -5.037933944727891244, -42.00000000000001421 ) ) ;
#9195 = LINE ( 'NONE', #6186, #3352 ) ;
#9196 = EDGE_CURVE ( 'NONE', #7049, #6619, #6034, .T. ) ;
#9197 = AXIS2_PLACEMENT_3D ( 'NONE', #5410, #9404, #2237 ) ;
#9198 = EDGE_CURVE ( 'NONE', #6519, #3704, #72, .T. ) ;
#9199 = CARTESIAN_POINT ( 'NONE',  ( -45.80000000000062244, -3.499999999999999556, -26.24999999999800337 ) ) ;
#9200 = CARTESIAN_POINT ( 'NONE',  ( -45.80000000000062244, -5.000000000000000000, 24.69999999999800622 ) ) ;
#9201 = DIRECTION ( 'NONE',  ( -1.000000000000000000, -0.000000000000000000, 1.047444401652940007E-14 ) ) ;
#9202 = ADVANCED_FACE ( 'NONE', ( #1413 ), #4639, .F. ) ;
#9203 = CARTESIAN_POINT ( 'NONE',  ( -48.00000000000010658, -0.1999999999999999833, -27.09999999999966747 ) ) ;
#9204 = ORIENTED_EDGE ( 'NONE', *, *, #5377, .F. ) ;
#9205 = VECTOR ( 'NONE', #8060, 1000.000000000000000 ) ;
#9206 = EDGE_LOOP ( 'NONE', ( #6039, #9837, #9166 ) ) ;
#9207 = DIRECTION ( 'NONE',  ( 0.000000000000000000, 0.000000000000000000, 1.000000000000000000 ) ) ;
#9208 = DIRECTION ( 'NONE',  ( -3.491481338843133355E-15, 0.000000000000000000, -1.000000000000000000 ) ) ;
#9209 = FACE_OUTER_BOUND ( 'NONE', #6760, .T. ) ;
#9210 = CARTESIAN_POINT ( 'NONE',  ( 27.10000000000229292, -5.000000000000000000, -41.99999999999885603 ) ) ;
#9211 = AXIS2_PLACEMENT_3D ( 'NONE', #4807, #1776, #3372 ) ;
#9212 = CARTESIAN_POINT ( 'NONE',  ( 47.99999999999968026, 1.000000000000000000, -31.30000000000033467 ) ) ;
#9213 = ORIENTED_EDGE ( 'NONE', *, *, #8672, .F. ) ;
#9214 = DIRECTION ( 'NONE',  ( -0.000000000000000000, 1.000000000000000000, -0.000000000000000000 ) ) ;
#9215 = ADVANCED_FACE ( 'NONE', ( #4543, #631 ), #9862, .T. ) ;
#9216 = AXIS2_PLACEMENT_3D ( 'NONE', #8797, #2626, #4894 ) ;
#9217 = FACE_BOUND ( 'NONE', #7333, .T. ) ;
#9218 = VERTEX_POINT ( 'NONE', #530 ) ;
#9219 = VERTEX_POINT ( 'NONE', #1460 ) ;
#9220 = ORIENTED_EDGE ( 'NONE', *, *, #3307, .T. ) ;
#9221 = CIRCLE ( 'NONE', #1022, 4.349999999999999645 ) ;
#9222 = ORIENTED_EDGE ( 'NONE', *, *, #6508, .T. ) ;
#9223 = CARTESIAN_POINT ( 'NONE',  ( 42.00000000000040501, -3.199999999999999734, 38.09999999999968878 ) ) ;
#9224 = VERTEX_POINT ( 'NONE', #3810 ) ;
#9225 = CARTESIAN_POINT ( 'NONE',  ( -38.10000000000044906, -3.199999999999999734, -43.49999999999947420 ) ) ;
#9226 = CARTESIAN_POINT ( 'NONE',  ( -41.99999999999820943, -5.000000000000000000, 21.49897948556553118 ) ) ;
#9227 = EDGE_CURVE ( 'NONE', #1253, #2267, #9900, .T. ) ;
#9228 = AXIS2_PLACEMENT_3D ( 'NONE', #1972, #7250, #7347 ) ;
#9229 = DIRECTION ( 'NONE',  ( -1.000000000000000000, 0.000000000000000000, 0.000000000000000000 ) ) ;
#9230 = EDGE_CURVE ( 'NONE', #3546, #8665, #9302, .T. ) ;
#9231 = CARTESIAN_POINT ( 'NONE',  ( 47.99999999999968026, 1.000000000000000000, -31.30000000000033467 ) ) ;
#9232 = ORIENTED_EDGE ( 'NONE', *, *, #6015, .T. ) ;
#9233 = EDGE_CURVE ( 'NONE', #1, #6384, #4602, .T. ) ;
#9234 = VECTOR ( 'NONE', #9793, 1000.000000000000000 ) ;
#9235 = DIRECTION ( 'NONE',  ( -0.000000000000000000, 1.000000000000000000, -0.000000000000000000 ) ) ;
#9236 = EDGE_LOOP ( 'NONE', ( #4528, #7674, #1727, #5503, #8815, #8901, #9631, #8740, #5327, #610 ) ) ;
#9237 = DIRECTION ( 'NONE',  ( -1.047444401652940007E-14, 0.000000000000000000, -1.000000000000000000 ) ) ;
#9238 = EDGE_CURVE ( 'NONE', #7737, #6236, #5553, .T. ) ;
#9239 = CARTESIAN_POINT ( 'NONE',  ( -48.00000000000050449, -17.19238815542524534, -47.99999999999936051 ) ) ;
#9240 = VECTOR ( 'NONE', #8079, 1000.000000000000000 ) ;
#9241 = CARTESIAN_POINT ( 'NONE',  ( -41.99999999999991473, -3.199999999999999289, 28.94999999999997797 ) ) ;
#9242 = CIRCLE ( 'NONE', #7764, 2.349999999999997868 ) ;
#9243 = CARTESIAN_POINT ( 'NONE',  ( 41.99999999999969447, -8.000000000000001776, -30.10000000000027143 ) ) ;
#9244 = AXIS2_PLACEMENT_3D ( 'NONE', #7264, #3324, #4811 ) ;
#9245 = VERTEX_POINT ( 'NONE', #2379 ) ;
#9246 = AXIS2_PLACEMENT_3D ( 'NONE', #7565, #3619, #5883 ) ;
#9247 = ORIENTED_EDGE ( 'NONE', *, *, #4507, .F. ) ;
#9248 = B_SPLINE_CURVE_WITH_KNOTS ( 'NONE', 3,
 ( #6930, #7876, #5294, #4572, #858, #3985, #3226, #2441, #5579, #8708 ),
 .UNSPECIFIED., .F., .F.,
 ( 4, 2, 2, 2, 4 ),
 ( 0.000000000000000000, 0.0007182293499587888604, 0.001436458699917577721, 0.002154688049876366581, 0.002872917399835155441 ),
 .UNSPECIFIED. ) ;
#9249 = ORIENTED_EDGE ( 'NONE', *, *, #4565, .F. ) ;
#9250 = AXIS2_PLACEMENT_3D ( 'NONE', #6948, #6187, #6800 ) ;
#9251 = CARTESIAN_POINT ( 'NONE',  ( -49.99999999999955946, 7.750000000000000000, 41.50000000000053291 ) ) ;
#9252 = DIRECTION ( 'NONE',  ( -1.000000000000000000, 0.000000000000000000, 0.000000000000000000 ) ) ;
#9253 = FACE_BOUND ( 'NONE', #2925, .T. ) ;
#9254 = DIRECTION ( 'NONE',  ( -1.000000000000000000, -0.000000000000000000, 3.491481338843133355E-15 ) ) ;
#9255 = AXIS2_PLACEMENT_3D ( 'NONE', #6893, #2233, #4732 ) ;
#9256 = CARTESIAN_POINT ( 'NONE',  ( 30.09999999999983089, -5.000000000000002665, -42.00000000000000711 ) ) ;
#9257 = LINE ( 'NONE', #8484, #1909 ) ;
#9258 = DIRECTION ( 'NONE',  ( 0.000000000000000000, 0.000000000000000000, -1.000000000000000000 ) ) ;
#9259 = DIRECTION ( 'NONE',  ( 1.000000000000000000, 0.000000000000000000, -1.047444401652940007E-14 ) ) ;
#9260 = AXIS2_PLACEMENT_3D ( 'NONE', #6823, #6867, #9985 ) ;
#9261 = ORIENTED_EDGE ( 'NONE', *, *, #8608, .T. ) ;
#9262 = VERTEX_POINT ( 'NONE', #6229 ) ;
#9263 = VERTEX_POINT ( 'NONE', #3248 ) ;
#9264 =( NAMED_UNIT ( * ) PLANE_ANGLE_UNIT ( ) SI_UNIT ( $, .RADIAN. ) );
#9265 = CIRCLE ( 'NONE', #2225, 4.000000000000000000 ) ;
#9266 = EDGE_CURVE ( 'NONE', #153, #9993, #5513, .T. ) ;
#9267 = EDGE_CURVE ( 'NONE', #6912, #1602, #4996, .T. ) ;
#9268 = LINE ( 'NONE', #7667, #8547 ) ;
#9269 = CARTESIAN_POINT ( 'NONE',  ( 29.74216769539543392, -7.978802266294063195, -41.31939148365430725 ) ) ;
#9271 = CARTESIAN_POINT ( 'NONE',  ( -42.49999999999948841, 1.000000000000000000, 49.99999999999999289 ) ) ;
#9270 = VECTOR ( 'NONE', #6959, 1000.000000000000000 ) ;
#9272 = CARTESIAN_POINT ( 'NONE',  ( 32.04999999999952820, -3.199999999999999289, -43.50000000000001421 ) ) ;
#9273 = VERTEX_POINT ( 'NONE', #1760 ) ;
#9274 = CARTESIAN_POINT ( 'NONE',  ( 41.99999999999980105, -4.200000000000000178, -20.51918358845111001 ) ) ;
#9275 = CARTESIAN_POINT ( 'NONE',  ( 42.00000000000023448, -4.000000000000000000, 21.49897948556799676 ) ) ;
#9276 = ORIENTED_EDGE ( 'NONE', *, *, #1441, .T. ) ;
#9277 = ORIENTED_EDGE ( 'NONE', *, *, #5254, .T. ) ;
#9278 = ADVANCED_FACE ( 'NONE', ( #3913 ), #8734, .F. ) ;
#9279 = ORIENTED_EDGE ( 'NONE', *, *, #4849, .F. ) ;
#9280 = ADVANCED_FACE ( 'NONE', ( #160 ), #887, .F. ) ;
#9281 = FACE_OUTER_BOUND ( 'NONE', #5039, .T. ) ;
#9282 = VECTOR ( 'NONE', #7295, 1000.000000000000000 ) ;
#9283 = ORIENTED_EDGE ( 'NONE', *, *, #357, .T. ) ;
#9284 = CARTESIAN_POINT ( 'NONE',  ( -42.00000000000012790, -7.507557834250745188, -39.24262574167418904 ) ) ;
#9285 = DIRECTION ( 'NONE',  ( -1.181088324069316513E-14, 0.000000000000000000, -1.000000000000000000 ) ) ;
#9286 = FACE_OUTER_BOUND ( 'NONE', #7715, .T. ) ;
#9287 = ORIENTED_EDGE ( 'NONE', *, *, #7936, .T. ) ;
#9288 = EDGE_CURVE ( 'NONE', #353, #9830, #4502, .T. ) ;
#9289 = FACE_OUTER_BOUND ( 'NONE', #5889, .T. ) ;
#9290 = ORIENTED_EDGE ( 'NONE', *, *, #8767, .F. ) ;
#9291 = CARTESIAN_POINT ( 'NONE',  ( -29.72263837147175636, -7.976787923685538573, -43.98455237872635593 ) ) ;
#9292 = CARTESIAN_POINT ( 'NONE',  ( 43.49999999999970868, -3.199999999999999289, -28.94999999999967955 ) ) ;
#9293 = EDGE_CURVE ( 'NONE', #9843, #2077, #4840, .T. ) ;
#9294 = CARTESIAN_POINT ( 'NONE',  ( 41.99999999999962341, -10.63267816695667634, -37.38527981751724383 ) ) ;
#9295 = ORIENTED_EDGE ( 'NONE', *, *, #3754, .F. ) ;
#9296 = ORIENTED_EDGE ( 'NONE', *, *, #7742, .T. ) ;
#9297 = ORIENTED_EDGE ( 'NONE', *, *, #3183, .F. ) ;
#9298 = CARTESIAN_POINT ( 'NONE',  ( 41.44274613726384615, -11.18967891358770750, -48.00000000000000711 ) ) ;
#9299 = LINE ( 'NONE', #7655, #1141 ) ;
#9300 = CARTESIAN_POINT ( 'NONE',  ( -24.69999999999738094, -3.499999999999999556, 45.79999999999864713 ) ) ;
#9301 = CARTESIAN_POINT ( 'NONE',  ( -30.49999999999983302, -3.199999999999999289, 43.50000000000001421 ) ) ;
#9302 = LINE ( 'NONE', #7754, #7603 ) ;
#9303 = DIRECTION ( 'NONE',  ( -0.000000000000000000, -0.000000000000000000, -1.000000000000000000 ) ) ;
#9304 = DIRECTION ( 'NONE',  ( -1.000000000000000000, -0.000000000000000000, 3.491481338843133355E-15 ) ) ;
#9305 = CARTESIAN_POINT ( 'NONE',  ( -37.49999999999999289, -9.000000000000001776, 40.54999999999999716 ) ) ;
#9306 = ORIENTED_EDGE ( 'NONE', *, *, #5956, .F. ) ;
#9307 = ORIENTED_EDGE ( 'NONE', *, *, #4946, .F. ) ;
#9308 = EDGE_LOOP ( 'NONE', ( #5653, #3766, #7765, #4766 ) ) ;
#9309 = CARTESIAN_POINT ( 'NONE',  ( -35.64571638570363632, -14.71854526221898496, -42.94365900407195369 ) ) ;
#9310 = DIRECTION ( 'NONE',  ( 1.000000000000000000, 0.000000000000000000, 0.000000000000000000 ) ) ;
#9311 = CARTESIAN_POINT ( 'NONE',  ( 35.64421345284093690, -8.744507983983892174, -42.96862578081942274 ) ) ;
#9312 = CARTESIAN_POINT ( 'NONE',  ( 37.72663238008041731, -5.092893069001402928, 42.00000000000001421 ) ) ;
#9313 = CARTESIAN_POINT ( 'NONE',  ( 36.20000000000000995, -15.00000000000000355, 42.89999999999999147 ) ) ;
#9314 = VERTEX_POINT ( 'NONE', #4733 ) ;
#9315 = CARTESIAN_POINT ( 'NONE',  ( 31.92613302056487612, -8.612183543545844699, 43.74176290974227044 ) ) ;
#9316 = CARTESIAN_POINT ( 'NONE',  ( 41.99999999999960210, -6.703231445149484102, -39.77019391696088491 ) ) ;
#9317 = ADVANCED_FACE ( 'NONE', ( #9347 ), #8679, .F. ) ;
#9318 = ORIENTED_EDGE ( 'NONE', *, *, #4918, .T. ) ;
#9319 = ORIENTED_EDGE ( 'NONE', *, *, #2398, .T. ) ;
#9320 = ORIENTED_EDGE ( 'NONE', *, *, #5627, .T. ) ;
#9321 = DIRECTION ( 'NONE',  ( 0.000000000000000000, -0.000000000000000000, 1.000000000000000000 ) ) ;
#9322 = EDGE_LOOP ( 'NONE', ( #730, #2134, #5315, #1501 ) ) ;
#9323 = EDGE_CURVE ( 'NONE', #4423, #1377, #6333, .T. ) ;
#9324 = CARTESIAN_POINT ( 'NONE',  ( -50.00000000000000711, 3.236067977499853310, -41.49999999999933209 ) ) ;
#9325 = CYLINDRICAL_SURFACE ( 'NONE', #3347, 2.349999999999997868 ) ;
#9326 = CARTESIAN_POINT ( 'NONE',  ( 30.49999999999983302, -3.199999999999999289, -43.50000000000001421 ) ) ;
#9327 = EDGE_CURVE ( 'NONE', #8836, #3393, #5329, .T. ) ;
#9329 = EDGE_CURVE ( 'NONE', #1683, #1602, #4256, .T. ) ;
#9328 = CARTESIAN_POINT ( 'NONE',  ( 47.99999999999960920, -8.127786754896868970, -37.19022228111799677 ) ) ;
#9330 = LINE ( 'NONE', #3083, #891 ) ;
#9331 = ADVANCED_FACE ( 'NONE', ( #5664 ), #8787, .F. ) ;
#9332 = ORIENTED_EDGE ( 'NONE', *, *, #6352, .F. ) ;
#9333 = EDGE_LOOP ( 'NONE', ( #4465, #2019 ) ) ;
#9334 = CARTESIAN_POINT ( 'NONE',  ( 28.14999999999983160, -3.199999999999998845, 43.50000000000001421 ) ) ;
#9335 = DIRECTION ( 'NONE',  ( -1.000000000000000000, 0.000000000000000000, 0.000000000000000000 ) ) ;
#9336 = CIRCLE ( 'NONE', #8845, 2.999999999999999112 ) ;
#9337 = PLANE ( 'NONE',  #3663 ) ;
#9338 = ADVANCED_FACE ( 'NONE', ( #979, #6998, #10118 ), #4693, .T. ) ;
#9339 = ORIENTED_EDGE ( 'NONE', *, *, #8475, .T. ) ;
#9340 = ORIENTED_EDGE ( 'NONE', *, *, #2398, .F. ) ;
#9341 = VERTEX_POINT ( 'NONE', #8882 ) ;
#9342 = CARTESIAN_POINT ( 'NONE',  ( 42.72653086813645018, -10.51409334398280748, -48.00000000000002132 ) ) ;
#9343 = CARTESIAN_POINT ( 'NONE',  ( -40.00000000000000711, -5.025393101198560863, -42.00000000000000711 ) ) ;
#9344 = DIRECTION ( 'NONE',  ( 0.000000000000000000, -1.000000000000000000, 0.000000000000000000 ) ) ;
#9345 = FACE_OUTER_BOUND ( 'NONE', #1307, .T. ) ;
#9346 = AXIS2_PLACEMENT_3D ( 'NONE', #3728, #6755, #9872 ) ;
#9347 = FACE_OUTER_BOUND ( 'NONE', #7004, .T. ) ;
#9348 = CARTESIAN_POINT ( 'NONE',  ( -24.70000000000000995, 1.000000000000000000, -45.80000000000000426 ) ) ;
#9349 = DIRECTION ( 'NONE',  ( 0.000000000000000000, 1.000000000000000000, 0.000000000000000000 ) ) ;
#9350 = ADVANCED_FACE ( 'NONE', ( #2667 ), #7336, .T. ) ;
#9351 = EDGE_CURVE ( 'NONE', #1585, #8441, #2529, .T. ) ;
#9352 = AXIS2_PLACEMENT_3D ( 'NONE', #1008, #4137, #243 ) ;
#9353 = LINE ( 'NONE', #685, #8210 ) ;
#9354 = ORIENTED_EDGE ( 'NONE', *, *, #5070, .F. ) ;
#9355 = EDGE_LOOP ( 'NONE', ( #7151, #9576, #2811, #6199 ) ) ;
#9356 = AXIS2_PLACEMENT_3D ( 'NONE', #7618, #1470, #4440 ) ;
#9357 = EDGE_CURVE ( 'NONE', #9011, #1810, #2730, .T. ) ;
#9358 = CARTESIAN_POINT ( 'NONE',  ( 15.00000000000000355, -1.000000000000000000, -15.00000000000000355 ) ) ;
#9359 = CIRCLE ( 'NONE', #8701, 24.99999999999999645 ) ;
#9360 = CARTESIAN_POINT ( 'NONE',  ( 36.02532352016631734, -14.79999999744829964, -44.58439924387458575 ) ) ;
#9361 = CARTESIAN_POINT ( 'NONE',  ( 31.14125358201637539, -8.066893300826480484, 48.00000000000000711 ) ) ;
#9362 = DIRECTION ( 'NONE',  ( 1.000000000000000000, 0.000000000000000000, -1.734723475976807094E-15 ) ) ;
#9363 = ORIENTED_EDGE ( 'NONE', *, *, #7382, .T. ) ;
#9364 = CARTESIAN_POINT ( 'NONE',  ( -42.00000000000010658, -1.000000000000000000, -27.09999999999968523 ) ) ;
#9365 = AXIS2_PLACEMENT_3D ( 'NONE', #8992, #4893, #1766 ) ;
#9366 = CARTESIAN_POINT ( 'NONE',  ( 41.99999999999961631, -8.047649582035516502, -39.06173865160514680 ) ) ;
#9367 = ORIENTED_EDGE ( 'NONE', *, *, #2908, .T. ) ;
#9368 = CIRCLE ( 'NONE', #8385, 2.349999999999997868 ) ;
#9369 = ORIENTED_EDGE ( 'NONE', *, *, #5291, .F. ) ;
#9370 = VERTEX_POINT ( 'NONE', #5812 ) ;
#9371 = CIRCLE ( 'NONE', #7080, 1.000000000000000888 ) ;
#9372 = CARTESIAN_POINT ( 'NONE',  ( -48.00000000000000711, 0.000000000000000000, 1.675911042644704263E-13 ) ) ;
#9373 = CARTESIAN_POINT ( 'NONE',  ( -30.49999999999983302, -3.199999999999999289, -43.50000000000001421 ) ) ;
#9374 = EDGE_LOOP ( 'NONE', ( #5531, #191, #2971, #4679 ) ) ;
#9375 = AXIS2_PLACEMENT_3D ( 'NONE', #8089, #1070, #3330 ) ;
#9376 = CARTESIAN_POINT ( 'NONE',  ( -27.09999999999983089, -0.2000000000000000944, 49.99999999999999289 ) ) ;
#9377 = CARTESIAN_POINT ( 'NONE',  ( -30.09999999999983089, -8.000000000000001776, -42.00000000000000711 ) ) ;
#9378 = CARTESIAN_POINT ( 'NONE',  ( -41.99999999999988631, -8.450806357213192399, 38.63651966107134683 ) ) ;
#9379 = CARTESIAN_POINT ( 'NONE',  ( -34.94738380067619232, -11.57474594400828494, -42.00000000000001421 ) ) ;
#9380 = VECTOR ( 'NONE', #1885, 1000.000000000000000 ) ;
#9381 = ORIENTED_EDGE ( 'NONE', *, *, #163, .T. ) ;
#9382 = EDGE_CURVE ( 'NONE', #6000, #6721, #3189, .T. ) ;
#9383 = ADVANCED_FACE ( 'NONE', ( #2569 ), #3499, .T. ) ;
#9384 = VECTOR ( 'NONE', #6574, 1000.000000000000000 ) ;
#9385 = EDGE_LOOP ( 'NONE', ( #9287, #570 ) ) ;
#9386 = CARTESIAN_POINT ( 'NONE',  ( -34.09395631181283903, -6.164045376551357869, 42.00000000000000711 ) ) ;
#9387 = CARTESIAN_POINT ( 'NONE',  ( -27.09999999999983089, -5.000000000000000000, 42.00000000000000711 ) ) ;
#9388 = DIRECTION ( 'NONE',  ( -1.387778780781445676E-16, 0.000000000000000000, -1.000000000000000000 ) ) ;
#9389 = ORIENTED_EDGE ( 'NONE', *, *, #2636, .F. ) ;
#9390 = AXIS2_PLACEMENT_3D ( 'NONE', #7848, #9344, #2274 ) ;
#9391 = VERTEX_POINT ( 'NONE', #1186 ) ;
#9392 = ORIENTED_EDGE ( 'NONE', *, *, #2177, .T. ) ;
#9393 = AXIS2_PLACEMENT_3D ( 'NONE', #3390, #4877, #4050 ) ;
#9394 = EDGE_CURVE ( 'NONE', #6487, #7737, #4830, .T. ) ;
#9395 = CARTESIAN_POINT ( 'NONE',  ( 45.80000000000062244, -8.000000000000001776, -26.24999999999800337 ) ) ;
#9396 = CARTESIAN_POINT ( 'NONE',  ( -45.79999999999802185, -3.499999999999999556, 24.70000000000062812 ) ) ;
#9397 = FACE_OUTER_BOUND ( 'NONE', #7996, .T. ) ;
#9398 = CIRCLE ( 'NONE', #6289, 2.350000000000001421 ) ;
#9399 = DIRECTION ( 'NONE',  ( 0.000000000000000000, -1.000000000000000000, 0.000000000000000000 ) ) ;
#9400 = DIRECTION ( 'NONE',  ( -0.000000000000000000, 1.000000000000000000, -0.000000000000000000 ) ) ;
#9401 = DIRECTION ( 'NONE',  ( -0.000000000000000000, -0.000000000000000000, -1.000000000000000000 ) ) ;
#9402 = CARTESIAN_POINT ( 'NONE',  ( 31.29999999999983373, -0.1999999999999999833, -50.00000000000000711 ) ) ;
#9403 = CIRCLE ( 'NONE', #9553, 4.349999999999999645 ) ;
#9404 = DIRECTION ( 'NONE',  ( 0.000000000000000000, -1.000000000000000000, 0.000000000000000000 ) ) ;
#9405 = ORIENTED_EDGE ( 'NONE', *, *, #5158, .T. ) ;
#9406 = ORIENTED_EDGE ( 'NONE', *, *, #9002, .F. ) ;
#9407 = VERTEX_POINT ( 'NONE', #1132 ) ;
#9408 = CARTESIAN_POINT ( 'NONE',  ( 45.80000000000062244, -5.000000000000000000, 24.69999999999800622 ) ) ;
#9409 = CIRCLE ( 'NONE', #2216, 6.799999999999998046 ) ;
#9410 = CARTESIAN_POINT ( 'NONE',  ( -41.99999999999987921, -3.199999999999999734, 38.09999999999998010 ) ) ;
#9411 = CARTESIAN_POINT ( 'NONE',  ( 42.29856540507682894, -8.000000000000001776, 48.00000000000000711 ) ) ;
#9412 = DIRECTION ( 'NONE',  ( 0.000000000000000000, 0.000000000000000000, -1.000000000000000000 ) ) ;
#9413 = ORIENTED_EDGE ( 'NONE', *, *, #2572, .T. ) ;
#9414 = FACE_OUTER_BOUND ( 'NONE', #3683, .T. ) ;
#9415 = VECTOR ( 'NONE', #2180, 1000.000000000000000 ) ;
#9416 = CARTESIAN_POINT ( 'NONE',  ( 35.68507792207282847, -13.91172658783313842, -42.00000000000001421 ) ) ;
#9417 = EDGE_CURVE ( 'NONE', #2035, #9880, #5755, .T. ) ;
#9418 = ORIENTED_EDGE ( 'NONE', *, *, #9198, .F. ) ;
#9419 = AXIS2_PLACEMENT_3D ( 'NONE', #1913, #9794, #1960 ) ;
#9420 = EDGE_LOOP ( 'NONE', ( #6012, #8461 ) ) ;
#9421 = ORIENTED_EDGE ( 'NONE', *, *, #358, .T. ) ;
#9422 = CIRCLE ( 'NONE', #7620, 1.550000000000002709 ) ;
#9423 = PLANE ( 'NONE',  #3205 ) ;
#9424 = CARTESIAN_POINT ( 'NONE',  ( 48.00000000000033396, -0.1999999999999999833, 31.29999999999933635 ) ) ;
#9425 = EDGE_LOOP ( 'NONE', ( #1524, #9678, #356, #5971 ) ) ;
#9426 = VECTOR ( 'NONE', #4724, 1000.000000000000000 ) ;
#9427 = CARTESIAN_POINT ( 'NONE',  ( 49.00000000000000711, 1.000000000000000000, 48.99999999999999289 ) ) ;
#9428 = CYLINDRICAL_SURFACE ( 'NONE', #6960, 2.349999999999997868 ) ;
#9429 = CARTESIAN_POINT ( 'NONE',  ( 24.69999999999998863, 1.000000000000000000, -45.80000000000000426 ) ) ;
#9430 = CARTESIAN_POINT ( 'NONE',  ( 47.99999999999958078, -8.631984052024762377, -40.41273711434767080 ) ) ;
#9431 = VECTOR ( 'NONE', #1593, 1000.000000000000000 ) ;
#9432 = ORIENTED_EDGE ( 'NONE', *, *, #1678, .F. ) ;
#9433 = ORIENTED_EDGE ( 'NONE', *, *, #7995, .T. ) ;
#9434 = DIRECTION ( 'NONE',  ( 0.000000000000000000, -0.000000000000000000, -1.000000000000000000 ) ) ;
#9435 = DIRECTION ( 'NONE',  ( 0.000000000000000000, 0.000000000000000000, -1.000000000000000000 ) ) ;
#9436 = CARTESIAN_POINT ( 'NONE',  ( 41.99999999999964473, -9.820187325192378580, -36.60010059063008470 ) ) ;
#9437 = EDGE_CURVE ( 'NONE', #4367, #7665, #8265, .T. ) ;
#9438 = EDGE_CURVE ( 'NONE', #132, #10086, #5651, .T. ) ;
#9439 = ORIENTED_EDGE ( 'NONE', *, *, #1116, .T. ) ;
#9440 = ORIENTED_EDGE ( 'NONE', *, *, #3744, .F. ) ;
#9441 = ADVANCED_FACE ( 'NONE', ( #5709 ), #308, .F. ) ;
#9442 = EDGE_LOOP ( 'NONE', ( #9928, #5765 ) ) ;
#9443 = CARTESIAN_POINT ( 'NONE',  ( 40.00000000000000711, -15.00000000000000355, -45.15000000000001279 ) ) ;
#9444 = CARTESIAN_POINT ( 'NONE',  ( -47.19692464130405796, -8.356908126833303641, -48.00000000000001421 ) ) ;
#9445 = CARTESIAN_POINT ( 'NONE',  ( -45.79999999999802185, 1.000000000000000000, 24.70000000000062812 ) ) ;
#9446 = CARTESIAN_POINT ( 'NONE',  ( -48.00000000000050449, -1.000000000000000000, -47.99999999999936051 ) ) ;
#9447 = DIRECTION ( 'NONE',  ( 0.000000000000000000, 0.000000000000000000, -1.000000000000000000 ) ) ;
#9448 = CARTESIAN_POINT ( 'NONE',  ( 29.45669142652079842, -7.930954528371040091, 45.54508906999877382 ) ) ;
#9449 = CARTESIAN_POINT ( 'NONE',  ( -41.49999999999983658, -1.000000000000000000, -48.00000000000000711 ) ) ;
#9450 = EDGE_CURVE ( 'NONE', #2978, #5835, #3848, .T. ) ;
#9451 = CARTESIAN_POINT ( 'NONE',  ( -43.49999999999988631, -3.199999999999999289, 35.74999999999999289 ) ) ;
#9452 = EDGE_CURVE ( 'NONE', #2077, #2647, #8939, .T. ) ;
#9453 = EDGE_CURVE ( 'NONE', #9011, #5068, #2775, .T. ) ;
#9454 = ORIENTED_EDGE ( 'NONE', *, *, #1854, .T. ) ;
#9455 = ORIENTED_EDGE ( 'NONE', *, *, #8790, .T. ) ;
#9456 = ORIENTED_EDGE ( 'NONE', *, *, #3027, .F. ) ;
#9457 = CARTESIAN_POINT ( 'NONE',  ( -47.99999999999987921, -3.199999999999999734, 38.10000000000000142 ) ) ;
#9458 = DIRECTION ( 'NONE',  ( 0.000000000000000000, 1.000000000000000000, 0.000000000000000000 ) ) ;
#9459 = DIRECTION ( 'NONE',  ( 0.000000000000000000, -1.000000000000000000, 0.000000000000000000 ) ) ;
#9460 = CARTESIAN_POINT ( 'NONE',  ( 50.00000000000000000, -5.000000000000000000, -16.59999999999802966 ) ) ;
#9461 = ORIENTED_EDGE ( 'NONE', *, *, #7529, .T. ) ;
#9462 = CARTESIAN_POINT ( 'NONE',  ( 50.00000000000000711, -1.000000000000000000, 41.49999999999933209 ) ) ;
#9463 = CARTESIAN_POINT ( 'NONE',  ( -49.99999999999999289, 0.000000000000000000, 42.50000000000051870 ) ) ;
#9464 = ORIENTED_EDGE ( 'NONE', *, *, #5588, .T. ) ;
#9465 = ORIENTED_EDGE ( 'NONE', *, *, #5815, .T. ) ;
#9466 = DIRECTION ( 'NONE',  ( 0.000000000000000000, 0.000000000000000000, -1.000000000000000000 ) ) ;
#9467 = FACE_OUTER_BOUND ( 'NONE', #4793, .T. ) ;
#9468 = DIRECTION ( 'NONE',  ( 0.000000000000000000, 0.000000000000000000, 1.000000000000000000 ) ) ;
#9469 = ORIENTED_EDGE ( 'NONE', *, *, #2371, .F. ) ;
#9470 = CARTESIAN_POINT ( 'NONE',  ( 30.49999999999983302, -3.199999999999999289, -43.50000000000001421 ) ) ;
#9471 = PLANE ( 'NONE',  #725 ) ;
#9472 = DIRECTION ( 'NONE',  ( 0.000000000000000000, -0.000000000000000000, -1.000000000000000000 ) ) ;
#9473 = LINE ( 'NONE', #3993, #328 ) ;
#9474 = EDGE_CURVE ( 'NONE', #248, #3794, #8097, .T. ) ;
#9475 = ORIENTED_EDGE ( 'NONE', *, *, #6323, .T. ) ;
#9476 = DIRECTION ( 'NONE',  ( 1.000000000000000000, 0.000000000000000000, -1.047444401652940007E-14 ) ) ;
#9477 = ORIENTED_EDGE ( 'NONE', *, *, #3576, .F. ) ;
#9478 = CARTESIAN_POINT ( 'NONE',  ( -49.00000000000000711, 1.000000000000000000, -41.49999999999965894 ) ) ;
#9479 = CARTESIAN_POINT ( 'NONE',  ( -41.13721316159377750, -6.457632609665187040, 42.00000000000000711 ) ) ;
#9480 = CARTESIAN_POINT ( 'NONE',  ( 32.86226415094331088, -11.60000000000000320, 45.68962710804180460 ) ) ;
#9481 = EDGE_LOOP ( 'NONE', ( #6931, #7324, #9109, #7321 ) ) ;
#9482 = ORIENTED_EDGE ( 'NONE', *, *, #1300, .T. ) ;
#9483 = EDGE_LOOP ( 'NONE', ( #4548, #5580, #9340, #8345 ) ) ;
#9484 = DIRECTION ( 'NONE',  ( -1.000000000000000000, 8.673617379884027583E-16, 0.000000000000000000 ) ) ;
#9485 = CARTESIAN_POINT ( 'NONE',  ( -49.99999999999991473, -0.1999999999999999833, 27.10000000000000497 ) ) ;
#9486 = CARTESIAN_POINT ( 'NONE',  ( -33.14537742395249609, -11.57637686901528262, 42.83530764778621602 ) ) ;
#9487 = LINE ( 'NONE', #207, #5663 ) ;
#9488 = DIRECTION ( 'NONE',  ( -1.387778780781445676E-16, -0.000000000000000000, -1.000000000000000000 ) ) ;
#9489 = DIRECTION ( 'NONE',  ( -1.000000000000000000, 0.000000000000000000, 1.047444401652940007E-14 ) ) ;
#9490 = DIRECTION ( 'NONE',  ( -0.000000000000000000, -0.000000000000000000, 1.000000000000000000 ) ) ;
#9491 = EDGE_LOOP ( 'NONE', ( #3533, #7433, #1892, #6074 ) ) ;
#9492 =( BOUNDED_CURVE ( )  B_SPLINE_CURVE ( 3, ( #7555, #6036, #3662, #6802 ),
 .UNSPECIFIED., .F., .F. ) 
 B_SPLINE_CURVE_WITH_KNOTS ( ( 4, 4 ),
 ( 3.141592653589793116, 4.712388980384689674 ),
 .UNSPECIFIED. ) 
 CURVE ( )  GEOMETRIC_REPRESENTATION_ITEM ( )  RATIONAL_B_SPLINE_CURVE ( ( 1.000000000000000000, 0.8047378541243649375, 0.8047378541243649375, 1.000000000000000000 ) ) 
 REPRESENTATION_ITEM ( '' )  );
#9493 = ORIENTED_EDGE ( 'NONE', *, *, #8916, .F. ) ;
#9494 = ORIENTED_EDGE ( 'NONE', *, *, #6885, .T. ) ;
#9495 = EDGE_CURVE ( 'NONE', #3301, #8999, #3399, .T. ) ;
#9496 = DIRECTION ( 'NONE',  ( -1.000000000000000000, 0.000000000000000000, 0.000000000000000000 ) ) ;
#9497 = CARTESIAN_POINT ( 'NONE',  ( -47.99999999999990763, -0.1999999999999999833, 27.09999999999999787 ) ) ;
#9498 = EDGE_CURVE ( 'NONE', #4600, #8569, #5146, .T. ) ;
#9499 = EDGE_CURVE ( 'NONE', #1906, #8084, #2869, .T. ) ;
#9500 = DIRECTION ( 'NONE',  ( 4.476705744456268255E-15, 0.000000000000000000, -1.000000000000000000 ) ) ;
#9501 = CYLINDRICAL_SURFACE ( 'NONE', #3073, 1.550000000000002709 ) ;
#9502 = CIRCLE ( 'NONE', #9659, 1.550000000000002709 ) ;
#9503 = FACE_OUTER_BOUND ( 'NONE', #1794, .T. ) ;
#9504 = DIRECTION ( 'NONE',  ( -1.000000000000000000, -0.000000000000000000, -3.491481338843133750E-15 ) ) ;
#9505 = VERTEX_POINT ( 'NONE', #8051 ) ;
#9506 = ORIENTED_EDGE ( 'NONE', *, *, #5880, .F. ) ;
#9507 = CARTESIAN_POINT ( 'NONE',  ( -38.09999999999925535, -3.199999999999999734, 42.00000000000000711 ) ) ;
#9508 = EDGE_CURVE ( 'NONE', #625, #6486, #6804, .T. ) ;
#9509 = DIRECTION ( 'NONE',  ( 0.000000000000000000, 0.000000000000000000, 1.000000000000000000 ) ) ;
#9510 = VECTOR ( 'NONE', #3522, 1000.000000000000000 ) ;
#9511 = LINE ( 'NONE', #2493, #8852 ) ;
#9512 = EDGE_LOOP ( 'NONE', ( #3103, #3068 ) ) ;
#9513 = DIRECTION ( 'NONE',  ( -1.000000000000000000, -0.000000000000000000, -3.491481338843133750E-15 ) ) ;
#9514 = CARTESIAN_POINT ( 'NONE',  ( 24.70000000000261764, -3.499999999999999556, 48.14999999999864855 ) ) ;
#9515 = CARTESIAN_POINT ( 'NONE',  ( -42.00000000000011369, -8.000000000000001776, -30.09999999999968523 ) ) ;
#9516 = CARTESIAN_POINT ( 'NONE',  ( -33.42911497058873493, -9.642061900919834727, -42.00000000000000711 ) ) ;
#9517 = ORIENTED_EDGE ( 'NONE', *, *, #3158, .F. ) ;
#9518 = VECTOR ( 'NONE', #4330, 1000.000000000000000 ) ;
#9519 = VERTEX_POINT ( 'NONE', #3647 ) ;
#9520 = VECTOR ( 'NONE', #8818, 1000.000000000000000 ) ;
#9521 = FACE_OUTER_BOUND ( 'NONE', #3185, .T. ) ;
#9522 = EDGE_CURVE ( 'NONE', #2089, #6806, #7595, .T. ) ;
#9523 = ORIENTED_EDGE ( 'NONE', *, *, #9529, .F. ) ;
#9524 = CARTESIAN_POINT ( 'NONE',  ( -41.99999999999986500, -10.02513371737467907, 41.49999999999997868 ) ) ;
#9525 = CIRCLE ( 'NONE', #3317, 1.000000000000000888 ) ;
#9526 = DIRECTION ( 'NONE',  ( -1.387778780781445676E-16, 0.000000000000000000, -1.000000000000000000 ) ) ;
#9527 = DIRECTION ( 'NONE',  ( -0.000000000000000000, 1.000000000000000000, -0.000000000000000000 ) ) ;
#9528 = VECTOR ( 'NONE', #4384, 1000.000000000000000 ) ;
#9529 = EDGE_CURVE ( 'NONE', #2502, #8056, #2116, .T. ) ;
#9530 = ORIENTED_EDGE ( 'NONE', *, *, #44, .T. ) ;
#9531 = EDGE_LOOP ( 'NONE', ( #1478, #8340, #2356, #3735 ) ) ;
#9532 = AXIS2_PLACEMENT_3D ( 'NONE', #8063, #8010, #6646 ) ;
#9533 = ORIENTED_EDGE ( 'NONE', *, *, #1166, .F. ) ;
#9534 = EDGE_CURVE ( 'NONE', #4701, #709, #1287, .T. ) ;
#9535 = CARTESIAN_POINT ( 'NONE',  ( -48.00000000000015632, 1.000000000000000000, -41.49999999999966604 ) ) ;
#9536 = CARTESIAN_POINT ( 'NONE',  ( -40.46819751491331374, -11.47694674732306552, -48.00000000000000000 ) ) ;
#9537 = CARTESIAN_POINT ( 'NONE',  ( 42.00000000000066080, -5.000000000000000000, -21.49897948556438010 ) ) ;
#9538 = DIRECTION ( 'NONE',  ( -0.000000000000000000, -0.000000000000000000, -1.000000000000000000 ) ) ;
#9539 = CARTESIAN_POINT ( 'NONE',  ( -24.69999999999738094, -3.499999999999999556, 45.79999999999864713 ) ) ;
#9540 = FACE_OUTER_BOUND ( 'NONE', #2195, .T. ) ;
#9541 = DIRECTION ( 'NONE',  ( 0.000000000000000000, 0.000000000000000000, 1.000000000000000000 ) ) ;
#9542 = VECTOR ( 'NONE', #9860, 1000.000000000000000 ) ;
#9543 = CARTESIAN_POINT ( 'NONE',  ( -47.99999999999990763, -5.000000000000002665, 27.09999999999999787 ) ) ;
#9544 = EDGE_LOOP ( 'NONE', ( #7798, #4040, #3580, #4278, #4749, #7019 ) ) ;
#9545 = CIRCLE ( 'NONE', #7426, 2.350000000000001421 ) ;
#9546 = VERTEX_POINT ( 'NONE', #9847 ) ;
#9547 = AXIS2_PLACEMENT_3D ( 'NONE', #286, #4906, #2496 ) ;
#9548 = VECTOR ( 'NONE', #8361, 1000.000000000000000 ) ;
#9549 = CARTESIAN_POINT ( 'NONE',  ( 42.00000000000039790, -8.000000000000001776, 37.46285920726752039 ) ) ;
#9550 = DIRECTION ( 'NONE',  ( -1.396592535537253342E-14, -0.000000000000000000, -1.000000000000000000 ) ) ;
#9551 = CARTESIAN_POINT ( 'NONE',  ( -50.00000000000000711, 1.000000000000000000, -50.00000000000000711 ) ) ;
#9552 = CARTESIAN_POINT ( 'NONE',  ( 31.29999999999983373, -0.1999999999999999833, -48.00000000000000711 ) ) ;
#9553 = AXIS2_PLACEMENT_3D ( 'NONE', #6811, #3571, #9925 ) ;
#9554 = PLANE ( 'NONE',  #8252 ) ;
#9555 = VECTOR ( 'NONE', #5938, 1000.000000000000000 ) ;
#9556 = DIRECTION ( 'NONE',  ( -1.000000000000000000, 0.000000000000000000, 0.000000000000000000 ) ) ;
#9557 = CIRCLE ( 'NONE', #9893, 2.349999999999997868 ) ;
#9558 = ORIENTED_EDGE ( 'NONE', *, *, #6472, .F. ) ;
#9559 = EDGE_CURVE ( 'NONE', #803, #7772, #7925, .T. ) ;
#9560 = VERTEX_POINT ( 'NONE', #1450 ) ;
#9561 = ADVANCED_FACE ( 'NONE', ( #9902 ), #5242, .T. ) ;
#9562 = AXIS2_PLACEMENT_3D ( 'NONE', #9148, #481, #1199 ) ;
#9563 = FACE_BOUND ( 'NONE', #1273, .T. ) ;
#9565 = CARTESIAN_POINT ( 'NONE',  ( -48.00000000000010658, -0.1999999999999999833, -27.09999999999966747 ) ) ;
#9564 = AXIS2_PLACEMENT_3D ( 'NONE', #7553, #3867, #5255 ) ;
#9566 = DIRECTION ( 'NONE',  ( 1.000000000000000000, 0.000000000000000000, -3.491481338843133355E-15 ) ) ;
#9567 = ORIENTED_EDGE ( 'NONE', *, *, #549, .F. ) ;
#9568 = LINE ( 'NONE', #5685, #2034 ) ;
#9569 = FACE_OUTER_BOUND ( 'NONE', #8016, .T. ) ;
#9570 = LINE ( 'NONE', #5688, #9431 ) ;
#9571 = CARTESIAN_POINT ( 'NONE',  ( -32.43344736815499374, -8.907552253791754637, -42.00000000000001421 ) ) ;
#9572 = ORIENTED_EDGE ( 'NONE', *, *, #8127, .T. ) ;
#9573 = EDGE_CURVE ( 'NONE', #7943, #6806, #8363, .T. ) ;
#9574 = EDGE_CURVE ( 'NONE', #3032, #8100, #3750, .T. ) ;
#9575 = CIRCLE ( 'NONE', #1570, 1.550000000000002709 ) ;
#9576 = ORIENTED_EDGE ( 'NONE', *, *, #2503, .F. ) ;
#9577 = VECTOR ( 'NONE', #6879, 1000.000000000000000 ) ;
#9578 = AXIS2_PLACEMENT_3D ( 'NONE', #5610, #4788, #889 ) ;
#9579 = DIRECTION ( 'NONE',  ( 0.000000000000000000, 1.000000000000000000, 0.000000000000000000 ) ) ;
#9580 = ORIENTED_EDGE ( 'NONE', *, *, #9129, .T. ) ;
#9581 = CARTESIAN_POINT ( 'NONE',  ( -36.21624035691661447, -5.049925483956404726, 42.00000000000001421 ) ) ;
#9582 = DIRECTION ( 'NONE',  ( -1.000000000000000000, 0.000000000000000000, 0.000000000000000000 ) ) ;
#9583 = CARTESIAN_POINT ( 'NONE',  ( 41.99999999999967315, -8.000000000000001776, -31.83083868292561291 ) ) ;
#9584 = EDGE_CURVE ( 'NONE', #7855, #9075, #5595, .T. ) ;
#9585 = VERTEX_POINT ( 'NONE', #9241 ) ;
#9586 = EDGE_LOOP ( 'NONE', ( #690, #4937 ) ) ;
#9587 = VERTEX_POINT ( 'NONE', #2072 ) ;
#9588 = CARTESIAN_POINT ( 'NONE',  ( -41.99999999999990763, -3.199999999999999289, 30.49999999999998224 ) ) ;
#9589 = AXIS2_PLACEMENT_3D ( 'NONE', #8584, #786, #5407 ) ;
#9590 = CARTESIAN_POINT ( 'NONE',  ( -33.30082113140840505, -8.538985969050683522, -48.00000000000000000 ) ) ;
#9591 = DIRECTION ( 'NONE',  ( 0.000000000000000000, 0.000000000000000000, -1.000000000000000000 ) ) ;
#9592 = LINE ( 'NONE', #8048, #7129 ) ;
#9593 = DIRECTION ( 'NONE',  ( 1.000000000000000000, 0.000000000000000000, 0.000000000000000000 ) ) ;
#9594 = DIRECTION ( 'NONE',  ( 1.000000000000000000, 0.000000000000000000, -1.047444401652939849E-14 ) ) ;
#9595 = CARTESIAN_POINT ( 'NONE',  ( -40.50924288018781994, -5.025393101198560863, -42.00000000000000711 ) ) ;
#9596 = DIRECTION ( 'NONE',  ( 0.000000000000000000, 0.000000000000000000, -1.000000000000000000 ) ) ;
#9597 = EDGE_CURVE ( 'NONE', #2780, #871, #4577, .T. ) ;
#9598 = ORIENTED_EDGE ( 'NONE', *, *, #8594, .T. ) ;
#9599 = ORIENTED_EDGE ( 'NONE', *, *, #10081, .F. ) ;
#9600 = VERTEX_POINT ( 'NONE', #3595 ) ;
#9601 = LINE ( 'NONE', #7452, #4623 ) ;
#9602 = CARTESIAN_POINT ( 'NONE',  ( 48.00000000000017764, -1.000000000000000000, 47.99999999999969447 ) ) ;
#9603 = CARTESIAN_POINT ( 'NONE',  ( -29.87323076026856583, -7.991417007358170288, 42.00000000000000711 ) ) ;
#9604 = CARTESIAN_POINT ( 'NONE',  ( 14.99999999999982236, -1.000000000000000000, 40.00000000000000000 ) ) ;
#9605 = DIRECTION ( 'NONE',  ( 0.000000000000000000, 0.000000000000000000, 1.000000000000000000 ) ) ;
#9606 = DIRECTION ( 'NONE',  ( -1.000000000000000000, 0.000000000000000000, 4.476705744456278510E-15 ) ) ;
#9607 = ORIENTED_EDGE ( 'NONE', *, *, #5482, .T. ) ;
#9608 = VERTEX_POINT ( 'NONE', #2832 ) ;
#9609 = CARTESIAN_POINT ( 'NONE',  ( -41.99999999999986500, -10.02513371737467907, 41.49999999999997868 ) ) ;
#9610 = CARTESIAN_POINT ( 'NONE',  ( 40.24161162836502825, -7.200155741057210790, 41.99999999999999289 ) ) ;
#9611 = DIRECTION ( 'NONE',  ( 0.000000000000000000, 0.000000000000000000, -1.000000000000000000 ) ) ;
#9612 = EDGE_LOOP ( 'NONE', ( #8754, #3543 ) ) ;
#9613 = CARTESIAN_POINT ( 'NONE',  ( -47.99999999999986500, 1.000000000000000000, 41.50000000000000000 ) ) ;
#9614 = EDGE_CURVE ( 'NONE', #6236, #8098, #3853, .T. ) ;
#9615 = DIRECTION ( 'NONE',  ( 1.000000000000000000, 0.000000000000000000, -6.938893903907222067E-15 ) ) ;
#9616 = DIRECTION ( 'NONE',  ( -1.734723475976810250E-15, -0.000000000000000000, -1.000000000000000000 ) ) ;
#9617 = DIRECTION ( 'NONE',  ( -0.000000000000000000, 1.000000000000000000, -0.000000000000000000 ) ) ;
#9618 = ORIENTED_EDGE ( 'NONE', *, *, #3121, .T. ) ;
#9619 = VERTEX_POINT ( 'NONE', #250 ) ;
#9620 = DIRECTION ( 'NONE',  ( 1.000000000000000000, 0.000000000000000000, -8.953411488912536510E-15 ) ) ;
#9621 = CARTESIAN_POINT ( 'NONE',  ( 49.99999999999985079, 3.236067977499856863, -41.50000000000000711 ) ) ;
#9622 = EDGE_CURVE ( 'NONE', #4952, #2574, #7127, .T. ) ;
#9623 = ADVANCED_FACE ( 'NONE', ( #8088 ), #2759, .T. ) ;
#9624 = ORIENTED_EDGE ( 'NONE', *, *, #8667, .T. ) ;
#9625 = EDGE_CURVE ( 'NONE', #9142, #6038, #1164, .T. ) ;
#9626 = CARTESIAN_POINT ( 'NONE',  ( 27.09999999999983089, -0.1999999999999999833, -48.00000000000000711 ) ) ;
#9627 = DIRECTION ( 'NONE',  ( 0.000000000000000000, 0.000000000000000000, 1.000000000000000000 ) ) ;
#9628 = CARTESIAN_POINT ( 'NONE',  ( 30.50000000000013856, -3.199999999999999289, 43.49999999999980105 ) ) ;
#9629 = ORIENTED_EDGE ( 'NONE', *, *, #6441, .F. ) ;
#9630 = VERTEX_POINT ( 'NONE', #6511 ) ;
#9631 = ORIENTED_EDGE ( 'NONE', *, *, #2599, .T. ) ;
#9632 = DIRECTION ( 'NONE',  ( 1.000000000000000000, 0.000000000000000000, -1.047444401652939849E-14 ) ) ;
#9633 = DIRECTION ( 'NONE',  ( 0.000000000000000000, 0.000000000000000000, -1.000000000000000000 ) ) ;
#9634 = VERTEX_POINT ( 'NONE', #2597 ) ;
#9635 = EDGE_CURVE ( 'NONE', #7943, #8026, #5737, .T. ) ;
#9636 = CARTESIAN_POINT ( 'NONE',  ( 41.82171917423620044, -8.737696543422352136, 41.67828082576367166 ) ) ;
#9637 = CARTESIAN_POINT ( 'NONE',  ( 41.49999999999915445, 0.000000000000000000, -50.00000000000015632 ) ) ;
#9638 = DIRECTION ( 'NONE',  ( -4.625929269271486900E-15, 0.000000000000000000, -1.000000000000000000 ) ) ;
#9639 = DIRECTION ( 'NONE',  ( -1.000000000000000000, 0.000000000000000000, 3.491481338843133355E-15 ) ) ;
#9640 = LINE ( 'NONE', #2834, #5096 ) ;
#9641 = CARTESIAN_POINT ( 'NONE',  ( -41.50000000000000711, 7.750000000000000000, -49.99999999999999289 ) ) ;
#9642 = VERTEX_POINT ( 'NONE', #4201 ) ;
#9643 = ORIENTED_EDGE ( 'NONE', *, *, #5706, .T. ) ;
#9644 = ORIENTED_EDGE ( 'NONE', *, *, #1365, .T. ) ;
#9645 = CARTESIAN_POINT ( 'NONE',  ( -49.00000000000000000, 1.000000000000000000, 6.800116025829083810E-15 ) ) ;
#9646 = LINE ( 'NONE', #1867, #10029 ) ;
#9647 = EDGE_CURVE ( 'NONE', #5597, #6276, #9575, .T. ) ;
#9648 = DIRECTION ( 'NONE',  ( 1.047444401652940007E-14, -1.204669080539449097E-16, 1.000000000000000000 ) ) ;
#9649 = CARTESIAN_POINT ( 'NONE',  ( -16.59999999999983444, -1.000000000000000000, 0.000000000000000000 ) ) ;
#9650 = EDGE_CURVE ( 'NONE', #2089, #1683, #1836, .T. ) ;
#9651 = CARTESIAN_POINT ( 'NONE',  ( 29.28332403250274041, -7.887324260555161892, 41.80128979975535231 ) ) ;
#9652 = AXIS2_PLACEMENT_3D ( 'NONE', #5962, #9087, #8311 ) ;
#9653 = LINE ( 'NONE', #8695, #672 ) ;
#9654 = VERTEX_POINT ( 'NONE', #5790 ) ;
#9655 = ORIENTED_EDGE ( 'NONE', *, *, #5540, .F. ) ;
#9656 = EDGE_CURVE ( 'NONE', #2562, #10134, #1895, .T. ) ;
#9657 = AXIS2_PLACEMENT_3D ( 'NONE', #9460, #3975, #9412 ) ;
#9658 = CARTESIAN_POINT ( 'NONE',  ( 47.99999999999965894, -3.199999999999999289, -32.85000000000033538 ) ) ;
#9659 = AXIS2_PLACEMENT_3D ( 'NONE', #5689, #2707, #2646 ) ;
#9660 = CARTESIAN_POINT ( 'NONE',  ( -41.49999999999983658, 1.000000000000000000, 48.00000000000000711 ) ) ;
#9661 = DIRECTION ( 'NONE',  ( -1.000000000000000000, -0.000000000000000000, 1.734723475976807094E-15 ) ) ;
#9662 = ORIENTED_EDGE ( 'NONE', *, *, #8373, .T. ) ;
#9663 = CARTESIAN_POINT ( 'NONE',  ( 50.00000000000097344, -3.199999999999999734, -39.64999999999966462 ) ) ;
#9664 = DIRECTION ( 'NONE',  ( 1.000000000000000000, 0.000000000000000000, -8.953411488912536510E-15 ) ) ;
#9665 = DIRECTION ( 'NONE',  ( 0.000000000000000000, 0.000000000000000000, 1.000000000000000000 ) ) ;
#9666 = EDGE_LOOP ( 'NONE', ( #2722, #2537, #8477, #7706, #6404, #108, #9008, #10096, #4753, #2935, #2308 ) ) ;
#9667 = AXIS2_PLACEMENT_3D ( 'NONE', #1673, #4802, #7159 ) ;
#9668 = EDGE_CURVE ( 'NONE', #8360, #6100, #9422, .T. ) ;
#9669 = ORIENTED_EDGE ( 'NONE', *, *, #4262, .T. ) ;
#9670 = AXIS2_PLACEMENT_3D ( 'NONE', #4954, #5112, #6702 ) ;
#9671 = CARTESIAN_POINT ( 'NONE',  ( -47.99999999999989342, 1.000000000000000000, 31.30000000000000071 ) ) ;
#9672 = CARTESIAN_POINT ( 'NONE',  ( -42.00000000000008527, -4.000000000000000000, -21.49897948556684923 ) ) ;
#9673 = VECTOR ( 'NONE', #8988, 1000.000000000000000 ) ;
#9674 = EDGE_LOOP ( 'NONE', ( #6217, #6498, #4845, #6164, #10027, #1765, #799, #8892, #9283 ) ) ;
#9675 = DIRECTION ( 'NONE',  ( -1.000000000000000000, -0.000000000000000000, 3.491481338843133750E-15 ) ) ;
#9676 = DIRECTION ( 'NONE',  ( -1.396592535537253342E-14, -0.000000000000000000, -1.000000000000000000 ) ) ;
#9677 = DIRECTION ( 'NONE',  ( -3.491481338843133355E-15, 0.000000000000000000, -1.000000000000000000 ) ) ;
#9678 = ORIENTED_EDGE ( 'NONE', *, *, #7411, .T. ) ;
#9679 = AXIS2_PLACEMENT_3D ( 'NONE', #6232, #2425, #9596 ) ;
#9680 = EDGE_CURVE ( 'NONE', #3775, #2451, #7477, .T. ) ;
#9681 = ORIENTED_EDGE ( 'NONE', *, *, #3801, .F. ) ;
#9682 = ADVANCED_FACE ( 'NONE', ( #1068 ), #293, .T. ) ;
#9683 = ORIENTED_EDGE ( 'NONE', *, *, #9417, .F. ) ;
#9684 = CIRCLE ( 'NONE', #6112, 4.349999999999999645 ) ;
#9685 = CARTESIAN_POINT ( 'NONE',  ( -33.49446470137034026, -8.297082958219267113, 48.00000000000000711 ) ) ;
#9686 = DIRECTION ( 'NONE',  ( 1.047444401652940007E-14, 0.000000000000000000, 1.000000000000000000 ) ) ;
#9687 = VERTEX_POINT ( 'NONE', #6714 ) ;
#9688 = DIRECTION ( 'NONE',  ( 0.000000000000000000, 0.000000000000000000, -1.000000000000000000 ) ) ;
#9689 = DIRECTION ( 'NONE',  ( -1.000000000000000000, 0.000000000000000000, 0.000000000000000000 ) ) ;
#9690 = DIRECTION ( 'NONE',  ( -8.953411488912536510E-15, 0.000000000000000000, -1.000000000000000000 ) ) ;
#9691 = FACE_OUTER_BOUND ( 'NONE', #3747, .T. ) ;
#9692 = DIRECTION ( 'NONE',  ( -0.000000000000000000, -0.000000000000000000, 1.000000000000000000 ) ) ;
#9693 = DIRECTION ( 'NONE',  ( 0.000000000000000000, 0.000000000000000000, -1.000000000000000000 ) ) ;
#9694 = VERTEX_POINT ( 'NONE', #5025 ) ;
#9695 = CIRCLE ( 'NONE', #3974, 4.349999999999999645 ) ;
#9696 = ORIENTED_EDGE ( 'NONE', *, *, #824, .T. ) ;
#9697 = EDGE_CURVE ( 'NONE', #500, #6402, #1118, .T. ) ;
#9698 = ORIENTED_EDGE ( 'NONE', *, *, #7709, .T. ) ;
#9699 = CARTESIAN_POINT ( 'NONE',  ( 45.80000000000062244, -8.000000000000001776, 26.24999999999800337 ) ) ;
#9700 = CARTESIAN_POINT ( 'NONE',  ( 28.14999999999983160, -3.199999999999999289, -43.50000000000001421 ) ) ;
#9701 = PLANE ( 'NONE',  #8229 ) ;
#9702 = DIRECTION ( 'NONE',  ( -0.000000000000000000, 1.000000000000000000, -0.000000000000000000 ) ) ;
#9703 = CARTESIAN_POINT ( 'NONE',  ( -33.14704736774532989, -11.57666643643168669, 43.04055527661468972 ) ) ;
#9704 = DIRECTION ( 'NONE',  ( -0.000000000000000000, 1.000000000000000000, -0.000000000000000000 ) ) ;
#9705 = EDGE_LOOP ( 'NONE', ( #6917, #4140, #456, #6096, #8825 ) ) ;
#9706 = EDGE_LOOP ( 'NONE', ( #3138, #6233 ) ) ;
#9707 = LINE ( 'NONE', #3520, #6957 ) ;
#9708 = AXIS2_PLACEMENT_3D ( 'NONE', #1072, #967, #8867 ) ;
#9709 = DIRECTION ( 'NONE',  ( 1.000000000000000000, -0.000000000000000000, -1.047444401652940007E-14 ) ) ;
#9710 = AXIS2_PLACEMENT_3D ( 'NONE', #2117, #6069, #8364 ) ;
#9711 = CARTESIAN_POINT ( 'NONE',  ( -41.56819071297414325, -7.320963816998309781, 41.93180928702571464 ) ) ;
#9712 = AXIS2_PLACEMENT_3D ( 'NONE', #3623, #447, #5065 ) ;
#9713 = CARTESIAN_POINT ( 'NONE',  ( 42.50000000000000000, 1.000000000000000000, 48.99999999999999289 ) ) ;
#9714 = VERTEX_POINT ( 'NONE', #7365 ) ;
#9715 = EDGE_CURVE ( 'NONE', #7229, #4590, #7286, .T. ) ;
#9716 = AXIS2_PLACEMENT_3D ( 'NONE', #840, #3258, #4892 ) ;
#9717 = DIRECTION ( 'NONE',  ( 0.000000000000000000, 0.000000000000000000, -1.000000000000000000 ) ) ;
#9718 = AXIS2_PLACEMENT_3D ( 'NONE', #6829, #5896, #6008 ) ;
#9719 = CARTESIAN_POINT ( 'NONE',  ( 29.72614385180519747, -7.976614113461312883, -42.00000000000000711 ) ) ;
#9720 = CARTESIAN_POINT ( 'NONE',  ( 45.80000000000062244, -5.000000000000000000, -24.69999999999800622 ) ) ;
#9721 = VERTEX_POINT ( 'NONE', #9828 ) ;
#9722 = VECTOR ( 'NONE', #1750, 1000.000000000000000 ) ;
#9723 = VECTOR ( 'NONE', #5328, 1000.000000000000000 ) ;
#9724 = ORIENTED_EDGE ( 'NONE', *, *, #5924, .F. ) ;
#9725 = VECTOR ( 'NONE', #8472, 1000.000000000000000 ) ;
#9726 = FACE_OUTER_BOUND ( 'NONE', #7872, .T. ) ;
#9727 = DIRECTION ( 'NONE',  ( -1.047444401652940007E-14, 0.000000000000000000, -1.000000000000000000 ) ) ;
#9728 = CIRCLE ( 'NONE', #5161, 4.000000000000000000 ) ;
#9729 = ORIENTED_EDGE ( 'NONE', *, *, #6071, .F. ) ;
#9730 = FACE_OUTER_BOUND ( 'NONE', #8976, .T. ) ;
#9731 = DIRECTION ( 'NONE',  ( -0.000000000000000000, -0.000000000000000000, -1.000000000000000000 ) ) ;
#9732 = DIRECTION ( 'NONE',  ( 0.000000000000000000, 0.000000000000000000, 1.000000000000000000 ) ) ;
#9733 = AXIS2_PLACEMENT_3D ( 'NONE', #7540, #518, #8969 ) ;
#9734 = ORIENTED_EDGE ( 'NONE', *, *, #4855, .F. ) ;
#9735 = VECTOR ( 'NONE', #4060, 1000.000000000000000 ) ;
#9736 = VERTEX_POINT ( 'NONE', #3385 ) ;
#9737 = EDGE_LOOP ( 'NONE', ( #7693, #6973, #1992, #2392 ) ) ;
#9738 = VECTOR ( 'NONE', #1574, 1000.000000000000000 ) ;
#9739 = FACE_OUTER_BOUND ( 'NONE', #3780, .T. ) ;
#9740 = DIRECTION ( 'NONE',  ( 1.000000000000000000, 0.000000000000000000, 0.000000000000000000 ) ) ;
#9741 = ORIENTED_EDGE ( 'NONE', *, *, #6149, .T. ) ;
#9742 = DIRECTION ( 'NONE',  ( -1.000000000000000000, -0.000000000000000000, 4.336808689942025625E-16 ) ) ;
#9743 = DIRECTION ( 'NONE',  ( 0.000000000000000000, 0.000000000000000000, 1.000000000000000000 ) ) ;
#9744 = TOROIDAL_SURFACE ( 'NONE', #8287, 0.3499999999999996447, 4.000000000000000000 ) ;
#9745 = EDGE_CURVE ( 'NONE', #7689, #5542, #906, .T. ) ;
#9746 = CARTESIAN_POINT ( 'NONE',  ( -47.99999999999986500, 1.000000000000000000, 41.50000000000000000 ) ) ;
#9747 = DIRECTION ( 'NONE',  ( -1.387778780781445676E-16, -0.000000000000000000, -1.000000000000000000 ) ) ;
#9748 = CARTESIAN_POINT ( 'NONE',  ( -49.00000000000000711, -1.000000000000000000, -49.00000000000000711 ) ) ;
#9749 = ADVANCED_FACE ( 'NONE', ( #9726 ), #2711, .F. ) ;
#9750 = AXIS2_PLACEMENT_3D ( 'NONE', #4063, #7096, #66 ) ;
#9751 = CARTESIAN_POINT ( 'NONE',  ( -37.49999999999999289, -15.00000000000000355, 38.54999999999999716 ) ) ;
#9752 = EDGE_LOOP ( 'NONE', ( #8366, #5901, #2605, #5802 ) ) ;
#9753 = VERTEX_POINT ( 'NONE', #2813 ) ;
#9754 = VERTEX_POINT ( 'NONE', #8189 ) ;
#9755 = AXIS2_PLACEMENT_3D ( 'NONE', #8558, #3790, #1486 ) ;
#9756 = CARTESIAN_POINT ( 'NONE',  ( -24.69999999999816609, -8.000000000000001776, -45.80000000000054428 ) ) ;
#9757 = FACE_OUTER_BOUND ( 'NONE', #8399, .T. ) ;
#9758 = DIRECTION ( 'NONE',  ( -4.476705744456268255E-15, 0.000000000000000000, 1.000000000000000000 ) ) ;
#9759 = ADVANCED_FACE ( 'NONE', ( #7420 ), #1398, .F. ) ;
#9760 = DIRECTION ( 'NONE',  ( -1.000000000000000000, -0.000000000000000000, 1.734723475976807094E-15 ) ) ;
#9761 = EDGE_CURVE ( 'NONE', #3787, #7381, #6667, .T. ) ;
#9762 = ADVANCED_FACE ( 'NONE', ( #652, #2923, #3077 ), #2294, .T. ) ;
#9763 = CARTESIAN_POINT ( 'NONE',  ( -33.17338917813327015, -11.58052792791352559, 42.40212259809997164 ) ) ;
#9764 = EDGE_CURVE ( 'NONE', #9909, #6708, #6055, .T. ) ;
#9765 = DIRECTION ( 'NONE',  ( 0.000000000000000000, 1.000000000000000000, 0.000000000000000000 ) ) ;
#9766 = ORIENTED_EDGE ( 'NONE', *, *, #1212, .F. ) ;
#9767 = VERTEX_POINT ( 'NONE', #5337 ) ;
#9768 = PLANE ( 'NONE',  #1238 ) ;
#9769 = FACE_OUTER_BOUND ( 'NONE', #3752, .T. ) ;
#9770 = DIRECTION ( 'NONE',  ( -0.000000000000000000, -0.000000000000000000, 1.000000000000000000 ) ) ;
#9771 = DIRECTION ( 'NONE',  ( 0.7071067811866064146, 0.000000000000000000, 0.7071067811864886199 ) ) ;
#9772 = DIRECTION ( 'NONE',  ( 1.000000000000000000, 0.000000000000000000, -1.047444401652940007E-14 ) ) ;
#9773 = VERTEX_POINT ( 'NONE', #5427 ) ;
#9774 = FACE_OUTER_BOUND ( 'NONE', #8272, .T. ) ;
#9775 = EDGE_CURVE ( 'NONE', #9935, #3439, #744, .T. ) ;
#9776 = CARTESIAN_POINT ( 'NONE',  ( -31.29999999999983373, 1.000000000000000000, 48.00000000000000711 ) ) ;
#9777 = ORIENTED_EDGE ( 'NONE', *, *, #4901, .T. ) ;
#9778 = VERTEX_POINT ( 'NONE', #3786 ) ;
#9779 = VERTEX_POINT ( 'NONE', #7678 ) ;
#9780 = DIRECTION ( 'NONE',  ( 0.000000000000000000, 0.000000000000000000, -1.000000000000000000 ) ) ;
#9781 = CARTESIAN_POINT ( 'NONE',  ( -31.29999999999983373, -0.1999999999999999833, -48.00000000000000711 ) ) ;
#9782 = ORIENTED_EDGE ( 'NONE', *, *, #1463, .T. ) ;
#9783 = LINE ( 'NONE', #2974, #6301 ) ;
#9784 = EDGE_CURVE ( 'NONE', #5691, #3888, #3364, .T. ) ;
#9785 = DIRECTION ( 'NONE',  ( 1.000000000000000000, 0.000000000000000000, 0.000000000000000000 ) ) ;
#9786 = ADVANCED_FACE ( 'NONE', ( #9281 ), #9170, .T. ) ;
#9787 = CARTESIAN_POINT ( 'NONE',  ( -40.00000000000000711, -9.000000000000001776, -42.45000000000001705 ) ) ;
#9788 = ORIENTED_EDGE ( 'NONE', *, *, #2474, .F. ) ;
#9789 = ORIENTED_EDGE ( 'NONE', *, *, #953, .F. ) ;
#9790 = DIRECTION ( 'NONE',  ( -1.000000000000000000, 0.000000000000000000, 1.047444401652940007E-14 ) ) ;
#9791 = DIRECTION ( 'NONE',  ( -1.000000000000000000, 0.000000000000000000, 0.000000000000000000 ) ) ;
#9792 = VERTEX_POINT ( 'NONE', #8403 ) ;
#9793 = DIRECTION ( 'NONE',  ( -1.000000000000000000, -0.000000000000000000, 1.301042606982605321E-15 ) ) ;
#9794 = DIRECTION ( 'NONE',  ( -1.000000000000000000, -0.000000000000000000, -3.491481338843133750E-15 ) ) ;
#9795 = DIRECTION ( 'NONE',  ( 0.000000000000000000, 0.000000000000000000, 1.000000000000000000 ) ) ;
#9796 = FACE_OUTER_BOUND ( 'NONE', #5714, .T. ) ;
#9797 = DIRECTION ( 'NONE',  ( -1.000000000000000000, -0.000000000000000000, 0.000000000000000000 ) ) ;
#9798 = CARTESIAN_POINT ( 'NONE',  ( 48.00000000000033396, -0.1999999999999999833, 31.29999999999933635 ) ) ;
#9799 = ORIENTED_EDGE ( 'NONE', *, *, #1619, .T. ) ;
#9800 = VERTEX_POINT ( 'NONE', #4512 ) ;
#9801 = VERTEX_POINT ( 'NONE', #10035 ) ;
#9802 = CARTESIAN_POINT ( 'NONE',  ( -32.04999999999924398, -3.199999999999999289, 42.00000000000000711 ) ) ;
#9803 = CARTESIAN_POINT ( 'NONE',  ( 31.29999999999983373, -0.1999999999999999833, 48.00000000000000711 ) ) ;
#9804 = DIRECTION ( 'NONE',  ( 1.000000000000000000, 0.000000000000000000, 0.000000000000000000 ) ) ;
#9805 = FACE_BOUND ( 'NONE', #4437, .T. ) ;
#9806 = LINE ( 'NONE', #1737, #2681 ) ;
#9807 = CARTESIAN_POINT ( 'NONE',  ( -29.86942988142006428, -7.991149058252582371, 41.99008612754973768 ) ) ;
#9808 = CARTESIAN_POINT ( 'NONE',  ( 50.00000000000064659, -5.000000000000000000, 16.60000000000164633 ) ) ;
#9809 = VERTEX_POINT ( 'NONE', #3021 ) ;
#9810 = EDGE_LOOP ( 'NONE', ( #2723, #7521, #4199, #648 ) ) ;
#9811 = FACE_OUTER_BOUND ( 'NONE', #4858, .T. ) ;
#9812 = EDGE_CURVE ( 'NONE', #6100, #8360, #81, .T. ) ;
#9813 = ADVANCED_FACE ( 'NONE', ( #2205 ), #1481, .T. ) ;
#9814 = EDGE_CURVE ( 'NONE', #8533, #3331, #708, .T. ) ;
#9815 = DIRECTION ( 'NONE',  ( 0.000000000000000000, 0.000000000000000000, 1.000000000000000000 ) ) ;
#9816 = FACE_OUTER_BOUND ( 'NONE', #337, .T. ) ;
#9817 = CARTESIAN_POINT ( 'NONE',  ( 20.51918358845537682, -4.200000000000000178, -42.00000000000000711 ) ) ;
#9818 = LINE ( 'NONE', #9212, #8371 ) ;
#9819 = VERTEX_POINT ( 'NONE', #3836 ) ;
#9820 = AXIS2_PLACEMENT_3D ( 'NONE', #3292, #1756, #883 ) ;
#9821 = FACE_OUTER_BOUND ( 'NONE', #1785, .T. ) ;
#9822 = DIRECTION ( 'NONE',  ( 1.000000000000000000, 0.000000000000000000, 0.000000000000000000 ) ) ;
#9823 = ORIENTED_EDGE ( 'NONE', *, *, #192, .F. ) ;
#9824 = ORIENTED_EDGE ( 'NONE', *, *, #9076, .T. ) ;
#9825 = AXIS2_PLACEMENT_3D ( 'NONE', #1240, #9740, #5860 ) ;
#9826 = ORIENTED_EDGE ( 'NONE', *, *, #4816, .F. ) ;
#9827 = ADVANCED_FACE ( 'NONE', ( #6974, #4456 ), #556, .T. ) ;
#9828 = CARTESIAN_POINT ( 'NONE',  ( -42.00000000000007105, -0.9999999999999986677, -16.60000000000049170 ) ) ;
#9829 = CARTESIAN_POINT ( 'NONE',  ( 40.00000000000000711, -14.80000000000000071, -42.80000000000001137 ) ) ;
#9830 = VERTEX_POINT ( 'NONE', #1322 ) ;
#9831 = CARTESIAN_POINT ( 'NONE',  ( -43.49999999999990052, -3.199999999999999289, 32.04999999999999005 ) ) ;
#9832 = FACE_OUTER_BOUND ( 'NONE', #3817, .T. ) ;
#9833 = VECTOR ( 'NONE', #7361, 1000.000000000000000 ) ;
#9834 = CARTESIAN_POINT ( 'NONE',  ( 40.00000000000000000, 1.000000000000000000, 14.99999999999982236 ) ) ;
#9835 = VECTOR ( 'NONE', #4344, 1000.000000000000000 ) ;
#9836 = CIRCLE ( 'NONE', #998, 2.349999999999997868 ) ;
#9837 = ORIENTED_EDGE ( 'NONE', *, *, #7578, .F. ) ;
#9838 = ADVANCED_FACE ( 'NONE', ( #10093 ), #3689, .F. ) ;
#9839 = VERTEX_POINT ( 'NONE', #6208 ) ;
#9840 = VECTOR ( 'NONE', #4229, 1000.000000000000000 ) ;
#9841 = DIRECTION ( 'NONE',  ( -0.000000000000000000, 1.000000000000000000, -0.000000000000000000 ) ) ;
#9842 = DIRECTION ( 'NONE',  ( -1.000000000000000000, -0.000000000000000000, 3.491481338843133750E-15 ) ) ;
#9843 = VERTEX_POINT ( 'NONE', #501 ) ;
#9844 = DIRECTION ( 'NONE',  ( 0.000000000000000000, 1.000000000000000000, 0.000000000000000000 ) ) ;
#9845 = AXIS2_PLACEMENT_3D ( 'NONE', #2682, #5049, #6643 ) ;
#9846 = DIRECTION ( 'NONE',  ( -1.000000000000000000, -0.000000000000000000, 3.491481338843133750E-15 ) ) ;
#9847 = CARTESIAN_POINT ( 'NONE',  ( 40.44999999999983231, -3.199999999999999734, 48.00000000000000711 ) ) ;
#9848 = EDGE_CURVE ( 'NONE', #3908, #7212, #8102, .T. ) ;
#9849 = CARTESIAN_POINT ( 'NONE',  ( -49.99999999999999289, -1.000000000000000000, 48.99999999999999289 ) ) ;
#9850 = DIRECTION ( 'NONE',  ( 0.000000000000000000, 0.000000000000000000, -1.000000000000000000 ) ) ;
#9851 = VECTOR ( 'NONE', #6898, 1000.000000000000000 ) ;
#9852 = CARTESIAN_POINT ( 'NONE',  ( -35.72419598204034230, -5.000000000000001776, -42.00000000000000711 ) ) ;
#9853 = VERTEX_POINT ( 'NONE', #6104 ) ;
#9854 = ORIENTED_EDGE ( 'NONE', *, *, #4644, .T. ) ;
#9855 = VECTOR ( 'NONE', #2429, 1000.000000000000000 ) ;
#9856 = ORIENTED_EDGE ( 'NONE', *, *, #2177, .F. ) ;
#9857 = CARTESIAN_POINT ( 'NONE',  ( 50.00000000000000711, 1.000000000000000000, 41.49999999999999289 ) ) ;
#9858 = CIRCLE ( 'NONE', #3315, 2.999999999999995559 ) ;
#9859 = DIRECTION ( 'NONE',  ( -0.000000000000000000, -0.000000000000000000, 1.000000000000000000 ) ) ;
#9860 = DIRECTION ( 'NONE',  ( -1.387778780781445676E-16, -0.000000000000000000, -1.000000000000000000 ) ) ;
#9861 = CARTESIAN_POINT ( 'NONE',  ( -38.09999999999983800, -3.199999999999999734, -43.50000000000001421 ) ) ;
#9862 = PLANE ( 'NONE',  #7440 ) ;
#9863 = CYLINDRICAL_SURFACE ( 'NONE', #5153, 2.349999999999997868 ) ;
#9864 = CIRCLE ( 'NONE', #9211, 7.949999999999998401 ) ;
#9865 = CARTESIAN_POINT ( 'NONE',  ( 32.84999999999983089, -3.199999999999998845, -48.00000000000000711 ) ) ;
#9866 = ORIENTED_EDGE ( 'NONE', *, *, #609, .T. ) ;
#9867 = VERTEX_POINT ( 'NONE', #3889 ) ;
#9868 = DIRECTION ( 'NONE',  ( -0.000000000000000000, -0.000000000000000000, 1.000000000000000000 ) ) ;
#9869 = CARTESIAN_POINT ( 'NONE',  ( -31.29999999999983373, 0.000000000000000000, -50.00000000000000711 ) ) ;
#9870 = DIRECTION ( 'NONE',  ( -0.000000000000000000, 0.000000000000000000, 1.000000000000000000 ) ) ;
#9871 = DIRECTION ( 'NONE',  ( 0.000000000000000000, 1.000000000000000000, 0.000000000000000000 ) ) ;
#9872 = DIRECTION ( 'NONE',  ( 0.000000000000000000, 0.000000000000000000, 1.000000000000000000 ) ) ;
#9873 = ORIENTED_EDGE ( 'NONE', *, *, #2091, .T. ) ;
#9874 = CARTESIAN_POINT ( 'NONE',  ( 36.20000000000000995, -9.000000000000001776, 45.24999999999999289 ) ) ;
#9876 = EDGE_CURVE ( 'NONE', #3503, #2011, #4178, .T. ) ;
#9875 = CARTESIAN_POINT ( 'NONE',  ( -38.09999999999983800, -3.199999999999999734, 48.00000000000000711 ) ) ;
#9877 = EDGE_CURVE ( 'NONE', #720, #9853, #8806, .T. ) ;
#9878 = ORIENTED_EDGE ( 'NONE', *, *, #3506, .F. ) ;
#9879 = ORIENTED_EDGE ( 'NONE', *, *, #4053, .T. ) ;
#9880 = VERTEX_POINT ( 'NONE', #1587 ) ;
#9881 = CIRCLE ( 'NONE', #5145, 3.000000000000002665 ) ;
#9882 = CARTESIAN_POINT ( 'NONE',  ( 0.000000000000000000, -1.000000000000000000, 0.000000000000000000 ) ) ;
#9883 = CIRCLE ( 'NONE', #5477, 4.349999999999999645 ) ;
#9884 = DIRECTION ( 'NONE',  ( 1.000000000000000000, -0.000000000000000000, -1.047444401652940007E-14 ) ) ;
#9885 = ORIENTED_EDGE ( 'NONE', *, *, #3693, .F. ) ;
#9886 = DIRECTION ( 'NONE',  ( 0.000000000000000000, 0.000000000000000000, 1.000000000000000000 ) ) ;
#9887 = DIRECTION ( 'NONE',  ( 0.000000000000000000, 0.000000000000000000, 1.000000000000000000 ) ) ;
#9888 = CIRCLE ( 'NONE', #8425, 2.350000000000001421 ) ;
#9889 = ADVANCED_FACE ( 'NONE', ( #7827, #87 ), #8656, .T. ) ;
#9890 = CARTESIAN_POINT ( 'NONE',  ( 43.50000000000041211, -3.199999999999999734, 38.09999999999938325 ) ) ;
#9891 = ADVANCED_FACE ( 'NONE', ( #1629 ), #4666, .F. ) ;
#9892 = AXIS2_PLACEMENT_3D ( 'NONE', #904, #1047, #4032 ) ;
#9893 = AXIS2_PLACEMENT_3D ( 'NONE', #4485, #8435, #2276 ) ;
#9894 = ORIENTED_EDGE ( 'NONE', *, *, #9877, .T. ) ;
#9895 = AXIS2_PLACEMENT_3D ( 'NONE', #4030, #7157, #128 ) ;
#9896 = CYLINDRICAL_SURFACE ( 'NONE', #2330, 2.349999999999997868 ) ;
#9897 = DIRECTION ( 'NONE',  ( 1.000000000000000000, 0.000000000000000000, 0.000000000000000000 ) ) ;
#9898 = ORIENTED_EDGE ( 'NONE', *, *, #3553, .F. ) ;
#9899 = FACE_OUTER_BOUND ( 'NONE', #4611, .T. ) ;
#9900 = CIRCLE ( 'NONE', #9250, 1.550000000000002709 ) ;
#9901 = CARTESIAN_POINT ( 'NONE',  ( 50.00000000000095923, -3.199999999999999734, 36.54999999999965610 ) ) ;
#9902 = FACE_OUTER_BOUND ( 'NONE', #1023, .T. ) ;
#9903 =( NAMED_UNIT ( * ) PLANE_ANGLE_UNIT ( ) SI_UNIT ( $, .RADIAN. ) );
#9904 = CARTESIAN_POINT ( 'NONE',  ( -35.41560358562824007, -12.71917663710958024, -42.00000000000002842 ) ) ;
#9905 = VECTOR ( 'NONE', #2115, 1000.000000000000000 ) ;
#9906 = ORIENTED_EDGE ( 'NONE', *, *, #9143, .T. ) ;
#9907 = EDGE_LOOP ( 'NONE', ( #9279, #4288, #6956, #8866 ) ) ;
#9908 = AXIS2_PLACEMENT_3D ( 'NONE', #7975, #3318, #911 ) ;
#9909 = VERTEX_POINT ( 'NONE', #3222 ) ;
#9910 = DIRECTION ( 'NONE',  ( -0.000000000000000000, 1.000000000000000000, -0.000000000000000000 ) ) ;
#9911 = AXIS2_PLACEMENT_3D ( 'NONE', #9127, #4363, #3636 ) ;
#9912 = CARTESIAN_POINT ( 'NONE',  ( 35.58546526089949680, -9.550360131458120350, -48.00000000000001421 ) ) ;
#9913 = DIRECTION ( 'NONE',  ( 0.000000000000000000, -1.000000000000000000, 0.000000000000000000 ) ) ;
#9914 = DIRECTION ( 'NONE',  ( 0.000000000000000000, 0.000000000000000000, -1.000000000000000000 ) ) ;
#9915 = CARTESIAN_POINT ( 'NONE',  ( -24.69999999999752660, -5.000000000000000000, 45.80000000000087823 ) ) ;
#9916 = PLANE ( 'NONE',  #10094 ) ;
#9917 = CARTESIAN_POINT ( 'NONE',  ( -45.79999999999802185, -3.499999999999999556, -27.04999999999936833 ) ) ;
#9918 = ADVANCED_FACE ( 'NONE', ( #3115 ), #32, .F. ) ;
#9919 = CYLINDRICAL_SURFACE ( 'NONE', #5589, 4.349999999999999645 ) ;
#9920 = EDGE_LOOP ( 'NONE', ( #2162, #4398, #5679 ) ) ;
#9921 = TOROIDAL_SURFACE ( 'NONE', #2889, 0.9499999999999998446, 3.399999999999999911 ) ;
#9922 = ORIENTED_EDGE ( 'NONE', *, *, #3111, .F. ) ;
#9923 = LINE ( 'NONE', #2695, #9081 ) ;
#9924 = CARTESIAN_POINT ( 'NONE',  ( 50.00000000000094502, -3.199999999999999289, 32.04999999999966320 ) ) ;
#9925 = DIRECTION ( 'NONE',  ( 0.000000000000000000, 0.000000000000000000, -1.000000000000000000 ) ) ;
#9926 = CARTESIAN_POINT ( 'NONE',  ( -48.99999999999999289, -1.000000000000000000, 49.99999999999999289 ) ) ;
#9927 = DIRECTION ( 'NONE',  ( -1.396592535537253342E-14, -0.000000000000000000, -1.000000000000000000 ) ) ;
#9928 = ORIENTED_EDGE ( 'NONE', *, *, #3899, .T. ) ;
#9929 = AXIS2_PLACEMENT_3D ( 'NONE', #2523, #980, #888 ) ;
#9930 = DIRECTION ( 'NONE',  ( -0.000000000000000000, 1.000000000000000000, -0.000000000000000000 ) ) ;
#9931 = CARTESIAN_POINT ( 'NONE',  ( 31.31996496035064581, -8.362548428637021303, -41.99999999999999289 ) ) ;
#9932 = ORIENTED_EDGE ( 'NONE', *, *, #7760, .F. ) ;
#9933 = VERTEX_POINT ( 'NONE', #8612 ) ;
#9934 = ORIENTED_EDGE ( 'NONE', *, *, #2572, .F. ) ;
#9935 = VERTEX_POINT ( 'NONE', #179 ) ;
#9936 = CARTESIAN_POINT ( 'NONE',  ( -16.59999999999730136, -1.000000000000000000, 2.879640970121036558E-14 ) ) ;
#9937 = PRODUCT ( '+Z', '+Z', '', ( #7911 ) ) ;
#9938 = CARTESIAN_POINT ( 'NONE',  ( 38.10000000000014353, -3.199999999999999734, 43.49999999999974420 ) ) ;
#9939 = ORIENTED_EDGE ( 'NONE', *, *, #1569, .F. ) ;
#9940 = CARTESIAN_POINT ( 'NONE',  ( 47.99999999999953104, -17.19238815542524534, -48.00000000000034106 ) ) ;
#9941 = DIRECTION ( 'NONE',  ( 1.000000000000000000, 0.000000000000000000, 0.000000000000000000 ) ) ;
#9942 = DIRECTION ( 'NONE',  ( 0.000000000000000000, 1.000000000000000000, 0.000000000000000000 ) ) ;
#9943 = ORIENTED_EDGE ( 'NONE', *, *, #8290, .T. ) ;
#9944 = ADVANCED_FACE ( 'NONE', ( #3171, #856, #3269, #9563, #5681, #5628, #3933, #2439, #7164, #134 ), #7021, .F. ) ;
#9945 = ADVANCED_FACE ( 'NONE', ( #6395 ), #2541, .F. ) ;
#9946 = ADVANCED_FACE ( 'NONE', ( #8757 ), #9423, .T. ) ;
#9947 = CARTESIAN_POINT ( 'NONE',  ( 35.66127649760422713, -14.72405674079445426, -43.19589416848875629 ) ) ;
#9948 = DIRECTION ( 'NONE',  ( -1.000000000000000000, 0.000000000000000000, 0.000000000000000000 ) ) ;
#9949 = ORIENTED_EDGE ( 'NONE', *, *, #4217, .F. ) ;
#9950 = DIRECTION ( 'NONE',  ( -1.396592535537253342E-14, -0.000000000000000000, -1.000000000000000000 ) ) ;
#9951 = LINE ( 'NONE', #9239, #4515 ) ;
#9952 = DIRECTION ( 'NONE',  ( 0.000000000000000000, -1.000000000000000000, 0.000000000000000000 ) ) ;
#9953 = EDGE_LOOP ( 'NONE', ( #8172, #2757 ) ) ;
#9954 = ORIENTED_EDGE ( 'NONE', *, *, #3239, .F. ) ;
#9955 = EDGE_CURVE ( 'NONE', #6274, #6496, #1065, .T. ) ;
#9956 = ORIENTED_EDGE ( 'NONE', *, *, #7929, .T. ) ;
#9957 = ADVANCED_FACE ( 'NONE', ( #3983 ), #7117, .F. ) ;
#9958 = DIRECTION ( 'NONE',  ( 0.000000000000000000, -1.000000000000000000, 0.000000000000000000 ) ) ;
#9959 = CARTESIAN_POINT ( 'NONE',  ( -50.00000000000000711, -1.000000000000000000, -50.00000000000000711 ) ) ;
#9960 = PLANE ( 'NONE',  #6440 ) ;
#9961 = CARTESIAN_POINT ( 'NONE',  ( -45.79999999999802185, -3.499999999999999556, -24.69999999999937046 ) ) ;
#9962 = FACE_BOUND ( 'NONE', #6889, .T. ) ;
#9963 = CARTESIAN_POINT ( 'NONE',  ( 29.72263837147175281, -7.976787923685536796, -43.98455237872635593 ) ) ;
#9964 = CARTESIAN_POINT ( 'NONE',  ( -41.99999999999820943, -5.000000000000000000, 21.49897948556553118 ) ) ;
#9965 = CYLINDRICAL_SURFACE ( 'NONE', #7230, 2.349999999999997868 ) ;
#9966 = ORIENTED_EDGE ( 'NONE', *, *, #10132, .F. ) ;
#9967 = ORIENTED_EDGE ( 'NONE', *, *, #2004, .T. ) ;
#9968 = LINE ( 'NONE', #7666, #8284 ) ;
#9969 = ADVANCED_FACE ( 'NONE', ( #5483, #7208, #4078 ), #10137, .T. ) ;
#9970 = EDGE_CURVE ( 'NONE', #8476, #4563, #1893, .T. ) ;
#9971 = FACE_BOUND ( 'NONE', #9512, .T. ) ;
#9972 = CARTESIAN_POINT ( 'NONE',  ( -45.79999999999802185, -3.499999999999999556, 24.70000000000062812 ) ) ;
#9973 = DIRECTION ( 'NONE',  ( -3.469446951953614189E-15, 0.000000000000000000, -1.000000000000000000 ) ) ;
#9974 = LINE ( 'NONE', #4554, #1980 ) ;
#9975 = VERTEX_POINT ( 'NONE', #5836 ) ;
#9976 = CARTESIAN_POINT ( 'NONE',  ( 32.86226415094330378, -8.000000000000007105, 45.68962710804181171 ) ) ;
#9977 = DIRECTION ( 'NONE',  ( 1.000000000000000000, 0.000000000000000000, 0.000000000000000000 ) ) ;
#9978 = EDGE_CURVE ( 'NONE', #6287, #5890, #1264, .T. ) ;
#9979 = ORIENTED_EDGE ( 'NONE', *, *, #1744, .F. ) ;
#9980 = EDGE_LOOP ( 'NONE', ( #3241, #6726 ) ) ;
#9981 = EDGE_LOOP ( 'NONE', ( #7115, #3782, #1177 ) ) ;
#9982 = AXIS2_PLACEMENT_3D ( 'NONE', #9313, #5470, #7771 ) ;
#9983 = ORIENTED_EDGE ( 'NONE', *, *, #5254, .F. ) ;
#9984 = EDGE_CURVE ( 'NONE', #202, #5121, #9923, .T. ) ;
#9985 = DIRECTION ( 'NONE',  ( 0.000000000000000000, 0.000000000000000000, 1.000000000000000000 ) ) ;
#9986 = VECTOR ( 'NONE', #10009, 1000.000000000000000 ) ;
#9987 = ORIENTED_EDGE ( 'NONE', *, *, #1661, .T. ) ;
#9988 = CARTESIAN_POINT ( 'NONE',  ( 45.80000000000062244, -3.499999999999999556, 24.69999999999800622 ) ) ;
#9989 = DIRECTION ( 'NONE',  ( -1.000000000000000000, 0.000000000000000000, 0.000000000000000000 ) ) ;
#9990 = DIRECTION ( 'NONE',  ( 1.000000000000000000, 0.000000000000000000, 0.000000000000000000 ) ) ;
#9991 = DIRECTION ( 'NONE',  ( 0.000000000000000000, 1.000000000000000000, 0.000000000000000000 ) ) ;
#9992 = AXIS2_PLACEMENT_3D ( 'NONE', #6724, #415, #9897 ) ;
#9993 = VERTEX_POINT ( 'NONE', #6596 ) ;
#9994 = CARTESIAN_POINT ( 'NONE',  ( -41.67402799485303433, -5.319115287169991824, -41.82597200514686619 ) ) ;
#9995 = CIRCLE ( 'NONE', #5914, 2.349999999999997868 ) ;
#9996 = ORIENTED_EDGE ( 'NONE', *, *, #7368, .F. ) ;
#9997 = DIRECTION ( 'NONE',  ( 0.000000000000000000, -1.000000000000000000, 0.000000000000000000 ) ) ;
#9998 = DIRECTION ( 'NONE',  ( -0.000000000000000000, -1.000000000000000000, -0.000000000000000000 ) ) ;
#9999 = CARTESIAN_POINT ( 'NONE',  ( -33.24412171226357771, -11.36437049262549515, 42.00000000000000711 ) ) ;
#10000 = DIRECTION ( 'NONE',  ( 0.000000000000000000, 0.000000000000000000, 1.000000000000000000 ) ) ;
#10001 = EDGE_CURVE ( 'NONE', #8943, #9779, #7512, .T. ) ;
#10002 = ADVANCED_FACE ( 'NONE', ( #3464 ), #9768, .F. ) ;
#10003 = VERTEX_POINT ( 'NONE', #1308 ) ;
#10004 = CIRCLE ( 'NONE', #7070, 1.000000000000000888 ) ;
#10005 = ORIENTED_EDGE ( 'NONE', *, *, #5854, .T. ) ;
#10006 = VERTEX_POINT ( 'NONE', #9056 ) ;
#10007 = AXIS2_PLACEMENT_3D ( 'NONE', #7913, #4069, #3259 ) ;
#10008 = CARTESIAN_POINT ( 'NONE',  ( -42.49999999999948841, 1.000000000000000000, 49.99999999999999289 ) ) ;
#10009 = DIRECTION ( 'NONE',  ( 1.000000000000000000, -0.000000000000000000, -1.047444401652940007E-14 ) ) ;
#10010 = DIRECTION ( 'NONE',  ( -0.000000000000000000, 1.000000000000000000, -0.000000000000000000 ) ) ;
#10011 = DIRECTION ( 'NONE',  ( 0.000000000000000000, 1.000000000000000000, 0.000000000000000000 ) ) ;
#10012 = AXIS2_PLACEMENT_3D ( 'NONE', #1090, #4220, #8211 ) ;
#10013 = CARTESIAN_POINT ( 'NONE',  ( 36.20000000000000995, -8.400000000000000355, 42.89999999999999147 ) ) ;
#10014 = CYLINDRICAL_SURFACE ( 'NONE', #3223, 2.349999999999997868 ) ;
#10015 = DIRECTION ( 'NONE',  ( 1.000000000000000000, 0.000000000000000000, -8.953411488912536510E-15 ) ) ;
#10016 = DIRECTION ( 'NONE',  ( 1.000000000000000000, -0.000000000000000000, -0.000000000000000000 ) ) ;
#10017 = ADVANCED_FACE ( 'NONE', ( #326 ), #7354, .T. ) ;
#10018 = ORIENTED_EDGE ( 'NONE', *, *, #8321, .T. ) ;
#10019 = VECTOR ( 'NONE', #274, 1000.000000000000000 ) ;
#10020 = ORIENTED_EDGE ( 'NONE', *, *, #6380, .F. ) ;
#10021 = DIRECTION ( 'NONE',  ( 0.000000000000000000, 1.000000000000000000, 0.000000000000000000 ) ) ;
#10022 = AXIS2_PLACEMENT_3D ( 'NONE', #7986, #9579, #7222 ) ;
#10023 = LINE ( 'NONE', #4494, #7547 ) ;
#10024 = CARTESIAN_POINT ( 'NONE',  ( 29.82352675082744398, -7.987796024171728959, -45.62755485521880416 ) ) ;
#10025 = PLANE ( 'NONE',  #6275 ) ;
#10026 = FACE_OUTER_BOUND ( 'NONE', #8124, .T. ) ;
#10027 = ORIENTED_EDGE ( 'NONE', *, *, #2474, .T. ) ;
#10028 = CARTESIAN_POINT ( 'NONE',  ( 31.85262557612077217, -11.33681697543857680, 43.12469552536501283 ) ) ;
#10029 = VECTOR ( 'NONE', #7301, 1000.000000000000000 ) ;
#10030 = FACE_BOUND ( 'NONE', #5367, .T. ) ;
#10031 = ORIENTED_EDGE ( 'NONE', *, *, #1615, .F. ) ;
#10032 = EDGE_LOOP ( 'NONE', ( #7694, #1103, #4096, #9066, #9454 ) ) ;
#10033 = AXIS2_PLACEMENT_3D ( 'NONE', #4797, #4852, #9500 ) ;
#10034 = ORIENTED_EDGE ( 'NONE', *, *, #3999, .F. ) ;
#10035 = CARTESIAN_POINT ( 'NONE',  ( -43.49999999999991473, -3.199999999999998845, 28.14999999999998082 ) ) ;
#10036 = EDGE_CURVE ( 'NONE', #8034, #3887, #9707, .T. ) ;
#10037 = ORIENTED_EDGE ( 'NONE', *, *, #3319, .F. ) ;
#10038 = CARTESIAN_POINT ( 'NONE',  ( -41.99999999999990763, -3.199999999999999289, 30.49999999999998224 ) ) ;
#10039 = CARTESIAN_POINT ( 'NONE',  ( 32.84999999999983089, -3.199999999999999289, 43.50000000000001421 ) ) ;
#10040 = VECTOR ( 'NONE', #1085, 1000.000000000000000 ) ;
#10041 = CARTESIAN_POINT ( 'NONE',  ( 28.95000000000013429, -3.199999999999999289, 43.49999999999981526 ) ) ;
#10042 = CARTESIAN_POINT ( 'NONE',  ( -49.99999999999999289, 1.000000000000000000, 49.99999999999999289 ) ) ;
#10043 = EDGE_CURVE ( 'NONE', #8402, #6639, #2036, .T. ) ;
#10044 = ORIENTED_EDGE ( 'NONE', *, *, #259, .T. ) ;
#10045 = AXIS2_PLACEMENT_3D ( 'NONE', #5296, #4575, #8313 ) ;
#10047 = DIRECTION ( 'NONE',  ( -0.000000000000000000, 1.000000000000000000, -0.000000000000000000 ) ) ;
#10046 = VECTOR ( 'NONE', #10152, 1000.000000000000000 ) ;
#10048 = ORIENTED_EDGE ( 'NONE', *, *, #5811, .F. ) ;
#10049 = CARTESIAN_POINT ( 'NONE',  ( -35.27926681261622122, -5.313418668134276324, 42.00000000000001421 ) ) ;
#10050 = CARTESIAN_POINT ( 'NONE',  ( 42.00000000000029132, -5.000000000000002665, 27.09999999999939035 ) ) ;
#10051 = AXIS2_PLACEMENT_3D ( 'NONE', #4448, #2098, #9162 ) ;
#10052 = CARTESIAN_POINT ( 'NONE',  ( -50.00000000000000711, 1.000000000000000000, -50.00000000000000711 ) ) ;
#10053 = AXIS2_PLACEMENT_3D ( 'NONE', #2787, #5923, #5162 ) ;
#10054 = ORIENTED_EDGE ( 'NONE', *, *, #3837, .T. ) ;
#10055 = VECTOR ( 'NONE', #6467, 1000.000000000000000 ) ;
#10056 = ORIENTED_EDGE ( 'NONE', *, *, #9230, .F. ) ;
#10057 = AXIS2_PLACEMENT_3D ( 'NONE', #6298, #10087, #5473 ) ;
#10058 = EDGE_CURVE ( 'NONE', #4738, #449, #2747, .T. ) ;
#10059 = ORIENTED_EDGE ( 'NONE', *, *, #2159, .F. ) ;
#10060 = AXIS2_PLACEMENT_3D ( 'NONE', #1961, #1087, #7386 ) ;
#10061 = DIRECTION ( 'NONE',  ( 0.000000000000000000, 1.000000000000000000, 0.000000000000000000 ) ) ;
#10062 = CARTESIAN_POINT ( 'NONE',  ( -42.00000000000012790, -8.892617504634921843, -35.30824346854559792 ) ) ;
#10063 = EDGE_CURVE ( 'NONE', #3857, #2471, #6982, .T. ) ;
#10064 = FACE_OUTER_BOUND ( 'NONE', #6325, .T. ) ;
#10065 = DIRECTION ( 'NONE',  ( 1.000000000000000000, -0.000000000000000000, -3.491481338843133355E-15 ) ) ;
#10066 = AXIS2_PLACEMENT_3D ( 'NONE', #7093, #1507, #7753 ) ;
#10067 = CARTESIAN_POINT ( 'NONE',  ( -47.99999999999990052, -3.199999999999999289, 30.50000000000000000 ) ) ;
#10068 = DIRECTION ( 'NONE',  ( 4.625929269271486900E-15, 0.000000000000000000, 1.000000000000000000 ) ) ;
#10069 = FACE_OUTER_BOUND ( 'NONE', #8133, .T. ) ;
#10070 = LINE ( 'NONE', #1567, #1345 ) ;
#10071 = VECTOR ( 'NONE', #6022, 1000.000000000000000 ) ;
#10072 = ORIENTED_EDGE ( 'NONE', *, *, #8507, .F. ) ;
#10073 = ORIENTED_EDGE ( 'NONE', *, *, #1619, .F. ) ;
#10074 = VERTEX_POINT ( 'NONE', #8957 ) ;
#10075 = CARTESIAN_POINT ( 'NONE',  ( -36.02532352016631734, -14.79999999744829964, -44.58439924387458575 ) ) ;
#10076 = AXIS2_PLACEMENT_3D ( 'NONE', #2311, #8625, #7795 ) ;
#10077 = ADVANCED_FACE ( 'NONE', ( #1979 ), #1929, .F. ) ;
#10078 = ADVANCED_FACE ( 'NONE', ( #7463 ), #6749, .F. ) ;
#10079 = DIRECTION ( 'NONE',  ( 0.000000000000000000, -1.000000000000000000, 0.000000000000000000 ) ) ;
#10080 = FACE_OUTER_BOUND ( 'NONE', #372, .T. ) ;
#10081 = EDGE_CURVE ( 'NONE', #6053, #4222, #4439, .T. ) ;
#10082 = ADVANCED_FACE ( 'NONE', ( #9811 ), #8174, .F. ) ;
#10084 = DIRECTION ( 'NONE',  ( 0.000000000000000000, 0.000000000000000000, 1.000000000000000000 ) ) ;
#10083 = VECTOR ( 'NONE', #4232, 1000.000000000000000 ) ;
#10085 = CARTESIAN_POINT ( 'NONE',  ( 50.00000000000064659, -5.000000000000000000, 21.49897948556800031 ) ) ;
#10086 = VERTEX_POINT ( 'NONE', #1881 ) ;
#10087 = DIRECTION ( 'NONE',  ( 0.000000000000000000, 0.000000000000000000, 1.000000000000000000 ) ) ;
#10088 = AXIS2_PLACEMENT_3D ( 'NONE', #7989, #7890, #2453 ) ;
#10089 = CARTESIAN_POINT ( 'NONE',  ( 41.99999999999958789, -6.296218721816199348, -40.17029262126501976 ) ) ;
#10090 = ORIENTED_EDGE ( 'NONE', *, *, #2307, .F. ) ;
#10091 = VERTEX_POINT ( 'NONE', #3613 ) ;
#10092 = VERTEX_POINT ( 'NONE', #1105 ) ;
#10093 = FACE_OUTER_BOUND ( 'NONE', #7161, .T. ) ;
#10094 = AXIS2_PLACEMENT_3D ( 'NONE', #7316, #6035, #6549 ) ;
#10095 = ADVANCED_FACE ( 'NONE', ( #7560 ), #2540, .T. ) ;
#10096 = ORIENTED_EDGE ( 'NONE', *, *, #7696, .T. ) ;
#10097 = DIRECTION ( 'NONE',  ( -1.396592535537253342E-14, -0.000000000000000000, -1.000000000000000000 ) ) ;
#10098 = CARTESIAN_POINT ( 'NONE',  ( 28.14999999999983160, -3.199999999999999289, -43.50000000000001421 ) ) ;
#10099 = DIRECTION ( 'NONE',  ( -1.000000000000000000, 0.000000000000000000, -0.000000000000000000 ) ) ;
#10100 = DIRECTION ( 'NONE',  ( 0.000000000000000000, 1.000000000000000000, -0.000000000000000000 ) ) ;
#10101 = B_SPLINE_CURVE_WITH_KNOTS ( 'NONE', 3,
 ( #5050, #5824, #5101, #2126, #8166, #7500, #1352, #2843, #5250, #2784, #9912, #7346, #3604, #6587, #5210, #2082, #1971, #8279 ),
 .UNSPECIFIED., .F., .F.,
 ( 4, 2, 2, 2, 2, 2, 2, 2, 4 ),
 ( 0.008637073220059363413, 0.009275003195156502483, 0.009912933170253641554, 0.01118879312044794225, 0.01246465307064224121, 0.01374051302083654016, 0.01629223292122513808, 0.01756809287141943704, 0.01884395282161374641 ),
 .UNSPECIFIED. ) ;
#10102 = DIRECTION ( 'NONE',  ( 0.000000000000000000, 0.000000000000000000, 1.000000000000000000 ) ) ;
#10103 = ORIENTED_EDGE ( 'NONE', *, *, #8068, .T. ) ;
#10104 = ADVANCED_FACE ( 'NONE', ( #4647 ), #3859, .F. ) ;
#10105 = EDGE_CURVE ( 'NONE', #1477, #2768, #6901, .T. ) ;
#10106 = B_SPLINE_CURVE_WITH_KNOTS ( 'NONE', 3,
 ( #5549, #4729, #2374, #8578, #2319, #4688, #6224, #9342, #5402, #3244, #9298, #6183, #5453, #2460, #2271, #7845 ),
 .UNSPECIFIED., .F., .F.,
 ( 4, 2, 2, 2, 2, 2, 2, 4 ),
 ( 2.194270917860438266E-17, 0.002159268305014865573, 0.004318536610029708595, 0.005398170762537121865, 0.006477804915044536004, 0.007557439067551951009, 0.008097256143805657211, 0.008637073220059363413 ),
 .UNSPECIFIED. ) ;
#10107 = ORIENTED_EDGE ( 'NONE', *, *, #1364, .T. ) ;
#10108 = FACE_BOUND ( 'NONE', #6265, .T. ) ;
#10109 = DIRECTION ( 'NONE',  ( 1.000000000000000000, 0.000000000000000000, -1.047444401652939849E-14 ) ) ;
#10110 = DIRECTION ( 'NONE',  ( 0.000000000000000000, 1.000000000000000000, 0.000000000000000000 ) ) ;
#10111 = EDGE_LOOP ( 'NONE', ( #2607, #6954, #823, #8179 ) ) ;
#10112 = EDGE_LOOP ( 'NONE', ( #6670, #745, #5944, #7221 ) ) ;
#10113 = ORIENTED_EDGE ( 'NONE', *, *, #7245, .F. ) ;
#10114 = CARTESIAN_POINT ( 'NONE',  ( 39.72986189760656117, -5.025393101198560863, -42.00000000000000711 ) ) ;
#10115 = DIRECTION ( 'NONE',  ( 0.000000000000000000, -0.000000000000000000, 1.000000000000000000 ) ) ;
#10116 = CARTESIAN_POINT ( 'NONE',  ( 50.00000000000094502, -3.199999999999999289, 32.04999999999966320 ) ) ;
#10117 = CARTESIAN_POINT ( 'NONE',  ( -47.99999999999987921, -3.199999999999999734, 38.10000000000000142 ) ) ;
#10118 = FACE_OUTER_BOUND ( 'NONE', #5463, .T. ) ;
#10119 = DIRECTION ( 'NONE',  ( 0.000000000000000000, 0.000000000000000000, 1.000000000000000000 ) ) ;
#10120 = FACE_OUTER_BOUND ( 'NONE', #6160, .T. ) ;
#10121 = CARTESIAN_POINT ( 'NONE',  ( 31.29999999999983373, 1.000000000000000000, -48.00000000000000711 ) ) ;
#10122 = ORIENTED_EDGE ( 'NONE', *, *, #5287, .T. ) ;
#10123 = ORIENTED_EDGE ( 'NONE', *, *, #5127, .T. ) ;
#10124 = CARTESIAN_POINT ( 'NONE',  ( -43.50000000000014211, -3.199999999999999734, -38.09999999999968168 ) ) ;
#10125 = PLANE ( 'NONE',  #4115 ) ;
#10126 = CARTESIAN_POINT ( 'NONE',  ( 36.43002915990891921, -9.402388073257009538, 48.00000000000000711 ) ) ;
#10127 = FACE_OUTER_BOUND ( 'NONE', #1034, .T. ) ;
#10128 = ORIENTED_EDGE ( 'NONE', *, *, #3239, .T. ) ;
#10129 = CARTESIAN_POINT ( 'NONE',  ( 29.43629236870446775, -7.926070750543432908, 45.37762340700849961 ) ) ;
#10130 = CARTESIAN_POINT ( 'NONE',  ( 48.00000000000033396, 1.000000000000000000, 31.29999999999933635 ) ) ;
#10131 = ORIENTED_EDGE ( 'NONE', *, *, #10058, .F. ) ;
#10132 = EDGE_CURVE ( 'NONE', #8555, #9189, #9968, .T. ) ;
#10133 = EDGE_CURVE ( 'NONE', #4698, #7695, #3769, .T. ) ;
#10134 = VERTEX_POINT ( 'NONE', #7616 ) ;
#10135 = EDGE_CURVE ( 'NONE', #6928, #9654, #9242, .T. ) ;
#10136 = ORIENTED_EDGE ( 'NONE', *, *, #2119, .F. ) ;
#10137 = PLANE ( 'NONE',  #579 ) ;
#10138 = LINE ( 'NONE', #9029, #8561 ) ;
#10139 = ORIENTED_EDGE ( 'NONE', *, *, #867, .F. ) ;
#10140 = DIRECTION ( 'NONE',  ( -1.047444401652940007E-14, 0.000000000000000000, -1.000000000000000000 ) ) ;
#10141 = CARTESIAN_POINT ( 'NONE',  ( -41.49999999999948841, 0.000000000000000000, 48.99999999999999289 ) ) ;
#10142 = PLANE ( 'NONE',  #1409 ) ;
#10143 = CARTESIAN_POINT ( 'NONE',  ( 47.99999999999954525, -8.759550641212280553, -43.65086193024739458 ) ) ;
#10144 = CARTESIAN_POINT ( 'NONE',  ( 42.49999999999982947, 7.750000000000000000, -49.00000000000000711 ) ) ;
#10145 =( BOUNDED_CURVE ( )  B_SPLINE_CURVE ( 3, ( #9079, #2060, #5190, #8195 ),
 .UNSPECIFIED., .F., .T. ) 
 B_SPLINE_CURVE_WITH_KNOTS ( ( 4, 4 ),
 ( 1.570796326794896558, 3.141592653589793116 ),
 .UNSPECIFIED. ) 
 CURVE ( )  GEOMETRIC_REPRESENTATION_ITEM ( )  RATIONAL_B_SPLINE_CURVE ( ( 1.000000000000000000, 0.8047378541243649375, 0.8047378541243649375, 1.000000000000000000 ) ) 
 REPRESENTATION_ITEM ( '' )  );
#10146 = AXIS2_PLACEMENT_3D ( 'NONE', #9046, #2738, #5157 ) ;
#10147 = ORIENTED_EDGE ( 'NONE', *, *, #3253, .F. ) ;
#10148 = B_SPLINE_CURVE_WITH_KNOTS ( 'NONE', 3,
 ( #8776, #926, #6465, #3483, #1121, #4204, #6614, #9524 ),
 .UNSPECIFIED., .F., .F.,
 ( 4, 2, 2, 4 ),
 ( 0.0005503565508712689571, 0.0009594748267872521422, 0.001368593102703235219, 0.002186829654535192916 ),
 .UNSPECIFIED. ) ;
#10149 = ORIENTED_EDGE ( 'NONE', *, *, #1795, .F. ) ;
#10150 = DIRECTION ( 'NONE',  ( -0.000000000000000000, 1.000000000000000000, -0.000000000000000000 ) ) ;
#10151 = CARTESIAN_POINT ( 'NONE',  ( -33.24412171226665436, -15.00000000000000355, 42.00000000000000711 ) ) ;
#10152 = DIRECTION ( 'NONE',  ( 6.405132834375898506E-15, 0.000000000000000000, 1.000000000000000000 ) ) ;
#10153 = ORIENTED_EDGE ( 'NONE', *, *, #3218, .T. ) ;
ENDSEC;
END-ISO-10303-21;
