ISO-10303-21;
HEADER;
FILE_DESCRIPTION (( 'STEP AP214' ),
    '1' );
FILE_NAME ('-Z.STEP',
    '2026-08-04T17:01:05',
    ( '' ),
    ( '' ),
    'SwSTEP 2.0',
    'SolidWorks 2026',
    '' );
FILE_SCHEMA (( 'AUTOMOTIVE_DESIGN' ));
ENDSEC;

DATA;
#1 = VERTEX_POINT ( 'NONE', #3649 ) ;
#2 = LINE ( 'NONE', #3947, #1684 ) ;
#3 = DIRECTION ( 'NONE',  ( -1.000000000000000000, 0.000000000000000000, 0.000000000000000000 ) ) ;
#4 = AXIS2_PLACEMENT_3D ( 'NONE', #9340, #11147, #5792 ) ;
#5 = CARTESIAN_POINT ( 'NONE',  ( -32.84999999999983089, -3.199999999999999289, -48.00000000000000711 ) ) ;
#6 = CARTESIAN_POINT ( 'NONE',  ( -10.49999999999999822, -9.745380757776372249, -17.26377963188577880 ) ) ;
#7 = CARTESIAN_POINT ( 'NONE',  ( -48.00000000000012079, -0.1999999999999999833, -31.29999999999966676 ) ) ;
#8 = VECTOR ( 'NONE', #4184, 1000.000000000000000 ) ;
#9 = PLANE ( 'NONE',  #10245 ) ;
#10 = DIRECTION ( 'NONE',  ( 0.000000000000000000, -1.000000000000000000, 0.000000000000000000 ) ) ;
#11 = EDGE_CURVE ( 'NONE', #3458, #11213, #4722, .T. ) ;
#12 = VECTOR ( 'NONE', #8111, 1000.000000000000000 ) ;
#13 = VERTEX_POINT ( 'NONE', #9781 ) ;
#14 = ORIENTED_EDGE ( 'NONE', *, *, #3332, .F. ) ;
#15 = ORIENTED_EDGE ( 'NONE', *, *, #6454, .T. ) ;
#16 = EDGE_LOOP ( 'NONE', ( #8734, #9107 ) ) ;
#17 = EDGE_CURVE ( 'NONE', #605, #514, #4595, .T. ) ;
#18 = VECTOR ( 'NONE', #10557, 1000.000000000000000 ) ;
#19 = DIRECTION ( 'NONE',  ( -0.000000000000000000, 1.000000000000000000, -0.000000000000000000 ) ) ;
#20 = AXIS2_PLACEMENT_3D ( 'NONE', #3646, #3469, #1765 ) ;
#21 = DIRECTION ( 'NONE',  ( -0.000000000000000000, -0.000000000000000000, -1.000000000000000000 ) ) ;
#22 = CARTESIAN_POINT ( 'NONE',  ( -43.49999999999990052, -3.199999999999999289, -32.04999999999999005 ) ) ;
#23 = DIRECTION ( 'NONE',  ( 0.000000000000000000, -1.000000000000000000, 0.000000000000000000 ) ) ;
#24 = CARTESIAN_POINT ( 'NONE',  ( 49.99999999999968026, 0.000000000000000000, -31.30000000000035598 ) ) ;
#25 = ADVANCED_FACE ( 'NONE', ( #9661 ), #5935, .F. ) ;
#26 = FACE_OUTER_BOUND ( 'NONE', #6429, .T. ) ;
#27 = CARTESIAN_POINT ( 'NONE',  ( -29.30597735307079077, -7.893070339076092345, 44.21151399775110491 ) ) ;
#28 = ORIENTED_EDGE ( 'NONE', *, *, #10086, .F. ) ;
#29 = ORIENTED_EDGE ( 'NONE', *, *, #10985, .T. ) ;
#30 = VECTOR ( 'NONE', #5113, 1000.000000000000000 ) ;
#31 = ORIENTED_EDGE ( 'NONE', *, *, #2933, .T. ) ;
#32 = VECTOR ( 'NONE', #1468, 1000.000000000000000 ) ;
#33 = CARTESIAN_POINT ( 'NONE',  ( 40.00000000000000711, -5.025393101198561752, -42.00000000000000711 ) ) ;
#34 = VECTOR ( 'NONE', #2333, 1000.000000000000000 ) ;
#35 = DIRECTION ( 'NONE',  ( 0.000000000000000000, 0.000000000000000000, -1.000000000000000000 ) ) ;
#36 = CARTESIAN_POINT ( 'NONE',  ( 41.50000000000000711, 7.750000000000000000, 49.99999999999999289 ) ) ;
#37 = CARTESIAN_POINT ( 'NONE',  ( -44.25510973607685372, -9.632472582329661748, -47.99999999999999289 ) ) ;
#38 = CARTESIAN_POINT ( 'NONE',  ( -41.49999999999880629, -1.000000000000000000, 50.00000000000044764 ) ) ;
#39 = CARTESIAN_POINT ( 'NONE',  ( 40.00000000000000711, -9.000000000000001776, -42.80000000000001137 ) ) ;
#40 = AXIS2_PLACEMENT_3D ( 'NONE', #4354, #10802, #8041 ) ;
#41 = DIRECTION ( 'NONE',  ( -0.000000000000000000, -0.000000000000000000, 1.000000000000000000 ) ) ;
#42 = DIRECTION ( 'NONE',  ( 0.000000000000000000, 1.000000000000000000, 0.000000000000000000 ) ) ;
#43 = CARTESIAN_POINT ( 'NONE',  ( 40.00000000000000711, -15.00000000000000355, -45.15000000000001279 ) ) ;
#44 = EDGE_LOOP ( 'NONE', ( #10581, #1952, #1525, #1315, #4629, #4731, #1195 ) ) ;
#45 = VERTEX_POINT ( 'NONE', #10511 ) ;
#46 = EDGE_CURVE ( 'NONE', #8007, #323, #5991, .T. ) ;
#47 = ORIENTED_EDGE ( 'NONE', *, *, #9238, .F. ) ;
#48 = FACE_OUTER_BOUND ( 'NONE', #11829, .T. ) ;
#49 = ORIENTED_EDGE ( 'NONE', *, *, #9658, .F. ) ;
#50 = DIRECTION ( 'NONE',  ( -1.000000000000000000, 0.000000000000000000, 0.000000000000000000 ) ) ;
#51 = VECTOR ( 'NONE', #4623, 1000.000000000000000 ) ;
#52 = CARTESIAN_POINT ( 'NONE',  ( -48.99999999999999289, 0.000000000000000000, 31.30000000000000782 ) ) ;
#53 = CARTESIAN_POINT ( 'NONE',  ( 50.00000000000000711, -1.000000000000000000, 48.99999999999999289 ) ) ;
#54 = EDGE_CURVE ( 'NONE', #11476, #2344, #428, .T. ) ;
#55 = EDGE_CURVE ( 'NONE', #10142, #2246, #7690, .T. ) ;
#56 = CARTESIAN_POINT ( 'NONE',  ( -48.00000000000011369, -8.000000000000001776, -30.09999999999966391 ) ) ;
#57 = DIRECTION ( 'NONE',  ( -0.000000000000000000, 1.000000000000000000, -0.000000000000000000 ) ) ;
#58 = DIRECTION ( 'NONE',  ( 0.000000000000000000, 1.000000000000000000, 0.000000000000000000 ) ) ;
#59 = ORIENTED_EDGE ( 'NONE', *, *, #9903, .T. ) ;
#60 = ADVANCED_FACE ( 'NONE', ( #8646 ), #2418, .T. ) ;
#61 = CIRCLE ( 'NONE', #7018, 2.999999999999999112 ) ;
#62 = ORIENTED_EDGE ( 'NONE', *, *, #9714, .T. ) ;
#63 = ORIENTED_EDGE ( 'NONE', *, *, #3577, .F. ) ;
#64 = CIRCLE ( 'NONE', #11632, 2.999999999999999112 ) ;
#65 = AXIS2_PLACEMENT_3D ( 'NONE', #5298, #7001, #4397 ) ;
#66 = EDGE_CURVE ( 'NONE', #4787, #9207, #9604, .T. ) ;
#67 = VERTEX_POINT ( 'NONE', #10622 ) ;
#68 = CARTESIAN_POINT ( 'NONE',  ( -50.00000000000000711, 1.000000000000000000, -50.00000000000000711 ) ) ;
#69 = CARTESIAN_POINT ( 'NONE',  ( 27.09999999999982734, -0.2000000000000000944, -50.00000000000000711 ) ) ;
#70 = LINE ( 'NONE', #10395, #9318 ) ;
#71 = CIRCLE ( 'NONE', #6445, 1.549999999999999378 ) ;
#72 = EDGE_CURVE ( 'NONE', #7880, #3748, #8588, .T. ) ;
#73 = CARTESIAN_POINT ( 'NONE',  ( 43.49999999999969447, -3.199999999999999289, -30.50000000000028777 ) ) ;
#74 = CARTESIAN_POINT ( 'NONE',  ( 35.42276400124706015, -12.71095475110222850, -42.00000000000000000 ) ) ;
#75 = DIRECTION ( 'NONE',  ( 6.339268732588454348E-12, 0.000000000000000000, -1.000000000000000000 ) ) ;
#76 = CARTESIAN_POINT ( 'NONE',  ( -10.49999999999999822, -2.847815992327985324, -25.39989526778400020 ) ) ;
#77 = EDGE_CURVE ( 'NONE', #11166, #2119, #2330, .T. ) ;
#78 = ORIENTED_EDGE ( 'NONE', *, *, #598, .F. ) ;
#79 = EDGE_LOOP ( 'NONE', ( #1286, #7718 ) ) ;
#80 = ORIENTED_EDGE ( 'NONE', *, *, #4877, .F. ) ;
#81 = ORIENTED_EDGE ( 'NONE', *, *, #145, .F. ) ;
#82 = VECTOR ( 'NONE', #5784, 1000.000000000000000 ) ;
#83 = CARTESIAN_POINT ( 'NONE',  ( -48.00000000000011369, -5.000000000000002665, -30.09999999999966391 ) ) ;
#84 = CARTESIAN_POINT ( 'NONE',  ( -1.161596052543328428, -6.861797631786656915, 23.87977465861411730 ) ) ;
#85 = ADVANCED_FACE ( 'NONE', ( #11467 ), #3216, .F. ) ;
#86 = CARTESIAN_POINT ( 'NONE',  ( 38.09999999999953957, -3.199999999999999734, -43.50000000000001421 ) ) ;
#87 = CARTESIAN_POINT ( 'NONE',  ( 10.50000000000000178, -13.00000000000000533, 9.461999999999994415 ) ) ;
#88 = EDGE_CURVE ( 'NONE', #7054, #9281, #10316, .T. ) ;
#89 = DIRECTION ( 'NONE',  ( -1.000000000000000000, -0.000000000000000000, -3.491481338843133750E-15 ) ) ;
#90 = EDGE_CURVE ( 'NONE', #3001, #2326, #6280, .T. ) ;
#91 = CARTESIAN_POINT ( 'NONE',  ( -31.68741462166534006, -10.03913374877251030, 42.00000000000000711 ) ) ;
#92 = CARTESIAN_POINT ( 'NONE',  ( -30.10143459492317319, -8.000000000000001776, 48.00000000000000711 ) ) ;
#93 = EDGE_LOOP ( 'NONE', ( #7386, #11642, #9119 ) ) ;
#94 = ORIENTED_EDGE ( 'NONE', *, *, #7738, .F. ) ;
#95 = EDGE_LOOP ( 'NONE', ( #2597, #11562 ) ) ;
#96 = DIRECTION ( 'NONE',  ( 1.000000000000000000, 0.000000000000000000, -1.387778780781445676E-16 ) ) ;
#97 = AXIS2_PLACEMENT_3D ( 'NONE', #3565, #1565, #7251 ) ;
#98 = B_SPLINE_CURVE_WITH_KNOTS ( 'NONE', 3,
 ( #9520, #1307, #4882, #8379, #6569, #1247, #3854, #4036, #1067, #2218 ),
 .UNSPECIFIED., .F., .F.,
 ( 4, 2, 2, 2, 4 ),
 ( 0.000000000000000000, 0.0007182293499587888604, 0.001436458699917577721, 0.002154688049876366581, 0.002872917399835155441 ),
 .UNSPECIFIED. ) ;
#99 = CARTESIAN_POINT ( 'NONE',  ( -30.49999999999983302, -3.199999999999999289, 48.00000000000000711 ) ) ;
#100 = DIRECTION ( 'NONE',  ( 0.000000000000000000, -1.000000000000000000, 0.000000000000000000 ) ) ;
#101 = CARTESIAN_POINT ( 'NONE',  ( -38.09999999999914166, -3.199999999999999734, 50.00000000000167688 ) ) ;
#102 = DIRECTION ( 'NONE',  ( -1.000000000000000000, 0.000000000000000000, 0.000000000000000000 ) ) ;
#103 = DIRECTION ( 'NONE',  ( -1.047444401652940007E-14, 0.000000000000000000, -1.000000000000000000 ) ) ;
#104 = DIRECTION ( 'NONE',  ( 0.000000000000000000, 1.000000000000000000, 0.000000000000000000 ) ) ;
#105 = CARTESIAN_POINT ( 'NONE',  ( -47.99999999999986500, -1.000000000000000000, 41.50000000000000000 ) ) ;
#106 = CARTESIAN_POINT ( 'NONE',  ( 50.00000000000064659, -4.200000000000000178, 20.51918358845473023 ) ) ;
#107 = FACE_OUTER_BOUND ( 'NONE', #2758, .T. ) ;
#108 = AXIS2_PLACEMENT_3D ( 'NONE', #1750, #10925, #4360 ) ;
#109 = VERTEX_POINT ( 'NONE', #2598 ) ;
#110 = ORIENTED_EDGE ( 'NONE', *, *, #2686, .F. ) ;
#111 = ORIENTED_EDGE ( 'NONE', *, *, #11663, .F. ) ;
#112 = DIRECTION ( 'NONE',  ( 0.000000000000000000, -1.000000000000000000, 0.000000000000000000 ) ) ;
#113 = VERTEX_POINT ( 'NONE', #843 ) ;
#114 = CYLINDRICAL_SURFACE ( 'NONE', #11232, 2.349999999999997868 ) ;
#115 = VECTOR ( 'NONE', #11139, 1000.000000000000000 ) ;
#116 = VECTOR ( 'NONE', #57, 1000.000000000000000 ) ;
#117 = CARTESIAN_POINT ( 'NONE',  ( -41.99999999999995026, -17.19238815542524534, 41.49999999999997868 ) ) ;
#118 = CARTESIAN_POINT ( 'NONE',  ( -39.65000000000044622, -3.199999999999999734, -43.49999999999945288 ) ) ;
#119 = CARTESIAN_POINT ( 'NONE',  ( 48.00000000000029132, -0.1999999999999999833, 27.09999999999932996 ) ) ;
#120 = DIRECTION ( 'NONE',  ( 0.000000000000000000, 0.000000000000000000, 1.000000000000000000 ) ) ;
#121 = DIRECTION ( 'NONE',  ( 0.000000000000000000, 0.000000000000000000, 1.000000000000000000 ) ) ;
#122 = DIRECTION ( 'NONE',  ( 0.000000000000000000, 1.000000000000000000, 0.000000000000000000 ) ) ;
#123 = ORIENTED_EDGE ( 'NONE', *, *, #4534, .F. ) ;
#124 = ORIENTED_EDGE ( 'NONE', *, *, #11041, .F. ) ;
#125 = ORIENTED_EDGE ( 'NONE', *, *, #11865, .F. ) ;
#126 = ORIENTED_EDGE ( 'NONE', *, *, #10273, .F. ) ;
#127 = CIRCLE ( 'NONE', #10916, 2.350000000000001421 ) ;
#128 = ORIENTED_EDGE ( 'NONE', *, *, #4833, .F. ) ;
#129 = DIRECTION ( 'NONE',  ( 0.000000000000000000, 0.000000000000000000, -1.000000000000000000 ) ) ;
#130 = EDGE_CURVE ( 'NONE', #9222, #4730, #8780, .T. ) ;
#131 = CARTESIAN_POINT ( 'NONE',  ( -28.14999999999983160, -3.199999999999998845, -43.50000000000001421 ) ) ;
#132 = CARTESIAN_POINT ( 'NONE',  ( 30.49999999999983302, -3.199999999999999289, 43.50000000000001421 ) ) ;
#133 = VECTOR ( 'NONE', #406, 1000.000000000000000 ) ;
#134 = DIRECTION ( 'NONE',  ( -1.000000000000000000, -0.000000000000000000, -0.000000000000000000 ) ) ;
#135 = CARTESIAN_POINT ( 'NONE',  ( 28.94999999999953744, -3.199999999999999289, -42.00000000000000711 ) ) ;
#136 = CARTESIAN_POINT ( 'NONE',  ( -36.19999999999999574, -8.000000000000001776, 42.89999999999999147 ) ) ;
#137 = DIRECTION ( 'NONE',  ( 0.000000000000000000, 0.000000000000000000, 1.000000000000000000 ) ) ;
#138 = VERTEX_POINT ( 'NONE', #6400 ) ;
#139 = ORIENTED_EDGE ( 'NONE', *, *, #2837, .T. ) ;
#140 = ORIENTED_EDGE ( 'NONE', *, *, #5627, .T. ) ;
#141 = VECTOR ( 'NONE', #5897, 1000.000000000000000 ) ;
#142 = EDGE_CURVE ( 'NONE', #2360, #6044, #7192, .T. ) ;
#143 = EDGE_CURVE ( 'NONE', #6380, #4571, #5194, .T. ) ;
#144 = FACE_BOUND ( 'NONE', #2852, .T. ) ;
#145 = EDGE_CURVE ( 'NONE', #2343, #823, #4351, .T. ) ;
#146 = LINE ( 'NONE', #8547, #4642 ) ;
#147 = LINE ( 'NONE', #10225, #6051 ) ;
#148 = CARTESIAN_POINT ( 'NONE',  ( -42.00000000000014211, -3.199999999999999734, -38.09999999999998010 ) ) ;
#149 = CYLINDRICAL_SURFACE ( 'NONE', #1231, 2.349999999999997868 ) ;
#150 = AXIS2_PLACEMENT_3D ( 'NONE', #1382, #7070, #6043 ) ;
#151 = DIRECTION ( 'NONE',  ( 0.000000000000000000, 1.000000000000000000, 0.000000000000000000 ) ) ;
#152 = LINE ( 'NONE', #5837, #4386 ) ;
#153 = EDGE_LOOP ( 'NONE', ( #3550, #5454, #2579, #1402, #3375, #4660 ) ) ;
#154 = ORIENTED_EDGE ( 'NONE', *, *, #6734, .T. ) ;
#155 = B_SPLINE_CURVE_WITH_KNOTS ( 'NONE', 3,
 ( #8966, #7046, #2453, #1419, #5109, #8792, #6141, #10771, #1533, #9806, #7107, #9864, #9636, #5287, #4385, #11728, #1362, #5055 ),
 .UNSPECIFIED., .F., .F.,
 ( 4, 2, 2, 2, 2, 2, 2, 2, 4 ),
 ( 0.0007206348819041698620, 0.001394628205143098008, 0.002068621528382026155, 0.002742614851620954735, 0.003416608174859882881, 0.004090601498098811462, 0.004764594821337739608, 0.005438588144576677295, 0.006112581467815614983 ),
 .UNSPECIFIED. ) ;
#156 = ORIENTED_EDGE ( 'NONE', *, *, #6448, .F. ) ;
#157 = CARTESIAN_POINT ( 'NONE',  ( 49.00000000000000711, 1.000000000000000000, 48.99999999999999289 ) ) ;
#158 = EDGE_CURVE ( 'NONE', #3149, #6307, #5695, .T. ) ;
#159 = CYLINDRICAL_SURFACE ( 'NONE', #6112, 1.100000000000000311 ) ;
#160 = ADVANCED_FACE ( 'NONE', ( #11817 ), #1626, .F. ) ;
#161 = CARTESIAN_POINT ( 'NONE',  ( -50.00000000000000000, -5.000000000000000000, -16.60000000000048459 ) ) ;
#162 = DIRECTION ( 'NONE',  ( 0.000000000000000000, -1.000000000000000000, 0.000000000000000000 ) ) ;
#163 = DIRECTION ( 'NONE',  ( 0.000000000000000000, 1.000000000000000000, 0.000000000000000000 ) ) ;
#164 = FACE_OUTER_BOUND ( 'NONE', #7058, .T. ) ;
#165 = CARTESIAN_POINT ( 'NONE',  ( -43.49999999999990763, -3.199999999999999289, 30.49999999999998224 ) ) ;
#166 = DIRECTION ( 'NONE',  ( -0.000000000000000000, -0.000000000000000000, 1.000000000000000000 ) ) ;
#167 = CARTESIAN_POINT ( 'NONE',  ( 41.99999999999972289, -5.000000000000002665, -27.10000000000027143 ) ) ;
#168 = LINE ( 'NONE', #9528, #8233 ) ;
#169 = AXIS2_PLACEMENT_3D ( 'NONE', #7236, #2640, #10843 ) ;
#170 = ORIENTED_EDGE ( 'NONE', *, *, #7331, .F. ) ;
#171 = EDGE_LOOP ( 'NONE', ( #3532, #2212, #10855, #3564 ) ) ;
#172 = ADVANCED_FACE ( 'NONE', ( #5311 ), #5370, .T. ) ;
#173 = ORIENTED_EDGE ( 'NONE', *, *, #6353, .F. ) ;
#174 = LINE ( 'NONE', #3807, #1230 ) ;
#175 = VERTEX_POINT ( 'NONE', #778 ) ;
#176 = EDGE_CURVE ( 'NONE', #11522, #4512, #722, .T. ) ;
#177 = ADVANCED_FACE ( 'NONE', ( #2482 ), #1506, .F. ) ;
#178 = DIRECTION ( 'NONE',  ( -0.000000000000000000, -0.000000000000000000, 1.000000000000000000 ) ) ;
#179 = VECTOR ( 'NONE', #7333, 1000.000000000000000 ) ;
#180 = DIRECTION ( 'NONE',  ( 0.000000000000000000, 1.000000000000000000, 0.000000000000000000 ) ) ;
#181 = DIRECTION ( 'NONE',  ( 1.000000000000000000, 0.000000000000000000, -1.047444401652940007E-14 ) ) ;
#182 = DIRECTION ( 'NONE',  ( -1.000000000000000000, 0.000000000000000000, 1.047444401652940007E-14 ) ) ;
#183 = DIRECTION ( 'NONE',  ( -0.000000000000000000, 1.000000000000000000, -0.000000000000000000 ) ) ;
#184 = CARTESIAN_POINT ( 'NONE',  ( 10.50000000000000178, -4.625684241367294725, 21.97993902474789607 ) ) ;
#185 = CARTESIAN_POINT ( 'NONE',  ( 45.80000000000062244, -3.499999999999999556, 24.69999999999800622 ) ) ;
#186 = ADVANCED_FACE ( 'NONE', ( #8206 ), #10857, .F. ) ;
#187 = VERTEX_POINT ( 'NONE', #4409 ) ;
#188 = ORIENTED_EDGE ( 'NONE', *, *, #9984, .F. ) ;
#189 = CARTESIAN_POINT ( 'NONE',  ( 21.65063509461108993, -1.000000000000000000, -12.49999999999980105 ) ) ;
#190 = ORIENTED_EDGE ( 'NONE', *, *, #4228, .F. ) ;
#191 = AXIS2_PLACEMENT_3D ( 'NONE', #9556, #2255, #1398 ) ;
#192 = EDGE_LOOP ( 'NONE', ( #10811, #3436 ) ) ;
#193 = ORIENTED_EDGE ( 'NONE', *, *, #956, .F. ) ;
#194 = CARTESIAN_POINT ( 'NONE',  ( -10.50000000000000178, -1.000000000288207014, 24.45291297112893503 ) ) ;
#195 = DIRECTION ( 'NONE',  ( 0.000000000000000000, 0.000000000000000000, -1.000000000000000000 ) ) ;
#196 = DIRECTION ( 'NONE',  ( -0.000000000000000000, 0.000000000000000000, 1.000000000000000000 ) ) ;
#197 = CYLINDRICAL_SURFACE ( 'NONE', #210, 2.349999999999997868 ) ;
#198 = DIRECTION ( 'NONE',  ( 0.000000000000000000, 0.000000000000000000, -1.000000000000000000 ) ) ;
#199 = DIRECTION ( 'NONE',  ( 4.476705744456268255E-15, 0.000000000000000000, 1.000000000000000000 ) ) ;
#200 = CARTESIAN_POINT ( 'NONE',  ( 10.49999999999999822, -10.00000000000000178, -12.40000000000000036 ) ) ;
#201 = VECTOR ( 'NONE', #5907, 1000.000000000000000 ) ;
#202 = ORIENTED_EDGE ( 'NONE', *, *, #7953, .T. ) ;
#203 = VERTEX_POINT ( 'NONE', #606 ) ;
#204 = ORIENTED_EDGE ( 'NONE', *, *, #2535, .T. ) ;
#205 = ADVANCED_FACE ( 'NONE', ( #7311 ), #7133, .T. ) ;
#206 = DIRECTION ( 'NONE',  ( -1.000000000000000000, 0.000000000000000000, -0.000000000000000000 ) ) ;
#207 = AXIS2_PLACEMENT_3D ( 'NONE', #10583, #446, #2495 ) ;
#208 = DIRECTION ( 'NONE',  ( -1.000000000000000000, 0.000000000000000000, 0.000000000000000000 ) ) ;
#209 = DIRECTION ( 'NONE',  ( 1.000000000000000000, -0.000000000000000000, -1.047444401652940007E-14 ) ) ;
#210 = AXIS2_PLACEMENT_3D ( 'NONE', #2129, #8536, #9611 ) ;
#211 = CARTESIAN_POINT ( 'NONE',  ( -42.50000000000000711, 1.000000000000000000, -49.00000000000000711 ) ) ;
#212 = CARTESIAN_POINT ( 'NONE',  ( 30.50000000000012790, -3.199999999999999289, 42.00000000000000711 ) ) ;
#213 = DIRECTION ( 'NONE',  ( 1.000000000000000000, 0.000000000000000000, 0.000000000000000000 ) ) ;
#214 = CARTESIAN_POINT ( 'NONE',  ( 32.84999999999983089, -3.199999999999999289, 48.00000000000000711 ) ) ;
#215 = VERTEX_POINT ( 'NONE', #10914 ) ;
#216 = VERTEX_POINT ( 'NONE', #2537 ) ;
#217 = EDGE_CURVE ( 'NONE', #936, #3003, #8394, .T. ) ;
#218 = ORIENTED_EDGE ( 'NONE', *, *, #1566, .T. ) ;
#219 = FACE_BOUND ( 'NONE', #1515, .T. ) ;
#220 = VECTOR ( 'NONE', #7325, 1000.000000000000000 ) ;
#221 = CIRCLE ( 'NONE', #4464, 1.549999999999999378 ) ;
#222 = DIRECTION ( 'NONE',  ( 0.000000000000000000, -1.000000000000000000, 0.000000000000000000 ) ) ;
#223 = CARTESIAN_POINT ( 'NONE',  ( 10.50000000000000178, 1.092969243433481674, 25.40838975852834025 ) ) ;
#224 = CARTESIAN_POINT ( 'NONE',  ( -43.49999999999991473, -3.199999999999998845, 28.14999999999998082 ) ) ;
#225 = CARTESIAN_POINT ( 'NONE',  ( 41.99999999999972289, -5.000000000000002665, -27.10000000000027143 ) ) ;
#226 = LINE ( 'NONE', #3920, #7593 ) ;
#227 = EDGE_CURVE ( 'NONE', #1089, #5007, #7334, .T. ) ;
#228 = VECTOR ( 'NONE', #4624, 1000.000000000000000 ) ;
#229 = CIRCLE ( 'NONE', #1763, 7.500000000000000000 ) ;
#230 = DIRECTION ( 'NONE',  ( 0.000000000000000000, 0.000000000000000000, 1.000000000000000000 ) ) ;
#231 = FACE_OUTER_BOUND ( 'NONE', #10479, .T. ) ;
#232 = CARTESIAN_POINT ( 'NONE',  ( 41.49999999999983658, 0.000000000000000000, 49.99999999999999289 ) ) ;
#233 = ORIENTED_EDGE ( 'NONE', *, *, #904, .T. ) ;
#234 = VERTEX_POINT ( 'NONE', #11643 ) ;
#235 = EDGE_CURVE ( 'NONE', #1442, #8007, #4772, .T. ) ;
#236 = CARTESIAN_POINT ( 'NONE',  ( -42.00000000000014211, -3.199999999999999734, -38.09999999999998010 ) ) ;
#237 = ORIENTED_EDGE ( 'NONE', *, *, #7525, .F. ) ;
#238 = AXIS2_PLACEMENT_3D ( 'NONE', #2795, #1762, #4613 ) ;
#239 = LINE ( 'NONE', #5012, #18 ) ;
#240 = ADVANCED_FACE ( 'NONE', ( #8391 ), #8513, .T. ) ;
#241 = VECTOR ( 'NONE', #11552, 1000.000000000000000 ) ;
#242 = CARTESIAN_POINT ( 'NONE',  ( 24.69999999999998863, -3.499999999999999556, -45.80000000000000426 ) ) ;
#243 = CARTESIAN_POINT ( 'NONE',  ( -38.09999999999923403, -3.199999999999999734, 43.50000000000001421 ) ) ;
#244 = EDGE_CURVE ( 'NONE', #2268, #6660, #9519, .T. ) ;
#245 = CARTESIAN_POINT ( 'NONE',  ( -12.49999999999999822, -13.00000000000000178, -2.183470289971815090E-15 ) ) ;
#246 = DIRECTION ( 'NONE',  ( 0.000000000000000000, -1.000000000000000000, 0.000000000000000000 ) ) ;
#247 = CARTESIAN_POINT ( 'NONE',  ( 6.400000000000000355, -13.00000000000000178, -12.90000000000000036 ) ) ;
#248 = DIRECTION ( 'NONE',  ( -0.000000000000000000, 0.000000000000000000, -1.000000000000000000 ) ) ;
#249 = VERTEX_POINT ( 'NONE', #5669 ) ;
#250 = EDGE_LOOP ( 'NONE', ( #6153, #8746 ) ) ;
#251 = ADVANCED_FACE ( 'NONE', ( #898 ), #7549, .T. ) ;
#252 = FACE_OUTER_BOUND ( 'NONE', #10822, .T. ) ;
#253 = ORIENTED_EDGE ( 'NONE', *, *, #6216, .F. ) ;
#254 = CARTESIAN_POINT ( 'NONE',  ( 21.49897948556865046, -5.000000000000000000, -41.99999999999885603 ) ) ;
#255 = CARTESIAN_POINT ( 'NONE',  ( 10.50000000000000178, -0.9999999999999991118, 8.336881450591459242 ) ) ;
#256 = FACE_OUTER_BOUND ( 'NONE', #5427, .T. ) ;
#257 = CARTESIAN_POINT ( 'NONE',  ( 47.99999999999957367, 1.000000000000000000, -41.50000000000033396 ) ) ;
#258 = AXIS2_PLACEMENT_3D ( 'NONE', #10904, #1851, #4461 ) ;
#259 = CARTESIAN_POINT ( 'NONE',  ( 42.00000000000031974, -8.000000000000001776, 30.09999999999939035 ) ) ;
#260 = FACE_OUTER_BOUND ( 'NONE', #3806, .T. ) ;
#261 = CARTESIAN_POINT ( 'NONE',  ( 45.80000000000062244, 1.000000000000000000, 27.04999999999800409 ) ) ;
#262 = VECTOR ( 'NONE', #11848, 1000.000000000000000 ) ;
#263 = ORIENTED_EDGE ( 'NONE', *, *, #6933, .T. ) ;
#264 = ORIENTED_EDGE ( 'NONE', *, *, #956, .T. ) ;
#265 = ORIENTED_EDGE ( 'NONE', *, *, #4663, .F. ) ;
#266 = CIRCLE ( 'NONE', #6438, 2.999999999999999112 ) ;
#267 = VECTOR ( 'NONE', #8245, 1000.000000000000000 ) ;
#268 = CARTESIAN_POINT ( 'NONE',  ( -35.74999999999983658, -3.199999999999999289, -43.50000000000001421 ) ) ;
#269 = VECTOR ( 'NONE', #1220, 1000.000000000000000 ) ;
#270 = CARTESIAN_POINT ( 'NONE',  ( 48.00000000000033396, -0.1999999999999999833, 31.29999999999933635 ) ) ;
#271 = EDGE_CURVE ( 'NONE', #8493, #9734, #266, .T. ) ;
#272 = DIRECTION ( 'NONE',  ( 0.000000000000000000, 1.000000000000000000, 0.000000000000000000 ) ) ;
#273 = DIRECTION ( 'NONE',  ( -1.000000000000000000, -0.000000000000000000, 5.176904666065966360E-16 ) ) ;
#274 = LINE ( 'NONE', #11316, #9403 ) ;
#275 = LINE ( 'NONE', #5775, #905 ) ;
#276 = VERTEX_POINT ( 'NONE', #1076 ) ;
#277 = ORIENTED_EDGE ( 'NONE', *, *, #5387, .T. ) ;
#278 = ORIENTED_EDGE ( 'NONE', *, *, #3493, .F. ) ;
#279 = AXIS2_PLACEMENT_3D ( 'NONE', #5320, #10195, #3873 ) ;
#280 = EDGE_LOOP ( 'NONE', ( #2958, #9777, #2696, #11656 ) ) ;
#281 = CARTESIAN_POINT ( 'NONE',  ( 45.80000000000062244, -3.499999999999999556, 24.69999999999800622 ) ) ;
#282 = DIRECTION ( 'NONE',  ( 0.000000000000000000, 1.000000000000000000, 0.000000000000000000 ) ) ;
#283 = DIRECTION ( 'NONE',  ( 1.000000000000000000, -0.000000000000000000, -1.047444401652940007E-14 ) ) ;
#284 = EDGE_CURVE ( 'NONE', #10893, #10983, #2775, .T. ) ;
#285 = CARTESIAN_POINT ( 'NONE',  ( -1.376695492233235729, -4.835884540895475148, 21.66336030224016795 ) ) ;
#286 = DIRECTION ( 'NONE',  ( 0.000000000000000000, 0.000000000000000000, 1.000000000000000000 ) ) ;
#287 = DIRECTION ( 'NONE',  ( -1.000000000000000000, 0.000000000000000000, 6.938893903907222067E-15 ) ) ;
#288 = CARTESIAN_POINT ( 'NONE',  ( 24.69999999999998863, 1.000000000000000000, -45.80000000000000426 ) ) ;
#289 = CYLINDRICAL_SURFACE ( 'NONE', #1095, 2.349999999999997868 ) ;
#290 = ORIENTED_EDGE ( 'NONE', *, *, #176, .F. ) ;
#291 = ORIENTED_EDGE ( 'NONE', *, *, #11189, .T. ) ;
#292 = DIRECTION ( 'NONE',  ( 0.000000000000000000, -0.000000000000000000, -1.000000000000000000 ) ) ;
#293 = VERTEX_POINT ( 'NONE', #2835 ) ;
#294 = EDGE_CURVE ( 'NONE', #5108, #367, #174, .T. ) ;
#295 = EDGE_CURVE ( 'NONE', #1388, #9033, #1581, .T. ) ;
#296 = CARTESIAN_POINT ( 'NONE',  ( 27.09999999999983089, -1.000000000000000000, -42.00000000000000711 ) ) ;
#297 = EDGE_CURVE ( 'NONE', #6430, #5371, #9165, .T. ) ;
#298 = PRODUCT_DEFINITION_CONTEXT ( 'detailed design', #4574, 'design' ) ;
#299 = DIRECTION ( 'NONE',  ( -1.396592535537253342E-14, 0.000000000000000000, -1.000000000000000000 ) ) ;
#300 = DIRECTION ( 'NONE',  ( -1.000000000000000000, 0.000000000000000000, 1.047444401652940007E-14 ) ) ;
#301 = DIRECTION ( 'NONE',  ( 1.000000000000000000, -0.000000000000000000, -1.047444401652940007E-14 ) ) ;
#302 = CARTESIAN_POINT ( 'NONE',  ( 6.400000000000000355, -10.00000000000000178, -5.593746508378798943 ) ) ;
#303 = DIRECTION ( 'NONE',  ( 0.000000000000000000, 0.000000000000000000, 1.000000000000000000 ) ) ;
#304 = AXIS2_PLACEMENT_3D ( 'NONE', #5800, #7617, #2112 ) ;
#305 = CARTESIAN_POINT ( 'NONE',  ( 50.00000000000095923, -3.199999999999999734, 36.54999999999965610 ) ) ;
#306 = EDGE_LOOP ( 'NONE', ( #8050, #5382, #6381, #6108 ) ) ;
#307 = VERTEX_POINT ( 'NONE', #6463 ) ;
#308 = CARTESIAN_POINT ( 'NONE',  ( -30.09999999999983089, -5.000000000000002665, -42.00000000000000711 ) ) ;
#309 = VERTEX_POINT ( 'NONE', #9282 ) ;
#310 = AXIS2_PLACEMENT_3D ( 'NONE', #10850, #4403, #5542 ) ;
#311 = EDGE_CURVE ( 'NONE', #9450, #3349, #2969, .T. ) ;
#312 = DIRECTION ( 'NONE',  ( -1.387778780781445676E-16, 0.000000000000000000, -1.000000000000000000 ) ) ;
#313 = EDGE_CURVE ( 'NONE', #8675, #5682, #4506, .T. ) ;
#314 = ADVANCED_FACE ( 'NONE', ( #48 ), #3747, .F. ) ;
#315 = FACE_OUTER_BOUND ( 'NONE', #10359, .T. ) ;
#316 = DIRECTION ( 'NONE',  ( -1.387778780781445676E-16, 0.000000000000000000, -1.000000000000000000 ) ) ;
#317 = CARTESIAN_POINT ( 'NONE',  ( -41.49999999999983658, -1.000000000000000000, 48.00000000000000711 ) ) ;
#318 = DIRECTION ( 'NONE',  ( 0.000000000000000000, 0.000000000000000000, 1.000000000000000000 ) ) ;
#319 = DIRECTION ( 'NONE',  ( 6.982962677686267499E-15, -0.000000000000000000, 1.000000000000000000 ) ) ;
#320 = FACE_OUTER_BOUND ( 'NONE', #11104, .T. ) ;
#321 = AXIS2_PLACEMENT_3D ( 'NONE', #11323, #6874, #1185 ) ;
#322 = AXIS2_PLACEMENT_3D ( 'NONE', #11516, #2113, #11572 ) ;
#323 = VERTEX_POINT ( 'NONE', #5603 ) ;
#324 = EDGE_LOOP ( 'NONE', ( #2787, #2241 ) ) ;
#325 = ORIENTED_EDGE ( 'NONE', *, *, #6206, .T. ) ;
#326 = EDGE_CURVE ( 'NONE', #7470, #8599, #10252, .T. ) ;
#327 = ADVANCED_FACE ( 'NONE', ( #9468 ), #3200, .F. ) ;
#328 = VERTEX_POINT ( 'NONE', #2345 ) ;
#329 = AXIS2_PLACEMENT_3D ( 'NONE', #4641, #8319, #9158 ) ;
#330 = CARTESIAN_POINT ( 'NONE',  ( -42.00000000000014921, -13.88973377750793858, -38.87254656381551143 ) ) ;
#331 = CARTESIAN_POINT ( 'NONE',  ( 50.00000000000000711, 7.750000000000000000, 41.49999999999999289 ) ) ;
#332 = CIRCLE ( 'NONE', #6305, 1.550000000000002709 ) ;
#333 = CARTESIAN_POINT ( 'NONE',  ( 32.44125358201637255, -8.066893300826480484, 48.00000000000001421 ) ) ;
#334 = CYLINDRICAL_SURFACE ( 'NONE', #6989, 1.550000000000002709 ) ;
#335 = LINE ( 'NONE', #10532, #10161 ) ;
#336 = DIRECTION ( 'NONE',  ( -0.000000000000000000, 1.000000000000000000, -0.000000000000000000 ) ) ;
#337 = ORIENTED_EDGE ( 'NONE', *, *, #11815, .F. ) ;
#338 = EDGE_LOOP ( 'NONE', ( #11739, #31 ) ) ;
#339 = EDGE_LOOP ( 'NONE', ( #5180, #9396, #7974, #2043 ) ) ;
#340 = AXIS2_PLACEMENT_3D ( 'NONE', #2980, #2854, #9240 ) ;
#341 = VERTEX_POINT ( 'NONE', #353 ) ;
#342 = CARTESIAN_POINT ( 'NONE',  ( 43.50000000000032685, -3.199999999999999289, 30.49999999999937828 ) ) ;
#343 = CARTESIAN_POINT ( 'NONE',  ( 10.49999999999999822, -12.96642427669861775, -13.25223834205409901 ) ) ;
#344 = DIRECTION ( 'NONE',  ( -1.396592535537253342E-14, -0.000000000000000000, -1.000000000000000000 ) ) ;
#345 = AXIS2_PLACEMENT_3D ( 'NONE', #8650, #6961, #6786 ) ;
#346 = CARTESIAN_POINT ( 'NONE',  ( 1.364051631968081990, -4.832496527228366645, 21.66566855929581692 ) ) ;
#347 = DIRECTION ( 'NONE',  ( 1.000000000000000000, 0.000000000000000000, 0.000000000000000000 ) ) ;
#348 = LINE ( 'NONE', #5662, #8418 ) ;
#349 = CARTESIAN_POINT ( 'NONE',  ( 32.05000000000012506, -3.199999999999999289, 42.00000000000000711 ) ) ;
#350 = CARTESIAN_POINT ( 'NONE',  ( 41.99999999999960210, -13.89357207385986293, -38.88532071630778830 ) ) ;
#351 = ORIENTED_EDGE ( 'NONE', *, *, #8428, .F. ) ;
#352 = ORIENTED_EDGE ( 'NONE', *, *, #11503, .T. ) ;
#353 = CARTESIAN_POINT ( 'NONE',  ( 41.49999999999983658, -1.000000000000001776, 42.00000000000000711 ) ) ;
#354 = ORIENTED_EDGE ( 'NONE', *, *, #8877, .T. ) ;
#355 = EDGE_CURVE ( 'NONE', #2478, #7104, #4223, .T. ) ;
#356 = DIRECTION ( 'NONE',  ( -0.000000000000000000, -1.000000000000000000, -0.000000000000000000 ) ) ;
#357 = LINE ( 'NONE', #4718, #8025 ) ;
#358 = DIRECTION ( 'NONE',  ( -1.000000000000000000, 0.000000000000000000, 0.000000000000000000 ) ) ;
#359 = CARTESIAN_POINT ( 'NONE',  ( -30.49999999999983302, -3.199999999999999289, 43.50000000000001421 ) ) ;
#360 = CARTESIAN_POINT ( 'NONE',  ( -50.00000000000012079, -0.1999999999999999833, -31.29999999999966320 ) ) ;
#361 = FACE_OUTER_BOUND ( 'NONE', #3314, .T. ) ;
#362 = VERTEX_POINT ( 'NONE', #476 ) ;
#363 = EDGE_CURVE ( 'NONE', #11194, #559, #2387, .T. ) ;
#364 = ORIENTED_EDGE ( 'NONE', *, *, #5228, .T. ) ;
#365 = LINE ( 'NONE', #9603, #2698 ) ;
#366 = CARTESIAN_POINT ( 'NONE',  ( 42.00000000000040501, -8.295943596307866486, 38.19316283781508758 ) ) ;
#367 = VERTEX_POINT ( 'NONE', #5122 ) ;
#368 = B_SPLINE_CURVE_WITH_KNOTS ( 'NONE', 3,
 ( #11219, #1143, #6772, #1205 ),
 .UNSPECIFIED., .F., .F.,
 ( 4, 4 ),
 ( 0.000000000000000000, 0.0007769150246506727631 ),
 .UNSPECIFIED. ) ;
#369 = EDGE_CURVE ( 'NONE', #8081, #10893, #6889, .T. ) ;
#370 = AXIS2_PLACEMENT_3D ( 'NONE', #2974, #1386, #3034 ) ;
#371 = DIRECTION ( 'NONE',  ( 0.000000000000000000, -1.000000000000000000, 0.000000000000000000 ) ) ;
#372 = DIRECTION ( 'NONE',  ( -0.000000000000000000, -0.000000000000000000, -1.000000000000000000 ) ) ;
#373 = CARTESIAN_POINT ( 'NONE',  ( -24.69999999999738094, -3.499999999999999556, 45.79999999999864713 ) ) ;
#374 = DIRECTION ( 'NONE',  ( -0.000000000000000000, -0.000000000000000000, 1.000000000000000000 ) ) ;
#375 = CARTESIAN_POINT ( 'NONE',  ( 41.99999999999969447, -5.000000000000002665, -30.10000000000027143 ) ) ;
#376 = CARTESIAN_POINT ( 'NONE',  ( -10.50000000000000178, -12.69965371984190661, 13.48363888547187806 ) ) ;
#377 = CARTESIAN_POINT ( 'NONE',  ( -43.50000000000014211, -3.199999999999999734, -38.09999999999968168 ) ) ;
#378 = ADVANCED_FACE ( 'NONE', ( #4893, #8574 ), #7730, .T. ) ;
#379 = EDGE_LOOP ( 'NONE', ( #2171, #7949, #4322, #2108 ) ) ;
#380 = EDGE_LOOP ( 'NONE', ( #2373, #5932, #3065, #6537 ) ) ;
#381 = ORIENTED_EDGE ( 'NONE', *, *, #6448, .T. ) ;
#382 = EDGE_CURVE ( 'NONE', #585, #8786, #1433, .T. ) ;
#383 = AXIS2_PLACEMENT_3D ( 'NONE', #422, #4903, #303 ) ;
#384 = CARTESIAN_POINT ( 'NONE',  ( -42.00000000000013500, -8.044274299655331362, -32.73838392573958345 ) ) ;
#385 = CARTESIAN_POINT ( 'NONE',  ( -50.00000000000000711, -1.000000000000000000, -50.00000000000000711 ) ) ;
#386 = DIRECTION ( 'NONE',  ( 1.000000000000000000, 0.000000000000000000, -1.387778780781445676E-16 ) ) ;
#387 = CARTESIAN_POINT ( 'NONE',  ( 39.65000000000013358, -3.199999999999999734, 42.00000000000000711 ) ) ;
#388 = CIRCLE ( 'NONE', #11377, 2.349999999999997868 ) ;
#389 = CARTESIAN_POINT ( 'NONE',  ( 30.49999999999983302, -3.199999999999999289, -43.50000000000001421 ) ) ;
#390 = ADVANCED_FACE ( 'NONE', ( #3986 ), #7906, .T. ) ;
#391 = CARTESIAN_POINT ( 'NONE',  ( -41.49999999999914735, 1.000000000000000000, 48.99999999999999289 ) ) ;
#392 = PLANE ( 'NONE',  #7515 ) ;
#393 = ORIENTED_EDGE ( 'NONE', *, *, #8439, .T. ) ;
#394 = ORIENTED_EDGE ( 'NONE', *, *, #1344, .T. ) ;
#395 = ORIENTED_EDGE ( 'NONE', *, *, #6742, .T. ) ;
#396 = ORIENTED_EDGE ( 'NONE', *, *, #6799, .F. ) ;
#397 = ORIENTED_EDGE ( 'NONE', *, *, #6571, .F. ) ;
#398 = VECTOR ( 'NONE', #1169, 1000.000000000000000 ) ;
#399 = DIRECTION ( 'NONE',  ( 0.000000000000000000, 0.000000000000000000, 1.000000000000000000 ) ) ;
#400 = CARTESIAN_POINT ( 'NONE',  ( 47.99999999999960210, -3.199999999999999734, -38.10000000000033538 ) ) ;
#401 = DIRECTION ( 'NONE',  ( -1.000000000000000000, 0.000000000000000000, 0.000000000000000000 ) ) ;
#402 = CARTESIAN_POINT ( 'NONE',  ( 0.1360686118765288277, -5.100355729214045120, 21.39972035547577534 ) ) ;
#403 = CIRCLE ( 'NONE', #8814, 2.349999999999997868 ) ;
#404 = LINE ( 'NONE', #3307, #846 ) ;
#405 = CARTESIAN_POINT ( 'NONE',  ( 0.000000000000000000, 0.000000000000000000, 48.99999999999999289 ) ) ;
#406 = DIRECTION ( 'NONE',  ( -0.000000000000000000, 1.000000000000000000, -0.000000000000000000 ) ) ;
#407 = VECTOR ( 'NONE', #11898, 1000.000000000000000 ) ;
#408 = CYLINDRICAL_SURFACE ( 'NONE', #2454, 1.550000000000002709 ) ;
#409 = ORIENTED_EDGE ( 'NONE', *, *, #2192, .F. ) ;
#410 = VERTEX_POINT ( 'NONE', #5795 ) ;
#411 = VECTOR ( 'NONE', #1145, 1000.000000000000000 ) ;
#412 = ORIENTED_EDGE ( 'NONE', *, *, #4416, .T. ) ;
#413 = LINE ( 'NONE', #11510, #5373 ) ;
#414 = EDGE_LOOP ( 'NONE', ( #11813, #2624, #5393, #1327 ) ) ;
#415 = DIRECTION ( 'NONE',  ( 0.000000000000000000, 1.000000000000000000, 0.000000000000000000 ) ) ;
#416 = VECTOR ( 'NONE', #1537, 1000.000000000000000 ) ;
#417 = VECTOR ( 'NONE', #5390, 1000.000000000000000 ) ;
#418 = FACE_OUTER_BOUND ( 'NONE', #11644, .T. ) ;
#419 = CARTESIAN_POINT ( 'NONE',  ( 48.00000000000035527, -3.199999999999998845, 32.84999999999933351 ) ) ;
#420 = ADVANCED_FACE ( 'NONE', ( #6036, #1373 ), #11563, .T. ) ;
#421 = PLANE ( 'NONE',  #1659 ) ;
#422 = CARTESIAN_POINT ( 'NONE',  ( -40.00000000000000711, -8.000000000000001776, -42.80000000000001137 ) ) ;
#423 = CARTESIAN_POINT ( 'NONE',  ( 42.00000000000044764, -10.02513371737336456, 41.49999999999939604 ) ) ;
#424 = VERTEX_POINT ( 'NONE', #6767 ) ;
#425 = ORIENTED_EDGE ( 'NONE', *, *, #6201, .T. ) ;
#426 = CARTESIAN_POINT ( 'NONE',  ( -30.09999999999983089, -5.000000000000002665, -48.00000000000000711 ) ) ;
#427 = EDGE_CURVE ( 'NONE', #45, #3214, #6830, .T. ) ;
#428 = LINE ( 'NONE', #8821, #6736 ) ;
#429 = B_SPLINE_CURVE_WITH_KNOTS ( 'NONE', 3,
 ( #11366, #9446, #333, #6805, #5042, #9565, #3904, #7650, #7586, #1116, #5834, #11314, #6862, #10471, #4868, #6743, #4807, #1293, #8724, #6683, #449, #5954, #6920, #9504 ),
 .UNSPECIFIED., .F., .F.,
 ( 4, 2, 2, 2, 2, 2, 2, 2, 2, 2, 2, 4 ),
 ( 0.000000000000000000, 0.001554076671176413647, 0.003108153342352827295, 0.004662230013529240942, 0.005439268349117438658, 0.006216306684705635507, 0.006993345020293832356, 0.007770383355882030073, 0.009324460027058424638, 0.01087853669823481834, 0.01165557503382301345, 0.01243261336941121030 ),
 .UNSPECIFIED. ) ;
#430 = VERTEX_POINT ( 'NONE', #8688 ) ;
#431 = CIRCLE ( 'NONE', #6609, 1.549999999999999378 ) ;
#432 = CIRCLE ( 'NONE', #7963, 2.349999999999997868 ) ;
#433 = DIRECTION ( 'NONE',  ( 0.000000000000000000, -0.000000000000000000, -1.000000000000000000 ) ) ;
#434 = CARTESIAN_POINT ( 'NONE',  ( -39.64999999999914593, -3.199999999999999734, 50.00000000000169820 ) ) ;
#435 = DIRECTION ( 'NONE',  ( 1.000000000000000000, -0.000000000000000000, -3.491481338843133355E-15 ) ) ;
#436 = ADVANCED_FACE ( 'NONE', ( #6942 ), #1257, .F. ) ;
#437 = LINE ( 'NONE', #1453, #2529 ) ;
#438 = CARTESIAN_POINT ( 'NONE',  ( 1.146804166853325757, -4.065310090492610939, 26.11953478284034702 ) ) ;
#439 = CARTESIAN_POINT ( 'NONE',  ( -30.09999999999983089, -8.000000000000001776, 48.00000000000000711 ) ) ;
#440 = LINE ( 'NONE', #4856, #11361 ) ;
#441 = CIRCLE ( 'NONE', #6816, 1.100000000000000311 ) ;
#442 = VERTEX_POINT ( 'NONE', #10436 ) ;
#443 = VERTEX_POINT ( 'NONE', #1317 ) ;
#444 = EDGE_CURVE ( 'NONE', #11723, #7806, #4997, .T. ) ;
#445 = CIRCLE ( 'NONE', #258, 1.550000000000002709 ) ;
#446 = DIRECTION ( 'NONE',  ( 6.982962677686267499E-15, -0.000000000000000000, 1.000000000000000000 ) ) ;
#447 = CYLINDRICAL_SURFACE ( 'NONE', #11820, 1.000000000000000888 ) ;
#448 = EDGE_CURVE ( 'NONE', #6672, #7761, #5067, .T. ) ;
#449 = CARTESIAN_POINT ( 'NONE',  ( 42.53770105731894802, -8.081054468879488084, 48.00000000000000711 ) ) ;
#450 = CARTESIAN_POINT ( 'NONE',  ( -10.50000000000000178, -9.742991517807720214, 12.88585505360103056 ) ) ;
#451 = LINE ( 'NONE', #4141, #3321 ) ;
#452 = CARTESIAN_POINT ( 'NONE',  ( 40.00000000000000000, -1.000000000000000000, 14.99999999999982236 ) ) ;
#453 = CARTESIAN_POINT ( 'NONE',  ( 24.70000000000261764, 1.000000000000000000, 43.44999999999865281 ) ) ;
#454 = ORIENTED_EDGE ( 'NONE', *, *, #9618, .F. ) ;
#455 = EDGE_LOOP ( 'NONE', ( #7253, #4773, #10203, #5651 ) ) ;
#456 = ORIENTED_EDGE ( 'NONE', *, *, #10786, .F. ) ;
#457 = VERTEX_POINT ( 'NONE', #7852 ) ;
#458 = ORIENTED_EDGE ( 'NONE', *, *, #3797, .T. ) ;
#459 = AXIS2_PLACEMENT_3D ( 'NONE', #944, #8083, #3498 ) ;
#460 = VECTOR ( 'NONE', #738, 1000.000000000000000 ) ;
#461 = AXIS2_PLACEMENT_3D ( 'NONE', #998, #7532, #4695 ) ;
#462 = CARTESIAN_POINT ( 'NONE',  ( -32.04999999999913740, -3.199999999999999289, 50.00000000000158451 ) ) ;
#463 = EDGE_CURVE ( 'NONE', #8863, #6523, #5009, .T. ) ;
#464 = CARTESIAN_POINT ( 'NONE',  ( -10.49999999999999822, -13.00000178703044540, -16.14843605350760569 ) ) ;
#465 = DIRECTION ( 'NONE',  ( 0.000000000000000000, -0.000000000000000000, -1.000000000000000000 ) ) ;
#466 = EDGE_CURVE ( 'NONE', #2225, #9590, #413, .T. ) ;
#467 = CARTESIAN_POINT ( 'NONE',  ( 0.5649466737046110465, -5.058792203071940108, 21.44174563750276974 ) ) ;
#468 = EDGE_CURVE ( 'NONE', #1643, #1177, #11148, .T. ) ;
#469 = CARTESIAN_POINT ( 'NONE',  ( 24.69999999999784634, -5.000000000000000000, -45.80000000000070770 ) ) ;
#470 = AXIS2_PLACEMENT_3D ( 'NONE', #4415, #3572, #5376 ) ;
#471 = FACE_BOUND ( 'NONE', #3377, .T. ) ;
#472 = CARTESIAN_POINT ( 'NONE',  ( 41.99999999999966604, -8.174934941032363511, -33.40909002846501608 ) ) ;
#473 = VERTEX_POINT ( 'NONE', #1492 ) ;
#474 = EDGE_LOOP ( 'NONE', ( #5193, #140 ) ) ;
#475 = ORIENTED_EDGE ( 'NONE', *, *, #2947, .F. ) ;
#476 = CARTESIAN_POINT ( 'NONE',  ( -42.00000000000012079, -8.000000000000001776, -31.83083868292569463 ) ) ;
#477 = ORIENTED_EDGE ( 'NONE', *, *, #143, .T. ) ;
#478 = EDGE_CURVE ( 'NONE', #6783, #2478, #2582, .T. ) ;
#479 = DIRECTION ( 'NONE',  ( -1.000000000000000000, -0.000000000000000000, 1.387778780781445676E-16 ) ) ;
#480 = CARTESIAN_POINT ( 'NONE',  ( -47.99999999999990763, -0.1999999999999999833, 27.09999999999999787 ) ) ;
#481 = CARTESIAN_POINT ( 'NONE',  ( 49.00000000000000000, 0.000000000000000000, -6.800116025829083810E-15 ) ) ;
#482 = CARTESIAN_POINT ( 'NONE',  ( -35.72419598204034230, -5.000000000000001776, -42.00000000000000711 ) ) ;
#483 = PLANE ( 'NONE',  #8831 ) ;
#484 = CARTESIAN_POINT ( 'NONE',  ( 43.50000000000030553, -3.199999999999999289, 28.14999999999937685 ) ) ;
#485 = VERTEX_POINT ( 'NONE', #765 ) ;
#486 = ORIENTED_EDGE ( 'NONE', *, *, #2436, .T. ) ;
#487 = FACE_OUTER_BOUND ( 'NONE', #5978, .T. ) ;
#488 = DIRECTION ( 'NONE',  ( 0.000000000000000000, 1.000000000000000000, 0.000000000000000000 ) ) ;
#489 = ORIENTED_EDGE ( 'NONE', *, *, #10102, .T. ) ;
#490 = VECTOR ( 'NONE', #5257, 1000.000000000000000 ) ;
#491 = DIRECTION ( 'NONE',  ( 1.000000000000000000, -0.000000000000000000, -3.491481338843133355E-15 ) ) ;
#492 = DIRECTION ( 'NONE',  ( -0.000000000000000000, -0.000000000000000000, -1.000000000000000000 ) ) ;
#493 = LINE ( 'NONE', #4241, #8 ) ;
#494 = VECTOR ( 'NONE', #5865, 1000.000000000000000 ) ;
#495 = DIRECTION ( 'NONE',  ( 0.000000000000000000, 1.000000000000000000, 0.000000000000000000 ) ) ;
#496 = CARTESIAN_POINT ( 'NONE',  ( 21.65063509461108993, 1.000000000000000000, -10.89999999999979963 ) ) ;
#497 = CARTESIAN_POINT ( 'NONE',  ( 0.5399816409771062142, -7.256067065240390690, 23.48782304758549344 ) ) ;
#498 = CYLINDRICAL_SURFACE ( 'NONE', #8603, 2.350000000000001421 ) ;
#499 = ORIENTED_EDGE ( 'NONE', *, *, #1481, .F. ) ;
#500 = ORIENTED_EDGE ( 'NONE', *, *, #8709, .F. ) ;
#501 = CIRCLE ( 'NONE', #7839, 1.550000000000002709 ) ;
#502 = CIRCLE ( 'NONE', #11861, 2.349999999999997868 ) ;
#503 = ADVANCED_FACE ( 'NONE', ( #8864 ), #7175, .F. ) ;
#504 = FACE_OUTER_BOUND ( 'NONE', #4979, .T. ) ;
#505 = CARTESIAN_POINT ( 'NONE',  ( 40.00000000000000711, -1.000000000000000000, -7.500000000000000000 ) ) ;
#506 = AXIS2_PLACEMENT_3D ( 'NONE', #5414, #5477, #828 ) ;
#507 = VECTOR ( 'NONE', #5303, 1000.000000000000000 ) ;
#508 = DIRECTION ( 'NONE',  ( 0.000000000000000000, 1.000000000000000000, 0.000000000000000000 ) ) ;
#509 = CARTESIAN_POINT ( 'NONE',  ( -45.80000000000062244, -8.000000000000001776, -26.24999999999800337 ) ) ;
#510 = CARTESIAN_POINT ( 'NONE',  ( 40.00000000000000000, 1.000000000000000000, 7.500000000000000000 ) ) ;
#511 = CARTESIAN_POINT ( 'NONE',  ( 24.70000000000261764, -3.499999999999999556, 45.79999999999864713 ) ) ;
#512 = ORIENTED_EDGE ( 'NONE', *, *, #11365, .F. ) ;
#513 = ORIENTED_EDGE ( 'NONE', *, *, #2072, .T. ) ;
#514 = VERTEX_POINT ( 'NONE', #5411 ) ;
#515 = EDGE_LOOP ( 'NONE', ( #8174, #4782 ) ) ;
#516 = ADVANCED_FACE ( 'NONE', ( #10782 ), #651, .T. ) ;
#517 = EDGE_LOOP ( 'NONE', ( #5340, #9932, #571, #5191 ) ) ;
#518 = VECTOR ( 'NONE', #9492, 1000.000000000000000 ) ;
#519 = EDGE_CURVE ( 'NONE', #2991, #7456, #6929, .T. ) ;
#520 = AXIS2_PLACEMENT_3D ( 'NONE', #2760, #11079, #1125 ) ;
#521 = DIRECTION ( 'NONE',  ( -1.000000000000000000, -0.000000000000000000, 1.047444401652940007E-14 ) ) ;
#522 = AXIS2_PLACEMENT_3D ( 'NONE', #11450, #646, #9761 ) ;
#523 = CARTESIAN_POINT ( 'NONE',  ( 31.29999999999983373, -0.1999999999999999833, -48.00000000000000711 ) ) ;
#524 = CARTESIAN_POINT ( 'NONE',  ( -48.99999999999999289, 1.000000000000000000, 31.30000000000000782 ) ) ;
#525 = CARTESIAN_POINT ( 'NONE',  ( 29.87323076026857294, -7.991417007358172064, 42.00000000000000711 ) ) ;
#526 = FACE_OUTER_BOUND ( 'NONE', #11783, .T. ) ;
#527 = VECTOR ( 'NONE', #10777, 1000.000000000000000 ) ;
#528 = DIRECTION ( 'NONE',  ( 0.000000000000000000, -1.000000000000000000, 0.000000000000000000 ) ) ;
#529 = CARTESIAN_POINT ( 'NONE',  ( 32.05000000000013927, -3.199999999999999289, 43.49999999999978684 ) ) ;
#530 = ORIENTED_EDGE ( 'NONE', *, *, #11, .F. ) ;
#531 = ORIENTED_EDGE ( 'NONE', *, *, #4454, .F. ) ;
#532 = ADVANCED_FACE ( 'NONE', ( #4335 ), #10730, .T. ) ;
#533 = VERTEX_POINT ( 'NONE', #1670 ) ;
#534 = CARTESIAN_POINT ( 'NONE',  ( 0.000000000000000000, -5.000000000000000000, 0.000000000000000000 ) ) ;
#535 = ORIENTED_EDGE ( 'NONE', *, *, #2725, .T. ) ;
#536 = EDGE_CURVE ( 'NONE', #10839, #797, #2292, .T. ) ;
#537 = EDGE_CURVE ( 'NONE', #6916, #6857, #1705, .T. ) ;
#538 = CIRCLE ( 'NONE', #6317, 1.000000000000000888 ) ;
#539 = FACE_OUTER_BOUND ( 'NONE', #3728, .T. ) ;
#540 = FACE_OUTER_BOUND ( 'NONE', #4948, .T. ) ;
#541 = CARTESIAN_POINT ( 'NONE',  ( -28.94999999999922125, -3.199999999999999289, 43.50000000000001421 ) ) ;
#542 = ADVANCED_FACE ( 'NONE', ( #6266 ), #4516, .F. ) ;
#543 = CARTESIAN_POINT ( 'NONE',  ( -45.79999999999802185, 1.000000000000000000, 24.70000000000062812 ) ) ;
#544 = CARTESIAN_POINT ( 'NONE',  ( -40.00000000000000711, -14.80000000000000071, -42.80000000000001137 ) ) ;
#545 = CARTESIAN_POINT ( 'NONE',  ( -31.87648978952705647, -11.35063898633022461, 42.31981470171686510 ) ) ;
#546 = ORIENTED_EDGE ( 'NONE', *, *, #7953, .F. ) ;
#548 = VERTEX_POINT ( 'NONE', #6094 ) ;
#547 = ADVANCED_FACE ( 'NONE', ( #10672 ), #4452, .F. ) ;
#549 = DIRECTION ( 'NONE',  ( 0.000000000000000000, 0.000000000000000000, -1.000000000000000000 ) ) ;
#550 = ORIENTED_EDGE ( 'NONE', *, *, #4456, .F. ) ;
#551 = EDGE_CURVE ( 'NONE', #309, #8493, #8136, .T. ) ;
#552 = DIRECTION ( 'NONE',  ( 0.000000000000000000, 0.000000000000000000, 1.000000000000000000 ) ) ;
#553 = FACE_OUTER_BOUND ( 'NONE', #10342, .T. ) ;
#554 = CARTESIAN_POINT ( 'NONE',  ( -35.75261677221018886, -8.455270398719855862, -42.00000000000001421 ) ) ;
#555 = DIRECTION ( 'NONE',  ( 0.000000000000000000, 0.000000000000000000, -1.000000000000000000 ) ) ;
#556 = DIRECTION ( 'NONE',  ( -0.000000000000000000, -0.000000000000000000, -1.000000000000000000 ) ) ;
#557 = CARTESIAN_POINT ( 'NONE',  ( -21.65063509461091584, 1.000000000000000000, -14.10000000000010623 ) ) ;
#558 = DIRECTION ( 'NONE',  ( 1.000000000000000000, -0.000000000000000000, -0.000000000000000000 ) ) ;
#559 = VERTEX_POINT ( 'NONE', #7965 ) ;
#560 = EDGE_LOOP ( 'NONE', ( #8402, #6998, #9398 ) ) ;
#561 = VERTEX_POINT ( 'NONE', #3551 ) ;
#562 = DIRECTION ( 'NONE',  ( 1.000000000000000000, 0.000000000000000000, 0.000000000000000000 ) ) ;
#563 = DIRECTION ( 'NONE',  ( 0.000000000000000000, 0.000000000000000000, 1.000000000000000000 ) ) ;
#564 = VECTOR ( 'NONE', #8005, 1000.000000000000000 ) ;
#565 = DIRECTION ( 'NONE',  ( -0.000000000000000000, 1.000000000000000000, -0.000000000000000000 ) ) ;
#566 = CARTESIAN_POINT ( 'NONE',  ( 40.00000000000000711, -9.000000000000001776, -42.80000000000001137 ) ) ;
#567 = DIRECTION ( 'NONE',  ( -1.000000000000000000, -0.000000000000000000, -3.491481338843133750E-15 ) ) ;
#568 = EDGE_CURVE ( 'NONE', #9890, #1953, #2520, .T. ) ;
#569 = DIRECTION ( 'NONE',  ( 0.000000000000000000, 0.000000000000000000, 1.000000000000000000 ) ) ;
#570 = VERTEX_POINT ( 'NONE', #5181 ) ;
#571 = ORIENTED_EDGE ( 'NONE', *, *, #9404, .T. ) ;
#572 = EDGE_LOOP ( 'NONE', ( #3185, #2683 ) ) ;
#573 = ORIENTED_EDGE ( 'NONE', *, *, #6236, .F. ) ;
#574 = ORIENTED_EDGE ( 'NONE', *, *, #3319, .F. ) ;
#575 = AXIS2_PLACEMENT_3D ( 'NONE', #1283, #6001, #11356 ) ;
#576 = DIRECTION ( 'NONE',  ( 0.000000000000000000, 0.000000000000000000, -1.000000000000000000 ) ) ;
#577 = CARTESIAN_POINT ( 'NONE',  ( 21.65063509461108993, -1.000000000000000000, -14.09999999999980425 ) ) ;
#578 = CARTESIAN_POINT ( 'NONE',  ( 50.00000000000064659, -4.200000000000000178, -20.51918358845111356 ) ) ;
#579 = EDGE_CURVE ( 'NONE', #10142, #11373, #7119, .T. ) ;
#580 = CARTESIAN_POINT ( 'NONE',  ( 29.84228468475406970, -7.989140037473766220, 43.27440940105140044 ) ) ;
#581 = CARTESIAN_POINT ( 'NONE',  ( 10.49999999999999822, -1.183610513097520522, -25.97082558204558111 ) ) ;
#582 = ADVANCED_FACE ( 'NONE', ( #11626 ), #1547, .F. ) ;
#583 = CARTESIAN_POINT ( 'NONE',  ( 37.12128219524569062, -10.42938582349199272, -48.00000000000000711 ) ) ;
#584 = CARTESIAN_POINT ( 'NONE',  ( 41.99999999999967315, -8.000000000000001776, -31.83083868292561291 ) ) ;
#585 = VERTEX_POINT ( 'NONE', #1611 ) ;
#586 = ORIENTED_EDGE ( 'NONE', *, *, #3776, .F. ) ;
#587 = ORIENTED_EDGE ( 'NONE', *, *, #11235, .F. ) ;
#588 = DIRECTION ( 'NONE',  ( 1.000000000000000000, -0.000000000000000000, -1.047444401652940007E-14 ) ) ;
#589 = AXIS2_PLACEMENT_3D ( 'NONE', #8778, #11715, #6068 ) ;
#590 = EDGE_LOOP ( 'NONE', ( #1816, #6162 ) ) ;
#591 = CIRCLE ( 'NONE', #7160, 1.000000000000000888 ) ;
#592 = DIRECTION ( 'NONE',  ( -1.000000000000000000, 0.000000000000000000, 4.336808689942025625E-16 ) ) ;
#593 = EDGE_CURVE ( 'NONE', #3969, #10743, #8976, .T. ) ;
#594 = B_SPLINE_SURFACE_WITH_KNOTS ( 'NONE', 1, 3, ( 
 ( #343, #1306, #10541, #4035, #2097, #6819, #6635, #4152, #1186, #2217, #5722, #6755, #10486, #7782 ),
 ( #9457, #1246, #4939, #464, #4094, #9518, #2275, #11498, #8619, #5056, #7597, #4881, #11265, #6694 ) ),
 .UNSPECIFIED., .F., .F., .F.,
 ( 2, 2 ),
 ( 4, 2, 2, 2, 2, 2, 4 ),
 ( 0.000000000000000000, 1.000000000000000000 ),
 ( 0.000000000000000000, 0.05057760283202342860, 0.2879332021240175732, 0.5252888014160117525, 0.7626444007080058762, 0.8813222003540028826, 1.000000000000000000 ),
 .UNSPECIFIED. ) ;
#595 = VECTOR ( 'NONE', #9050, 1000.000000000000000 ) ;
#596 = LINE ( 'NONE', #6157, #2423 ) ;
#597 = DIRECTION ( 'NONE',  ( 0.000000000000000000, 1.000000000000000000, 0.000000000000000000 ) ) ;
#598 = EDGE_CURVE ( 'NONE', #3523, #533, #3849, .T. ) ;
#599 = AXIS2_PLACEMENT_3D ( 'NONE', #73, #2676, #2857 ) ;
#600 = CARTESIAN_POINT ( 'NONE',  ( 33.14537742395251740, -11.57637686901528618, 42.83530764778620181 ) ) ;
#601 = FACE_BOUND ( 'NONE', #762, .T. ) ;
#602 = ORIENTED_EDGE ( 'NONE', *, *, #8661, .T. ) ;
#603 = CARTESIAN_POINT ( 'NONE',  ( -32.17410639433840913, -11.48480472735182900, 44.57954612693819030 ) ) ;
#604 = ORIENTED_EDGE ( 'NONE', *, *, #4207, .T. ) ;
#605 = VERTEX_POINT ( 'NONE', #10301 ) ;
#606 = CARTESIAN_POINT ( 'NONE',  ( 10.50000000000000000, -10.00000000000000178, 8.561999999999995836 ) ) ;
#607 = ORIENTED_EDGE ( 'NONE', *, *, #7997, .T. ) ;
#608 = VECTOR ( 'NONE', #4110, 1000.000000000000000 ) ;
#609 = CIRCLE ( 'NONE', #8519, 1.100000000000000311 ) ;
#610 = VECTOR ( 'NONE', #11903, 1000.000000000000000 ) ;
#611 = DIRECTION ( 'NONE',  ( 1.000000000000000000, 0.000000000000000000, -3.491481338843133355E-15 ) ) ;
#612 = EDGE_CURVE ( 'NONE', #8131, #11796, #8754, .T. ) ;
#613 = DIRECTION ( 'NONE',  ( -1.000000000000000000, 0.000000000000000000, -5.176904666065966360E-16 ) ) ;
#614 = DIRECTION ( 'NONE',  ( 0.000000000000000000, 0.000000000000000000, -1.000000000000000000 ) ) ;
#615 = CYLINDRICAL_SURFACE ( 'NONE', #10440, 1.549999999999999378 ) ;
#616 = FACE_BOUND ( 'NONE', #11547, .T. ) ;
#617 = EDGE_CURVE ( 'NONE', #6049, #5006, #9895, .T. ) ;
#618 = DIRECTION ( 'NONE',  ( 1.000000000000000000, -0.000000000000000000, -1.047444401652940007E-14 ) ) ;
#619 = AXIS2_PLACEMENT_3D ( 'NONE', #10721, #6198, #6144 ) ;
#620 = VERTEX_POINT ( 'NONE', #8376 ) ;
#621 = ORIENTED_EDGE ( 'NONE', *, *, #6074, .F. ) ;
#622 = AXIS2_PLACEMENT_3D ( 'NONE', #9443, #8824, #552 ) ;
#623 = VERTEX_POINT ( 'NONE', #6383 ) ;
#624 = CARTESIAN_POINT ( 'NONE',  ( -49.00000000000000711, 1.000000000000000000, -49.00000000000000711 ) ) ;
#625 = CARTESIAN_POINT ( 'NONE',  ( -10.49999999999999822, -13.00000000000000178, -14.40000000000000036 ) ) ;
#626 = CIRCLE ( 'NONE', #11788, 2.999999999999999112 ) ;
#627 = FACE_OUTER_BOUND ( 'NONE', #9395, .T. ) ;
#628 = CARTESIAN_POINT ( 'NONE',  ( 41.49999999999983658, 1.000000000000000000, -48.00000000000000711 ) ) ;
#629 = CARTESIAN_POINT ( 'NONE',  ( 16.59999999999983089, -1.000000000000000000, 49.99999999999999289 ) ) ;
#630 = FACE_OUTER_BOUND ( 'NONE', #4333, .T. ) ;
#631 = VERTEX_POINT ( 'NONE', #33 ) ;
#632 = EDGE_LOOP ( 'NONE', ( #10859, #4377, #6148, #5066, #3693 ) ) ;
#633 = ORIENTED_EDGE ( 'NONE', *, *, #10784, .F. ) ;
#634 = VERTEX_POINT ( 'NONE', #11020 ) ;
#635 =( BOUNDED_SURFACE ( )  B_SPLINE_SURFACE ( 3, 2, ( 
 ( #9205, #3604, #7232 ),
 ( #3659, #7292, #11737 ),
 ( #8130, #934, #10837 ),
 ( #1665, #11919, #2635 ),
 ( #5294, #10953, #9085 ),
 ( #705, #9145, #3486 ),
 ( #5407, #760, #4627 ),
 ( #11074, #5353, #8305 ),
 ( #27, #8249, #2813 ),
 ( #6320, #7348, #4393 ),
 ( #9991, #3726, #4510 ),
 ( #11014, #822, #8187 ),
 ( #2756, #7413, #4448 ),
 ( #6442, #11794, #6379 ) ),
 .UNSPECIFIED., .F., .F., .T. ) 
 B_SPLINE_SURFACE_WITH_KNOTS ( ( 4, 2, 2, 2, 2, 2, 4 ),
 ( 3, 3 ),
 ( 0.000000000000000000, 0.001802817988294596078, 0.002704226982441894009, 0.003605635976589192156, 0.004507044970736490304, 0.005408453964883788018, 0.007211271953178384313 ),
 ( 0.000000000000000000, 1.000000000000000000 ),
 .UNSPECIFIED. ) 
 GEOMETRIC_REPRESENTATION_ITEM ( )  RATIONAL_B_SPLINE_SURFACE ( (
 ( 1.000000000000000000, 0.7071067811865476838, 1.000000000000000000),
 ( 1.000000000000000000, 0.7232204891754508980, 1.000000000000000000),
 ( 1.000000000000000000, 0.7391519685196341616, 1.000000000000000000),
 ( 1.000000000000000000, 0.7599780301743688238, 1.000000000000000000),
 ( 1.000000000000000000, 0.7664322577134123904, 1.000000000000000000),
 ( 1.000000000000000000, 0.7778949121271434564, 1.000000000000000000),
 ( 1.000000000000000000, 0.7828297828442857265, 1.000000000000000000),
 ( 1.000000000000000000, 0.7909369266994125125, 1.000000000000000000),
 ( 1.000000000000000000, 0.7941101673602368738, 1.000000000000000000),
 ( 1.000000000000000000, 0.7985487043129375628, 1.000000000000000000),
 ( 1.000000000000000000, 0.7998146782589157233, 1.000000000000000000),
 ( 1.000000000000000000, 0.8005291957579231399, 1.000000000000000000),
 ( 1.000000000000000000, 0.7969305424797852311, 1.000000000000000000),
 ( 1.000000000000000000, 0.7896562729254988922, 1.000000000000000000) ) ) 
 REPRESENTATION_ITEM ( '' )  SURFACE ( )  );
#636 = ORIENTED_EDGE ( 'NONE', *, *, #5313, .T. ) ;
#637 = DIRECTION ( 'NONE',  ( -3.491481338843133750E-15, -0.000000000000000000, -1.000000000000000000 ) ) ;
#638 = VECTOR ( 'NONE', #401, 1000.000000000000000 ) ;
#639 = DIRECTION ( 'NONE',  ( 0.000000000000000000, 0.000000000000000000, 1.000000000000000000 ) ) ;
#640 = CARTESIAN_POINT ( 'NONE',  ( 39.64999999999954383, -3.199999999999999734, -42.00000000000000711 ) ) ;
#641 = CARTESIAN_POINT ( 'NONE',  ( 29.91625499911810948, -7.994597322177365406, 44.54520692733978393 ) ) ;
#642 = CARTESIAN_POINT ( 'NONE',  ( -32.79395631181284188, -6.164045376551357869, 42.00000000000000711 ) ) ;
#643 = B_SPLINE_CURVE_WITH_KNOTS ( 'NONE', 3,
 ( #8817, #3270, #6163, #6952, #9830, #10618, #1440, #11577, #5931, #3327, #5254, #10683, #9599, #2415, #8697, #4116, #11075, #1900, #9264, #8988, #5527, #10854, #8370, #92 ),
 .UNSPECIFIED., .F., .F.,
 ( 4, 2, 2, 2, 2, 2, 2, 2, 2, 2, 2, 4 ),
 ( 0.000000000000000000, 0.001554076671176389361, 0.003108153342352778722, 0.004662230013529168084, 0.005439268349117372739, 0.006216306684705576527, 0.006993345020293780315, 0.007770383355881985837, 0.009324460027058395148, 0.01087853669823480619, 0.01165557503382301172, 0.01243261336941121724 ),
 .UNSPECIFIED. ) ;
#644 = CIRCLE ( 'NONE', #10860, 4.349999999999999645 ) ;
#645 = DIRECTION ( 'NONE',  ( -0.000000000000000000, 1.000000000000000000, -0.000000000000000000 ) ) ;
#646 = DIRECTION ( 'NONE',  ( 0.000000000000000000, -1.000000000000000000, 0.000000000000000000 ) ) ;
#647 = ORIENTED_EDGE ( 'NONE', *, *, #7612, .T. ) ;
#648 = ORIENTED_EDGE ( 'NONE', *, *, #9022, .T. ) ;
#649 = AXIS2_PLACEMENT_3D ( 'NONE', #1279, #3339, #6116 ) ;
#650 = ORIENTED_EDGE ( 'NONE', *, *, #9299, .F. ) ;
#651 = PLANE ( 'NONE',  #4412 ) ;
#652 = ORIENTED_EDGE ( 'NONE', *, *, #8952, .F. ) ;
#653 = EDGE_CURVE ( 'NONE', #4571, #3141, #1031, .T. ) ;
#654 = CARTESIAN_POINT ( 'NONE',  ( 47.99999999999972289, -5.000000000000002665, -27.10000000000033538 ) ) ;
#655 = CARTESIAN_POINT ( 'NONE',  ( -43.49999999999988631, -3.199999999999999734, 36.54999999999998295 ) ) ;
#656 = CARTESIAN_POINT ( 'NONE',  ( 0.000000000000000000, -1.000000000000000000, 0.000000000000000000 ) ) ;
#657 = CARTESIAN_POINT ( 'NONE',  ( -34.51388071445733630, -10.87883213288004747, -42.00000000000000000 ) ) ;
#658 = CARTESIAN_POINT ( 'NONE',  ( 10.50000000000000178, -6.691851700650325974, 24.17792075378426020 ) ) ;
#659 = CARTESIAN_POINT ( 'NONE',  ( -48.00000000000015632, -1.000000000000000000, -41.49999999999966604 ) ) ;
#660 = ORIENTED_EDGE ( 'NONE', *, *, #1045, .F. ) ;
#661 = CARTESIAN_POINT ( 'NONE',  ( 30.09999999999983089, -5.000000000000002665, -42.00000000000000711 ) ) ;
#662 = VERTEX_POINT ( 'NONE', #9150 ) ;
#663 = ORIENTED_EDGE ( 'NONE', *, *, #10862, .F. ) ;
#664 = DIRECTION ( 'NONE',  ( 6.982962677686267499E-15, -0.000000000000000000, 1.000000000000000000 ) ) ;
#665 = ORIENTED_EDGE ( 'NONE', *, *, #217, .F. ) ;
#666 = AXIS2_PLACEMENT_3D ( 'NONE', #9458, #11141, #2884 ) ;
#667 = ADVANCED_FACE ( 'NONE', ( #11195 ), #1968, .F. ) ;
#668 = B_SPLINE_CURVE_WITH_KNOTS ( 'NONE', 3,
 ( #1677, #2476, #2708, #5364, #600, #5423, #6275, #9103 ),
 .UNSPECIFIED., .F., .F.,
 ( 4, 2, 2, 4 ),
 ( 0.000000000000000000, 0.001261881735277567418, 0.001892822602916362403, 0.002523763470555157387 ),
 .UNSPECIFIED. ) ;
#669 = EDGE_CURVE ( 'NONE', #3260, #8236, #11440, .T. ) ;
#670 = CARTESIAN_POINT ( 'NONE',  ( 10.49999999999999822, -11.38157628938363608, -21.42457675550709695 ) ) ;
#671 = CARTESIAN_POINT ( 'NONE',  ( 41.49999999999983658, -1.000000000000000000, 49.99999999999999289 ) ) ;
#672 = CARTESIAN_POINT ( 'NONE',  ( 10.50000000000000178, -10.00000000000000178, -11.29999999999999893 ) ) ;
#673 = CARTESIAN_POINT ( 'NONE',  ( -29.72240394554846077, -7.976145028017221250, -41.93473873962874876 ) ) ;
#674 = CARTESIAN_POINT ( 'NONE',  ( -40.00000000000000711, -8.000000000000001776, -42.80000000000001137 ) ) ;
#675 = LINE ( 'NONE', #4361, #1066 ) ;
#676 = EDGE_LOOP ( 'NONE', ( #10894, #8761 ) ) ;
#677 = ORIENTED_EDGE ( 'NONE', *, *, #1082, .T. ) ;
#678 = EDGE_CURVE ( 'NONE', #10388, #6175, #3742, .T. ) ;
#679 = EDGE_CURVE ( 'NONE', #8765, #2093, #7352, .T. ) ;
#680 = EDGE_LOOP ( 'NONE', ( #7173, #6536, #1196, #2682 ) ) ;
#681 = DIRECTION ( 'NONE',  ( 0.000000000000000000, 0.000000000000000000, -1.000000000000000000 ) ) ;
#682 = CARTESIAN_POINT ( 'NONE',  ( -24.70000000000000995, 1.000000000000000000, -48.15000000000000568 ) ) ;
#683 = CARTESIAN_POINT ( 'NONE',  ( -15.00000000000000355, 1.000000000000000000, -40.00000000000000000 ) ) ;
#684 = CARTESIAN_POINT ( 'NONE',  ( -10.50000000000000178, -11.46508410774687547, 17.41753885185062245 ) ) ;
#685 = DIRECTION ( 'NONE',  ( -0.000000000000000000, -0.000000000000000000, 1.000000000000000000 ) ) ;
#686 = VECTOR ( 'NONE', #7328, 1000.000000000000000 ) ;
#687 = EDGE_CURVE ( 'NONE', #6187, #430, #6836, .T. ) ;
#688 = CARTESIAN_POINT ( 'NONE',  ( -10.49999999999999822, -7.909625491199500757, -25.81232522714683242 ) ) ;
#689 = AXIS2_PLACEMENT_3D ( 'NONE', #8832, #7992, #11651 ) ;
#690 = VERTEX_POINT ( 'NONE', #2700 ) ;
#691 = ORIENTED_EDGE ( 'NONE', *, *, #3834, .T. ) ;
#692 = ORIENTED_EDGE ( 'NONE', *, *, #1910, .F. ) ;
#693 = ORIENTED_EDGE ( 'NONE', *, *, #7093, .F. ) ;
#694 = ADVANCED_FACE ( 'NONE', ( #2941 ), #1904, .F. ) ;
#695 = ORIENTED_EDGE ( 'NONE', *, *, #3389, .F. ) ;
#696 = CARTESIAN_POINT ( 'NONE',  ( 0.000000000000000000, 1.000000000000000000, 0.000000000000000000 ) ) ;
#697 = CIRCLE ( 'NONE', #3791, 2.350000000000001421 ) ;
#698 = CIRCLE ( 'NONE', #2045, 1.000000000000000888 ) ;
#699 = CARTESIAN_POINT ( 'NONE',  ( -49.00000000000000000, 1.000000000000000000, 6.800116025829083810E-15 ) ) ;
#700 = CARTESIAN_POINT ( 'NONE',  ( 43.49999999999959499, -3.199999999999999734, -39.64999999999968594 ) ) ;
#701 = DIRECTION ( 'NONE',  ( -1.000000000000000000, -0.000000000000000000, 4.336808689942025625E-16 ) ) ;
#702 = DIRECTION ( 'NONE',  ( -0.7071067811866064146, 0.000000000000000000, -0.7071067811864886199 ) ) ;
#703 =( BOUNDED_CURVE ( )  B_SPLINE_CURVE ( 3, ( #2409, #2525, #7177, #6328 ),
 .UNSPECIFIED., .F., .T. ) 
 B_SPLINE_CURVE_WITH_KNOTS ( ( 4, 4 ),
 ( 4.712388980384689674, 6.283185307179586232 ),
 .UNSPECIFIED. ) 
 CURVE ( )  GEOMETRIC_REPRESENTATION_ITEM ( )  RATIONAL_B_SPLINE_CURVE ( ( 1.000000000000000000, 0.8047378541243649375, 0.8047378541243649375, 1.000000000000000000 ) ) 
 REPRESENTATION_ITEM ( '' )  );
#704 = CYLINDRICAL_SURFACE ( 'NONE', #712, 2.349999999999997868 ) ;
#705 = CARTESIAN_POINT ( 'NONE',  ( -29.43629236870400945, -7.926070750543336096, 45.37762340700851382 ) ) ;
#706 = EDGE_LOOP ( 'NONE', ( #4019, #6150, #6178, #10466 ) ) ;
#707 = ORIENTED_EDGE ( 'NONE', *, *, #11012, .F. ) ;
#708 = VECTOR ( 'NONE', #7360, 1000.000000000000000 ) ;
#709 = VERTEX_POINT ( 'NONE', #11923 ) ;
#710 = CARTESIAN_POINT ( 'NONE',  ( -38.10000000000042775, -3.199999999999999734, -42.00000000000001421 ) ) ;
#711 = ORIENTED_EDGE ( 'NONE', *, *, #5771, .T. ) ;
#712 = AXIS2_PLACEMENT_3D ( 'NONE', #11854, #11736, #759 ) ;
#713 = DIRECTION ( 'NONE',  ( -0.000000000000000000, -1.000000000000000000, -0.000000000000000000 ) ) ;
#714 = CARTESIAN_POINT ( 'NONE',  ( 24.69999999999848228, -8.000000000000001776, 45.80000000000036664 ) ) ;
#715 = CARTESIAN_POINT ( 'NONE',  ( -48.00000000000016342, -8.637575383945584662, -40.45200705725281409 ) ) ;
#716 = LINE ( 'NONE', #11811, #3406 ) ;
#717 = CARTESIAN_POINT ( 'NONE',  ( -50.00000000000000711, -0.2000000000000000944, -27.09999999999966036 ) ) ;
#718 = EDGE_LOOP ( 'NONE', ( #4145, #4692 ) ) ;
#719 = VERTEX_POINT ( 'NONE', #10174 ) ;
#720 = EDGE_CURVE ( 'NONE', #8863, #3786, #6121, .T. ) ;
#721 = EDGE_LOOP ( 'NONE', ( #8392, #1215, #2000, #2877, #10872, #9981 ) ) ;
#722 = LINE ( 'NONE', #7978, #2032 ) ;
#723 = ORIENTED_EDGE ( 'NONE', *, *, #11890, .T. ) ;
#724 = CIRCLE ( 'NONE', #8828, 2.349999999999997868 ) ;
#725 = CARTESIAN_POINT ( 'NONE',  ( 10.49999999999999822, -7.909625491199500757, -25.81232522714683242 ) ) ;
#726 = FACE_BOUND ( 'NONE', #4408, .T. ) ;
#727 = DIRECTION ( 'NONE',  ( 1.000000000000000000, 0.000000000000000000, -6.938893903907222067E-15 ) ) ;
#728 = CYLINDRICAL_SURFACE ( 'NONE', #10490, 2.349999999999997868 ) ;
#729 = AXIS2_PLACEMENT_3D ( 'NONE', #4904, #3998, #1267 ) ;
#730 = EDGE_CURVE ( 'NONE', #1844, #3001, #11310, .T. ) ;
#731 = CARTESIAN_POINT ( 'NONE',  ( 20.51918358845291834, -4.200000000000000178, 50.00000000000000711 ) ) ;
#732 = CARTESIAN_POINT ( 'NONE',  ( 31.29999999999983373, -0.1999999999999999833, -50.00000000000000711 ) ) ;
#733 = EDGE_CURVE ( 'NONE', #6857, #6916, #2066, .T. ) ;
#734 = ORIENTED_EDGE ( 'NONE', *, *, #10484, .F. ) ;
#735 = ORIENTED_EDGE ( 'NONE', *, *, #9097, .T. ) ;
#736 = ORIENTED_EDGE ( 'NONE', *, *, #1477, .T. ) ;
#737 = CARTESIAN_POINT ( 'NONE',  ( 39.72986189760656117, -5.025393101198560863, -42.00000000000000711 ) ) ;
#738 = DIRECTION ( 'NONE',  ( 0.000000000000000000, 1.000000000000000000, 0.000000000000000000 ) ) ;
#739 = EDGE_CURVE ( 'NONE', #3141, #4571, #902, .T. ) ;
#740 = DIRECTION ( 'NONE',  ( 0.000000000000000000, 0.000000000000000000, 1.000000000000000000 ) ) ;
#741 = CARTESIAN_POINT ( 'NONE',  ( -10.50000000000000178, -1.742761747758515112, 27.52459474509704762 ) ) ;
#742 = DIRECTION ( 'NONE',  ( 0.000000000000000000, 0.000000000000000000, 1.000000000000000000 ) ) ;
#743 = AXIS2_PLACEMENT_3D ( 'NONE', #4278, #826, #3378 ) ;
#744 = ADVANCED_FACE ( 'NONE', ( #6447 ), #11881, .T. ) ;
#745 = FACE_OUTER_BOUND ( 'NONE', #1567, .T. ) ;
#746 = ORIENTED_EDGE ( 'NONE', *, *, #9525, .F. ) ;
#747 = EDGE_LOOP ( 'NONE', ( #10434, #4435, #4497, #4680 ) ) ;
#748 = ORIENTED_EDGE ( 'NONE', *, *, #8272, .T. ) ;
#749 = ORIENTED_EDGE ( 'NONE', *, *, #7629, .F. ) ;
#750 = DIRECTION ( 'NONE',  ( -0.000000000000000000, 1.000000000000000000, -0.000000000000000000 ) ) ;
#751 = ADVANCED_FACE ( 'NONE', ( #1845 ), #5586, .T. ) ;
#752 = AXIS2_PLACEMENT_3D ( 'NONE', #7828, #1354, #10653 ) ;
#753 = CARTESIAN_POINT ( 'NONE',  ( -42.00000000000015632, -5.556562696684967051, -41.49999999999968736 ) ) ;
#754 = DIRECTION ( 'NONE',  ( -1.387778780781445676E-16, 0.000000000000000000, -1.000000000000000000 ) ) ;
#755 = EDGE_CURVE ( 'NONE', #3969, #11546, #6690, .T. ) ;
#756 = LINE ( 'NONE', #4443, #1578 ) ;
#757 = CARTESIAN_POINT ( 'NONE',  ( -32.36695970760919749, -6.758131723631853660, 42.00000000000000711 ) ) ;
#758 = ADVANCED_FACE ( 'NONE', ( #219, #9454 ), #1180, .T. ) ;
#759 = DIRECTION ( 'NONE',  ( 0.000000000000000000, 0.000000000000000000, 1.000000000000000000 ) ) ;
#760 = CARTESIAN_POINT ( 'NONE',  ( -32.06706349770504971, -8.560989244741731952, 44.28269123084977821 ) ) ;
#761 = VERTEX_POINT ( 'NONE', #1751 ) ;
#762 = EDGE_LOOP ( 'NONE', ( #4769, #7249 ) ) ;
#763 = VECTOR ( 'NONE', #10519, 1000.000000000000000 ) ;
#764 = ORIENTED_EDGE ( 'NONE', *, *, #7984, .T. ) ;
#765 = CARTESIAN_POINT ( 'NONE',  ( -41.49999999999983658, -1.000000000000000000, 42.00000000000000711 ) ) ;
#766 = EDGE_CURVE ( 'NONE', #6810, #6430, #2724, .T. ) ;
#767 = LINE ( 'NONE', #2584, #5995 ) ;
#768 = CARTESIAN_POINT ( 'NONE',  ( 0.000000000000000000, -13.00000000000000178, -14.40000000000000036 ) ) ;
#769 = FACE_OUTER_BOUND ( 'NONE', #79, .T. ) ;
#770 = DIRECTION ( 'NONE',  ( -0.000000000000000000, 1.000000000000000000, -0.000000000000000000 ) ) ;
#771 = CARTESIAN_POINT ( 'NONE',  ( 50.00000000000093081, -3.199999999999999289, 28.94999999999965823 ) ) ;
#772 = DIRECTION ( 'NONE',  ( 0.000000000000000000, 0.000000000000000000, 1.000000000000000000 ) ) ;
#773 = CIRCLE ( 'NONE', #9647, 2.349999999999997868 ) ;
#774 = DIRECTION ( 'NONE',  ( 0.000000000000000000, 0.000000000000000000, 1.000000000000000000 ) ) ;
#775 = ORIENTED_EDGE ( 'NONE', *, *, #5716, .T. ) ;
#776 = ORIENTED_EDGE ( 'NONE', *, *, #2687, .F. ) ;
#777 = ORIENTED_EDGE ( 'NONE', *, *, #3463, .F. ) ;
#778 = CARTESIAN_POINT ( 'NONE',  ( 48.00000000000029132, -0.1999999999999999833, 27.09999999999932996 ) ) ;
#779 = ORIENTED_EDGE ( 'NONE', *, *, #1046, .T. ) ;
#780 = EDGE_CURVE ( 'NONE', #8269, #6749, #1094, .T. ) ;
#781 = AXIS2_PLACEMENT_3D ( 'NONE', #11601, #9911, #2437 ) ;
#782 = PLANE ( 'NONE',  #10463 ) ;
#783 = ADVANCED_FACE ( 'NONE', ( #8400 ), #5557, .F. ) ;
#784 = DIRECTION ( 'NONE',  ( -0.000000000000000000, 1.000000000000000000, -0.000000000000000000 ) ) ;
#785 = FACE_BOUND ( 'NONE', #1592, .T. ) ;
#786 = DIRECTION ( 'NONE',  ( -1.000000000000000000, -0.000000000000000000, 3.491481338843133750E-15 ) ) ;
#787 = CARTESIAN_POINT ( 'NONE',  ( 31.29999999999983373, -0.1999999999999999833, -48.00000000000000711 ) ) ;
#788 = EDGE_CURVE ( 'NONE', #8037, #11105, #6470, .T. ) ;
#789 = DIRECTION ( 'NONE',  ( -1.181088324069316513E-14, 0.000000000000000000, -1.000000000000000000 ) ) ;
#790 = LINE ( 'NONE', #10079, #1922 ) ;
#791 = CIRCLE ( 'NONE', #5417, 2.349999999999997868 ) ;
#792 = VERTEX_POINT ( 'NONE', #7381 ) ;
#793 = VERTEX_POINT ( 'NONE', #9234 ) ;
#794 = VECTOR ( 'NONE', #8945, 1000.000000000000000 ) ;
#795 = CIRCLE ( 'NONE', #5054, 1.100000000000001199 ) ;
#796 = ADVANCED_FACE ( 'NONE', ( #4659 ), #2784, .T. ) ;
#797 = VERTEX_POINT ( 'NONE', #11164 ) ;
#798 = EDGE_CURVE ( 'NONE', #864, #6237, #4540, .T. ) ;
#799 = DIRECTION ( 'NONE',  ( -0.000000000000000000, 1.000000000000000000, -0.000000000000000000 ) ) ;
#800 = CARTESIAN_POINT ( 'NONE',  ( 42.00000000000066080, -5.000000000000000000, 21.49897948556799676 ) ) ;
#801 = CIRCLE ( 'NONE', #11775, 1.000000000000000888 ) ;
#802 = DIRECTION ( 'NONE',  ( 0.000000000000000000, 0.000000000000000000, 1.000000000000000000 ) ) ;
#803 = CIRCLE ( 'NONE', #10055, 2.350000000000001421 ) ;
#804 = CARTESIAN_POINT ( 'NONE',  ( 10.50000000000000178, -1.742761747758515112, 27.52459474509704762 ) ) ;
#805 = CARTESIAN_POINT ( 'NONE',  ( 41.49999999999983658, -1.000000000000000000, 48.00000000000000711 ) ) ;
#806 = CARTESIAN_POINT ( 'NONE',  ( 41.02186235543361192, -6.305554237471406864, 42.00000000000000711 ) ) ;
#807 = ORIENTED_EDGE ( 'NONE', *, *, #1843, .F. ) ;
#808 = VERTEX_POINT ( 'NONE', #9056 ) ;
#809 = ORIENTED_EDGE ( 'NONE', *, *, #9678, .F. ) ;
#810 = VERTEX_POINT ( 'NONE', #6410 ) ;
#811 = EDGE_CURVE ( 'NONE', #5860, #3286, #961, .T. ) ;
#812 = EDGE_CURVE ( 'NONE', #10800, #6032, #5148, .T. ) ;
#813 = VECTOR ( 'NONE', #5100, 1000.000000000000000 ) ;
#814 = DIRECTION ( 'NONE',  ( 1.000000000000000000, 0.000000000000000000, 0.000000000000000000 ) ) ;
#815 = ADVANCED_FACE ( 'NONE', ( #7499 ), #10140, .T. ) ;
#816 = AXIS2_PLACEMENT_3D ( 'NONE', #696, #4324, #11496 ) ;
#817 = CARTESIAN_POINT ( 'NONE',  ( -1.518688027971748955, -6.199002389078366093, 24.48804493583008224 ) ) ;
#818 = CARTESIAN_POINT ( 'NONE',  ( -20.51918358845291834, -4.200000000000000178, 49.99999999999999289 ) ) ;
#819 = CARTESIAN_POINT ( 'NONE',  ( -40.03304029239078687, -6.758131723631852772, 42.00000000000000711 ) ) ;
#820 = DIRECTION ( 'NONE',  ( 0.000000000000000000, 0.000000000000000000, 1.000000000000000000 ) ) ;
#821 = CARTESIAN_POINT ( 'NONE',  ( 39.55514050092183709, -11.48151319806255266, -48.00000000000000711 ) ) ;
#822 = CARTESIAN_POINT ( 'NONE',  ( -31.84445400737235587, -8.637987801435690116, 42.57649785150061206 ) ) ;
#823 = VERTEX_POINT ( 'NONE', #9116 ) ;
#824 = ORIENTED_EDGE ( 'NONE', *, *, #7784, .T. ) ;
#825 = ORIENTED_EDGE ( 'NONE', *, *, #7093, .T. ) ;
#826 = DIRECTION ( 'NONE',  ( -0.000000000000000000, -1.000000000000000000, -0.000000000000000000 ) ) ;
#827 = EDGE_CURVE ( 'NONE', #9004, #4785, #790, .T. ) ;
#828 = DIRECTION ( 'NONE',  ( 0.000000000000000000, 0.000000000000000000, -1.000000000000000000 ) ) ;
#829 = EDGE_CURVE ( 'NONE', #2926, #4191, #3756, .T. ) ;
#830 = ADVANCED_FACE ( 'NONE', ( #2667 ), #1812, .F. ) ;
#831 = CARTESIAN_POINT ( 'NONE',  ( 24.69999999999784634, -8.000000000000001776, -45.80000000000070770 ) ) ;
#832 = CARTESIAN_POINT ( 'NONE',  ( -41.05160885803569215, -11.32972142150075001, -48.00000000000001421 ) ) ;
#833 = VECTOR ( 'NONE', #4944, 1000.000000000000000 ) ;
#834 = LINE ( 'NONE', #2705, #6630 ) ;
#835 = CARTESIAN_POINT ( 'NONE',  ( -27.09999999999983089, -5.000000000000000000, 50.00000000000000711 ) ) ;
#836 = AXIS2_PLACEMENT_3D ( 'NONE', #11312, #9258, #3055 ) ;
#837 = PLANE ( 'NONE',  #1846 ) ;
#838 = CARTESIAN_POINT ( 'NONE',  ( 49.99999999999999289, -0.2000000000000000944, -31.30000000000035598 ) ) ;
#839 = DIRECTION ( 'NONE',  ( 0.000000000000000000, 1.000000000000000000, 0.000000000000000000 ) ) ;
#840 = VERTEX_POINT ( 'NONE', #10199 ) ;
#841 = EDGE_LOOP ( 'NONE', ( #9453, #10389, #3651, #5217, #8408 ) ) ;
#842 = ORIENTED_EDGE ( 'NONE', *, *, #10758, .T. ) ;
#843 = CARTESIAN_POINT ( 'NONE',  ( -24.69999999999752660, -5.000000000000000000, 47.35000000000088249 ) ) ;
#844 = ORIENTED_EDGE ( 'NONE', *, *, #1601, .F. ) ;
#845 = EDGE_CURVE ( 'NONE', #4191, #823, #6565, .T. ) ;
#846 = VECTOR ( 'NONE', #10664, 1000.000000000000000 ) ;
#847 = VECTOR ( 'NONE', #4915, 1000.000000000000000 ) ;
#848 = DIRECTION ( 'NONE',  ( 0.000000000000000000, 0.000000000000000000, 1.000000000000000000 ) ) ;
#849 = DIRECTION ( 'NONE',  ( 0.000000000000000000, -1.000000000000000000, 0.000000000000000000 ) ) ;
#850 = CARTESIAN_POINT ( 'NONE',  ( -50.00000000000000711, 1.000000000000000000, -50.00000000000000711 ) ) ;
#851 = DIRECTION ( 'NONE',  ( 1.000000000000000000, 0.000000000000000000, -3.491481338843133355E-15 ) ) ;
#852 = CARTESIAN_POINT ( 'NONE',  ( -41.50000000000000711, 0.9999999999999997780, -49.58578643762691485 ) ) ;
#853 = DIRECTION ( 'NONE',  ( 0.000000000000000000, 1.000000000000000000, 0.000000000000000000 ) ) ;
#854 = ORIENTED_EDGE ( 'NONE', *, *, #6587, .F. ) ;
#855 = VERTEX_POINT ( 'NONE', #11103 ) ;
#856 = EDGE_LOOP ( 'NONE', ( #2430, #1741, #10265, #7312 ) ) ;
#857 = CARTESIAN_POINT ( 'NONE',  ( 45.80000000000062244, -3.499999999999999556, -24.70000000000199591 ) ) ;
#858 = CARTESIAN_POINT ( 'NONE',  ( 40.00000000000000711, -14.80000000000000071, -42.80000000000001137 ) ) ;
#859 = CARTESIAN_POINT ( 'NONE',  ( -10.49999999999999822, -1.183620658817472693, -25.97082274352725406 ) ) ;
#860 = CARTESIAN_POINT ( 'NONE',  ( -10.50000000000000178, 0.005798918716270161366, 28.20446927904529133 ) ) ;
#861 = DIRECTION ( 'NONE',  ( 0.000000000000000000, -1.000000000000000000, 0.000000000000000000 ) ) ;
#862 = CARTESIAN_POINT ( 'NONE',  ( -10.49999999999999822, -0.2465537652539989966, -26.19846911439987025 ) ) ;
#863 = FACE_OUTER_BOUND ( 'NONE', #10037, .T. ) ;
#864 = VERTEX_POINT ( 'NONE', #6532 ) ;
#865 = VERTEX_POINT ( 'NONE', #5615 ) ;
#866 = VERTEX_POINT ( 'NONE', #6349 ) ;
#867 = ORIENTED_EDGE ( 'NONE', *, *, #829, .F. ) ;
#868 = EDGE_CURVE ( 'NONE', #7903, #8908, #2508, .T. ) ;
#869 = DIRECTION ( 'NONE',  ( 0.000000000000000000, 1.000000000000000000, 0.000000000000000000 ) ) ;
#870 = CARTESIAN_POINT ( 'NONE',  ( -0.5273815518743957265, -3.438148138192253622, 26.51602900759621306 ) ) ;
#871 = VECTOR ( 'NONE', #4480, 1000.000000000000000 ) ;
#872 = CARTESIAN_POINT ( 'NONE',  ( 45.80000000000062244, 1.000000000000000000, -24.70000000000199591 ) ) ;
#873 = CARTESIAN_POINT ( 'NONE',  ( -40.24161162836502825, -7.200155741057212566, 42.00000000000001421 ) ) ;
#874 = CARTESIAN_POINT ( 'NONE',  ( 45.80000000000062244, -3.499999999999999556, 26.24999999999800337 ) ) ;
#875 = VECTOR ( 'NONE', #10502, 1000.000000000000000 ) ;
#876 = EDGE_CURVE ( 'NONE', #2972, #9950, #3637, .T. ) ;
#877 = LINE ( 'NONE', #11073, #3430 ) ;
#878 = CARTESIAN_POINT ( 'NONE',  ( -31.29999999999983373, 1.000000000000000000, 48.99999999999999289 ) ) ;
#879 = VERTEX_POINT ( 'NONE', #10263 ) ;
#880 = EDGE_LOOP ( 'NONE', ( #9889, #1722, #9346, #6735 ) ) ;
#881 = ORIENTED_EDGE ( 'NONE', *, *, #8247, .T. ) ;
#882 = DIRECTION ( 'NONE',  ( 0.000000000000000000, 0.000000000000000000, 1.000000000000000000 ) ) ;
#883 = VECTOR ( 'NONE', #10372, 1000.000000000000000 ) ;
#884 = DIRECTION ( 'NONE',  ( 0.000000000000000000, 0.000000000000000000, -1.000000000000000000 ) ) ;
#885 = CARTESIAN_POINT ( 'NONE',  ( 10.50000000000000178, -0.4424743133088256952, 24.81137931848633116 ) ) ;
#886 = CARTESIAN_POINT ( 'NONE',  ( -48.00000000000050449, -8.192981740370447241, -47.99999999999936051 ) ) ;
#887 = LINE ( 'NONE', #4583, #10482 ) ;
#888 = CARTESIAN_POINT ( 'NONE',  ( -16.59999999999737241, -1.000000000000000000, -42.00000000000000711 ) ) ;
#889 = VECTOR ( 'NONE', #222, 1000.000000000000000 ) ;
#890 = AXIS2_PLACEMENT_3D ( 'NONE', #5362, #11807, #6101 ) ;
#891 = EDGE_CURVE ( 'NONE', #8422, #11376, #11940, .T. ) ;
#892 = CARTESIAN_POINT ( 'NONE',  ( 31.40143459492318456, -8.000000000000001776, 48.00000000000000711 ) ) ;
#893 = CARTESIAN_POINT ( 'NONE',  ( -36.19999999999999574, -8.400000000000000355, 41.94999999999999574 ) ) ;
#894 = DIRECTION ( 'NONE',  ( 1.000000000000000000, -0.000000000000000000, -1.047444401652940007E-14 ) ) ;
#895 = VERTEX_POINT ( 'NONE', #3029 ) ;
#896 = ORIENTED_EDGE ( 'NONE', *, *, #4362, .T. ) ;
#897 = ORIENTED_EDGE ( 'NONE', *, *, #3276, .F. ) ;
#898 = FACE_OUTER_BOUND ( 'NONE', #5513, .T. ) ;
#899 = ORIENTED_EDGE ( 'NONE', *, *, #4068, .T. ) ;
#901 = VECTOR ( 'NONE', #6863, 1000.000000000000000 ) ;
#900 = CIRCLE ( 'NONE', #7665, 1.000000000000000888 ) ;
#902 = CIRCLE ( 'NONE', #7274, 2.349999999999997868 ) ;
#903 = FACE_OUTER_BOUND ( 'NONE', #11768, .T. ) ;
#904 = EDGE_CURVE ( 'NONE', #2774, #9298, #8462, .T. ) ;
#905 = VECTOR ( 'NONE', #11191, 1000.000000000000000 ) ;
#906 = CARTESIAN_POINT ( 'NONE',  ( -36.13766816143491667, -14.80000000000000071, -44.80122281838041687 ) ) ;
#907 = DIRECTION ( 'NONE',  ( -1.047444401652940007E-14, 0.000000000000000000, -1.000000000000000000 ) ) ;
#908 = EDGE_CURVE ( 'NONE', #662, #6941, #11362, .T. ) ;
#909 = CARTESIAN_POINT ( 'NONE',  ( -36.19999999999999574, -11.60000000000000320, 42.89999999999999147 ) ) ;
#910 = DIRECTION ( 'NONE',  ( 0.000000000000000000, 0.000000000000000000, 1.000000000000000000 ) ) ;
#911 = CARTESIAN_POINT ( 'NONE',  ( -16.59999999999983444, -1.000000000000000000, 0.000000000000000000 ) ) ;
#912 = VECTOR ( 'NONE', #1276, 1000.000000000000000 ) ;
#913 = VERTEX_POINT ( 'NONE', #5017 ) ;
#914 = ORIENTED_EDGE ( 'NONE', *, *, #9714, .F. ) ;
#915 = ORIENTED_EDGE ( 'NONE', *, *, #3566, .F. ) ;
#916 = CARTESIAN_POINT ( 'NONE',  ( -36.19999999999999574, -15.00000000000000355, 42.89999999999999147 ) ) ;
#917 = CARTESIAN_POINT ( 'NONE',  ( 21.49897948556618843, -5.000000000000000000, 42.00000000000000711 ) ) ;
#918 = LINE ( 'NONE', #9849, #11438 ) ;
#919 = FACE_OUTER_BOUND ( 'NONE', #5221, .T. ) ;
#920 = DIRECTION ( 'NONE',  ( -1.047444401652940007E-14, 0.000000000000000000, -1.000000000000000000 ) ) ;
#921 = DIRECTION ( 'NONE',  ( 0.000000000000000000, 1.000000000000000000, -0.000000000000000000 ) ) ;
#922 = CARTESIAN_POINT ( 'NONE',  ( -10.49999999999999822, -5.934120232893064006, -23.52272535724185332 ) ) ;
#923 = CARTESIAN_POINT ( 'NONE',  ( 42.00000000000039790, -8.062413775762458101, 37.28270506480115642 ) ) ;
#924 = ORIENTED_EDGE ( 'NONE', *, *, #6662, .F. ) ;
#925 = VERTEX_POINT ( 'NONE', #4050 ) ;
#926 = VERTEX_POINT ( 'NONE', #2237 ) ;
#927 = DIRECTION ( 'NONE',  ( 0.000000000000000000, 0.000000000000000000, -1.000000000000000000 ) ) ;
#928 = PLANE ( 'NONE',  #3103 ) ;
#929 = CARTESIAN_POINT ( 'NONE',  ( -14.99999999999982236, 1.000000000000000000, 40.00000000000000000 ) ) ;
#930 = EDGE_CURVE ( 'NONE', #9692, #982, #4633, .T. ) ;
#931 = LINE ( 'NONE', #7409, #11408 ) ;
#932 = CARTESIAN_POINT ( 'NONE',  ( 49.99999999999985079, 3.236067977499856863, -41.50000000000000711 ) ) ;
#933 = LINE ( 'NONE', #4626, #2657 ) ;
#934 = CARTESIAN_POINT ( 'NONE',  ( -32.57416667610571182, -8.290745380912238005, 45.33186429945270390 ) ) ;
#935 = VERTEX_POINT ( 'NONE', #7561 ) ;
#936 = VERTEX_POINT ( 'NONE', #6776 ) ;
#937 = ORIENTED_EDGE ( 'NONE', *, *, #10421, .T. ) ;
#938 = CARTESIAN_POINT ( 'NONE',  ( -43.50000000000014211, -3.199999999999999734, -38.09999999999968168 ) ) ;
#939 = LINE ( 'NONE', #7419, #115 ) ;
#940 = EDGE_CURVE ( 'NONE', #430, #10158, #3147, .T. ) ;
#941 = DIRECTION ( 'NONE',  ( 0.000000000000000000, 0.000000000000000000, -1.000000000000000000 ) ) ;
#942 = DIRECTION ( 'NONE',  ( 1.000000000000000000, -0.000000000000000000, -0.000000000000000000 ) ) ;
#943 = EDGE_CURVE ( 'NONE', #8863, #964, #7646, .T. ) ;
#944 = CARTESIAN_POINT ( 'NONE',  ( 0.000000000000000000, -13.00000000000000178, 0.000000000000000000 ) ) ;
#945 = DIRECTION ( 'NONE',  ( 0.000000000000000000, 0.000000000000000000, 1.000000000000000000 ) ) ;
#946 = CYLINDRICAL_SURFACE ( 'NONE', #3017, 1.550000000000002709 ) ;
#947 = LINE ( 'NONE', #3741, #1101 ) ;
#948 = DIRECTION ( 'NONE',  ( 1.000000000000000000, 0.000000000000000000, -1.387778780781445676E-16 ) ) ;
#949 = ORIENTED_EDGE ( 'NONE', *, *, #9592, .T. ) ;
#950 = VERTEX_POINT ( 'NONE', #11225 ) ;
#951 = ORIENTED_EDGE ( 'NONE', *, *, #5516, .T. ) ;
#952 = CARTESIAN_POINT ( 'NONE',  ( 41.99999999999961631, -3.199999999999999734, -38.09999999999968878 ) ) ;
#953 = VERTEX_POINT ( 'NONE', #2116 ) ;
#954 = ADVANCED_FACE ( 'NONE', ( #9541 ), #9479, .T. ) ;
#955 = DIRECTION ( 'NONE',  ( 0.000000000000000000, 0.000000000000000000, 1.000000000000000000 ) ) ;
#956 = EDGE_CURVE ( 'NONE', #2801, #362, #5587, .T. ) ;
#957 = CARTESIAN_POINT ( 'NONE',  ( 42.00000000000066080, -5.000000000000000000, 27.10000000000163922 ) ) ;
#958 = DIRECTION ( 'NONE',  ( 0.000000000000000000, 0.000000000000000000, 1.000000000000000000 ) ) ;
#959 = DIRECTION ( 'NONE',  ( 0.000000000000000000, 0.000000000000000000, 1.000000000000000000 ) ) ;
#960 = PLANE ( 'NONE',  #8794 ) ;
#961 = LINE ( 'NONE', #10926, #10349 ) ;
#962 = ORIENTED_EDGE ( 'NONE', *, *, #5681, .T. ) ;
#963 = VERTEX_POINT ( 'NONE', #360 ) ;
#964 = VERTEX_POINT ( 'NONE', #7740 ) ;
#965 = VECTOR ( 'NONE', #8013, 1000.000000000000000 ) ;
#966 = EDGE_CURVE ( 'NONE', #6380, #4559, #6763, .T. ) ;
#967 = ORIENTED_EDGE ( 'NONE', *, *, #7676, .F. ) ;
#968 = CARTESIAN_POINT ( 'NONE',  ( -45.80000000000062244, -8.000000000000001776, 24.69999999999800622 ) ) ;
#969 = ADVANCED_FACE ( 'NONE', ( #11401 ), #6840, .F. ) ;
#970 = EDGE_CURVE ( 'NONE', #2344, #3748, #11462, .T. ) ;
#971 = CARTESIAN_POINT ( 'NONE',  ( 3.558184524735253262, -1.000000000000001554, 24.45289590758745035 ) ) ;
#972 = CIRCLE ( 'NONE', #7746, 6.800000000000000711 ) ;
#973 = FACE_OUTER_BOUND ( 'NONE', #1771, .T. ) ;
#974 = LINE ( 'NONE', #10212, #4295 ) ;
#975 = CARTESIAN_POINT ( 'NONE',  ( -27.09999999999738307, -5.000000000000000000, -49.99999999999884182 ) ) ;
#976 = VECTOR ( 'NONE', #11588, 1000.000000000000000 ) ;
#977 = CARTESIAN_POINT ( 'NONE',  ( 37.50000000000000711, -15.00000000000000355, 42.89999999999999147 ) ) ;
#978 = CARTESIAN_POINT ( 'NONE',  ( 24.69999999999784634, -8.000000000000001776, -47.35000000000071196 ) ) ;
#979 = AXIS2_PLACEMENT_3D ( 'NONE', #3158, #7633, #11297 ) ;
#980 = ORIENTED_EDGE ( 'NONE', *, *, #4124, .T. ) ;
#981 = ORIENTED_EDGE ( 'NONE', *, *, #297, .F. ) ;
#982 = VERTEX_POINT ( 'NONE', #1995 ) ;
#983 = ORIENTED_EDGE ( 'NONE', *, *, #6591, .T. ) ;
#984 = CARTESIAN_POINT ( 'NONE',  ( -41.49999999999992184, -5.234697887287005358, -42.00000000000000711 ) ) ;
#985 = CIRCLE ( 'NONE', #2540, 1.550000000000002709 ) ;
#986 = CIRCLE ( 'NONE', #4277, 2.349999999999997868 ) ;
#987 = FACE_OUTER_BOUND ( 'NONE', #7563, .T. ) ;
#988 = CARTESIAN_POINT ( 'NONE',  ( -29.28232166935819336, -7.886416835385892554, 42.00000000000000711 ) ) ;
#989 = PLANE ( 'NONE',  #5053 ) ;
#990 = CARTESIAN_POINT ( 'NONE',  ( 30.09999999999983089, -8.000000000000001776, -47.92957113217047294 ) ) ;
#991 = DIRECTION ( 'NONE',  ( 0.000000000000000000, -0.000000000000000000, 1.000000000000000000 ) ) ;
#992 = B_SPLINE_CURVE_WITH_KNOTS ( 'NONE', 3,
 ( #10950, #11010, #9081, #2752, #11187, #7464, #4565, #2934, #6437, #9142, #5579, #10292, #819, #873, #3601, #1836, #8244, #5522 ),
 .UNSPECIFIED., .F., .F.,
 ( 4, 2, 2, 2, 2, 2, 2, 2, 4 ),
 ( 0.000000000000000000, 0.0007356637804444622099, 0.001471327560888924420, 0.002206991341333386630, 0.002942655121777848840, 0.003678318902222311049, 0.004413982682666773259, 0.005149646463111235903, 0.005885310243555697679 ),
 .UNSPECIFIED. ) ;
#993 = DIRECTION ( 'NONE',  ( -0.000000000000000000, -0.000000000000000000, 1.000000000000000000 ) ) ;
#994 = EDGE_LOOP ( 'NONE', ( #7382, #2416, #10201, #5050 ) ) ;
#995 = ORIENTED_EDGE ( 'NONE', *, *, #8410, .T. ) ;
#996 = CIRCLE ( 'NONE', #7764, 1.550000000000002709 ) ;
#997 = EDGE_LOOP ( 'NONE', ( #10375, #7207 ) ) ;
#998 = CARTESIAN_POINT ( 'NONE',  ( 38.09999999999983800, -3.199999999999999734, 48.00000000000000711 ) ) ;
#999 = CIRCLE ( 'NONE', #6034, 1.550000000000002709 ) ;
#1000 = CARTESIAN_POINT ( 'NONE',  ( -36.19999999999999574, -15.00000000000000355, 42.89999999999999147 ) ) ;
#1001 = CARTESIAN_POINT ( 'NONE',  ( -41.99999999999991473, -3.199999999999999289, 28.94999999999997797 ) ) ;
#1002 = CYLINDRICAL_SURFACE ( 'NONE', #8381, 2.999999999999999112 ) ;
#1003 = CARTESIAN_POINT ( 'NONE',  ( 50.00000000000000711, 0.000000000000000000, 31.29999999999930793 ) ) ;
#1004 = CARTESIAN_POINT ( 'NONE',  ( 37.50000000000000711, -15.00000000000000355, 42.89999999999999147 ) ) ;
#1005 = DIRECTION ( 'NONE',  ( 0.000000000000000000, 1.000000000000000000, 0.000000000000000000 ) ) ;
#1006 = CIRCLE ( 'NONE', #6620, 0.9499999999999995115 ) ;
#1007 = CARTESIAN_POINT ( 'NONE',  ( 41.99999999999961631, -7.008390682897363888, -39.54055169810231263 ) ) ;
#1008 = CARTESIAN_POINT ( 'NONE',  ( -30.09999999999983089, -8.000000000000001776, -47.92957113217047294 ) ) ;
#1009 = DIRECTION ( 'NONE',  ( 1.734723475976810250E-15, -0.000000000000000000, 1.000000000000000000 ) ) ;
#1010 = EDGE_LOOP ( 'NONE', ( #5617, #2006, #500, #633, #7472, #9859 ) ) ;
#1011 = EDGE_LOOP ( 'NONE', ( #8117, #8039, #3745, #915 ) ) ;
#1012 = CARTESIAN_POINT ( 'NONE',  ( 0.000000000000000000, -1.000000000000000000, 7.500000000000000000 ) ) ;
#1013 = ORIENTED_EDGE ( 'NONE', *, *, #11747, .F. ) ;
#1014 = EDGE_CURVE ( 'NONE', #9046, #548, #9971, .T. ) ;
#1015 = CARTESIAN_POINT ( 'NONE',  ( 24.69999999999998863, 1.000000000000000000, -43.45000000000000995 ) ) ;
#1016 = VECTOR ( 'NONE', #2511, 1000.000000000000000 ) ;
#1017 = CARTESIAN_POINT ( 'NONE',  ( -38.09999999999914166, -3.199999999999999734, 50.00000000000167688 ) ) ;
#1018 = CARTESIAN_POINT ( 'NONE',  ( 16.60000000000228582, -1.000000000000000000, -50.00000000000000711 ) ) ;
#1019 = CARTESIAN_POINT ( 'NONE',  ( -16.59999999999738662, -5.000000000000000000, -50.00000000000000711 ) ) ;
#1020 = FACE_OUTER_BOUND ( 'NONE', #706, .T. ) ;
#1021 = DIRECTION ( 'NONE',  ( 1.000000000000000000, 0.000000000000000000, -1.047444401652940007E-14 ) ) ;
#1022 = DIRECTION ( 'NONE',  ( -0.000000000000000000, 1.000000000000000000, -0.000000000000000000 ) ) ;
#1023 = ORIENTED_EDGE ( 'NONE', *, *, #8340, .T. ) ;
#1024 = EDGE_CURVE ( 'NONE', #3165, #10983, #1147, .T. ) ;
#1025 = ORIENTED_EDGE ( 'NONE', *, *, #4517, .F. ) ;
#1026 = CIRCLE ( 'NONE', #459, 8.500000000000000000 ) ;
#1027 = ORIENTED_EDGE ( 'NONE', *, *, #3851, .T. ) ;
#1028 = VERTEX_POINT ( 'NONE', #11283 ) ;
#1029 = VECTOR ( 'NONE', #1158, 1000.000000000000000 ) ;
#1030 = ADVANCED_FACE ( 'NONE', ( #6161 ), #9776, .T. ) ;
#1031 = CIRCLE ( 'NONE', #461, 2.349999999999997868 ) ;
#1032 = ORIENTED_EDGE ( 'NONE', *, *, #10031, .T. ) ;
#1033 = DIRECTION ( 'NONE',  ( -1.000000000000000000, 0.000000000000000000, 3.491481338843133355E-15 ) ) ;
#1034 = LINE ( 'NONE', #2008, #3309 ) ;
#1035 = CARTESIAN_POINT ( 'NONE',  ( -43.50000000000014211, -3.199999999999999734, -38.09999999999968168 ) ) ;
#1036 = VECTOR ( 'NONE', #1747, 1000.000000000000000 ) ;
#1037 = CARTESIAN_POINT ( 'NONE',  ( -10.49999999999999822, -2.183807228326895000, -25.66690982988362535 ) ) ;
#1038 = PLANE ( 'NONE',  #8810 ) ;
#1039 = CYLINDRICAL_SURFACE ( 'NONE', #8716, 2.349999999999997868 ) ;
#1040 = DIRECTION ( 'NONE',  ( -1.000000000000000000, -0.000000000000000000, -3.491481338843133750E-15 ) ) ;
#1041 = EDGE_CURVE ( 'NONE', #2790, #6644, #6722, .T. ) ;
#1042 = ORIENTED_EDGE ( 'NONE', *, *, #11305, .F. ) ;
#1043 = EDGE_LOOP ( 'NONE', ( #10824, #11422, #2106, #454 ) ) ;
#1044 = ORIENTED_EDGE ( 'NONE', *, *, #5710, .F. ) ;
#1045 = EDGE_CURVE ( 'NONE', #8950, #6049, #1622, .T. ) ;
#1046 = EDGE_CURVE ( 'NONE', #3164, #3845, #2659, .T. ) ;
#1047 = CIRCLE ( 'NONE', #666, 2.350000000000001421 ) ;
#1048 = LINE ( 'NONE', #4745, #2169 ) ;
#1049 = FACE_OUTER_BOUND ( 'NONE', #1043, .T. ) ;
#1050 = CARTESIAN_POINT ( 'NONE',  ( -24.69999999999816609, -5.000000000000000000, -44.25000000000054001 ) ) ;
#1051 = ADVANCED_FACE ( 'NONE', ( #4230 ), #4786, .F. ) ;
#1052 = FACE_BOUND ( 'NONE', #4433, .T. ) ;
#1053 = CARTESIAN_POINT ( 'NONE',  ( 38.09999999999983800, -3.199999999999999734, -43.50000000000001421 ) ) ;
#1054 = ADVANCED_FACE ( 'NONE', ( #8986 ), #5188, .T. ) ;
#1055 = CARTESIAN_POINT ( 'NONE',  ( -30.09999999999983089, -8.000000000000001776, -48.00000000000000711 ) ) ;
#1056 = CARTESIAN_POINT ( 'NONE',  ( 31.29999999999983373, 1.000000000000000000, 48.00000000000000711 ) ) ;
#1057 = PRODUCT_CONTEXT ( 'NONE', #8504, 'mechanical' ) ;
#1058 = VERTEX_POINT ( 'NONE', #717 ) ;
#1059 = ORIENTED_EDGE ( 'NONE', *, *, #6828, .F. ) ;
#1060 = ADVANCED_FACE ( 'NONE', ( #9828, #7916, #6105 ), #483, .T. ) ;
#1061 = ORIENTED_EDGE ( 'NONE', *, *, #11168, .F. ) ;
#1062 = CARTESIAN_POINT ( 'NONE',  ( -14.99999999999982236, -1.000000000000000000, 40.00000000000000000 ) ) ;
#1063 = VECTOR ( 'NONE', #8151, 1000.000000000000000 ) ;
#1064 = FACE_OUTER_BOUND ( 'NONE', #6597, .T. ) ;
#1065 = DIRECTION ( 'NONE',  ( 0.000000000000000000, 0.000000000000000000, 1.000000000000000000 ) ) ;
#1066 = VECTOR ( 'NONE', #4419, 1000.000000000000000 ) ;
#1067 = CARTESIAN_POINT ( 'NONE',  ( -35.67960256470108504, -14.73009028003564680, -42.23834089129220359 ) ) ;
#1068 = DIRECTION ( 'NONE',  ( 0.000000000000000000, -1.000000000000000000, 0.000000000000000000 ) ) ;
#1069 = CARTESIAN_POINT ( 'NONE',  ( -24.69999999999816609, -8.000000000000001776, -45.80000000000054428 ) ) ;
#1070 = DIRECTION ( 'NONE',  ( 6.982962677686267499E-15, -0.000000000000000000, 1.000000000000000000 ) ) ;
#1071 = CARTESIAN_POINT ( 'NONE',  ( -45.79999999999802185, 1.000000000000000000, -22.34999999999937259 ) ) ;
#1072 = LINE ( 'NONE', #7607, #10155 ) ;
#1073 = VERTEX_POINT ( 'NONE', #8931 ) ;
#1074 = ORIENTED_EDGE ( 'NONE', *, *, #468, .T. ) ;
#1075 = VERTEX_POINT ( 'NONE', #10617 ) ;
#1076 = CARTESIAN_POINT ( 'NONE',  ( -45.80000000000062244, -3.499999999999999556, -26.24999999999800337 ) ) ;
#1077 = VERTEX_POINT ( 'NONE', #659 ) ;
#1078 = CARTESIAN_POINT ( 'NONE',  ( 31.29999999999983373, 1.000000000000000000, -48.00000000000000711 ) ) ;
#1079 = AXIS2_PLACEMENT_3D ( 'NONE', #8254, #4697, #2882 ) ;
#1080 = CARTESIAN_POINT ( 'NONE',  ( -30.09999999999983089, -8.000000000000001776, -47.92957113217047294 ) ) ;
#1081 = FACE_OUTER_BOUND ( 'NONE', #8204, .T. ) ;
#1082 = EDGE_CURVE ( 'NONE', #2246, #4121, #11637, .T. ) ;
#1083 = CARTESIAN_POINT ( 'NONE',  ( -31.62277660168379967, -1.000000000000000000, -7.500000000000022204 ) ) ;
#1084 = LINE ( 'NONE', #1929, #9170 ) ;
#1085 = DIRECTION ( 'NONE',  ( 0.000000000000000000, 1.000000000000000000, 0.000000000000000000 ) ) ;
#1086 = CARTESIAN_POINT ( 'NONE',  ( -43.49999999999991473, -3.199999999999998845, 28.14999999999998082 ) ) ;
#1087 =( BOUNDED_SURFACE ( )  B_SPLINE_SURFACE ( 3, 2, ( 
 ( #2603, #6287, #9958 ),
 ( #1689, #5375, #4477 ),
 ( #11885, #3571, #6345 ),
 ( #3633, #7315, #5654 ),
 ( #7237, #2762, #6386 ),
 ( #6449, #8377, #4579 ),
 ( #10115, #11924, #10237 ),
 ( #9152, #8193, #3733 ) ),
 .UNSPECIFIED., .F., .F., .F. ) 
 B_SPLINE_SURFACE_WITH_KNOTS ( ( 4, 2, 2, 4 ),
 ( 3, 3 ),
 ( -7.806255641895631925E-18, 0.002319790977021390834, 0.003479686465532090371, 0.004639581954042789474 ),
 ( 0.000000000000000000, 1.000000000000000000 ),
 .UNSPECIFIED. ) 
 GEOMETRIC_REPRESENTATION_ITEM ( )  RATIONAL_B_SPLINE_SURFACE ( (
 ( 1.000000000000000000, 0.7071067811865489050, 1.000000000000000000),
 ( 1.000000000000000000, 0.7214329767807202698, 1.000000000000000000),
 ( 1.000000000000000000, 0.7310743557630406952, 1.000000000000000000),
 ( 1.000000000000000000, 0.7362727086826329481, 1.000000000000000000),
 ( 1.000000000000000000, 0.7364321022799218408, 1.000000000000000000),
 ( 1.000000000000000000, 0.7336330766671781412, 1.000000000000000000),
 ( 1.000000000000000000, 0.7306963967331909782, 1.000000000000000000),
 ( 1.000000000000000000, 0.7263373485350375081, 1.000000000000000000) ) ) 
 REPRESENTATION_ITEM ( '' )  SURFACE ( )  );
#1088 = ORIENTED_EDGE ( 'NONE', *, *, #5524, .T. ) ;
#1089 = VERTEX_POINT ( 'NONE', #9655 ) ;
#1090 = DIRECTION ( 'NONE',  ( 0.000000000000000000, 0.000000000000000000, 1.000000000000000000 ) ) ;
#1091 = VERTEX_POINT ( 'NONE', #6897 ) ;
#1092 = ORIENTED_EDGE ( 'NONE', *, *, #10862, .T. ) ;
#1093 = AXIS2_PLACEMENT_3D ( 'NONE', #39, #10120, #945 ) ;
#1094 = CIRCLE ( 'NONE', #9383, 2.349999999999997868 ) ;
#1095 = AXIS2_PLACEMENT_3D ( 'NONE', #11211, #2954, #6642 ) ;
#1096 = ORIENTED_EDGE ( 'NONE', *, *, #2072, .F. ) ;
#1097 = CARTESIAN_POINT ( 'NONE',  ( 40.00000000000000711, 1.000000000000000000, -7.500000000000000000 ) ) ;
#1098 = EDGE_CURVE ( 'NONE', #10523, #620, #8248, .T. ) ;
#1099 = DIRECTION ( 'NONE',  ( -1.000000000000000000, -0.000000000000000000, 0.000000000000000000 ) ) ;
#1100 = DIRECTION ( 'NONE',  ( 0.000000000000000000, 1.000000000000000000, 0.000000000000000000 ) ) ;
#1101 = VECTOR ( 'NONE', #6516, 1000.000000000000000 ) ;
#1102 = DIRECTION ( 'NONE',  ( 1.000000000000000000, 0.000000000000000000, 0.000000000000000000 ) ) ;
#1103 = CARTESIAN_POINT ( 'NONE',  ( 33.71777083684487053, -9.926165891779293204, -42.00000000000001421 ) ) ;
#1104 = DIRECTION ( 'NONE',  ( 1.000000000000000000, 0.000000000000000000, 0.000000000000000000 ) ) ;
#1105 = CARTESIAN_POINT ( 'NONE',  ( -10.49999999999999822, -9.999999779675164291, -14.10626199665096081 ) ) ;
#1106 = ORIENTED_EDGE ( 'NONE', *, *, #7519, .F. ) ;
#1107 = ORIENTED_EDGE ( 'NONE', *, *, #6603, .F. ) ;
#1108 = VERTEX_POINT ( 'NONE', #10563 ) ;
#1109 = VECTOR ( 'NONE', #10208, 1000.000000000000000 ) ;
#1110 = AXIS2_PLACEMENT_3D ( 'NONE', #11694, #3445, #6951 ) ;
#1111 = CARTESIAN_POINT ( 'NONE',  ( -41.50000000000000711, 1.000000000000000000, -49.99999999999999289 ) ) ;
#1112 = ADVANCED_FACE ( 'NONE', ( #10681, #601, #4288 ), #2296, .T. ) ;
#1113 = DIRECTION ( 'NONE',  ( 0.000000000000000000, 1.000000000000000000, 0.000000000000000000 ) ) ;
#1114 = CARTESIAN_POINT ( 'NONE',  ( 49.00000000000000711, 0.000000000000000000, 41.49999999999999289 ) ) ;
#1115 = EDGE_CURVE ( 'NONE', #3489, #4922, #3269, .T. ) ;
#1116 = CARTESIAN_POINT ( 'NONE',  ( 36.94869927265313692, -9.369698245453637497, 48.00000000000000711 ) ) ;
#1117 = DIRECTION ( 'NONE',  ( 0.000000000000000000, 1.000000000000000000, 0.000000000000000000 ) ) ;
#1118 = AXIS2_PLACEMENT_3D ( 'NONE', #3844, #9326, #10796 ) ;
#1119 = CARTESIAN_POINT ( 'NONE',  ( -21.65063509461091584, 1.000000000000000000, -12.50000000000010481 ) ) ;
#1120 = CYLINDRICAL_SURFACE ( 'NONE', #8630, 1.550000000000002709 ) ;
#1121 = CARTESIAN_POINT ( 'NONE',  ( -36.19999999999999574, -15.00000000000000355, 47.24999999999999289 ) ) ;
#1122 = EDGE_LOOP ( 'NONE', ( #9224, #9813, #1683, #1879 ) ) ;
#1123 = ORIENTED_EDGE ( 'NONE', *, *, #1778, .F. ) ;
#1124 = ORIENTED_EDGE ( 'NONE', *, *, #6154, .F. ) ;
#1125 = DIRECTION ( 'NONE',  ( 8.953411488912536510E-15, 0.000000000000000000, 1.000000000000000000 ) ) ;
#1126 = EDGE_CURVE ( 'NONE', #10131, #2504, #6319, .T. ) ;
#1127 = DIRECTION ( 'NONE',  ( 1.000000000000000000, 0.000000000000000000, -1.047444401652939849E-14 ) ) ;
#1128 = EDGE_CURVE ( 'NONE', #926, #11738, #7878, .T. ) ;
#1129 = DIRECTION ( 'NONE',  ( 0.000000000000000000, -1.000000000000000000, 0.000000000000000000 ) ) ;
#1130 = CARTESIAN_POINT ( 'NONE',  ( 48.00000000000029132, -0.1999999999999999833, 27.09999999999932996 ) ) ;
#1131 = ADVANCED_FACE ( 'NONE', ( #5132 ), #1550, .F. ) ;
#1132 = DIRECTION ( 'NONE',  ( 0.000000000000000000, 1.000000000000000000, 0.000000000000000000 ) ) ;
#1133 = DIRECTION ( 'NONE',  ( 1.000000000000000000, 0.000000000000000000, 0.000000000000000000 ) ) ;
#1134 = DIRECTION ( 'NONE',  ( 1.000000000000000000, 0.000000000000000000, -8.953411488912536510E-15 ) ) ;
#1135 = DIRECTION ( 'NONE',  ( 0.000000000000000000, 0.000000000000000000, -1.000000000000000000 ) ) ;
#1136 = CARTESIAN_POINT ( 'NONE',  ( 15.00000000000000355, -1.000000000000000000, -15.00000000000000355 ) ) ;
#1137 = ORIENTED_EDGE ( 'NONE', *, *, #8769, .F. ) ;
#1138 = ORIENTED_EDGE ( 'NONE', *, *, #11068, .T. ) ;
#1139 = DIRECTION ( 'NONE',  ( 0.000000000000000000, 0.000000000000000000, -1.000000000000000000 ) ) ;
#1140 = ORIENTED_EDGE ( 'NONE', *, *, #2291, .T. ) ;
#1141 = DIRECTION ( 'NONE',  ( -0.000000000000000000, -0.000000000000000000, 1.000000000000000000 ) ) ;
#1142 = CIRCLE ( 'NONE', #10193, 1.000000000000000888 ) ;
#1143 = CARTESIAN_POINT ( 'NONE',  ( 41.67402799485281406, -5.319115287169788431, -41.82597200514705804 ) ) ;
#1144 = CARTESIAN_POINT ( 'NONE',  ( 0.000000000000000000, -1.000000000000000000, 25.00000000000000000 ) ) ;
#1145 = DIRECTION ( 'NONE',  ( 0.000000000000000000, 1.000000000000000000, 0.000000000000000000 ) ) ;
#1146 = LINE ( 'NONE', #10262, #10717 ) ;
#1147 = LINE ( 'NONE', #247, #5168 ) ;
#1148 = DIRECTION ( 'NONE',  ( 0.000000000000000000, 0.000000000000000000, -1.000000000000000000 ) ) ;
#1149 = EDGE_LOOP ( 'NONE', ( #5309, #477, #2912, #6738 ) ) ;
#1150 = ORIENTED_EDGE ( 'NONE', *, *, #6294, .T. ) ;
#1151 = DIRECTION ( 'NONE',  ( -0.000000000000000000, -0.000000000000000000, -1.000000000000000000 ) ) ;
#1152 = AXIS2_PLACEMENT_3D ( 'NONE', #426, #9426, #10510 ) ;
#1153 = ORIENTED_EDGE ( 'NONE', *, *, #966, .T. ) ;
#1154 = EDGE_CURVE ( 'NONE', #8731, #2258, #6192, .T. ) ;
#1155 = VECTOR ( 'NONE', #5301, 1000.000000000000000 ) ;
#1156 = LINE ( 'NONE', #9367, #1109 ) ;
#1157 = CARTESIAN_POINT ( 'NONE',  ( -42.50000000000000711, 1.000000000000000000, -50.00000000000000711 ) ) ;
#1158 = DIRECTION ( 'NONE',  ( 1.047444401652940007E-14, 0.000000000000000000, 1.000000000000000000 ) ) ;
#1159 = PLANE ( 'NONE',  #979 ) ;
#1160 = CARTESIAN_POINT ( 'NONE',  ( 35.53418998361173919, -13.10474171348030126, -42.00000000000000711 ) ) ;
#1161 = CARTESIAN_POINT ( 'NONE',  ( -47.99999999999986500, -1.000000000000000000, 41.50000000000000000 ) ) ;
#1162 = CARTESIAN_POINT ( 'NONE',  ( -41.99999999999991473, -1.000000000000000000, 27.09999999999997655 ) ) ;
#1163 = ORIENTED_EDGE ( 'NONE', *, *, #11628, .T. ) ;
#1164 = VERTEX_POINT ( 'NONE', #8201 ) ;
#1165 = EDGE_LOOP ( 'NONE', ( #9280, #1044, #10009, #4469 ) ) ;
#1166 = EDGE_CURVE ( 'NONE', #2879, #5752, #1916, .T. ) ;
#1167 = CARTESIAN_POINT ( 'NONE',  ( 10.50000000000000000, -13.00000000000000178, 6.361999999999993882 ) ) ;
#1168 = VECTOR ( 'NONE', #2261, 1000.000000000000000 ) ;
#1169 = DIRECTION ( 'NONE',  ( 1.047444401652940007E-14, 0.000000000000000000, 1.000000000000000000 ) ) ;
#1170 = VECTOR ( 'NONE', #11239, 1000.000000000000000 ) ;
#1171 = DIRECTION ( 'NONE',  ( 4.476705744456268255E-15, 0.000000000000000000, 1.000000000000000000 ) ) ;
#1172 = DIRECTION ( 'NONE',  ( -1.734723475976810250E-15, -0.000000000000000000, -1.000000000000000000 ) ) ;
#1173 = DIRECTION ( 'NONE',  ( 0.000000000000000000, -0.000000000000000000, 1.000000000000000000 ) ) ;
#1174 = FACE_OUTER_BOUND ( 'NONE', #8937, .T. ) ;
#1175 = ORIENTED_EDGE ( 'NONE', *, *, #7850, .F. ) ;
#1176 = ORIENTED_EDGE ( 'NONE', *, *, #5478, .F. ) ;
#1177 = VERTEX_POINT ( 'NONE', #8320 ) ;
#1178 = EDGE_CURVE ( 'NONE', #6749, #8269, #8888, .T. ) ;
#1179 = ORIENTED_EDGE ( 'NONE', *, *, #7122, .T. ) ;
#1180 = PLANE ( 'NONE',  #4577 ) ;
#1181 = AXIS2_PLACEMENT_3D ( 'NONE', #5505, #7209, #4668 ) ;
#1182 = EDGE_CURVE ( 'NONE', #9123, #9818, #10910, .T. ) ;
#1183 = CIRCLE ( 'NONE', #10041, 24.99999999999999645 ) ;
#1184 = CIRCLE ( 'NONE', #5421, 2.349999999999997868 ) ;
#1185 = DIRECTION ( 'NONE',  ( 1.000000000000000000, 0.000000000000000000, 0.000000000000000000 ) ) ;
#1186 = CARTESIAN_POINT ( 'NONE',  ( 10.49999999999999822, -6.423148112343863403, -26.93771929570238655 ) ) ;
#1187 = CYLINDRICAL_SURFACE ( 'NONE', #2214, 2.349999999999997868 ) ;
#1188 = FACE_BOUND ( 'NONE', #9643, .T. ) ;
#1189 = CARTESIAN_POINT ( 'NONE',  ( -30.09999999999983089, -8.000000000000001776, -42.00000000000000711 ) ) ;
#1190 = CIRCLE ( 'NONE', #1956, 1.549999999999999378 ) ;
#1191 = AXIS2_PLACEMENT_3D ( 'NONE', #6744, #2998, #3841 ) ;
#1192 = PLANE ( 'NONE',  #8407 ) ;
#1193 = FACE_BOUND ( 'NONE', #7310, .T. ) ;
#1194 = DIRECTION ( 'NONE',  ( -1.000000000000000000, -0.000000000000000000, -0.000000000000000000 ) ) ;
#1195 = ORIENTED_EDGE ( 'NONE', *, *, #7548, .T. ) ;
#1196 = ORIENTED_EDGE ( 'NONE', *, *, #8096, .T. ) ;
#1197 = EDGE_CURVE ( 'NONE', #4309, #4263, #10427, .T. ) ;
#1198 = DIRECTION ( 'NONE',  ( -1.000000000000000000, -0.000000000000000000, -0.000000000000000000 ) ) ;
#1199 = ORIENTED_EDGE ( 'NONE', *, *, #6491, .T. ) ;
#1200 = ADVANCED_FACE ( 'NONE', ( #3674 ), #9219, .F. ) ;
#1201 = ADVANCED_FACE ( 'NONE', ( #1678 ), #10645, .F. ) ;
#1202 = AXIS2_PLACEMENT_3D ( 'NONE', #3290, #6071, #5211 ) ;
#1203 = CARTESIAN_POINT ( 'NONE',  ( 47.99999999999954525, -8.759550641212280553, -43.65086193024739458 ) ) ;
#1204 = AXIS2_PLACEMENT_3D ( 'NONE', #11005, #5517, #9922 ) ;
#1205 = CARTESIAN_POINT ( 'NONE',  ( 41.99999999999957367, -5.556562696684470559, -41.50000000000027001 ) ) ;
#1206 = DIRECTION ( 'NONE',  ( 1.000000000000000000, 0.000000000000000000, -1.387778780781445676E-16 ) ) ;
#1207 = CARTESIAN_POINT ( 'NONE',  ( -49.99999999999999289, 1.000000000000000000, 49.99999999999999289 ) ) ;
#1208 = FACE_BOUND ( 'NONE', #11122, .T. ) ;
#1209 = DIRECTION ( 'NONE',  ( 0.000000000000000000, 1.000000000000000000, 0.000000000000000000 ) ) ;
#1210 = DIRECTION ( 'NONE',  ( 0.000000000000000000, 0.000000000000000000, 1.000000000000000000 ) ) ;
#1211 = ORIENTED_EDGE ( 'NONE', *, *, #551, .T. ) ;
#1213 = ADVANCED_FACE ( 'NONE', ( #4527, #3622, #7307 ), #2709, .T. ) ;
#1212 = ORIENTED_EDGE ( 'NONE', *, *, #9728, .T. ) ;
#1214 = CARTESIAN_POINT ( 'NONE',  ( -41.99999999999995737, -5.000000000000000000, 16.59999999999917364 ) ) ;
#1215 = ORIENTED_EDGE ( 'NONE', *, *, #10642, .T. ) ;
#1216 = ORIENTED_EDGE ( 'NONE', *, *, #1182, .T. ) ;
#1217 = CIRCLE ( 'NONE', #7971, 1.550000000000002709 ) ;
#1218 = PLANE ( 'NONE',  #11321 ) ;
#1219 = DIRECTION ( 'NONE',  ( 0.000000000000000000, 0.000000000000000000, -1.000000000000000000 ) ) ;
#1220 = DIRECTION ( 'NONE',  ( -1.000000000000000000, -0.000000000000000000, 3.491481338843133750E-15 ) ) ;
#1221 = CARTESIAN_POINT ( 'NONE',  ( 0.000000000000000000, -5.000000000000000000, 0.000000000000000000 ) ) ;
#1222 = VECTOR ( 'NONE', #9939, 1000.000000000000000 ) ;
#1223 = CARTESIAN_POINT ( 'NONE',  ( 29.72614385180519747, -7.976614113461312883, -42.00000000000000711 ) ) ;
#1224 = CARTESIAN_POINT ( 'NONE',  ( 28.94999999999948415, -3.199999999999999289, -50.00000000000069633 ) ) ;
#1225 = FACE_OUTER_BOUND ( 'NONE', #9931, .T. ) ;
#1226 = AXIS2_PLACEMENT_3D ( 'NONE', #132, #3826, #1883 ) ;
#1227 = EDGE_LOOP ( 'NONE', ( #924, #4645 ) ) ;
#1228 = ORIENTED_EDGE ( 'NONE', *, *, #5650, .T. ) ;
#1229 = EDGE_LOOP ( 'NONE', ( #81, #5826, #10970, #914 ) ) ;
#1230 = VECTOR ( 'NONE', #8453, 1000.000000000000000 ) ;
#1231 = AXIS2_PLACEMENT_3D ( 'NONE', #10412, #10228, #8551 ) ;
#1232 = EDGE_LOOP ( 'NONE', ( #6351, #10080, #7043, #9930, #8132 ) ) ;
#1233 = CIRCLE ( 'NONE', #3170, 1.549999999999999378 ) ;
#1234 = CARTESIAN_POINT ( 'NONE',  ( -42.00000000000013500, -10.62190967479825687, -37.39035791518679730 ) ) ;
#1235 = FACE_OUTER_BOUND ( 'NONE', #3417, .T. ) ;
#1236 = CARTESIAN_POINT ( 'NONE',  ( 50.00000000000000000, -4.000000000000000000, -21.49897948556438365 ) ) ;
#1237 = DIRECTION ( 'NONE',  ( -0.000000000000000000, -1.000000000000000000, -0.000000000000000000 ) ) ;
#1238 = EDGE_CURVE ( 'NONE', #10623, #7701, #591, .T. ) ;
#1239 = DIRECTION ( 'NONE',  ( -0.000000000000000000, -1.000000000000000000, -0.000000000000000000 ) ) ;
#1240 = DIRECTION ( 'NONE',  ( 0.000000000000000000, -0.000000000000000000, -1.000000000000000000 ) ) ;
#1241 = ORIENTED_EDGE ( 'NONE', *, *, #5626, .F. ) ;
#1242 = ORIENTED_EDGE ( 'NONE', *, *, #8709, .T. ) ;
#1243 = VERTEX_POINT ( 'NONE', #5854 ) ;
#1244 = ORIENTED_EDGE ( 'NONE', *, *, #4862, .T. ) ;
#1245 = CARTESIAN_POINT ( 'NONE',  ( 41.50000000000000000, 0.9999999999999997780, 49.58578643762690774 ) ) ;
#1246 = CARTESIAN_POINT ( 'NONE',  ( -10.49999999999999822, -12.98488463126618875, -13.62684040660579043 ) ) ;
#1247 = CARTESIAN_POINT ( 'NONE',  ( -35.66127649760422003, -14.72405674079445248, -43.19589416848876340 ) ) ;
#1248 = EDGE_CURVE ( 'NONE', #2566, #9033, #972, .T. ) ;
#1249 = LINE ( 'NONE', #6877, #30 ) ;
#1250 = CARTESIAN_POINT ( 'NONE',  ( -40.00000000000000000, 1.000000000000000000, 7.500000000000000000 ) ) ;
#1251 = EDGE_CURVE ( 'NONE', #4558, #6783, #6782, .T. ) ;
#1252 = PLANE ( 'NONE',  #8607 ) ;
#1253 = LINE ( 'NONE', #4887, #133 ) ;
#1254 = CARTESIAN_POINT ( 'NONE',  ( -40.00000000000000000, -1.000000000000000000, 7.500000000000000000 ) ) ;
#1255 = EDGE_LOOP ( 'NONE', ( #11856, #6584, #8149, #8021 ) ) ;
#1256 = ORIENTED_EDGE ( 'NONE', *, *, #478, .T. ) ;
#1257 = CYLINDRICAL_SURFACE ( 'NONE', #3839, 2.349999999999997868 ) ;
#1258 = EDGE_LOOP ( 'NONE', ( #6982, #1723, #2836, #10007 ) ) ;
#1259 = B_SPLINE_CURVE_WITH_KNOTS ( 'NONE', 3,
 ( #6376, #9027, #6316, #8184, #6199, #757, #7113, #642, #10047, #4446, #8128, #10776, #11792, #10108, #11851, #4390, #8073, #3602 ),
 .UNSPECIFIED., .F., .F.,
 ( 4, 2, 2, 2, 2, 2, 2, 2, 4 ),
 ( 0.001010855558298219894, 0.001740550290323902068, 0.002470245022349581640, 0.003199939754375261645, 0.003929634486400941651, 0.004659329218426620789, 0.005389023950452300794, 0.006118718682477979932, 0.006848413414503659938 ),
 .UNSPECIFIED. ) ;
#1260 = LINE ( 'NONE', #5981, #3695 ) ;
#1261 = EDGE_CURVE ( 'NONE', #9921, #11464, #9262, .T. ) ;
#1262 = CARTESIAN_POINT ( 'NONE',  ( -41.49999999999983658, -1.000000000000000000, 48.00000000000000711 ) ) ;
#1263 = DIRECTION ( 'NONE',  ( -1.000000000000000000, 0.000000000000000000, 0.000000000000000000 ) ) ;
#1264 = CYLINDRICAL_SURFACE ( 'NONE', #6486, 2.350000000000001421 ) ;
#1265 = DIRECTION ( 'NONE',  ( 1.000000000000000000, 0.000000000000000000, 0.000000000000000000 ) ) ;
#1266 = CIRCLE ( 'NONE', #1451, 1.100000000000001199 ) ;
#1267 = DIRECTION ( 'NONE',  ( 0.000000000000000000, 0.000000000000000000, -1.000000000000000000 ) ) ;
#1268 = VERTEX_POINT ( 'NONE', #9410 ) ;
#1269 = VERTEX_POINT ( 'NONE', #10309 ) ;
#1270 = PLANE ( 'NONE',  #6547 ) ;
#1271 = DIRECTION ( 'NONE',  ( -0.000000000000000000, -0.000000000000000000, -1.000000000000000000 ) ) ;
#1272 = ORIENTED_EDGE ( 'NONE', *, *, #10715, .F. ) ;
#1273 = EDGE_CURVE ( 'NONE', #1528, #9572, #3803, .T. ) ;
#1274 = VECTOR ( 'NONE', #8273, 1000.000000000000000 ) ;
#1275 = AXIS2_PLACEMENT_3D ( 'NONE', #2891, #3860, #1135 ) ;
#1276 = DIRECTION ( 'NONE',  ( 0.000000000000000000, 1.000000000000000000, 0.000000000000000000 ) ) ;
#1277 = EDGE_CURVE ( 'NONE', #9734, #9180, #10248, .T. ) ;
#1278 = FACE_OUTER_BOUND ( 'NONE', #11287, .T. ) ;
#1279 = CARTESIAN_POINT ( 'NONE',  ( 30.09999999999983089, -5.000000000000002665, 48.00000000000000711 ) ) ;
#1280 = DIRECTION ( 'NONE',  ( -0.000000000000000000, -1.000000000000000000, -0.000000000000000000 ) ) ;
#1281 = FACE_BOUND ( 'NONE', #8009, .T. ) ;
#1282 = CARTESIAN_POINT ( 'NONE',  ( 38.09999999999948983, -3.199999999999999734, -50.00000000000076739 ) ) ;
#1283 = CARTESIAN_POINT ( 'NONE',  ( -30.49999999999983302, -3.199999999999999289, 43.50000000000001421 ) ) ;
#1284 = VECTOR ( 'NONE', #4286, 1000.000000000000000 ) ;
#1285 = ORIENTED_EDGE ( 'NONE', *, *, #4600, .T. ) ;
#1286 = ORIENTED_EDGE ( 'NONE', *, *, #158, .F. ) ;
#1287 = ORIENTED_EDGE ( 'NONE', *, *, #2385, .F. ) ;
#1288 = EDGE_CURVE ( 'NONE', #6032, #10800, #403, .T. ) ;
#1289 = VECTOR ( 'NONE', #2953, 1000.000000000000000 ) ;
#1290 = CARTESIAN_POINT ( 'NONE',  ( -42.00000000000014921, -12.99659921685758412, -38.68192577038306723 ) ) ;
#1291 = CARTESIAN_POINT ( 'NONE',  ( 48.00000000000015632, -1.000000000000000000, 41.49999999999966604 ) ) ;
#1292 = AXIS2_PLACEMENT_3D ( 'NONE', #3194, #6882, #1368 ) ;
#1293 = CARTESIAN_POINT ( 'NONE',  ( 41.00319616215347907, -8.454555075640584505, 48.00000000000000000 ) ) ;
#1294 = LINE ( 'NONE', #6574, #4765 ) ;
#1295 = CYLINDRICAL_SURFACE ( 'NONE', #5245, 2.349999999999997868 ) ;
#1296 = LINE ( 'NONE', #5774, #9196 ) ;
#1297 = DIRECTION ( 'NONE',  ( 1.000000000000000000, 0.000000000000000000, -1.734723475976807094E-15 ) ) ;
#1298 = EDGE_LOOP ( 'NONE', ( #7041, #5077 ) ) ;
#1299 = VERTEX_POINT ( 'NONE', #4768 ) ;
#1300 = VERTEX_POINT ( 'NONE', #8627 ) ;
#1301 = VERTEX_POINT ( 'NONE', #232 ) ;
#1302 = CIRCLE ( 'NONE', #340, 3.599999999999998312 ) ;
#1303 = ORIENTED_EDGE ( 'NONE', *, *, #11206, .T. ) ;
#1304 = LINE ( 'NONE', #5721, #3597 ) ;
#1305 = EDGE_CURVE ( 'NONE', #3594, #1594, #1072, .T. ) ;
#1306 = CARTESIAN_POINT ( 'NONE',  ( 10.49999999999999822, -12.98488463126618875, -13.62684040660579043 ) ) ;
#1307 = CARTESIAN_POINT ( 'NONE',  ( -36.02583187584036040, -14.79999999999999893, -44.58538036316179642 ) ) ;
#1308 = AXIS2_PLACEMENT_3D ( 'NONE', #5745, #9542, #5679 ) ;
#1309 = DIRECTION ( 'NONE',  ( 0.000000000000000000, 1.000000000000000000, -0.000000000000000000 ) ) ;
#1310 = DIRECTION ( 'NONE',  ( 0.000000000000000000, -1.000000000000000000, 0.000000000000000000 ) ) ;
#1311 = DIRECTION ( 'NONE',  ( 1.181088324069314777E-14, 0.000000000000000000, 1.000000000000000000 ) ) ;
#1312 = FACE_BOUND ( 'NONE', #4305, .T. ) ;
#1313 = DIRECTION ( 'NONE',  ( 0.000000000000000000, 0.000000000000000000, 1.000000000000000000 ) ) ;
#1314 = EDGE_LOOP ( 'NONE', ( #4813, #4590, #735, #4511 ) ) ;
#1315 = ORIENTED_EDGE ( 'NONE', *, *, #11853, .T. ) ;
#1316 = EDGE_LOOP ( 'NONE', ( #5648, #237, #11149, #11231 ) ) ;
#1317 = CARTESIAN_POINT ( 'NONE',  ( -24.69999999999752660, -3.499999999999999556, 47.35000000000088249 ) ) ;
#1318 = ORIENTED_EDGE ( 'NONE', *, *, #3753, .T. ) ;
#1319 = EDGE_CURVE ( 'NONE', #11373, #10671, #168, .T. ) ;
#1320 = FACE_OUTER_BOUND ( 'NONE', #9707, .T. ) ;
#1321 = AXIS2_PLACEMENT_3D ( 'NONE', #5921, #7674, #11334 ) ;
#1322 = PLANE ( 'NONE',  #9356 ) ;
#1323 = CARTESIAN_POINT ( 'NONE',  ( 36.55000000000013216, -3.199999999999999734, 42.00000000000000711 ) ) ;
#1324 = DIRECTION ( 'NONE',  ( 1.000000000000000000, 0.000000000000000000, 0.000000000000000000 ) ) ;
#1325 = CARTESIAN_POINT ( 'NONE',  ( 10.50000000000000178, -9.742991517807720214, 12.88585505360103056 ) ) ;
#1326 = CARTESIAN_POINT ( 'NONE',  ( 41.49999999999982947, 1.000000000000000000, -48.00000000000000711 ) ) ;
#1327 = ORIENTED_EDGE ( 'NONE', *, *, #9359, .F. ) ;
#1328 = ORIENTED_EDGE ( 'NONE', *, *, #9191, .F. ) ;
#1329 = CYLINDRICAL_SURFACE ( 'NONE', #4823, 2.350000000000001421 ) ;
#1330 = CARTESIAN_POINT ( 'NONE',  ( -35.74999999999983658, -3.199999999999999289, -43.50000000000001421 ) ) ;
#1331 = EDGE_LOOP ( 'NONE', ( #3364, #8573, #2956, #2417 ) ) ;
#1332 = EDGE_CURVE ( 'NONE', #8787, #8296, #11691, .T. ) ;
#1333 = ADVANCED_FACE ( 'NONE', ( #5005 ), #9464, .T. ) ;
#1334 = CARTESIAN_POINT ( 'NONE',  ( 16.60000000000228582, -5.000000000000000000, -50.00000000000000711 ) ) ;
#1335 = CARTESIAN_POINT ( 'NONE',  ( -10.50000000000000000, -9.976453121229452492, 8.461707764593960235 ) ) ;
#1336 = FACE_OUTER_BOUND ( 'NONE', #6943, .T. ) ;
#1337 = LINE ( 'NONE', #4795, #8538 ) ;
#1338 = DIRECTION ( 'NONE',  ( 3.491481338843133355E-15, 0.000000000000000000, 1.000000000000000000 ) ) ;
#1339 = LINE ( 'NONE', #9885, #3315 ) ;
#1340 = CARTESIAN_POINT ( 'NONE',  ( -36.54999999999922977, -3.199999999999999734, 43.50000000000001421 ) ) ;
#1341 = AXIS2_PLACEMENT_3D ( 'NONE', #6855, #7818, #6733 ) ;
#1342 = EDGE_LOOP ( 'NONE', ( #602, #5901, #4159, #2554, #11654, #1739, #5825, #9512, #11477, #4072, #4304 ) ) ;
#1343 = VERTEX_POINT ( 'NONE', #7544 ) ;
#1344 = EDGE_CURVE ( 'NONE', #1458, #2342, #4888, .T. ) ;
#1345 = ADVANCED_FACE ( 'NONE', ( #107 ), #8571, .T. ) ;
#1346 = ADVANCED_FACE ( 'NONE', ( #2041 ), #289, .F. ) ;
#1347 = CARTESIAN_POINT ( 'NONE',  ( -42.00000000000014211, -11.95696416033846887, -38.25125092009383820 ) ) ;
#1348 = CARTESIAN_POINT ( 'NONE',  ( 47.99999999999965894, -3.199999999999999289, -32.85000000000033538 ) ) ;
#1349 = CARTESIAN_POINT ( 'NONE',  ( -42.00000000000011369, -8.000000000000001776, -30.09999999999968523 ) ) ;
#1350 = CARTESIAN_POINT ( 'NONE',  ( 48.00000000000044764, 1.000000000000000000, 41.49999999999933920 ) ) ;
#1351 = VECTOR ( 'NONE', #356, 1000.000000000000000 ) ;
#1352 = DIRECTION ( 'NONE',  ( -1.000000000000000000, 0.000000000000000000, 1.343011723336883395E-14 ) ) ;
#1353 = DIRECTION ( 'NONE',  ( 0.000000000000000000, 0.000000000000000000, 1.000000000000000000 ) ) ;
#1354 = DIRECTION ( 'NONE',  ( 0.000000000000000000, 1.000000000000000000, 0.000000000000000000 ) ) ;
#1355 = EDGE_LOOP ( 'NONE', ( #2376, #7639, #11682, #4992 ) ) ;
#1356 = ORIENTED_EDGE ( 'NONE', *, *, #7797, .T. ) ;
#1357 = EDGE_LOOP ( 'NONE', ( #9858, #6382, #8920, #10285 ) ) ;
#1358 = ORIENTED_EDGE ( 'NONE', *, *, #7383, .F. ) ;
#1359 = EDGE_CURVE ( 'NONE', #6037, #6869, #3038, .T. ) ;
#1360 = ORIENTED_EDGE ( 'NONE', *, *, #8004, .T. ) ;
#1361 = CIRCLE ( 'NONE', #7932, 1.600000000000000755 ) ;
#1362 = CARTESIAN_POINT ( 'NONE',  ( 30.10049373363806424, -8.008645047301550690, 42.00000000000000711 ) ) ;
#1363 = LINE ( 'NONE', #8562, #10976 ) ;
#1364 = DIRECTION ( 'NONE',  ( 0.000000000000000000, -1.000000000000000000, 0.000000000000000000 ) ) ;
#1365 = DIRECTION ( 'NONE',  ( 0.000000000000000000, -0.000000000000000000, -1.000000000000000000 ) ) ;
#1366 = CARTESIAN_POINT ( 'NONE',  ( -27.09999999999983089, -0.1999999999999999833, 48.00000000000000711 ) ) ;
#1367 = CARTESIAN_POINT ( 'NONE',  ( -24.70000000000000995, -3.499999999999999556, -48.15000000000000568 ) ) ;
#1368 = DIRECTION ( 'NONE',  ( 1.181088324069314777E-14, 0.000000000000000000, 1.000000000000000000 ) ) ;
#1369 = ORIENTED_EDGE ( 'NONE', *, *, #7614, .F. ) ;
#1370 = ORIENTED_EDGE ( 'NONE', *, *, #7171, .T. ) ;
#1371 = CIRCLE ( 'NONE', #6207, 1.000000000000000888 ) ;
#1372 = VERTEX_POINT ( 'NONE', #1254 ) ;
#1373 = FACE_OUTER_BOUND ( 'NONE', #11668, .T. ) ;
#1374 = ORIENTED_EDGE ( 'NONE', *, *, #8879, .T. ) ;
#1375 = CARTESIAN_POINT ( 'NONE',  ( 41.99999999999957367, -1.000000000000001776, -41.50000000000027001 ) ) ;
#1376 = AXIS2_PLACEMENT_3D ( 'NONE', #86, #7344, #10164 ) ;
#1377 = VECTOR ( 'NONE', #8597, 1000.000000000000000 ) ;
#1378 = LINE ( 'NONE', #3441, #7403 ) ;
#1379 = DIRECTION ( 'NONE',  ( 0.000000000000000000, -1.000000000000000000, 0.000000000000000000 ) ) ;
#1380 = DIRECTION ( 'NONE',  ( 0.000000000000000000, 1.000000000000000000, 0.000000000000000000 ) ) ;
#1381 = CARTESIAN_POINT ( 'NONE',  ( 0.000000000000000000, 0.000000000000000000, 48.00000000000000711 ) ) ;
#1382 = CARTESIAN_POINT ( 'NONE',  ( 37.50000000000000711, -11.60000000000000320, 42.89999999999999147 ) ) ;
#1383 = ORIENTED_EDGE ( 'NONE', *, *, #3056, .T. ) ;
#1384 = EDGE_CURVE ( 'NONE', #9833, #10232, #9908, .T. ) ;
#1385 = ORIENTED_EDGE ( 'NONE', *, *, #11524, .T. ) ;
#1386 = DIRECTION ( 'NONE',  ( -1.000000000000000000, 0.000000000000000000, 0.000000000000000000 ) ) ;
#1387 = CARTESIAN_POINT ( 'NONE',  ( 33.45838837163498880, -7.200155741057212566, 42.00000000000001421 ) ) ;
#1388 = VERTEX_POINT ( 'NONE', #11621 ) ;
#1389 = CIRCLE ( 'NONE', #7179, 2.349999999999997868 ) ;
#1390 = AXIS2_PLACEMENT_3D ( 'NONE', #1479, #521, #11672 ) ;
#1391 = DIRECTION ( 'NONE',  ( 0.000000000000000000, 1.000000000000000000, 0.000000000000000000 ) ) ;
#1392 = PLANE ( 'NONE',  #345 ) ;
#1393 = DIRECTION ( 'NONE',  ( -2.952720810173291281E-15, 0.000000000000000000, -1.000000000000000000 ) ) ;
#1394 = CARTESIAN_POINT ( 'NONE',  ( -40.00000000000000711, -14.80000000000000071, -42.80000000000001137 ) ) ;
#1395 = ADVANCED_FACE ( 'NONE', ( #10778 ), #8684, .F. ) ;
#1396 = DIRECTION ( 'NONE',  ( -0.000000000000000000, 1.000000000000000000, -0.000000000000000000 ) ) ;
#1397 = CARTESIAN_POINT ( 'NONE',  ( 0.5268856459656838798, -3.437884201968348208, 26.51618877301207178 ) ) ;
#1398 = DIRECTION ( 'NONE',  ( 1.000000000000000000, 0.000000000000000000, -1.035380933213193272E-16 ) ) ;
#1399 = ADVANCED_FACE ( 'NONE', ( #3310 ), #7845, .F. ) ;
#1400 = CIRCLE ( 'NONE', #10269, 2.999999999999999112 ) ;
#1401 = VERTEX_POINT ( 'NONE', #2463 ) ;
#1402 = ORIENTED_EDGE ( 'NONE', *, *, #8699, .T. ) ;
#1403 = AXIS2_PLACEMENT_3D ( 'NONE', #2766, #9214, #10789 ) ;
#1404 = DIRECTION ( 'NONE',  ( -0.000000000000000000, 0.000000000000000000, -1.000000000000000000 ) ) ;
#1405 = FACE_OUTER_BOUND ( 'NONE', #306, .T. ) ;
#1406 = VECTOR ( 'NONE', #2336, 1000.000000000000000 ) ;
#1407 = ADVANCED_FACE ( 'NONE', ( #6203 ), #408, .F. ) ;
#1408 = CYLINDRICAL_SURFACE ( 'NONE', #3885, 4.000000000000000000 ) ;
#1409 = CARTESIAN_POINT ( 'NONE',  ( 37.50000000000000711, -15.00000000000000355, 45.24999999999999289 ) ) ;
#1410 = DIRECTION ( 'NONE',  ( -1.000000000000000000, -0.000000000000000000, -4.336808689942025625E-16 ) ) ;
#1411 = ADVANCED_FACE ( 'NONE', ( #8916 ), #7115, .F. ) ;
#1412 = CARTESIAN_POINT ( 'NONE',  ( 37.50000000000000711, -15.00000000000000355, 42.89999999999999147 ) ) ;
#1413 = ORIENTED_EDGE ( 'NONE', *, *, #227, .F. ) ;
#1414 = ORIENTED_EDGE ( 'NONE', *, *, #679, .F. ) ;
#1415 = ORIENTED_EDGE ( 'NONE', *, *, #5627, .F. ) ;
#1416 = ORIENTED_EDGE ( 'NONE', *, *, #4077, .T. ) ;
#1417 = ORIENTED_EDGE ( 'NONE', *, *, #1910, .T. ) ;
#1418 = AXIS2_PLACEMENT_3D ( 'NONE', #9126, #11716, #4547 ) ;
#1419 = CARTESIAN_POINT ( 'NONE',  ( 33.13580589931851250, -10.69243780587756731, 42.00000000000000000 ) ) ;
#1420 = EDGE_CURVE ( 'NONE', #11331, #1300, #11883, .T. ) ;
#1421 = DIRECTION ( 'NONE',  ( -0.000000000000000000, -0.000000000000000000, -1.000000000000000000 ) ) ;
#1422 = CARTESIAN_POINT ( 'NONE',  ( -21.49897948556618843, -4.000000000000000000, 50.00000000000000711 ) ) ;
#1423 = EDGE_CURVE ( 'NONE', #4378, #4000, #7052, .T. ) ;
#1424 = DIRECTION ( 'NONE',  ( 0.000000000000000000, -1.000000000000000000, 0.000000000000000000 ) ) ;
#1425 = LINE ( 'NONE', #10489, #7990 ) ;
#1426 = CIRCLE ( 'NONE', #4137, 2.349999999999997868 ) ;
#1427 = EDGE_CURVE ( 'NONE', #216, #8558, #6507, .T. ) ;
#1428 = DIRECTION ( 'NONE',  ( 0.000000000000000000, 0.000000000000000000, 1.000000000000000000 ) ) ;
#1429 = CARTESIAN_POINT ( 'NONE',  ( 45.80000000000062244, -5.000000000000000000, -23.14999999999800551 ) ) ;
#1430 = ORIENTED_EDGE ( 'NONE', *, *, #3630, .F. ) ;
#1431 = ORIENTED_EDGE ( 'NONE', *, *, #6098, .T. ) ;
#1432 = ORIENTED_EDGE ( 'NONE', *, *, #5724, .F. ) ;
#1433 = LINE ( 'NONE', #8631, #5964 ) ;
#1434 = EDGE_LOOP ( 'NONE', ( #7609, #10731, #4953, #11230 ) ) ;
#1435 = DIRECTION ( 'NONE',  ( -0.000000000000000000, -0.000000000000000000, 1.000000000000000000 ) ) ;
#1436 = DIRECTION ( 'NONE',  ( 1.000000000000000000, -0.000000000000000000, -1.734723475976807094E-15 ) ) ;
#1437 = DIRECTION ( 'NONE',  ( 0.000000000000000000, 0.000000000000000000, 1.000000000000000000 ) ) ;
#1438 = DIRECTION ( 'NONE',  ( 0.000000000000000000, -1.000000000000000000, 0.000000000000000000 ) ) ;
#1439 = DIRECTION ( 'NONE',  ( 4.625929269271486900E-15, 0.000000000000000000, 1.000000000000000000 ) ) ;
#1440 = CARTESIAN_POINT ( 'NONE',  ( -38.26832949780441595, -8.969746245055254974, 48.00000000000000711 ) ) ;
#1441 = ORIENTED_EDGE ( 'NONE', *, *, #8071, .F. ) ;
#1442 = VERTEX_POINT ( 'NONE', #10603 ) ;
#1443 = FACE_OUTER_BOUND ( 'NONE', #9857, .T. ) ;
#1444 = DIRECTION ( 'NONE',  ( 0.7071067811866064146, 0.000000000000000000, 0.7071067811864886199 ) ) ;
#1445 = EDGE_LOOP ( 'NONE', ( #3882, #5699 ) ) ;
#1446 = CARTESIAN_POINT ( 'NONE',  ( 38.09999999999954667, -3.199999999999999734, -42.00000000000000711 ) ) ;
#1447 = CIRCLE ( 'NONE', #7057, 1.550000000000002709 ) ;
#1448 = CYLINDRICAL_SURFACE ( 'NONE', #1308, 2.349999999999997868 ) ;
#1449 = EDGE_CURVE ( 'NONE', #8543, #2225, #3433, .T. ) ;
#1450 = CARTESIAN_POINT ( 'NONE',  ( -36.30249613095445937, -6.928965214700169462, -42.00000000000001421 ) ) ;
#1451 = AXIS2_PLACEMENT_3D ( 'NONE', #8520, #5739, #1991 ) ;
#1452 = CARTESIAN_POINT ( 'NONE',  ( 49.00000000000000711, -1.000000000000000000, 49.99999999999999289 ) ) ;
#1453 = CARTESIAN_POINT ( 'NONE',  ( -31.29999999999983373, 1.000000000000000000, -48.00000000000000711 ) ) ;
#1454 = CARTESIAN_POINT ( 'NONE',  ( 1.546260762596065375, -5.025696265572126897, 25.44507796227779295 ) ) ;
#1455 = CARTESIAN_POINT ( 'NONE',  ( -41.49999999999983658, -9.083282861672678621, 42.00000000000000711 ) ) ;
#1456 = PRODUCT_DEFINITION_SHAPE ( 'NONE', 'NONE',  #4788 ) ;
#1457 = ORIENTED_EDGE ( 'NONE', *, *, #8618, .T. ) ;
#1458 = VERTEX_POINT ( 'NONE', #1429 ) ;
#1459 = AXIS2_PLACEMENT_3D ( 'NONE', #6394, #7363, #8318 ) ;
#1460 = EDGE_CURVE ( 'NONE', #8860, #3523, #5117, .T. ) ;
#1461 = EDGE_LOOP ( 'NONE', ( #9058, #8353 ) ) ;
#1462 = DIRECTION ( 'NONE',  ( 1.181088324069316513E-14, 0.000000000000000000, 1.000000000000000000 ) ) ;
#1463 = CARTESIAN_POINT ( 'NONE',  ( -40.44999999999983231, -3.199999999999999289, 43.50000000000001421 ) ) ;
#1464 = AXIS2_PLACEMENT_3D ( 'NONE', #281, #2943, #8561 ) ;
#1465 = AXIS2_PLACEMENT_3D ( 'NONE', #1852, #10062, #9337 ) ;
#1466 = DIRECTION ( 'NONE',  ( -0.000000000000000000, 1.000000000000000000, -0.000000000000000000 ) ) ;
#1467 = CARTESIAN_POINT ( 'NONE',  ( -48.00000000000015632, 1.000000000000000000, -41.49999999999966604 ) ) ;
#1468 = DIRECTION ( 'NONE',  ( 1.000000000000000000, -0.000000000000000000, -1.047444401652940007E-14 ) ) ;
#1469 = CARTESIAN_POINT ( 'NONE',  ( 49.99999999999999289, 1.000000000000000000, -49.00000000000000711 ) ) ;
#1470 = EDGE_LOOP ( 'NONE', ( #8934, #3624 ) ) ;
#1471 = ORIENTED_EDGE ( 'NONE', *, *, #6728, .T. ) ;
#1472 = VERTEX_POINT ( 'NONE', #529 ) ;
#1473 = EDGE_LOOP ( 'NONE', ( #7502, #1431, #8788, #4398, #5877, #3359, #9302, #3488, #3087, #6020 ) ) ;
#1474 = ORIENTED_EDGE ( 'NONE', *, *, #5300, .T. ) ;
#1476 = AXIS2_PLACEMENT_3D ( 'NONE', #1522, #10586, #8002 ) ;
#1475 = AXIS2_PLACEMENT_3D ( 'NONE', #10723, #7167, #8971 ) ;
#1477 = EDGE_CURVE ( 'NONE', #2226, #4922, #4578, .T. ) ;
#1478 = AXIS2_PLACEMENT_3D ( 'NONE', #4758, #2031, #10056 ) ;
#1479 = CARTESIAN_POINT ( 'NONE',  ( 43.49999999999960920, -3.199999999999999734, -38.09999999999968168 ) ) ;
#1480 = VECTOR ( 'NONE', #10169, 1000.000000000000000 ) ;
#1481 = EDGE_CURVE ( 'NONE', #3845, #3164, #9387, .T. ) ;
#1482 = CARTESIAN_POINT ( 'NONE',  ( 0.000000000000000000, -1.000000000000000000, 25.00000000000000000 ) ) ;
#1483 = CARTESIAN_POINT ( 'NONE',  ( 36.55000000000013927, -3.199999999999999734, 43.49999999999975842 ) ) ;
#1484 = DIRECTION ( 'NONE',  ( 0.000000000000000000, 0.000000000000000000, 1.000000000000000000 ) ) ;
#1485 = DIRECTION ( 'NONE',  ( 0.7071067811864886199, 0.000000000000000000, -0.7071067811866064146 ) ) ;
#1486 = AXIS2_PLACEMENT_3D ( 'NONE', #7712, #11369, #1173 ) ;
#1487 = FACE_OUTER_BOUND ( 'NONE', #7132, .T. ) ;
#1488 = DIRECTION ( 'NONE',  ( -0.000000000000000000, 1.000000000000000000, -0.000000000000000000 ) ) ;
#1489 = VERTEX_POINT ( 'NONE', #5470 ) ;
#1490 = ORIENTED_EDGE ( 'NONE', *, *, #9897, .T. ) ;
#1491 = VERTEX_POINT ( 'NONE', #878 ) ;
#1492 = CARTESIAN_POINT ( 'NONE',  ( 48.00000000000029843, -3.199999999999999289, 28.14999999999932712 ) ) ;
#1493 = VERTEX_POINT ( 'NONE', #9030 ) ;
#1494 = EDGE_CURVE ( 'NONE', #10699, #293, #10920, .T. ) ;
#1495 = AXIS2_PLACEMENT_3D ( 'NONE', #6220, #2477, #5306 ) ;
#1496 = CARTESIAN_POINT ( 'NONE',  ( -40.00000000000000000, -1.000000000000000000, 14.99999999999982236 ) ) ;
#1497 = DIRECTION ( 'NONE',  ( -0.000000000000000000, -0.000000000000000000, -1.000000000000000000 ) ) ;
#1498 = LINE ( 'NONE', #1732, #9382 ) ;
#1499 = CARTESIAN_POINT ( 'NONE',  ( 9.184850993605147944E-16, 1.000000000000000000, -7.500000000000000000 ) ) ;
#1500 = CARTESIAN_POINT ( 'NONE',  ( -43.49999999999990763, -3.199999999999999289, 30.49999999999998579 ) ) ;
#1501 = ORIENTED_EDGE ( 'NONE', *, *, #244, .T. ) ;
#1502 = CARTESIAN_POINT ( 'NONE',  ( -10.49999999999999822, -13.00000000000000178, -13.50000000000000000 ) ) ;
#1503 =( GEOMETRIC_REPRESENTATION_CONTEXT ( 3 ) GLOBAL_UNCERTAINTY_ASSIGNED_CONTEXT ( ( #2231 ) ) GLOBAL_UNIT_ASSIGNED_CONTEXT ( ( #8089, #5308, #7468 ) ) REPRESENTATION_CONTEXT ( 'NONE', 'WORKASPACE' ) );
#1504 = ORIENTED_EDGE ( 'NONE', *, *, #8923, .T. ) ;
#1505 = ORIENTED_EDGE ( 'NONE', *, *, #1545, .T. ) ;
#1506 = PLANE ( 'NONE',  #3580 ) ;
#1507 = ORIENTED_EDGE ( 'NONE', *, *, #1760, .T. ) ;
#1508 = DIRECTION ( 'NONE',  ( 3.491481338843133355E-15, -0.000000000000000000, 1.000000000000000000 ) ) ;
#1509 = VECTOR ( 'NONE', #6956, 1000.000000000000000 ) ;
#1510 = CARTESIAN_POINT ( 'NONE',  ( -35.72419598204034230, -9.000000000000001776, -42.00000000000000711 ) ) ;
#1511 = CARTESIAN_POINT ( 'NONE',  ( 43.50000000000042633, -3.199999999999999734, 39.64999999999968594 ) ) ;
#1512 = DIRECTION ( 'NONE',  ( 0.000000000000000000, 0.000000000000000000, -1.000000000000000000 ) ) ;
#1513 = DIRECTION ( 'NONE',  ( 1.000000000000000000, -0.000000000000000000, -3.491481338843133355E-15 ) ) ;
#1514 = DIRECTION ( 'NONE',  ( 0.8878923766816302354, 0.000000000000000000, 0.4600512226161843077 ) ) ;
#1515 = EDGE_LOOP ( 'NONE', ( #3181, #11743 ) ) ;
#1516 = ORIENTED_EDGE ( 'NONE', *, *, #11493, .F. ) ;
#1517 = ADVANCED_FACE ( 'NONE', ( #10892 ), #635, .F. ) ;
#1518 = EDGE_LOOP ( 'NONE', ( #10655, #1374 ) ) ;
#1519 = CYLINDRICAL_SURFACE ( 'NONE', #589, 1.000000000000000888 ) ;
#1520 = CARTESIAN_POINT ( 'NONE',  ( -39.64999999999923119, -3.199999999999999734, 43.50000000000001421 ) ) ;
#1521 = CARTESIAN_POINT ( 'NONE',  ( -21.49897948556372995, -4.000000000000000000, -42.00000000000000711 ) ) ;
#1522 = CARTESIAN_POINT ( 'NONE',  ( 49.00000000000000711, 7.750000000000000000, 42.49999999999999289 ) ) ;
#1523 = CARTESIAN_POINT ( 'NONE',  ( -24.69999999999816609, -3.499999999999999556, -45.80000000000054428 ) ) ;
#1524 = CARTESIAN_POINT ( 'NONE',  ( -15.00000000000000355, -1.000000000000000000, -15.00000000000000355 ) ) ;
#1525 = ORIENTED_EDGE ( 'NONE', *, *, #3021, .T. ) ;
#1526 = ORIENTED_EDGE ( 'NONE', *, *, #940, .F. ) ;
#1527 = VERTEX_POINT ( 'NONE', #11855 ) ;
#1528 = VERTEX_POINT ( 'NONE', #2695 ) ;
#1529 = EDGE_CURVE ( 'NONE', #4666, #2226, #2577, .T. ) ;
#1530 = ORIENTED_EDGE ( 'NONE', *, *, #1238, .T. ) ;
#1531 = AXIS2_PLACEMENT_3D ( 'NONE', #11475, #11243, #10400 ) ;
#1532 = AXIS2_PLACEMENT_3D ( 'NONE', #10321, #5744, #2970 ) ;
#1533 = CARTESIAN_POINT ( 'NONE',  ( 32.41770636116211080, -9.298206256671692316, 42.00000000000000711 ) ) ;
#1534 = AXIS2_PLACEMENT_3D ( 'NONE', #9095, #1849, #7356 ) ;
#1535 = PLANE ( 'NONE',  #8692 ) ;
#1536 = DIRECTION ( 'NONE',  ( -9.607699251563814627E-15, 0.000000000000000000, -1.000000000000000000 ) ) ;
#1537 = DIRECTION ( 'NONE',  ( -1.000000000000000000, -0.000000000000000000, 3.491481338843133750E-15 ) ) ;
#1538 = CARTESIAN_POINT ( 'NONE',  ( 10.49999999999999822, -0.9999999854290726464, -26.01748130932072200 ) ) ;
#1539 = EDGE_CURVE ( 'NONE', #8090, #2790, #6500, .T. ) ;
#1540 = EDGE_CURVE ( 'NONE', #9450, #7761, #7492, .T. ) ;
#1541 = CARTESIAN_POINT ( 'NONE',  ( 38.28287949215726371, -11.06931664958915995, -48.00000000000002842 ) ) ;
#1542 = CARTESIAN_POINT ( 'NONE',  ( -43.49999999999990763, -3.199999999999999289, 30.49999999999998579 ) ) ;
#1543 = VERTEX_POINT ( 'NONE', #4754 ) ;
#1544 = EDGE_LOOP ( 'NONE', ( #9266, #6954, #11755, #4725 ) ) ;
#1545 = EDGE_CURVE ( 'NONE', #9105, #10954, #275, .T. ) ;
#1546 = ORIENTED_EDGE ( 'NONE', *, *, #4008, .F. ) ;
#1547 = CYLINDRICAL_SURFACE ( 'NONE', #7214, 2.349999999999997868 ) ;
#1548 = CIRCLE ( 'NONE', #7735, 24.99999999999999645 ) ;
#1549 = VERTEX_POINT ( 'NONE', #214 ) ;
#1550 = TOROIDAL_SURFACE ( 'NONE', #9842, 11.15000000000000036, 6.799999999999999822 ) ;
#1551 = DIRECTION ( 'NONE',  ( -1.000000000000000000, 0.000000000000000000, 0.000000000000000000 ) ) ;
#1552 = AXIS2_PLACEMENT_3D ( 'NONE', #3825, #7631, #5880 ) ;
#1553 = FACE_OUTER_BOUND ( 'NONE', #6281, .T. ) ;
#1554 = DIRECTION ( 'NONE',  ( 0.000000000000000000, 1.000000000000000000, 0.000000000000000000 ) ) ;
#1555 = EDGE_CURVE ( 'NONE', #548, #5425, #152, .T. ) ;
#1556 = AXIS2_PLACEMENT_3D ( 'NONE', #9244, #4491, #5631 ) ;
#1557 = CARTESIAN_POINT ( 'NONE',  ( -35.35014226004973636, -12.52172951023801950, -42.00000000000000711 ) ) ;
#1558 = FACE_BOUND ( 'NONE', #10871, .T. ) ;
#1559 = DIRECTION ( 'NONE',  ( -0.000000000000000000, 1.000000000000000000, -0.000000000000000000 ) ) ;
#1560 = ORIENTED_EDGE ( 'NONE', *, *, #9028, .T. ) ;
#1561 = CARTESIAN_POINT ( 'NONE',  ( -31.84477959924732104, -11.33263253528169123, 42.64539867861789446 ) ) ;
#1562 = ORIENTED_EDGE ( 'NONE', *, *, #145, .T. ) ;
#1563 = ORIENTED_EDGE ( 'NONE', *, *, #3461, .F. ) ;
#1564 = EDGE_CURVE ( 'NONE', #367, #5367, #2067, .T. ) ;
#1565 = DIRECTION ( 'NONE',  ( 1.000000000000000000, 0.000000000000000000, -1.734723475976807094E-15 ) ) ;
#1566 = EDGE_CURVE ( 'NONE', #3260, #138, #10358, .T. ) ;
#1567 = EDGE_LOOP ( 'NONE', ( #5283, #660, #8282, #4933 ) ) ;
#1568 = AXIS2_PLACEMENT_3D ( 'NONE', #6653, #10319, #10261 ) ;
#1569 = CIRCLE ( 'NONE', #10818, 7.949999999999998401 ) ;
#1570 = CYLINDRICAL_SURFACE ( 'NONE', #3526, 1.550000000000002709 ) ;
#1571 = EDGE_CURVE ( 'NONE', #620, #1528, #9263, .T. ) ;
#1572 = PLANE ( 'NONE',  #4460 ) ;
#1573 = DIRECTION ( 'NONE',  ( -1.000000000000000000, -0.000000000000000000, 3.491481338843133750E-15 ) ) ;
#1574 = ADVANCED_FACE ( 'NONE', ( #10295, #8369, #2147, #1963, #1899, #3908, #4029, #8611 ), #10230, .T. ) ;
#1575 = CARTESIAN_POINT ( 'NONE',  ( -42.00000000000011369, -3.199999999999999289, -30.49999999999998224 ) ) ;
#1576 = DIRECTION ( 'NONE',  ( 0.000000000000000000, 0.000000000000000000, 1.000000000000000000 ) ) ;
#1577 = LINE ( 'NONE', #11709, #8207 ) ;
#1578 = VECTOR ( 'NONE', #11791, 1000.000000000000000 ) ;
#1579 = CIRCLE ( 'NONE', #8328, 1.549999999999999378 ) ;
#1580 = ORIENTED_EDGE ( 'NONE', *, *, #3906, .T. ) ;
#1581 = B_SPLINE_CURVE_WITH_KNOTS ( 'NONE', 3,
 ( #3866, #5548, #11274, #1862, #11214, #2957, #7489, #3019, #6645, #6583, #1803, #10312, #8324, #10070, #5491, #4592 ),
 .UNSPECIFIED., .F., .F.,
 ( 4, 2, 2, 2, 2, 2, 2, 4 ),
 ( 2.194270917860438266E-17, 0.002159268305014865573, 0.004318536610029708595, 0.005398170762537121865, 0.006477804915044536004, 0.007557439067551951009, 0.008097256143805657211, 0.008637073220059363413 ),
 .UNSPECIFIED. ) ;
#1582 = ORIENTED_EDGE ( 'NONE', *, *, #4296, .T. ) ;
#1583 = AXIS2_PLACEMENT_3D ( 'NONE', #4150, #3301, #576 ) ;
#1584 = ORIENTED_EDGE ( 'NONE', *, *, #739, .T. ) ;
#1585 = PLANE ( 'NONE',  #10419 ) ;
#1586 = LINE ( 'NONE', #8110, #11624 ) ;
#1587 = VECTOR ( 'NONE', #2049, 1000.000000000000000 ) ;
#1588 = CARTESIAN_POINT ( 'NONE',  ( -36.19999999999999574, -9.000000000000001776, 40.54999999999999716 ) ) ;
#1589 = DIRECTION ( 'NONE',  ( -0.000000000000000000, 1.000000000000000000, -0.000000000000000000 ) ) ;
#1590 = CARTESIAN_POINT ( 'NONE',  ( 37.50000000000000711, -15.00000000000000355, 42.89999999999999147 ) ) ;
#1591 = DIRECTION ( 'NONE',  ( -0.000000000000000000, 1.000000000000000000, -0.000000000000000000 ) ) ;
#1592 = EDGE_LOOP ( 'NONE', ( #3120, #2955 ) ) ;
#1593 = VERTEX_POINT ( 'NONE', #3117 ) ;
#1594 = VERTEX_POINT ( 'NONE', #7467 ) ;
#1595 = ORIENTED_EDGE ( 'NONE', *, *, #4600, .F. ) ;
#1596 = ORIENTED_EDGE ( 'NONE', *, *, #6676, .T. ) ;
#1597 = FACE_OUTER_BOUND ( 'NONE', #1544, .T. ) ;
#1598 = VECTOR ( 'NONE', #3248, 1000.000000000000000 ) ;
#1599 = CARTESIAN_POINT ( 'NONE',  ( 43.49999999999960920, -3.199999999999999734, -38.09999999999968168 ) ) ;
#1600 = CARTESIAN_POINT ( 'NONE',  ( 27.09999999999983089, -5.000000000000002665, 42.00000000000000711 ) ) ;
#1601 = EDGE_CURVE ( 'NONE', #3118, #10827, #7653, .T. ) ;
#1602 = DIRECTION ( 'NONE',  ( 2.952720810173291281E-15, 0.000000000000000000, 1.000000000000000000 ) ) ;
#1603 = CARTESIAN_POINT ( 'NONE',  ( -47.99999999999990763, -0.1999999999999999833, 27.09999999999999787 ) ) ;
#1604 = AXIS2_PLACEMENT_3D ( 'NONE', #2293, #10559, #5983 ) ;
#1605 = CARTESIAN_POINT ( 'NONE',  ( 41.99999999999978684, -4.000000000000000000, -21.49897948556438010 ) ) ;
#1606 = CARTESIAN_POINT ( 'NONE',  ( 41.99999999999966604, -8.044227899587877317, -32.73977218700515834 ) ) ;
#1607 = ORIENTED_EDGE ( 'NONE', *, *, #11897, .F. ) ;
#1608 = ORIENTED_EDGE ( 'NONE', *, *, #9077, .T. ) ;
#1609 = AXIS2_PLACEMENT_3D ( 'NONE', #3233, #3289, #7939 ) ;
#1610 = EDGE_LOOP ( 'NONE', ( #11727, #7564, #8542, #7010 ) ) ;
#1611 = CARTESIAN_POINT ( 'NONE',  ( 42.00000000000066080, -5.000000000000000000, 27.10000000000163922 ) ) ;
#1612 = AXIS2_PLACEMENT_3D ( 'NONE', #3731, #9331, #6631 ) ;
#1613 = ORIENTED_EDGE ( 'NONE', *, *, #10496, .F. ) ;
#1614 = EDGE_CURVE ( 'NONE', #4121, #3077, #8554, .T. ) ;
#1615 = DIRECTION ( 'NONE',  ( 0.000000000000000000, -1.000000000000000000, 0.000000000000000000 ) ) ;
#1616 = VECTOR ( 'NONE', #1573, 1000.000000000000000 ) ;
#1617 = EDGE_CURVE ( 'NONE', #5574, #5063, #332, .T. ) ;
#1618 = CARTESIAN_POINT ( 'NONE',  ( 40.00000000000000711, -14.80000000000000071, -42.80000000000001137 ) ) ;
#1619 = LINE ( 'NONE', #4342, #507 ) ;
#1620 = DIRECTION ( 'NONE',  ( 6.982962677686267499E-15, -0.000000000000000000, 1.000000000000000000 ) ) ;
#1621 = DIRECTION ( 'NONE',  ( 0.000000000000000000, -1.000000000000000000, 0.000000000000000000 ) ) ;
#1622 = LINE ( 'NONE', #3325, #5751 ) ;
#1623 = ORIENTED_EDGE ( 'NONE', *, *, #7753, .F. ) ;
#1624 = ORIENTED_EDGE ( 'NONE', *, *, #7331, .T. ) ;
#1625 = ORIENTED_EDGE ( 'NONE', *, *, #7996, .T. ) ;
#1626 = CYLINDRICAL_SURFACE ( 'NONE', #1640, 2.349999999999997868 ) ;
#1627 = VERTEX_POINT ( 'NONE', #11132 ) ;
#1628 = VECTOR ( 'NONE', #162, 1000.000000000000000 ) ;
#1629 = ADVANCED_FACE ( 'NONE', ( #8432 ), #1120, .F. ) ;
#1630 = DIRECTION ( 'NONE',  ( 1.000000000000000000, -0.000000000000000000, -8.673617379884035472E-16 ) ) ;
#1631 = EDGE_CURVE ( 'NONE', #10522, #11895, #7589, .T. ) ;
#1632 = DIRECTION ( 'NONE',  ( -1.000000000000000000, -0.000000000000000000, 3.491481338843133355E-15 ) ) ;
#1633 = DIRECTION ( 'NONE',  ( -0.000000000000000000, -0.000000000000000000, -1.000000000000000000 ) ) ;
#1634 = CARTESIAN_POINT ( 'NONE',  ( -29.71398576359457522, -7.975064876170153916, -43.16822940124463770 ) ) ;
#1635 = CARTESIAN_POINT ( 'NONE',  ( 30.09999999999983089, -8.000000000000001776, -42.00000000000000711 ) ) ;
#1636 = CARTESIAN_POINT ( 'NONE',  ( 43.50000000000030553, -3.199999999999999289, 28.14999999999937685 ) ) ;
#1637 = ORIENTED_EDGE ( 'NONE', *, *, #2412, .T. ) ;
#1638 = ORIENTED_EDGE ( 'NONE', *, *, #142, .T. ) ;
#1639 = ADVANCED_FACE ( 'NONE', ( #1174 ), #4873, .F. ) ;
#1640 = AXIS2_PLACEMENT_3D ( 'NONE', #11758, #8038, #8992 ) ;
#1641 = EDGE_CURVE ( 'NONE', #11842, #8205, #8479, .T. ) ;
#1642 = ADVANCED_BREP_SHAPE_REPRESENTATION ( '-Z', ( #8357, #10379 ), #1503 ) ;
#1643 = VERTEX_POINT ( 'NONE', #453 ) ;
#1644 = DIRECTION ( 'NONE',  ( 0.000000000000000000, 1.000000000000000000, -0.000000000000000000 ) ) ;
#1645 = CARTESIAN_POINT ( 'NONE',  ( 31.29999999999983373, 1.000000000000000000, 48.00000000000000711 ) ) ;
#1646 = PLANE ( 'NONE',  #7354 ) ;
#1647 = CARTESIAN_POINT ( 'NONE',  ( 30.49999999999948486, -3.199999999999999289, -50.00000000000071054 ) ) ;
#1648 = DIRECTION ( 'NONE',  ( -0.000000000000000000, 1.000000000000000000, -0.000000000000000000 ) ) ;
#1649 = AXIS2_PLACEMENT_3D ( 'NONE', #1693, #9902, #3517 ) ;
#1650 = CARTESIAN_POINT ( 'NONE',  ( 43.50000000000044054, -3.199999999999999289, 40.44999999999938467 ) ) ;
#1651 = ORIENTED_EDGE ( 'NONE', *, *, #3632, .F. ) ;
#1652 = ORIENTED_EDGE ( 'NONE', *, *, #9649, .F. ) ;
#1653 = EDGE_LOOP ( 'NONE', ( #11245, #8510, #5843 ) ) ;
#1654 = EDGE_LOOP ( 'NONE', ( #94, #10125, #6368, #8339 ) ) ;
#1655 = EDGE_CURVE ( 'NONE', #926, #9498, #4084, .T. ) ;
#1656 = ORIENTED_EDGE ( 'NONE', *, *, #9271, .T. ) ;
#1657 = CARTESIAN_POINT ( 'NONE',  ( 49.99999999999999289, 1.000000000000000000, -50.00000000000000711 ) ) ;
#1658 = VECTOR ( 'NONE', #3979, 1000.000000000000000 ) ;
#1659 = AXIS2_PLACEMENT_3D ( 'NONE', #6041, #6896, #7008 ) ;
#1660 = DIRECTION ( 'NONE',  ( -0.000000000000000000, 1.000000000000000000, -0.000000000000000000 ) ) ;
#1661 = DIRECTION ( 'NONE',  ( -0.000000000000000000, -0.000000000000000000, 1.000000000000000000 ) ) ;
#1662 = DIRECTION ( 'NONE',  ( 0.000000000000000000, 1.000000000000000000, 0.000000000000000000 ) ) ;
#1663 = DIRECTION ( 'NONE',  ( 1.156482317317870344E-14, 0.000000000000000000, 1.000000000000000000 ) ) ;
#1664 = CARTESIAN_POINT ( 'NONE',  ( -10.49999999999999822, -13.00000000000000178, -12.40000000000000036 ) ) ;
#1665 = CARTESIAN_POINT ( 'NONE',  ( -29.58727186058778713, -7.956518750935915207, 46.22395999278611356 ) ) ;
#1666 = ORIENTED_EDGE ( 'NONE', *, *, #11382, .T. ) ;
#1667 = ORIENTED_EDGE ( 'NONE', *, *, #7834, .T. ) ;
#1668 = VECTOR ( 'NONE', #6773, 1000.000000000000000 ) ;
#1669 = ORIENTED_EDGE ( 'NONE', *, *, #4681, .F. ) ;
#1670 = CARTESIAN_POINT ( 'NONE',  ( -49.99999999999999289, 1.000000000000000000, 48.99999999999999289 ) ) ;
#1671 = ADVANCED_FACE ( 'NONE', ( #6923 ), #10475, .T. ) ;
#1672 = FACE_OUTER_BOUND ( 'NONE', #2699, .T. ) ;
#1673 = DIRECTION ( 'NONE',  ( -0.000000000000000000, 1.000000000000000000, -0.000000000000000000 ) ) ;
#1674 = DIRECTION ( 'NONE',  ( -0.000000000000000000, 1.000000000000000000, -0.000000000000000000 ) ) ;
#1675 = CARTESIAN_POINT ( 'NONE',  ( 43.49999999999962341, -3.199999999999999734, -36.54999999999967741 ) ) ;
#1676 = FACE_OUTER_BOUND ( 'NONE', #11492, .T. ) ;
#1677 = CARTESIAN_POINT ( 'NONE',  ( 33.45094339622631452, -11.60000000000000320, 44.48985553414033234 ) ) ;
#1678 = FACE_OUTER_BOUND ( 'NONE', #171, .T. ) ;
#1679 = ORIENTED_EDGE ( 'NONE', *, *, #3098, .F. ) ;
#1680 = VERTEX_POINT ( 'NONE', #4143 ) ;
#1681 = ORIENTED_EDGE ( 'NONE', *, *, #1757, .F. ) ;
#1682 = CARTESIAN_POINT ( 'NONE',  ( 36.54999999999948557, -3.199999999999999734, -50.00000000000075318 ) ) ;
#1683 = ORIENTED_EDGE ( 'NONE', *, *, #3692, .T. ) ;
#1684 = VECTOR ( 'NONE', #7628, 1000.000000000000000 ) ;
#1685 = ADVANCED_FACE ( 'NONE', ( #7773 ), #6981, .F. ) ;
#1686 = AXIS2_PLACEMENT_3D ( 'NONE', #7009, #8872, #7973 ) ;
#1687 = CARTESIAN_POINT ( 'NONE',  ( 45.80000000000062244, 1.000000000000000000, -27.05000000000199378 ) ) ;
#1688 = DIRECTION ( 'NONE',  ( -0.000000000000000000, -0.000000000000000000, -1.000000000000000000 ) ) ;
#1689 = CARTESIAN_POINT ( 'NONE',  ( 33.29410961480567011, -11.59999999457388853, 44.09043002363353025 ) ) ;
#1690 = DIRECTION ( 'NONE',  ( -1.000000000000000000, 0.000000000000000000, 8.953411488912557020E-15 ) ) ;
#1691 = AXIS2_PLACEMENT_3D ( 'NONE', #5616, #6533, #4051 ) ;
#1692 = DIRECTION ( 'NONE',  ( -1.000000000000000000, 0.000000000000000000, 1.343011723336883395E-14 ) ) ;
#1693 = CARTESIAN_POINT ( 'NONE',  ( 16.59999999999983444, -5.000000000000000000, 42.00000000000000711 ) ) ;
#1694 = CARTESIAN_POINT ( 'NONE',  ( -45.79999999999802185, 1.000000000000000000, -24.69999999999937046 ) ) ;
#1695 = ADVANCED_FACE ( 'NONE', ( #4258 ), #2209, .F. ) ;
#1696 = ORIENTED_EDGE ( 'NONE', *, *, #7530, .T. ) ;
#1697 = ORIENTED_EDGE ( 'NONE', *, *, #11832, .F. ) ;
#1698 = ADVANCED_FACE ( 'NONE', ( #8670 ), #7944, .F. ) ;
#1699 = EDGE_LOOP ( 'NONE', ( #897, #475 ) ) ;
#1700 = CARTESIAN_POINT ( 'NONE',  ( 40.00000000000000711, -5.025393101198561752, -42.00000000000000711 ) ) ;
#1701 = DIRECTION ( 'NONE',  ( -0.000000000000000000, -0.000000000000000000, 1.000000000000000000 ) ) ;
#1702 = CARTESIAN_POINT ( 'NONE',  ( 0.000000000000000000, -5.000000000000000000, 0.000000000000000000 ) ) ;
#1703 = CARTESIAN_POINT ( 'NONE',  ( -12.50000000000000000, -13.00000000000000178, 7.461999999999993527 ) ) ;
#1704 = CARTESIAN_POINT ( 'NONE',  ( 45.80000000000062244, -3.499999999999999556, -27.05000000000199378 ) ) ;
#1705 = CIRCLE ( 'NONE', #3264, 1.550000000000002709 ) ;
#1706 = EDGE_CURVE ( 'NONE', #953, #1299, #11664, .T. ) ;
#1707 = CARTESIAN_POINT ( 'NONE',  ( -10.49999999999999822, -0.9999999964086860871, -29.09391434178491309 ) ) ;
#1708 = ORIENTED_EDGE ( 'NONE', *, *, #5264, .T. ) ;
#1709 = ORIENTED_EDGE ( 'NONE', *, *, #5215, .T. ) ;
#1710 = ORIENTED_EDGE ( 'NONE', *, *, #2571, .F. ) ;
#1711 = VERTEX_POINT ( 'NONE', #11488 ) ;
#1712 = ADVANCED_FACE ( 'NONE', ( #4991 ), #392, .T. ) ;
#1713 = EDGE_CURVE ( 'NONE', #5619, #4292, #3294, .T. ) ;
#1714 = LINE ( 'NONE', #5346, #6615 ) ;
#1715 = AXIS2_PLACEMENT_3D ( 'NONE', #2561, #10941, #6426 ) ;
#1716 = DIRECTION ( 'NONE',  ( -1.000000000000000000, 0.000000000000000000, 0.000000000000000000 ) ) ;
#1717 = DIRECTION ( 'NONE',  ( 1.000000000000000000, 0.000000000000000000, -1.047444401652940007E-14 ) ) ;
#1718 = CARTESIAN_POINT ( 'NONE',  ( -31.94412171226666075, -8.400000000000002132, 42.00000000000000711 ) ) ;
#1719 = CYLINDRICAL_SURFACE ( 'NONE', #10087, 2.349999999999997868 ) ;
#1720 = EDGE_CURVE ( 'NONE', #1549, #3562, #5383, .T. ) ;
#1721 = LINE ( 'NONE', #8129, #527 ) ;
#1722 = ORIENTED_EDGE ( 'NONE', *, *, #5243, .T. ) ;
#1723 = ORIENTED_EDGE ( 'NONE', *, *, #7627, .F. ) ;
#1724 = VECTOR ( 'NONE', #9248, 1000.000000000000000 ) ;
#1725 = ORIENTED_EDGE ( 'NONE', *, *, #7558, .F. ) ;
#1726 = DIRECTION ( 'NONE',  ( -0.000000000000000000, 0.000000000000000000, 1.000000000000000000 ) ) ;
#1727 = CARTESIAN_POINT ( 'NONE',  ( -31.29999999999983373, 1.000000000000000000, 50.00000000000000711 ) ) ;
#1728 = CARTESIAN_POINT ( 'NONE',  ( -10.49999999999999822, -10.00000000000000178, -12.40000000000000036 ) ) ;
#1729 = CARTESIAN_POINT ( 'NONE',  ( -43.20615927547181201, -10.23508541801005656, -48.00000000000000711 ) ) ;
#1730 = ADVANCED_FACE ( 'NONE', ( #2386 ), #8844, .T. ) ;
#1731 = CARTESIAN_POINT ( 'NONE',  ( -32.84999999999983089, -3.199999999999998845, 43.50000000000001421 ) ) ;
#1732 = CARTESIAN_POINT ( 'NONE',  ( -49.99999999999820943, -4.200000000000000178, 20.51918358845227175 ) ) ;
#1733 = CARTESIAN_POINT ( 'NONE',  ( -48.00000000000015632, -8.781894738216442065, -42.61111892865450557 ) ) ;
#1734 = DIRECTION ( 'NONE',  ( 1.000000000000000000, 0.000000000000000000, 0.000000000000000000 ) ) ;
#1735 = VECTOR ( 'NONE', #7060, 1000.000000000000000 ) ;
#1736 = CARTESIAN_POINT ( 'NONE',  ( 29.74216769539543392, -7.978802266294063195, -41.31939148365430725 ) ) ;
#1737 = ORIENTED_EDGE ( 'NONE', *, *, #8056, .F. ) ;
#1738 = ORIENTED_EDGE ( 'NONE', *, *, #3319, .T. ) ;
#1739 = ORIENTED_EDGE ( 'NONE', *, *, #4530, .T. ) ;
#1740 = DIRECTION ( 'NONE',  ( -1.000000000000000000, 0.000000000000000000, 1.343011723336880555E-14 ) ) ;
#1741 = ORIENTED_EDGE ( 'NONE', *, *, #10254, .F. ) ;
#1742 = VECTOR ( 'NONE', #1660, 1000.000000000000000 ) ;
#1743 = LINE ( 'NONE', #8154, #9300 ) ;
#1744 = CIRCLE ( 'NONE', #7384, 4.349999999999999645 ) ;
#1745 = DIRECTION ( 'NONE',  ( 3.491481338843133750E-15, -0.000000000000000000, 1.000000000000000000 ) ) ;
#1746 = CARTESIAN_POINT ( 'NONE',  ( 31.29999999999983373, 0.000000000000000000, -49.00000000000000711 ) ) ;
#1747 = DIRECTION ( 'NONE',  ( 1.000000000000000000, -0.000000000000000000, -4.336808689942025625E-16 ) ) ;
#1748 = ADVANCED_FACE ( 'NONE', ( #11607, #630 ), #4317, .T. ) ;
#1749 = DIRECTION ( 'NONE',  ( -0.000000000000000000, 1.000000000000000000, -0.000000000000000000 ) ) ;
#1750 = CARTESIAN_POINT ( 'NONE',  ( 43.49999999999969447, -3.199999999999999289, -30.49999999999968381 ) ) ;
#1751 = CARTESIAN_POINT ( 'NONE',  ( -31.29999999999983373, 1.000000000000000000, -48.00000000000000711 ) ) ;
#1752 = EDGE_LOOP ( 'NONE', ( #7894, #9888, #7400, #5573 ) ) ;
#1753 = ORIENTED_EDGE ( 'NONE', *, *, #8367, .T. ) ;
#1754 = VECTOR ( 'NONE', #1873, 1000.000000000000000 ) ;
#1755 = AXIS2_PLACEMENT_3D ( 'NONE', #1282, #319, #4977 ) ;
#1756 = ORIENTED_EDGE ( 'NONE', *, *, #8951, .F. ) ;
#1757 = EDGE_CURVE ( 'NONE', #7581, #6719, #10708, .T. ) ;
#1758 = CARTESIAN_POINT ( 'NONE',  ( 37.89277876317804328, -5.471684679873319190, -42.00000000000001421 ) ) ;
#1759 = DIRECTION ( 'NONE',  ( 1.000000000000000000, -0.000000000000000000, -1.047444401652940007E-14 ) ) ;
#1760 = EDGE_CURVE ( 'NONE', #8690, #5547, #3460, .T. ) ;
#1761 = AXIS2_PLACEMENT_3D ( 'NONE', #3370, #2512, #1602 ) ;
#1762 = DIRECTION ( 'NONE',  ( 0.000000000000000000, 1.000000000000000000, 0.000000000000000000 ) ) ;
#1763 = AXIS2_PLACEMENT_3D ( 'NONE', #8842, #9013, #3529 ) ;
#1764 = CARTESIAN_POINT ( 'NONE',  ( -49.99999999999955946, 1.000000000000000000, 41.50000000000053291 ) ) ;
#1765 = DIRECTION ( 'NONE',  ( 3.491481338843133355E-15, 0.000000000000000000, 1.000000000000000000 ) ) ;
#1766 = CARTESIAN_POINT ( 'NONE',  ( 10.49999999999999822, -9.745380757776372249, -17.26377963188577880 ) ) ;
#1767 = CARTESIAN_POINT ( 'NONE',  ( 41.13721316159384855, -6.457632609665272305, 41.99999999999999289 ) ) ;
#1768 = ORIENTED_EDGE ( 'NONE', *, *, #10019, .F. ) ;
#1769 = ORIENTED_EDGE ( 'NONE', *, *, #4006, .F. ) ;
#1770 = ORIENTED_EDGE ( 'NONE', *, *, #244, .F. ) ;
#1771 = EDGE_LOOP ( 'NONE', ( #11711, #395, #4827, #10476, #3663 ) ) ;
#1772 = CIRCLE ( 'NONE', #8893, 1.550000000000002709 ) ;
#1773 = CARTESIAN_POINT ( 'NONE',  ( 30.09999999999983089, -5.000000000000002665, 42.00000000000000711 ) ) ;
#1774 = EDGE_CURVE ( 'NONE', #3149, #8834, #3177, .T. ) ;
#1775 = CIRCLE ( 'NONE', #5833, 2.349999999999997868 ) ;
#1776 = DIRECTION ( 'NONE',  ( 1.000000000000000000, 0.000000000000000000, -1.387778780781445676E-16 ) ) ;
#1777 = CARTESIAN_POINT ( 'NONE',  ( -10.49999999999999822, -10.00000000000000178, -13.50000000000000000 ) ) ;
#1778 = EDGE_CURVE ( 'NONE', #8557, #5860, #2866, .T. ) ;
#1779 = DIRECTION ( 'NONE',  ( -1.000000000000000000, -0.000000000000000000, 3.491481338843133750E-15 ) ) ;
#1780 = CARTESIAN_POINT ( 'NONE',  ( -43.49999999999991473, -3.199999999999999289, 28.94999999999998153 ) ) ;
#1781 = CARTESIAN_POINT ( 'NONE',  ( 32.34229178866885235, -8.259919645877356942, -48.00000000000002132 ) ) ;
#1782 = DIRECTION ( 'NONE',  ( 4.476705744456268255E-15, 0.000000000000000000, 1.000000000000000000 ) ) ;
#1783 = ORIENTED_EDGE ( 'NONE', *, *, #9678, .T. ) ;
#1784 = ORIENTED_EDGE ( 'NONE', *, *, #11365, .T. ) ;
#1785 = ORIENTED_EDGE ( 'NONE', *, *, #5623, .T. ) ;
#1786 = DIRECTION ( 'NONE',  ( -0.000000000000000000, 1.000000000000000000, -0.000000000000000000 ) ) ;
#1787 = ADVANCED_FACE ( 'NONE', ( #10764 ), #10997, .T. ) ;
#1788 = VECTOR ( 'NONE', #8839, 1000.000000000000000 ) ;
#1789 = CARTESIAN_POINT ( 'NONE',  ( -41.99999999999990763, -3.199999999999999289, 30.49999999999998224 ) ) ;
#1790 = EDGE_CURVE ( 'NONE', #5962, #4117, #5756, .T. ) ;
#1791 = DIRECTION ( 'NONE',  ( 0.000000000000000000, -1.000000000000000000, 0.000000000000000000 ) ) ;
#1792 = DIRECTION ( 'NONE',  ( 0.000000000000000000, 0.000000000000000000, -1.000000000000000000 ) ) ;
#1793 = AXIS2_PLACEMENT_3D ( 'NONE', #11327, #103, #4822 ) ;
#1794 = CARTESIAN_POINT ( 'NONE',  ( 24.69999999999784634, -5.000000000000000000, -47.35000000000071196 ) ) ;
#1795 = CARTESIAN_POINT ( 'NONE',  ( 41.49999999999983658, -1.000000000000000000, 48.00000000000000711 ) ) ;
#1796 = VECTOR ( 'NONE', #8242, 1000.000000000000000 ) ;
#1797 = CARTESIAN_POINT ( 'NONE',  ( -48.00000000000015632, -8.715837089484681499, -44.22881970237051519 ) ) ;
#1798 = CARTESIAN_POINT ( 'NONE',  ( 40.00000000000000000, -1.000000000000000000, 7.500000000000000000 ) ) ;
#1799 = CARTESIAN_POINT ( 'NONE',  ( 41.99999999999984368, -5.000000000000000000, -16.59999999999802611 ) ) ;
#1800 = ORIENTED_EDGE ( 'NONE', *, *, #2307, .T. ) ;
#1801 = EDGE_LOOP ( 'NONE', ( #10853, #6814, #5839, #8644, #4757, #3508, #1096, #5270, #1878, #2299 ) ) ;
#1802 = ORIENTED_EDGE ( 'NONE', *, *, #891, .F. ) ;
#1803 = CARTESIAN_POINT ( 'NONE',  ( 41.44274613726384615, -11.18967891358770750, -48.00000000000000711 ) ) ;
#1804 = VECTOR ( 'NONE', #3926, 1000.000000000000000 ) ;
#1805 = ORIENTED_EDGE ( 'NONE', *, *, #678, .F. ) ;
#1806 = CIRCLE ( 'NONE', #3739, 1.000000000000000888 ) ;
#1807 = DIRECTION ( 'NONE',  ( -1.387778780781445676E-16, -0.000000000000000000, -1.000000000000000000 ) ) ;
#1808 = PLANE ( 'NONE',  #3984 ) ;
#1809 = DIRECTION ( 'NONE',  ( -1.000000000000000000, 0.000000000000000000, 0.000000000000000000 ) ) ;
#1810 = DIRECTION ( 'NONE',  ( 0.000000000000000000, 0.000000000000000000, -1.000000000000000000 ) ) ;
#1811 = DIRECTION ( 'NONE',  ( 0.000000000000000000, 0.000000000000000000, -1.000000000000000000 ) ) ;
#1812 = CYLINDRICAL_SURFACE ( 'NONE', #7726, 1.549999999999999378 ) ;
#1814 = VECTOR ( 'NONE', #4537, 1000.000000000000000 ) ;
#1813 = B_SPLINE_CURVE_WITH_KNOTS ( 'NONE', 3,
 ( #2826, #7539, #6806, #1976, #10963, #6514 ),
 .UNSPECIFIED., .F., .F.,
 ( 4, 2, 4 ),
 ( 0.0006656891874463024194, 0.001323988597581736600, 0.001982288007717171105 ),
 .UNSPECIFIED. ) ;
#1815 = ORIENTED_EDGE ( 'NONE', *, *, #733, .T. ) ;
#1816 = ORIENTED_EDGE ( 'NONE', *, *, #11771, .T. ) ;
#1817 = ADVANCED_FACE ( 'NONE', ( #863 ), #9856, .F. ) ;
#1818 = ORIENTED_EDGE ( 'NONE', *, *, #2288, .F. ) ;
#1819 = CARTESIAN_POINT ( 'NONE',  ( 48.00000000000044764, -1.000000000000000000, 41.49999999999933920 ) ) ;
#1820 = CARTESIAN_POINT ( 'NONE',  ( 38.10000000000013642, -3.199999999999999734, 42.00000000000000711 ) ) ;
#1821 = CARTESIAN_POINT ( 'NONE',  ( -10.49999999999999822, -4.733484000226487964, -24.43275772327778839 ) ) ;
#1822 = LINE ( 'NONE', #8230, #10734 ) ;
#1823 = CARTESIAN_POINT ( 'NONE',  ( -45.80000000000062244, -8.000000000000001776, 26.24999999999800337 ) ) ;
#1824 = CARTESIAN_POINT ( 'NONE',  ( -10.49999999999999822, -7.906753446070894142, -21.33041222926297920 ) ) ;
#1825 = FACE_OUTER_BOUND ( 'NONE', #1434, .T. ) ;
#1826 = ORIENTED_EDGE ( 'NONE', *, *, #11305, .T. ) ;
#1827 = EDGE_LOOP ( 'NONE', ( #6674, #2895, #4054, #7116 ) ) ;
#1828 = ORIENTED_EDGE ( 'NONE', *, *, #5741, .F. ) ;
#1829 = ORIENTED_EDGE ( 'NONE', *, *, #4554, .F. ) ;
#1830 = EDGE_CURVE ( 'NONE', #2167, #6412, #6940, .T. ) ;
#1831 = EDGE_CURVE ( 'NONE', #634, #6412, #3648, .T. ) ;
#1832 = PLANE ( 'NONE',  #1204 ) ;
#1833 = CARTESIAN_POINT ( 'NONE',  ( -0.6618768490036729402, -7.206779547246295436, 23.53792753157205908 ) ) ;
#1834 = VECTOR ( 'NONE', #2796, 1000.000000000000000 ) ;
#1835 = LINE ( 'NONE', #9199, #10670 ) ;
#1836 = CARTESIAN_POINT ( 'NONE',  ( -40.42852312376307822, -7.909706892630209651, 42.00000000000001421 ) ) ;
#1837 = LINE ( 'NONE', #7166, #2394 ) ;
#1838 = AXIS2_PLACEMENT_3D ( 'NONE', #8395, #299, #4958 ) ;
#1839 = CARTESIAN_POINT ( 'NONE',  ( -10.49999999999999822, -12.96642427669861775, -13.25223834205409901 ) ) ;
#1840 = CARTESIAN_POINT ( 'NONE',  ( -29.28232166935819336, -7.886416835385892554, 42.00000000000000711 ) ) ;
#1841 = ORIENTED_EDGE ( 'NONE', *, *, #10995, .F. ) ;
#1842 = ORIENTED_EDGE ( 'NONE', *, *, #5096, .F. ) ;
#1843 = EDGE_CURVE ( 'NONE', #6428, #3091, #5280, .T. ) ;
#1844 = VERTEX_POINT ( 'NONE', #9070 ) ;
#1845 = FACE_OUTER_BOUND ( 'NONE', #11724, .T. ) ;
#1846 = AXIS2_PLACEMENT_3D ( 'NONE', #3740, #3559, #4586 ) ;
#1847 = AXIS2_PLACEMENT_3D ( 'NONE', #2413, #2178, #7682 ) ;
#1848 = DIRECTION ( 'NONE',  ( 0.000000000000000000, 1.000000000000000000, 0.000000000000000000 ) ) ;
#1849 = DIRECTION ( 'NONE',  ( 0.000000000000000000, 0.000000000000000000, -1.000000000000000000 ) ) ;
#1850 = DIRECTION ( 'NONE',  ( 0.000000000000000000, 0.000000000000000000, 1.000000000000000000 ) ) ;
#1851 = DIRECTION ( 'NONE',  ( 0.000000000000000000, -1.000000000000000000, 0.000000000000000000 ) ) ;
#1852 = CARTESIAN_POINT ( 'NONE',  ( -38.10000000000042775, -3.199999999999999734, -42.00000000000001421 ) ) ;
#1853 = CIRCLE ( 'NONE', #4180, 1.550000000000002709 ) ;
#1854 = CIRCLE ( 'NONE', #5924, 2.349999999999997868 ) ;
#1855 = CARTESIAN_POINT ( 'NONE',  ( 0.000000000000000000, -13.00000000000000178, 8.500000000000000000 ) ) ;
#1856 = DIRECTION ( 'NONE',  ( -1.000000000000000000, 0.000000000000000000, 0.000000000000000000 ) ) ;
#1857 = CARTESIAN_POINT ( 'NONE',  ( 35.64421345284093690, -8.744507983983892174, -42.96862578081942274 ) ) ;
#1858 = VERTEX_POINT ( 'NONE', #7153 ) ;
#1859 = ORIENTED_EDGE ( 'NONE', *, *, #9591, .T. ) ;
#1861 = ORIENTED_EDGE ( 'NONE', *, *, #295, .T. ) ;
#1860 = EDGE_CURVE ( 'NONE', #533, #7934, #1142, .T. ) ;
#1862 = CARTESIAN_POINT ( 'NONE',  ( 45.26684861601682996, -9.106554737238560904, -48.00000000000000711 ) ) ;
#1863 = VERTEX_POINT ( 'NONE', #9977 ) ;
#1864 =( BOUNDED_CURVE ( )  B_SPLINE_CURVE ( 3, ( #5906, #1245, #7780, #7719 ),
 .UNSPECIFIED., .F., .T. ) 
 B_SPLINE_CURVE_WITH_KNOTS ( ( 4, 4 ),
 ( 3.141592653589793116, 4.712388980384689674 ),
 .UNSPECIFIED. ) 
 CURVE ( )  GEOMETRIC_REPRESENTATION_ITEM ( )  RATIONAL_B_SPLINE_CURVE ( ( 1.000000000000000000, 0.8047378541243649375, 0.8047378541243649375, 1.000000000000000000 ) ) 
 REPRESENTATION_ITEM ( '' )  );
#1865 = ADVANCED_FACE ( 'NONE', ( #10821 ), #8172, .F. ) ;
#1866 = ADVANCED_FACE ( 'NONE', ( #1825 ), #5683, .F. ) ;
#1868 = VECTOR ( 'NONE', #3283, 1000.000000000000000 ) ;
#1867 = CIRCLE ( 'NONE', #9963, 4.349999999999999645 ) ;
#1869 = DIRECTION ( 'NONE',  ( 0.000000000000000000, 0.000000000000000000, 1.000000000000000000 ) ) ;
#1870 = VECTOR ( 'NONE', #9449, 1000.000000000000000 ) ;
#1871 = CARTESIAN_POINT ( 'NONE',  ( 0.000000000000000000, -13.00000000000000178, 0.000000000000000000 ) ) ;
#1872 = CYLINDRICAL_SURFACE ( 'NONE', #10090, 7.500000000000000000 ) ;
#1873 = DIRECTION ( 'NONE',  ( 0.000000000000000000, 1.000000000000000000, 0.000000000000000000 ) ) ;
#1874 = DIRECTION ( 'NONE',  ( 1.000000000000000000, 0.000000000000000000, 0.000000000000000000 ) ) ;
#1875 = CARTESIAN_POINT ( 'NONE',  ( 45.80000000000062244, -8.000000000000001776, 24.69999999999800622 ) ) ;
#1876 = ORIENTED_EDGE ( 'NONE', *, *, #9014, .F. ) ;
#1877 = ORIENTED_EDGE ( 'NONE', *, *, #10611, .F. ) ;
#1878 = ORIENTED_EDGE ( 'NONE', *, *, #4021, .F. ) ;
#1879 = ORIENTED_EDGE ( 'NONE', *, *, #6417, .F. ) ;
#1880 = CIRCLE ( 'NONE', #729, 1.100000000000000311 ) ;
#1881 = CARTESIAN_POINT ( 'NONE',  ( -41.99999999999820943, -5.000000000000000000, 27.09999999999917364 ) ) ;
#1882 = LINE ( 'NONE', #6299, #220 ) ;
#1883 = DIRECTION ( 'NONE',  ( -1.000000000000000000, 0.000000000000000000, 0.000000000000000000 ) ) ;
#1884 = CARTESIAN_POINT ( 'NONE',  ( -49.99999999999999289, 0.000000000000000000, 49.99999999999999289 ) ) ;
#1885 = DIRECTION ( 'NONE',  ( 1.000000000000000000, 0.000000000000000000, -8.953411488912536510E-15 ) ) ;
#1886 = DIRECTION ( 'NONE',  ( 0.000000000000000000, 0.000000000000000000, 1.000000000000000000 ) ) ;
#1887 = DIRECTION ( 'NONE',  ( 1.734723475976810250E-15, 0.000000000000000000, 1.000000000000000000 ) ) ;
#1888 = ORIENTED_EDGE ( 'NONE', *, *, #3835, .F. ) ;
#1889 = VERTEX_POINT ( 'NONE', #1650 ) ;
#1890 = ORIENTED_EDGE ( 'NONE', *, *, #10785, .T. ) ;
#1891 = ORIENTED_EDGE ( 'NONE', *, *, #9370, .F. ) ;
#1892 = CARTESIAN_POINT ( 'NONE',  ( 24.69999999999848228, -5.000000000000000000, 45.80000000000036664 ) ) ;
#1893 = DIRECTION ( 'NONE',  ( 0.000000000000000000, 0.000000000000000000, 1.000000000000000000 ) ) ;
#1894 = B_SPLINE_CURVE_WITH_KNOTS ( 'NONE', 3,
 ( #8996, #6343, #9837, #670, #7077, #725, #7985, #4475, #2542, #11761, #8095, #4298 ),
 .UNSPECIFIED., .F., .F.,
 ( 4, 2, 2, 2, 2, 4 ),
 ( 0.05057760283202328289, 0.2879332021240174622, 0.5252888014160116414, 0.7626444007080058762, 0.8813222003540028826, 0.9507710631279342461 ),
 .UNSPECIFIED. ) ;
#1895 = CARTESIAN_POINT ( 'NONE',  ( 42.00000000000044764, -1.000000000000001776, 41.49999999999939604 ) ) ;
#1896 = CARTESIAN_POINT ( 'NONE',  ( 30.09999999999983089, -8.000000000000001776, 45.80559804515301181 ) ) ;
#1897 = ADVANCED_FACE ( 'NONE', ( #745 ), #4432, .T. ) ;
#1898 = CARTESIAN_POINT ( 'NONE',  ( 40.00000000000000711, -15.00000000000000355, -47.15000000000001279 ) ) ;
#1899 = FACE_BOUND ( 'NONE', #3898, .T. ) ;
#1900 = CARTESIAN_POINT ( 'NONE',  ( -32.69680383784651667, -8.454555075640586281, 48.00000000000000000 ) ) ;
#1901 = EDGE_LOOP ( 'NONE', ( #10740, #10769 ) ) ;
#1902 = ORIENTED_EDGE ( 'NONE', *, *, #4792, .T. ) ;
#1903 = ORIENTED_EDGE ( 'NONE', *, *, #4306, .F. ) ;
#1904 = PLANE ( 'NONE',  #1478 ) ;
#1905 = VECTOR ( 'NONE', #10326, 1000.000000000000000 ) ;
#1906 = FACE_OUTER_BOUND ( 'NONE', #2814, .T. ) ;
#1907 = DIRECTION ( 'NONE',  ( 0.000000000000000000, 0.000000000000000000, 1.000000000000000000 ) ) ;
#1908 = CARTESIAN_POINT ( 'NONE',  ( -42.85857056076849858, -10.44035993757182368, -48.00000000000001421 ) ) ;
#1909 = ADVANCED_FACE ( 'NONE', ( #7744 ), #7808, .F. ) ;
#1910 = EDGE_CURVE ( 'NONE', #1301, #9105, #2111, .T. ) ;
#1911 = PLANE ( 'NONE',  #9699 ) ;
#1912 = LINE ( 'NONE', #6391, #9952 ) ;
#1913 = EDGE_CURVE ( 'NONE', #1594, #2017, #10772, .T. ) ;
#1914 = CARTESIAN_POINT ( 'NONE',  ( -35.89586187348503188, -5.000000000000001776, 42.00000000000000711 ) ) ;
#1915 = DIRECTION ( 'NONE',  ( 1.000000000000000000, -0.000000000000000000, 1.224646799147353207E-16 ) ) ;
#1916 = LINE ( 'NONE', #43, #5605 ) ;
#1917 = ORIENTED_EDGE ( 'NONE', *, *, #10352, .T. ) ;
#1918 = VERTEX_POINT ( 'NONE', #6780 ) ;
#1919 = EDGE_LOOP ( 'NONE', ( #8188, #8977 ) ) ;
#1920 = DIRECTION ( 'NONE',  ( 1.000000000000000000, -0.000000000000000000, -1.047444401652940007E-14 ) ) ;
#1921 = ORIENTED_EDGE ( 'NONE', *, *, #3698, .F. ) ;
#1922 = VECTOR ( 'NONE', #11827, 1000.000000000000000 ) ;
#1923 = DIRECTION ( 'NONE',  ( -1.000000000000000000, 0.000000000000000000, 0.000000000000000000 ) ) ;
#1924 = EDGE_CURVE ( 'NONE', #4528, #8297, #6844, .T. ) ;
#1925 = VECTOR ( 'NONE', #4225, 1000.000000000000000 ) ;
#1926 = DIRECTION ( 'NONE',  ( -0.000000000000000000, 1.000000000000000000, -0.000000000000000000 ) ) ;
#1927 = DIRECTION ( 'NONE',  ( 0.000000000000000000, -1.000000000000000000, 0.000000000000000000 ) ) ;
#1928 = DIRECTION ( 'NONE',  ( -0.000000000000000000, 1.000000000000000000, -0.000000000000000000 ) ) ;
#1929 = CARTESIAN_POINT ( 'NONE',  ( -45.80000000000062244, -8.000000000000001776, -23.14999999999800551 ) ) ;
#1930 = EDGE_CURVE ( 'NONE', #341, #5208, #11229, .T. ) ;
#1931 = DIRECTION ( 'NONE',  ( -0.000000000000000000, 1.000000000000000000, -0.000000000000000000 ) ) ;
#1932 = DIRECTION ( 'NONE',  ( -1.000000000000000000, 0.000000000000000000, 3.202566417187949253E-15 ) ) ;
#1933 = ORIENTED_EDGE ( 'NONE', *, *, #3129, .T. ) ;
#1934 = ORIENTED_EDGE ( 'NONE', *, *, #9936, .F. ) ;
#1935 = EDGE_LOOP ( 'NONE', ( #4033, #8295, #9109, #8465, #6065, #8325 ) ) ;
#1936 = ORIENTED_EDGE ( 'NONE', *, *, #6754, .F. ) ;
#1937 = VECTOR ( 'NONE', #9736, 1000.000000000000000 ) ;
#1938 = EDGE_CURVE ( 'NONE', #10943, #761, #8763, .T. ) ;
#1939 = EDGE_LOOP ( 'NONE', ( #5238, #5068, #6208, #5236 ) ) ;
#1940 = LINE ( 'NONE', #6478, #6710 ) ;
#1941 = ADVANCED_FACE ( 'NONE', ( #2062, #7565 ), #1270, .T. ) ;
#1942 = PLANE ( 'NONE',  #10235 ) ;
#1943 = CARTESIAN_POINT ( 'NONE',  ( -45.80000000000062244, -5.000000000000000000, -24.69999999999800622 ) ) ;
#1944 = EDGE_CURVE ( 'NONE', #9690, #709, #9623, .T. ) ;
#1945 = CARTESIAN_POINT ( 'NONE',  ( -27.09999999999983089, -0.1999999999999999833, -50.00000000000000711 ) ) ;
#1946 = DIRECTION ( 'NONE',  ( -0.6412935880555914459, 0.000000000000000000, 0.7672955974842978755 ) ) ;
#1947 = AXIS2_PLACEMENT_3D ( 'NONE', #11833, #2674, #2069 ) ;
#1948 = CYLINDRICAL_SURFACE ( 'NONE', #7941, 3.599999999999999201 ) ;
#1949 = CARTESIAN_POINT ( 'NONE',  ( 10.49999999999999822, -5.934120232893064006, -23.52272535724185332 ) ) ;
#1950 = AXIS2_PLACEMENT_3D ( 'NONE', #909, #3574, #1810 ) ;
#1951 = ORIENTED_EDGE ( 'NONE', *, *, #5939, .F. ) ;
#1952 = ORIENTED_EDGE ( 'NONE', *, *, #9430, .F. ) ;
#1953 = VERTEX_POINT ( 'NONE', #4001 ) ;
#1954 = EDGE_CURVE ( 'NONE', #3562, #1549, #5204, .T. ) ;
#1955 = FACE_BOUND ( 'NONE', #6505, .T. ) ;
#1956 = AXIS2_PLACEMENT_3D ( 'NONE', #8382, #1974, #5657 ) ;
#1957 = CIRCLE ( 'NONE', #2541, 1.550000000000002709 ) ;
#1958 = CARTESIAN_POINT ( 'NONE',  ( 38.09999999999983800, -3.199999999999999734, 43.50000000000001421 ) ) ;
#1959 = FACE_OUTER_BOUND ( 'NONE', #11670, .T. ) ;
#1960 = LINE ( 'NONE', #8183, #228 ) ;
#1961 = CYLINDRICAL_SURFACE ( 'NONE', #5089, 1.100000000000000311 ) ;
#1962 = CARTESIAN_POINT ( 'NONE',  ( 31.03349348001424346, -8.034987243837703019, -47.99999999999999289 ) ) ;
#1963 = FACE_OUTER_BOUND ( 'NONE', #5601, .T. ) ;
#1964 = DIRECTION ( 'NONE',  ( 1.000000000000000000, 0.000000000000000000, 0.000000000000000000 ) ) ;
#1965 = ORIENTED_EDGE ( 'NONE', *, *, #4675, .F. ) ;
#1966 = ORIENTED_EDGE ( 'NONE', *, *, #2060, .F. ) ;
#1967 = ORIENTED_EDGE ( 'NONE', *, *, #6270, .F. ) ;
#1968 = PLANE ( 'NONE',  #4707 ) ;
#1969 = CIRCLE ( 'NONE', #10258, 32.50000000000000000 ) ;
#1970 = CARTESIAN_POINT ( 'NONE',  ( 41.99999999999980105, -4.200000000000000178, -20.51918358845111001 ) ) ;
#1971 = EDGE_CURVE ( 'NONE', #9046, #3271, #365, .T. ) ;
#1972 = DIRECTION ( 'NONE',  ( 1.000000000000000000, -0.000000000000000000, -3.491481338843133355E-15 ) ) ;
#1973 = DIRECTION ( 'NONE',  ( -1.000000000000000000, -0.000000000000000000, 3.491481338843133355E-15 ) ) ;
#1974 = DIRECTION ( 'NONE',  ( -0.000000000000000000, -1.000000000000000000, -0.000000000000000000 ) ) ;
#1975 = CARTESIAN_POINT ( 'NONE',  ( 42.00000000000031974, -8.000000000000001776, 30.09999999999939035 ) ) ;
#1976 = CARTESIAN_POINT ( 'NONE',  ( 41.61945263315101329, -7.528469246791320124, 41.88054736684887303 ) ) ;
#1977 = AXIS2_PLACEMENT_3D ( 'NONE', #9896, #7135, #5431 ) ;
#1978 = DIRECTION ( 'NONE',  ( 1.000000000000000000, -0.000000000000000000, 0.000000000000000000 ) ) ;
#1979 = FACE_OUTER_BOUND ( 'NONE', #7891, .T. ) ;
#1980 = DIRECTION ( 'NONE',  ( 0.000000000000000000, 0.000000000000000000, -1.000000000000000000 ) ) ;
#1981 = ORIENTED_EDGE ( 'NONE', *, *, #11333, .F. ) ;
#1982 = ORIENTED_EDGE ( 'NONE', *, *, #9151, .F. ) ;
#1983 = EDGE_LOOP ( 'NONE', ( #4874, #7819 ) ) ;
#1984 = DIRECTION ( 'NONE',  ( 0.000000000000000000, 0.000000000000000000, 1.000000000000000000 ) ) ;
#1985 = EDGE_LOOP ( 'NONE', ( #499, #6136 ) ) ;
#1986 = ADVANCED_FACE ( 'NONE', ( #5934 ), #11466, .F. ) ;
#1987 = EDGE_CURVE ( 'NONE', #3627, #864, #11551, .T. ) ;
#1988 = AXIS2_PLACEMENT_3D ( 'NONE', #1004, #3856, #8503 ) ;
#1989 = FACE_OUTER_BOUND ( 'NONE', #7016, .T. ) ;
#1990 = TOROIDAL_SURFACE ( 'NONE', #8163, 0.3499999999999996447, 4.000000000000000000 ) ;
#1991 = DIRECTION ( 'NONE',  ( 0.000000000000000000, 0.000000000000000000, -1.000000000000000000 ) ) ;
#1992 = FACE_OUTER_BOUND ( 'NONE', #10271, .T. ) ;
#1993 = PLANE ( 'NONE',  #2729 ) ;
#1994 = CARTESIAN_POINT ( 'NONE',  ( 32.04999999999948557, -3.199999999999999289, -50.00000000000072475 ) ) ;
#1995 = CARTESIAN_POINT ( 'NONE',  ( 48.00000000000044054, -3.199999999999999289, 40.44999999999933493 ) ) ;
#1996 = CYLINDRICAL_SURFACE ( 'NONE', #2853, 1.550000000000002709 ) ;
#1997 = EDGE_LOOP ( 'NONE', ( #6924, #5840, #707, #2550 ) ) ;
#1998 = ORIENTED_EDGE ( 'NONE', *, *, #3112, .F. ) ;
#1999 = CIRCLE ( 'NONE', #3943, 2.349999999999997868 ) ;
#2000 = ORIENTED_EDGE ( 'NONE', *, *, #2109, .T. ) ;
#2001 = ORIENTED_EDGE ( 'NONE', *, *, #2291, .F. ) ;
#2002 = AXIS2_PLACEMENT_3D ( 'NONE', #8474, #196, #9433 ) ;
#2003 = ADVANCED_FACE ( 'NONE', ( #252 ), #1329, .F. ) ;
#2004 = VECTOR ( 'NONE', #9209, 1000.000000000000000 ) ;
#2005 = EDGE_CURVE ( 'NONE', #4263, #10478, #3942, .T. ) ;
#2006 = ORIENTED_EDGE ( 'NONE', *, *, #9285, .T. ) ;
#2007 = FACE_OUTER_BOUND ( 'NONE', #9800, .T. ) ;
#2008 = CARTESIAN_POINT ( 'NONE',  ( -27.09999999999983089, -1.000000000000000000, -42.00000000000000711 ) ) ;
#2009 = DIRECTION ( 'NONE',  ( -0.000000000000000000, 0.000000000000000000, 1.000000000000000000 ) ) ;
#2010 = AXIS2_PLACEMENT_3D ( 'NONE', #6909, #10575, #2424 ) ;
#2011 = CARTESIAN_POINT ( 'NONE',  ( -45.79999999999802185, -3.499999999999999556, 27.05000000000062599 ) ) ;
#2012 = CARTESIAN_POINT ( 'NONE',  ( -30.09999999999983089, -11.60000000000000320, 47.99828402504194713 ) ) ;
#2013 = DIRECTION ( 'NONE',  ( -0.000000000000000000, 1.000000000000000000, -0.000000000000000000 ) ) ;
#2014 = CARTESIAN_POINT ( 'NONE',  ( -41.99999999999987210, -8.491828593454270546, 40.82967550732944062 ) ) ;
#2015 = ADVANCED_FACE ( 'NONE', ( #6721, #8701, #10390 ), #4908, .T. ) ;
#2016 = ORIENTED_EDGE ( 'NONE', *, *, #5925, .F. ) ;
#2017 = VERTEX_POINT ( 'NONE', #4965 ) ;
#2018 = EDGE_LOOP ( 'NONE', ( #1563, #5253, #9511, #7566 ) ) ;
#2019 = EDGE_CURVE ( 'NONE', #9602, #9909, #3466, .T. ) ;
#2020 = DIRECTION ( 'NONE',  ( 0.000000000000000000, -0.000000000000000000, 1.000000000000000000 ) ) ;
#2021 = CARTESIAN_POINT ( 'NONE',  ( -48.99999999999999289, -1.000000000000000000, 48.99999999999999289 ) ) ;
#2022 = CARTESIAN_POINT ( 'NONE',  ( -30.09999999999983089, -8.000000000000001776, 47.99828402504194713 ) ) ;
#2023 = LINE ( 'NONE', #2144, #5630 ) ;
#2024 = LINE ( 'NONE', #932, #6801 ) ;
#2025 = DIRECTION ( 'NONE',  ( -1.000000000000000000, 0.000000000000000000, 0.000000000000000000 ) ) ;
#2026 = CARTESIAN_POINT ( 'NONE',  ( 47.99999999999968026, 1.000000000000000000, -31.30000000000033467 ) ) ;
#2027 = DIRECTION ( 'NONE',  ( 0.000000000000000000, 0.000000000000000000, 1.000000000000000000 ) ) ;
#2028 = EDGE_LOOP ( 'NONE', ( #6518, #748, #4382, #11831 ) ) ;
#2029 = VERTEX_POINT ( 'NONE', #5136 ) ;
#2030 = ORIENTED_EDGE ( 'NONE', *, *, #4151, .F. ) ;
#2031 = DIRECTION ( 'NONE',  ( 1.047444401652940007E-14, -0.000000000000000000, 1.000000000000000000 ) ) ;
#2032 = VECTOR ( 'NONE', #3507, 1000.000000000000000 ) ;
#2033 = DIRECTION ( 'NONE',  ( 0.000000000000000000, 0.000000000000000000, -1.000000000000000000 ) ) ;
#2034 = DIRECTION ( 'NONE',  ( -1.000000000000000000, -0.000000000000000000, 1.047444401652940007E-14 ) ) ;
#2035 = AXIS2_PLACEMENT_3D ( 'NONE', #2489, #2428, #2548 ) ;
#2036 = LINE ( 'NONE', #3068, #3758 ) ;
#2037 = CARTESIAN_POINT ( 'NONE',  ( -28.94999999999913243, -3.199999999999999289, 50.00000000000154188 ) ) ;
#2038 = CARTESIAN_POINT ( 'NONE',  ( -41.49999999999983658, -1.000000000000000000, 48.00000000000000711 ) ) ;
#2039 = CARTESIAN_POINT ( 'NONE',  ( 48.99999999999999289, 0.000000000000000000, -41.50000000000017764 ) ) ;
#2040 = DIRECTION ( 'NONE',  ( 0.000000000000000000, 0.000000000000000000, 1.000000000000000000 ) ) ;
#2041 = FACE_OUTER_BOUND ( 'NONE', #11595, .T. ) ;
#2042 = EDGE_LOOP ( 'NONE', ( #6926, #10882, #6309, #3199 ) ) ;
#2043 = ORIENTED_EDGE ( 'NONE', *, *, #7475, .F. ) ;
#2044 = AXIS2_PLACEMENT_3D ( 'NONE', #2841, #8998, #11763 ) ;
#2045 = AXIS2_PLACEMENT_3D ( 'NONE', #6234, #8523, #5614 ) ;
#2046 = ADVANCED_FACE ( 'NONE', ( #9720, #2358, #487 ), #4177, .T. ) ;
#2047 = CARTESIAN_POINT ( 'NONE',  ( -49.99999999999819522, -5.000000000000000000, -27.10000000000048104 ) ) ;
#2048 = ORIENTED_EDGE ( 'NONE', *, *, #10102, .F. ) ;
#2049 = DIRECTION ( 'NONE',  ( 0.000000000000000000, -1.000000000000000000, 0.000000000000000000 ) ) ;
#2050 = VECTOR ( 'NONE', #9210, 1000.000000000000000 ) ;
#2051 = AXIS2_PLACEMENT_3D ( 'NONE', #9713, #4899, #1437 ) ;
#2052 = DIRECTION ( 'NONE',  ( -1.396592535537253342E-14, -0.000000000000000000, -1.000000000000000000 ) ) ;
#2053 = DIRECTION ( 'NONE',  ( 1.000000000000000000, 0.000000000000000000, 0.000000000000000000 ) ) ;
#2054 = ADVANCED_FACE ( 'NONE', ( #1443 ), #6955, .T. ) ;
#2055 = LINE ( 'NONE', #8581, #9850 ) ;
#2056 = DIRECTION ( 'NONE',  ( -0.000000000000000000, 1.000000000000000000, -0.000000000000000000 ) ) ;
#2057 = CARTESIAN_POINT ( 'NONE',  ( 10.50000000000000178, -7.897918314707208509, 17.83617422982728584 ) ) ;
#2058 = CARTESIAN_POINT ( 'NONE',  ( -43.50000000000011369, -3.199999999999999289, -30.49999999999968381 ) ) ;
#2059 = ORIENTED_EDGE ( 'NONE', *, *, #9416, .F. ) ;
#2060 = EDGE_CURVE ( 'NONE', #6719, #2831, #3837, .T. ) ;
#2061 = ORIENTED_EDGE ( 'NONE', *, *, #1460, .T. ) ;
#2062 = FACE_BOUND ( 'NONE', #4279, .T. ) ;
#2063 = ORIENTED_EDGE ( 'NONE', *, *, #4268, .T. ) ;
#2064 = ORIENTED_EDGE ( 'NONE', *, *, #6707, .T. ) ;
#2065 = CIRCLE ( 'NONE', #7638, 32.50000000000000000 ) ;
#2066 = CIRCLE ( 'NONE', #520, 1.550000000000002709 ) ;
#2067 = CIRCLE ( 'NONE', #7673, 3.000000000000002665 ) ;
#2068 = LINE ( 'NONE', #6605, #8442 ) ;
#2069 = DIRECTION ( 'NONE',  ( -4.476705744456268255E-15, 0.000000000000000000, 1.000000000000000000 ) ) ;
#2070 = CARTESIAN_POINT ( 'NONE',  ( 27.09999999999983089, -0.1999999999999999833, -50.00000000000000711 ) ) ;
#2071 = VECTOR ( 'NONE', #9278, 1000.000000000000000 ) ;
#2072 = EDGE_CURVE ( 'NONE', #2684, #2504, #11118, .T. ) ;
#2073 = DIRECTION ( 'NONE',  ( -0.000000000000000000, 1.000000000000000000, -0.000000000000000000 ) ) ;
#2074 = LINE ( 'NONE', #11354, #5123 ) ;
#2075 = CARTESIAN_POINT ( 'NONE',  ( 40.00000000000000711, -15.00000000000000355, -40.45000000000001705 ) ) ;
#2076 = CARTESIAN_POINT ( 'NONE',  ( -31.29999999999983373, 1.000000000000000000, -49.00000000000000711 ) ) ;
#2077 = EDGE_CURVE ( 'NONE', #2673, #11194, #7513, .T. ) ;
#2078 = VERTEX_POINT ( 'NONE', #5694 ) ;
#2079 = EDGE_LOOP ( 'NONE', ( #896, #364, #10481, #11937, #8822, #9791, #9016, #9544, #6076, #5299, #5106, #7074, #1088, #10363 ) ) ;
#2080 = EDGE_LOOP ( 'NONE', ( #11875, #5666 ) ) ;
#2081 = DIRECTION ( 'NONE',  ( -3.491481338843133355E-15, 0.000000000000000000, -1.000000000000000000 ) ) ;
#2082 = DIRECTION ( 'NONE',  ( 0.000000000000000000, -1.000000000000000000, 0.000000000000000000 ) ) ;
#2083 = CARTESIAN_POINT ( 'NONE',  ( -29.77602469297735155, -7.984745457417123049, 47.03491580348026702 ) ) ;
#2084 = EDGE_CURVE ( 'NONE', #6969, #2684, #8484, .T. ) ;
#2085 = DIRECTION ( 'NONE',  ( 4.476705744456268255E-15, 0.000000000000000000, -1.000000000000000000 ) ) ;
#2086 = DIRECTION ( 'NONE',  ( 0.000000000000000000, -1.000000000000000000, 0.000000000000000000 ) ) ;
#2087 = AXIS2_PLACEMENT_3D ( 'NONE', #6717, #5805, #11165 ) ;
#2088 = ADVANCED_FACE ( 'NONE', ( #7396 ), #2332, .T. ) ;
#2089 = CARTESIAN_POINT ( 'NONE',  ( 50.00000000000000000, 0.5857864376269047435, 41.91421356237309226 ) ) ;
#2090 = ADVANCED_FACE ( 'NONE', ( #3770 ), #9374, .F. ) ;
#2091 = CARTESIAN_POINT ( 'NONE',  ( 41.49999999999915445, 3.236067977499856863, -50.00000000000015632 ) ) ;
#2092 = ORIENTED_EDGE ( 'NONE', *, *, #7708, .T. ) ;
#2093 = VERTEX_POINT ( 'NONE', #9309 ) ;
#2094 = ORIENTED_EDGE ( 'NONE', *, *, #5261, .T. ) ;
#2095 = CARTESIAN_POINT ( 'NONE',  ( -14.99999999999982236, -1.000000000000000000, 40.00000000000000000 ) ) ;
#2096 = FACE_OUTER_BOUND ( 'NONE', #1801, .T. ) ;
#2097 = CARTESIAN_POINT ( 'NONE',  ( 10.49999999999999822, -12.68592329483566772, -17.96860346054955926 ) ) ;
#2098 = CARTESIAN_POINT ( 'NONE',  ( -16.59999999999983444, -5.000000000000000000, 49.99999999999999289 ) ) ;
#2099 = ADVANCED_FACE ( 'NONE', ( #11904 ), #3647, .F. ) ;
#2100 = CARTESIAN_POINT ( 'NONE',  ( -36.19999999999999574, -8.000000000000001776, 42.89999999999999147 ) ) ;
#2101 = LINE ( 'NONE', #2038, #833 ) ;
#2102 = FACE_OUTER_BOUND ( 'NONE', #5490, .T. ) ;
#2103 = LINE ( 'NONE', #8506, #1289 ) ;
#2104 = CARTESIAN_POINT ( 'NONE',  ( 40.00000000000000711, -14.80000000000000071, -53.95000000000000995 ) ) ;
#2105 = ORIENTED_EDGE ( 'NONE', *, *, #6005, .F. ) ;
#2106 = ORIENTED_EDGE ( 'NONE', *, *, #3780, .F. ) ;
#2107 = DIRECTION ( 'NONE',  ( 1.000000000000000000, -0.000000000000000000, -3.491481338843133355E-15 ) ) ;
#2108 = ORIENTED_EDGE ( 'NONE', *, *, #5771, .F. ) ;
#2109 = EDGE_CURVE ( 'NONE', #3418, #9574, #2740, .T. ) ;
#2110 = CARTESIAN_POINT ( 'NONE',  ( 47.99999999999958078, -8.631984052024762377, -40.41273711434767080 ) ) ;
#2111 = CIRCLE ( 'NONE', #8085, 1.000000000000000888 ) ;
#2112 = DIRECTION ( 'NONE',  ( 1.000000000000000000, 0.000000000000000000, 0.000000000000000000 ) ) ;
#2113 = DIRECTION ( 'NONE',  ( 3.491481338843133355E-15, -0.000000000000000000, 1.000000000000000000 ) ) ;
#2114 = DIRECTION ( 'NONE',  ( -1.000000000000000000, 0.000000000000000000, 0.000000000000000000 ) ) ;
#2115 = LINE ( 'NONE', #9232, #116 ) ;
#2116 = CARTESIAN_POINT ( 'NONE',  ( 48.00000000000044764, 1.000000000000000000, 41.49999999999999289 ) ) ;
#2117 = LINE ( 'NONE', #10264, #11521 ) ;
#2118 = ORIENTED_EDGE ( 'NONE', *, *, #2670, .T. ) ;
#2119 = VERTEX_POINT ( 'NONE', #4739 ) ;
#2120 = DIRECTION ( 'NONE',  ( 0.000000000000000000, 0.000000000000000000, 1.000000000000000000 ) ) ;
#2121 = EDGE_LOOP ( 'NONE', ( #1042, #4593, #7205 ) ) ;
#2122 = CIRCLE ( 'NONE', #4940, 6.799999999999998046 ) ;
#2123 = VERTEX_POINT ( 'NONE', #3709 ) ;
#2124 = VECTOR ( 'NONE', #9211, 1000.000000000000000 ) ;
#2125 = LINE ( 'NONE', #9607, #5942 ) ;
#2126 = EDGE_CURVE ( 'NONE', #864, #7581, #6484, .T. ) ;
#2127 = CARTESIAN_POINT ( 'NONE',  ( 30.09999999999983089, -8.000000000000001776, 48.00000000000000711 ) ) ;
#2128 = CARTESIAN_POINT ( 'NONE',  ( -21.65063509461091584, -1.000000000000000000, -12.50000000000010481 ) ) ;
#2129 = CARTESIAN_POINT ( 'NONE',  ( 24.69999999999998863, -3.499999999999999556, -45.80000000000000426 ) ) ;
#2130 = DIRECTION ( 'NONE',  ( -1.301042606982607490E-15, -0.000000000000000000, -1.000000000000000000 ) ) ;
#2131 = CARTESIAN_POINT ( 'NONE',  ( -34.13759926931084721, -10.38479398497700856, -42.00000000000000000 ) ) ;
#2132 = DIRECTION ( 'NONE',  ( 0.000000000000000000, -1.000000000000000000, 0.000000000000000000 ) ) ;
#2133 = VECTOR ( 'NONE', #4311, 1000.000000000000000 ) ;
#2134 = ORIENTED_EDGE ( 'NONE', *, *, #6088, .T. ) ;
#2135 = EDGE_LOOP ( 'NONE', ( #9801, #11275, #842, #4924 ) ) ;
#2136 = EDGE_LOOP ( 'NONE', ( #3150, #2785, #8847, #8019 ) ) ;
#2137 = EDGE_CURVE ( 'NONE', #866, #561, #440, .T. ) ;
#2138 = AXIS2_PLACEMENT_3D ( 'NONE', #7365, #4708, #6396 ) ;
#2139 = FACE_BOUND ( 'NONE', #16, .T. ) ;
#2140 = AXIS2_PLACEMENT_3D ( 'NONE', #7751, #5689, #11350 ) ;
#2141 = CARTESIAN_POINT ( 'NONE',  ( 49.99999999999999289, 0.000000000000000000, -41.50000000000000711 ) ) ;
#2142 = CARTESIAN_POINT ( 'NONE',  ( -29.25607349337839835, -7.878981123241203477, 42.50681037211560920 ) ) ;
#2143 = VECTOR ( 'NONE', #6730, 1000.000000000000000 ) ;
#2144 = CARTESIAN_POINT ( 'NONE',  ( -31.29999999999983373, 1.000000000000000000, 48.00000000000000711 ) ) ;
#2145 = FACE_BOUND ( 'NONE', #8203, .T. ) ;
#2146 = DIRECTION ( 'NONE',  ( -1.000000000000000000, -0.000000000000000000, 3.491481338843133750E-15 ) ) ;
#2147 = FACE_BOUND ( 'NONE', #7714, .T. ) ;
#2148 = ORIENTED_EDGE ( 'NONE', *, *, #2789, .T. ) ;
#2149 = ORIENTED_EDGE ( 'NONE', *, *, #10715, .T. ) ;
#2150 = VERTEX_POINT ( 'NONE', #4978 ) ;
#2151 = ORIENTED_EDGE ( 'NONE', *, *, #8515, .F. ) ;
#2152 = AXIS2_PLACEMENT_3D ( 'NONE', #10380, #10501, #8752 ) ;
#2153 = EDGE_CURVE ( 'NONE', #4608, #10605, #2888, .T. ) ;
#2154 = CIRCLE ( 'NONE', #3313, 1.000000000000000888 ) ;
#2155 = CIRCLE ( 'NONE', #8210, 1.000000000000000888 ) ;
#2156 = CARTESIAN_POINT ( 'NONE',  ( -43.49999999999990763, -3.199999999999999289, -30.49999999999998579 ) ) ;
#2157 = CARTESIAN_POINT ( 'NONE',  ( -10.50000000000000178, -4.625684241367294725, 21.97993902474789607 ) ) ;
#2158 = CYLINDRICAL_SURFACE ( 'NONE', #8954, 7.500000000000000000 ) ;
#2159 = CARTESIAN_POINT ( 'NONE',  ( -2.050718927131704561, -4.445314226627601784, 22.03188578463802472 ) ) ;
#2160 = PLANE ( 'NONE',  #1988 ) ;
#2161 = CIRCLE ( 'NONE', #10453, 1.600000000000002531 ) ;
#2162 = AXIS2_PLACEMENT_3D ( 'NONE', #6073, #567, #9567 ) ;
#2163 = CARTESIAN_POINT ( 'NONE',  ( -42.00000000000011369, -8.000000000000001776, -30.09999999999968523 ) ) ;
#2164 = CARTESIAN_POINT ( 'NONE',  ( 40.00000000000000000, 1.000000000000000000, -7.500000000000000000 ) ) ;
#2165 = DIRECTION ( 'NONE',  ( 0.000000000000000000, 0.000000000000000000, -1.000000000000000000 ) ) ;
#2166 = ORIENTED_EDGE ( 'NONE', *, *, #7171, .F. ) ;
#2167 = VERTEX_POINT ( 'NONE', #11300 ) ;
#2168 = EDGE_CURVE ( 'NONE', #1953, #9676, #5982, .T. ) ;
#2169 = VECTOR ( 'NONE', #2928, 1000.000000000000000 ) ;
#2170 = DIRECTION ( 'NONE',  ( 1.000000000000000000, 0.000000000000000000, -1.047444401652939849E-14 ) ) ;
#2171 = ORIENTED_EDGE ( 'NONE', *, *, #10627, .F. ) ;
#2172 = ADVANCED_FACE ( 'NONE', ( #1225 ), #9437, .T. ) ;
#2173 = PLANE ( 'NONE',  #3480 ) ;
#2174 = CIRCLE ( 'NONE', #7779, 4.000000000000000000 ) ;
#2175 = DIRECTION ( 'NONE',  ( 0.000000000000000000, -1.000000000000000000, 0.000000000000000000 ) ) ;
#2176 = FACE_OUTER_BOUND ( 'NONE', #4714, .T. ) ;
#2177 = DIRECTION ( 'NONE',  ( 0.000000000000000000, 1.000000000000000000, 0.000000000000000000 ) ) ;
#2178 = DIRECTION ( 'NONE',  ( -0.000000000000000000, 1.000000000000000000, -0.000000000000000000 ) ) ;
#2179 = DIRECTION ( 'NONE',  ( 1.000000000000000000, 0.000000000000000000, -1.047444401652940007E-14 ) ) ;
#2180 = DIRECTION ( 'NONE',  ( 1.000000000000000000, -0.000000000000000000, -1.047444401652940007E-14 ) ) ;
#2181 = ORIENTED_EDGE ( 'NONE', *, *, #3692, .F. ) ;
#2182 = ORIENTED_EDGE ( 'NONE', *, *, #4499, .T. ) ;
#2183 = CARTESIAN_POINT ( 'NONE',  ( -40.00000000000000711, -15.00000000000000355, -42.80000000000001137 ) ) ;
#2184 = CARTESIAN_POINT ( 'NONE',  ( 33.37786839752389056, -7.435002167928476347, 42.00000000000000711 ) ) ;
#2185 = ORIENTED_EDGE ( 'NONE', *, *, #3851, .F. ) ;
#2186 = AXIS2_PLACEMENT_3D ( 'NONE', #1114, #10351, #6681 ) ;
#2187 = CARTESIAN_POINT ( 'NONE',  ( 29.72614385180519747, -7.976614113461312883, -42.00000000000000711 ) ) ;
#2188 = CARTESIAN_POINT ( 'NONE',  ( -30.49999999999924682, -3.199999999999999289, 42.00000000000000711 ) ) ;
#2189 = CARTESIAN_POINT ( 'NONE',  ( -49.99999999999991473, -0.1999999999999999833, 27.10000000000000497 ) ) ;
#2190 = PLANE ( 'NONE',  #8310 ) ;
#2191 = AXIS2_PLACEMENT_3D ( 'NONE', #10962, #6455, #4638 ) ;
#2192 = EDGE_CURVE ( 'NONE', #8323, #6938, #3662, .T. ) ;
#2193 = CARTESIAN_POINT ( 'NONE',  ( 1.417893179757641731, -4.593157886116144617, 25.76065476350725092 ) ) ;
#2194 = CARTESIAN_POINT ( 'NONE',  ( -10.50000000000000178, -2.409798737915546774, 27.16068097613500854 ) ) ;
#2195 = CARTESIAN_POINT ( 'NONE',  ( 47.99999999999953104, -1.000000000000000000, -48.00000000000034106 ) ) ;
#2196 = VECTOR ( 'NONE', #5652, 1000.000000000000000 ) ;
#2197 = ORIENTED_EDGE ( 'NONE', *, *, #11189, .F. ) ;
#2198 = ORIENTED_EDGE ( 'NONE', *, *, #1024, .F. ) ;
#2199 = ORIENTED_EDGE ( 'NONE', *, *, #7240, .F. ) ;
#2200 = EDGE_CURVE ( 'NONE', #6223, #5167, #10338, .T. ) ;
#2201 = CIRCLE ( 'NONE', #10299, 1.550000000000002709 ) ;
#2202 = PLANE ( 'NONE',  #5598 ) ;
#2203 = DIRECTION ( 'NONE',  ( -0.000000000000000000, 1.000000000000000000, -0.000000000000000000 ) ) ;
#2204 = DIRECTION ( 'NONE',  ( -1.000000000000000000, -0.000000000000000000, -3.491481338843133750E-15 ) ) ;
#2205 = DIRECTION ( 'NONE',  ( 0.000000000000000000, 0.000000000000000000, 1.000000000000000000 ) ) ;
#2206 = FACE_OUTER_BOUND ( 'NONE', #4190, .T. ) ;
#2207 = ADVANCED_FACE ( 'NONE', ( #9672 ), #4920, .F. ) ;
#2208 = LINE ( 'NONE', #8553, #141 ) ;
#2209 = CYLINDRICAL_SURFACE ( 'NONE', #8665, 24.99999999999999645 ) ;
#2210 = ORIENTED_EDGE ( 'NONE', *, *, #8108, .T. ) ;
#2211 = ORIENTED_EDGE ( 'NONE', *, *, #7692, .T. ) ;
#2212 = ORIENTED_EDGE ( 'NONE', *, *, #2221, .F. ) ;
#2213 = ORIENTED_EDGE ( 'NONE', *, *, #10624, .F. ) ;
#2214 = AXIS2_PLACEMENT_3D ( 'NONE', #8563, #283, #3976 ) ;
#2215 = EDGE_CURVE ( 'NONE', #9861, #6550, #7757, .T. ) ;
#2216 = ORIENTED_EDGE ( 'NONE', *, *, #11598, .F. ) ;
#2217 = CARTESIAN_POINT ( 'NONE',  ( 10.49999999999999822, -4.056623434382123250, -28.15148301392611785 ) ) ;
#2218 = CARTESIAN_POINT ( 'NONE',  ( -35.72419598204034230, -14.74252444900601944, -42.00000000000000711 ) ) ;
#2219 = CARTESIAN_POINT ( 'NONE',  ( 43.49999999999972289, -3.199999999999998845, -28.15000000000028635 ) ) ;
#2220 = CYLINDRICAL_SURFACE ( 'NONE', #11819, 1.549999999999999378 ) ;
#2221 = EDGE_CURVE ( 'NONE', #3272, #11548, #11158, .T. ) ;
#2222 = LINE ( 'NONE', #5790, #10897 ) ;
#2223 = FACE_BOUND ( 'NONE', #4864, .T. ) ;
#2224 = CARTESIAN_POINT ( 'NONE',  ( 41.99999999999961631, -12.37235810081499032, -38.44274652244400414 ) ) ;
#2225 = VERTEX_POINT ( 'NONE', #2195 ) ;
#2226 = VERTEX_POINT ( 'NONE', #5887 ) ;
#2227 = EDGE_CURVE ( 'NONE', #11390, #6149, #8656, .T. ) ;
#2228 = DIRECTION ( 'NONE',  ( 0.000000000000000000, -1.000000000000000000, 0.000000000000000000 ) ) ;
#2229 = ORIENTED_EDGE ( 'NONE', *, *, #10207, .T. ) ;
#2230 = DIRECTION ( 'NONE',  ( 0.000000000000000000, 8.673617379884027583E-16, -1.000000000000000000 ) ) ;
#2231 = UNCERTAINTY_MEASURE_WITH_UNIT (LENGTH_MEASURE( 1.000000000000000082E-05 ), #8089, 'distance_accuracy_value', 'NONE');
#2232 = LINE ( 'NONE', #6893, #1222 ) ;
#2234 = CARTESIAN_POINT ( 'NONE',  ( -41.49999999999947420, 7.750000000000000000, 50.00000000000044764 ) ) ;
#2233 = VECTOR ( 'NONE', #8101, 1000.000000000000000 ) ;
#2235 = ADVANCED_FACE ( 'NONE', ( #320 ), #4016, .F. ) ;
#2236 = CARTESIAN_POINT ( 'NONE',  ( -42.00000000000014921, -8.613840564547157186, -38.93703481765633256 ) ) ;
#2237 = CARTESIAN_POINT ( 'NONE',  ( -41.99999999999990763, -8.000000000000001776, 30.09999999999997655 ) ) ;
#2238 = AXIS2_PLACEMENT_3D ( 'NONE', #10442, #2175, #8637 ) ;
#2239 = CARTESIAN_POINT ( 'NONE',  ( 41.71315933949549049, -11.32724720995111589, 41.78684066050438162 ) ) ;
#2240 = ORIENTED_EDGE ( 'NONE', *, *, #9663, .T. ) ;
#2241 = ORIENTED_EDGE ( 'NONE', *, *, #5966, .F. ) ;
#2242 = EDGE_CURVE ( 'NONE', #7219, #341, #5762, .T. ) ;
#2243 = CARTESIAN_POINT ( 'NONE',  ( 30.49999999999983302, -3.199999999999999289, 48.00000000000000711 ) ) ;
#2244 = DIRECTION ( 'NONE',  ( -0.000000000000000000, 1.000000000000000000, -0.000000000000000000 ) ) ;
#2245 = ADVANCED_FACE ( 'NONE', ( #3102 ), #6794, .F. ) ;
#2246 = VERTEX_POINT ( 'NONE', #3162 ) ;
#2247 = AXIS2_PLACEMENT_3D ( 'NONE', #4039, #166, #9408 ) ;
#2248 = AXIS2_PLACEMENT_3D ( 'NONE', #6531, #246, #10198 ) ;
#2249 = PLANE ( 'NONE',  #7289 ) ;
#2250 = CARTESIAN_POINT ( 'NONE',  ( -43.49999999999987921, -3.199999999999999734, 38.09999999999998721 ) ) ;
#2251 = DIRECTION ( 'NONE',  ( 0.000000000000000000, 0.000000000000000000, 1.000000000000000000 ) ) ;
#2252 = CARTESIAN_POINT ( 'NONE',  ( -45.80000000000062244, -3.499999999999999556, -24.69999999999800622 ) ) ;
#2253 = LINE ( 'NONE', #11535, #11880 ) ;
#2254 = CYLINDRICAL_SURFACE ( 'NONE', #1755, 1.550000000000002709 ) ;
#2255 = DIRECTION ( 'NONE',  ( 1.035380933213193272E-16, -0.000000000000000000, 1.000000000000000000 ) ) ;
#2256 = AXIS2_PLACEMENT_3D ( 'NONE', #481, #10560, #1206 ) ;
#2257 = ORIENTED_EDGE ( 'NONE', *, *, #9900, .F. ) ;
#2258 = VERTEX_POINT ( 'NONE', #261 ) ;
#2259 = VERTEX_POINT ( 'NONE', #1340 ) ;
#2260 = AXIS2_PLACEMENT_3D ( 'NONE', #4689, #151, #10952 ) ;
#2261 = DIRECTION ( 'NONE',  ( 1.047444401652940007E-14, 0.000000000000000000, 1.000000000000000000 ) ) ;
#2262 = DIRECTION ( 'NONE',  ( 0.000000000000000000, -1.000000000000000000, 0.000000000000000000 ) ) ;
#2263 = FACE_OUTER_BOUND ( 'NONE', #1653, .T. ) ;
#2264 = DIRECTION ( 'NONE',  ( 1.000000000000000000, 0.000000000000000000, -1.387778780781445676E-16 ) ) ;
#2265 = DIRECTION ( 'NONE',  ( -1.000000000000000000, 0.000000000000000000, 0.000000000000000000 ) ) ;
#2266 = CARTESIAN_POINT ( 'NONE',  ( 50.00000000000000711, 0.000000000000000000, 42.49999999999999289 ) ) ;
#2267 = DIRECTION ( 'NONE',  ( 0.000000000000000000, -0.000000000000000000, -1.000000000000000000 ) ) ;
#2268 = VERTEX_POINT ( 'NONE', #3955 ) ;
#2269 = ORIENTED_EDGE ( 'NONE', *, *, #8590, .T. ) ;
#2270 = EDGE_LOOP ( 'NONE', ( #6137, #4394 ) ) ;
#2271 = ORIENTED_EDGE ( 'NONE', *, *, #9301, .T. ) ;
#2272 = VECTOR ( 'NONE', #4752, 1000.000000000000000 ) ;
#2273 = ORIENTED_EDGE ( 'NONE', *, *, #1166, .T. ) ;
#2274 = CARTESIAN_POINT ( 'NONE',  ( 45.80000000000062244, 1.000000000000000000, 24.69999999999800622 ) ) ;
#2275 = CARTESIAN_POINT ( 'NONE',  ( -10.49999999999999822, -10.39146660750796691, -23.05409675598137653 ) ) ;
#2276 = DIRECTION ( 'NONE',  ( 1.000000000000000000, 0.000000000000000000, 0.000000000000000000 ) ) ;
#2277 = CIRCLE ( 'NONE', #2087, 1.549999999999999378 ) ;
#2278 = EDGE_CURVE ( 'NONE', #855, #6548, #5033, .T. ) ;
#2279 = CARTESIAN_POINT ( 'NONE',  ( -40.44999999999983231, -3.199999999999999289, 48.00000000000000711 ) ) ;
#2280 = CARTESIAN_POINT ( 'NONE',  ( 10.49999999999999822, -4.733484000226487964, -24.43275772327778839 ) ) ;
#2281 = DIRECTION ( 'NONE',  ( 0.000000000000000000, 0.000000000000000000, -1.000000000000000000 ) ) ;
#2282 = CARTESIAN_POINT ( 'NONE',  ( 41.99999999999962341, -10.12979159672663165, -36.92853507134086755 ) ) ;
#2283 = ORIENTED_EDGE ( 'NONE', *, *, #2944, .F. ) ;
#2284 = EDGE_LOOP ( 'NONE', ( #4018, #8078, #1092, #636 ) ) ;
#2285 = ORIENTED_EDGE ( 'NONE', *, *, #2981, .T. ) ;
#2286 = DIRECTION ( 'NONE',  ( 0.000000000000000000, 1.000000000000000000, 0.000000000000000000 ) ) ;
#2287 = VERTEX_POINT ( 'NONE', #6914 ) ;
#2288 = EDGE_CURVE ( 'NONE', #11895, #2848, #9789, .T. ) ;
#2289 = EDGE_CURVE ( 'NONE', #6222, #11015, #6119, .T. ) ;
#2290 = CARTESIAN_POINT ( 'NONE',  ( -48.00000000000014211, -3.199999999999999734, -38.09999999999966747 ) ) ;
#2291 = EDGE_CURVE ( 'NONE', #9237, #8452, #7202, .T. ) ;
#2292 = CIRCLE ( 'NONE', #10580, 1.550000000000002709 ) ;
#2293 = CARTESIAN_POINT ( 'NONE',  ( 0.000000000000000000, 1.000000000000000000, 25.00000000000000000 ) ) ;
#2294 = DIRECTION ( 'NONE',  ( 1.000000000000000000, -0.000000000000000000, 1.035380933213193272E-16 ) ) ;
#2295 = CARTESIAN_POINT ( 'NONE',  ( -42.00000000000014921, -5.857334502916398122, -40.79552058053145203 ) ) ;
#2296 = PLANE ( 'NONE',  #8444 ) ;
#2297 = DIRECTION ( 'NONE',  ( 0.000000000000000000, 0.000000000000000000, 1.000000000000000000 ) ) ;
#2298 = ORIENTED_EDGE ( 'NONE', *, *, #10547, .F. ) ;
#2299 = ORIENTED_EDGE ( 'NONE', *, *, #5939, .T. ) ;
#2300 = DIRECTION ( 'NONE',  ( -1.000000000000000000, -0.000000000000000000, 3.491481338843133355E-15 ) ) ;
#2301 = CARTESIAN_POINT ( 'NONE',  ( 34.09395631181285324, -6.164045376551356981, 42.00000000000000711 ) ) ;
#2302 = ORIENTED_EDGE ( 'NONE', *, *, #5531, .F. ) ;
#2303 = VECTOR ( 'NONE', #6134, 1000.000000000000000 ) ;
#2304 = EDGE_CURVE ( 'NONE', #11769, #1493, #6967, .T. ) ;
#2305 = CARTESIAN_POINT ( 'NONE',  ( -45.80000000000062244, -3.499999999999999556, 23.14999999999800551 ) ) ;
#2306 = EDGE_CURVE ( 'NONE', #7531, #3272, #2122, .T. ) ;
#2307 = EDGE_CURVE ( 'NONE', #11780, #3404, #675, .T. ) ;
#2308 = CARTESIAN_POINT ( 'NONE',  ( -50.00000000000000711, 0.000000000000000000, -42.49999999999999289 ) ) ;
#2309 = DIRECTION ( 'NONE',  ( 1.000000000000000000, 0.000000000000000000, -4.476705744456278510E-15 ) ) ;
#2310 = CARTESIAN_POINT ( 'NONE',  ( 0.000000000000000000, -1.000000000000000000, 7.500000000000000000 ) ) ;
#2311 = CARTESIAN_POINT ( 'NONE',  ( 0.1387064126743577652, -7.341855279628481057, 23.40000000000000924 ) ) ;
#2312 = DIRECTION ( 'NONE',  ( 0.000000000000000000, 0.000000000000000000, 1.000000000000000000 ) ) ;
#2313 = VECTOR ( 'NONE', #137, 1000.000000000000000 ) ;
#2314 = VERTEX_POINT ( 'NONE', #10636 ) ;
#2315 = ORIENTED_EDGE ( 'NONE', *, *, #6232, .T. ) ;
#2316 = ADVANCED_FACE ( 'NONE', ( #3518 ), #498, .F. ) ;
#2317 = EDGE_CURVE ( 'NONE', #11842, #473, #6173, .T. ) ;
#2318 = ADVANCED_FACE ( 'NONE', ( #8047, #7026 ), #3284, .T. ) ;
#2319 = DIRECTION ( 'NONE',  ( 0.000000000000000000, -1.000000000000000000, -0.000000000000000000 ) ) ;
#2320 = LINE ( 'NONE', #385, #11614 ) ;
#2321 = FACE_OUTER_BOUND ( 'NONE', #8481, .T. ) ;
#2322 = CARTESIAN_POINT ( 'NONE',  ( -10.50000000000000178, -7.897918314707208509, 17.83617422982728584 ) ) ;
#2323 = AXIS2_PLACEMENT_3D ( 'NONE', #2703, #8440, #9153 ) ;
#2324 = CARTESIAN_POINT ( 'NONE',  ( -30.50000000000044054, -3.199999999999999289, -43.49999999999958789 ) ) ;
#2325 = DIRECTION ( 'NONE',  ( 0.000000000000000000, -1.000000000000000000, 0.000000000000000000 ) ) ;
#2326 = VERTEX_POINT ( 'NONE', #7084 ) ;
#2327 = VERTEX_POINT ( 'NONE', #10696 ) ;
#2328 = ORIENTED_EDGE ( 'NONE', *, *, #382, .T. ) ;
#2329 = ORIENTED_EDGE ( 'NONE', *, *, #2469, .T. ) ;
#2330 =( BOUNDED_CURVE ( )  B_SPLINE_CURVE ( 3, ( #4002, #7809, #3089, #9721 ),
 .UNSPECIFIED., .F., .F. ) 
 B_SPLINE_CURVE_WITH_KNOTS ( ( 4, 4 ),
 ( 1.570796326794896558, 3.141592653589793116 ),
 .UNSPECIFIED. ) 
 CURVE ( )  GEOMETRIC_REPRESENTATION_ITEM ( )  RATIONAL_B_SPLINE_CURVE ( ( 1.000000000000000000, 0.8047378541243649375, 0.8047378541243649375, 1.000000000000000000 ) ) 
 REPRESENTATION_ITEM ( '' )  );
#2331 = EDGE_LOOP ( 'NONE', ( #5177, #4406, #6204 ) ) ;
#2332 = B_SPLINE_SURFACE_WITH_KNOTS ( 'NONE', 1, 3, ( 
 ( #10030, #10094, #1105, #7277, #11178, #4674, #1824, #922, #8349, #76, #6614, #2860, #862, #10940 ),
 ( #6424, #8417, #2679, #6546, #1766, #11061, #10216, #1949, #5510, #2798, #9189, #4551, #10281, #8232 ) ),
 .UNSPECIFIED., .F., .F., .F.,
 ( 2, 2 ),
 ( 4, 2, 2, 2, 2, 2, 4 ),
 ( 0.000000000000000000, 1.000000000000000000 ),
 ( 0.000000000000000000, 0.05057760283202342860, 0.2879332021240175732, 0.5252888014160117525, 0.7626444007080058762, 0.8813222003540028826, 1.000000000000000000 ),
 .UNSPECIFIED. ) ;
#2333 = DIRECTION ( 'NONE',  ( -1.396592535537253342E-14, -0.000000000000000000, -1.000000000000000000 ) ) ;
#2334 = VECTOR ( 'NONE', #8414, 1000.000000000000000 ) ;
#2335 = CARTESIAN_POINT ( 'NONE',  ( 31.29999999999983373, 1.000000000000000000, -48.00000000000000711 ) ) ;
#2336 = DIRECTION ( 'NONE',  ( -0.000000000000000000, 1.000000000000000000, -0.000000000000000000 ) ) ;
#2337 = PLANE ( 'NONE',  #4670 ) ;
#2338 = FACE_OUTER_BOUND ( 'NONE', #5764, .T. ) ;
#2339 = FACE_BOUND ( 'NONE', #3505, .T. ) ;
#2340 = CIRCLE ( 'NONE', #9075, 2.349999999999997868 ) ;
#2341 = CARTESIAN_POINT ( 'NONE',  ( 41.49999999999950262, -1.000000000000000000, -48.00000000000029843 ) ) ;
#2342 = VERTEX_POINT ( 'NONE', #5268 ) ;
#2343 = VERTEX_POINT ( 'NONE', #6291 ) ;
#2344 = VERTEX_POINT ( 'NONE', #10868 ) ;
#2345 = CARTESIAN_POINT ( 'NONE',  ( 47.99999999999963762, -8.000000000000001776, -35.03324392039986890 ) ) ;
#2346 = VERTEX_POINT ( 'NONE', #5091 ) ;
#2347 = EDGE_CURVE ( 'NONE', #6969, #7591, #1577, .T. ) ;
#2348 = CARTESIAN_POINT ( 'NONE',  ( 21.49897948556864336, -4.000000000000000000, -50.00000000000000711 ) ) ;
#2349 = CIRCLE ( 'NONE', #8133, 1.550000000000002709 ) ;
#2350 = VECTOR ( 'NONE', #1410, 1000.000000000000000 ) ;
#2351 = CARTESIAN_POINT ( 'NONE',  ( 10.50000000000000178, -10.00000000000000178, -13.50000000000000000 ) ) ;
#2352 = FACE_OUTER_BOUND ( 'NONE', #3772, .T. ) ;
#2353 = CARTESIAN_POINT ( 'NONE',  ( 41.49999999999915445, 0.000000000000000000, -50.00000000000015632 ) ) ;
#2354 = DIRECTION ( 'NONE',  ( 0.000000000000000000, 1.000000000000000000, 0.000000000000000000 ) ) ;
#2355 = CARTESIAN_POINT ( 'NONE',  ( -49.99999999999999289, 0.000000000000000000, 49.99999999999999289 ) ) ;
#2356 = ORIENTED_EDGE ( 'NONE', *, *, #11745, .T. ) ;
#2357 = ORIENTED_EDGE ( 'NONE', *, *, #11566, .T. ) ;
#2358 = FACE_BOUND ( 'NONE', #3700, .T. ) ;
#2359 = CARTESIAN_POINT ( 'NONE',  ( 41.50000000000012790, -17.19238815542524534, 41.99999999999980105 ) ) ;
#2360 = VERTEX_POINT ( 'NONE', #3457 ) ;
#2361 = ADVANCED_FACE ( 'NONE', ( #10808 ), #11592, .F. ) ;
#2362 = AXIS2_PLACEMENT_3D ( 'NONE', #1521, #2497, #7148 ) ;
#2363 = AXIS2_PLACEMENT_3D ( 'NONE', #5829, #9381, #3959 ) ;
#2364 = PLANE ( 'NONE',  #8541 ) ;
#2365 = DIRECTION ( 'NONE',  ( -1.000000000000000000, -0.000000000000000000, -3.491481338843133750E-15 ) ) ;
#2366 = CARTESIAN_POINT ( 'NONE',  ( -49.00000000000000711, 1.000000000000000000, -41.49999999999965894 ) ) ;
#2367 = FACE_OUTER_BOUND ( 'NONE', #7106, .T. ) ;
#2368 = CARTESIAN_POINT ( 'NONE',  ( -35.68163290817727784, -14.73075416748544519, -42.22236162831780604 ) ) ;
#2369 = CARTESIAN_POINT ( 'NONE',  ( -42.00000000000007816, -4.200000000000000178, -20.51918358845357915 ) ) ;
#2370 = DIRECTION ( 'NONE',  ( 1.000000000000000000, -0.000000000000000000, -1.047444401652940007E-14 ) ) ;
#2371 = EDGE_CURVE ( 'NONE', #13, #5992, #3683, .T. ) ;
#2372 = VERTEX_POINT ( 'NONE', #5145 ) ;
#2373 = ORIENTED_EDGE ( 'NONE', *, *, #6216, .T. ) ;
#2374 = ADVANCED_FACE ( 'NONE', ( #8889 ), #4303, .T. ) ;
#2375 = B_SPLINE_CURVE_WITH_KNOTS ( 'NONE', 3,
 ( #9656, #545, #1561, #11463, #4231, #8760, #603, #10564, #9778, #4290 ),
 .UNSPECIFIED., .F., .F.,
 ( 4, 2, 2, 2, 4 ),
 ( 0.007285100695534471246, 0.008273732286159225444, 0.009262363876783977906, 0.01025099546740873210, 0.01123962705803348630 ),
 .UNSPECIFIED. ) ;
#2376 = ORIENTED_EDGE ( 'NONE', *, *, #10207, .F. ) ;
#2377 = AXIS2_PLACEMENT_3D ( 'NONE', #4270, #2461, #347 ) ;
#2378 = DIRECTION ( 'NONE',  ( 0.000000000000000000, 0.000000000000000000, 1.000000000000000000 ) ) ;
#2379 = DIRECTION ( 'NONE',  ( -3.491481338843133355E-15, 0.000000000000000000, -1.000000000000000000 ) ) ;
#2380 = EDGE_CURVE ( 'NONE', #9105, #3418, #3396, .T. ) ;
#2381 = AXIS2_PLACEMENT_3D ( 'NONE', #4867, #11186, #7647 ) ;
#2382 = LINE ( 'NONE', #9739, #5813 ) ;
#2383 = CARTESIAN_POINT ( 'NONE',  ( -31.29999999999983373, 1.000000000000000000, 48.00000000000000711 ) ) ;
#2384 = DIRECTION ( 'NONE',  ( 0.000000000000000000, 1.000000000000000000, 0.000000000000000000 ) ) ;
#2385 = EDGE_CURVE ( 'NONE', #4000, #9630, #4357, .T. ) ;
#2386 = FACE_OUTER_BOUND ( 'NONE', #44, .T. ) ;
#2387 = CIRCLE ( 'NONE', #9122, 1.549999999999999378 ) ;
#2388 = ORIENTED_EDGE ( 'NONE', *, *, #4228, .T. ) ;
#2389 = ORIENTED_EDGE ( 'NONE', *, *, #2153, .F. ) ;
#2390 = ORIENTED_EDGE ( 'NONE', *, *, #1477, .F. ) ;
#2391 = ORIENTED_EDGE ( 'NONE', *, *, #7158, .F. ) ;
#2392 = EDGE_CURVE ( 'NONE', #11319, #1527, #9289, .T. ) ;
#2393 = ORIENTED_EDGE ( 'NONE', *, *, #2755, .F. ) ;
#2394 = VECTOR ( 'NONE', #7345, 1000.000000000000000 ) ;
#2395 = VECTOR ( 'NONE', #1701, 1000.000000000000000 ) ;
#2396 = LINE ( 'NONE', #8067, #10906 ) ;
#2397 = DIRECTION ( 'NONE',  ( 1.000000000000000000, 0.000000000000000000, 0.000000000000000000 ) ) ;
#2398 = CARTESIAN_POINT ( 'NONE',  ( -38.09999999999914166, -3.199999999999999734, 50.00000000000167688 ) ) ;
#2399 = DIRECTION ( 'NONE',  ( 0.000000000000000000, 0.000000000000000000, -1.000000000000000000 ) ) ;
#2400 = FACE_OUTER_BOUND ( 'NONE', #8509, .T. ) ;
#2401 = CIRCLE ( 'NONE', #2586, 1.550000000000002709 ) ;
#2402 = DIRECTION ( 'NONE',  ( 0.000000000000000000, -1.000000000000000000, 0.000000000000000000 ) ) ;
#2403 = CARTESIAN_POINT ( 'NONE',  ( 45.80000000000062244, 1.000000000000000000, -24.70000000000199591 ) ) ;
#2404 = VERTEX_POINT ( 'NONE', #1262 ) ;
#2405 = VERTEX_POINT ( 'NONE', #9418 ) ;
#2406 = ORIENTED_EDGE ( 'NONE', *, *, #3834, .F. ) ;
#2407 = DIRECTION ( 'NONE',  ( -1.047444401652940007E-14, 0.000000000000000000, -1.000000000000000000 ) ) ;
#2408 = EDGE_LOOP ( 'NONE', ( #9510, #7234, #8322, #1318 ) ) ;
#2409 = CARTESIAN_POINT ( 'NONE',  ( -42.49999999999948841, 0.000000000000000000, 49.99999999999999289 ) ) ;
#2410 = DIRECTION ( 'NONE',  ( -1.000000000000000000, 0.000000000000000000, -0.000000000000000000 ) ) ;
#2411 = DIRECTION ( 'NONE',  ( -1.000000000000000000, 0.000000000000000000, 0.000000000000000000 ) ) ;
#2412 = EDGE_CURVE ( 'NONE', #7833, #3272, #3975, .T. ) ;
#2413 = CARTESIAN_POINT ( 'NONE',  ( -42.50000000000000711, 1.000000000000000000, -49.00000000000000711 ) ) ;
#2414 = VERTEX_POINT ( 'NONE', #3811 ) ;
#2415 = CARTESIAN_POINT ( 'NONE',  ( -35.19768257226427011, -9.286295298721281455, 48.00000000000000711 ) ) ;
#2416 = ORIENTED_EDGE ( 'NONE', *, *, #7548, .F. ) ;
#2417 = ORIENTED_EDGE ( 'NONE', *, *, #1954, .F. ) ;
#2418 = CYLINDRICAL_SURFACE ( 'NONE', #10885, 1.000000000000000888 ) ;
#2419 = ORIENTED_EDGE ( 'NONE', *, *, #8978, .F. ) ;
#2420 = DIRECTION ( 'NONE',  ( 0.000000000000000000, 0.000000000000000000, -1.000000000000000000 ) ) ;
#2421 = VECTOR ( 'NONE', #4492, 1000.000000000000000 ) ;
#2422 = CARTESIAN_POINT ( 'NONE',  ( -40.00000000000000711, -5.025393101198560863, -42.00000000000000711 ) ) ;
#2423 = VECTOR ( 'NONE', #1436, 1000.000000000000000 ) ;
#2424 = DIRECTION ( 'NONE',  ( 1.000000000000000000, 0.000000000000000000, 0.000000000000000000 ) ) ;
#2425 = ADVANCED_FACE ( 'NONE', ( #5674 ), #10381, .F. ) ;
#2426 = DIRECTION ( 'NONE',  ( -1.396592535537253342E-14, -0.000000000000000000, -1.000000000000000000 ) ) ;
#2427 = LINE ( 'NONE', #10577, #1868 ) ;
#2428 = DIRECTION ( 'NONE',  ( 0.000000000000000000, 1.000000000000000000, -0.000000000000000000 ) ) ;
#2429 = EDGE_LOOP ( 'NONE', ( #4336, #6687, #1150 ) ) ;
#2430 = ORIENTED_EDGE ( 'NONE', *, *, #7784, .F. ) ;
#2431 = CIRCLE ( 'NONE', #2247, 2.350000000000001421 ) ;
#2432 = VECTOR ( 'NONE', #8263, 1000.000000000000000 ) ;
#2433 = B_SPLINE_CURVE_WITH_KNOTS ( 'NONE', 3,
 ( #3069, #4943, #11267, #7785, #6934, #8565, #6028, #9697, #3010, #2159, #8621, #285, #6758, #5058, #8740, #3977, #3190, #402, #9521, #467, #4154, #9580, #3919, #346, #11383, #3130, #6821, #4097, #7842, #11500, #7049, #5290, #7956, #11556, #8072, #10775 ),
 .UNSPECIFIED., .F., .F.,
 ( 4, 2, 2, 2, 2, 2, 2, 2, 2, 2, 2, 2, 2, 2, 2, 2, 2, 4 ),
 ( 3.057511640807181272E-16, 0.001702506594264856189, 0.002553759891397132387, 0.003405013188529408368, 0.004256266485661684348, 0.005107519782793959462, 0.005958773079926234575, 0.006384399728492371265, 0.006810026377058507954, 0.007235653025624645511, 0.007661279674190783068, 0.008086906322756921492, 0.008512532971323058181, 0.008938159619889194871, 0.009363786268455331560, 0.01021503956558760494, 0.01191754615985215170, 0.01362005275411670019 ),
 .UNSPECIFIED. ) ;
#2434 = ORIENTED_EDGE ( 'NONE', *, *, #9633, .T. ) ;
#2435 = EDGE_CURVE ( 'NONE', #935, #2346, #11852, .T. ) ;
#2436 = EDGE_CURVE ( 'NONE', #5258, #10913, #7829, .T. ) ;
#2437 = DIRECTION ( 'NONE',  ( 1.000000000000000000, 0.000000000000000000, 0.000000000000000000 ) ) ;
#2438 = CARTESIAN_POINT ( 'NONE',  ( 41.00709289968784077, -5.103977269221058322, -42.00000000000000000 ) ) ;
#2439 = VECTOR ( 'NONE', #7534, 1000.000000000000000 ) ;
#2440 = CIRCLE ( 'NONE', #4181, 2.350000000000001421 ) ;
#2441 = EDGE_CURVE ( 'NONE', #6660, #5366, #10317, .T. ) ;
#2442 = CARTESIAN_POINT ( 'NONE',  ( 40.00000000000000711, -9.000000000000001776, -42.80000000000001137 ) ) ;
#2443 = LINE ( 'NONE', #7098, #3037 ) ;
#2444 = CARTESIAN_POINT ( 'NONE',  ( -10.49999999999999822, -10.00000000000000178, -12.40000000000000036 ) ) ;
#2445 = DIRECTION ( 'NONE',  ( 1.000000000000000000, 0.000000000000000000, 0.000000000000000000 ) ) ;
#2446 = ORIENTED_EDGE ( 'NONE', *, *, #2137, .F. ) ;
#2447 = ORIENTED_EDGE ( 'NONE', *, *, #3346, .T. ) ;
#2448 = ORIENTED_EDGE ( 'NONE', *, *, #9804, .F. ) ;
#2449 = VERTEX_POINT ( 'NONE', #1080 ) ;
#2450 = ORIENTED_EDGE ( 'NONE', *, *, #3363, .F. ) ;
#2452 = AXIS2_PLACEMENT_3D ( 'NONE', #3768, #8415, #198 ) ;
#2451 = VECTOR ( 'NONE', #10109, 1000.000000000000000 ) ;
#2453 = CARTESIAN_POINT ( 'NONE',  ( 33.22220298072582523, -11.13639371908536368, 42.00000000000000711 ) ) ;
#2454 = AXIS2_PLACEMENT_3D ( 'NONE', #7960, #3374, #11680 ) ;
#2455 = EDGE_CURVE ( 'NONE', #138, #8468, #8785, .T. ) ;
#2456 = LINE ( 'NONE', #699, #8871 ) ;
#2457 = FACE_OUTER_BOUND ( 'NONE', #5182, .T. ) ;
#2458 = EDGE_CURVE ( 'NONE', #5618, #9763, #368, .T. ) ;
#2459 = CARTESIAN_POINT ( 'NONE',  ( 50.00000000000000000, -4.200000000000000178, -20.51918358845111356 ) ) ;
#2460 = ADVANCED_FACE ( 'NONE', ( #4047 ), #4898, .F. ) ;
#2461 = DIRECTION ( 'NONE',  ( -0.000000000000000000, -0.000000000000000000, 1.000000000000000000 ) ) ;
#2462 = CARTESIAN_POINT ( 'NONE',  ( -31.62277660168379967, 1.000000000000000000, -7.500000000000022204 ) ) ;
#2463 = CARTESIAN_POINT ( 'NONE',  ( -45.80000000000062244, -3.499999999999999556, 26.24999999999800337 ) ) ;
#2464 = ORIENTED_EDGE ( 'NONE', *, *, #6818, .T. ) ;
#2465 = EDGE_LOOP ( 'NONE', ( #4176, #4052 ) ) ;
#2466 = EDGE_LOOP ( 'NONE', ( #5281, #7807, #3639, #62, #10880, #7655, #7401, #7865, #10883 ) ) ;
#2467 = CARTESIAN_POINT ( 'NONE',  ( 42.00000000000032685, -3.199999999999999289, 30.49999999999968736 ) ) ;
#2468 = EDGE_LOOP ( 'NONE', ( #6675, #4070, #10477, #11258 ) ) ;
#2469 = EDGE_CURVE ( 'NONE', #203, #7266, #1266, .T. ) ;
#2470 = AXIS2_PLACEMENT_3D ( 'NONE', #8584, #2180, #6596 ) ;
#2471 = EDGE_CURVE ( 'NONE', #13, #840, #357, .T. ) ;
#2472 = FACE_BOUND ( 'NONE', #1518, .T. ) ;
#2473 = CYLINDRICAL_SURFACE ( 'NONE', #3581, 1.100000000000000311 ) ;
#2474 = DIRECTION ( 'NONE',  ( -0.000000000000000000, 1.000000000000000000, -0.000000000000000000 ) ) ;
#2475 = CARTESIAN_POINT ( 'NONE',  ( -34.94738380067619232, -11.57474594400828494, -42.00000000000001421 ) ) ;
#2476 = CARTESIAN_POINT ( 'NONE',  ( 33.29498271885270100, -11.60000000000000675, 44.09265365190133679 ) ) ;
#2477 = DIRECTION ( 'NONE',  ( 0.000000000000000000, 1.000000000000000000, 0.000000000000000000 ) ) ;
#2478 = VERTEX_POINT ( 'NONE', #8579 ) ;
#2479 = CARTESIAN_POINT ( 'NONE',  ( 41.75794698263013061, -10.91811772185113760, 41.74205301736977702 ) ) ;
#2480 = EDGE_LOOP ( 'NONE', ( #10987, #6867 ) ) ;
#2481 = ORIENTED_EDGE ( 'NONE', *, *, #1860, .F. ) ;
#2482 = FACE_OUTER_BOUND ( 'NONE', #10378, .T. ) ;
#2483 = ORIENTED_EDGE ( 'NONE', *, *, #876, .F. ) ;
#2484 = DIRECTION ( 'NONE',  ( -1.000000000000000000, -0.000000000000000000, 5.176904666065966360E-16 ) ) ;
#2485 = CARTESIAN_POINT ( 'NONE',  ( -37.20188031894597458, -5.914854015380714536, -42.00000000000001421 ) ) ;
#2486 = CARTESIAN_POINT ( 'NONE',  ( 41.50000000000000000, 1.000000000000000000, 48.99999999999999289 ) ) ;
#2487 = CARTESIAN_POINT ( 'NONE',  ( -29.78051296196679942, -7.983068689015834885, -45.02486641039430992 ) ) ;
#2488 = CYLINDRICAL_SURFACE ( 'NONE', #9942, 24.99999999999999645 ) ;
#2489 = CARTESIAN_POINT ( 'NONE',  ( 48.00000000000033396, -0.1999999999999999833, 31.29999999999933635 ) ) ;
#2490 = ORIENTED_EDGE ( 'NONE', *, *, #7230, .T. ) ;
#2491 = ORIENTED_EDGE ( 'NONE', *, *, #9441, .F. ) ;
#2492 = EDGE_CURVE ( 'NONE', #1680, #203, #4775, .T. ) ;
#2493 = EDGE_CURVE ( 'NONE', #6941, #662, #7059, .T. ) ;
#2494 = ORIENTED_EDGE ( 'NONE', *, *, #7313, .T. ) ;
#2495 = DIRECTION ( 'NONE',  ( 1.000000000000000000, 0.000000000000000000, -8.953411488912536510E-15 ) ) ;
#2496 = FACE_OUTER_BOUND ( 'NONE', #3563, .T. ) ;
#2497 = DIRECTION ( 'NONE',  ( 0.000000000000000000, 0.000000000000000000, 1.000000000000000000 ) ) ;
#2498 = CARTESIAN_POINT ( 'NONE',  ( 42.00000000000041922, -3.199999999999999734, 39.64999999999969305 ) ) ;
#2499 = DIRECTION ( 'NONE',  ( 0.000000000000000000, 1.000000000000000000, 0.000000000000000000 ) ) ;
#2500 = DIRECTION ( 'NONE',  ( 0.000000000000000000, 1.000000000000000000, 0.000000000000000000 ) ) ;
#2501 = EDGE_LOOP ( 'NONE', ( #1595, #4648, #10955, #396 ) ) ;
#2502 = ORIENTED_EDGE ( 'NONE', *, *, #6570, .T. ) ;
#2503 = ORIENTED_EDGE ( 'NONE', *, *, #6895, .F. ) ;
#2504 = VERTEX_POINT ( 'NONE', #6837 ) ;
#2505 = ADVANCED_FACE ( 'NONE', ( #11337 ), #3079, .T. ) ;
#2506 = ORIENTED_EDGE ( 'NONE', *, *, #5443, .F. ) ;
#2507 = ADVANCED_FACE ( 'NONE', ( #7736 ), #5611, .F. ) ;
#2508 = CIRCLE ( 'NONE', #9821, 1.550000000000002709 ) ;
#2509 = CARTESIAN_POINT ( 'NONE',  ( 35.74999999999983658, -3.199999999999999289, 48.00000000000000711 ) ) ;
#2510 = LINE ( 'NONE', #11553, #4256 ) ;
#2511 = DIRECTION ( 'NONE',  ( 1.000000000000000000, -0.000000000000000000, -4.336808689942025625E-16 ) ) ;
#2512 = DIRECTION ( 'NONE',  ( -1.000000000000000000, 0.000000000000000000, 3.491481338843133355E-15 ) ) ;
#2513 = CARTESIAN_POINT ( 'NONE',  ( -43.49999999999987921, -3.199999999999999734, 38.09999999999998721 ) ) ;
#2514 = CYLINDRICAL_SURFACE ( 'NONE', #6311, 2.999999999999999112 ) ;
#2515 = CARTESIAN_POINT ( 'NONE',  ( 43.49999999999960920, -3.199999999999999734, -38.10000000000028564 ) ) ;
#2516 = VERTEX_POINT ( 'NONE', #11515 ) ;
#2517 = ORIENTED_EDGE ( 'NONE', *, *, #9310, .F. ) ;
#2518 = EDGE_CURVE ( 'NONE', #5670, #11390, #5071, .T. ) ;
#2519 = ORIENTED_EDGE ( 'NONE', *, *, #6297, .T. ) ;
#2520 = LINE ( 'NONE', #9817, #4133 ) ;
#2521 = CIRCLE ( 'NONE', #6384, 4.349999999999999645 ) ;
#2522 = EDGE_LOOP ( 'NONE', ( #9530, #3641, #7336, #2562 ) ) ;
#2523 = EDGE_CURVE ( 'NONE', #5889, #11404, #5246, .T. ) ;
#2524 = AXIS2_PLACEMENT_3D ( 'NONE', #9716, #6042, #1439 ) ;
#2525 = CARTESIAN_POINT ( 'NONE',  ( -41.91421356237259488, 0.5857864376269045215, 50.00000000000000000 ) ) ;
#2526 = VECTOR ( 'NONE', #10803, 1000.000000000000000 ) ;
#2527 = DIRECTION ( 'NONE',  ( 0.000000000000000000, 1.000000000000000000, 0.000000000000000000 ) ) ;
#2528 = DIRECTION ( 'NONE',  ( 0.000000000000000000, 0.000000000000000000, -1.000000000000000000 ) ) ;
#2529 = VECTOR ( 'NONE', #556, 1000.000000000000000 ) ;
#2530 = CARTESIAN_POINT ( 'NONE',  ( -30.13807859058076488, -8.028352205426184440, -42.00000000000000711 ) ) ;
#2531 = FACE_OUTER_BOUND ( 'NONE', #1316, .T. ) ;
#2532 = CARTESIAN_POINT ( 'NONE',  ( -27.09999999999983089, -0.1999999999999999833, -48.00000000000000711 ) ) ;
#2533 = ORIENTED_EDGE ( 'NONE', *, *, #3182, .F. ) ;
#2534 = EDGE_LOOP ( 'NONE', ( #3419, #9239, #4363, #11451, #11681, #2061 ) ) ;
#2536 = ORIENTED_EDGE ( 'NONE', *, *, #9792, .T. ) ;
#2535 = EDGE_CURVE ( 'NONE', #9572, #9734, #10735, .T. ) ;
#2537 = CARTESIAN_POINT ( 'NONE',  ( 47.99999999999971578, -3.199999999999998845, -28.15000000000033609 ) ) ;
#2538 = ORIENTED_EDGE ( 'NONE', *, *, #7092, .T. ) ;
#2539 = ADVANCED_FACE ( 'NONE', ( #418 ), #1322, .T. ) ;
#2540 = AXIS2_PLACEMENT_3D ( 'NONE', #7497, #7559, #2905 ) ;
#2541 = AXIS2_PLACEMENT_3D ( 'NONE', #9373, #7329, #11117 ) ;
#2542 = CARTESIAN_POINT ( 'NONE',  ( 10.49999999999999822, -3.245484173820934792, -28.47877583157827530 ) ) ;
#2543 = CYLINDRICAL_SURFACE ( 'NONE', #10038, 2.349999999999997868 ) ;
#2544 = CARTESIAN_POINT ( 'NONE',  ( -7.199102425302899050E-15, -1.000000000000000000, -16.59999999999800835 ) ) ;
#2545 = ADVANCED_FACE ( 'NONE', ( #540 ), #2473, .F. ) ;
#2546 = CARTESIAN_POINT ( 'NONE',  ( 16.60000000000232845, -1.000000000000000000, -1.439820485060954361E-14 ) ) ;
#2547 = PLANE ( 'NONE',  #6095 ) ;
#2548 = DIRECTION ( 'NONE',  ( 0.000000000000000000, 0.000000000000000000, 1.000000000000000000 ) ) ;
#2549 = CIRCLE ( 'NONE', #4090, 1.550000000000002709 ) ;
#2550 = ORIENTED_EDGE ( 'NONE', *, *, #6663, .F. ) ;
#2551 = ORIENTED_EDGE ( 'NONE', *, *, #6325, .T. ) ;
#2552 = CIRCLE ( 'NONE', #10063, 2.349999999999997868 ) ;
#2553 = EDGE_CURVE ( 'NONE', #3349, #9734, #4341, .T. ) ;
#2554 = ORIENTED_EDGE ( 'NONE', *, *, #3822, .T. ) ;
#2555 = DIRECTION ( 'NONE',  ( -1.000000000000000000, -0.000000000000000000, 1.047444401652940007E-14 ) ) ;
#2556 = DIRECTION ( 'NONE',  ( 1.387778780781445676E-16, 0.000000000000000000, 1.000000000000000000 ) ) ;
#2557 = CYLINDRICAL_SURFACE ( 'NONE', #3913, 2.349999999999997868 ) ;
#2558 = LINE ( 'NONE', #8958, #11090 ) ;
#2559 = DIRECTION ( 'NONE',  ( 0.000000000000000000, -1.000000000000000000, 0.000000000000000000 ) ) ;
#2560 = EDGE_CURVE ( 'NONE', #4117, #6869, #7252, .T. ) ;
#2561 = CARTESIAN_POINT ( 'NONE',  ( -49.99999999999999289, 1.000000000000000000, 49.99999999999999289 ) ) ;
#2562 = ORIENTED_EDGE ( 'NONE', *, *, #6236, .T. ) ;
#2563 = ORIENTED_EDGE ( 'NONE', *, *, #11202, .F. ) ;
#2564 = ORIENTED_EDGE ( 'NONE', *, *, #2523, .F. ) ;
#2565 = ORIENTED_EDGE ( 'NONE', *, *, #733, .F. ) ;
#2566 = VERTEX_POINT ( 'NONE', #7857 ) ;
#2567 = CARTESIAN_POINT ( 'NONE',  ( 30.49999999999948486, -3.199999999999999289, -50.00000000000071054 ) ) ;
#2568 = VECTOR ( 'NONE', #3599, 1000.000000000000000 ) ;
#2569 = CARTESIAN_POINT ( 'NONE',  ( 0.000000000000000000, -0.9999999999999985567, 27.78623788919601267 ) ) ;
#2570 = CARTESIAN_POINT ( 'NONE',  ( -50.00000000000000000, 0.5857864376269049655, 41.91421356237359674 ) ) ;
#2571 = EDGE_CURVE ( 'NONE', #1269, #10433, #9166, .T. ) ;
#2572 = CYLINDRICAL_SURFACE ( 'NONE', #5621, 32.50000000000000000 ) ;
#2573 = CARTESIAN_POINT ( 'NONE',  ( -36.19999999999999574, -9.000000000000001776, 42.89999999999999147 ) ) ;
#2574 = EDGE_CURVE ( 'NONE', #5371, #1028, #9652, .T. ) ;
#2575 = AXIS2_PLACEMENT_3D ( 'NONE', #469, #1310, #5912 ) ;
#2576 = DIRECTION ( 'NONE',  ( -0.000000000000000000, -0.000000000000000000, 1.000000000000000000 ) ) ;
#2577 = LINE ( 'NONE', #10110, #9588 ) ;
#2578 = EDGE_LOOP ( 'NONE', ( #6339, #10570, #1356, #10669, #6915, #7671, #6939, #5205 ) ) ;
#2579 = ORIENTED_EDGE ( 'NONE', *, *, #11734, .T. ) ;
#2580 = AXIS2_PLACEMENT_3D ( 'NONE', #6480, #4794, #6542 ) ;
#2581 = VERTEX_POINT ( 'NONE', #2351 ) ;
#2582 = LINE ( 'NONE', #8079, #6538 ) ;
#2583 = AXIS2_PLACEMENT_3D ( 'NONE', #938, #10234, #9268 ) ;
#2584 = CARTESIAN_POINT ( 'NONE',  ( -31.29999999999983373, -0.1999999999999999833, 50.00000000000000711 ) ) ;
#2585 = CARTESIAN_POINT ( 'NONE',  ( 0.000000000000000000, -10.00000000000000178, 0.000000000000000000 ) ) ;
#2586 = AXIS2_PLACEMENT_3D ( 'NONE', #8459, #181, #5740 ) ;
#2587 = ADVANCED_FACE ( 'NONE', ( #10678 ), #11633, .F. ) ;
#2588 = CARTESIAN_POINT ( 'NONE',  ( 42.00000000000066080, -5.000000000000000000, -21.49897948556438010 ) ) ;
#2589 = CARTESIAN_POINT ( 'NONE',  ( 41.49999999999983658, 1.000000000000000000, -48.00000000000000711 ) ) ;
#2590 = EDGE_CURVE ( 'NONE', #7159, #5733, #596, .T. ) ;
#2591 = CARTESIAN_POINT ( 'NONE',  ( -48.00000000000012790, -8.000000000000001776, -35.03324392040036628 ) ) ;
#2592 = CARTESIAN_POINT ( 'NONE',  ( -16.59999999999737241, -5.000000000000000000, -42.00000000000000711 ) ) ;
#2593 = CARTESIAN_POINT ( 'NONE',  ( 35.82524615617825248, -8.542310683128722104, -44.05263723240247487 ) ) ;
#2594 = ORIENTED_EDGE ( 'NONE', *, *, #6417, .T. ) ;
#2595 = DIRECTION ( 'NONE',  ( 1.000000000000000000, 0.000000000000000000, 0.000000000000000000 ) ) ;
#2596 = EDGE_LOOP ( 'NONE', ( #6335, #10011, #8372 ) ) ;
#2597 = ORIENTED_EDGE ( 'NONE', *, *, #9347, .F. ) ;
#2598 = CARTESIAN_POINT ( 'NONE',  ( 49.99999999999985079, 0.000000000000000000, -41.50000000000000711 ) ) ;
#2599 = ORIENTED_EDGE ( 'NONE', *, *, #2751, .T. ) ;
#2600 = CARTESIAN_POINT ( 'NONE',  ( -41.49999999999992184, -5.234697887287005358, -42.00000000000000711 ) ) ;
#2601 = ADVANCED_FACE ( 'NONE', ( #5128 ), #8812, .T. ) ;
#2602 = CARTESIAN_POINT ( 'NONE',  ( 21.65063509461108993, 1.000000000000000000, -12.49999999999980105 ) ) ;
#2603 = CARTESIAN_POINT ( 'NONE',  ( 33.45094339622631452, -11.60000000000000320, 44.48985553414032523 ) ) ;
#2604 = DIRECTION ( 'NONE',  ( 0.000000000000000000, -0.000000000000000000, -1.000000000000000000 ) ) ;
#2605 = EDGE_CURVE ( 'NONE', #10619, #7947, #6050, .T. ) ;
#2606 = PLANE ( 'NONE',  #7163 ) ;
#2607 = CARTESIAN_POINT ( 'NONE',  ( 41.99999999999967315, -8.000000000000001776, -31.83083868292561291 ) ) ;
#2608 = EDGE_CURVE ( 'NONE', #5532, #11376, #1378, .T. ) ;
#2609 = CARTESIAN_POINT ( 'NONE',  ( -50.00000000000000711, -1.000000000000000000, -50.00000000000000711 ) ) ;
#2610 = ORIENTED_EDGE ( 'NONE', *, *, #6729, .T. ) ;
#2611 = ORIENTED_EDGE ( 'NONE', *, *, #9506, .T. ) ;
#2612 = B_SPLINE_CURVE_WITH_KNOTS ( 'NONE', 3,
 ( #9198, #7285, #11126, #870, #2868, #11007, #2749, #8181, #9986, #10948, #11846, #4685, #3719, #817, #4622, #8362, #11789, #84, #6435, #1833, #7406, #2690, #11069, #4503 ),
 .UNSPECIFIED., .F., .F.,
 ( 4, 2, 2, 2, 2, 2, 2, 2, 2, 2, 2, 4 ),
 ( 3.358988089508314543E-18, 0.0004171134843850055648, 0.0008342269687700077686, 0.001668453937540011200, 0.002502680906310015066, 0.003336907875080018931, 0.004171134843850022797, 0.004588248328235023862, 0.005005361812620024928, 0.005839588781390027926, 0.006256702265775027257, 0.006673815750160026587 ),
 .UNSPECIFIED. ) ;
#2613 = AXIS2_PLACEMENT_3D ( 'NONE', #10971, #3449, #10799 ) ;
#2614 = VECTOR ( 'NONE', #8755, 1000.000000000000000 ) ;
#2615 = VERTEX_POINT ( 'NONE', #7801 ) ;
#2616 = ADVANCED_FACE ( 'NONE', ( #1553 ), #7061, .F. ) ;
#2617 = CARTESIAN_POINT ( 'NONE',  ( 36.80422069498658288, -6.279011070564772368, -42.00000000000000711 ) ) ;
#2618 = LINE ( 'NONE', #8055, #8360 ) ;
#2619 = CARTESIAN_POINT ( 'NONE',  ( 0.000000000000000000, 1.000000000000000000, 0.000000000000000000 ) ) ;
#2620 = CARTESIAN_POINT ( 'NONE',  ( -10.50000000000000178, -2.556720402629092614, 23.55077050715048159 ) ) ;
#2621 = LINE ( 'NONE', #8902, #417 ) ;
#2622 = AXIS2_PLACEMENT_3D ( 'NONE', #1798, #6333, #10004 ) ;
#2623 = DIRECTION ( 'NONE',  ( -0.000000000000000000, 1.000000000000000000, -0.000000000000000000 ) ) ;
#2624 = ORIENTED_EDGE ( 'NONE', *, *, #6944, .T. ) ;
#2625 = EDGE_LOOP ( 'NONE', ( #2450, #10006, #5512, #3299 ) ) ;
#2626 = ORIENTED_EDGE ( 'NONE', *, *, #4193, .F. ) ;
#2627 = ORIENTED_EDGE ( 'NONE', *, *, #10345, .T. ) ;
#2628 = FACE_OUTER_BOUND ( 'NONE', #10185, .T. ) ;
#2629 = AXIS2_PLACEMENT_3D ( 'NONE', #2820, #3666, #7355 ) ;
#2630 = CYLINDRICAL_SURFACE ( 'NONE', #4069, 2.349999999999997868 ) ;
#2631 = CARTESIAN_POINT ( 'NONE',  ( 40.00000000000000711, -9.000000000000001776, -42.80000000000001137 ) ) ;
#2632 = DIRECTION ( 'NONE',  ( -1.000000000000000000, 0.000000000000000000, 3.491481338843133355E-15 ) ) ;
#2633 = DIRECTION ( 'NONE',  ( -0.000000000000000000, 1.000000000000000000, -0.000000000000000000 ) ) ;
#2634 = CARTESIAN_POINT ( 'NONE',  ( -30.09999999999983089, -14.80000000000000071, -47.92957113217047294 ) ) ;
#2635 = CARTESIAN_POINT ( 'NONE',  ( -32.24505556032844567, -11.50434125313907607, 44.71877056212267831 ) ) ;
#2636 = VERTEX_POINT ( 'NONE', #655 ) ;
#2637 = EDGE_LOOP ( 'NONE', ( #4515, #264, #9560, #8730 ) ) ;
#2638 = AXIS2_PLACEMENT_3D ( 'NONE', #714, #770, #9100 ) ;
#2639 = ORIENTED_EDGE ( 'NONE', *, *, #3558, .T. ) ;
#2640 = DIRECTION ( 'NONE',  ( -1.000000000000000000, 0.000000000000000000, 0.000000000000000000 ) ) ;
#2641 = AXIS2_PLACEMENT_3D ( 'NONE', #7438, #5380, #121 ) ;
#2642 = DIRECTION ( 'NONE',  ( 1.000000000000000000, 0.000000000000000000, 0.000000000000000000 ) ) ;
#2643 = EDGE_CURVE ( 'NONE', #4875, #11095, #2232, .T. ) ;
#2644 = DIRECTION ( 'NONE',  ( 0.000000000000000000, 0.000000000000000000, 1.000000000000000000 ) ) ;
#2645 = CARTESIAN_POINT ( 'NONE',  ( -39.26717609745511339, -11.42206835250892105, -48.00000000000000000 ) ) ;
#2646 = AXIS2_PLACEMENT_3D ( 'NONE', #893, #1915, #8570 ) ;
#2647 = CARTESIAN_POINT ( 'NONE',  ( 50.00000000000093792, -3.199999999999999289, -30.49999999999965894 ) ) ;
#2648 = DIRECTION ( 'NONE',  ( 0.000000000000000000, 0.000000000000000000, 1.000000000000000000 ) ) ;
#2649 = DIRECTION ( 'NONE',  ( -1.000000000000000000, -0.000000000000000000, 3.491481338843133750E-15 ) ) ;
#2650 = LINE ( 'NONE', #10851, #11292 ) ;
#2651 = DIRECTION ( 'NONE',  ( 0.000000000000000000, 1.000000000000000000, 0.000000000000000000 ) ) ;
#2652 = ORIENTED_EDGE ( 'NONE', *, *, #1539, .F. ) ;
#2653 = VERTEX_POINT ( 'NONE', #38 ) ;
#2654 = VERTEX_POINT ( 'NONE', #10061 ) ;
#2655 = CARTESIAN_POINT ( 'NONE',  ( 30.09999999999983089, -5.000000000000002665, -48.00000000000000711 ) ) ;
#2656 = ORIENTED_EDGE ( 'NONE', *, *, #2670, .F. ) ;
#2657 = VECTOR ( 'NONE', #3725, 1000.000000000000000 ) ;
#2658 = EDGE_CURVE ( 'NONE', #7531, #2566, #644, .T. ) ;
#2659 = CIRCLE ( 'NONE', #9406, 1.550000000000002709 ) ;
#2660 = EDGE_CURVE ( 'NONE', #4980, #7101, #834, .T. ) ;
#2661 = DIRECTION ( 'NONE',  ( 0.000000000000000000, 1.000000000000000000, 0.000000000000000000 ) ) ;
#2662 = CARTESIAN_POINT ( 'NONE',  ( 10.50000000000000178, -13.00000000000000178, -12.40000000000000036 ) ) ;
#2663 = CARTESIAN_POINT ( 'NONE',  ( 30.09999999999983089, -8.000000000000001776, -42.00000000000000711 ) ) ;
#2664 = CARTESIAN_POINT ( 'NONE',  ( -24.69999999999816609, -5.000000000000000000, -45.80000000000054428 ) ) ;
#2665 = DIRECTION ( 'NONE',  ( -0.000000000000000000, -1.000000000000000000, -0.000000000000000000 ) ) ;
#2666 = DIRECTION ( 'NONE',  ( 0.000000000000000000, -0.000000000000000000, -1.000000000000000000 ) ) ;
#2667 = FACE_OUTER_BOUND ( 'NONE', #7762, .T. ) ;
#2668 = ORIENTED_EDGE ( 'NONE', *, *, #7028, .T. ) ;
#2669 = ORIENTED_EDGE ( 'NONE', *, *, #9592, .F. ) ;
#2670 = EDGE_CURVE ( 'NONE', #442, #6868, #11806, .T. ) ;
#2671 = ADVANCED_FACE ( 'NONE', ( #6390, #5361 ), #11026, .T. ) ;
#2672 = ADVANCED_FACE ( 'NONE', ( #8981, #769 ), #7302, .T. ) ;
#2673 = VERTEX_POINT ( 'NONE', #1794 ) ;
#2674 = DIRECTION ( 'NONE',  ( -1.000000000000000000, -0.000000000000000000, -3.491481338843133750E-15 ) ) ;
#2675 = CARTESIAN_POINT ( 'NONE',  ( -50.00000000000000711, -1.000000000000000000, -50.00000000000000711 ) ) ;
#2676 = DIRECTION ( 'NONE',  ( -1.000000000000000000, -0.000000000000000000, 1.047444401652940007E-14 ) ) ;
#2677 = CARTESIAN_POINT ( 'NONE',  ( -16.59999999999983444, -0.9999999999999986677, 42.00000000000000711 ) ) ;
#2678 = DIRECTION ( 'NONE',  ( -0.000000000000000000, -0.000000000000000000, 1.000000000000000000 ) ) ;
#2679 = CARTESIAN_POINT ( 'NONE',  ( 10.49999999999999822, -9.999999779675164291, -14.10626199665096081 ) ) ;
#2680 = EDGE_CURVE ( 'NONE', #3091, #8452, #2765, .T. ) ;
#2681 = CARTESIAN_POINT ( 'NONE',  ( -30.09999999999983089, -5.000000000000002665, 42.00000000000000711 ) ) ;
#2682 = ORIENTED_EDGE ( 'NONE', *, *, #10903, .T. ) ;
#2683 = ORIENTED_EDGE ( 'NONE', *, *, #11925, .F. ) ;
#2684 = VERTEX_POINT ( 'NONE', #5483 ) ;
#2685 = ORIENTED_EDGE ( 'NONE', *, *, #5710, .T. ) ;
#2686 = EDGE_CURVE ( 'NONE', #8219, #5736, #3159, .T. ) ;
#2687 = EDGE_CURVE ( 'NONE', #5806, #5235, #11619, .T. ) ;
#2688 = DIRECTION ( 'NONE',  ( -1.000000000000000000, 0.000000000000000000, 3.491481338843133355E-15 ) ) ;
#2689 = AXIS2_PLACEMENT_3D ( 'NONE', #8115, #3530, #2120 ) ;
#2690 = CARTESIAN_POINT ( 'NONE',  ( -0.2783416706979427446, -7.323813862035344791, 23.41862345809839141 ) ) ;
#2691 = CARTESIAN_POINT ( 'NONE',  ( 45.80000000000062244, -3.499999999999999556, 24.69999999999800622 ) ) ;
#2692 = DIRECTION ( 'NONE',  ( -1.000000000000000000, -0.000000000000000000, 3.491481338843133355E-15 ) ) ;
#2693 = CARTESIAN_POINT ( 'NONE',  ( 40.44999999999983231, -3.199999999999999734, 48.00000000000000711 ) ) ;
#2694 = CYLINDRICAL_SURFACE ( 'NONE', #11896, 4.349999999999999645 ) ;
#2695 = CARTESIAN_POINT ( 'NONE',  ( -21.49897948556618843, -5.000000000000000000, 50.00000000000000711 ) ) ;
#2696 = ORIENTED_EDGE ( 'NONE', *, *, #11394, .T. ) ;
#2697 = ORIENTED_EDGE ( 'NONE', *, *, #6671, .T. ) ;
#2698 = VECTOR ( 'NONE', #7689, 1000.000000000000000 ) ;
#2699 = EDGE_LOOP ( 'NONE', ( #5933, #8848, #154, #6778 ) ) ;
#2700 = CARTESIAN_POINT ( 'NONE',  ( 31.29999999999983373, -0.2000000000000000944, 49.99999999999999289 ) ) ;
#2701 = VECTOR ( 'NONE', #1435, 1000.000000000000000 ) ;
#2702 = FACE_OUTER_BOUND ( 'NONE', #3169, .T. ) ;
#2703 = CARTESIAN_POINT ( 'NONE',  ( 43.49999999999969447, -3.199999999999999289, -30.50000000000028777 ) ) ;
#2704 = CARTESIAN_POINT ( 'NONE',  ( -46.43428542583921370, -8.613499769841219234, -48.00000000000000711 ) ) ;
#2705 = CARTESIAN_POINT ( 'NONE',  ( 49.99999999999999289, -1.000000000000000000, -42.50000000000017764 ) ) ;
#2706 = CARTESIAN_POINT ( 'NONE',  ( -36.19999999999999574, -15.00000000000000355, 42.89999999999999147 ) ) ;
#2707 = CARTESIAN_POINT ( 'NONE',  ( -48.00000000000017053, -8.532896400385054037, -45.84542530519794923 ) ) ;
#2708 = CARTESIAN_POINT ( 'NONE',  ( 33.20010851092394688, -11.58437527722802685, 43.68295769967898678 ) ) ;
#2709 = PLANE ( 'NONE',  #7347 ) ;
#2710 = ORIENTED_EDGE ( 'NONE', *, *, #1938, .F. ) ;
#2711 = VERTEX_POINT ( 'NONE', #3618 ) ;
#2712 = EDGE_CURVE ( 'NONE', #963, #2940, #10000, .T. ) ;
#2713 = ORIENTED_EDGE ( 'NONE', *, *, #9620, .F. ) ;
#2714 = CARTESIAN_POINT ( 'NONE',  ( -30.49999999999983302, -3.199999999999999289, -43.50000000000001421 ) ) ;
#2715 = ORIENTED_EDGE ( 'NONE', *, *, #11264, .F. ) ;
#2716 = CIRCLE ( 'NONE', #8121, 1.000000000000000888 ) ;
#2717 = DIRECTION ( 'NONE',  ( -0.000000000000000000, 1.000000000000000000, -0.000000000000000000 ) ) ;
#2718 = TOROIDAL_SURFACE ( 'NONE', #238, 0.3499999999999996447, 4.000000000000000000 ) ;
#2719 = LINE ( 'NONE', #6528, #9563 ) ;
#2720 = LINE ( 'NONE', #10076, #11447 ) ;
#2721 = EDGE_CURVE ( 'NONE', #11638, #1401, #4310, .T. ) ;
#2722 = CARTESIAN_POINT ( 'NONE',  ( -21.65063509461091584, -1.000000000000000000, -12.50000000000010481 ) ) ;
#2723 = CARTESIAN_POINT ( 'NONE',  ( 48.00000000000017764, -1.000000000000000000, 47.99999999999969447 ) ) ;
#2724 = LINE ( 'NONE', #11947, #6702 ) ;
#2725 = EDGE_CURVE ( 'NONE', #10268, #5285, #887, .T. ) ;
#2726 = VECTOR ( 'NONE', #2917, 1000.000000000000000 ) ;
#2727 = ORIENTED_EDGE ( 'NONE', *, *, #10627, .T. ) ;
#2728 = ORIENTED_EDGE ( 'NONE', *, *, #9976, .T. ) ;
#2729 = AXIS2_PLACEMENT_3D ( 'NONE', #119, #4720, #182 ) ;
#2730 = AXIS2_PLACEMENT_3D ( 'NONE', #1590, #861, #4316 ) ;
#2731 = ORIENTED_EDGE ( 'NONE', *, *, #8660, .T. ) ;
#2732 = CARTESIAN_POINT ( 'NONE',  ( 36.61999824801456782, -6.486312626486428812, -42.00000000000001421 ) ) ;
#2733 = DIRECTION ( 'NONE',  ( -1.000000000000000000, 0.000000000000000000, 0.000000000000000000 ) ) ;
#2734 = EDGE_CURVE ( 'NONE', #11109, #113, #445, .T. ) ;
#2735 = CIRCLE ( 'NONE', #1761, 2.349999999999997868 ) ;
#2736 = CARTESIAN_POINT ( 'NONE',  ( -49.99999999999820943, -5.000000000000000000, 21.49897948556554539 ) ) ;
#2737 = AXIS2_PLACEMENT_3D ( 'NONE', #1053, #11255, #6624 ) ;
#2738 = LINE ( 'NONE', #9187, #7272 ) ;
#2739 = DIRECTION ( 'NONE',  ( -1.181088324069316513E-14, 0.000000000000000000, -1.000000000000000000 ) ) ;
#2740 = LINE ( 'NONE', #10994, #11939 ) ;
#2741 = ADVANCED_FACE ( 'NONE', ( #9881 ), #5302, .F. ) ;
#2742 = CARTESIAN_POINT ( 'NONE',  ( 39.67303290117113335, -5.279912505749615015, 42.00000000000002132 ) ) ;
#2743 = CARTESIAN_POINT ( 'NONE',  ( 42.00000000000038369, -8.000000000000001776, 36.34618431751421497 ) ) ;
#2744 = VERTEX_POINT ( 'NONE', #5539 ) ;
#2745 = ORIENTED_EDGE ( 'NONE', *, *, #7230, .F. ) ;
#2746 = ORIENTED_EDGE ( 'NONE', *, *, #9967, .T. ) ;
#2747 = CARTESIAN_POINT ( 'NONE',  ( 24.69999999999998863, 1.000000000000000000, -45.80000000000000426 ) ) ;
#2748 = VECTOR ( 'NONE', #6052, 1000.000000000000000 ) ;
#2749 = CARTESIAN_POINT ( 'NONE',  ( -1.087525171067903473, -3.963288279363335942, 26.18776022622319744 ) ) ;
#2750 = LINE ( 'NONE', #6496, #2568 ) ;
#2751 = EDGE_CURVE ( 'NONE', #11247, #8807, #1026, .T. ) ;
#2752 = CARTESIAN_POINT ( 'NONE',  ( -37.48375964308337416, -5.049925483956402061, 42.00000000000000000 ) ) ;
#2753 = DIRECTION ( 'NONE',  ( 1.000000000000000000, 0.000000000000000000, -1.047444401652940007E-14 ) ) ;
#2754 = CYLINDRICAL_SURFACE ( 'NONE', #3628, 2.349999999999997868 ) ;
#2755 = EDGE_CURVE ( 'NONE', #6460, #6811, #7798, .T. ) ;
#2756 = CARTESIAN_POINT ( 'NONE',  ( -29.28332403250374227, -7.887324260555423905, 41.80128979975546599 ) ) ;
#2757 = ORIENTED_EDGE ( 'NONE', *, *, #1778, .T. ) ;
#2758 = EDGE_LOOP ( 'NONE', ( #10327, #4556, #8008, #2328 ) ) ;
#2759 = ORIENTED_EDGE ( 'NONE', *, *, #10192, .F. ) ;
#2760 = CARTESIAN_POINT ( 'NONE',  ( 42.00000000000032685, -3.199999999999999289, 30.49999999999968736 ) ) ;
#2761 = CIRCLE ( 'NONE', #3345, 1.000000000000000888 ) ;
#2762 = CARTESIAN_POINT ( 'NONE',  ( 33.14500418240481139, -8.269285698713007449, 42.81932402232658319 ) ) ;
#2763 = CYLINDRICAL_SURFACE ( 'NONE', #5207, 1.550000000000002709 ) ;
#2764 = DIRECTION ( 'NONE',  ( -1.000000000000000000, 0.000000000000000000, 3.491481338843133355E-15 ) ) ;
#2765 = CIRCLE ( 'NONE', #2191, 2.349999999999997868 ) ;
#2766 = CARTESIAN_POINT ( 'NONE',  ( -30.49999999999983302, -3.199999999999999289, -43.50000000000001421 ) ) ;
#2767 = DIRECTION ( 'NONE',  ( 0.000000000000000000, 1.000000000000000000, 0.000000000000000000 ) ) ;
#2768 = CIRCLE ( 'NONE', #9516, 4.349999999999999645 ) ;
#2769 = LINE ( 'NONE', #10908, #4858 ) ;
#2770 = CARTESIAN_POINT ( 'NONE',  ( 31.29999999999983373, 1.000000000000000000, 48.99999999999999289 ) ) ;
#2771 = CARTESIAN_POINT ( 'NONE',  ( 29.93919315816891924, -7.996248270618556475, -46.80201196045869949 ) ) ;
#2772 = ORIENTED_EDGE ( 'NONE', *, *, #5462, .T. ) ;
#2773 = VERTEX_POINT ( 'NONE', #2588 ) ;
#2774 = VERTEX_POINT ( 'NONE', #6271 ) ;
#2775 = LINE ( 'NONE', #10129, #1804 ) ;
#2776 = AXIS2_PLACEMENT_3D ( 'NONE', #236, #6522, #9345 ) ;
#2777 = ORIENTED_EDGE ( 'NONE', *, *, #730, .F. ) ;
#2778 = AXIS2_PLACEMENT_3D ( 'NONE', #9698, #11557, #8855 ) ;
#2779 = CARTESIAN_POINT ( 'NONE',  ( -41.50000000000000711, 7.750000000000000000, -49.99999999999999289 ) ) ;
#2780 = CARTESIAN_POINT ( 'NONE',  ( -31.62277660168379256, 1.000000000000000000, 7.499999999999999112 ) ) ;
#2781 = CARTESIAN_POINT ( 'NONE',  ( -41.65510208716991514, -8.900322867202804744, 41.84489791282994986 ) ) ;
#2782 = DIRECTION ( 'NONE',  ( 1.595148023886719315E-15, 0.000000000000000000, 1.000000000000000000 ) ) ;
#2783 = LINE ( 'NONE', #2906, #8983 ) ;
#2784 = PLANE ( 'NONE',  #5730 ) ;
#2785 = ORIENTED_EDGE ( 'NONE', *, *, #5493, .T. ) ;
#2786 = VECTOR ( 'NONE', #7721, 1000.000000000000000 ) ;
#2787 = ORIENTED_EDGE ( 'NONE', *, *, #2605, .F. ) ;
#2788 = VERTEX_POINT ( 'NONE', #1731 ) ;
#2789 = EDGE_CURVE ( 'NONE', #9572, #2925, #9099, .T. ) ;
#2790 = VERTEX_POINT ( 'NONE', #3011 ) ;
#2791 = LINE ( 'NONE', #1819, #6910 ) ;
#2792 = ADVANCED_FACE ( 'NONE', ( #9336 ), #11268, .F. ) ;
#2793 = CYLINDRICAL_SURFACE ( 'NONE', #10431, 1.550000000000002709 ) ;
#2794 = DIRECTION ( 'NONE',  ( 0.000000000000000000, 0.000000000000000000, 1.000000000000000000 ) ) ;
#2795 = CARTESIAN_POINT ( 'NONE',  ( -40.00000000000000711, -9.000000000000001776, -42.80000000000001137 ) ) ;
#2796 = DIRECTION ( 'NONE',  ( 0.000000000000000000, -1.000000000000000000, 0.000000000000000000 ) ) ;
#2797 = DIRECTION ( 'NONE',  ( -0.000000000000000000, 1.000000000000000000, -0.000000000000000000 ) ) ;
#2798 = CARTESIAN_POINT ( 'NONE',  ( 10.49999999999999822, -2.847815992327985324, -25.39989526778400020 ) ) ;
#2799 = ORIENTED_EDGE ( 'NONE', *, *, #3721, .T. ) ;
#2800 = ORIENTED_EDGE ( 'NONE', *, *, #7997, .F. ) ;
#2801 = VERTEX_POINT ( 'NONE', #7480 ) ;
#2802 = ORIENTED_EDGE ( 'NONE', *, *, #3549, .T. ) ;
#2803 = ADVANCED_FACE ( 'NONE', ( #8445 ), #5594, .T. ) ;
#2804 = EDGE_CURVE ( 'NONE', #2404, #2653, #2101, .T. ) ;
#2805 = CARTESIAN_POINT ( 'NONE',  ( -48.99999999999999289, 1.000000000000000000, 41.50000000000051870 ) ) ;
#2806 = CARTESIAN_POINT ( 'NONE',  ( -10.49999999999999822, -0.9999999964086860871, -29.09391434178491309 ) ) ;
#2807 = AXIS2_PLACEMENT_3D ( 'NONE', #674, #6348, #11766 ) ;
#2808 = LINE ( 'NONE', #929, #51 ) ;
#2809 = DIRECTION ( 'NONE',  ( 1.000000000000000000, 0.000000000000000000, 0.000000000000000000 ) ) ;
#2810 = LINE ( 'NONE', #7465, #4284 ) ;
#2811 = AXIS2_PLACEMENT_3D ( 'NONE', #6235, #7140, #9962 ) ;
#2812 = CARTESIAN_POINT ( 'NONE',  ( -31.29999999999983373, 0.000000000000000000, 48.99999999999999289 ) ) ;
#2813 = CARTESIAN_POINT ( 'NONE',  ( -31.90644066291678627, -11.36475474559715870, 43.61762086668048255 ) ) ;
#2814 = EDGE_LOOP ( 'NONE', ( #11453, #8093, #2503, #10021 ) ) ;
#2815 = ORIENTED_EDGE ( 'NONE', *, *, #9028, .F. ) ;
#2816 = ORIENTED_EDGE ( 'NONE', *, *, #720, .T. ) ;
#2817 = DIRECTION ( 'NONE',  ( 0.000000000000000000, 1.000000000000000000, 0.000000000000000000 ) ) ;
#2818 = TOROIDAL_SURFACE ( 'NONE', #1275, 11.15000000000000036, 6.799999999999999822 ) ;
#2819 = ADVANCED_FACE ( 'NONE', ( #164, #3737 ), #2160, .T. ) ;
#2820 = CARTESIAN_POINT ( 'NONE',  ( 49.99999999999999289, 1.000000000000000000, -50.00000000000000711 ) ) ;
#2821 = EDGE_CURVE ( 'NONE', #8251, #10523, #3978, .T. ) ;
#2822 = CARTESIAN_POINT ( 'NONE',  ( 0.000000000000000000, -13.00000000000000178, 0.000000000000000000 ) ) ;
#2823 = CARTESIAN_POINT ( 'NONE',  ( -38.32163383428589754, -11.07345219013684812, -48.00000000000002132 ) ) ;
#2824 = DIRECTION ( 'NONE',  ( 1.000000000000000000, 0.000000000000000000, 0.000000000000000000 ) ) ;
#2825 = B_SPLINE_CURVE_WITH_KNOTS ( 'NONE', 3,
 ( #5729, #9409, #3672, #7364, #6458, #1008 ),
 .UNSPECIFIED., .F., .F.,
 ( 4, 2, 4 ),
 ( 0.000000000000000000, 0.002975040444159839960, 0.005950080888319679920 ),
 .UNSPECIFIED. ) ;
#2826 = CARTESIAN_POINT ( 'NONE',  ( 41.70683081885165677, -8.400000000000000355, 41.79316918114824375 ) ) ;
#2827 = VECTOR ( 'NONE', #9653, 1000.000000000000000 ) ;
#2828 = DIRECTION ( 'NONE',  ( -1.000000000000000000, 0.000000000000000000, 0.000000000000000000 ) ) ;
#2829 = DIRECTION ( 'NONE',  ( 0.000000000000000000, 0.000000000000000000, 1.000000000000000000 ) ) ;
#2830 = CARTESIAN_POINT ( 'NONE',  ( 35.64571638570363632, -14.71854526221898496, -42.94365900407195369 ) ) ;
#2831 = VERTEX_POINT ( 'NONE', #4702 ) ;
#2832 = EDGE_CURVE ( 'NONE', #6427, #8950, #6513, .T. ) ;
#2833 = ORIENTED_EDGE ( 'NONE', *, *, #2837, .F. ) ;
#2834 = ORIENTED_EDGE ( 'NONE', *, *, #10196, .T. ) ;
#2835 = CARTESIAN_POINT ( 'NONE',  ( -41.99999999999987210, -3.199999999999999734, 39.64999999999998437 ) ) ;
#2836 = ORIENTED_EDGE ( 'NONE', *, *, #6125, .F. ) ;
#2837 = EDGE_CURVE ( 'NONE', #2449, #9690, #5726, .T. ) ;
#2838 = AXIS2_PLACEMENT_3D ( 'NONE', #1664, #2402, #3545 ) ;
#2839 = FACE_OUTER_BOUND ( 'NONE', #1355, .T. ) ;
#2840 = AXIS2_PLACEMENT_3D ( 'NONE', #9872, #1488, #4273 ) ;
#2841 = CARTESIAN_POINT ( 'NONE',  ( 43.50000000000032685, -3.199999999999999289, 30.49999999999937828 ) ) ;
#2842 = DIRECTION ( 'NONE',  ( 0.000000000000000000, 1.000000000000000000, 0.000000000000000000 ) ) ;
#2843 = CYLINDRICAL_SURFACE ( 'NONE', #7554, 1.600000000000000755 ) ;
#2844 = FACE_OUTER_BOUND ( 'NONE', #1939, .T. ) ;
#2845 = CARTESIAN_POINT ( 'NONE',  ( -45.79999999999802185, -3.499999999999999556, -24.69999999999937046 ) ) ;
#2846 = FACE_BOUND ( 'NONE', #3897, .T. ) ;
#2847 = AXIS2_PLACEMENT_3D ( 'NONE', #68, #129, #11294 ) ;
#2848 = VERTEX_POINT ( 'NONE', #7603 ) ;
#2849 = ORIENTED_EDGE ( 'NONE', *, *, #8564, .F. ) ;
#2850 = ORIENTED_EDGE ( 'NONE', *, *, #7338, .F. ) ;
#2851 = B_SPLINE_CURVE_WITH_KNOTS ( 'NONE', 3,
 ( #4302, #2311, #9554, #497, #9671, #8887, #8773, #9730, #7877, #4245, #10695, #11415, #1454, #2193, #3341, #438, #9788, #4187, #10517, #6000, #1397, #5885, #3400, #8711 ),
 .UNSPECIFIED., .F., .F.,
 ( 4, 2, 2, 2, 2, 2, 2, 2, 2, 2, 2, 4 ),
 ( 0.006673815750160026587, 0.007090685765176829233, 0.007507555780193631879, 0.008341295810227238039, 0.009175035840260843331, 0.01000877587029444862, 0.01084251590032805218, 0.01167625593036165921, 0.01209312594537845925, 0.01250999596039525930, 0.01292686597541205587, 0.01334373599042885591 ),
 .UNSPECIFIED. ) ;
#2852 = EDGE_LOOP ( 'NONE', ( #1785, #6226 ) ) ;
#2853 = AXIS2_PLACEMENT_3D ( 'NONE', #9480, #3877, #1210 ) ;
#2854 = DIRECTION ( 'NONE',  ( -0.3654840308368578206, 0.000000000000000000, -0.9308176100629181882 ) ) ;
#2855 = CARTESIAN_POINT ( 'NONE',  ( -43.50000000000014921, -3.199999999999999289, -40.44999999999968310 ) ) ;
#2856 = CARTESIAN_POINT ( 'NONE',  ( -36.50413812651495959, -5.000000000000001776, 42.00000000000000711 ) ) ;
#2857 = DIRECTION ( 'NONE',  ( 1.181088324069314777E-14, 0.000000000000000000, 1.000000000000000000 ) ) ;
#2858 = FACE_BOUND ( 'NONE', #5218, .T. ) ;
#2859 = DIRECTION ( 'NONE',  ( -1.396592535537253342E-14, 0.000000000000000000, -1.000000000000000000 ) ) ;
#2860 = CARTESIAN_POINT ( 'NONE',  ( -10.49999999999999822, -0.9056409127879930798, -26.06210508690778838 ) ) ;
#2861 = ORIENTED_EDGE ( 'NONE', *, *, #10040, .T. ) ;
#2862 = ORIENTED_EDGE ( 'NONE', *, *, #3753, .F. ) ;
#2863 = ORIENTED_EDGE ( 'NONE', *, *, #7957, .F. ) ;
#2864 = ORIENTED_EDGE ( 'NONE', *, *, #2392, .F. ) ;
#2865 = ADVANCED_FACE ( 'NONE', ( #11085, #6573 ), #1911, .T. ) ;
#2866 = B_SPLINE_CURVE_WITH_KNOTS ( 'NONE', 3,
 ( #6866, #10533, #10033, #8960, #10879, #688, #11840, #9132, #6185, #4784, #6248, #1707 ),
 .UNSPECIFIED., .F., .F.,
 ( 4, 2, 2, 2, 2, 4 ),
 ( 0.05057760283202328289, 0.2879332021240174622, 0.5252888014160116414, 0.7626444007080058762, 0.8813222003540028826, 0.9507710631279342461 ),
 .UNSPECIFIED. ) ;
#2867 = DIRECTION ( 'NONE',  ( 6.982962677686267499E-15, -0.000000000000000000, 1.000000000000000000 ) ) ;
#2868 = CARTESIAN_POINT ( 'NONE',  ( -0.6396726874020224329, -3.512582722947524161, 26.47078504162428558 ) ) ;
#2869 = VECTOR ( 'NONE', #9589, 1000.000000000000000 ) ;
#2870 = PLANE ( 'NONE',  #836 ) ;
#2871 = CARTESIAN_POINT ( 'NONE',  ( 35.74999999999983658, -3.199999999999999734, -48.00000000000000711 ) ) ;
#2872 = CARTESIAN_POINT ( 'NONE',  ( 30.49999999999983302, -3.199999999999999289, 43.50000000000001421 ) ) ;
#2873 = EDGE_CURVE ( 'NONE', #11548, #5532, #61, .T. ) ;
#2874 = LINE ( 'NONE', #5581, #6512 ) ;
#2875 = CARTESIAN_POINT ( 'NONE',  ( -31.42478408160308945, -9.514451983532088875, 42.00000000000000711 ) ) ;
#2876 = ORIENTED_EDGE ( 'NONE', *, *, #11808, .F. ) ;
#2877 = ORIENTED_EDGE ( 'NONE', *, *, #7158, .T. ) ;
#2878 = EDGE_CURVE ( 'NONE', #11109, #6927, #9460, .T. ) ;
#2879 = VERTEX_POINT ( 'NONE', #8622 ) ;
#2880 = DIRECTION ( 'NONE',  ( 0.000000000000000000, 0.000000000000000000, -1.000000000000000000 ) ) ;
#2881 = AXIS2_PLACEMENT_3D ( 'NONE', #9799, #8903, #11431 ) ;
#2882 = DIRECTION ( 'NONE',  ( 0.000000000000000000, -0.000000000000000000, 1.000000000000000000 ) ) ;
#2883 = CARTESIAN_POINT ( 'NONE',  ( 10.50000000000000178, -7.897918314707208509, 17.83617422982728584 ) ) ;
#2884 = DIRECTION ( 'NONE',  ( -2.952720810173286943E-15, 0.000000000000000000, -1.000000000000000000 ) ) ;
#2885 = CARTESIAN_POINT ( 'NONE',  ( 48.00000000000031974, -8.000000000000001776, 30.09999999999932996 ) ) ;
#2886 = CARTESIAN_POINT ( 'NONE',  ( -38.09999999999923403, -3.199999999999999734, 43.50000000000001421 ) ) ;
#2887 = CARTESIAN_POINT ( 'NONE',  ( 37.50000000000000711, -9.000000000000001776, 45.24999999999999289 ) ) ;
#2888 = CIRCLE ( 'NONE', #1341, 1.550000000000002709 ) ;
#2889 = EDGE_CURVE ( 'NONE', #8544, #2259, #4501, .T. ) ;
#2890 = CARTESIAN_POINT ( 'NONE',  ( 41.99999999999960920, -7.686038724721631077, -39.18332974910136812 ) ) ;
#2891 = CARTESIAN_POINT ( 'NONE',  ( 40.00000000000000711, -14.80000000000000071, -42.80000000000001137 ) ) ;
#2892 = CARTESIAN_POINT ( 'NONE',  ( 45.80000000000062244, -8.000000000000001776, -23.14999999999800551 ) ) ;
#2893 = ORIENTED_EDGE ( 'NONE', *, *, #5524, .F. ) ;
#2894 = ORIENTED_EDGE ( 'NONE', *, *, #72, .T. ) ;
#2895 = ORIENTED_EDGE ( 'NONE', *, *, #2821, .F. ) ;
#2896 = EDGE_CURVE ( 'NONE', #3077, #3195, #7982, .T. ) ;
#2897 = CARTESIAN_POINT ( 'NONE',  ( -40.00000000000000711, -15.00000000000000355, -42.80000000000001137 ) ) ;
#2898 = ORIENTED_EDGE ( 'NONE', *, *, #9513, .T. ) ;
#2899 = CARTESIAN_POINT ( 'NONE',  ( -41.49999999999983658, -1.000000000000000000, -48.00000000000000711 ) ) ;
#2900 = EDGE_CURVE ( 'NONE', #4785, #8658, #3350, .T. ) ;
#2901 = CIRCLE ( 'NONE', #10793, 1.100000000000000311 ) ;
#2902 = DIRECTION ( 'NONE',  ( -1.000000000000000000, 0.000000000000000000, 1.343011723336880555E-14 ) ) ;
#2903 = CARTESIAN_POINT ( 'NONE',  ( -41.49999999999983658, -9.083282861672678621, 42.00000000000000711 ) ) ;
#2904 = EDGE_CURVE ( 'NONE', #5307, #7159, #226, .T. ) ;
#2905 = DIRECTION ( 'NONE',  ( 8.953411488912536510E-15, 0.000000000000000000, 1.000000000000000000 ) ) ;
#2906 = CARTESIAN_POINT ( 'NONE',  ( 33.24412171226666857, -5.000000000000001776, 42.00000000000000711 ) ) ;
#2907 = CARTESIAN_POINT ( 'NONE',  ( 2.879640970121343898E-14, -1.000000000000000000, 16.59999999999910258 ) ) ;
#2908 = CARTESIAN_POINT ( 'NONE',  ( -40.00000000000000711, -15.00000000000000355, -45.15000000000001279 ) ) ;
#2909 = ORIENTED_EDGE ( 'NONE', *, *, #3678, .T. ) ;
#2910 = ORIENTED_EDGE ( 'NONE', *, *, #9392, .F. ) ;
#2911 = ORIENTED_EDGE ( 'NONE', *, *, #2435, .F. ) ;
#2912 = ORIENTED_EDGE ( 'NONE', *, *, #739, .F. ) ;
#2913 = VECTOR ( 'NONE', #10290, 1000.000000000000000 ) ;
#2914 = ORIENTED_EDGE ( 'NONE', *, *, #3776, .T. ) ;
#2915 = EDGE_CURVE ( 'NONE', #6618, #2653, #6759, .T. ) ;
#2916 = CARTESIAN_POINT ( 'NONE',  ( -45.80000000000062244, -8.000000000000001776, 24.69999999999800622 ) ) ;
#2917 = DIRECTION ( 'NONE',  ( 1.047444401652940007E-14, -1.204669080539449097E-16, 1.000000000000000000 ) ) ;
#2918 = DIRECTION ( 'NONE',  ( 2.952720810173291281E-15, 0.000000000000000000, 1.000000000000000000 ) ) ;
#2919 = CYLINDRICAL_SURFACE ( 'NONE', #5844, 1.550000000000002709 ) ;
#2920 = CARTESIAN_POINT ( 'NONE',  ( 33.86303485394079615, -10.07557662341604754, -42.00000000000000711 ) ) ;
#2921 = AXIS2_PLACEMENT_3D ( 'NONE', #1335, #6849, #4299 ) ;
#2922 = DIRECTION ( 'NONE',  ( -0.000000000000000000, -0.000000000000000000, 1.000000000000000000 ) ) ;
#2923 = CARTESIAN_POINT ( 'NONE',  ( -41.99999999999987921, -8.091744268242143434, 38.82376204132733477 ) ) ;
#2924 = AXIS2_PLACEMENT_3D ( 'NONE', #7200, #4479, #3635 ) ;
#2925 = VERTEX_POINT ( 'NONE', #9523 ) ;
#2926 = VERTEX_POINT ( 'NONE', #1250 ) ;
#2927 = ORIENTED_EDGE ( 'NONE', *, *, #8885, .T. ) ;
#2928 = DIRECTION ( 'NONE',  ( -0.000000000000000000, 1.000000000000000000, -0.000000000000000000 ) ) ;
#2929 = AXIS2_PLACEMENT_3D ( 'NONE', #7111, #8969, #4389 ) ;
#2930 = AXIS2_PLACEMENT_3D ( 'NONE', #10878, #5450, #7151 ) ;
#2931 = CARTESIAN_POINT ( 'NONE',  ( -42.00000000000013500, -8.227133012057159078, -33.62217711883136673 ) ) ;
#2932 = CARTESIAN_POINT ( 'NONE',  ( 50.00000000000094502, -3.199999999999999289, -32.04999999999966320 ) ) ;
#2933 = EDGE_CURVE ( 'NONE', #2879, #1711, #9117, .T. ) ;
#2934 = CARTESIAN_POINT ( 'NONE',  ( -38.85769331410831740, -5.540943773805200756, 42.00000000000001421 ) ) ;
#2935 = LINE ( 'NONE', #7524, #2975 ) ;
#2936 = LINE ( 'NONE', #8368, #5165 ) ;
#2937 = DIRECTION ( 'NONE',  ( -0.000000000000000000, -0.000000000000000000, 1.000000000000000000 ) ) ;
#2938 = ORIENTED_EDGE ( 'NONE', *, *, #9430, .T. ) ;
#2939 = ORIENTED_EDGE ( 'NONE', *, *, #5248, .T. ) ;
#2940 = VERTEX_POINT ( 'NONE', #5059 ) ;
#2941 = FACE_OUTER_BOUND ( 'NONE', #3196, .T. ) ;
#2942 = VECTOR ( 'NONE', #750, 1000.000000000000000 ) ;
#2943 = DIRECTION ( 'NONE',  ( -0.000000000000000000, 1.000000000000000000, -0.000000000000000000 ) ) ;
#2944 = EDGE_CURVE ( 'NONE', #10416, #10983, #7723, .T. ) ;
#2945 = DIRECTION ( 'NONE',  ( 0.000000000000000000, 0.000000000000000000, -1.000000000000000000 ) ) ;
#2946 = DIRECTION ( 'NONE',  ( 1.000000000000000000, 0.000000000000000000, 0.000000000000000000 ) ) ;
#2947 = EDGE_CURVE ( 'NONE', #2673, #5255, #8743, .T. ) ;
#2948 = FACE_OUTER_BOUND ( 'NONE', #8775, .T. ) ;
#2949 = DIRECTION ( 'NONE',  ( -0.000000000000000000, 1.000000000000000000, 0.000000000000000000 ) ) ;
#2950 = DIRECTION ( 'NONE',  ( 0.000000000000000000, -1.000000000000000000, 0.000000000000000000 ) ) ;
#2951 = CIRCLE ( 'NONE', #10841, 1.600000000000002531 ) ;
#2952 = CARTESIAN_POINT ( 'NONE',  ( -47.99999999999989342, 1.000000000000000000, 31.30000000000000071 ) ) ;
#2953 = DIRECTION ( 'NONE',  ( 1.000000000000000000, -0.000000000000000000, -0.000000000000000000 ) ) ;
#2954 = DIRECTION ( 'NONE',  ( -0.000000000000000000, 1.000000000000000000, -0.000000000000000000 ) ) ;
#2955 = ORIENTED_EDGE ( 'NONE', *, *, #5391, .F. ) ;
#2956 = ORIENTED_EDGE ( 'NONE', *, *, #8337, .T. ) ;
#2957 = CARTESIAN_POINT ( 'NONE',  ( 43.67016901444042531, -9.966535329878150051, -48.00000000000001421 ) ) ;
#2958 = ORIENTED_EDGE ( 'NONE', *, *, #568, .F. ) ;
#2959 = EDGE_CURVE ( 'NONE', #9411, #473, #3536, .T. ) ;
#2960 = AXIS2_PLACEMENT_3D ( 'NONE', #1069, #2949, #4764 ) ;
#2961 = DIRECTION ( 'NONE',  ( 0.000000000000000000, 0.000000000000000000, -1.000000000000000000 ) ) ;
#2962 = VECTOR ( 'NONE', #8968, 1000.000000000000000 ) ;
#2963 = EDGE_CURVE ( 'NONE', #5532, #3003, #7843, .T. ) ;
#2964 = UNCERTAINTY_MEASURE_WITH_UNIT (LENGTH_MEASURE( 1.000000000000000082E-05 ), #4926, 'distance_accuracy_value', 'NONE');
#2965 = DIRECTION ( 'NONE',  ( 0.000000000000000000, 0.000000000000000000, -1.000000000000000000 ) ) ;
#2966 = DIRECTION ( 'NONE',  ( -1.000000000000000000, 0.000000000000000000, 1.343011723336880555E-14 ) ) ;
#2967 = CARTESIAN_POINT ( 'NONE',  ( 36.02583187584036040, -14.80000000000000071, -44.58538036316180353 ) ) ;
#2968 = CARTESIAN_POINT ( 'NONE',  ( 45.80000000000062244, -3.499999999999999556, -24.70000000000199591 ) ) ;
#2969 = CIRCLE ( 'NONE', #5466, 2.999999999999999112 ) ;
#2970 = DIRECTION ( 'NONE',  ( -1.000000000000000000, 0.000000000000000000, 0.000000000000000000 ) ) ;
#2971 = DIRECTION ( 'NONE',  ( -1.000000000000000000, -0.000000000000000000, 3.491481338843133750E-15 ) ) ;
#2972 = VERTEX_POINT ( 'NONE', #3371 ) ;
#2973 = ORIENTED_EDGE ( 'NONE', *, *, #11887, .F. ) ;
#2974 = CARTESIAN_POINT ( 'NONE',  ( -40.00000000000000711, -9.000000000000001776, -42.45000000000001705 ) ) ;
#2975 = VECTOR ( 'NONE', #1117, 1000.000000000000000 ) ;
#2976 = ORIENTED_EDGE ( 'NONE', *, *, #3632, .T. ) ;
#2977 = EDGE_LOOP ( 'NONE', ( #11407, #4677, #10218, #8873 ) ) ;
#2978 = CIRCLE ( 'NONE', #6433, 1.550000000000002709 ) ;
#2979 = EDGE_CURVE ( 'NONE', #9180, #2925, #6145, .T. ) ;
#2980 = CARTESIAN_POINT ( 'NONE',  ( 30.09999999999983089, -11.60000000000000320, 45.80559804515301181 ) ) ;
#2981 = EDGE_CURVE ( 'NONE', #8323, #11489, #9315, .T. ) ;
#2982 = ADVANCED_FACE ( 'NONE', ( #526 ), #4215, .F. ) ;
#2983 = DIRECTION ( 'NONE',  ( 1.000000000000000000, -0.000000000000000000, 0.000000000000000000 ) ) ;
#2984 = CARTESIAN_POINT ( 'NONE',  ( -10.49999999999999822, -10.00000000000000178, -11.29999999999999893 ) ) ;
#2985 = CIRCLE ( 'NONE', #11056, 1.549999999999999378 ) ;
#2986 = CARTESIAN_POINT ( 'NONE',  ( -40.00000000000000711, -15.00000000000000355, -42.80000000000001137 ) ) ;
#2987 = CARTESIAN_POINT ( 'NONE',  ( 38.09999999999983800, -3.199999999999999734, -43.50000000000001421 ) ) ;
#2988 = LINE ( 'NONE', #5568, #7759 ) ;
#2989 = CARTESIAN_POINT ( 'NONE',  ( 29.72263837147175281, -7.976787923685536796, -43.98455237872635593 ) ) ;
#2990 = VERTEX_POINT ( 'NONE', #6822 ) ;
#2991 = VERTEX_POINT ( 'NONE', #5970 ) ;
#2992 = ORIENTED_EDGE ( 'NONE', *, *, #2963, .F. ) ;
#2993 = EDGE_CURVE ( 'NONE', #4878, #9919, #11240, .T. ) ;
#2994 = CARTESIAN_POINT ( 'NONE',  ( 21.65063509461108993, -1.000000000000000000, -12.49999999999980105 ) ) ;
#2995 = CYLINDRICAL_SURFACE ( 'NONE', #7923, 1.000000000000000888 ) ;
#2996 = CARTESIAN_POINT ( 'NONE',  ( 20.51918358845537682, -4.200000000000000178, -42.00000000000000711 ) ) ;
#2997 = CARTESIAN_POINT ( 'NONE',  ( 50.00000000000096634, -3.199999999999999734, -38.09999999999966036 ) ) ;
#2998 = DIRECTION ( 'NONE',  ( 1.000000000000000000, 0.000000000000000000, 0.000000000000000000 ) ) ;
#2999 = CARTESIAN_POINT ( 'NONE',  ( 27.09999999999983089, -5.000000000000000000, 42.00000000000000711 ) ) ;
#3000 = CARTESIAN_POINT ( 'NONE',  ( 30.49999999999948486, -3.199999999999999289, -50.00000000000071054 ) ) ;
#3001 = VERTEX_POINT ( 'NONE', #10722 ) ;
#3002 = ORIENTED_EDGE ( 'NONE', *, *, #77, .T. ) ;
#3003 = VERTEX_POINT ( 'NONE', #4038 ) ;
#3004 = DIRECTION ( 'NONE',  ( 1.000000000000000000, 0.000000000000000000, -1.734723475976807094E-15 ) ) ;
#3005 = AXIS2_PLACEMENT_3D ( 'NONE', #4080, #6014, #10762 ) ;
#3006 = CARTESIAN_POINT ( 'NONE',  ( 47.99999999999969447, -8.000000000000001776, -30.10000000000033538 ) ) ;
#3007 = CARTESIAN_POINT ( 'NONE',  ( -10.50000000000000178, -0.4424743133088256952, 24.81137931848633116 ) ) ;
#3008 = AXIS2_PLACEMENT_3D ( 'NONE', #6589, #3872, #2965 ) ;
#3009 = LINE ( 'NONE', #1130, #82 ) ;
#3010 = CARTESIAN_POINT ( 'NONE',  ( -2.418939676066576450, -4.117491565570102985, 22.32345727531187762 ) ) ;
#3011 = CARTESIAN_POINT ( 'NONE',  ( -35.74999999999983658, -3.199999999999999734, 48.00000000000000711 ) ) ;
#3012 = LINE ( 'NONE', #105, #5511 ) ;
#3013 = DIRECTION ( 'NONE',  ( 4.476705744456268255E-15, 0.000000000000000000, 1.000000000000000000 ) ) ;
#3014 = DIRECTION ( 'NONE',  ( 0.000000000000000000, 1.000000000000000000, 0.000000000000000000 ) ) ;
#3015 = ORIENTED_EDGE ( 'NONE', *, *, #3600, .T. ) ;
#3016 = ORIENTED_EDGE ( 'NONE', *, *, #8511, .T. ) ;
#3017 = AXIS2_PLACEMENT_3D ( 'NONE', #7541, #1070, #1134 ) ;
#3018 = AXIS2_PLACEMENT_3D ( 'NONE', #7620, #7498, #120 ) ;
#3019 = CARTESIAN_POINT ( 'NONE',  ( 42.72653086813645018, -10.51409334398280748, -48.00000000000002132 ) ) ;
#3020 = ORIENTED_EDGE ( 'NONE', *, *, #3549, .F. ) ;
#3021 = EDGE_CURVE ( 'NONE', #8420, #9425, #1425, .T. ) ;
#3022 = CARTESIAN_POINT ( 'NONE',  ( 0.000000000000000000, -5.000000000000000000, 0.000000000000000000 ) ) ;
#3023 = AXIS2_PLACEMENT_3D ( 'NONE', #4759, #5847, #4092 ) ;
#3024 = AXIS2_PLACEMENT_3D ( 'NONE', #3800, #104, #8261 ) ;
#3025 = CARTESIAN_POINT ( 'NONE',  ( 42.50000000000000000, 1.000000000000000000, 48.99999999999999289 ) ) ;
#3026 = DIRECTION ( 'NONE',  ( 0.000000000000000000, -1.000000000000000000, 0.000000000000000000 ) ) ;
#3027 = CARTESIAN_POINT ( 'NONE',  ( -43.49999999999990052, -3.199999999999999289, 32.84999999999998010 ) ) ;
#3028 = DIRECTION ( 'NONE',  ( 6.982962677686267499E-15, -0.000000000000000000, 1.000000000000000000 ) ) ;
#3029 = CARTESIAN_POINT ( 'NONE',  ( -36.19999999999999574, -5.000000000000001776, 41.94999999999999574 ) ) ;
#3030 = CARTESIAN_POINT ( 'NONE',  ( -50.00000000000000711, 1.000000000000000000, -42.49999999999999289 ) ) ;
#3031 = ORIENTED_EDGE ( 'NONE', *, *, #8335, .F. ) ;
#3032 = ADVANCED_FACE ( 'NONE', ( #2338 ), #2220, .F. ) ;
#3033 = ORIENTED_EDGE ( 'NONE', *, *, #11568, .T. ) ;
#3034 = DIRECTION ( 'NONE',  ( 0.000000000000000000, 0.000000000000000000, 1.000000000000000000 ) ) ;
#3035 = ORIENTED_EDGE ( 'NONE', *, *, #3463, .T. ) ;
#3037 = VECTOR ( 'NONE', #9625, 1000.000000000000000 ) ;
#3036 = CIRCLE ( 'NONE', #6906, 24.99999999999999645 ) ;
#3038 = CIRCLE ( 'NONE', #3611, 3.400000000000000355 ) ;
#3039 = DIRECTION ( 'NONE',  ( 0.000000000000000000, 0.000000000000000000, -1.000000000000000000 ) ) ;
#3040 = LINE ( 'NONE', #255, #6389 ) ;
#3041 = PLANE ( 'NONE',  #7604 ) ;
#3042 = VECTOR ( 'NONE', #10272, 1000.000000000000000 ) ;
#3043 = LINE ( 'NONE', #10397, #1170 ) ;
#3044 = CARTESIAN_POINT ( 'NONE',  ( 38.09999999999983800, -3.199999999999999734, 43.50000000000001421 ) ) ;
#3045 = CARTESIAN_POINT ( 'NONE',  ( -48.00000000000050449, -8.192981740370447241, -47.99999999999936051 ) ) ;
#3046 = CARTESIAN_POINT ( 'NONE',  ( -41.49999999999983658, 1.000000000000000000, 48.00000000000000711 ) ) ;
#3047 = EDGE_CURVE ( 'NONE', #3074, #10267, #5002, .T. ) ;
#3048 = VERTEX_POINT ( 'NONE', #10601 ) ;
#3049 = ORIENTED_EDGE ( 'NONE', *, *, #4802, .F. ) ;
#3050 = VERTEX_POINT ( 'NONE', #5115 ) ;
#3051 = AXIS2_PLACEMENT_3D ( 'NONE', #7011, #11520, #2297 ) ;
#3052 = LINE ( 'NONE', #1111, #2748 ) ;
#3053 = ORIENTED_EDGE ( 'NONE', *, *, #9832, .T. ) ;
#3054 = LINE ( 'NONE', #11363, #1168 ) ;
#3055 = DIRECTION ( 'NONE',  ( 1.047444401652940007E-14, 0.000000000000000000, 1.000000000000000000 ) ) ;
#3056 = EDGE_CURVE ( 'NONE', #6723, #4191, #404, .T. ) ;
#3057 = DIRECTION ( 'NONE',  ( -1.000000000000000000, -0.000000000000000000, 1.047444401652940007E-14 ) ) ;
#3058 = CYLINDRICAL_SURFACE ( 'NONE', #8165, 4.349999999999999645 ) ;
#3059 = ADVANCED_FACE ( 'NONE', ( #2400 ), #6087, .F. ) ;
#3060 = DIRECTION ( 'NONE',  ( 1.000000000000000000, 0.000000000000000000, 0.000000000000000000 ) ) ;
#3061 = CARTESIAN_POINT ( 'NONE',  ( 45.80000000000062244, -3.499999999999999556, 24.69999999999800622 ) ) ;
#3062 = ORIENTED_EDGE ( 'NONE', *, *, #7910, .F. ) ;
#3063 = ORIENTED_EDGE ( 'NONE', *, *, #11157, .F. ) ;
#3064 = ORIENTED_EDGE ( 'NONE', *, *, #466, .T. ) ;
#3065 = ORIENTED_EDGE ( 'NONE', *, *, #4160, .T. ) ;
#3066 = CYLINDRICAL_SURFACE ( 'NONE', #6295, 2.999999999999995559 ) ;
#3067 = CARTESIAN_POINT ( 'NONE',  ( -10.50000000000000178, -1.934045255635520322, 24.02352779072083067 ) ) ;
#3068 = CARTESIAN_POINT ( 'NONE',  ( -49.99999999999999289, -1.000000000000000000, 49.99999999999999289 ) ) ;
#3069 = CARTESIAN_POINT ( 'NONE',  ( -3.558184524735253262, -1.000000000000000000, 24.45289590758744680 ) ) ;
#3070 = DIRECTION ( 'NONE',  ( 0.000000000000000000, 0.000000000000000000, -1.000000000000000000 ) ) ;
#3071 = CARTESIAN_POINT ( 'NONE',  ( 41.99999999999958789, -6.296218721816199348, -40.17029262126501976 ) ) ;
#3072 = DIRECTION ( 'NONE',  ( -1.000000000000000000, 0.000000000000000000, 1.047444401652940007E-14 ) ) ;
#3073 = DIRECTION ( 'NONE',  ( 0.000000000000000000, 1.000000000000000000, -0.000000000000000000 ) ) ;
#3074 = VERTEX_POINT ( 'NONE', #9083 ) ;
#3075 = ORIENTED_EDGE ( 'NONE', *, *, #519, .T. ) ;
#3076 = DIRECTION ( 'NONE',  ( 0.000000000000000000, 0.000000000000000000, -1.000000000000000000 ) ) ;
#3077 = VERTEX_POINT ( 'NONE', #4507 ) ;
#3078 = CARTESIAN_POINT ( 'NONE',  ( 35.72419598204034230, -5.000000000000001776, -42.00000000000000711 ) ) ;
#3079 = PLANE ( 'NONE',  #2238 ) ;
#3080 = FACE_OUTER_BOUND ( 'NONE', #6846, .T. ) ;
#3081 = EDGE_CURVE ( 'NONE', #855, #585, #6059, .T. ) ;
#3082 = CYLINDRICAL_SURFACE ( 'NONE', #1568, 1.550000000000002709 ) ;
#3083 = CARTESIAN_POINT ( 'NONE',  ( -42.00000000000014921, -5.687591083158328509, -41.13869699172995809 ) ) ;
#3084 = DIRECTION ( 'NONE',  ( 0.000000000000000000, -0.000000000000000000, 1.000000000000000000 ) ) ;
#3085 = CARTESIAN_POINT ( 'NONE',  ( -41.99999999999991473, -5.000000000000002665, 27.09999999999997655 ) ) ;
#3086 = ORIENTED_EDGE ( 'NONE', *, *, #7244, .T. ) ;
#3087 = ORIENTED_EDGE ( 'NONE', *, *, #2873, .F. ) ;
#3088 = DIRECTION ( 'NONE',  ( -0.000000000000000000, 1.000000000000000000, -0.000000000000000000 ) ) ;
#3089 = CARTESIAN_POINT ( 'NONE',  ( 41.49999999999981526, 0.9999999999999997780, -49.58578643762691485 ) ) ;
#3090 = AXIS2_PLACEMENT_3D ( 'NONE', #1214, #9484, #4055 ) ;
#3091 = VERTEX_POINT ( 'NONE', #10834 ) ;
#3092 = VECTOR ( 'NONE', #1085, 1000.000000000000000 ) ;
#3093 = AXIS2_PLACEMENT_3D ( 'NONE', #6387, #100, #4698 ) ;
#3094 = FACE_OUTER_BOUND ( 'NONE', #7995, .T. ) ;
#3095 = EDGE_CURVE ( 'NONE', #215, #8404, #4909, .T. ) ;
#3096 = DIRECTION ( 'NONE',  ( 1.000000000000000000, 0.000000000000000000, -1.047444401652940007E-14 ) ) ;
#3097 = CARTESIAN_POINT ( 'NONE',  ( 40.00000000000000000, -1.000000000000000000, 14.99999999999982236 ) ) ;
#3098 = EDGE_CURVE ( 'NONE', #4450, #2123, #1837, .T. ) ;
#3099 = CARTESIAN_POINT ( 'NONE',  ( 50.00000000000064659, -5.000000000000000000, -21.49897948556438365 ) ) ;
#3100 = DIRECTION ( 'NONE',  ( -1.000000000000000000, 0.000000000000000000, 0.000000000000000000 ) ) ;
#3101 = CARTESIAN_POINT ( 'NONE',  ( -10.50000000000000178, -13.00000000000000178, 9.461999999999994415 ) ) ;
#3102 = FACE_OUTER_BOUND ( 'NONE', #8962, .T. ) ;
#3103 = AXIS2_PLACEMENT_3D ( 'NONE', #10224, #3654, #6313 ) ;
#3104 = EDGE_LOOP ( 'NONE', ( #9177, #11436, #1360, #9133 ) ) ;
#3105 = EDGE_LOOP ( 'NONE', ( #11907, #265, #4237, #736 ) ) ;
#3106 =( BOUNDED_SURFACE ( )  B_SPLINE_SURFACE ( 3, 2, ( 
 ( #5265, #7929, #11590 ),
 ( #9787, #6233, #10634 ),
 ( #6171, #6117, #6912 ),
 ( #3340, #4301, #8886 ),
 ( #9901, #11534, #2487 ),
 ( #7815, #7989, #8772 ),
 ( #7082, #6965, #1634 ),
 ( #7876, #7024, #673 ),
 ( #2368, #3399, #8829 ),
 ( #6058, #10576, #8045 ) ),
 .UNSPECIFIED., .F., .F., .T. ) 
 B_SPLINE_SURFACE_WITH_KNOTS ( ( 4, 2, 2, 2, 4 ),
 ( 3, 3 ),
 ( 0.04689769712414521702, 0.04875227482563462139, 0.05060685252712402576, 0.05246143022861343014, 0.05431600793010283451 ),
 ( 0.000000000000000000, 1.000000000000000000 ),
 .UNSPECIFIED. ) 
 GEOMETRIC_REPRESENTATION_ITEM ( )  RATIONAL_B_SPLINE_SURFACE ( (
 ( 1.000000000000000000, 0.7071067811865475727, 1.000000000000000000),
 ( 1.000000000000000000, 0.7163374818471305305, 1.000000000000000000),
 ( 1.000000000000000000, 0.7245279263562602878, 1.000000000000000000),
 ( 1.000000000000000000, 0.7379207123917719269, 1.000000000000000000),
 ( 1.000000000000000000, 0.7431262249427760258, 1.000000000000000000),
 ( 1.000000000000000000, 0.7498449969301493878, 1.000000000000000000),
 ( 1.000000000000000000, 0.7512645769585257760, 1.000000000000000000),
 ( 1.000000000000000000, 0.7502258599609590295, 1.000000000000000000),
 ( 1.000000000000000000, 0.7477721742453086184, 1.000000000000000000),
 ( 1.000000000000000000, 0.7434334346851498854, 1.000000000000000000) ) ) 
 REPRESENTATION_ITEM ( '' )  SURFACE ( )  );
#3107 = AXIS2_PLACEMENT_3D ( 'NONE', #1799, #894, #11031 ) ;
#3108 = ADVANCED_FACE ( 'NONE', ( #10951 ), #1719, .F. ) ;
#3109 = AXIS2_PLACEMENT_3D ( 'NONE', #7508, #1219, #9551 ) ;
#3110 = CARTESIAN_POINT ( 'NONE',  ( -42.00000000000013500, -13.66321084107576844, -38.83381397240464850 ) ) ;
#3111 = DIRECTION ( 'NONE',  ( 0.000000000000000000, -0.000000000000000000, 1.000000000000000000 ) ) ;
#3112 = EDGE_CURVE ( 'NONE', #8090, #8434, #1999, .T. ) ;
#3113 = AXIS2_PLACEMENT_3D ( 'NONE', #5566, #11115, #802 ) ;
#3114 = CYLINDRICAL_SURFACE ( 'NONE', #4099, 1.550000000000002709 ) ;
#3115 = DIRECTION ( 'NONE',  ( 0.000000000000000000, 1.000000000000000000, 0.000000000000000000 ) ) ;
#3116 = CARTESIAN_POINT ( 'NONE',  ( -41.49999999999983658, 1.000000000000000000, -48.00000000000000711 ) ) ;
#3117 = CARTESIAN_POINT ( 'NONE',  ( -27.09999999999983089, -5.000000000000002665, -42.00000000000000711 ) ) ;
#3118 = VERTEX_POINT ( 'NONE', #5404 ) ;
#3119 = ORIENTED_EDGE ( 'NONE', *, *, #7530, .F. ) ;
#3120 = ORIENTED_EDGE ( 'NONE', *, *, #10345, .F. ) ;
#3121 = ORIENTED_EDGE ( 'NONE', *, *, #284, .T. ) ;
#3122 = ORIENTED_EDGE ( 'NONE', *, *, #7313, .F. ) ;
#3123 = AXIS2_PLACEMENT_3D ( 'NONE', #9539, #10384, #3995 ) ;
#3124 = CIRCLE ( 'NONE', #11397, 2.349999999999997868 ) ;
#3125 = CARTESIAN_POINT ( 'NONE',  ( 41.99999999999969447, -5.000000000000002665, -30.10000000000027143 ) ) ;
#3126 = EDGE_CURVE ( 'NONE', #6672, #3886, #1259, .T. ) ;
#3127 = CARTESIAN_POINT ( 'NONE',  ( -31.29999999999983373, -0.1999999999999999833, 48.00000000000000711 ) ) ;
#3128 = DIRECTION ( 'NONE',  ( 1.000000000000000000, 0.000000000000000000, 0.000000000000000000 ) ) ;
#3129 = EDGE_CURVE ( 'NONE', #11166, #4232, #3542, .T. ) ;
#3130 = CARTESIAN_POINT ( 'NONE',  ( 1.718725941733593832, -4.656650420058227269, 21.83410318690554419 ) ) ;
#3131 = EDGE_CURVE ( 'NONE', #7030, #1091, #11630, .T. ) ;
#3132 = DIRECTION ( 'NONE',  ( -0.000000000000000000, -0.000000000000000000, 1.000000000000000000 ) ) ;
#3133 = AXIS2_PLACEMENT_3D ( 'NONE', #6015, #10652, #8783 ) ;
#3134 = DIRECTION ( 'NONE',  ( -1.000000000000000000, -0.000000000000000000, 3.491481338843133355E-15 ) ) ;
#3135 = FACE_BOUND ( 'NONE', #6628, .T. ) ;
#3136 = CARTESIAN_POINT ( 'NONE',  ( 41.99999999999961631, -13.01620388842863640, -38.67489964723634444 ) ) ;
#3137 = ORIENTED_EDGE ( 'NONE', *, *, #1971, .T. ) ;
#3138 = VERTEX_POINT ( 'NONE', #874 ) ;
#3139 = AXIS2_PLACEMENT_3D ( 'NONE', #3717, #7284, #9197 ) ;
#3140 = DIRECTION ( 'NONE',  ( -1.000000000000000000, 0.000000000000000000, -0.000000000000000000 ) ) ;
#3141 = VERTEX_POINT ( 'NONE', #2693 ) ;
#3142 = CARTESIAN_POINT ( 'NONE',  ( 24.69999999999784634, -5.000000000000000000, -44.25000000000070344 ) ) ;
#3143 = AXIS2_PLACEMENT_3D ( 'NONE', #6228, #1508, #611 ) ;
#3144 = DIRECTION ( 'NONE',  ( 1.746776231977451727E-16, 0.000000000000000000, -1.000000000000000000 ) ) ;
#3145 = CARTESIAN_POINT ( 'NONE',  ( -50.00000000000000711, 0.000000000000000000, -49.00000000000000711 ) ) ;
#3146 = DIRECTION ( 'NONE',  ( -3.491481338843133355E-15, 0.000000000000000000, -1.000000000000000000 ) ) ;
#3147 = LINE ( 'NONE', #4961, #3092 ) ;
#3148 = FACE_OUTER_BOUND ( 'NONE', #3661, .T. ) ;
#3149 = VERTEX_POINT ( 'NONE', #11678 ) ;
#3150 = ORIENTED_EDGE ( 'NONE', *, *, #10226, .T. ) ;
#3151 = DIRECTION ( 'NONE',  ( 0.000000000000000000, 0.000000000000000000, -1.000000000000000000 ) ) ;
#3152 = DIRECTION ( 'NONE',  ( -0.000000000000000000, -0.000000000000000000, 1.000000000000000000 ) ) ;
#3153 = EDGE_LOOP ( 'NONE', ( #9874, #11549 ) ) ;
#3154 = VECTOR ( 'NONE', #1536, 1000.000000000000000 ) ;
#3155 = FACE_OUTER_BOUND ( 'NONE', #4148, .T. ) ;
#3156 = LINE ( 'NONE', #4914, #11582 ) ;
#3157 = DIRECTION ( 'NONE',  ( 0.000000000000000000, 0.000000000000000000, 1.000000000000000000 ) ) ;
#3158 = CARTESIAN_POINT ( 'NONE',  ( -38.09999999999983800, -3.199999999999999734, 43.50000000000001421 ) ) ;
#3159 = CIRCLE ( 'NONE', #3928, 1.600000000000002531 ) ;
#3160 = DIRECTION ( 'NONE',  ( -2.952720810173286943E-15, 0.000000000000000000, -1.000000000000000000 ) ) ;
#3161 = CARTESIAN_POINT ( 'NONE',  ( -24.69999999999738094, -3.499999999999999556, 43.44999999999865281 ) ) ;
#3162 = CARTESIAN_POINT ( 'NONE',  ( 47.99999999999968026, -0.1999999999999999833, -31.30000000000033467 ) ) ;
#3163 = VECTOR ( 'NONE', #8192, 1000.000000000000000 ) ;
#3164 = VERTEX_POINT ( 'NONE', #1780 ) ;
#3165 = VERTEX_POINT ( 'NONE', #5467 ) ;
#3166 = ORIENTED_EDGE ( 'NONE', *, *, #1831, .T. ) ;
#3167 = EDGE_CURVE ( 'NONE', #570, #10036, #8751, .T. ) ;
#3168 = EDGE_CURVE ( 'NONE', #7890, #4743, #4566, .T. ) ;
#3169 = EDGE_LOOP ( 'NONE', ( #7977, #5019, #8585, #4379, #11036, #3999 ) ) ;
#3170 = AXIS2_PLACEMENT_3D ( 'NONE', #8157, #3515, #1690 ) ;
#3171 = LINE ( 'NONE', #5952, #2913 ) ;
#3172 = CARTESIAN_POINT ( 'NONE',  ( -40.00000000000000711, -15.00000000000000355, -40.45000000000001705 ) ) ;
#3173 = DIRECTION ( 'NONE',  ( 1.000000000000000000, 0.000000000000000000, -8.953411488912557020E-15 ) ) ;
#3174 = LINE ( 'NONE', #628, #901 ) ;
#3175 = CARTESIAN_POINT ( 'NONE',  ( 1.959434878635765477E-16, -1.000000000000000000, 23.40000000000000213 ) ) ;
#3176 = CARTESIAN_POINT ( 'NONE',  ( 49.00000000000000711, 1.000000000000000000, 41.49999999999965894 ) ) ;
#3177 = LINE ( 'NONE', #8729, #564 ) ;
#3178 = ORIENTED_EDGE ( 'NONE', *, *, #5087, .T. ) ;
#3179 = ORIENTED_EDGE ( 'NONE', *, *, #8990, .F. ) ;
#3180 = ORIENTED_EDGE ( 'NONE', *, *, #3566, .T. ) ;
#3181 = ORIENTED_EDGE ( 'NONE', *, *, #4748, .T. ) ;
#3182 = EDGE_CURVE ( 'NONE', #8875, #3886, #11917, .T. ) ;
#3183 = AXIS2_PLACEMENT_3D ( 'NONE', #9334, #8620, #4820 ) ;
#3184 = EDGE_CURVE ( 'NONE', #11780, #6766, #6440, .T. ) ;
#3185 = ORIENTED_EDGE ( 'NONE', *, *, #4762, .F. ) ;
#3186 = ADVANCED_FACE ( 'NONE', ( #3484 ), #1961, .F. ) ;
#3187 = LINE ( 'NONE', #10485, #889 ) ;
#3188 = LINE ( 'NONE', #6875, #11179 ) ;
#3189 = DIRECTION ( 'NONE',  ( 0.000000000000000000, 0.000000000000000000, 1.000000000000000000 ) ) ;
#3190 = CARTESIAN_POINT ( 'NONE',  ( -0.1504840263939530298, -5.099789908204654054, 21.40029407538424522 ) ) ;
#3191 = CARTESIAN_POINT ( 'NONE',  ( 40.00000000000000711, -15.00000000000000355, -42.80000000000001137 ) ) ;
#3192 = CARTESIAN_POINT ( 'NONE',  ( 43.49999999999969447, -3.199999999999999289, -30.50000000000028777 ) ) ;
#3193 = FACE_BOUND ( 'NONE', #8589, .T. ) ;
#3194 = CARTESIAN_POINT ( 'NONE',  ( 47.99999999999968736, -3.199999999999999289, -30.50000000000033751 ) ) ;
#3195 = VERTEX_POINT ( 'NONE', #24 ) ;
#3196 = EDGE_LOOP ( 'NONE', ( #9702, #9906, #2894, #5409, #47 ) ) ;
#3197 = AXIS2_PLACEMENT_3D ( 'NONE', #2655, #6340, #3626 ) ;
#3198 = EDGE_CURVE ( 'NONE', #10913, #5258, #6638, .T. ) ;
#3199 = ORIENTED_EDGE ( 'NONE', *, *, #3797, .F. ) ;
#3200 = CYLINDRICAL_SURFACE ( 'NONE', #7598, 1.550000000000002709 ) ;
#3201 = VERTEX_POINT ( 'NONE', #1896 ) ;
#3202 = ADVANCED_FACE ( 'NONE', ( #10355 ), #149, .F. ) ;
#3203 = CARTESIAN_POINT ( 'NONE',  ( 47.99999999999953104, -8.192981740370584021, -48.00000000000034106 ) ) ;
#3204 = CARTESIAN_POINT ( 'NONE',  ( 43.50000000000032685, -3.199999999999999289, 30.49999999999937828 ) ) ;
#3206 = CARTESIAN_POINT ( 'NONE',  ( 30.49999999999983302, -3.199999999999999289, -48.00000000000000711 ) ) ;
#3205 = AXIS2_PLACEMENT_3D ( 'NONE', #9115, #910, #10867 ) ;
#3207 = ADVANCED_FACE ( 'NONE', ( #4625 ), #3058, .T. ) ;
#3208 = AXIS2_PLACEMENT_3D ( 'NONE', #2663, #849, #3687 ) ;
#3209 = CARTESIAN_POINT ( 'NONE',  ( 30.09999999999983089, -8.000000000000001776, -48.00000000000000711 ) ) ;
#3210 = DIRECTION ( 'NONE',  ( 0.000000000000000000, 0.000000000000000000, -1.000000000000000000 ) ) ;
#3211 = LINE ( 'NONE', #2355, #8456 ) ;
#3212 = ORIENTED_EDGE ( 'NONE', *, *, #6594, .F. ) ;
#3214 = VERTEX_POINT ( 'NONE', #4869 ) ;
#3213 = EDGE_CURVE ( 'NONE', #5367, #10142, #2935, .T. ) ;
#3215 = CARTESIAN_POINT ( 'NONE',  ( -31.29999999999983373, 1.000000000000000000, -48.00000000000000711 ) ) ;
#3216 = PLANE ( 'NONE',  #6273 ) ;
#3217 = EDGE_LOOP ( 'NONE', ( #11710, #486, #8355, #1902 ) ) ;
#3218 = EDGE_CURVE ( 'NONE', #457, #11627, #6684, .T. ) ;
#3219 = AXIS2_PLACEMENT_3D ( 'NONE', #8199, #8086, #10182 ) ;
#3220 = DIRECTION ( 'NONE',  ( 1.000000000000000000, 0.000000000000000000, -8.953411488912536510E-15 ) ) ;
#3221 = CARTESIAN_POINT ( 'NONE',  ( -36.80279115838752091, -6.280556881488979393, -42.00000000000002842 ) ) ;
#3222 = CARTESIAN_POINT ( 'NONE',  ( -50.00000000000000711, 1.000000000000000000, -50.00000000000000711 ) ) ;
#3223 = EDGE_CURVE ( 'NONE', #10984, #9206, #5645, .T. ) ;
#3224 = FACE_OUTER_BOUND ( 'NONE', #8632, .T. ) ;
#3225 = CARTESIAN_POINT ( 'NONE',  ( 48.99999999999999289, -1.000000000000000000, -49.00000000000000711 ) ) ;
#3226 = CARTESIAN_POINT ( 'NONE',  ( 29.84309001750257906, -7.989592848897436816, -45.96373824087407201 ) ) ;
#3227 = AXIS2_PLACEMENT_3D ( 'NONE', #3382, #7125, #7970 ) ;
#3228 = ORIENTED_EDGE ( 'NONE', *, *, #9213, .T. ) ;
#3229 = EDGE_LOOP ( 'NONE', ( #5809, #11047, #7490, #3475 ) ) ;
#3230 = VECTOR ( 'NONE', #6031, 1000.000000000000000 ) ;
#3231 = VECTOR ( 'NONE', #4156, 1000.000000000000000 ) ;
#3232 = CARTESIAN_POINT ( 'NONE',  ( 41.99999999999965894, -1.000000000000000000, -41.50000000000027001 ) ) ;
#3233 = CARTESIAN_POINT ( 'NONE',  ( 41.99999999999969447, -5.000000000000002665, -30.10000000000027143 ) ) ;
#3234 = DIRECTION ( 'NONE',  ( -0.000000000000000000, 1.000000000000000000, -0.000000000000000000 ) ) ;
#3235 = CARTESIAN_POINT ( 'NONE',  ( -49.99999999999999289, 1.000000000000000000, 42.50000000000051870 ) ) ;
#3236 = CARTESIAN_POINT ( 'NONE',  ( -27.09999999999983089, -5.000000000000000000, 42.00000000000000711 ) ) ;
#3237 = EDGE_CURVE ( 'NONE', #950, #8064, #4508, .T. ) ;
#3238 = DIRECTION ( 'NONE',  ( -1.000000000000000000, 0.000000000000000000, 3.491481338843133355E-15 ) ) ;
#3239 = EDGE_LOOP ( 'NONE', ( #5668, #8006, #9017, #4219, #8974, #4618, #531, #4842, #4995, #3064 ) ) ;
#3240 = EDGE_LOOP ( 'NONE', ( #9648, #1756, #9907, #5149 ) ) ;
#3241 = ORIENTED_EDGE ( 'NONE', *, *, #10421, .F. ) ;
#3242 = ORIENTED_EDGE ( 'NONE', *, *, #9064, .T. ) ;
#3243 = CIRCLE ( 'NONE', #7875, 24.99999999999999645 ) ;
#3244 = ORIENTED_EDGE ( 'NONE', *, *, #4308, .F. ) ;
#3245 = AXIS2_PLACEMENT_3D ( 'NONE', #4115, #9422, #7804 ) ;
#3246 = DIRECTION ( 'NONE',  ( -1.000000000000000000, 0.000000000000000000, 8.673617379884035472E-16 ) ) ;
#3247 = LINE ( 'NONE', #6083, #1742 ) ;
#3248 = DIRECTION ( 'NONE',  ( 1.000000000000000000, -0.000000000000000000, -0.000000000000000000 ) ) ;
#3249 = AXIS2_PLACEMENT_3D ( 'NONE', #4724, #8401, #7622 ) ;
#3250 = EDGE_CURVE ( 'NONE', #430, #6187, #3706, .T. ) ;
#3251 = CARTESIAN_POINT ( 'NONE',  ( 43.49999999999966604, -3.199999999999999289, -32.85000000000028564 ) ) ;
#3252 = DIRECTION ( 'NONE',  ( -0.000000000000000000, 1.000000000000000000, -0.000000000000000000 ) ) ;
#3253 = EDGE_CURVE ( 'NONE', #8647, #9629, #10293, .T. ) ;
#3254 = CARTESIAN_POINT ( 'NONE',  ( -15.00000000000000355, 1.000000000000000000, -15.00000000000000355 ) ) ;
#3255 = CARTESIAN_POINT ( 'NONE',  ( 41.99999999999963052, -10.81164547708036849, -37.52846840590178346 ) ) ;
#3256 = EDGE_LOOP ( 'NONE', ( #3940, #7309 ) ) ;
#3257 = EDGE_LOOP ( 'NONE', ( #8371, #6769, #3462, #5936 ) ) ;
#3258 = ORIENTED_EDGE ( 'NONE', *, *, #10114, .T. ) ;
#3259 = DIRECTION ( 'NONE',  ( 6.405132834375898506E-15, 0.000000000000000000, 1.000000000000000000 ) ) ;
#3260 = VERTEX_POINT ( 'NONE', #8366 ) ;
#3261 = CARTESIAN_POINT ( 'NONE',  ( 47.99999999999959499, -8.445734779608109477, -39.33931914395572704 ) ) ;
#3262 = B_SPLINE_CURVE_WITH_KNOTS ( 'NONE', 3,
 ( #3560, #8031, #10966, #10909, #6395, #8930, #658, #3444, #7128, #6577 ),
 .UNSPECIFIED., .F., .F.,
 ( 4, 2, 2, 2, 4 ),
 ( 0.04431461891056174413, 0.2832359641829216290, 0.5221573094552813821, 0.7610786547276412461, 0.9541619349851687693 ),
 .UNSPECIFIED. ) ;
#3263 = EDGE_CURVE ( 'NONE', #109, #9146, #2024, .T. ) ;
#3264 = AXIS2_PLACEMENT_3D ( 'NONE', #2467, #9091, #6151 ) ;
#3265 = DIRECTION ( 'NONE',  ( 3.491481338843133355E-15, -0.000000000000000000, 1.000000000000000000 ) ) ;
#3266 = LINE ( 'NONE', #6949, #2827 ) ;
#3267 = ADVANCED_FACE ( 'NONE', ( #11315 ), #5773, .T. ) ;
#3268 = LINE ( 'NONE', #6950, #11674 ) ;
#3269 = LINE ( 'NONE', #4345, #11513 ) ;
#3270 = CARTESIAN_POINT ( 'NONE',  ( -41.77288469158642670, -8.000000000000005329, 48.00000000000001421 ) ) ;
#3271 = VERTEX_POINT ( 'NONE', #9201 ) ;
#3272 = VERTEX_POINT ( 'NONE', #990 ) ;
#3273 = CARTESIAN_POINT ( 'NONE',  ( 48.00000000000000711, 0.000000000000000000, -5.027733127934113041E-13 ) ) ;
#3274 = CARTESIAN_POINT ( 'NONE',  ( 47.99999999999968026, -0.1999999999999999833, -31.30000000000033467 ) ) ;
#3275 = EDGE_LOOP ( 'NONE', ( #3416, #5572 ) ) ;
#3276 = EDGE_CURVE ( 'NONE', #5255, #2673, #11019, .T. ) ;
#3277 = AXIS2_PLACEMENT_3D ( 'NONE', #1412, #5103, #569 ) ;
#3278 = DIRECTION ( 'NONE',  ( -1.181088324069316513E-14, 0.000000000000000000, -1.000000000000000000 ) ) ;
#3279 = CARTESIAN_POINT ( 'NONE',  ( 50.00000000000093081, -3.199999999999999289, -28.94999999999965823 ) ) ;
#3280 = EDGE_CURVE ( 'NONE', #6138, #1300, #2810, .T. ) ;
#3281 = DIRECTION ( 'NONE',  ( 0.000000000000000000, -1.000000000000000000, 0.000000000000000000 ) ) ;
#3282 = CARTESIAN_POINT ( 'NONE',  ( 45.80000000000062244, -3.499999999999999556, 24.69999999999800622 ) ) ;
#3283 = DIRECTION ( 'NONE',  ( -0.000000000000000000, -1.000000000000000000, -0.000000000000000000 ) ) ;
#3284 = PLANE ( 'NONE',  #2811 ) ;
#3285 = AXIS2_PLACEMENT_3D ( 'NONE', #7330, #1040, #8292 ) ;
#3286 = VERTEX_POINT ( 'NONE', #9323 ) ;
#3287 = ORIENTED_EDGE ( 'NONE', *, *, #8259, .T. ) ;
#3288 = CARTESIAN_POINT ( 'NONE',  ( 35.75265504676806216, -8.455597640385493108, -42.00000000000001421 ) ) ;
#3289 = DIRECTION ( 'NONE',  ( -1.000000000000000000, -0.000000000000000000, 1.047444401652940007E-14 ) ) ;
#3290 = CARTESIAN_POINT ( 'NONE',  ( -31.29999999999983373, 1.000000000000000000, -48.00000000000000711 ) ) ;
#3291 = DIRECTION ( 'NONE',  ( 0.000000000000000000, 0.000000000000000000, -1.000000000000000000 ) ) ;
#3292 = CIRCLE ( 'NONE', #7533, 1.100000000000001199 ) ;
#3293 = DIRECTION ( 'NONE',  ( -1.000000000000000000, -0.000000000000000000, 3.491481338843133750E-15 ) ) ;
#3294 = LINE ( 'NONE', #1469, #4422 ) ;
#3295 = VERTEX_POINT ( 'NONE', #5580 ) ;
#3296 = ORIENTED_EDGE ( 'NONE', *, *, #1384, .F. ) ;
#3297 = ORIENTED_EDGE ( 'NONE', *, *, #313, .T. ) ;
#3298 = ORIENTED_EDGE ( 'NONE', *, *, #4459, .T. ) ;
#3299 = ORIENTED_EDGE ( 'NONE', *, *, #11394, .F. ) ;
#3300 = PRODUCT ( '-Z', '-Z', '', ( #1057 ) ) ;
#3301 = DIRECTION ( 'NONE',  ( 1.000000000000000000, -0.000000000000000000, 0.000000000000000000 ) ) ;
#3302 = EDGE_CURVE ( 'NONE', #11546, #7250, #9260, .T. ) ;
#3303 = AXIS2_PLACEMENT_3D ( 'NONE', #6181, #508, #4314 ) ;
#3304 = CARTESIAN_POINT ( 'NONE',  ( -24.69999999999738094, 1.000000000000000000, 43.44999999999865281 ) ) ;
#3305 = CARTESIAN_POINT ( 'NONE',  ( 42.00000000000039080, -3.199999999999999734, 36.54999999999968452 ) ) ;
#3306 = LINE ( 'NONE', #5349, #416 ) ;
#3307 = CARTESIAN_POINT ( 'NONE',  ( -31.62277660168379256, -1.000000000000000000, 7.499999999999999112 ) ) ;
#3308 = FACE_OUTER_BOUND ( 'NONE', #5873, .T. ) ;
#3309 = VECTOR ( 'NONE', #11295, 1000.000000000000000 ) ;
#3310 = FACE_OUTER_BOUND ( 'NONE', #9252, .T. ) ;
#3311 = ORIENTED_EDGE ( 'NONE', *, *, #7378, .F. ) ;
#3312 = VERTEX_POINT ( 'NONE', #87 ) ;
#3313 = AXIS2_PLACEMENT_3D ( 'NONE', #10805, #1396, #5201 ) ;
#3314 = EDGE_LOOP ( 'NONE', ( #11509, #11814, #6352, #1861, #5545, #4890, #3958, #3960, #7281, #6064, #3053 ) ) ;
#3315 = VECTOR ( 'NONE', #10399, 1000.000000000000000 ) ;
#3316 = CARTESIAN_POINT ( 'NONE',  ( 47.99999999999972289, -0.1999999999999999833, -27.10000000000033538 ) ) ;
#3317 = ORIENTED_EDGE ( 'NONE', *, *, #8808, .F. ) ;
#3318 = EDGE_CURVE ( 'NONE', #10433, #1269, #8532, .T. ) ;
#3319 = EDGE_CURVE ( 'NONE', #709, #1073, #7710, .T. ) ;
#3320 = CARTESIAN_POINT ( 'NONE',  ( -10.49999999999999822, -10.00000000000000178, 8.561999999999995836 ) ) ;
#3321 = VECTOR ( 'NONE', #1237, 1000.000000000000000 ) ;
#3322 = DIRECTION ( 'NONE',  ( 0.000000000000000000, 0.000000000000000000, -1.000000000000000000 ) ) ;
#3323 = CARTESIAN_POINT ( 'NONE',  ( -42.00000000000014211, -9.000000000000001776, -38.93703481765633967 ) ) ;
#3324 = CARTESIAN_POINT ( 'NONE',  ( -20.51918358845291834, -4.200000000000000178, 42.00000000000000711 ) ) ;
#3325 = CARTESIAN_POINT ( 'NONE',  ( 49.00000000000000711, 7.750000000000000000, 49.99999999999999289 ) ) ;
#3326 = ORIENTED_EDGE ( 'NONE', *, *, #11352, .T. ) ;
#3327 = CARTESIAN_POINT ( 'NONE',  ( -36.75130072734688014, -9.369698245453646379, 48.00000000000002132 ) ) ;
#3328 = ORIENTED_EDGE ( 'NONE', *, *, #6241, .T. ) ;
#3329 = ORIENTED_EDGE ( 'NONE', *, *, #9082, .T. ) ;
#3330 = CARTESIAN_POINT ( 'NONE',  ( 0.000000000000000000, 0.000000000000000000, -49.00000000000000711 ) ) ;
#3331 = ORIENTED_EDGE ( 'NONE', *, *, #7767, .T. ) ;
#3332 = EDGE_CURVE ( 'NONE', #187, #6548, #7826, .T. ) ;
#3333 = ADVANCED_FACE ( 'NONE', ( #4989 ), #5956, .F. ) ;
#3334 = VECTOR ( 'NONE', #6481, 1000.000000000000000 ) ;
#3335 = ADVANCED_FACE ( 'NONE', ( #7771 ), #1295, .F. ) ;
#3336 = CIRCLE ( 'NONE', #2363, 1.550000000000002709 ) ;
#3337 = CARTESIAN_POINT ( 'NONE',  ( 35.72419598204034230, -14.74252444900601944, -42.00000000000000711 ) ) ;
#3338 = DIRECTION ( 'NONE',  ( 0.000000000000000000, -0.000000000000000000, -1.000000000000000000 ) ) ;
#3339 = DIRECTION ( 'NONE',  ( -0.000000000000000000, -0.000000000000000000, -1.000000000000000000 ) ) ;
#3340 = CARTESIAN_POINT ( 'NONE',  ( -35.78531974251255576, -14.76013367977929391, -43.90312678207873631 ) ) ;
#3341 = CARTESIAN_POINT ( 'NONE',  ( 1.328486305947967017, -4.377770857960889828, 25.91060191264613266 ) ) ;
#3342 = DIRECTION ( 'NONE',  ( -0.4600512226161844187, 6.713040717402370562E-16, 0.8878923766816303464 ) ) ;
#3343 = ORIENTED_EDGE ( 'NONE', *, *, #9753, .T. ) ;
#3344 = ORIENTED_EDGE ( 'NONE', *, *, #10270, .F. ) ;
#3345 = AXIS2_PLACEMENT_3D ( 'NONE', #5227, #6027, #4326 ) ;
#3346 = EDGE_CURVE ( 'NONE', #1243, #7947, #8668, .T. ) ;
#3347 = EDGE_CURVE ( 'NONE', #6643, #216, #5895, .T. ) ;
#3348 = ADVANCED_FACE ( 'NONE', ( #6922, #2145, #2206 ), #3356, .T. ) ;
#3349 = VERTEX_POINT ( 'NONE', #3236 ) ;
#3350 = CIRCLE ( 'NONE', #11046, 2.349999999999997868 ) ;
#3351 = FACE_OUTER_BOUND ( 'NONE', #4620, .T. ) ;
#3352 = DIRECTION ( 'NONE',  ( 0.000000000000000000, 0.000000000000000000, -1.000000000000000000 ) ) ;
#3353 = VECTOR ( 'NONE', #6356, 1000.000000000000000 ) ;
#3354 = DIRECTION ( 'NONE',  ( -1.000000000000000000, 0.000000000000000000, 4.336808689942025625E-16 ) ) ;
#3355 = DIRECTION ( 'NONE',  ( 0.000000000000000000, -1.000000000000000000, -0.000000000000000000 ) ) ;
#3356 = PLANE ( 'NONE',  #3133 ) ;
#3357 = DIRECTION ( 'NONE',  ( 0.000000000000000000, 1.000000000000000000, 0.000000000000000000 ) ) ;
#3358 = AXIS2_PLACEMENT_3D ( 'NONE', #2897, #7431, #11094 ) ;
#3359 = ORIENTED_EDGE ( 'NONE', *, *, #11217, .T. ) ;
#3360 = ORIENTED_EDGE ( 'NONE', *, *, #2392, .T. ) ;
#3361 = ORIENTED_EDGE ( 'NONE', *, *, #4200, .T. ) ;
#3362 = ORIENTED_EDGE ( 'NONE', *, *, #4900, .F. ) ;
#3363 = EDGE_CURVE ( 'NONE', #9890, #410, #803, .T. ) ;
#3364 = ORIENTED_EDGE ( 'NONE', *, *, #8648, .F. ) ;
#3365 = VECTOR ( 'NONE', #3657, 1000.000000000000000 ) ;
#3366 = AXIS2_PLACEMENT_3D ( 'NONE', #1943, #10515, #9610 ) ;
#3367 = DIRECTION ( 'NONE',  ( 0.000000000000000000, 0.000000000000000000, 1.000000000000000000 ) ) ;
#3368 = CARTESIAN_POINT ( 'NONE',  ( -41.99999999999820943, -5.000000000000000000, 21.49897948556553118 ) ) ;
#3369 = LINE ( 'NONE', #5968, #9910 ) ;
#3370 = CARTESIAN_POINT ( 'NONE',  ( -48.00000000000014211, -3.199999999999999734, -38.09999999999966747 ) ) ;
#3371 = CARTESIAN_POINT ( 'NONE',  ( -16.59999999999983089, -1.000000000000000000, 49.99999999999999289 ) ) ;
#3372 = AXIS2_PLACEMENT_3D ( 'NONE', #2664, #6346, #9959 ) ;
#3373 = DIRECTION ( 'NONE',  ( 0.000000000000000000, 0.000000000000000000, -1.000000000000000000 ) ) ;
#3374 = DIRECTION ( 'NONE',  ( 0.000000000000000000, 1.000000000000000000, -0.000000000000000000 ) ) ;
#3375 = ORIENTED_EDGE ( 'NONE', *, *, #3253, .F. ) ;
#3376 = ORIENTED_EDGE ( 'NONE', *, *, #5845, .F. ) ;
#3377 = EDGE_LOOP ( 'NONE', ( #7902, #11695 ) ) ;
#3378 = DIRECTION ( 'NONE',  ( 0.000000000000000000, 0.000000000000000000, -1.000000000000000000 ) ) ;
#3379 = ORIENTED_EDGE ( 'NONE', *, *, #4735, .F. ) ;
#3380 = CARTESIAN_POINT ( 'NONE',  ( -27.09999999999983089, -1.000000000000000000, 42.00000000000000711 ) ) ;
#3381 = DIRECTION ( 'NONE',  ( 1.000000000000000000, -0.000000000000000000, -1.047444401652940007E-14 ) ) ;
#3382 = CARTESIAN_POINT ( 'NONE',  ( 43.49999999999960920, -3.199999999999999734, -38.10000000000028564 ) ) ;
#3383 = CYLINDRICAL_SURFACE ( 'NONE', #7362, 1.550000000000002709 ) ;
#3384 = DIRECTION ( 'NONE',  ( -1.000000000000000000, 0.000000000000000000, 0.000000000000000000 ) ) ;
#3385 = CARTESIAN_POINT ( 'NONE',  ( 37.50000000000000711, -11.60000000000000320, 42.89999999999999147 ) ) ;
#3386 = ORIENTED_EDGE ( 'NONE', *, *, #7926, .F. ) ;
#3387 = CARTESIAN_POINT ( 'NONE',  ( 41.49999999999915445, -1.000000000000000000, -50.00000000000015632 ) ) ;
#3388 = ORIENTED_EDGE ( 'NONE', *, *, #7980, .F. ) ;
#3389 = EDGE_CURVE ( 'NONE', #2516, #7054, #4257, .T. ) ;
#3390 = ORIENTED_EDGE ( 'NONE', *, *, #8153, .T. ) ;
#3391 = CARTESIAN_POINT ( 'NONE',  ( 0.000000000000000000, -1.000000000000000000, 32.50000000000000000 ) ) ;
#3392 = ORIENTED_EDGE ( 'NONE', *, *, #1930, .F. ) ;
#3393 = CARTESIAN_POINT ( 'NONE',  ( 50.00000000000000711, 1.000000000000000000, 48.99999999999999289 ) ) ;
#3394 = VECTOR ( 'NONE', #10705, 1000.000000000000000 ) ;
#3395 = LINE ( 'NONE', #434, #976 ) ;
#3396 = CIRCLE ( 'NONE', #10130, 1.000000000000000888 ) ;
#3397 = LINE ( 'NONE', #2544, #1036 ) ;
#3398 = EDGE_CURVE ( 'NONE', #1073, #3074, #6864, .T. ) ;
#3399 = CARTESIAN_POINT ( 'NONE',  ( -35.69391908161963300, -8.693516369550291500, -42.12132775565002163 ) ) ;
#3400 = CARTESIAN_POINT ( 'NONE',  ( 0.1411636522414476125, -3.298378529229150313, 26.60000000000000142 ) ) ;
#3401 = CARTESIAN_POINT ( 'NONE',  ( 43.49999999999969447, -3.199999999999999289, -30.50000000000028777 ) ) ;
#3402 = EDGE_CURVE ( 'NONE', #8468, #138, #1579, .T. ) ;
#3403 = ORIENTED_EDGE ( 'NONE', *, *, #3600, .F. ) ;
#3404 = VERTEX_POINT ( 'NONE', #10473 ) ;
#3405 = AXIS2_PLACEMENT_3D ( 'NONE', #405, #4101, #11448 ) ;
#3406 = VECTOR ( 'NONE', #3384, 1000.000000000000000 ) ;
#3407 = ORIENTED_EDGE ( 'NONE', *, *, #9271, .F. ) ;
#3408 = DIRECTION ( 'NONE',  ( 1.000000000000000000, 0.000000000000000000, -1.387778780781445676E-16 ) ) ;
#3409 = CARTESIAN_POINT ( 'NONE',  ( 41.99999999999960210, -3.199999999999999734, -39.64999999999969305 ) ) ;
#3410 = AXIS2_PLACEMENT_3D ( 'NONE', #4959, #5801, #4113 ) ;
#3411 = ADVANCED_FACE ( 'NONE', ( #11544 ), #4027, .F. ) ;
#3412 = DIRECTION ( 'NONE',  ( 1.000000000000000000, -0.000000000000000000, -0.000000000000000000 ) ) ;
#3413 = DIRECTION ( 'NONE',  ( 1.387778780781445676E-16, 0.000000000000000000, 1.000000000000000000 ) ) ;
#3414 = DIRECTION ( 'NONE',  ( -1.000000000000000000, 0.000000000000000000, 4.476705744456278510E-15 ) ) ;
#3415 = DIRECTION ( 'NONE',  ( 1.000000000000000000, 0.000000000000000000, 0.000000000000000000 ) ) ;
#3416 = ORIENTED_EDGE ( 'NONE', *, *, #3780, .T. ) ;
#3417 = EDGE_LOOP ( 'NONE', ( #4861, #604, #10221 ) ) ;
#3418 = VERTEX_POINT ( 'NONE', #10588 ) ;
#3419 = ORIENTED_EDGE ( 'NONE', *, *, #598, .T. ) ;
#3420 = ORIENTED_EDGE ( 'NONE', *, *, #4530, .F. ) ;
#3421 = AXIS2_PLACEMENT_3D ( 'NONE', #10666, #9700, #1428 ) ;
#3422 = LINE ( 'NONE', #462, #34 ) ;
#3423 = EDGE_CURVE ( 'NONE', #323, #1058, #4199, .T. ) ;
#3424 = VECTOR ( 'NONE', #6764, 1000.000000000000000 ) ;
#3425 = DIRECTION ( 'NONE',  ( -1.734723475976810250E-15, -0.000000000000000000, -1.000000000000000000 ) ) ;
#3426 = FACE_OUTER_BOUND ( 'NONE', #1827, .T. ) ;
#3427 = EDGE_CURVE ( 'NONE', #5134, #9106, #8726, .T. ) ;
#3428 = DIRECTION ( 'NONE',  ( 0.000000000000000000, -0.000000000000000000, -1.000000000000000000 ) ) ;
#3429 = DIRECTION ( 'NONE',  ( 2.952720810173291281E-15, 0.000000000000000000, 1.000000000000000000 ) ) ;
#3430 = VECTOR ( 'NONE', #10168, 1000.000000000000000 ) ;
#3431 = EDGE_CURVE ( 'NONE', #9412, #424, #451, .T. ) ;
#3432 = CARTESIAN_POINT ( 'NONE',  ( 39.77652549376226432, -11.50796415572370890, -48.00000000000000711 ) ) ;
#3433 = LINE ( 'NONE', #2341, #3230 ) ;
#3434 = ORIENTED_EDGE ( 'NONE', *, *, #3766, .F. ) ;
#3435 = ORIENTED_EDGE ( 'NONE', *, *, #11527, .F. ) ;
#3436 = ORIENTED_EDGE ( 'NONE', *, *, #9525, .T. ) ;
#3437 = CARTESIAN_POINT ( 'NONE',  ( -30.09999999999983089, -8.000000000000001776, 42.00000000000000711 ) ) ;
#3438 = EDGE_LOOP ( 'NONE', ( #5667, #80, #4889, #6999 ) ) ;
#3439 = ADVANCED_FACE ( 'NONE', ( #10530 ), #334, .F. ) ;
#3440 = CARTESIAN_POINT ( 'NONE',  ( 40.00000000000000000, -1.000000000000000000, -14.99999999999982592 ) ) ;
#3441 = CARTESIAN_POINT ( 'NONE',  ( 27.10000000000229292, -5.000000000000000000, -41.99999999999885603 ) ) ;
#3442 = CARTESIAN_POINT ( 'NONE',  ( -24.69999999999738094, -3.499999999999999556, 45.79999999999864713 ) ) ;
#3443 = CARTESIAN_POINT ( 'NONE',  ( -32.43344736815499374, -8.907552253791754637, -42.00000000000001421 ) ) ;
#3444 = CARTESIAN_POINT ( 'NONE',  ( 10.50000000000000178, -3.802627880767587509, 26.37152231797417556 ) ) ;
#3445 = DIRECTION ( 'NONE',  ( 1.000000000000000000, 0.000000000000000000, -3.491481338843133355E-15 ) ) ;
#3446 = ORIENTED_EDGE ( 'NONE', *, *, #8769, .T. ) ;
#3447 = ORIENTED_EDGE ( 'NONE', *, *, #297, .T. ) ;
#3448 = EDGE_LOOP ( 'NONE', ( #1032, #1228 ) ) ;
#3449 = DIRECTION ( 'NONE',  ( 1.000000000000000000, -0.000000000000000000, 0.000000000000000000 ) ) ;
#3450 = EDGE_LOOP ( 'NONE', ( #9311, #647, #2927, #6501, #2298, #10795, #3787 ) ) ;
#3451 = DIRECTION ( 'NONE',  ( -1.000000000000000000, 0.000000000000000000, 0.000000000000000000 ) ) ;
#3452 = CARTESIAN_POINT ( 'NONE',  ( -10.50000000000000178, -13.00000000000000178, 9.461999999999994415 ) ) ;
#3453 = CARTESIAN_POINT ( 'NONE',  ( 40.00000000000000000, 1.000000000000000000, 7.500000000000000000 ) ) ;
#3454 = CARTESIAN_POINT ( 'NONE',  ( 36.13766816143491667, -14.80000000000000071, -44.80122281838041687 ) ) ;
#3455 = EDGE_CURVE ( 'NONE', #7470, #6033, #229, .T. ) ;
#3456 = CARTESIAN_POINT ( 'NONE',  ( 15.00000000000000355, -1.000000000000000000, -15.00000000000000355 ) ) ;
#3457 = CARTESIAN_POINT ( 'NONE',  ( 36.54999999999953531, -3.199999999999999734, -43.50000000000001421 ) ) ;
#3458 = VERTEX_POINT ( 'NONE', #8959 ) ;
#3459 = EDGE_LOOP ( 'NONE', ( #4107, #8220, #4274, #3534 ) ) ;
#3460 = CIRCLE ( 'NONE', #2881, 1.000000000000000888 ) ;
#3461 = EDGE_CURVE ( 'NONE', #11464, #1643, #9975, .T. ) ;
#3462 = ORIENTED_EDGE ( 'NONE', *, *, #4885, .F. ) ;
#3463 = EDGE_CURVE ( 'NONE', #2566, #9833, #8317, .T. ) ;
#3464 = DIRECTION ( 'NONE',  ( 1.000000000000000000, -0.000000000000000000, -1.047444401652940007E-14 ) ) ;
#3465 = CARTESIAN_POINT ( 'NONE',  ( 41.49999999999983658, -1.000000000000001776, -42.00000000000000711 ) ) ;
#3466 = CIRCLE ( 'NONE', #4630, 32.50000000000000711 ) ;
#3467 = PLANE ( 'NONE',  #1202 ) ;
#3468 = CARTESIAN_POINT ( 'NONE',  ( -48.00000000000050449, -17.19238815542524534, -47.99999999999936051 ) ) ;
#3469 = DIRECTION ( 'NONE',  ( -1.000000000000000000, 0.000000000000000000, 3.491481338843133355E-15 ) ) ;
#3470 = CARTESIAN_POINT ( 'NONE',  ( -45.79999999999802185, -3.499999999999999556, 22.35000000000063025 ) ) ;
#3471 = ORIENTED_EDGE ( 'NONE', *, *, #294, .F. ) ;
#3472 = ORIENTED_EDGE ( 'NONE', *, *, #8728, .T. ) ;
#3473 = VERTEX_POINT ( 'NONE', #9854 ) ;
#3474 = VERTEX_POINT ( 'NONE', #629 ) ;
#3475 = ORIENTED_EDGE ( 'NONE', *, *, #3630, .T. ) ;
#3476 = EDGE_CURVE ( 'NONE', #9689, #6427, #3587, .T. ) ;
#3477 = AXIS2_PLACEMENT_3D ( 'NONE', #8217, #9175, #8277 ) ;
#3478 = DIRECTION ( 'NONE',  ( -3.491481338843133355E-15, 0.000000000000000000, -1.000000000000000000 ) ) ;
#3479 = EDGE_CURVE ( 'NONE', #215, #9992, #2621, .T. ) ;
#3480 = AXIS2_PLACEMENT_3D ( 'NONE', #3929, #5863, #7615 ) ;
#3481 = DIRECTION ( 'NONE',  ( 0.000000000000000000, -1.000000000000000000, 0.000000000000000000 ) ) ;
#3482 = DIRECTION ( 'NONE',  ( -1.181088324069314777E-14, 0.000000000000000000, -1.000000000000000000 ) ) ;
#3483 = CARTESIAN_POINT ( 'NONE',  ( 42.00000000000066080, -5.000000000000000000, -27.09999999999802611 ) ) ;
#3484 = FACE_OUTER_BOUND ( 'NONE', #9312, .T. ) ;
#3485 = CARTESIAN_POINT ( 'NONE',  ( 50.00000000000000711, -1.000000000000000000, 41.49999999999933209 ) ) ;
#3486 = CARTESIAN_POINT ( 'NONE',  ( -32.06331043636708245, -11.43735565217619055, 44.25568073206549968 ) ) ;
#3487 = ORIENTED_EDGE ( 'NONE', *, *, #593, .T. ) ;
#3488 = ORIENTED_EDGE ( 'NONE', *, *, #2608, .F. ) ;
#3489 = VERTEX_POINT ( 'NONE', #1704 ) ;
#3490 = DIRECTION ( 'NONE',  ( -0.000000000000000000, 1.000000000000000000, -0.000000000000000000 ) ) ;
#3491 = AXIS2_PLACEMENT_3D ( 'NONE', #9079, #10043, #1776 ) ;
#3492 = ADVANCED_FACE ( 'NONE', ( #10820 ), #10763, .F. ) ;
#3493 = EDGE_CURVE ( 'NONE', #9746, #4378, #5239, .T. ) ;
#3494 = EDGE_CURVE ( 'NONE', #2029, #2940, #6360, .T. ) ;
#3495 = LINE ( 'NONE', #5359, #1925 ) ;
#3496 = DIRECTION ( 'NONE',  ( -0.000000000000000000, -1.000000000000000000, -0.000000000000000000 ) ) ;
#3497 = TOROIDAL_SURFACE ( 'NONE', #2140, 7.949999999999998401, 3.600000000000000089 ) ;
#3498 = DIRECTION ( 'NONE',  ( 0.000000000000000000, 0.000000000000000000, -1.000000000000000000 ) ) ;
#3499 = CYLINDRICAL_SURFACE ( 'NONE', #2638, 1.550000000000002709 ) ;
#3500 = VECTOR ( 'NONE', #5742, 1000.000000000000000 ) ;
#3501 = LINE ( 'NONE', #1855, #6393 ) ;
#3502 = DIRECTION ( 'NONE',  ( 0.000000000000000000, 1.000000000000000000, 0.000000000000000000 ) ) ;
#3503 = CARTESIAN_POINT ( 'NONE',  ( 36.02532352016631734, -14.79999999744829964, -44.58439924387458575 ) ) ;
#3504 = VERTEX_POINT ( 'NONE', #9915 ) ;
#3505 = EDGE_LOOP ( 'NONE', ( #6709, #8467 ) ) ;
#3506 = ORIENTED_EDGE ( 'NONE', *, *, #1128, .T. ) ;
#3507 = DIRECTION ( 'NONE',  ( 0.000000000000000000, -1.000000000000000000, 0.000000000000000000 ) ) ;
#3508 = ORIENTED_EDGE ( 'NONE', *, *, #1126, .T. ) ;
#3509 = ADVANCED_FACE ( 'NONE', ( #5279 ), #11837, .F. ) ;
#3510 = VECTOR ( 'NONE', #701, 1000.000000000000000 ) ;
#3511 = CIRCLE ( 'NONE', #9474, 1.550000000000002709 ) ;
#3512 = LINE ( 'NONE', #4411, #3718 ) ;
#3513 = CARTESIAN_POINT ( 'NONE',  ( 0.000000000000000000, -5.000000000000000000, 0.000000000000000000 ) ) ;
#3514 = CARTESIAN_POINT ( 'NONE',  ( -48.99999999999999289, 1.000000000000000000, 42.50000000000051870 ) ) ;
#3515 = DIRECTION ( 'NONE',  ( 0.000000000000000000, 1.000000000000000000, 0.000000000000000000 ) ) ;
#3516 = CARTESIAN_POINT ( 'NONE',  ( -36.19999999999999574, -8.400000000000000355, 42.89999999999999147 ) ) ;
#3517 = DIRECTION ( 'NONE',  ( -1.000000000000000000, 0.000000000000000000, 0.000000000000000000 ) ) ;
#3518 = FACE_OUTER_BOUND ( 'NONE', #7429, .T. ) ;
#3519 = CIRCLE ( 'NONE', #5060, 1.000000000000000888 ) ;
#3520 = EDGE_LOOP ( 'NONE', ( #607, #4421, #381, #10520, #691, #3178, #4711, #7791, #2727, #11858 ) ) ;
#3521 = ORIENTED_EDGE ( 'NONE', *, *, #780, .T. ) ;
#3522 = CIRCLE ( 'NONE', #9865, 2.999999999999999112 ) ;
#3523 = VERTEX_POINT ( 'NONE', #7216 ) ;
#3524 = DIRECTION ( 'NONE',  ( 0.000000000000000000, 1.000000000000000000, 0.000000000000000000 ) ) ;
#3525 = DIRECTION ( 'NONE',  ( 1.387778780781444413E-14, 0.000000000000000000, 1.000000000000000000 ) ) ;
#3526 = AXIS2_PLACEMENT_3D ( 'NONE', #5673, #4653, #10191 ) ;
#3527 = CARTESIAN_POINT ( 'NONE',  ( -45.79999999999802185, -3.499999999999999556, 24.70000000000062812 ) ) ;
#3528 = CARTESIAN_POINT ( 'NONE',  ( 10.50000000000000178, -12.97385506146578926, 8.336881450591459242 ) ) ;
#3529 = DIRECTION ( 'NONE',  ( 0.000000000000000000, 0.000000000000000000, 1.000000000000000000 ) ) ;
#3530 = DIRECTION ( 'NONE',  ( 0.000000000000000000, 1.000000000000000000, 0.000000000000000000 ) ) ;
#3531 = ORIENTED_EDGE ( 'NONE', *, *, #2832, .F. ) ;
#3532 = ORIENTED_EDGE ( 'NONE', *, *, #10008, .F. ) ;
#3533 = ORIENTED_EDGE ( 'NONE', *, *, #10116, .F. ) ;
#3534 = ORIENTED_EDGE ( 'NONE', *, *, #6342, .T. ) ;
#3535 = ADVANCED_FACE ( 'NONE', ( #6133, #9130 ), #4431, .T. ) ;
#3536 = CIRCLE ( 'NONE', #9316, 2.350000000000001421 ) ;
#3537 = DIRECTION ( 'NONE',  ( 0.000000000000000000, 0.000000000000000000, -1.000000000000000000 ) ) ;
#3538 = AXIS2_PLACEMENT_3D ( 'NONE', #10662, #6932, #10774 ) ;
#3539 = FACE_OUTER_BOUND ( 'NONE', #10512, .T. ) ;
#3540 = CARTESIAN_POINT ( 'NONE',  ( -43.49999999999990763, -3.199999999999999289, -30.49999999999998579 ) ) ;
#3541 = FACE_OUTER_BOUND ( 'NONE', #7308, .T. ) ;
#3542 = LINE ( 'NONE', #7288, #10675 ) ;
#3543 = EDGE_CURVE ( 'NONE', #6139, #1, #7276, .T. ) ;
#3544 = AXIS2_PLACEMENT_3D ( 'NONE', #11011, #9869, #9143 ) ;
#3545 = DIRECTION ( 'NONE',  ( 0.000000000000000000, 0.000000000000000000, -1.000000000000000000 ) ) ;
#3546 = DIRECTION ( 'NONE',  ( 1.000000000000000000, 0.000000000000000000, -3.491481338843133355E-15 ) ) ;
#3547 = ORIENTED_EDGE ( 'NONE', *, *, #7676, .T. ) ;
#3548 = ORIENTED_EDGE ( 'NONE', *, *, #4296, .F. ) ;
#3549 = EDGE_CURVE ( 'NONE', #2360, #3504, #6602, .T. ) ;
#3550 = ORIENTED_EDGE ( 'NONE', *, *, #11111, .T. ) ;
#3551 = CARTESIAN_POINT ( 'NONE',  ( -40.00000000000000000, 1.000000000000000000, 14.99999999999982059 ) ) ;
#3552 = DIRECTION ( 'NONE',  ( -4.476705744456268255E-15, 0.000000000000000000, -1.000000000000000000 ) ) ;
#3553 = DIRECTION ( 'NONE',  ( -0.000000000000000000, 1.000000000000000000, -0.000000000000000000 ) ) ;
#3554 = CARTESIAN_POINT ( 'NONE',  ( -37.25580317607511205, -10.50398952121194007, -48.00000000000000000 ) ) ;
#3555 = VECTOR ( 'NONE', #1809, 1000.000000000000000 ) ;
#3556 = DIRECTION ( 'NONE',  ( 0.000000000000000000, 0.000000000000000000, -1.000000000000000000 ) ) ;
#3557 = FACE_OUTER_BOUND ( 'NONE', #10415, .T. ) ;
#3558 = EDGE_CURVE ( 'NONE', #4980, #4292, #8114, .T. ) ;
#3559 = DIRECTION ( 'NONE',  ( 1.000000000000000000, 0.000000000000000000, -1.047444401652940007E-14 ) ) ;
#3560 = CARTESIAN_POINT ( 'NONE',  ( 10.50000000000000178, -13.00000000000000533, 9.461999999999994415 ) ) ;
#3561 = CARTESIAN_POINT ( 'NONE',  ( 35.66480410531107026, -8.724036679808536476, -43.25603906705180179 ) ) ;
#3562 = VERTEX_POINT ( 'NONE', #10706 ) ;
#3563 = EDGE_LOOP ( 'NONE', ( #777, #5583, #3863, #7191, #8865, #3296 ) ) ;
#3564 = ORIENTED_EDGE ( 'NONE', *, *, #7692, .F. ) ;
#3565 = CARTESIAN_POINT ( 'NONE',  ( -49.99999999999821654, -5.000000000000000000, 16.59999999999918785 ) ) ;
#3566 = EDGE_CURVE ( 'NONE', #3271, #5425, #795, .T. ) ;
#3567 = ORIENTED_EDGE ( 'NONE', *, *, #130, .T. ) ;
#3568 = FACE_OUTER_BOUND ( 'NONE', #3595, .T. ) ;
#3569 = EDGE_CURVE ( 'NONE', #5285, #6253, #4091, .T. ) ;
#3570 = DIRECTION ( 'NONE',  ( -6.938893903907222067E-15, 0.000000000000000000, -1.000000000000000000 ) ) ;
#3571 = CARTESIAN_POINT ( 'NONE',  ( 33.20488788269683766, -8.224558245855050131, 43.72479919147609451 ) ) ;
#3572 = DIRECTION ( 'NONE',  ( -0.000000000000000000, 1.000000000000000000, -0.000000000000000000 ) ) ;
#3573 = EDGE_CURVE ( 'NONE', #5220, #9992, #221, .T. ) ;
#3574 = DIRECTION ( 'NONE',  ( -0.000000000000000000, -1.000000000000000000, 0.000000000000000000 ) ) ;
#3575 = CARTESIAN_POINT ( 'NONE',  ( 27.09999999999983089, -0.1999999999999999833, 48.00000000000000711 ) ) ;
#3576 = DIRECTION ( 'NONE',  ( -1.000000000000000000, -0.000000000000000000, 1.734723475976807094E-15 ) ) ;
#3577 = EDGE_CURVE ( 'NONE', #10267, #1089, #6184, .T. ) ;
#3578 = ORIENTED_EDGE ( 'NONE', *, *, #2789, .F. ) ;
#3579 = ORIENTED_EDGE ( 'NONE', *, *, #10031, .F. ) ;
#3580 = AXIS2_PLACEMENT_3D ( 'NONE', #11699, #4471, #5428 ) ;
#3581 = AXIS2_PLACEMENT_3D ( 'NONE', #9712, #4226, #7005 ) ;
#3582 = EDGE_LOOP ( 'NONE', ( #2627, #11063, #4202, #3757 ) ) ;
#3583 = CARTESIAN_POINT ( 'NONE',  ( 39.45997223420407352, -5.039888826454141046, -42.00000000000001421 ) ) ;
#3584 = DIRECTION ( 'NONE',  ( -0.000000000000000000, -0.000000000000000000, 1.000000000000000000 ) ) ;
#3585 = LINE ( 'NONE', #1945, #2334 ) ;
#3586 = CARTESIAN_POINT ( 'NONE',  ( 28.94999999999952678, -3.199999999999999289, -43.50000000000001421 ) ) ;
#3587 = LINE ( 'NONE', #805, #10441 ) ;
#3588 = DIRECTION ( 'NONE',  ( 1.000000000000000000, 0.000000000000000000, 0.000000000000000000 ) ) ;
#3589 = TOROIDAL_SURFACE ( 'NONE', #10526, 0.9499999999999998446, 3.399999999999999911 ) ;
#3590 = AXIS2_PLACEMENT_3D ( 'NONE', #9421, #3936, #4658 ) ;
#3591 = CARTESIAN_POINT ( 'NONE',  ( 41.49999999999983658, -7.120351610792805985, 42.00000000000000711 ) ) ;
#3592 = ORIENTED_EDGE ( 'NONE', *, *, #6879, .F. ) ;
#3593 = ORIENTED_EDGE ( 'NONE', *, *, #10181, .T. ) ;
#3594 = VERTEX_POINT ( 'NONE', #9436 ) ;
#3595 = EDGE_LOOP ( 'NONE', ( #11228, #4144, #5064 ) ) ;
#3596 = CARTESIAN_POINT ( 'NONE',  ( -48.00000000000050449, -8.192981740370447241, -47.99999999999936051 ) ) ;
#3597 = VECTOR ( 'NONE', #8617, 1000.000000000000000 ) ;
#3598 = DIRECTION ( 'NONE',  ( 0.000000000000000000, 1.000000000000000000, 0.000000000000000000 ) ) ;
#3599 = DIRECTION ( 'NONE',  ( -1.396592535537253342E-14, -0.000000000000000000, -1.000000000000000000 ) ) ;
#3600 = EDGE_CURVE ( 'NONE', #4378, #9746, #986, .T. ) ;
#3601 = CARTESIAN_POINT ( 'NONE',  ( -40.32213160247610517, -7.435002167928476347, 42.00000000000000711 ) ) ;
#3602 = CARTESIAN_POINT ( 'NONE',  ( -35.89586187348503188, -5.000000000000001776, 42.00000000000000711 ) ) ;
#3603 = CARTESIAN_POINT ( 'NONE',  ( -10.50000000000000000, -10.00000000000000178, 7.461999999999994415 ) ) ;
#3604 = CARTESIAN_POINT ( 'NONE',  ( -32.86226415094330378, -8.000000000000003553, 45.68962710804181881 ) ) ;
#3605 = ORIENTED_EDGE ( 'NONE', *, *, #5782, .T. ) ;
#3606 = ORIENTED_EDGE ( 'NONE', *, *, #8777, .F. ) ;
#3607 = AXIS2_PLACEMENT_3D ( 'NONE', #1647, #9129, #1885 ) ;
#3608 = ORIENTED_EDGE ( 'NONE', *, *, #7044, .T. ) ;
#3609 = DIRECTION ( 'NONE',  ( -0.000000000000000000, -0.000000000000000000, -1.000000000000000000 ) ) ;
#3610 = VECTOR ( 'NONE', #3576, 1000.000000000000000 ) ;
#3611 = AXIS2_PLACEMENT_3D ( 'NONE', #3981, #10432, #2165 ) ;
#3612 = PLANE ( 'NONE',  #1079 ) ;
#3613 = ADVANCED_FACE ( 'NONE', ( #260 ), #9308, .T. ) ;
#3614 = LINE ( 'NONE', #5536, #3871 ) ;
#3615 = CARTESIAN_POINT ( 'NONE',  ( -38.69222881987304419, -11.23446321510873425, -48.00000000000001421 ) ) ;
#3616 = VECTOR ( 'NONE', #10836, 1000.000000000000000 ) ;
#3617 = ADVANCED_FACE ( 'NONE', ( #8348 ), #1039, .F. ) ;
#3618 = CARTESIAN_POINT ( 'NONE',  ( 45.80000000000062244, -3.499999999999999556, 22.34999999999800835 ) ) ;
#3619 = CARTESIAN_POINT ( 'NONE',  ( 0.000000000000000000, -1.000000000000000000, 0.000000000000000000 ) ) ;
#3620 = LINE ( 'NONE', #771, #8029 ) ;
#3621 = PLANE ( 'NONE',  #2622 ) ;
#3622 = FACE_BOUND ( 'NONE', #8776, .T. ) ;
#3623 = ORIENTED_EDGE ( 'NONE', *, *, #235, .T. ) ;
#3624 = ORIENTED_EDGE ( 'NONE', *, *, #7122, .F. ) ;
#3625 = EDGE_LOOP ( 'NONE', ( #1328, #9313, #291, #775, #10170, #4529 ) ) ;
#3626 = DIRECTION ( 'NONE',  ( 1.000000000000000000, 0.000000000000000000, 0.000000000000000000 ) ) ;
#3627 = VERTEX_POINT ( 'NONE', #11177 ) ;
#3628 = AXIS2_PLACEMENT_3D ( 'NONE', #10294, #8303, #2025 ) ;
#3629 = AXIS2_PLACEMENT_3D ( 'NONE', #5075, #4405, #5986 ) ;
#3630 = EDGE_CURVE ( 'NONE', #9878, #8134, #1957, .T. ) ;
#3631 = DIRECTION ( 'NONE',  ( 0.000000000000000000, -1.000000000000000000, 0.000000000000000000 ) ) ;
#3632 = EDGE_CURVE ( 'NONE', #2327, #309, #1569, .T. ) ;
#3633 = CARTESIAN_POINT ( 'NONE',  ( 33.14704736774545069, -11.57666643643168847, 43.04055527661591896 ) ) ;
#3634 = CARTESIAN_POINT ( 'NONE',  ( -10.49999999999999822, -13.00000000000000178, 6.361999999999993882 ) ) ;
#3635 = DIRECTION ( 'NONE',  ( 0.000000000000000000, 0.000000000000000000, -1.000000000000000000 ) ) ;
#3636 = DIRECTION ( 'NONE',  ( 0.000000000000000000, 0.000000000000000000, 1.000000000000000000 ) ) ;
#3637 = LINE ( 'NONE', #911, #10213 ) ;
#3638 = ORIENTED_EDGE ( 'NONE', *, *, #11379, .T. ) ;
#3639 = ORIENTED_EDGE ( 'NONE', *, *, #845, .T. ) ;
#3640 = ADVANCED_FACE ( 'NONE', ( #10093 ), #7512, .T. ) ;
#3641 = ORIENTED_EDGE ( 'NONE', *, *, #8469, .T. ) ;
#3642 = DIRECTION ( 'NONE',  ( -0.000000000000000000, 1.000000000000000000, -0.000000000000000000 ) ) ;
#3643 = DIRECTION ( 'NONE',  ( 0.000000000000000000, 0.000000000000000000, -1.000000000000000000 ) ) ;
#3644 = DIRECTION ( 'NONE',  ( -1.000000000000000000, 0.000000000000000000, 0.000000000000000000 ) ) ;
#3645 = LINE ( 'NONE', #3468, #686 ) ;
#3646 = CARTESIAN_POINT ( 'NONE',  ( -43.50000000000014211, -3.199999999999999734, -38.09999999999968168 ) ) ;
#3647 = CYLINDRICAL_SURFACE ( 'NONE', #3285, 1.550000000000002709 ) ;
#3648 = LINE ( 'NONE', #3470, #3850 ) ;
#3649 = CARTESIAN_POINT ( 'NONE',  ( 27.09999999999983089, -0.1999999999999999833, 50.00000000000000711 ) ) ;
#3650 = ORIENTED_EDGE ( 'NONE', *, *, #2889, .F. ) ;
#3651 = ORIENTED_EDGE ( 'NONE', *, *, #8356, .T. ) ;
#3652 = ORIENTED_EDGE ( 'NONE', *, *, #8190, .T. ) ;
#3653 = FACE_OUTER_BOUND ( 'NONE', #4846, .T. ) ;
#3654 = DIRECTION ( 'NONE',  ( -1.047444401652940007E-14, 0.000000000000000000, -1.000000000000000000 ) ) ;
#3655 = CARTESIAN_POINT ( 'NONE',  ( 42.49999999999981526, 0.000000000000000000, -50.00000000000000711 ) ) ;
#3656 = DIRECTION ( 'NONE',  ( 0.000000000000000000, 0.000000000000000000, -1.000000000000000000 ) ) ;
#3657 = DIRECTION ( 'NONE',  ( 1.000000000000000000, 0.000000000000000000, 0.000000000000000000 ) ) ;
#3658 = LINE ( 'NONE', #3116, #11512 ) ;
#3659 = CARTESIAN_POINT ( 'NONE',  ( -29.92210892992489946, -8.000000000000003553, 47.53002879180115059 ) ) ;
#3660 = ORIENTED_EDGE ( 'NONE', *, *, #10100, .T. ) ;
#3661 = EDGE_LOOP ( 'NONE', ( #6191, #5584, #2388, #10034 ) ) ;
#3662 = CIRCLE ( 'NONE', #11740, 2.000000000000000000 ) ;
#3663 = ORIENTED_EDGE ( 'NONE', *, *, #6229, .T. ) ;
#3664 = DIRECTION ( 'NONE',  ( 0.000000000000000000, 0.000000000000000000, -1.000000000000000000 ) ) ;
#3665 = EDGE_CURVE ( 'NONE', #1858, #1401, #6613, .T. ) ;
#3666 = DIRECTION ( 'NONE',  ( 1.000000000000000000, 0.000000000000000000, -1.387778780781445676E-16 ) ) ;
#3667 = DIRECTION ( 'NONE',  ( 0.000000000000000000, 0.000000000000000000, -1.000000000000000000 ) ) ;
#3668 = FACE_OUTER_BOUND ( 'NONE', #9072, .T. ) ;
#3669 = DIRECTION ( 'NONE',  ( 0.000000000000000000, -1.000000000000000000, 0.000000000000000000 ) ) ;
#3670 = FACE_OUTER_BOUND ( 'NONE', #994, .T. ) ;
#3671 = CARTESIAN_POINT ( 'NONE',  ( 37.50000000000000711, -8.400000000000000355, 42.89999999999999147 ) ) ;
#3672 = CARTESIAN_POINT ( 'NONE',  ( -29.72263837147175636, -7.976787923685538573, -43.98455237872635593 ) ) ;
#3673 = AXIS2_PLACEMENT_3D ( 'NONE', #5520, #9140, #7342 ) ;
#3674 = FACE_OUTER_BOUND ( 'NONE', #880, .T. ) ;
#3675 = ORIENTED_EDGE ( 'NONE', *, *, #9658, .T. ) ;
#3676 = ORIENTED_EDGE ( 'NONE', *, *, #2889, .T. ) ;
#3677 = ORIENTED_EDGE ( 'NONE', *, *, #11009, .T. ) ;
#3678 = EDGE_CURVE ( 'NONE', #8434, #8090, #11198, .T. ) ;
#3679 = DIRECTION ( 'NONE',  ( -3.491481338843133355E-15, 0.000000000000000000, -1.000000000000000000 ) ) ;
#3680 = ORIENTED_EDGE ( 'NONE', *, *, #9216, .F. ) ;
#3681 = EDGE_CURVE ( 'NONE', #10418, #4787, #3124, .T. ) ;
#3682 = VECTOR ( 'NONE', #3014, 1000.000000000000000 ) ;
#3683 = B_SPLINE_CURVE_WITH_KNOTS ( 'NONE', 3,
 ( #4188, #5203, #8102, #7931, #5323, #11767, #11536, #6061, #9731, #1455 ),
 .UNSPECIFIED., .F., .F.,
 ( 4, 2, 2, 2, 4 ),
 ( 0.0008317307853987230886, 0.001527013309474016750, 0.002222295833549310304, 0.002917578357624604074, 0.003612860881699897844 ),
 .UNSPECIFIED. ) ;
#3684 = VECTOR ( 'NONE', #1099, 1000.000000000000000 ) ;
#3685 = DIRECTION ( 'NONE',  ( -1.000000000000000000, 0.000000000000000000, 3.491481338843133355E-15 ) ) ;
#3686 = VECTOR ( 'NONE', #134, 1000.000000000000000 ) ;
#3687 = DIRECTION ( 'NONE',  ( 0.000000000000000000, -0.000000000000000000, -1.000000000000000000 ) ) ;
#3688 = CARTESIAN_POINT ( 'NONE',  ( -38.09999999999983800, -3.199999999999999734, -48.00000000000000711 ) ) ;
#3689 = DIRECTION ( 'NONE',  ( 0.000000000000000000, 1.000000000000000000, 0.000000000000000000 ) ) ;
#3690 = DIRECTION ( 'NONE',  ( 0.000000000000000000, -1.000000000000000000, 0.000000000000000000 ) ) ;
#3691 = DIRECTION ( 'NONE',  ( 0.000000000000000000, 0.000000000000000000, 1.000000000000000000 ) ) ;
#3692 = EDGE_CURVE ( 'NONE', #4730, #9222, #3511, .T. ) ;
#3693 = ORIENTED_EDGE ( 'NONE', *, *, #6671, .F. ) ;
#3694 = ADVANCED_FACE ( 'NONE', ( #4797 ), #9, .T. ) ;
#3695 = VECTOR ( 'NONE', #6834, 1000.000000000000000 ) ;
#3696 = ORIENTED_EDGE ( 'NONE', *, *, #6757, .T. ) ;
#3697 = ORIENTED_EDGE ( 'NONE', *, *, #8425, .T. ) ;
#3698 = EDGE_CURVE ( 'NONE', #1711, #9705, #10280, .T. ) ;
#3699 = AXIS2_PLACEMENT_3D ( 'NONE', #6423, #5509, #1104 ) ;
#3700 = EDGE_LOOP ( 'NONE', ( #7469, #126 ) ) ;
#3701 = DIRECTION ( 'NONE',  ( -0.000000000000000000, -0.000000000000000000, 1.000000000000000000 ) ) ;
#3702 = DIRECTION ( 'NONE',  ( 0.000000000000000000, 0.000000000000000000, 1.000000000000000000 ) ) ;
#3703 = PLANE ( 'NONE',  #7983 ) ;
#3704 = AXIS2_PLACEMENT_3D ( 'NONE', #10488, #5001, #5850 ) ;
#3705 = CARTESIAN_POINT ( 'NONE',  ( 30.09999999999983089, -8.000000000000001776, -42.00000000000000711 ) ) ;
#3706 = CIRCLE ( 'NONE', #3901, 1.600000000000000755 ) ;
#3707 = CARTESIAN_POINT ( 'NONE',  ( -10.50000000000000178, -3.496065354647077683, 26.60427549970837902 ) ) ;
#3708 = CARTESIAN_POINT ( 'NONE',  ( -40.00000000000000711, -9.000000000000001776, -42.80000000000001137 ) ) ;
#3709 = CARTESIAN_POINT ( 'NONE',  ( -42.49999999999948841, 1.000000000000000000, 49.99999999999999289 ) ) ;
#3710 = EDGE_CURVE ( 'NONE', #11489, #1268, #2988, .T. ) ;
#3711 = AXIS2_PLACEMENT_3D ( 'NONE', #10288, #8942, #10919 ) ;
#3712 = VERTEX_POINT ( 'NONE', #4738 ) ;
#3713 = ORIENTED_EDGE ( 'NONE', *, *, #7786, .F. ) ;
#3714 = ORIENTED_EDGE ( 'NONE', *, *, #7491, .F. ) ;
#3715 = ORIENTED_EDGE ( 'NONE', *, *, #1154, .F. ) ;
#3716 = EDGE_CURVE ( 'NONE', #11319, #8765, #1184, .T. ) ;
#3717 = CARTESIAN_POINT ( 'NONE',  ( 16.60000000000228582, -5.000000000000000000, -49.99999999999883471 ) ) ;
#3718 = VECTOR ( 'NONE', #5372, 1000.000000000000000 ) ;
#3719 = CARTESIAN_POINT ( 'NONE',  ( -1.591855811182911973, -5.891280544539503339, 24.75496871110208374 ) ) ;
#3720 = CARTESIAN_POINT ( 'NONE',  ( -45.79999999999802185, -3.499999999999999556, -27.04999999999936833 ) ) ;
#3721 = EDGE_CURVE ( 'NONE', #2636, #7485, #4665, .T. ) ;
#3722 = DIRECTION ( 'NONE',  ( 0.000000000000000000, 0.000000000000000000, -1.000000000000000000 ) ) ;
#3723 = DIRECTION ( 'NONE',  ( 0.000000000000000000, -1.000000000000000000, 0.000000000000000000 ) ) ;
#3724 = ADVANCED_FACE ( 'NONE', ( #10215 ), #1948, .T. ) ;
#3725 = DIRECTION ( 'NONE',  ( -0.7071067811864886199, 0.000000000000000000, 0.7071067811866064146 ) ) ;
#3726 = CARTESIAN_POINT ( 'NONE',  ( -31.85357734776577132, -8.635218059897630027, 43.16542834526025985 ) ) ;
#3727 = CARTESIAN_POINT ( 'NONE',  ( 38.09999999999954667, -3.199999999999999734, -42.00000000000000711 ) ) ;
#3728 = EDGE_LOOP ( 'NONE', ( #11180, #1596, #2269, #2446 ) ) ;
#3729 = ORIENTED_EDGE ( 'NONE', *, *, #8218, .F. ) ;
#3730 = VERTEX_POINT ( 'NONE', #6669 ) ;
#3731 = CARTESIAN_POINT ( 'NONE',  ( -21.65063509461091584, -1.000000000000000000, -12.50000000000010481 ) ) ;
#3732 = PRESENTATION_LAYER_ASSIGNMENT (  '', '', ( #6239 ) ) ;
#3733 = CARTESIAN_POINT ( 'NONE',  ( 29.93082056435775939, -7.995225921121116741, 41.22802851779653821 ) ) ;
#3734 = CARTESIAN_POINT ( 'NONE',  ( 10.50000000000000178, -8.697035635642704321, 16.21874602312323077 ) ) ;
#3735 = CARTESIAN_POINT ( 'NONE',  ( -35.51079567515210300, -9.495544401564933068, -48.00000000000002132 ) ) ;
#3736 = VECTOR ( 'NONE', #9274, 1000.000000000000000 ) ;
#3737 = FACE_BOUND ( 'NONE', #9414, .T. ) ;
#3738 = CARTESIAN_POINT ( 'NONE',  ( 15.00000000000000355, 1.000000000000000000, 15.00000000000000355 ) ) ;
#3739 = AXIS2_PLACEMENT_3D ( 'NONE', #5386, #1759, #3525 ) ;
#3740 = CARTESIAN_POINT ( 'NONE',  ( 43.50000000000041211, -3.199999999999999734, 38.09999999999938325 ) ) ;
#3741 = CARTESIAN_POINT ( 'NONE',  ( 50.00000000000064659, -5.000000000000000000, 21.49897948556800031 ) ) ;
#3742 = CIRCLE ( 'NONE', #2583, 2.349999999999997868 ) ;
#3743 = DIRECTION ( 'NONE',  ( -0.000000000000000000, 1.000000000000000000, -0.000000000000000000 ) ) ;
#3744 = VERTEX_POINT ( 'NONE', #5761 ) ;
#3745 = ORIENTED_EDGE ( 'NONE', *, *, #1555, .T. ) ;
#3746 = ORIENTED_EDGE ( 'NONE', *, *, #9792, .F. ) ;
#3747 = CYLINDRICAL_SURFACE ( 'NONE', #3358, 2.349999999999997868 ) ;
#3748 = VERTEX_POINT ( 'NONE', #1161 ) ;
#3749 = AXIS2_PLACEMENT_3D ( 'NONE', #7814, #11532, #3157 ) ;
#3750 = CARTESIAN_POINT ( 'NONE',  ( 16.59999999999983444, -5.000000000000000000, 50.00000000000000711 ) ) ;
#3751 = FACE_OUTER_BOUND ( 'NONE', #2596, .T. ) ;
#3752 = CARTESIAN_POINT ( 'NONE',  ( 15.00000000000000355, -1.000000000000000000, 15.00000000000000355 ) ) ;
#3753 = EDGE_CURVE ( 'NONE', #7608, #9206, #11355, .T. ) ;
#3754 = DIRECTION ( 'NONE',  ( -1.396592535537253342E-14, -0.000000000000000000, -1.000000000000000000 ) ) ;
#3755 = CARTESIAN_POINT ( 'NONE',  ( 10.50000000000000000, -13.00000000000000178, 7.461999999999994415 ) ) ;
#3756 = LINE ( 'NONE', #4481, #4058 ) ;
#3757 = ORIENTED_EDGE ( 'NONE', *, *, #2492, .F. ) ;
#3758 = VECTOR ( 'NONE', #3128, 1000.000000000000000 ) ;
#3759 = ORIENTED_EDGE ( 'NONE', *, *, #4585, .F. ) ;
#3760 = ORIENTED_EDGE ( 'NONE', *, *, #1987, .T. ) ;
#3761 = ORIENTED_EDGE ( 'NONE', *, *, #9619, .T. ) ;
#3762 = DIRECTION ( 'NONE',  ( -0.000000000000000000, 1.000000000000000000, -0.000000000000000000 ) ) ;
#3763 = EDGE_CURVE ( 'NONE', #1627, #9207, #8135, .T. ) ;
#3764 = CARTESIAN_POINT ( 'NONE',  ( 50.00000000000064659, -5.000000000000000000, 27.10000000000163922 ) ) ;
#3765 = DIRECTION ( 'NONE',  ( 3.491481338843133355E-15, -0.000000000000000000, 1.000000000000000000 ) ) ;
#3766 = EDGE_CURVE ( 'NONE', #9917, #10036, #4130, .T. ) ;
#3767 = DIRECTION ( 'NONE',  ( 0.000000000000000000, 0.000000000000000000, -1.000000000000000000 ) ) ;
#3768 = CARTESIAN_POINT ( 'NONE',  ( -40.00000000000000711, -9.000000000000001776, -42.80000000000001137 ) ) ;
#3769 = DIRECTION ( 'NONE',  ( -0.000000000000000000, -0.000000000000000000, -1.000000000000000000 ) ) ;
#3770 = FACE_OUTER_BOUND ( 'NONE', #6471, .T. ) ;
#3771 = ORIENTED_EDGE ( 'NONE', *, *, #6434, .T. ) ;
#3772 = EDGE_LOOP ( 'NONE', ( #11782, #2016, #2448 ) ) ;
#3773 = ORIENTED_EDGE ( 'NONE', *, *, #10132, .F. ) ;
#3774 = ORIENTED_EDGE ( 'NONE', *, *, #11865, .T. ) ;
#3775 = PLANE ( 'NONE',  #7768 ) ;
#3776 = EDGE_CURVE ( 'NONE', #4878, #1343, #5868, .T. ) ;
#3777 = CYLINDRICAL_SURFACE ( 'NONE', #3673, 2.349999999999997868 ) ;
#3778 = CIRCLE ( 'NONE', #1649, 4.000000000000000000 ) ;
#3779 =( NAMED_UNIT ( * ) PLANE_ANGLE_UNIT ( ) SI_UNIT ( $, .RADIAN. ) );
#3780 = EDGE_CURVE ( 'NONE', #1091, #7030, #6013, .T. ) ;
#3781 = DIRECTION ( 'NONE',  ( -4.476705744456268255E-15, 0.000000000000000000, -1.000000000000000000 ) ) ;
#3782 = CARTESIAN_POINT ( 'NONE',  ( -10.49999999999999822, -13.00000000000000178, 7.461999999999994415 ) ) ;
#3783 = CYLINDRICAL_SURFACE ( 'NONE', #8634, 2.349999999999997868 ) ;
#3784 = DIRECTION ( 'NONE',  ( -4.476705744456268255E-15, 0.000000000000000000, -1.000000000000000000 ) ) ;
#3785 = DIRECTION ( 'NONE',  ( 0.000000000000000000, -0.000000000000000000, 1.000000000000000000 ) ) ;
#3786 = VERTEX_POINT ( 'NONE', #8712 ) ;
#3787 = ORIENTED_EDGE ( 'NONE', *, *, #1305, .F. ) ;
#3788 = ORIENTED_EDGE ( 'NONE', *, *, #1166, .F. ) ;
#3789 = CARTESIAN_POINT ( 'NONE',  ( 10.50000000000000000, -10.00000000000000178, 7.461999999999994415 ) ) ;
#3790 = ADVANCED_FACE ( 'NONE', ( #9613 ), #2254, .F. ) ;
#3791 = AXIS2_PLACEMENT_3D ( 'NONE', #99, #3793, #2642 ) ;
#3792 = AXIS2_PLACEMENT_3D ( 'NONE', #9354, #8582, #4839 ) ;
#3793 = DIRECTION ( 'NONE',  ( 0.000000000000000000, 0.000000000000000000, 1.000000000000000000 ) ) ;
#3794 = ADVANCED_FACE ( 'NONE', ( #6793 ), #3383, .F. ) ;
#3795 = DIRECTION ( 'NONE',  ( 0.000000000000000000, -1.000000000000000000, 0.000000000000000000 ) ) ;
#3796 = CARTESIAN_POINT ( 'NONE',  ( 47.99999999999957367, 1.000000000000000000, -41.50000000000017764 ) ) ;
#3797 = EDGE_CURVE ( 'NONE', #8404, #5220, #1339, .T. ) ;
#3798 = CARTESIAN_POINT ( 'NONE',  ( 50.00000000000093792, -3.199999999999999289, 30.49999999999965894 ) ) ;
#3799 = CARTESIAN_POINT ( 'NONE',  ( -24.70000000000000995, 1.000000000000000000, -45.80000000000000426 ) ) ;
#3800 = CARTESIAN_POINT ( 'NONE',  ( 37.50000000000000711, -8.400000000000000355, 42.89999999999999147 ) ) ;
#3801 = CARTESIAN_POINT ( 'NONE',  ( 37.50000000000000711, -9.000000000000001776, 40.54999999999999716 ) ) ;
#3802 = CYLINDRICAL_SURFACE ( 'NONE', #10733, 1.550000000000002709 ) ;
#3803 = LINE ( 'NONE', #7484, #10807 ) ;
#3804 = VERTEX_POINT ( 'NONE', #5250 ) ;
#3805 = ORIENTED_EDGE ( 'NONE', *, *, #2535, .F. ) ;
#3806 = EDGE_LOOP ( 'NONE', ( #4693, #9253, #5637, #1474 ) ) ;
#3807 = CARTESIAN_POINT ( 'NONE',  ( 41.99999999999969447, -8.000000000000001776, -30.10000000000027143 ) ) ;
#3808 = ORIENTED_EDGE ( 'NONE', *, *, #9003, .T. ) ;
#3809 = CIRCLE ( 'NONE', #5146, 2.000000000000000000 ) ;
#3810 = CARTESIAN_POINT ( 'NONE',  ( 21.65063509461108993, 1.000000000000000000, -12.49999999999980105 ) ) ;
#3811 = CARTESIAN_POINT ( 'NONE',  ( -36.19999999999999574, -15.00000000000000355, 40.54999999999999716 ) ) ;
#3812 = DIRECTION ( 'NONE',  ( 0.000000000000000000, 0.000000000000000000, 1.000000000000000000 ) ) ;
#3813 = CARTESIAN_POINT ( 'NONE',  ( -31.94412171226666075, -11.38313153259664290, 42.00000000000000711 ) ) ;
#3814 = CYLINDRICAL_SURFACE ( 'NONE', #10527, 2.000000000000000000 ) ;
#3815 = CARTESIAN_POINT ( 'NONE',  ( 48.00000000000033396, 1.000000000000000000, 31.29999999999933635 ) ) ;
#3816 = DIRECTION ( 'NONE',  ( 0.000000000000000000, 0.000000000000000000, 1.000000000000000000 ) ) ;
#3817 = AXIS2_PLACEMENT_3D ( 'NONE', #6808, #3965, #1353 ) ;
#3818 = ORIENTED_EDGE ( 'NONE', *, *, #7926, .T. ) ;
#3819 = EDGE_LOOP ( 'NONE', ( #10069, #4755, #5900, #1828 ) ) ;
#3820 = ORIENTED_EDGE ( 'NONE', *, *, #617, .T. ) ;
#3821 = ORIENTED_EDGE ( 'NONE', *, *, #11951, .T. ) ;
#3822 = EDGE_CURVE ( 'NONE', #11476, #1489, #11416, .T. ) ;
#3823 = ORIENTED_EDGE ( 'NONE', *, *, #7786, .T. ) ;
#3824 = FACE_OUTER_BOUND ( 'NONE', #747, .T. ) ;
#3825 = CARTESIAN_POINT ( 'NONE',  ( -36.19999999999999574, -5.000000000000001776, 42.89999999999999147 ) ) ;
#3826 = DIRECTION ( 'NONE',  ( 0.000000000000000000, 0.000000000000000000, 1.000000000000000000 ) ) ;
#3827 = LINE ( 'NONE', #257, #7935 ) ;
#3828 = CARTESIAN_POINT ( 'NONE',  ( 35.72419598203970992, -14.32721615709479046, -42.00000000000000711 ) ) ;
#3829 = CARTESIAN_POINT ( 'NONE',  ( -40.00000000000000711, -1.000000000000000000, -7.500000000000000000 ) ) ;
#3830 = CARTESIAN_POINT ( 'NONE',  ( -41.99999999999986500, -8.595666539559786656, 41.49999999999997868 ) ) ;
#3831 = ORIENTED_EDGE ( 'NONE', *, *, #5045, .T. ) ;
#3832 = VERTEX_POINT ( 'NONE', #3161 ) ;
#3833 = ORIENTED_EDGE ( 'NONE', *, *, #10126, .T. ) ;
#3834 = EDGE_CURVE ( 'NONE', #5872, #6264, #7443, .T. ) ;
#3835 = EDGE_CURVE ( 'NONE', #4661, #2801, #10597, .T. ) ;
#3836 = DIRECTION ( 'NONE',  ( 1.000000000000000000, 0.000000000000000000, -1.047444401652940007E-14 ) ) ;
#3837 = B_SPLINE_CURVE_WITH_KNOTS ( 'NONE', 3,
 ( #3830, #2014, #11838, #2923, #5569, #7453 ),
 .UNSPECIFIED., .F., .F.,
 ( 4, 2, 4 ),
 ( 0.002364924779335553576, 0.004392022286661429603, 0.006419119793987305631 ),
 .UNSPECIFIED. ) ;
#3838 = CARTESIAN_POINT ( 'NONE',  ( 30.49999999999983302, -3.199999999999999289, -43.50000000000001421 ) ) ;
#3839 = AXIS2_PLACEMENT_3D ( 'NONE', #11454, #9706, #10497 ) ;
#3840 = DIRECTION ( 'NONE',  ( 0.000000000000000000, 0.000000000000000000, -1.000000000000000000 ) ) ;
#3841 = DIRECTION ( 'NONE',  ( 0.000000000000000000, 0.000000000000000000, -1.000000000000000000 ) ) ;
#3842 = FACE_OUTER_BOUND ( 'NONE', #6813, .T. ) ;
#3843 = DIRECTION ( 'NONE',  ( -1.396592535537253342E-14, -0.000000000000000000, -1.000000000000000000 ) ) ;
#3844 = CARTESIAN_POINT ( 'NONE',  ( -21.65063509461091584, 1.000000000000000000, -12.50000000000010481 ) ) ;
#3845 = VERTEX_POINT ( 'NONE', #4640 ) ;
#3846 = ORIENTED_EDGE ( 'NONE', *, *, #8885, .F. ) ;
#3847 = EDGE_CURVE ( 'NONE', #4220, #9833, #2769, .T. ) ;
#3848 = ORIENTED_EDGE ( 'NONE', *, *, #2458, .F. ) ;
#3849 = LINE ( 'NONE', #4576, #2004 ) ;
#3850 = VECTOR ( 'NONE', #1591, 1000.000000000000000 ) ;
#3851 = EDGE_CURVE ( 'NONE', #8807, #7324, #3501, .T. ) ;
#3852 = PLANE ( 'NONE',  #3023 ) ;
#3853 = CARTESIAN_POINT ( 'NONE',  ( -12.49999999999999822, -10.00000000000000178, 7.461999999999996191 ) ) ;
#3854 = CARTESIAN_POINT ( 'NONE',  ( -35.64620518483712175, -14.71870511952360694, -42.95571779725953121 ) ) ;
#3855 = CARTESIAN_POINT ( 'NONE',  ( -41.49999999999949551, 1.000000000000000000, 48.00000000000000711 ) ) ;
#3856 = DIRECTION ( 'NONE',  ( 0.000000000000000000, -1.000000000000000000, 0.000000000000000000 ) ) ;
#3857 = DIRECTION ( 'NONE',  ( 1.000000000000000000, -0.000000000000000000, -3.491481338843133355E-15 ) ) ;
#3858 = AXIS2_PLACEMENT_3D ( 'NONE', #2243, #1151, #4845 ) ;
#3859 = DIRECTION ( 'NONE',  ( -0.000000000000000000, -1.000000000000000000, -0.000000000000000000 ) ) ;
#3860 = DIRECTION ( 'NONE',  ( 0.000000000000000000, -1.000000000000000000, 0.000000000000000000 ) ) ;
#3861 = DIRECTION ( 'NONE',  ( -1.156482317317871764E-14, 0.000000000000000000, -1.000000000000000000 ) ) ;
#3862 = ORIENTED_EDGE ( 'NONE', *, *, #11938, .F. ) ;
#3863 = ORIENTED_EDGE ( 'NONE', *, *, #295, .F. ) ;
#3864 = ORIENTED_EDGE ( 'NONE', *, *, #5087, .F. ) ;
#3865 = EDGE_CURVE ( 'NONE', #1528, #8251, #2155, .T. ) ;
#3866 = CARTESIAN_POINT ( 'NONE',  ( 47.99999999999953104, -8.192981740370584021, -48.00000000000034106 ) ) ;
#3867 = ORIENTED_EDGE ( 'NONE', *, *, #10748, .F. ) ;
#3868 = EDGE_CURVE ( 'NONE', #1108, #792, #6885, .T. ) ;
#3869 = ADVANCED_FACE ( 'NONE', ( #4465 ), #5422, .T. ) ;
#3870 = CARTESIAN_POINT ( 'NONE',  ( 41.99999999999969447, -8.000000000000001776, -30.10000000000027143 ) ) ;
#3871 = VECTOR ( 'NONE', #9333, 1000.000000000000000 ) ;
#3872 = DIRECTION ( 'NONE',  ( 0.000000000000000000, -1.000000000000000000, 0.000000000000000000 ) ) ;
#3873 = DIRECTION ( 'NONE',  ( 2.952720810173291281E-15, 0.000000000000000000, 1.000000000000000000 ) ) ;
#3874 = DIRECTION ( 'NONE',  ( 1.047444401652940007E-14, -0.000000000000000000, 1.000000000000000000 ) ) ;
#3875 = CARTESIAN_POINT ( 'NONE',  ( 41.99999999999967315, -3.199999999999999289, -32.04999999999969162 ) ) ;
#3876 = CARTESIAN_POINT ( 'NONE',  ( -47.99999999999986500, -1.000000000000000000, 48.00000000000000711 ) ) ;
#3877 = DIRECTION ( 'NONE',  ( -0.000000000000000000, 1.000000000000000000, -0.000000000000000000 ) ) ;
#3878 = ORIENTED_EDGE ( 'NONE', *, *, #10697, .T. ) ;
#3880 = ADVANCED_FACE ( 'NONE', ( #6457, #9217 ), #837, .T. ) ;
#3879 = VERTEX_POINT ( 'NONE', #5596 ) ;
#3881 = CARTESIAN_POINT ( 'NONE',  ( 0.000000000000000000, -5.000000000000000000, 0.000000000000000000 ) ) ;
#3882 = ORIENTED_EDGE ( 'NONE', *, *, #7474, .T. ) ;
#3883 = ORIENTED_EDGE ( 'NONE', *, *, #7044, .F. ) ;
#3884 = CIRCLE ( 'NONE', #6578, 1.550000000000002709 ) ;
#3885 = AXIS2_PLACEMENT_3D ( 'NONE', #10704, #3354, #4429 ) ;
#3886 = VERTEX_POINT ( 'NONE', #1914 ) ;
#3887 = PLANE ( 'NONE',  #2847 ) ;
#3888 = CARTESIAN_POINT ( 'NONE',  ( -10.49999999999999822, -9.999930192745603463, -14.40000007724585629 ) ) ;
#3889 = LINE ( 'NONE', #4851, #8753 ) ;
#3890 = CARTESIAN_POINT ( 'NONE',  ( 14.99999999999982236, 1.000000000000000000, 40.00000000000000000 ) ) ;
#3891 = DIRECTION ( 'NONE',  ( -0.000000000000000000, -0.000000000000000000, 1.000000000000000000 ) ) ;
#3892 = AXIS2_PLACEMENT_3D ( 'NONE', #5085, #7021, #10749 ) ;
#3893 = DIRECTION ( 'NONE',  ( -0.000000000000000000, 1.000000000000000000, -0.000000000000000000 ) ) ;
#3894 = DIRECTION ( 'NONE',  ( 0.000000000000000000, 0.000000000000000000, -1.000000000000000000 ) ) ;
#3895 = AXIS2_PLACEMENT_3D ( 'NONE', #10993, #8539, #1886 ) ;
#3896 = ORIENTED_EDGE ( 'NONE', *, *, #9310, .T. ) ;
#3897 = EDGE_LOOP ( 'NONE', ( #8321, #2393 ) ) ;
#3898 = EDGE_LOOP ( 'NONE', ( #6563, #2271, #10190, #2910, #123, #1725, #5855, #7145, #4134 ) ) ;
#3899 = DIRECTION ( 'NONE',  ( 0.000000000000000000, -1.000000000000000000, 0.000000000000000000 ) ) ;
#3900 = AXIS2_PLACEMENT_3D ( 'NONE', #6623, #6556, #10227 ) ;
#3901 = AXIS2_PLACEMENT_3D ( 'NONE', #5709, #3964, #7651 ) ;
#3902 = CARTESIAN_POINT ( 'NONE',  ( -42.00000000000014211, -14.34299143477628924, -38.92401336710710780 ) ) ;
#3903 = CARTESIAN_POINT ( 'NONE',  ( -10.49999999999999822, -13.00000000000000178, -11.29999999999999893 ) ) ;
#3904 = CARTESIAN_POINT ( 'NONE',  ( 35.43167050219556558, -8.969746245055253198, 48.00000000000000711 ) ) ;
#3905 = DIRECTION ( 'NONE',  ( 0.000000000000000000, 0.000000000000000000, 1.000000000000000000 ) ) ;
#3906 = EDGE_CURVE ( 'NONE', #6868, #4320, #11860, .T. ) ;
#3907 = FACE_OUTER_BOUND ( 'NONE', #3450, .T. ) ;
#3908 = FACE_BOUND ( 'NONE', #8876, .T. ) ;
#3909 = ORIENTED_EDGE ( 'NONE', *, *, #10192, .T. ) ;
#3910 = ORIENTED_EDGE ( 'NONE', *, *, #9884, .T. ) ;
#3911 = ORIENTED_EDGE ( 'NONE', *, *, #9513, .F. ) ;
#3912 = CARTESIAN_POINT ( 'NONE',  ( 0.000000000000000000, -5.000000000000000000, 0.000000000000000000 ) ) ;
#3913 = AXIS2_PLACEMENT_3D ( 'NONE', #3527, #9796, #740 ) ;
#3914 = AXIS2_PLACEMENT_3D ( 'NONE', #10714, #3246, #5170 ) ;
#3915 = DIRECTION ( 'NONE',  ( 1.000000000000000000, 0.000000000000000000, -1.047444401652940007E-14 ) ) ;
#3916 = DIRECTION ( 'NONE',  ( 0.000000000000000000, 0.000000000000000000, -1.000000000000000000 ) ) ;
#3917 = FACE_OUTER_BOUND ( 'NONE', #9162, .T. ) ;
#3918 = EDGE_CURVE ( 'NONE', #10605, #6857, #3620, .T. ) ;
#3919 = CARTESIAN_POINT ( 'NONE',  ( 1.109246402012289634, -4.927762093382981767, 21.57246802629559213 ) ) ;
#3920 = CARTESIAN_POINT ( 'NONE',  ( -49.99999999999820943, -5.000000000000000000, 27.09999999999918430 ) ) ;
#3921 = DIRECTION ( 'NONE',  ( 3.491481338843133750E-15, -0.000000000000000000, 1.000000000000000000 ) ) ;
#3922 = CYLINDRICAL_SURFACE ( 'NONE', #9582, 2.349999999999997868 ) ;
#3923 = CARTESIAN_POINT ( 'NONE',  ( -27.09999999999983089, -0.1999999999999999833, 48.00000000000000711 ) ) ;
#3924 = ORIENTED_EDGE ( 'NONE', *, *, #6206, .F. ) ;
#3925 = ORIENTED_EDGE ( 'NONE', *, *, #8010, .T. ) ;
#3926 = DIRECTION ( 'NONE',  ( 1.000000000000000000, 0.000000000000000000, 0.000000000000000000 ) ) ;
#3927 = VERTEX_POINT ( 'NONE', #7305 ) ;
#3928 = AXIS2_PLACEMENT_3D ( 'NONE', #8196, #2527, #4522 ) ;
#3929 = CARTESIAN_POINT ( 'NONE',  ( 12.49999999999999822, -13.00000000000000178, -2.183470289971815090E-15 ) ) ;
#3930 = TOROIDAL_SURFACE ( 'NONE', #8549, 0.9499999999999998446, 3.399999999999999911 ) ;
#3931 = ADVANCED_FACE ( 'NONE', ( #6515 ), #11930, .F. ) ;
#3932 = CARTESIAN_POINT ( 'NONE',  ( -12.49999999999999822, -13.00000000000000178, -2.183470289971815090E-15 ) ) ;
#3933 = CARTESIAN_POINT ( 'NONE',  ( 0.000000000000000000, -1.000000000000000000, 0.000000000000000000 ) ) ;
#3934 = EDGE_CURVE ( 'NONE', #6037, #9005, #6485, .T. ) ;
#3935 = DIRECTION ( 'NONE',  ( 1.746776231977451974E-16, 0.000000000000000000, -1.000000000000000000 ) ) ;
#3936 = DIRECTION ( 'NONE',  ( -0.000000000000000000, 1.000000000000000000, 0.000000000000000000 ) ) ;
#3937 = VECTOR ( 'NONE', #8806, 1000.000000000000000 ) ;
#3938 = DIRECTION ( 'NONE',  ( -0.000000000000000000, 1.000000000000000000, -0.000000000000000000 ) ) ;
#3939 = DIRECTION ( 'NONE',  ( 1.000000000000000000, 0.000000000000000000, 0.000000000000000000 ) ) ;
#3940 = ORIENTED_EDGE ( 'NONE', *, *, #4308, .T. ) ;
#3941 = ORIENTED_EDGE ( 'NONE', *, *, #10786, .T. ) ;
#3942 = LINE ( 'NONE', #5022, #6552 ) ;
#3943 = AXIS2_PLACEMENT_3D ( 'NONE', #8914, #820, #4328 ) ;
#3944 = ORIENTED_EDGE ( 'NONE', *, *, #1601, .T. ) ;
#3945 = VECTOR ( 'NONE', #7823, 1000.000000000000000 ) ;
#3946 = EDGE_CURVE ( 'NONE', #4878, #3312, #11029, .T. ) ;
#3947 = CARTESIAN_POINT ( 'NONE',  ( 28.14999999999983160, -3.199999999999999289, -43.50000000000001421 ) ) ;
#3948 = ADVANCED_FACE ( 'NONE', ( #1676 ), #5363, .F. ) ;
#3949 = DIRECTION ( 'NONE',  ( 0.000000000000000000, 0.000000000000000000, -1.000000000000000000 ) ) ;
#3950 = DIRECTION ( 'NONE',  ( -0.000000000000000000, -0.000000000000000000, -1.000000000000000000 ) ) ;
#3951 = CIRCLE ( 'NONE', #10689, 24.99999999999999645 ) ;
#3952 = FACE_BOUND ( 'NONE', #1699, .T. ) ;
#3953 = DIRECTION ( 'NONE',  ( -1.047444401652940007E-14, -0.000000000000000000, -1.000000000000000000 ) ) ;
#3954 = CARTESIAN_POINT ( 'NONE',  ( -33.72730653887992958, -9.922630052194472583, -42.00000000000001421 ) ) ;
#3955 = CARTESIAN_POINT ( 'NONE',  ( -42.00000000000013500, -3.199999999999999734, -36.54999999999997584 ) ) ;
#3956 = EDGE_LOOP ( 'NONE', ( #7430, #11374, #6812, #7846 ) ) ;
#3957 = EDGE_LOOP ( 'NONE', ( #7369, #10912 ) ) ;
#3958 = ORIENTED_EDGE ( 'NONE', *, *, #217, .T. ) ;
#3959 = DIRECTION ( 'NONE',  ( 1.000000000000000000, 0.000000000000000000, -8.953411488912536510E-15 ) ) ;
#3960 = ORIENTED_EDGE ( 'NONE', *, *, #4885, .T. ) ;
#3961 = CARTESIAN_POINT ( 'NONE',  ( -42.00000000000013500, -9.663282543059462881, -36.43345794764974244 ) ) ;
#3962 = DIRECTION ( 'NONE',  ( 1.000000000000000000, -0.000000000000000000, -8.673617379884035472E-16 ) ) ;
#3963 = CARTESIAN_POINT ( 'NONE',  ( 24.69999999999848228, -8.000000000000001776, 44.25000000000036238 ) ) ;
#3964 = DIRECTION ( 'NONE',  ( 0.000000000000000000, 1.000000000000000000, 0.000000000000000000 ) ) ;
#3965 = DIRECTION ( 'NONE',  ( -0.000000000000000000, 1.000000000000000000, -0.000000000000000000 ) ) ;
#3966 = CARTESIAN_POINT ( 'NONE',  ( -32.04999999999913740, -3.199999999999999289, 50.00000000000158451 ) ) ;
#3967 = ORIENTED_EDGE ( 'NONE', *, *, #8552, .T. ) ;
#3968 = VERTEX_POINT ( 'NONE', #892 ) ;
#3969 = VERTEX_POINT ( 'NONE', #11810 ) ;
#3970 = EDGE_LOOP ( 'NONE', ( #2481, #78, #8061, #11726 ) ) ;
#3971 = VECTOR ( 'NONE', #3355, 1000.000000000000000 ) ;
#3972 = CARTESIAN_POINT ( 'NONE',  ( -10.49999999999999822, -13.00000000000000178, 7.461999999999994415 ) ) ;
#3973 = ADVANCED_FACE ( 'NONE', ( #8262 ), #946, .F. ) ;
#3974 = CARTESIAN_POINT ( 'NONE',  ( -10.50000000000000178, -9.990625292861620821, 8.802018131486097019 ) ) ;
#3975 = CIRCLE ( 'NONE', #11665, 11.15000000000000036 ) ;
#3976 = DIRECTION ( 'NONE',  ( -1.181088324069316513E-14, 0.000000000000000000, -1.000000000000000000 ) ) ;
#3977 = CARTESIAN_POINT ( 'NONE',  ( -0.2925335844687940168, -5.091120907511304416, 21.40910111797262516 ) ) ;
#3978 = LINE ( 'NONE', #7664, #7203 ) ;
#3979 = DIRECTION ( 'NONE',  ( 0.000000000000000000, 1.000000000000000000, 0.000000000000000000 ) ) ;
#3980 = FACE_BOUND ( 'NONE', #11844, .T. ) ;
#3981 = CARTESIAN_POINT ( 'NONE',  ( 37.50000000000000711, -8.400000000000000355, 41.94999999999999574 ) ) ;
#3982 = ORIENTED_EDGE ( 'NONE', *, *, #2153, .T. ) ;
#3983 = EDGE_LOOP ( 'NONE', ( #4147, #3746 ) ) ;
#3984 = AXIS2_PLACEMENT_3D ( 'NONE', #1871, #5319, #5552 ) ;
#3985 = AXIS2_PLACEMENT_3D ( 'NONE', #7437, #183, #6593 ) ;
#3986 = FACE_OUTER_BOUND ( 'NONE', #11921, .T. ) ;
#3987 = ORIENTED_EDGE ( 'NONE', *, *, #4942, .T. ) ;
#3988 = EDGE_CURVE ( 'NONE', #109, #11064, #9751, .T. ) ;
#3989 = EDGE_CURVE ( 'NONE', #3748, #8860, #3012, .T. ) ;
#3990 = LINE ( 'NONE', #3078, #1351 ) ;
#3991 = CIRCLE ( 'NONE', #506, 1.549999999999999378 ) ;
#3992 = VECTOR ( 'NONE', #2294, 1000.000000000000000 ) ;
#3993 = DIRECTION ( 'NONE',  ( -1.000000000000000000, 0.000000000000000000, 0.000000000000000000 ) ) ;
#3994 = CARTESIAN_POINT ( 'NONE',  ( 24.69999999999848228, -8.000000000000001776, 47.35000000000037090 ) ) ;
#3995 = DIRECTION ( 'NONE',  ( 1.156482317317873184E-14, 0.000000000000000000, 1.000000000000000000 ) ) ;
#3996 = PLANE ( 'NONE',  #5130 ) ;
#3997 = DIRECTION ( 'NONE',  ( -0.000000000000000000, -0.000000000000000000, -1.000000000000000000 ) ) ;
#3998 = DIRECTION ( 'NONE',  ( 0.000000000000000000, -1.000000000000000000, 0.000000000000000000 ) ) ;
#3999 = ORIENTED_EDGE ( 'NONE', *, *, #1713, .T. ) ;
#4000 = VERTEX_POINT ( 'NONE', #3801 ) ;
#4001 = CARTESIAN_POINT ( 'NONE',  ( 32.84999999999983089, -3.199999999999998845, -48.00000000000000711 ) ) ;
#4002 = CARTESIAN_POINT ( 'NONE',  ( 42.49999999999982947, 0.000000000000000000, -50.00000000000000711 ) ) ;
#4003 = ORIENTED_EDGE ( 'NONE', *, *, #8494, .T. ) ;
#4005 = CIRCLE ( 'NONE', #3005, 4.000000000000000000 ) ;
#4004 = CIRCLE ( 'NONE', #6503, 1.000000000000000888 ) ;
#4006 = EDGE_CURVE ( 'NONE', #11193, #2566, #2222, .T. ) ;
#4007 = AXIS2_PLACEMENT_3D ( 'NONE', #4218, #6090, #10667 ) ;
#4008 = EDGE_CURVE ( 'NONE', #11769, #3050, #10307, .T. ) ;
#4009 = CARTESIAN_POINT ( 'NONE',  ( -20.51918358845047052, -4.200000000000000178, -50.00000000000000711 ) ) ;
#4010 = CARTESIAN_POINT ( 'NONE',  ( 43.50000000000041211, -3.199999999999999734, 38.09999999999938325 ) ) ;
#4011 = CARTESIAN_POINT ( 'NONE',  ( 0.000000000000000000, -13.00000000000000178, 0.000000000000000000 ) ) ;
#4012 = CIRCLE ( 'NONE', #7091, 4.000000000000000000 ) ;
#4013 = DIRECTION ( 'NONE',  ( 0.000000000000000000, -1.000000000000000000, 0.000000000000000000 ) ) ;
#4014 = LINE ( 'NONE', #11298, #4936 ) ;
#4015 = CARTESIAN_POINT ( 'NONE',  ( -10.50000000000000178, -11.46508410774687547, 17.41753885185062245 ) ) ;
#4016 = CYLINDRICAL_SURFACE ( 'NONE', #575, 2.350000000000001421 ) ;
#4017 = ORIENTED_EDGE ( 'NONE', *, *, #6587, .T. ) ;
#4018 = ORIENTED_EDGE ( 'NONE', *, *, #2878, .F. ) ;
#4019 = ORIENTED_EDGE ( 'NONE', *, *, #720, .F. ) ;
#4020 = ADVANCED_FACE ( 'NONE', ( #7482 ), #1192, .F. ) ;
#4021 = EDGE_CURVE ( 'NONE', #362, #6969, #9338, .T. ) ;
#4022 = EDGE_CURVE ( 'NONE', #234, #5960, #11385, .T. ) ;
#4023 = ORIENTED_EDGE ( 'NONE', *, *, #7269, .T. ) ;
#4024 = CARTESIAN_POINT ( 'NONE',  ( 27.09999999999983089, -0.1999999999999999833, -48.00000000000000711 ) ) ;
#4025 = CARTESIAN_POINT ( 'NONE',  ( 40.00000000000000711, -9.000000000000001776, -42.80000000000001137 ) ) ;
#4026 = DIRECTION ( 'NONE',  ( 1.000000000000000000, -0.000000000000000000, 3.491481338843133355E-15 ) ) ;
#4027 = PLANE ( 'NONE',  #9863 ) ;
#4028 = FACE_OUTER_BOUND ( 'NONE', #2018, .T. ) ;
#4029 = FACE_BOUND ( 'NONE', #6111, .T. ) ;
#4030 = ORIENTED_EDGE ( 'NONE', *, *, #4383, .F. ) ;
#4031 = ORIENTED_EDGE ( 'NONE', *, *, #11734, .F. ) ;
#4032 = EDGE_LOOP ( 'NONE', ( #10781, #5343, #9948, #10552 ) ) ;
#4033 = ORIENTED_EDGE ( 'NONE', *, *, #2643, .F. ) ;
#4034 = CARTESIAN_POINT ( 'NONE',  ( -45.80000000000062244, -5.000000000000000000, 24.69999999999800622 ) ) ;
#4035 = CARTESIAN_POINT ( 'NONE',  ( 10.49999999999999822, -13.00000178703044540, -16.14843605350760569 ) ) ;
#4036 = CARTESIAN_POINT ( 'NONE',  ( -35.65540027017686242, -14.72173105677602400, -42.47715249336064858 ) ) ;
#4037 = DIRECTION ( 'NONE',  ( 1.000000000000000000, -0.000000000000000000, -1.047444401652940007E-14 ) ) ;
#4038 = CARTESIAN_POINT ( 'NONE',  ( 27.10000000000228582, -5.000000000000000000, -48.00000000000000711 ) ) ;
#4039 = CARTESIAN_POINT ( 'NONE',  ( -30.49999999999983302, -3.199999999999999289, -48.00000000000000711 ) ) ;
#4040 = FACE_BOUND ( 'NONE', #324, .T. ) ;
#4041 = DIRECTION ( 'NONE',  ( 0.000000000000000000, 0.000000000000000000, 1.000000000000000000 ) ) ;
#4042 = ORIENTED_EDGE ( 'NONE', *, *, #7065, .F. ) ;
#4043 = ORIENTED_EDGE ( 'NONE', *, *, #5457, .F. ) ;
#4044 = CARTESIAN_POINT ( 'NONE',  ( 24.69999999999784634, -3.499999999999999556, -45.80000000000070770 ) ) ;
#4045 = ORIENTED_EDGE ( 'NONE', *, *, #3346, .F. ) ;
#4046 = LINE ( 'NONE', #5069, #6372 ) ;
#4047 = FACE_OUTER_BOUND ( 'NONE', #5747, .T. ) ;
#4048 = DIRECTION ( 'NONE',  ( 1.047444401652940007E-14, 0.000000000000000000, 1.000000000000000000 ) ) ;
#4049 = DIRECTION ( 'NONE',  ( -1.000000000000000000, -0.000000000000000000, 3.491481338843133355E-15 ) ) ;
#4050 = CARTESIAN_POINT ( 'NONE',  ( 27.09999999999983089, -5.000000000000000000, 50.00000000000000711 ) ) ;
#4051 = DIRECTION ( 'NONE',  ( 2.952720810173286943E-15, 0.000000000000000000, 1.000000000000000000 ) ) ;
#4052 = ORIENTED_EDGE ( 'NONE', *, *, #11566, .F. ) ;
#4053 = ADVANCED_FACE ( 'NONE', ( #2102 ), #1252, .F. ) ;
#4054 = ORIENTED_EDGE ( 'NONE', *, *, #3865, .F. ) ;
#4055 = DIRECTION ( 'NONE',  ( -3.469446951953614189E-15, 0.000000000000000000, -1.000000000000000000 ) ) ;
#4056 = CARTESIAN_POINT ( 'NONE',  ( 42.00000000000041211, -9.044518833047096251, 39.90339434225140280 ) ) ;
#4057 = ORIENTED_EDGE ( 'NONE', *, *, #9673, .F. ) ;
#4058 = VECTOR ( 'NONE', #8160, 1000.000000000000000 ) ;
#4059 = AXIS2_PLACEMENT_3D ( 'NONE', #4457, #5127, #2644 ) ;
#4060 = CARTESIAN_POINT ( 'NONE',  ( 38.10000000000014353, -3.199999999999999734, 43.49999999999974420 ) ) ;
#4061 = CARTESIAN_POINT ( 'NONE',  ( -50.00000000000000000, -1.000000000000000000, -16.60000000000048104 ) ) ;
#4062 = DIRECTION ( 'NONE',  ( -0.000000000000000000, -0.000000000000000000, 1.000000000000000000 ) ) ;
#4063 = EDGE_CURVE ( 'NONE', #5163, #1164, #5728, .T. ) ;
#4064 = DIRECTION ( 'NONE',  ( 0.000000000000000000, 0.000000000000000000, 1.000000000000000000 ) ) ;
#4065 = CARTESIAN_POINT ( 'NONE',  ( 10.50000000000000178, -13.00000000000000178, -13.50000000000000000 ) ) ;
#4066 = CARTESIAN_POINT ( 'NONE',  ( 50.00000000000096634, -3.199999999999999734, -38.09999999999966036 ) ) ;
#4067 = CARTESIAN_POINT ( 'NONE',  ( 27.09999999999983089, -1.000000000000000000, 42.00000000000000711 ) ) ;
#4068 = EDGE_CURVE ( 'NONE', #9763, #4220, #10455, .T. ) ;
#4069 = AXIS2_PLACEMENT_3D ( 'NONE', #11912, #4563, #5642 ) ;
#4070 = ORIENTED_EDGE ( 'NONE', *, *, #5099, .F. ) ;
#4071 = ORIENTED_EDGE ( 'NONE', *, *, #1571, .T. ) ;
#4072 = ORIENTED_EDGE ( 'NONE', *, *, #6958, .T. ) ;
#4073 = VECTOR ( 'NONE', #1009, 1000.000000000000000 ) ;
#4074 = AXIS2_PLACEMENT_3D ( 'NONE', #10874, #8344, #3702 ) ;
#4075 = CARTESIAN_POINT ( 'NONE',  ( -42.00000000000013500, -8.173508334235073391, -33.40258451924751171 ) ) ;
#4076 = FACE_OUTER_BOUND ( 'NONE', #11151, .T. ) ;
#4077 = EDGE_CURVE ( 'NONE', #9451, #4232, #9526, .T. ) ;
#4078 = CIRCLE ( 'NONE', #9269, 32.50000000000000000 ) ;
#4079 = DIRECTION ( 'NONE',  ( 0.000000000000000000, 0.000000000000000000, -1.000000000000000000 ) ) ;
#4080 = CARTESIAN_POINT ( 'NONE',  ( 16.59999999999983444, -5.000000000000000000, 49.99999999999999289 ) ) ;
#4081 = DIRECTION ( 'NONE',  ( -3.491481338843133355E-15, 0.000000000000000000, -1.000000000000000000 ) ) ;
#4082 = CARTESIAN_POINT ( 'NONE',  ( 49.99999999999972289, -0.1999999999999999833, -27.10000000000035669 ) ) ;
#4083 = EDGE_CURVE ( 'NONE', #5049, #4512, #348, .T. ) ;
#4084 = LINE ( 'NONE', #6075, #5570 ) ;
#4085 = ORIENTED_EDGE ( 'NONE', *, *, #4193, .T. ) ;
#4086 = ORIENTED_EDGE ( 'NONE', *, *, #4221, .T. ) ;
#4087 = ORIENTED_EDGE ( 'NONE', *, *, #7612, .F. ) ;
#4088 = ORIENTED_EDGE ( 'NONE', *, *, #4585, .T. ) ;
#4089 = ORIENTED_EDGE ( 'NONE', *, *, #9370, .T. ) ;
#4090 = AXIS2_PLACEMENT_3D ( 'NONE', #11254, #4987, #4140 ) ;
#4091 = CIRCLE ( 'NONE', #7555, 2.000000000000000000 ) ;
#4092 = DIRECTION ( 'NONE',  ( -1.000000000000000000, 0.000000000000000000, 1.047444401652940007E-14 ) ) ;
#4093 = EDGE_CURVE ( 'NONE', #8834, #3879, #2431, .T. ) ;
#4094 = CARTESIAN_POINT ( 'NONE',  ( -10.49999999999999822, -12.68592329483566772, -17.96860346054955926 ) ) ;
#4095 = CYLINDRICAL_SURFACE ( 'NONE', #6453, 1.000000000000000888 ) ;
#4096 = EDGE_CURVE ( 'NONE', #1594, #9412, #7454, .T. ) ;
#4097 = CARTESIAN_POINT ( 'NONE',  ( 2.040080048482974640, -4.444348948828051427, 22.03124668316176482 ) ) ;
#4098 = DIRECTION ( 'NONE',  ( 0.000000000000000000, 0.000000000000000000, -1.000000000000000000 ) ) ;
#4099 = AXIS2_PLACEMENT_3D ( 'NONE', #2997, #2204, #8488 ) ;
#4100 = ADVANCED_FACE ( 'NONE', ( #7605 ), #8681, .T. ) ;
#4101 = DIRECTION ( 'NONE',  ( 1.000000000000000000, 0.000000000000000000, 0.000000000000000000 ) ) ;
#4102 = CARTESIAN_POINT ( 'NONE',  ( -6.400000000000000355, -10.00000000000000178, -12.90000000000000036 ) ) ;
#4103 = CARTESIAN_POINT ( 'NONE',  ( 41.99999999999962341, -10.63267816695667634, -37.38527981751724383 ) ) ;
#4104 = ORIENTED_EDGE ( 'NONE', *, *, #1014, .F. ) ;
#4105 = EDGE_LOOP ( 'NONE', ( #5794, #2898, #11611, #7831 ) ) ;
#4106 = CIRCLE ( 'NONE', #10830, 1.600000000000002531 ) ;
#4107 = ORIENTED_EDGE ( 'NONE', *, *, #8243, .F. ) ;
#4108 = CARTESIAN_POINT ( 'NONE',  ( 12.49999999999999822, -10.00000000000000178, 9.461999999999994415 ) ) ;
#4109 = ORIENTED_EDGE ( 'NONE', *, *, #10870, .F. ) ;
#4110 = DIRECTION ( 'NONE',  ( 1.000000000000000000, -1.204669080539449097E-16, 0.000000000000000000 ) ) ;
#4111 = VECTOR ( 'NONE', #1807, 1000.000000000000000 ) ;
#4112 = DIRECTION ( 'NONE',  ( -1.000000000000000000, 0.000000000000000000, 0.000000000000000000 ) ) ;
#4113 = DIRECTION ( 'NONE',  ( 1.000000000000000000, 0.000000000000000000, -1.387778780781445676E-16 ) ) ;
#4114 = CARTESIAN_POINT ( 'NONE',  ( -43.49999999999990763, -3.199999999999999289, 30.49999999999998224 ) ) ;
#4115 = CARTESIAN_POINT ( 'NONE',  ( -45.79999999999802185, -3.499999999999999556, -24.69999999999937046 ) ) ;
#4116 = CARTESIAN_POINT ( 'NONE',  ( -34.18634997358199001, -8.989843095352537006, 48.00000000000000711 ) ) ;
#4117 = VERTEX_POINT ( 'NONE', #7788 ) ;
#4118 = VERTEX_POINT ( 'NONE', #5914 ) ;
#4119 = DIRECTION ( 'NONE',  ( 0.000000000000000000, 1.000000000000000000, 0.000000000000000000 ) ) ;
#4120 = CARTESIAN_POINT ( 'NONE',  ( -47.99999999999986500, 1.000000000000000000, 41.50000000000000000 ) ) ;
#4121 = VERTEX_POINT ( 'NONE', #9583 ) ;
#4122 = CIRCLE ( 'NONE', #8350, 1.549999999999999378 ) ;
#4123 = CARTESIAN_POINT ( 'NONE',  ( -38.09999999999983800, -3.199999999999999734, 48.00000000000000711 ) ) ;
#4124 = EDGE_CURVE ( 'NONE', #6643, #5976, #9935, .T. ) ;
#4125 = CARTESIAN_POINT ( 'NONE',  ( -39.45595944021525980, -5.040306874636979906, -42.00000000000001421 ) ) ;
#4126 = CYLINDRICAL_SURFACE ( 'NONE', #3749, 1.549999999999999378 ) ;
#4127 = LINE ( 'NONE', #10751, #794 ) ;
#4128 = VECTOR ( 'NONE', #7899, 1000.000000000000000 ) ;
#4129 = FACE_BOUND ( 'NONE', #3153, .T. ) ;
#4130 = LINE ( 'NONE', #1224, #5823 ) ;
#4131 = CARTESIAN_POINT ( 'NONE',  ( 50.00000000000029132, -0.1999999999999999833, 27.09999999999930864 ) ) ;
#4132 = AXIS2_PLACEMENT_3D ( 'NONE', #9795, #11425, #10525 ) ;
#4133 = VECTOR ( 'NONE', #6210, 1000.000000000000000 ) ;
#4134 = ORIENTED_EDGE ( 'NONE', *, *, #11493, .T. ) ;
#4135 = ORIENTED_EDGE ( 'NONE', *, *, #9738, .T. ) ;
#4136 = ADVANCED_FACE ( 'NONE', ( #5003 ), #10548, .T. ) ;
#4137 = AXIS2_PLACEMENT_3D ( 'NONE', #373, #8771, #8594 ) ;
#4138 = CARTESIAN_POINT ( 'NONE',  ( 50.00000000000095923, -3.199999999999999734, -36.54999999999965610 ) ) ;
#4139 = CARTESIAN_POINT ( 'NONE',  ( 40.50308796632035069, -5.037933944727891244, -42.00000000000001421 ) ) ;
#4140 = DIRECTION ( 'NONE',  ( 4.476705744456268255E-15, 0.000000000000000000, 1.000000000000000000 ) ) ;
#4141 = CARTESIAN_POINT ( 'NONE',  ( -42.00000000000014211, -5.000000000000001776, -38.93703481765633967 ) ) ;
#4142 = CARTESIAN_POINT ( 'NONE',  ( -12.49999999999999822, -10.00000000000000178, 36.03266051117284974 ) ) ;
#4143 = CARTESIAN_POINT ( 'NONE',  ( 10.50000000000000000, -13.00000000000000178, 8.561999999999995836 ) ) ;
#4144 = ORIENTED_EDGE ( 'NONE', *, *, #2560, .T. ) ;
#4145 = ORIENTED_EDGE ( 'NONE', *, *, #4957, .F. ) ;
#4146 = ORIENTED_EDGE ( 'NONE', *, *, #10196, .F. ) ;
#4147 = ORIENTED_EDGE ( 'NONE', *, *, #8247, .F. ) ;
#4148 = EDGE_LOOP ( 'NONE', ( #49, #9747, #2697, #5008, #10084, #6488, #5748 ) ) ;
#4149 = EDGE_CURVE ( 'NONE', #8063, #2029, #4747, .T. ) ;
#4150 = CARTESIAN_POINT ( 'NONE',  ( 31.29999999999983373, 0.000000000000000000, 48.99999999999999289 ) ) ;
#4151 = EDGE_CURVE ( 'NONE', #2372, #1075, #7376, .T. ) ;
#4152 = CARTESIAN_POINT ( 'NONE',  ( 10.49999999999999822, -7.909625491199500757, -25.81232522714683242 ) ) ;
#4153 = CARTESIAN_POINT ( 'NONE',  ( -36.19999999999999574, -11.60000000000000320, 47.24999999999999289 ) ) ;
#4154 = CARTESIAN_POINT ( 'NONE',  ( 0.7036286476357198616, -5.034058921698575162, 21.46666902552585299 ) ) ;
#4155 = CARTESIAN_POINT ( 'NONE',  ( 10.49999999999999822, -9.745380757776372249, -17.26377963188577880 ) ) ;
#4156 = DIRECTION ( 'NONE',  ( -0.000000000000000000, 1.000000000000000000, -0.000000000000000000 ) ) ;
#4157 = CARTESIAN_POINT ( 'NONE',  ( 41.99999999999961631, -11.75443142007823916, -38.15817749243860391 ) ) ;
#4158 = ORIENTED_EDGE ( 'NONE', *, *, #1944, .T. ) ;
#4159 = ORIENTED_EDGE ( 'NONE', *, *, #54, .F. ) ;
#4160 = EDGE_CURVE ( 'NONE', #8062, #11045, #501, .T. ) ;
#4161 = AXIS2_PLACEMENT_3D ( 'NONE', #2714, #9949, #4532 ) ;
#4162 = ORIENTED_EDGE ( 'NONE', *, *, #5166, .T. ) ;
#4163 = DIRECTION ( 'NONE',  ( 0.000000000000000000, -1.000000000000000000, 0.000000000000000000 ) ) ;
#4164 = ORIENTED_EDGE ( 'NONE', *, *, #5457, .T. ) ;
#4165 = ADVANCED_FACE ( 'NONE', ( #3751 ), #7434, .T. ) ;
#4166 = VECTOR ( 'NONE', #2370, 1000.000000000000000 ) ;
#4167 = CARTESIAN_POINT ( 'NONE',  ( -12.49999999999999822, -10.00000000000000178, -12.40000000000000213 ) ) ;
#4168 = DIRECTION ( 'NONE',  ( 0.000000000000000000, 0.000000000000000000, 1.000000000000000000 ) ) ;
#4169 = FACE_OUTER_BOUND ( 'NONE', #7920, .T. ) ;
#4170 = CIRCLE ( 'NONE', #8793, 1.550000000000002709 ) ;
#4171 = VECTOR ( 'NONE', #1324, 1000.000000000000000 ) ;
#4172 = CARTESIAN_POINT ( 'NONE',  ( -42.00000000000015632, -5.556562696684967051, -41.49999999999968736 ) ) ;
#4173 = DIRECTION ( 'NONE',  ( 0.000000000000000000, -0.000000000000000000, 1.000000000000000000 ) ) ;
#4174 = FACE_OUTER_BOUND ( 'NONE', #1473, .T. ) ;
#4175 = ORIENTED_EDGE ( 'NONE', *, *, #1332, .F. ) ;
#4176 = ORIENTED_EDGE ( 'NONE', *, *, #1041, .F. ) ;
#4177 = PLANE ( 'NONE',  #4247 ) ;
#4178 = CARTESIAN_POINT ( 'NONE',  ( 34.84230668589167124, -5.540943773805200756, 42.00000000000001421 ) ) ;
#4179 = EDGE_LOOP ( 'NONE', ( #3982, #6135, #1815, #8907 ) ) ;
#4180 = AXIS2_PLACEMENT_3D ( 'NONE', #2156, #4998, #11441 ) ;
#4181 = AXIS2_PLACEMENT_3D ( 'NONE', #5072, #7912, #11399 ) ;
#4182 = LINE ( 'NONE', #7643, #11603 ) ;
#4183 = DIRECTION ( 'NONE',  ( 0.000000000000000000, 0.000000000000000000, -1.000000000000000000 ) ) ;
#4184 = DIRECTION ( 'NONE',  ( 8.673617379884051249E-16, -0.000000000000000000, 1.000000000000000000 ) ) ;
#4185 = FACE_OUTER_BOUND ( 'NONE', #1314, .T. ) ;
#4186 = LINE ( 'NONE', #2546, #6392 ) ;
#4187 = CARTESIAN_POINT ( 'NONE',  ( 0.9235977692164486497, -3.770182825399484905, 26.31029449690930377 ) ) ;
#4188 = CARTESIAN_POINT ( 'NONE',  ( -40.45587828773333428, -11.60000000000000320, 42.00000000000000711 ) ) ;
#4189 = VECTOR ( 'NONE', #5779, 1000.000000000000000 ) ;
#4190 = EDGE_LOOP ( 'NONE', ( #11455, #7320, #9147, #10220, #9161, #6167, #11167, #1490, #11433, #3447 ) ) ;
#4191 = VERTEX_POINT ( 'NONE', #2780 ) ;
#4192 = AXIS2_PLACEMENT_3D ( 'NONE', #9585, #7670, #11330 ) ;
#4193 = EDGE_CURVE ( 'NONE', #585, #8643, #6405, .T. ) ;
#4194 = ORIENTED_EDGE ( 'NONE', *, *, #1261, .T. ) ;
#4195 = DIRECTION ( 'NONE',  ( 1.387778780781445676E-16, 0.000000000000000000, 1.000000000000000000 ) ) ;
#4196 = DIRECTION ( 'NONE',  ( 1.000000000000000000, 0.000000000000000000, 0.000000000000000000 ) ) ;
#4197 = CARTESIAN_POINT ( 'NONE',  ( 42.00000000000018474, -0.9999999999999986677, 16.60000000000164277 ) ) ;
#4198 = FACE_OUTER_BOUND ( 'NONE', #5918, .T. ) ;
#4199 = LINE ( 'NONE', #8610, #4865 ) ;
#4200 = EDGE_CURVE ( 'NONE', #3118, #10954, #2719, .T. ) ;
#4201 = DIRECTION ( 'NONE',  ( -0.000000000000000000, 1.000000000000000000, -0.000000000000000000 ) ) ;
#4202 = ORIENTED_EDGE ( 'NONE', *, *, #2469, .F. ) ;
#4203 = ORIENTED_EDGE ( 'NONE', *, *, #5243, .F. ) ;
#4204 = ORIENTED_EDGE ( 'NONE', *, *, #4083, .T. ) ;
#4205 = ORIENTED_EDGE ( 'NONE', *, *, #11714, .F. ) ;
#4206 = VECTOR ( 'NONE', #10085, 1000.000000000000000 ) ;
#4207 = EDGE_CURVE ( 'NONE', #1164, #631, #9169, .T. ) ;
#4208 = ORIENTED_EDGE ( 'NONE', *, *, #5541, .F. ) ;
#4209 = AXIS2_PLACEMENT_3D ( 'NONE', #3385, #8759, #7068 ) ;
#4210 = FACE_BOUND ( 'NONE', #1445, .T. ) ;
#4211 = CARTESIAN_POINT ( 'NONE',  ( 50.00000000000000711, 0.000000000000000000, 42.49999999999998579 ) ) ;
#4212 = CARTESIAN_POINT ( 'NONE',  ( -48.00000000000044764, -1.000000000000000000, -41.49999999999933920 ) ) ;
#4213 = CIRCLE ( 'NONE', #150, 4.349999999999999645 ) ;
#4214 = LINE ( 'NONE', #9757, #6023 ) ;
#4215 = CYLINDRICAL_SURFACE ( 'NONE', #2377, 2.349999999999997868 ) ;
#4216 = ADVANCED_FACE ( 'NONE', ( #4414, #785, #10014, #10136, #10922, #11823 ), #1808, .T. ) ;
#4217 = FACE_BOUND ( 'NONE', #5195, .T. ) ;
#4218 = CARTESIAN_POINT ( 'NONE',  ( -43.49999999999990763, -3.199999999999999289, 30.49999999999998224 ) ) ;
#4219 = ORIENTED_EDGE ( 'NONE', *, *, #55, .F. ) ;
#4220 = VERTEX_POINT ( 'NONE', #11099 ) ;
#4221 = EDGE_CURVE ( 'NONE', #5007, #11390, #10716, .T. ) ;
#4222 = ORIENTED_EDGE ( 'NONE', *, *, #7870, .T. ) ;
#4223 = LINE ( 'NONE', #10607, #10083 ) ;
#4224 = VERTEX_POINT ( 'NONE', #906 ) ;
#4225 = DIRECTION ( 'NONE',  ( 0.000000000000000000, 0.000000000000000000, -1.000000000000000000 ) ) ;
#4226 = DIRECTION ( 'NONE',  ( -0.000000000000000000, 1.000000000000000000, -0.000000000000000000 ) ) ;
#4227 = CARTESIAN_POINT ( 'NONE',  ( 37.50000000000000711, -11.60000000000000320, 47.24999999999999289 ) ) ;
#4228 = EDGE_CURVE ( 'NONE', #9514, #5682, #5495, .T. ) ;
#4229 = CARTESIAN_POINT ( 'NONE',  ( -48.00000000000010658, -3.199999999999999289, -28.14999999999966462 ) ) ;
#4230 = FACE_OUTER_BOUND ( 'NONE', #6489, .T. ) ;
#4231 = CARTESIAN_POINT ( 'NONE',  ( -31.90029070641416098, -11.36327040205741490, 43.63572768197617080 ) ) ;
#4232 = VERTEX_POINT ( 'NONE', #8212 ) ;
#4233 = ORIENTED_EDGE ( 'NONE', *, *, #11785, .T. ) ;
#4234 = ADVANCED_FACE ( 'NONE', ( #4655 ), #8098, .F. ) ;
#4235 = CARTESIAN_POINT ( 'NONE',  ( 34.63924956402055955, -5.676101925916055002, 42.00000000000000711 ) ) ;
#4236 = ADVANCED_FACE ( 'NONE', ( #7197 ), #1087, .F. ) ;
#4237 = ORIENTED_EDGE ( 'NONE', *, *, #1529, .T. ) ;
#4238 = AXIS2_PLACEMENT_3D ( 'NONE', #189, #9916, #9015 ) ;
#4239 = DIRECTION ( 'NONE',  ( 1.000000000000000000, 0.000000000000000000, -3.491481338843133355E-15 ) ) ;
#4240 = CARTESIAN_POINT ( 'NONE',  ( -45.80000000000062244, -3.499999999999999556, -23.14999999999800551 ) ) ;
#4241 = CARTESIAN_POINT ( 'NONE',  ( 20.51918358845536972, -4.200000000000000178, -49.99999999999883471 ) ) ;
#4242 = CARTESIAN_POINT ( 'NONE',  ( -24.70000000000000995, -3.499999999999999556, -43.45000000000000995 ) ) ;
#4243 = EDGE_CURVE ( 'NONE', #113, #11109, #4170, .T. ) ;
#4244 = CARTESIAN_POINT ( 'NONE',  ( -40.00000000000000000, -1.000000000000000000, 7.500000000000000000 ) ) ;
#4245 = CARTESIAN_POINT ( 'NONE',  ( 1.592339576775518628, -5.888695258662722587, 24.75718391946105967 ) ) ;
#4246 = CARTESIAN_POINT ( 'NONE',  ( -47.99999999999989342, -0.1999999999999999833, 31.30000000000000071 ) ) ;
#4247 = AXIS2_PLACEMENT_3D ( 'NONE', #3273, #7866, #6047 ) ;
#4248 = EDGE_LOOP ( 'NONE', ( #10051, #8035, #3035, #5356, #4222, #9571 ) ) ;
#4249 = VERTEX_POINT ( 'NONE', #6567 ) ;
#4250 = AXIS2_PLACEMENT_3D ( 'NONE', #161, #8257, #3667 ) ;
#4251 = EDGE_LOOP ( 'NONE', ( #10709, #9762, #8906, #10998 ) ) ;
#4252 = CARTESIAN_POINT ( 'NONE',  ( 43.49999999999960920, -3.199999999999999734, -38.10000000000028564 ) ) ;
#4253 = DIRECTION ( 'NONE',  ( -1.000000000000000000, -0.000000000000000000, 3.491481338843133355E-15 ) ) ;
#4254 = DIRECTION ( 'NONE',  ( 0.000000000000000000, 1.000000000000000000, 0.000000000000000000 ) ) ;
#4255 = DIRECTION ( 'NONE',  ( -0.000000000000000000, -0.000000000000000000, -1.000000000000000000 ) ) ;
#4256 = VECTOR ( 'NONE', #3425, 1000.000000000000000 ) ;
#4257 = LINE ( 'NONE', #9626, #2350 ) ;
#4258 = FACE_OUTER_BOUND ( 'NONE', #1258, .T. ) ;
#4259 = EDGE_LOOP ( 'NONE', ( #8150, #6093 ) ) ;
#4260 = EDGE_LOOP ( 'NONE', ( #6092, #764 ) ) ;
#4261 = VERTEX_POINT ( 'NONE', #10899 ) ;
#4262 = ORIENTED_EDGE ( 'NONE', *, *, #730, .T. ) ;
#4263 = VERTEX_POINT ( 'NONE', #11862 ) ;
#4264 = AXIS2_PLACEMENT_3D ( 'NONE', #7270, #1644, #10934 ) ;
#4265 = CYLINDRICAL_SURFACE ( 'NONE', #5249, 1.550000000000002709 ) ;
#4266 = DIRECTION ( 'NONE',  ( -3.491481338843133355E-15, 0.000000000000000000, -1.000000000000000000 ) ) ;
#4267 = CARTESIAN_POINT ( 'NONE',  ( -49.99999999999820943, -5.000000000000000000, 27.09999999999918430 ) ) ;
#4268 = EDGE_CURVE ( 'NONE', #2346, #935, #697, .T. ) ;
#4269 = DIRECTION ( 'NONE',  ( 0.000000000000000000, -1.000000000000000000, 0.000000000000000000 ) ) ;
#4270 = CARTESIAN_POINT ( 'NONE',  ( -38.09999999999983800, -3.199999999999999734, 43.50000000000001421 ) ) ;
#4271 = CARTESIAN_POINT ( 'NONE',  ( 30.09999999999983089, -5.000000000000002665, -42.00000000000000711 ) ) ;
#4272 = CIRCLE ( 'NONE', #8895, 1.549999999999999378 ) ;
#4273 = DIRECTION ( 'NONE',  ( 0.000000000000000000, 0.000000000000000000, 1.000000000000000000 ) ) ;
#4274 = ORIENTED_EDGE ( 'NONE', *, *, #7981, .T. ) ;
#4275 = EDGE_LOOP ( 'NONE', ( #5284, #4921, #10159, #4570, #11134, #3547, #7503, #2030, #6252, #10682, #11121, #1530, #8687, #2048 ) ) ;
#4276 = ORIENTED_EDGE ( 'NONE', *, *, #3332, .T. ) ;
#4277 = AXIS2_PLACEMENT_3D ( 'NONE', #977, #4855, #4673 ) ;
#4278 = CARTESIAN_POINT ( 'NONE',  ( 45.80000000000062244, -5.000000000000000000, 24.69999999999800622 ) ) ;
#4279 = EDGE_LOOP ( 'NONE', ( #10113, #8614 ) ) ;
#4280 = ADVANCED_FACE ( 'NONE', ( #1906 ), #3589, .T. ) ;
#4281 = DIRECTION ( 'NONE',  ( 0.000000000000000000, -0.000000000000000000, -1.000000000000000000 ) ) ;
#4282 = EDGE_CURVE ( 'NONE', #5063, #5574, #10330, .T. ) ;
#4283 = VECTOR ( 'NONE', #11326, 1000.000000000000000 ) ;
#4284 = VECTOR ( 'NONE', #10165, 1000.000000000000000 ) ;
#4285 = DIRECTION ( 'NONE',  ( 0.000000000000000000, -1.000000000000000000, 0.000000000000000000 ) ) ;
#4286 = DIRECTION ( 'NONE',  ( 0.000000000000000000, -1.000000000000000000, 0.000000000000000000 ) ) ;
#4287 = LINE ( 'NONE', #9042, #6103 ) ;
#4288 = FACE_OUTER_BOUND ( 'NONE', #9483, .T. ) ;
#4289 = ORIENTED_EDGE ( 'NONE', *, *, #10596, .F. ) ;
#4290 = CARTESIAN_POINT ( 'NONE',  ( -32.86226415094330378, -11.60000000000000320, 45.68962710804181881 ) ) ;
#4291 = EDGE_LOOP ( 'NONE', ( #11640, #11857 ) ) ;
#4292 = VERTEX_POINT ( 'NONE', #5535 ) ;
#4293 = DIRECTION ( 'NONE',  ( 1.000000000000000000, 0.000000000000000000, 0.000000000000000000 ) ) ;
#4294 = ORIENTED_EDGE ( 'NONE', *, *, #4349, .F. ) ;
#4295 = VECTOR ( 'NONE', #7273, 1000.000000000000000 ) ;
#4296 = EDGE_CURVE ( 'NONE', #6293, #6868, #939, .T. ) ;
#4297 = CIRCLE ( 'NONE', #9682, 2.349999999999997868 ) ;
#4298 = CARTESIAN_POINT ( 'NONE',  ( 10.49999999999999822, -1.000000000000000000, -29.09391434178491309 ) ) ;
#4299 = DIRECTION ( 'NONE',  ( 0.000000000000000000, 0.000000000000000000, -1.000000000000000000 ) ) ;
#4300 = CARTESIAN_POINT ( 'NONE',  ( -21.49897948556374416, -5.000000000000000000, -49.99999999999884182 ) ) ;
#4301 = CARTESIAN_POINT ( 'NONE',  ( -35.82524615617614216, -8.542310683128720328, -44.05263723240247487 ) ) ;
#4302 = CARTESIAN_POINT ( 'NONE',  ( 1.734723475976812419E-15, -7.341855279628488162, 23.39999999999998437 ) ) ;
#4303 = CYLINDRICAL_SURFACE ( 'NONE', #689, 2.000000000000000000 ) ;
#4304 = ORIENTED_EDGE ( 'NONE', *, *, #2215, .T. ) ;
#4305 = EDGE_LOOP ( 'NONE', ( #1430, #9167 ) ) ;
#4306 = EDGE_CURVE ( 'NONE', #865, #10495, #11081, .T. ) ;
#4307 = CIRCLE ( 'NONE', #10074, 2.350000000000001421 ) ;
#4308 = EDGE_CURVE ( 'NONE', #2342, #4261, #3991, .T. ) ;
#4309 = VERTEX_POINT ( 'NONE', #1970 ) ;
#4310 = CIRCLE ( 'NONE', #9893, 1.549999999999999378 ) ;
#4311 = DIRECTION ( 'NONE',  ( -0.7071067811866064146, 0.000000000000000000, -0.7071067811864886199 ) ) ;
#4312 = LINE ( 'NONE', #9737, #7019 ) ;
#4313 = CIRCLE ( 'NONE', #649, 2.999999999999999112 ) ;
#4314 = DIRECTION ( 'NONE',  ( 0.000000000000000000, 0.000000000000000000, 1.000000000000000000 ) ) ;
#4315 = CARTESIAN_POINT ( 'NONE',  ( -49.00000000000000000, 0.000000000000000000, 6.800116025829083810E-15 ) ) ;
#4316 = DIRECTION ( 'NONE',  ( 0.000000000000000000, 0.000000000000000000, -1.000000000000000000 ) ) ;
#4317 = PLANE ( 'NONE',  #9226 ) ;
#4318 = EDGE_LOOP ( 'NONE', ( #6096, #4104 ) ) ;
#4319 = ORIENTED_EDGE ( 'NONE', *, *, #1843, .T. ) ;
#4320 = VERTEX_POINT ( 'NONE', #9093 ) ;
#4321 = ORIENTED_EDGE ( 'NONE', *, *, #5328, .F. ) ;
#4322 = ORIENTED_EDGE ( 'NONE', *, *, #7763, .F. ) ;
#4323 = AXIS2_PLACEMENT_3D ( 'NONE', #4011, #5998, #4973 ) ;
#4324 = DIRECTION ( 'NONE',  ( 0.000000000000000000, 1.000000000000000000, 0.000000000000000000 ) ) ;
#4325 = CARTESIAN_POINT ( 'NONE',  ( -36.19999999999999574, -15.00000000000000355, 42.89999999999999147 ) ) ;
#4326 = DIRECTION ( 'NONE',  ( 0.000000000000000000, 0.000000000000000000, 1.000000000000000000 ) ) ;
#4327 = CARTESIAN_POINT ( 'NONE',  ( 29.98786580806838487, -8.000000000000120792, 45.17731270895908580 ) ) ;
#4328 = DIRECTION ( 'NONE',  ( 1.000000000000000000, 0.000000000000000000, 0.000000000000000000 ) ) ;
#4329 = VECTOR ( 'NONE', #2946, 1000.000000000000000 ) ;
#4330 = CARTESIAN_POINT ( 'NONE',  ( 35.97236596326746394, -9.764224684593797221, -48.00000000000000000 ) ) ;
#4331 = CARTESIAN_POINT ( 'NONE',  ( 41.99999999999963762, -9.673015334766143170, -36.42876343662803862 ) ) ;
#4332 = ORIENTED_EDGE ( 'NONE', *, *, #9014, .T. ) ;
#4333 = EDGE_LOOP ( 'NONE', ( #4194, #1890 ) ) ;
#4334 = EDGE_LOOP ( 'NONE', ( #587, #3533, #2710, #2257, #574, #7775, #5777, #10128, #2746, #3675 ) ) ;
#4335 = FACE_OUTER_BOUND ( 'NONE', #1357, .T. ) ;
#4336 = ORIENTED_EDGE ( 'NONE', *, *, #11009, .F. ) ;
#4337 = ADVANCED_FACE ( 'NONE', ( #7297, #5589 ), #3612, .T. ) ;
#4338 =( BOUNDED_CURVE ( )  B_SPLINE_CURVE ( 3, ( #11914, #8070, #2570, #7343 ),
 .UNSPECIFIED., .F., .T. ) 
 B_SPLINE_CURVE_WITH_KNOTS ( ( 4, 4 ),
 ( 3.141592653589793116, 4.712388980384689674 ),
 .UNSPECIFIED. ) 
 CURVE ( )  GEOMETRIC_REPRESENTATION_ITEM ( )  RATIONAL_B_SPLINE_CURVE ( ( 1.000000000000000000, 0.8047378541243649375, 0.8047378541243649375, 1.000000000000000000 ) ) 
 REPRESENTATION_ITEM ( '' )  );
#4339 = EDGE_CURVE ( 'NONE', #1, #690, #4634, .T. ) ;
#4340 = FACE_OUTER_BOUND ( 'NONE', #1997, .T. ) ;
#4341 = LINE ( 'NONE', #11571, #5701 ) ;
#4342 = CARTESIAN_POINT ( 'NONE',  ( 35.74999999999983658, -3.199999999999999734, -43.50000000000001421 ) ) ;
#4343 = CARTESIAN_POINT ( 'NONE',  ( -34.26872342573890506, -10.54661580847828439, -42.00000000000001421 ) ) ;
#4344 = PLANE ( 'NONE',  #8608 ) ;
#4345 = CARTESIAN_POINT ( 'NONE',  ( 45.80000000000062244, -3.499999999999999556, -27.05000000000199378 ) ) ;
#4346 = ORIENTED_EDGE ( 'NONE', *, *, #4907, .T. ) ;
#4347 = DIRECTION ( 'NONE',  ( -1.000000000000000000, -0.000000000000000000, -0.000000000000000000 ) ) ;
#4348 = ORIENTED_EDGE ( 'NONE', *, *, #2933, .F. ) ;
#4349 = EDGE_CURVE ( 'NONE', #5163, #11193, #10727, .T. ) ;
#4350 = ORIENTED_EDGE ( 'NONE', *, *, #537, .F. ) ;
#4351 = LINE ( 'NONE', #3391, #1063 ) ;
#4352 = EDGE_LOOP ( 'NONE', ( #546, #10768, #1560, #263 ) ) ;
#4353 = ADVANCED_FACE ( 'NONE', ( #2702 ), #8138, .T. ) ;
#4354 = CARTESIAN_POINT ( 'NONE',  ( 38.09999999999983800, -3.199999999999999734, 43.50000000000001421 ) ) ;
#4355 = VECTOR ( 'NONE', #6072, 1000.000000000000000 ) ;
#4356 = CARTESIAN_POINT ( 'NONE',  ( 35.74999999999983658, -3.199999999999999289, 43.50000000000001421 ) ) ;
#4357 = CIRCLE ( 'NONE', #3008, 2.349999999999997868 ) ;
#4358 = CARTESIAN_POINT ( 'NONE',  ( 29.87323076026857294, -7.991417007358172064, 42.00000000000000711 ) ) ;
#4359 = DIRECTION ( 'NONE',  ( 1.000000000000000000, 0.000000000000000000, -1.035380933213193272E-16 ) ) ;
#4360 = DIRECTION ( 'NONE',  ( -8.953411488912557020E-15, 0.000000000000000000, -1.000000000000000000 ) ) ;
#4361 = CARTESIAN_POINT ( 'NONE',  ( -40.00000000000000711, -15.00000000000000355, -45.15000000000001279 ) ) ;
#4362 = EDGE_CURVE ( 'NONE', #6237, #2744, #5719, .T. ) ;
#4363 = ORIENTED_EDGE ( 'NONE', *, *, #4829, .T. ) ;
#4364 = ORIENTED_EDGE ( 'NONE', *, *, #6887, .F. ) ;
#4365 = AXIS2_PLACEMENT_3D ( 'NONE', #8330, #8156, #9171 ) ;
#4366 = CIRCLE ( 'NONE', #4951, 1.549999999999999378 ) ;
#4367 = EDGE_CURVE ( 'NONE', #4451, #4875, #8221, .T. ) ;
#4368 = ORIENTED_EDGE ( 'NONE', *, *, #3167, .F. ) ;
#4369 = PLANE ( 'NONE',  #7543 ) ;
#4370 = CARTESIAN_POINT ( 'NONE',  ( -41.49999999999983658, 1.000000000000000000, 48.00000000000000711 ) ) ;
#4371 = AXIS2_PLACEMENT_3D ( 'NONE', #3145, #1263, #11460 ) ;
#4372 = DIRECTION ( 'NONE',  ( -1.000000000000000000, -0.000000000000000000, 3.491481338843133355E-15 ) ) ;
#4373 = CARTESIAN_POINT ( 'NONE',  ( -10.50000000000000178, -8.143000222315187386, 22.68975233596974306 ) ) ;
#4374 = DIRECTION ( 'NONE',  ( -1.000000000000000000, 0.000000000000000000, 3.491481338843133355E-15 ) ) ;
#4375 = EDGE_CURVE ( 'NONE', #9105, #9574, #1864, .T. ) ;
#4376 = CARTESIAN_POINT ( 'NONE',  ( -48.99999999999999289, 1.000000000000000000, 48.99999999999999289 ) ) ;
#4377 = ORIENTED_EDGE ( 'NONE', *, *, #2574, .T. ) ;
#4378 = VERTEX_POINT ( 'NONE', #9576 ) ;
#4379 = ORIENTED_EDGE ( 'NONE', *, *, #3263, .T. ) ;
#4380 = ORIENTED_EDGE ( 'NONE', *, *, #10298, .F. ) ;
#4381 = EDGE_CURVE ( 'NONE', #2258, #8731, #10339, .T. ) ;
#4382 = ORIENTED_EDGE ( 'NONE', *, *, #5827, .T. ) ;
#4383 = EDGE_CURVE ( 'NONE', #2246, #10671, #1304, .T. ) ;
#4384 = CIRCLE ( 'NONE', #4968, 2.349999999999997868 ) ;
#4385 = CARTESIAN_POINT ( 'NONE',  ( 30.75673525077216297, -8.162658911684925300, 42.00000000000000711 ) ) ;
#4386 = VECTOR ( 'NONE', #336, 1000.000000000000000 ) ;
#4387 = CARTESIAN_POINT ( 'NONE',  ( 41.99999999999963052, -3.199999999999999734, -36.54999999999968452 ) ) ;
#4388 = DIRECTION ( 'NONE',  ( -0.000000000000000000, -0.000000000000000000, 1.000000000000000000 ) ) ;
#4389 = DIRECTION ( 'NONE',  ( -1.000000000000000000, 0.000000000000000000, 0.000000000000000000 ) ) ;
#4390 = CARTESIAN_POINT ( 'NONE',  ( -35.40486525994545275, -5.003392681337304637, 42.00000000000000711 ) ) ;
#4391 = AXIS2_PLACEMENT_3D ( 'NONE', #2916, #7389, #11051 ) ;
#4392 = DIRECTION ( 'NONE',  ( 1.387778780781444413E-14, 0.000000000000000000, 1.000000000000000000 ) ) ;
#4393 = CARTESIAN_POINT ( 'NONE',  ( -31.86446661307629213, -11.34320207013713855, 43.29087304872489739 ) ) ;
#4394 = ORIENTED_EDGE ( 'NONE', *, *, #9163, .T. ) ;
#4395 = ORIENTED_EDGE ( 'NONE', *, *, #227, .T. ) ;
#4396 = ORIENTED_EDGE ( 'NONE', *, *, #11290, .F. ) ;
#4397 = DIRECTION ( 'NONE',  ( 0.000000000000000000, 0.000000000000000000, 1.000000000000000000 ) ) ;
#4398 = ORIENTED_EDGE ( 'NONE', *, *, #8728, .F. ) ;
#4399 = CIRCLE ( 'NONE', #1118, 1.600000000000000755 ) ;
#4400 = DIRECTION ( 'NONE',  ( -0.000000000000000000, 0.000000000000000000, 1.000000000000000000 ) ) ;
#4401 = DIRECTION ( 'NONE',  ( -1.000000000000000000, -0.000000000000000000, -3.491481338843133750E-15 ) ) ;
#4402 = DIRECTION ( 'NONE',  ( -1.000000000000000000, -0.000000000000000000, -0.000000000000000000 ) ) ;
#4403 = DIRECTION ( 'NONE',  ( 0.000000000000000000, -1.000000000000000000, 0.000000000000000000 ) ) ;
#4404 = CARTESIAN_POINT ( 'NONE',  ( 24.70000000000261764, 1.000000000000000000, 45.79999999999864713 ) ) ;
#4405 = DIRECTION ( 'NONE',  ( 0.000000000000000000, 0.000000000000000000, 1.000000000000000000 ) ) ;
#4406 = ORIENTED_EDGE ( 'NONE', *, *, #9804, .T. ) ;
#4407 = ORIENTED_EDGE ( 'NONE', *, *, #6190, .T. ) ;
#4408 = EDGE_LOOP ( 'NONE', ( #7640, #3967 ) ) ;
#4409 = CARTESIAN_POINT ( 'NONE',  ( 48.00000000000017764, -8.000000000000001776, 47.99999999999969447 ) ) ;
#4410 = ORIENTED_EDGE ( 'NONE', *, *, #8284, .T. ) ;
#4411 = CARTESIAN_POINT ( 'NONE',  ( -50.00000000000012079, -0.1999999999999999833, -31.29999999999966320 ) ) ;
#4412 = AXIS2_PLACEMENT_3D ( 'NONE', #10896, #2407, #6324 ) ;
#4413 = CARTESIAN_POINT ( 'NONE',  ( -45.79999999999802185, -3.499999999999999556, 24.70000000000062812 ) ) ;
#4414 = FACE_BOUND ( 'NONE', #10754, .T. ) ;
#4415 = CARTESIAN_POINT ( 'NONE',  ( 10.50000000000000000, -13.00000000000000178, 7.461999999999994415 ) ) ;
#4416 = EDGE_CURVE ( 'NONE', #8208, #3214, #1853, .T. ) ;
#4417 = CARTESIAN_POINT ( 'NONE',  ( 32.04999999999952820, -3.199999999999999289, -43.50000000000001421 ) ) ;
#4418 = CARTESIAN_POINT ( 'NONE',  ( 48.00000000000041211, -3.199999999999999734, 38.09999999999933351 ) ) ;
#4419 = DIRECTION ( 'NONE',  ( -0.000000000000000000, 1.000000000000000000, -0.000000000000000000 ) ) ;
#4420 = ORIENTED_EDGE ( 'NONE', *, *, #2289, .F. ) ;
#4421 = ORIENTED_EDGE ( 'NONE', *, *, #4681, .T. ) ;
#4422 = VECTOR ( 'NONE', #5216, 1000.000000000000000 ) ;
#4423 = EDGE_LOOP ( 'NONE', ( #8819, #5094, #6109, #6188, #9946 ) ) ;
#4424 = ADVANCED_FACE ( 'NONE', ( #8499 ), #4880, .F. ) ;
#4425 = EDGE_CURVE ( 'NONE', #953, #10640, #3187, .T. ) ;
#4426 = CARTESIAN_POINT ( 'NONE',  ( 37.42175714596078251, -5.751295911806757921, -42.00000000000000711 ) ) ;
#4427 = FACE_BOUND ( 'NONE', #10081, .T. ) ;
#4428 = ADVANCED_FACE ( 'NONE', ( #8676, #7660 ), #5965, .T. ) ;
#4429 = DIRECTION ( 'NONE',  ( 0.000000000000000000, 0.000000000000000000, 1.000000000000000000 ) ) ;
#4430 = CARTESIAN_POINT ( 'NONE',  ( -10.50000000000000178, -1.000000000288207014, 24.45291297112893503 ) ) ;
#4431 = PLANE ( 'NONE',  #20 ) ;
#4432 = CYLINDRICAL_SURFACE ( 'NONE', #2689, 1.000000000000000888 ) ;
#4433 = EDGE_LOOP ( 'NONE', ( #253, #8750 ) ) ;
#4434 = EDGE_LOOP ( 'NONE', ( #1417, #1505, #8732, #4436, #10999 ) ) ;
#4435 = ORIENTED_EDGE ( 'NONE', *, *, #4444, .F. ) ;
#4436 = ORIENTED_EDGE ( 'NONE', *, *, #3476, .T. ) ;
#4437 = CARTESIAN_POINT ( 'NONE',  ( -36.55000000000044480, -3.199999999999999734, -43.49999999999949551 ) ) ;
#4438 = ADVANCED_FACE ( 'NONE', ( #9456 ), #159, .F. ) ;
#4439 = AXIS2_PLACEMENT_3D ( 'NONE', #6510, #1972, #5655 ) ;
#4440 = LINE ( 'NONE', #10661, #6968 ) ;
#4441 = DIRECTION ( 'NONE',  ( 0.000000000000000000, 0.000000000000000000, -1.000000000000000000 ) ) ;
#4442 = ADVANCED_FACE ( 'NONE', ( #1064 ), #3852, .F. ) ;
#4443 = CARTESIAN_POINT ( 'NONE',  ( -36.54999999999913740, -3.199999999999999734, 50.00000000000165556 ) ) ;
#4444 = EDGE_CURVE ( 'NONE', #1858, #11596, #7658, .T. ) ;
#4445 = B_SPLINE_CURVE_WITH_KNOTS ( 'NONE', 3,
 ( #10091, #9128, #6, #11835, #10151, #5388, #1821, #9186, #1037, #9065, #859, #6302 ),
 .UNSPECIFIED., .F., .F.,
 ( 4, 2, 2, 2, 2, 4 ),
 ( 0.05057760726260011885, 0.2879332021240175732, 0.5252888014160117525, 0.7626444007080059873, 0.8813222003540028826, 0.9147037175219870919 ),
 .UNSPECIFIED. ) ;
#4446 = CARTESIAN_POINT ( 'NONE',  ( -33.33924956402054107, -5.676101925916055890, 42.00000000000002132 ) ) ;
#4447 = LINE ( 'NONE', #8857, #3616 ) ;
#4448 = CARTESIAN_POINT ( 'NONE',  ( -31.87917137209447915, -11.35211345592464127, 42.29881812596621415 ) ) ;
#4449 = VERTEX_POINT ( 'NONE', #10420 ) ;
#4450 = VERTEX_POINT ( 'NONE', #11378 ) ;
#4451 = VERTEX_POINT ( 'NONE', #6633 ) ;
#4452 = CYLINDRICAL_SURFACE ( 'NONE', #8941, 4.000000000000000000 ) ;
#4453 = CIRCLE ( 'NONE', #6002, 2.349999999999997868 ) ;
#4454 = EDGE_CURVE ( 'NONE', #328, #367, #10302, .T. ) ;
#4455 = DIRECTION ( 'NONE',  ( 1.000000000000000000, 0.000000000000000000, 0.000000000000000000 ) ) ;
#4456 = EDGE_CURVE ( 'NONE', #5295, #2788, #9178, .T. ) ;
#4457 = CARTESIAN_POINT ( 'NONE',  ( -45.80000000000062244, -8.000000000000001776, -24.69999999999800622 ) ) ;
#4458 = CYLINDRICAL_SURFACE ( 'NONE', #8124, 1.600000000000000755 ) ;
#4459 = EDGE_CURVE ( 'NONE', #4742, #9745, #7075, .T. ) ;
#4460 = AXIS2_PLACEMENT_3D ( 'NONE', #7813, #7927, #613 ) ;
#4461 = DIRECTION ( 'NONE',  ( 0.000000000000000000, 0.000000000000000000, -1.000000000000000000 ) ) ;
#4462 = CARTESIAN_POINT ( 'NONE',  ( -38.09999999999925535, -3.199999999999999734, 42.00000000000000711 ) ) ;
#4463 = CIRCLE ( 'NONE', #5041, 8.500000000000000000 ) ;
#4464 = AXIS2_PLACEMENT_3D ( 'NONE', #1523, #5214, #3414 ) ;
#4465 = FACE_OUTER_BOUND ( 'NONE', #9486, .T. ) ;
#4466 = FACE_OUTER_BOUND ( 'NONE', #9193, .T. ) ;
#4467 = CARTESIAN_POINT ( 'NONE',  ( 35.73050127278636978, -14.74469105038594741, -43.66799720941265406 ) ) ;
#4468 = ORIENTED_EDGE ( 'NONE', *, *, #8326, .F. ) ;
#4469 = ORIENTED_EDGE ( 'NONE', *, *, #5882, .T. ) ;
#4470 = EDGE_LOOP ( 'NONE', ( #7366, #8918, #825, #11565, #2992 ) ) ;
#4471 = DIRECTION ( 'NONE',  ( 0.000000000000000000, 0.000000000000000000, -1.000000000000000000 ) ) ;
#4472 = EDGE_LOOP ( 'NONE', ( #5354, #4089 ) ) ;
#4473 = AXIS2_PLACEMENT_3D ( 'NONE', #6993, #4269, #3428 ) ;
#4474 = VECTOR ( 'NONE', #2797, 1000.000000000000000 ) ;
#4475 = CARTESIAN_POINT ( 'NONE',  ( 10.49999999999999822, -4.056623434382123250, -28.15148301392611785 ) ) ;
#4476 = DIRECTION ( 'NONE',  ( 0.000000000000000000, 0.000000000000000000, 1.000000000000000000 ) ) ;
#4477 = CARTESIAN_POINT ( 'NONE',  ( 29.96966870614849654, -8.000000000000003553, 45.07535475346314513 ) ) ;
#4478 = DIRECTION ( 'NONE',  ( -1.387778780781445676E-16, -0.000000000000000000, -1.000000000000000000 ) ) ;
#4479 = DIRECTION ( 'NONE',  ( 1.000000000000000000, 0.000000000000000000, 0.000000000000000000 ) ) ;
#4480 = DIRECTION ( 'NONE',  ( 0.000000000000000000, 1.000000000000000000, 0.000000000000000000 ) ) ;
#4481 = CARTESIAN_POINT ( 'NONE',  ( -40.00000000000000000, 1.000000000000000000, 7.500000000000000000 ) ) ;
#4482 =( BOUNDED_CURVE ( )  B_SPLINE_CURVE ( 3, ( #2266, #2089, #9508, #3176 ),
 .UNSPECIFIED., .F., .F. ) 
 B_SPLINE_CURVE_WITH_KNOTS ( ( 4, 4 ),
 ( 1.570796326794896558, 3.141592653589793116 ),
 .UNSPECIFIED. ) 
 CURVE ( )  GEOMETRIC_REPRESENTATION_ITEM ( )  RATIONAL_B_SPLINE_CURVE ( ( 1.000000000000000000, 0.8047378541243649375, 0.8047378541243649375, 1.000000000000000000 ) ) 
 REPRESENTATION_ITEM ( '' )  );
#4483 = EDGE_LOOP ( 'NONE', ( #3420, #2976, #1211 ) ) ;
#4484 = EDGE_LOOP ( 'NONE', ( #2059, #1709, #9057, #3471 ) ) ;
#4485 = CIRCLE ( 'NONE', #816, 7.500000000000000000 ) ;
#4486 = ADVANCED_FACE ( 'NONE', ( #9400 ), #3066, .T. ) ;
#4487 = ORIENTED_EDGE ( 'NONE', *, *, #4063, .T. ) ;
#4488 = CARTESIAN_POINT ( 'NONE',  ( 36.30239225933544134, -6.929351519428181838, -42.00000000000000711 ) ) ;
#4489 = DIRECTION ( 'NONE',  ( -0.000000000000000000, 1.000000000000000000, -0.000000000000000000 ) ) ;
#4490 = AXIS2_PLACEMENT_3D ( 'NONE', #1078, #50, #5551 ) ;
#4491 = DIRECTION ( 'NONE',  ( 1.000000000000000000, 0.000000000000000000, -1.047444401652940007E-14 ) ) ;
#4492 = DIRECTION ( 'NONE',  ( -3.491481338843133355E-15, 0.000000000000000000, -1.000000000000000000 ) ) ;
#4493 = CARTESIAN_POINT ( 'NONE',  ( 40.00000000000000711, -14.80000000000000071, -42.80000000000001137 ) ) ;
#4494 = CARTESIAN_POINT ( 'NONE',  ( 38.18533031066387196, -5.001800469283842254, 42.00000000000002132 ) ) ;
#4495 = ORIENTED_EDGE ( 'NONE', *, *, #5966, .T. ) ;
#4496 = ORIENTED_EDGE ( 'NONE', *, *, #10329, .T. ) ;
#4497 = ORIENTED_EDGE ( 'NONE', *, *, #3665, .T. ) ;
#4498 = ORIENTED_EDGE ( 'NONE', *, *, #827, .T. ) ;
#4499 = EDGE_CURVE ( 'NONE', #11064, #4980, #9375, .T. ) ;
#4500 = ADVANCED_FACE ( 'NONE', ( #2096, #5224, #4210 ), #6194, .T. ) ;
#4501 = CIRCLE ( 'NONE', #8559, 1.550000000000002709 ) ;
#4502 = DIRECTION ( 'NONE',  ( -1.387778780781445676E-16, 0.000000000000000000, -1.000000000000000000 ) ) ;
#4503 = CARTESIAN_POINT ( 'NONE',  ( 1.734723475976812419E-15, -7.341855279628488162, 23.39999999999998437 ) ) ;
#4504 = LINE ( 'NONE', #8300, #11038 ) ;
#4505 = CARTESIAN_POINT ( 'NONE',  ( -48.00000000000012079, -0.1999999999999999833, -31.29999999999966676 ) ) ;
#4506 = CIRCLE ( 'NONE', #11248, 1.550000000000002709 ) ;
#4507 = CARTESIAN_POINT ( 'NONE',  ( 48.99999999999999289, 1.000000000000000000, -31.30000000000034888 ) ) ;
#4508 = CIRCLE ( 'NONE', #2737, 2.349999999999997868 ) ;
#4509 = CARTESIAN_POINT ( 'NONE',  ( -40.00000000000000711, -15.00000000000000355, -42.80000000000001137 ) ) ;
#4510 = CARTESIAN_POINT ( 'NONE',  ( -31.85262557612077217, -11.33681697543857325, 43.12469552536606443 ) ) ;
#4511 = ORIENTED_EDGE ( 'NONE', *, *, #5329, .F. ) ;
#4512 = VERTEX_POINT ( 'NONE', #6081 ) ;
#4513 = VECTOR ( 'NONE', #9912, 1000.000000000000000 ) ;
#4514 = EDGE_CURVE ( 'NONE', #11476, #9498, #2396, .T. ) ;
#4515 = ORIENTED_EDGE ( 'NONE', *, *, #6525, .F. ) ;
#4516 = CYLINDRICAL_SURFACE ( 'NONE', #65, 1.100000000000000311 ) ;
#4517 = EDGE_CURVE ( 'NONE', #8223, #9514, #5442, .T. ) ;
#4518 = CARTESIAN_POINT ( 'NONE',  ( 31.29999999999983373, -0.1999999999999999833, 50.00000000000000711 ) ) ;
#4519 = DIRECTION ( 'NONE',  ( -1.396592535537253342E-14, -0.000000000000000000, -1.000000000000000000 ) ) ;
#4520 = CARTESIAN_POINT ( 'NONE',  ( -41.80050030033103781, -11.02477317989473704, -48.00000000000001421 ) ) ;
#4521 = AXIS2_PLACEMENT_3D ( 'NONE', #850, #8213, #9839 ) ;
#4522 = DIRECTION ( 'NONE',  ( 0.000000000000000000, 0.000000000000000000, 1.000000000000000000 ) ) ;
#4523 = CYLINDRICAL_SURFACE ( 'NONE', #3227, 2.349999999999997868 ) ;
#4524 = EDGE_CURVE ( 'NONE', #9341, #5514, #3422, .T. ) ;
#4525 = CARTESIAN_POINT ( 'NONE',  ( -48.00000000000014211, -8.130363474834341631, -37.21061514079247701 ) ) ;
#4526 = DIRECTION ( 'NONE',  ( 0.000000000000000000, 0.000000000000000000, -1.000000000000000000 ) ) ;
#4527 = FACE_OUTER_BOUND ( 'NONE', #11227, .T. ) ;
#4528 = VERTEX_POINT ( 'NONE', #10660 ) ;
#4529 = ORIENTED_EDGE ( 'NONE', *, *, #8071, .T. ) ;
#4531 = ORIENTED_EDGE ( 'NONE', *, *, #7460, .T. ) ;
#4530 = EDGE_CURVE ( 'NONE', #2327, #8493, #7895, .T. ) ;
#4532 = DIRECTION ( 'NONE',  ( 1.000000000000000000, 0.000000000000000000, 0.000000000000000000 ) ) ;
#4533 = ORIENTED_EDGE ( 'NONE', *, *, #1273, .F. ) ;
#4534 = EDGE_CURVE ( 'NONE', #2343, #11684, #1969, .T. ) ;
#4535 = CARTESIAN_POINT ( 'NONE',  ( -41.84072255409522967, -5.426316897680602658, -41.65927744590464243 ) ) ;
#4536 = DIRECTION ( 'NONE',  ( -1.000000000000000000, -0.000000000000000000, -3.491481338843133750E-15 ) ) ;
#4537 = DIRECTION ( 'NONE',  ( -1.000000000000000000, -0.000000000000000000, -0.000000000000000000 ) ) ;
#4538 = CARTESIAN_POINT ( 'NONE',  ( 49.99999999999968026, 1.000000000000000000, -31.30000000000035598 ) ) ;
#4539 = DIRECTION ( 'NONE',  ( 0.000000000000000000, -0.000000000000000000, -1.000000000000000000 ) ) ;
#4540 = LINE ( 'NONE', #2907, #3610 ) ;
#4541 = ORIENTED_EDGE ( 'NONE', *, *, #10467, .T. ) ;
#4542 = ORIENTED_EDGE ( 'NONE', *, *, #2878, .T. ) ;
#4543 = AXIS2_PLACEMENT_3D ( 'NONE', #375, #7755, #7083 ) ;
#4544 = AXIS2_PLACEMENT_3D ( 'NONE', #10613, #1497, #5014 ) ;
#4545 = ORIENTED_EDGE ( 'NONE', *, *, #3865, .T. ) ;
#4546 = DIRECTION ( 'NONE',  ( 1.000000000000000000, 0.000000000000000000, -3.491481338843133355E-15 ) ) ;
#4547 = DIRECTION ( 'NONE',  ( 1.181088324069314777E-14, 0.000000000000000000, 1.000000000000000000 ) ) ;
#4548 = LINE ( 'NONE', #9306, #2143 ) ;
#4549 = CARTESIAN_POINT ( 'NONE',  ( 10.50000000000000178, -3.496065354647077683, 26.60427549970837902 ) ) ;
#4550 = DIRECTION ( 'NONE',  ( -1.387778780781445676E-16, 0.000000000000000000, -1.000000000000000000 ) ) ;
#4551 = CARTESIAN_POINT ( 'NONE',  ( 10.49999999999999822, -0.9056409127879930798, -26.06210508690778838 ) ) ;
#4552 = AXIS2_PLACEMENT_3D ( 'NONE', #9041, #9157, #11087 ) ;
#4553 = AXIS2_PLACEMENT_3D ( 'NONE', #9478, #11223, #6469 ) ;
#4554 = EDGE_CURVE ( 'NONE', #8599, #10555, #4485, .T. ) ;
#4555 = DIRECTION ( 'NONE',  ( 2.952720810173286943E-15, 0.000000000000000000, 1.000000000000000000 ) ) ;
#4556 = ORIENTED_EDGE ( 'NONE', *, *, #2278, .F. ) ;
#4557 = ORIENTED_EDGE ( 'NONE', *, *, #1115, .T. ) ;
#4558 = VERTEX_POINT ( 'NONE', #6990 ) ;
#4559 = VERTEX_POINT ( 'NONE', #10829 ) ;
#4560 = DIRECTION ( 'NONE',  ( 0.000000000000000000, 0.000000000000000000, -1.000000000000000000 ) ) ;
#4561 = AXIS2_PLACEMENT_3D ( 'NONE', #1000, #11802, #2033 ) ;
#4562 = CIRCLE ( 'NONE', #890, 4.000000000000000000 ) ;
#4563 = DIRECTION ( 'NONE',  ( -0.000000000000000000, 1.000000000000000000, -0.000000000000000000 ) ) ;
#4564 = DIRECTION ( 'NONE',  ( -0.000000000000000000, -0.000000000000000000, 1.000000000000000000 ) ) ;
#4565 = CARTESIAN_POINT ( 'NONE',  ( -38.42073318738377452, -5.313418668134275435, 42.00000000000000711 ) ) ;
#4566 = LINE ( 'NONE', #1603, #267 ) ;
#4567 = ADVANCED_FACE ( 'NONE', ( #6025 ), #11613, .T. ) ;
#4568 = CARTESIAN_POINT ( 'NONE',  ( 31.91304585989119502, -8.165309974296343754, -48.00000000000001421 ) ) ;
#4569 = DIRECTION ( 'NONE',  ( -4.476705744456268255E-15, 0.000000000000000000, -1.000000000000000000 ) ) ;
#4570 = ORIENTED_EDGE ( 'NONE', *, *, #5979, .T. ) ;
#4571 = VERTEX_POINT ( 'NONE', #2509 ) ;
#4573 = AXIS2_PLACEMENT_3D ( 'NONE', #6979, #4255, #7942 ) ;
#4572 = CIRCLE ( 'NONE', #1475, 4.349999999999999645 ) ;
#4574 = APPLICATION_CONTEXT ( 'automotive_design' ) ;
#4575 = ORIENTED_EDGE ( 'NONE', *, *, #2307, .F. ) ;
#4576 = CARTESIAN_POINT ( 'NONE',  ( -49.99999999999999289, 1.000000000000000000, 48.99999999999999289 ) ) ;
#4577 = AXIS2_PLACEMENT_3D ( 'NONE', #3912, #7594, #11262 ) ;
#4578 = CIRCLE ( 'NONE', #9956, 2.349999999999997868 ) ;
#4579 = CARTESIAN_POINT ( 'NONE',  ( 29.86942988142001454, -7.991149058252581483, 41.99008612754973058 ) ) ;
#4580 = CARTESIAN_POINT ( 'NONE',  ( 10.50000000000000178, -9.999999863371556330, 9.151760781284099977 ) ) ;
#4581 = CARTESIAN_POINT ( 'NONE',  ( -44.96275765646506528, -9.249860452230523222, -48.00000000000001421 ) ) ;
#4582 = EDGE_CURVE ( 'NONE', #10233, #45, #11409, .T. ) ;
#4583 = CARTESIAN_POINT ( 'NONE',  ( -12.49999999999999645, -13.00000000000000178, -12.40000000000000036 ) ) ;
#4584 = DIRECTION ( 'NONE',  ( -2.952720810173286943E-15, 0.000000000000000000, -1.000000000000000000 ) ) ;
#4585 = EDGE_CURVE ( 'NONE', #10827, #6003, #5065, .T. ) ;
#4586 = DIRECTION ( 'NONE',  ( -1.047444401652940007E-14, 0.000000000000000000, -1.000000000000000000 ) ) ;
#4587 = CARTESIAN_POINT ( 'NONE',  ( -30.49999999999924682, -3.199999999999999289, 42.00000000000000711 ) ) ;
#4588 = CARTESIAN_POINT ( 'NONE',  ( 29.77811006761514889, -7.982681154838612514, -40.70548526722581784 ) ) ;
#4589 = ORIENTED_EDGE ( 'NONE', *, *, #3184, .T. ) ;
#4590 = ORIENTED_EDGE ( 'NONE', *, *, #8437, .T. ) ;
#4591 = ORIENTED_EDGE ( 'NONE', *, *, #7038, .T. ) ;
#4592 = CARTESIAN_POINT ( 'NONE',  ( 40.00000000000000711, -11.50796415572370357, -48.00000000000000711 ) ) ;
#4593 = ORIENTED_EDGE ( 'NONE', *, *, #5671, .F. ) ;
#4594 = VECTOR ( 'NONE', #7750, 1000.000000000000000 ) ;
#4595 = B_SPLINE_CURVE_WITH_KNOTS ( 'NONE', 3,
 ( #8764, #9547, #7015, #5023, #6110, #5876, #10451, #4178, #4235, #5080, #2301, #11406, #4966, #1387, #2184, #4910, #6048, #8702 ),
 .UNSPECIFIED., .F., .F.,
 ( 4, 2, 2, 2, 2, 2, 2, 2, 4 ),
 ( 0.000000000000000000, 0.0007356637804444622099, 0.001471327560888924420, 0.002206991341333386630, 0.002942655121777848840, 0.003678318902222311049, 0.004413982682666773259, 0.005149646463111235903, 0.005885310243555697679 ),
 .UNSPECIFIED. ) ;
#4596 = CYLINDRICAL_SURFACE ( 'NONE', #6227, 4.000000000000000000 ) ;
#4597 = ADVANCED_FACE ( 'NONE', ( #1597 ), #4265, .F. ) ;
#4598 = CARTESIAN_POINT ( 'NONE',  ( 50.00000000000033396, 1.000000000000000000, 31.29999999999931504 ) ) ;
#4599 = CARTESIAN_POINT ( 'NONE',  ( -48.99999999999999289, 0.000000000000000000, 41.50000000000051870 ) ) ;
#4600 = EDGE_CURVE ( 'NONE', #10911, #9074, #155, .T. ) ;
#4601 = DIRECTION ( 'NONE',  ( 1.595148023886719315E-15, 0.000000000000000000, 1.000000000000000000 ) ) ;
#4602 = DIRECTION ( 'NONE',  ( 0.000000000000000000, 0.000000000000000000, -1.000000000000000000 ) ) ;
#4603 = EDGE_CURVE ( 'NONE', #4783, #7266, #8735, .T. ) ;
#4604 = DIRECTION ( 'NONE',  ( 0.000000000000000000, 0.000000000000000000, 1.000000000000000000 ) ) ;
#4605 = ORIENTED_EDGE ( 'NONE', *, *, #2915, .F. ) ;
#4606 = ORIENTED_EDGE ( 'NONE', *, *, #355, .T. ) ;
#4607 = ADVANCED_FACE ( 'NONE', ( #10103 ), #3775, .F. ) ;
#4608 = VERTEX_POINT ( 'NONE', #4621 ) ;
#4609 = DIRECTION ( 'NONE',  ( 0.000000000000000000, -1.000000000000000000, 0.000000000000000000 ) ) ;
#4610 = EDGE_CURVE ( 'NONE', #10623, #6223, #7404, .T. ) ;
#4611 = CARTESIAN_POINT ( 'NONE',  ( 36.16822910777153766, -7.164525641000031975, -42.00000000000001421 ) ) ;
#4612 = CARTESIAN_POINT ( 'NONE',  ( -50.00000000000000711, 0.000000000000000000, -41.49999999999933209 ) ) ;
#4613 = DIRECTION ( 'NONE',  ( 0.000000000000000000, 0.000000000000000000, 1.000000000000000000 ) ) ;
#4614 = CARTESIAN_POINT ( 'NONE',  ( 10.50000000000000178, -11.46508410774687547, 17.41753885185062245 ) ) ;
#4615 = DIRECTION ( 'NONE',  ( -1.000000000000000000, 0.000000000000000000, 1.343011723336880555E-14 ) ) ;
#4616 = CARTESIAN_POINT ( 'NONE',  ( 6.400000000000000355, -13.00000000000000178, 0.000000000000000000 ) ) ;
#4617 = ORIENTED_EDGE ( 'NONE', *, *, #3681, .F. ) ;
#4618 = ORIENTED_EDGE ( 'NONE', *, *, #1564, .F. ) ;
#4619 = ORIENTED_EDGE ( 'NONE', *, *, #10499, .F. ) ;
#4620 = EDGE_LOOP ( 'NONE', ( #4679, #8762, #3002 ) ) ;
#4621 = CARTESIAN_POINT ( 'NONE',  ( 43.50000000000034106, -3.199999999999999289, 32.04999999999968452 ) ) ;
#4622 = CARTESIAN_POINT ( 'NONE',  ( -1.486115951732494667, -6.299467833674103900, 24.39906720674272833 ) ) ;
#4623 = DIRECTION ( 'NONE',  ( 1.000000000000000000, 0.000000000000000000, 0.000000000000000000 ) ) ;
#4624 = DIRECTION ( 'NONE',  ( -1.000000000000000000, -0.000000000000000000, 0.000000000000000000 ) ) ;
#4625 = FACE_OUTER_BOUND ( 'NONE', #1935, .T. ) ;
#4626 = CARTESIAN_POINT ( 'NONE',  ( -41.50000000000041922, -1.000000000000000000, -41.99999999999950973 ) ) ;
#4627 = CARTESIAN_POINT ( 'NONE',  ( -32.01501331374513626, -11.41621772333765072, 44.09806906553033201 ) ) ;
#4628 = ORIENTED_EDGE ( 'NONE', *, *, #1481, .T. ) ;
#4629 = ORIENTED_EDGE ( 'NONE', *, *, #10658, .T. ) ;
#4630 = AXIS2_PLACEMENT_3D ( 'NONE', #8645, #4119, #11525 ) ;
#4631 = EDGE_LOOP ( 'NONE', ( #9469, #8975, #1107, #9007, #5715 ) ) ;
#4632 = DIRECTION ( 'NONE',  ( -0.000000000000000000, 1.000000000000000000, -0.000000000000000000 ) ) ;
#4633 = CIRCLE ( 'NONE', #10788, 2.349999999999997868 ) ;
#4634 = LINE ( 'NONE', #4518, #7267 ) ;
#4635 = ADVANCED_FACE ( 'NONE', ( #9023, #2628 ), #11911, .T. ) ;
#4636 = DIRECTION ( 'NONE',  ( 0.000000000000000000, 0.000000000000000000, -1.000000000000000000 ) ) ;
#4637 = CARTESIAN_POINT ( 'NONE',  ( -30.13681086057862046, -8.000000000000001776, -48.00000000000000711 ) ) ;
#4638 = DIRECTION ( 'NONE',  ( -2.952720810173291281E-15, 0.000000000000000000, -1.000000000000000000 ) ) ;
#4639 = DIRECTION ( 'NONE',  ( 0.000000000000000000, 0.000000000000000000, -1.000000000000000000 ) ) ;
#4640 = CARTESIAN_POINT ( 'NONE',  ( -43.49999999999990052, -3.199999999999999289, 32.04999999999999005 ) ) ;
#4641 = CARTESIAN_POINT ( 'NONE',  ( -45.79999999999802185, -3.499999999999999556, 24.70000000000062812 ) ) ;
#4642 = VECTOR ( 'NONE', #9384, 1000.000000000000000 ) ;
#4643 = CARTESIAN_POINT ( 'NONE',  ( -45.79999999999802185, -3.499999999999999556, -24.69999999999937046 ) ) ;
#4644 = ORIENTED_EDGE ( 'NONE', *, *, #8494, .F. ) ;
#4645 = ORIENTED_EDGE ( 'NONE', *, *, #9191, .T. ) ;
#4646 = ORIENTED_EDGE ( 'NONE', *, *, #4735, .T. ) ;
#4647 = DIRECTION ( 'NONE',  ( 8.953411488912536510E-15, 0.000000000000000000, 1.000000000000000000 ) ) ;
#4648 = ORIENTED_EDGE ( 'NONE', *, *, #10658, .F. ) ;
#4649 = EDGE_CURVE ( 'NONE', #3832, #5806, #10947, .T. ) ;
#4650 = AXIS2_PLACEMENT_3D ( 'NONE', #4643, #839, #774 ) ;
#4651 = EDGE_CURVE ( 'NONE', #7591, #8007, #3522, .T. ) ;
#4652 = AXIS2_PLACEMENT_3D ( 'NONE', #2250, #8042, #1393 ) ;
#4653 = DIRECTION ( 'NONE',  ( -1.000000000000000000, -0.000000000000000000, 3.491481338843133750E-15 ) ) ;
#4654 = CIRCLE ( 'NONE', #1556, 2.350000000000001421 ) ;
#4655 = FACE_OUTER_BOUND ( 'NONE', #1752, .T. ) ;
#4656 = LINE ( 'NONE', #53, #7613 ) ;
#4657 = DIRECTION ( 'NONE',  ( 0.000000000000000000, 0.000000000000000000, 1.000000000000000000 ) ) ;
#4658 = DIRECTION ( 'NONE',  ( 0.000000000000000000, 0.000000000000000000, 1.000000000000000000 ) ) ;
#4659 = FACE_OUTER_BOUND ( 'NONE', #3275, .T. ) ;
#4660 = ORIENTED_EDGE ( 'NONE', *, *, #5073, .T. ) ;
#4661 = VERTEX_POINT ( 'NONE', #3596 ) ;
#4662 = ORIENTED_EDGE ( 'NONE', *, *, #11951, .F. ) ;
#4663 = EDGE_CURVE ( 'NONE', #4666, #3489, #4297, .T. ) ;
#4664 = CIRCLE ( 'NONE', #6011, 4.349999999999999645 ) ;
#4665 = CIRCLE ( 'NONE', #6209, 1.550000000000002709 ) ;
#4666 = VERTEX_POINT ( 'NONE', #10162 ) ;
#4667 = CARTESIAN_POINT ( 'NONE',  ( -15.00000000000000355, -1.000000000000000000, 15.00000000000000355 ) ) ;
#4668 = DIRECTION ( 'NONE',  ( 0.000000000000000000, 0.000000000000000000, -1.000000000000000000 ) ) ;
#4669 = CARTESIAN_POINT ( 'NONE',  ( -48.00000000000012079, 1.000000000000000000, -31.29999999999966676 ) ) ;
#4670 = AXIS2_PLACEMENT_3D ( 'NONE', #8679, #1424, #1365 ) ;
#4671 = FACE_BOUND ( 'NONE', #338, .T. ) ;
#4672 = CARTESIAN_POINT ( 'NONE',  ( 33.41718370552837314, -9.643693541604440256, -42.00000000000001421 ) ) ;
#4673 = DIRECTION ( 'NONE',  ( 0.000000000000000000, 0.000000000000000000, -1.000000000000000000 ) ) ;
#4674 = CARTESIAN_POINT ( 'NONE',  ( -10.49999999999999822, -8.708618909598003555, -20.01076454096243395 ) ) ;
#4675 = EDGE_CURVE ( 'NONE', #9074, #8602, #626, .T. ) ;
#4676 = AXIS2_PLACEMENT_3D ( 'NONE', #1892, #5575, #3537 ) ;
#4677 = ORIENTED_EDGE ( 'NONE', *, *, #3455, .F. ) ;
#4678 = ORIENTED_EDGE ( 'NONE', *, *, #9301, .F. ) ;
#4679 = ORIENTED_EDGE ( 'NONE', *, *, #10407, .F. ) ;
#4680 = ORIENTED_EDGE ( 'NONE', *, *, #2721, .F. ) ;
#4681 = EDGE_CURVE ( 'NONE', #879, #2017, #9386, .T. ) ;
#4682 = EDGE_CURVE ( 'NONE', #5006, #8297, #8359, .T. ) ;
#4683 = CARTESIAN_POINT ( 'NONE',  ( 10.50000000000000000, -13.00000000000000178, 6.361999999999993882 ) ) ;
#4684 = AXIS2_PLACEMENT_3D ( 'NONE', #2779, #7494, #7314 ) ;
#4685 = CARTESIAN_POINT ( 'NONE',  ( -1.607894121640936147, -5.675459447473832242, 24.93459547343296379 ) ) ;
#4686 = CARTESIAN_POINT ( 'NONE',  ( 37.50000000000000711, -15.00000000000000355, 47.24999999999999289 ) ) ;
#4687 = DIRECTION ( 'NONE',  ( 0.000000000000000000, -1.000000000000000000, 0.000000000000000000 ) ) ;
#4688 = DIRECTION ( 'NONE',  ( -0.000000000000000000, 1.000000000000000000, -0.000000000000000000 ) ) ;
#4689 = CARTESIAN_POINT ( 'NONE',  ( -24.69999999999738094, 1.000000000000000000, 45.79999999999864713 ) ) ;
#4690 = CARTESIAN_POINT ( 'NONE',  ( -31.81479184339113075, -10.41200988124805882, 42.00000000000001421 ) ) ;
#4691 = SHAPE_DEFINITION_REPRESENTATION ( #1456, #1642 ) ;
#4692 = ORIENTED_EDGE ( 'NONE', *, *, #868, .F. ) ;
#4693 = ORIENTED_EDGE ( 'NONE', *, *, #3223, .F. ) ;
#4694 = ORIENTED_EDGE ( 'NONE', *, *, #579, .T. ) ;
#4695 = DIRECTION ( 'NONE',  ( -1.000000000000000000, 0.000000000000000000, 0.000000000000000000 ) ) ;
#4696 = CIRCLE ( 'NONE', #7397, 1.550000000000002709 ) ;
#4697 = DIRECTION ( 'NONE',  ( 0.000000000000000000, 1.000000000000000000, 0.000000000000000000 ) ) ;
#4698 = DIRECTION ( 'NONE',  ( 0.000000000000000000, 0.000000000000000000, -1.000000000000000000 ) ) ;
#4699 = CARTESIAN_POINT ( 'NONE',  ( -41.99999999999990763, -5.000000000000002665, 30.09999999999997655 ) ) ;
#4700 = DIRECTION ( 'NONE',  ( 0.000000000000000000, 0.000000000000000000, 1.000000000000000000 ) ) ;
#4701 = AXIS2_PLACEMENT_3D ( 'NONE', #10119, #8314, #11866 ) ;
#4702 = CARTESIAN_POINT ( 'NONE',  ( -41.99999999999987921, -8.000000000000001776, 37.46285920726698038 ) ) ;
#4703 = CARTESIAN_POINT ( 'NONE',  ( -27.09999999999983089, -5.000000000000000000, 48.00000000000000711 ) ) ;
#4704 = CIRCLE ( 'NONE', #6062, 1.549999999999999378 ) ;
#4705 = DIRECTION ( 'NONE',  ( 3.491481338843133355E-15, -0.000000000000000000, 1.000000000000000000 ) ) ;
#4706 = DIRECTION ( 'NONE',  ( -1.000000000000000000, 0.000000000000000000, 0.000000000000000000 ) ) ;
#4707 = AXIS2_PLACEMENT_3D ( 'NONE', #6564, #96, #11859 ) ;
#4708 = DIRECTION ( 'NONE',  ( -0.000000000000000000, -0.000000000000000000, -1.000000000000000000 ) ) ;
#4709 = ORIENTED_EDGE ( 'NONE', *, *, #4151, .T. ) ;
#4710 = EDGE_LOOP ( 'NONE', ( #2389, #650 ) ) ;
#4711 = ORIENTED_EDGE ( 'NONE', *, *, #9022, .F. ) ;
#4712 = ADVANCED_FACE ( 'NONE', ( #3653 ), #1832, .T. ) ;
#4713 = DIRECTION ( 'NONE',  ( 0.000000000000000000, 1.000000000000000000, 0.000000000000000000 ) ) ;
#4714 = EDGE_LOOP ( 'NONE', ( #1769, #5765, #4487, #2668, #10673, #2211, #9343 ) ) ;
#4715 = VECTOR ( 'NONE', #786, 1000.000000000000000 ) ;
#4716 = LINE ( 'NONE', #7433, #5641 ) ;
#4717 = B_SPLINE_CURVE_WITH_KNOTS ( 'NONE', 3,
 ( #5043, #8725, #450, #7825, #2322, #8782, #11485, #2620, #10028, #4430 ),
 .UNSPECIFIED., .F., .F.,
 ( 4, 2, 2, 2, 4 ),
 ( 0.04431461889807850746, 0.2832359641829375607, 0.5221573094552917071, 0.7610786547276457981, 0.8894574015490275265 ),
 .UNSPECIFIED. ) ;
#4718 = CARTESIAN_POINT ( 'NONE',  ( -40.45587828773333428, -15.00000000000000355, 42.00000000000000711 ) ) ;
#4719 = DIRECTION ( 'NONE',  ( 1.000000000000000000, 0.000000000000000000, 0.000000000000000000 ) ) ;
#4720 = DIRECTION ( 'NONE',  ( -1.047444401652940007E-14, 0.000000000000000000, -1.000000000000000000 ) ) ;
#4721 = FACE_OUTER_BOUND ( 'NONE', #3257, .T. ) ;
#4722 = B_SPLINE_CURVE_WITH_KNOTS ( 'NONE', 3,
 ( #2743, #9192, #923, #7745, #366, #6781, #11347, #10569, #4056, #7921, #6845, #7867 ),
 .UNSPECIFIED., .F., .F.,
 ( 4, 2, 2, 2, 2, 4 ),
 ( 0.000000000000000000, 0.001402130171594911587, 0.002103195257392366513, 0.002804260343189821873, 0.004206390514784732158, 0.005608520686379642878 ),
 .UNSPECIFIED. ) ;
#4723 = DIRECTION ( 'NONE',  ( 0.000000000000000000, 0.000000000000000000, 1.000000000000000000 ) ) ;
#4724 = CARTESIAN_POINT ( 'NONE',  ( 0.000000000000000000, 0.000000000000000000, 48.99999999999999289 ) ) ;
#4725 = ORIENTED_EDGE ( 'NONE', *, *, #10393, .F. ) ;
#4726 = VECTOR ( 'NONE', #344, 1000.000000000000000 ) ;
#4727 = EDGE_CURVE ( 'NONE', #3712, #5078, #1775, .T. ) ;
#4728 = ORIENTED_EDGE ( 'NONE', *, *, #551, .F. ) ;
#4729 = ORIENTED_EDGE ( 'NONE', *, *, #8849, .F. ) ;
#4730 = VERTEX_POINT ( 'NONE', #4437 ) ;
#4731 = ORIENTED_EDGE ( 'NONE', *, *, #6828, .T. ) ;
#4732 = CARTESIAN_POINT ( 'NONE',  ( 10.49999999999999822, -0.9999999854290726464, -26.01748130932072200 ) ) ;
#4733 = PLANE ( 'NONE',  #9471 ) ;
#4734 = CARTESIAN_POINT ( 'NONE',  ( 30.50000000000013856, -3.199999999999999289, 43.49999999999980105 ) ) ;
#4735 = EDGE_CURVE ( 'NONE', #1593, #709, #1714, .T. ) ;
#4736 = CYLINDRICAL_SURFACE ( 'NONE', #6785, 1.550000000000002709 ) ;
#4737 = CARTESIAN_POINT ( 'NONE',  ( 34.94371519147323113, -11.56778797404391490, -42.00000000000001421 ) ) ;
#4738 = CARTESIAN_POINT ( 'NONE',  ( 24.69999999999998863, 1.000000000000000000, -48.15000000000000568 ) ) ;
#4739 = CARTESIAN_POINT ( 'NONE',  ( 41.49999999999949551, 1.000000000000000000, -49.00000000000000711 ) ) ;
#4740 = AXIS2_PLACEMENT_3D ( 'NONE', #6224, #8092, #1740 ) ;
#4741 = ADVANCED_FACE ( 'NONE', ( #9255 ), #11845, .F. ) ;
#4742 = VERTEX_POINT ( 'NONE', #2805 ) ;
#4743 = VERTEX_POINT ( 'NONE', #6493 ) ;
#4744 = ORIENTED_EDGE ( 'NONE', *, *, #311, .T. ) ;
#4745 = CARTESIAN_POINT ( 'NONE',  ( 27.09999999999983089, -0.1999999999999999833, -48.00000000000000711 ) ) ;
#4746 = CYLINDRICAL_SURFACE ( 'NONE', #8113, 2.349999999999997868 ) ;
#4747 = CIRCLE ( 'NONE', #5706, 1.000000000000000888 ) ;
#4748 = EDGE_CURVE ( 'NONE', #11796, #8131, #7183, .T. ) ;
#4749 = CARTESIAN_POINT ( 'NONE',  ( -49.00000000000000711, 1.000000000000000000, -50.00000000000000711 ) ) ;
#4750 = DIRECTION ( 'NONE',  ( -1.000000000000000000, 0.000000000000000000, 0.000000000000000000 ) ) ;
#4751 = ADVANCED_FACE ( 'NONE', ( #11125 ), #9985, .T. ) ;
#4752 = DIRECTION ( 'NONE',  ( 1.000000000000000000, -0.000000000000000000, -0.000000000000000000 ) ) ;
#4753 = ADVANCED_FACE ( 'NONE', ( #144, #1955, #8767 ), #2364, .T. ) ;
#4754 = CARTESIAN_POINT ( 'NONE',  ( 10.50000000000000178, -13.00000000000000178, -11.29999999999999893 ) ) ;
#4755 = ORIENTED_EDGE ( 'NONE', *, *, #7108, .T. ) ;
#4756 = ORIENTED_EDGE ( 'NONE', *, *, #8410, .F. ) ;
#4757 = ORIENTED_EDGE ( 'NONE', *, *, #9481, .T. ) ;
#4758 = CARTESIAN_POINT ( 'NONE',  ( -49.99999999999955946, 7.750000000000000000, 41.50000000000053291 ) ) ;
#4759 = CARTESIAN_POINT ( 'NONE',  ( 48.00000000000033396, 1.000000000000000000, 31.29999999999933635 ) ) ;
#4760 = LINE ( 'NONE', #10117, #5399 ) ;
#4761 = FACE_OUTER_BOUND ( 'NONE', #11078, .T. ) ;
#4762 = EDGE_CURVE ( 'NONE', #8107, #6044, #999, .T. ) ;
#4763 = CYLINDRICAL_SURFACE ( 'NONE', #11593, 4.000000000000000000 ) ;
#4764 = DIRECTION ( 'NONE',  ( 0.000000000000000000, 0.000000000000000000, 1.000000000000000000 ) ) ;
#4765 = VECTOR ( 'NONE', #11144, 1000.000000000000000 ) ;
#4766 = DIRECTION ( 'NONE',  ( -0.000000000000000000, -0.000000000000000000, -1.000000000000000000 ) ) ;
#4767 = LINE ( 'NONE', #106, #2432 ) ;
#4768 = CARTESIAN_POINT ( 'NONE',  ( 49.00000000000000711, 1.000000000000000000, 41.49999999999965894 ) ) ;
#4769 = ORIENTED_EDGE ( 'NONE', *, *, #1720, .T. ) ;
#4770 = EDGE_LOOP ( 'NONE', ( #11612, #4662 ) ) ;
#4771 = EDGE_LOOP ( 'NONE', ( #5903, #6983, #3119, #10284 ) ) ;
#4772 = LINE ( 'NONE', #2047, #9708 ) ;
#4773 = ORIENTED_EDGE ( 'NONE', *, *, #6475, .T. ) ;
#4774 = CARTESIAN_POINT ( 'NONE',  ( -36.19999999999999574, -15.00000000000000355, 45.24999999999999289 ) ) ;
#4775 = LINE ( 'NONE', #8458, #494 ) ;
#4776 = DIRECTION ( 'NONE',  ( 0.000000000000000000, 0.000000000000000000, -1.000000000000000000 ) ) ;
#4777 = CARTESIAN_POINT ( 'NONE',  ( 35.73212000031254121, -14.74514118418659159, -43.67547366102730422 ) ) ;
#4778 = DIRECTION ( 'NONE',  ( 0.000000000000000000, 0.000000000000000000, 1.000000000000000000 ) ) ;
#4779 = CARTESIAN_POINT ( 'NONE',  ( 10.50000000000000178, -9.999953604219706804, 9.461999996720289019 ) ) ;
#4780 = PLANE ( 'NONE',  #7298 ) ;
#4781 = AXIS2_PLACEMENT_3D ( 'NONE', #10413, #1239, #7827 ) ;
#4782 = ORIENTED_EDGE ( 'NONE', *, *, #11344, .F. ) ;
#4783 = VERTEX_POINT ( 'NONE', #1167 ) ;
#4784 = CARTESIAN_POINT ( 'NONE',  ( -10.49999999999999822, -1.954222917610287880, -28.87801897168961673 ) ) ;
#4785 = VERTEX_POINT ( 'NONE', #5702 ) ;
#4786 = TOROIDAL_SURFACE ( 'NONE', #4209, 7.949999999999998401, 3.600000000000000089 ) ;
#4787 = VERTEX_POINT ( 'NONE', #268 ) ;
#4788 = PRODUCT_DEFINITION ( 'UNKNOWN', '', #8255, #298 ) ;
#4789 = ORIENTED_EDGE ( 'NONE', *, *, #593, .F. ) ;
#4790 = VECTOR ( 'NONE', #3939, 1000.000000000000000 ) ;
#4791 = CARTESIAN_POINT ( 'NONE',  ( -41.49999999999983658, 0.000000000000000000, -49.99999999999999289 ) ) ;
#4792 = EDGE_CURVE ( 'NONE', #1472, #7836, #3336, .T. ) ;
#4793 = CARTESIAN_POINT ( 'NONE',  ( -38.09999999999925535, -3.199999999999999734, 42.00000000000000711 ) ) ;
#4794 = DIRECTION ( 'NONE',  ( 0.000000000000000000, -1.000000000000000000, 0.000000000000000000 ) ) ;
#4795 = CARTESIAN_POINT ( 'NONE',  ( 41.49999999999983658, -1.000000000000001776, 42.00000000000000711 ) ) ;
#4796 = DIRECTION ( 'NONE',  ( 0.000000000000000000, -1.000000000000000000, 0.000000000000000000 ) ) ;
#4797 = FACE_OUTER_BOUND ( 'NONE', #3448, .T. ) ;
#4798 = DIRECTION ( 'NONE',  ( 0.000000000000000000, 0.000000000000000000, -1.000000000000000000 ) ) ;
#4799 = ORIENTED_EDGE ( 'NONE', *, *, #11421, .T. ) ;
#4800 = ORIENTED_EDGE ( 'NONE', *, *, #11439, .F. ) ;
#4801 = ORIENTED_EDGE ( 'NONE', *, *, #1126, .F. ) ;
#4802 = EDGE_CURVE ( 'NONE', #8452, #3091, #432, .T. ) ;
#4803 = CYLINDRICAL_SURFACE ( 'NONE', #9288, 1.000000000000000888 ) ;
#4804 = EDGE_CURVE ( 'NONE', #1889, #5750, #2552, .T. ) ;
#4805 = CARTESIAN_POINT ( 'NONE',  ( 48.00000000000033396, -0.1999999999999999833, 31.29999999999933635 ) ) ;
#4806 =( NAMED_UNIT ( * ) SI_UNIT ( $, .STERADIAN. ) SOLID_ANGLE_UNIT ( ) );
#4807 = CARTESIAN_POINT ( 'NONE',  ( 40.00699106705255303, -8.799990666148611140, 48.00000000000000711 ) ) ;
#4808 = DIRECTION ( 'NONE',  ( -0.000000000000000000, 1.000000000000000000, -0.000000000000000000 ) ) ;
#4809 = DIRECTION ( 'NONE',  ( 0.000000000000000000, 0.000000000000000000, 1.000000000000000000 ) ) ;
#4810 = DIRECTION ( 'NONE',  ( 6.982962677686267499E-15, -0.000000000000000000, 1.000000000000000000 ) ) ;
#4811 = EDGE_LOOP ( 'NONE', ( #7014, #4756, #9194, #1697 ) ) ;
#4812 = ORIENTED_EDGE ( 'NONE', *, *, #4651, .F. ) ;
#4813 = ORIENTED_EDGE ( 'NONE', *, *, #5387, .F. ) ;
#4814 = CARTESIAN_POINT ( 'NONE',  ( 38.09999999999983800, -3.199999999999999734, 48.00000000000000711 ) ) ;
#4815 = ADVANCED_FACE ( 'NONE', ( #9666 ), #4803, .T. ) ;
#4816 = DIRECTION ( 'NONE',  ( 0.000000000000000000, 0.000000000000000000, 1.000000000000000000 ) ) ;
#4817 = EDGE_CURVE ( 'NONE', #9342, #8062, #8545, .T. ) ;
#4818 = EDGE_CURVE ( 'NONE', #6175, #8789, #4182, .T. ) ;
#4819 = DIRECTION ( 'NONE',  ( -8.953411488912557020E-15, 0.000000000000000000, -1.000000000000000000 ) ) ;
#4820 = DIRECTION ( 'NONE',  ( 0.000000000000000000, 0.000000000000000000, -1.000000000000000000 ) ) ;
#4821 = CARTESIAN_POINT ( 'NONE',  ( -10.50000000000000178, -9.999929804561835667, 9.461999999768272218 ) ) ;
#4822 = DIRECTION ( 'NONE',  ( -1.000000000000000000, 0.000000000000000000, 1.387778780781444413E-14 ) ) ;
#4823 = AXIS2_PLACEMENT_3D ( 'NONE', #10568, #2300, #5875 ) ;
#4824 = DIRECTION ( 'NONE',  ( -1.000000000000000000, 0.000000000000000000, 0.000000000000000000 ) ) ;
#4825 = CARTESIAN_POINT ( 'NONE',  ( -39.65000000000042490, -3.199999999999999734, -42.00000000000001421 ) ) ;
#4826 = DIRECTION ( 'NONE',  ( -1.000000000000000000, -0.000000000000000000, -0.000000000000000000 ) ) ;
#4827 = ORIENTED_EDGE ( 'NONE', *, *, #5686, .F. ) ;
#4828 = ORIENTED_EDGE ( 'NONE', *, *, #3763, .T. ) ;
#4829 = EDGE_CURVE ( 'NONE', #9745, #10023, #8485, .T. ) ;
#4830 = DIRECTION ( 'NONE',  ( -1.000000000000000000, 0.000000000000000000, 0.000000000000000000 ) ) ;
#4831 = EDGE_LOOP ( 'NONE', ( #9018, #7130 ) ) ;
#4832 = EDGE_CURVE ( 'NONE', #2314, #5235, #5140, .T. ) ;
#4833 = EDGE_CURVE ( 'NONE', #10956, #2990, #3052, .T. ) ;
#4834 = CARTESIAN_POINT ( 'NONE',  ( -24.69999999999738094, 1.000000000000000000, 48.14999999999864855 ) ) ;
#4835 = CIRCLE ( 'NONE', #3093, 8.500000000000000000 ) ;
#4836 = DIRECTION ( 'NONE',  ( -0.000000000000000000, 1.000000000000000000, -0.000000000000000000 ) ) ;
#4837 = LINE ( 'NONE', #11100, #5482 ) ;
#4838 = FACE_OUTER_BOUND ( 'NONE', #11093, .T. ) ;
#4839 = DIRECTION ( 'NONE',  ( 1.000000000000000000, 0.000000000000000000, 0.000000000000000000 ) ) ;
#4840 = CARTESIAN_POINT ( 'NONE',  ( 21.49897948556865046, -4.000000000000000000, -42.00000000000000711 ) ) ;
#4841 = CARTESIAN_POINT ( 'NONE',  ( 0.000000000000000000, -10.00000000000000178, -14.40000000000000036 ) ) ;
#4842 = ORIENTED_EDGE ( 'NONE', *, *, #5231, .T. ) ;
#4843 = B_SPLINE_CURVE_WITH_KNOTS ( 'NONE', 3,
 ( #2903, #2781, #10260, #6713 ),
 .UNSPECIFIED., .F., .F.,
 ( 4, 4 ),
 ( 0.0006582633942968448178, 0.001515000002404891894 ),
 .UNSPECIFIED. ) ;
#4844 = EDGE_LOOP ( 'NONE', ( #7414, #4967 ) ) ;
#4845 = DIRECTION ( 'NONE',  ( -1.000000000000000000, 0.000000000000000000, 0.000000000000000000 ) ) ;
#4846 = EDGE_LOOP ( 'NONE', ( #7704, #7029 ) ) ;
#4847 = AXIS2_PLACEMENT_3D ( 'NONE', #10163, #7463, #6373 ) ;
#4848 = AXIS2_PLACEMENT_3D ( 'NONE', #211, #272, #8057 ) ;
#4849 = CARTESIAN_POINT ( 'NONE',  ( 40.44999999999983231, -3.199999999999999734, 43.50000000000001421 ) ) ;
#4850 = CARTESIAN_POINT ( 'NONE',  ( 42.00000000000029132, -1.000000000000000000, 27.09999999999939035 ) ) ;
#4851 = CARTESIAN_POINT ( 'NONE',  ( -40.44999999999983231, -3.199999999999999734, -43.50000000000001421 ) ) ;
#4852 = LINE ( 'NONE', #7754, #8512 ) ;
#4853 = CARTESIAN_POINT ( 'NONE',  ( 35.68507792207282847, -13.91172658783313842, -42.00000000000001421 ) ) ;
#4854 = CIRCLE ( 'NONE', #7937, 1.550000000000002709 ) ;
#4855 = DIRECTION ( 'NONE',  ( 0.000000000000000000, -1.000000000000000000, 0.000000000000000000 ) ) ;
#4856 = CARTESIAN_POINT ( 'NONE',  ( -40.00000000000000000, -1.000000000000000000, 14.99999999999982059 ) ) ;
#4857 = AXIS2_PLACEMENT_3D ( 'NONE', #3516, #10866, #4601 ) ;
#4858 = VECTOR ( 'NONE', #6332, 1000.000000000000000 ) ;
#4859 = ORIENTED_EDGE ( 'NONE', *, *, #8367, .F. ) ;
#4860 = ORIENTED_EDGE ( 'NONE', *, *, #10086, .T. ) ;
#4861 = ORIENTED_EDGE ( 'NONE', *, *, #7028, .F. ) ;
#4862 = EDGE_CURVE ( 'NONE', #293, #10699, #9496, .T. ) ;
#4863 = DIRECTION ( 'NONE',  ( 0.000000000000000000, 0.000000000000000000, -1.000000000000000000 ) ) ;
#4864 = EDGE_LOOP ( 'NONE', ( #7432, #3715 ) ) ;
#4865 = VECTOR ( 'NONE', #5044, 1000.000000000000000 ) ;
#4866 = CARTESIAN_POINT ( 'NONE',  ( -42.00000000000012790, -9.379889862443031134, -36.07005218140344738 ) ) ;
#4867 = CARTESIAN_POINT ( 'NONE',  ( -31.29999999999983373, -0.1999999999999999833, 48.00000000000000711 ) ) ;
#4868 = CARTESIAN_POINT ( 'NONE',  ( 38.75831637721758227, -9.219484074103229787, 48.00000000000002132 ) ) ;
#4869 = CARTESIAN_POINT ( 'NONE',  ( -43.49999999999991473, -3.199999999999999289, -28.94999999999998153 ) ) ;
#4870 = EDGE_CURVE ( 'NONE', #5736, #8219, #4106, .T. ) ;
#4871 = ADVANCED_FACE ( 'NONE', ( #2139, #7582 ), #10630, .T. ) ;
#4872 = CARTESIAN_POINT ( 'NONE',  ( 50.00000000000000711, -1.000000000000000000, 48.99999999999999289 ) ) ;
#4873 = CYLINDRICAL_SURFACE ( 'NONE', #10002, 2.349999999999997868 ) ;
#4874 = ORIENTED_EDGE ( 'NONE', *, *, #6729, .F. ) ;
#4875 = VERTEX_POINT ( 'NONE', #5766 ) ;
#4876 = ORIENTED_EDGE ( 'NONE', *, *, #11663, .T. ) ;
#4877 = EDGE_CURVE ( 'NONE', #5824, #2711, #5635, .T. ) ;
#4878 = VERTEX_POINT ( 'NONE', #9317 ) ;
#4879 = VECTOR ( 'NONE', #4372, 1000.000000000000000 ) ;
#4880 = CYLINDRICAL_SURFACE ( 'NONE', #1464, 2.349999999999997868 ) ;
#4881 = CARTESIAN_POINT ( 'NONE',  ( -10.49999999999999822, -1.616326002576278453, -28.98249281440986991 ) ) ;
#4882 = CARTESIAN_POINT ( 'NONE',  ( -35.93377312589563388, -14.78787386215434729, -44.36378927051311649 ) ) ;
#4883 = CARTESIAN_POINT ( 'NONE',  ( -42.00000000000014921, -3.199999999999999734, -39.64999999999998437 ) ) ;
#4884 = DIRECTION ( 'NONE',  ( -0.000000000000000000, 1.000000000000000000, -0.000000000000000000 ) ) ;
#4885 = EDGE_CURVE ( 'NONE', #3003, #7688, #1048, .T. ) ;
#4886 = CARTESIAN_POINT ( 'NONE',  ( -31.29999999999983373, 1.000000000000000000, 48.00000000000000711 ) ) ;
#4887 = CARTESIAN_POINT ( 'NONE',  ( -24.69999999999752660, -8.000000000000001776, 47.35000000000088249 ) ) ;
#4888 = LINE ( 'NONE', #2892, #3424 ) ;
#4889 = ORIENTED_EDGE ( 'NONE', *, *, #11815, .T. ) ;
#4890 = ORIENTED_EDGE ( 'NONE', *, *, #10484, .T. ) ;
#4891 = AXIS2_PLACEMENT_3D ( 'NONE', #9141, #4388, #7286 ) ;
#4892 = EDGE_CURVE ( 'NONE', #6811, #6460, #8910, .T. ) ;
#4893 = FACE_BOUND ( 'NONE', #9979, .T. ) ;
#4894 = ORIENTED_EDGE ( 'NONE', *, *, #2981, .F. ) ;
#4895 = AXIS2_PLACEMENT_3D ( 'NONE', #7180, #10846, #5418 ) ;
#4896 = CARTESIAN_POINT ( 'NONE',  ( 47.99999999999953815, -8.719118491669973992, -44.19310636188222219 ) ) ;
#4897 = CIRCLE ( 'NONE', #1609, 2.999999999999995559 ) ;
#4898 = PLANE ( 'NONE',  #5125 ) ;
#4899 = DIRECTION ( 'NONE',  ( -0.000000000000000000, 1.000000000000000000, -0.000000000000000000 ) ) ;
#4900 = EDGE_CURVE ( 'NONE', #3201, #3968, #10454, .T. ) ;
#4901 = FACE_OUTER_BOUND ( 'NONE', #10591, .T. ) ;
#4902 = FACE_OUTER_BOUND ( 'NONE', #192, .T. ) ;
#4903 = DIRECTION ( 'NONE',  ( 0.000000000000000000, 1.000000000000000000, 0.000000000000000000 ) ) ;
#4904 = CARTESIAN_POINT ( 'NONE',  ( -10.49999999999999822, -13.00000000000000178, -12.40000000000000036 ) ) ;
#4905 = ORIENTED_EDGE ( 'NONE', *, *, #6707, .F. ) ;
#4906 = ORIENTED_EDGE ( 'NONE', *, *, #5531, .T. ) ;
#4907 = EDGE_CURVE ( 'NONE', #11331, #1268, #1894, .T. ) ;
#4908 = PLANE ( 'NONE',  #9442 ) ;
#4909 = CIRCLE ( 'NONE', #11053, 1.550000000000002709 ) ;
#4910 = CARTESIAN_POINT ( 'NONE',  ( 33.27147687623691752, -7.909706892630209651, 42.00000000000001421 ) ) ;
#4911 = EDGE_LOOP ( 'NONE', ( #2148, #11523, #5963, #3805 ) ) ;
#4912 = VECTOR ( 'NONE', #1927, 1000.000000000000000 ) ;
#4913 = LINE ( 'NONE', #11349, #912 ) ;
#4914 = CARTESIAN_POINT ( 'NONE',  ( 32.04999999999948557, -3.199999999999999289, -50.00000000000072475 ) ) ;
#4915 = DIRECTION ( 'NONE',  ( -0.000000000000000000, 1.000000000000000000, -0.000000000000000000 ) ) ;
#4916 = VECTOR ( 'NONE', #5496, 1000.000000000000000 ) ;
#4917 = LINE ( 'NONE', #2011, #11025 ) ;
#4918 = CARTESIAN_POINT ( 'NONE',  ( -24.69999999999816609, -3.499999999999999556, -47.35000000000054143 ) ) ;
#4919 = CARTESIAN_POINT ( 'NONE',  ( -10.50000000000000178, -3.802627880767588842, 26.37152231797417201 ) ) ;
#4920 = CYLINDRICAL_SURFACE ( 'NONE', #10974, 4.000000000000000000 ) ;
#4921 = ORIENTED_EDGE ( 'NONE', *, *, #6962, .T. ) ;
#4922 = VERTEX_POINT ( 'NONE', #1687 ) ;
#4923 = ORIENTED_EDGE ( 'NONE', *, *, #6904, .T. ) ;
#4924 = ORIENTED_EDGE ( 'NONE', *, *, #9021, .T. ) ;
#4925 = CARTESIAN_POINT ( 'NONE',  ( -42.00000000000012790, -8.000000000000003553, -32.28840540117941060 ) ) ;
#4926 =( LENGTH_UNIT ( ) NAMED_UNIT ( * ) SI_UNIT ( .MILLI., .METRE. ) );
#4927 = EDGE_CURVE ( 'NONE', #1058, #963, #3512, .T. ) ;
#4928 = CYLINDRICAL_SURFACE ( 'NONE', #4848, 1.000000000000000888 ) ;
#4929 = CARTESIAN_POINT ( 'NONE',  ( 48.00000000000031974, -8.000000000000001776, 30.09999999999932996 ) ) ;
#4930 = CARTESIAN_POINT ( 'NONE',  ( -27.09999999999738307, -5.000000000000000000, -49.99999999999884182 ) ) ;
#4931 = CARTESIAN_POINT ( 'NONE',  ( 43.50000000000032685, -3.199999999999999289, 30.49999999999937828 ) ) ;
#4932 = ORIENTED_EDGE ( 'NONE', *, *, #4877, .T. ) ;
#4933 = ORIENTED_EDGE ( 'NONE', *, *, #9285, .F. ) ;
#4934 = ORIENTED_EDGE ( 'NONE', *, *, #9897, .F. ) ;
#4935 = ORIENTED_EDGE ( 'NONE', *, *, #11801, .T. ) ;
#4936 = VECTOR ( 'NONE', #3891, 1000.000000000000000 ) ;
#4937 = DIRECTION ( 'NONE',  ( 0.000000000000000000, 1.000000000000000000, 0.000000000000000000 ) ) ;
#4938 = ADVANCED_FACE ( 'NONE', ( #10012 ), #11701, .F. ) ;
#4939 = CARTESIAN_POINT ( 'NONE',  ( -10.49999999999999822, -12.99999961920546276, -14.02742945793029428 ) ) ;
#4940 = AXIS2_PLACEMENT_3D ( 'NONE', #7879, #3342, #1514 ) ;
#4941 = DIRECTION ( 'NONE',  ( -1.000000000000000000, 0.000000000000000000, 0.000000000000000000 ) ) ;
#4942 = EDGE_CURVE ( 'NONE', #11015, #5007, #1743, .T. ) ;
#4943 = CARTESIAN_POINT ( 'NONE',  ( -3.516932227264252919, -1.504837610220339128, 24.18460457416915332 ) ) ;
#4944 = DIRECTION ( 'NONE',  ( -0.000000000000000000, -0.000000000000000000, 1.000000000000000000 ) ) ;
#4945 = CARTESIAN_POINT ( 'NONE',  ( 41.99999999999959499, -6.560870636613461926, -39.89622280665513898 ) ) ;
#4946 = CARTESIAN_POINT ( 'NONE',  ( 37.50000000000000711, -9.000000000000001776, 42.89999999999999147 ) ) ;
#4947 = CARTESIAN_POINT ( 'NONE',  ( 42.00000000000014211, -14.80000000000000071, -38.93703481765633967 ) ) ;
#4948 = EDGE_LOOP ( 'NONE', ( #5441, #7399, #4057, #8451 ) ) ;
#4949 = EDGE_LOOP ( 'NONE', ( #6750, #9947 ) ) ;
#4950 = AXIS2_PLACEMENT_3D ( 'NONE', #3514, #6466, #11039 ) ;
#4951 = AXIS2_PLACEMENT_3D ( 'NONE', #6409, #10078, #1811 ) ;
#4952 = DIRECTION ( 'NONE',  ( 1.000000000000000000, 0.000000000000000000, -8.953411488912536510E-15 ) ) ;
#4953 = ORIENTED_EDGE ( 'NONE', *, *, #6526, .T. ) ;
#4954 = ADVANCED_FACE ( 'NONE', ( #3568 ), #782, .T. ) ;
#4955 = EDGE_CURVE ( 'NONE', #11627, #9123, #5259, .T. ) ;
#4956 = DIRECTION ( 'NONE',  ( -0.000000000000000000, -1.000000000000000000, 0.000000000000000000 ) ) ;
#4957 = EDGE_CURVE ( 'NONE', #8908, #7903, #8919, .T. ) ;
#4958 = DIRECTION ( 'NONE',  ( -1.000000000000000000, 0.000000000000000000, 1.343011723336883395E-14 ) ) ;
#4959 = CARTESIAN_POINT ( 'NONE',  ( -49.00000000000000000, 0.000000000000000000, 6.800116025829083810E-15 ) ) ;
#4960 = CARTESIAN_POINT ( 'NONE',  ( -43.50000000000011369, -3.199999999999999289, -30.49999999999968381 ) ) ;
#4961 = CARTESIAN_POINT ( 'NONE',  ( -21.65063509461091584, -1.000000000000000000, -14.10000000000010623 ) ) ;
#4962 = FACE_OUTER_BOUND ( 'NONE', #2284, .T. ) ;
#4963 = ORIENTED_EDGE ( 'NONE', *, *, #2242, .T. ) ;
#4964 = ORIENTED_EDGE ( 'NONE', *, *, #369, .T. ) ;
#4965 = CARTESIAN_POINT ( 'NONE',  ( -40.00000000000000711, -5.025393101198560863, -42.00000000000000711 ) ) ;
#4966 = CARTESIAN_POINT ( 'NONE',  ( 33.66695970760921597, -6.758131723631852772, 42.00000000000000711 ) ) ;
#4967 = ORIENTED_EDGE ( 'NONE', *, *, #3402, .F. ) ;
#4968 = AXIS2_PLACEMENT_3D ( 'NONE', #10308, #9339, #2040 ) ;
#4969 = EDGE_CURVE ( 'NONE', #11435, #10131, #9110, .T. ) ;
#4970 = DIRECTION ( 'NONE',  ( -1.000000000000000000, -0.000000000000000000, -3.491481338843133750E-15 ) ) ;
#4971 = EDGE_CURVE ( 'NONE', #5684, #879, #5789, .T. ) ;
#4972 = CARTESIAN_POINT ( 'NONE',  ( -36.19999999999999574, -15.00000000000000355, 42.89999999999999147 ) ) ;
#4973 = DIRECTION ( 'NONE',  ( 0.000000000000000000, 0.000000000000000000, 1.000000000000000000 ) ) ;
#4974 = CIRCLE ( 'NONE', #4781, 1.549999999999999378 ) ;
#4975 = CARTESIAN_POINT ( 'NONE',  ( 10.50000000000000000, -10.00000000000000178, 6.361999999999993882 ) ) ;
#4976 = DIRECTION ( 'NONE',  ( -1.000000000000000000, 0.000000000000000000, 3.491481338843133355E-15 ) ) ;
#4977 = DIRECTION ( 'NONE',  ( 1.000000000000000000, 0.000000000000000000, -8.953411488912536510E-15 ) ) ;
#4978 = CARTESIAN_POINT ( 'NONE',  ( -49.99999999999991473, -0.1999999999999999833, 27.10000000000000497 ) ) ;
#4979 = EDGE_LOOP ( 'NONE', ( #4085, #3941, #6278, #7907, #10465 ) ) ;
#4980 = VERTEX_POINT ( 'NONE', #8881 ) ;
#4981 = ORIENTED_EDGE ( 'NONE', *, *, #3543, .T. ) ;
#4982 = EDGE_CURVE ( 'NONE', #6869, #605, #1006, .T. ) ;
#4983 = AXIS2_PLACEMENT_3D ( 'NONE', #185, #122, #3816 ) ;
#4984 = ADVANCED_FACE ( 'NONE', ( #5316 ), #9784, .T. ) ;
#4985 = CARTESIAN_POINT ( 'NONE',  ( -42.00000000000014211, -14.80000000000000071, -38.93703481765633967 ) ) ;
#4986 = CARTESIAN_POINT ( 'NONE',  ( -47.99999999999990763, -3.199999999999998845, 28.14999999999999858 ) ) ;
#4987 = DIRECTION ( 'NONE',  ( -1.000000000000000000, 0.000000000000000000, 3.491481338843133355E-15 ) ) ;
#4988 = CARTESIAN_POINT ( 'NONE',  ( -43.49999999999987921, -3.199999999999999734, -38.09999999999998721 ) ) ;
#4989 = FACE_OUTER_BOUND ( 'NONE', #6004, .T. ) ;
#4990 = DIRECTION ( 'NONE',  ( 0.000000000000000000, 0.000000000000000000, 1.000000000000000000 ) ) ;
#4991 = FACE_OUTER_BOUND ( 'NONE', #2468, .T. ) ;
#4992 = ORIENTED_EDGE ( 'NONE', *, *, #5398, .F. ) ;
#4993 = EDGE_LOOP ( 'NONE', ( #7222, #3823, #5051, #3818, #4605, #5472 ) ) ;
#4994 = EDGE_LOOP ( 'NONE', ( #4828, #6399 ) ) ;
#4995 = ORIENTED_EDGE ( 'NONE', *, *, #6377, .T. ) ;
#4996 = ORIENTED_EDGE ( 'NONE', *, *, #4663, .T. ) ;
#4997 = CIRCLE ( 'NONE', #9996, 2.350000000000001421 ) ;
#4998 = DIRECTION ( 'NONE',  ( 1.000000000000000000, -0.000000000000000000, 3.491481338843133355E-15 ) ) ;
#4999 = CARTESIAN_POINT ( 'NONE',  ( 45.80000000000062244, -8.000000000000001776, -26.24999999999800337 ) ) ;
#5000 = CARTESIAN_POINT ( 'NONE',  ( 37.50000000000000711, -8.400000000000000355, 42.89999999999999147 ) ) ;
#5001 = DIRECTION ( 'NONE',  ( -1.000000000000000000, -0.000000000000000000, 1.387778780781445676E-16 ) ) ;
#5002 = LINE ( 'NONE', #5174, #9124 ) ;
#5003 = FACE_OUTER_BOUND ( 'NONE', #8859, .T. ) ;
#5004 = FACE_OUTER_BOUND ( 'NONE', #7501, .T. ) ;
#5005 = FACE_OUTER_BOUND ( 'NONE', #6827, .T. ) ;
#5006 = VERTEX_POINT ( 'NONE', #3393 ) ;
#5007 = VERTEX_POINT ( 'NONE', #9954 ) ;
#5008 = ORIENTED_EDGE ( 'NONE', *, *, #8699, .F. ) ;
#5009 = LINE ( 'NONE', #4108, #8080 ) ;
#5010 = VERTEX_POINT ( 'NONE', #3337 ) ;
#5011 = EDGE_CURVE ( 'NONE', #9909, #7917, #11646, .T. ) ;
#5012 = CARTESIAN_POINT ( 'NONE',  ( -28.14999999999983160, -3.199999999999998845, -43.50000000000001421 ) ) ;
#5013 = AXIS2_PLACEMENT_3D ( 'NONE', #4616, #5634, #4798 ) ;
#5014 = DIRECTION ( 'NONE',  ( -1.000000000000000000, 0.000000000000000000, 0.000000000000000000 ) ) ;
#5015 = DIRECTION ( 'NONE',  ( 0.000000000000000000, 0.000000000000000000, -1.000000000000000000 ) ) ;
#5016 = DIRECTION ( 'NONE',  ( 0.000000000000000000, 1.000000000000000000, 0.000000000000000000 ) ) ;
#5017 = CARTESIAN_POINT ( 'NONE',  ( -28.94999999999924256, -3.199999999999999289, 42.00000000000000711 ) ) ;
#5018 = FACE_BOUND ( 'NONE', #572, .T. ) ;
#5019 = ORIENTED_EDGE ( 'NONE', *, *, #2660, .T. ) ;
#5020 = ADVANCED_FACE ( 'NONE', ( #6168 ), #1570, .F. ) ;
#5021 = ORIENTED_EDGE ( 'NONE', *, *, #11111, .F. ) ;
#5022 = CARTESIAN_POINT ( 'NONE',  ( 41.99999999999972289, -1.000000000000000000, -27.10000000000027143 ) ) ;
#5023 = CARTESIAN_POINT ( 'NONE',  ( 36.21624035691661447, -5.049925483956402061, 42.00000000000000000 ) ) ;
#5024 = ORIENTED_EDGE ( 'NONE', *, *, #2518, .F. ) ;
#5025 = AXIS2_PLACEMENT_3D ( 'NONE', #4840, #3084, #10505 ) ;
#5026 = VECTOR ( 'NONE', #3553, 1000.000000000000000 ) ;
#5027 = DIRECTION ( 'NONE',  ( -0.000000000000000000, -0.000000000000000000, 1.000000000000000000 ) ) ;
#5028 = CARTESIAN_POINT ( 'NONE',  ( -45.79999999999802185, 1.000000000000000000, 22.35000000000063025 ) ) ;
#5029 = DIRECTION ( 'NONE',  ( 0.000000000000000000, 0.000000000000000000, 1.000000000000000000 ) ) ;
#5030 = CARTESIAN_POINT ( 'NONE',  ( -31.29999999999983373, -0.1999999999999999833, 48.00000000000000711 ) ) ;
#5031 = CYLINDRICAL_SURFACE ( 'NONE', #6673, 1.549999999999999378 ) ;
#5032 = CARTESIAN_POINT ( 'NONE',  ( -40.00000000000000000, 1.000000000000000000, 14.99999999999982236 ) ) ;
#5033 = LINE ( 'NONE', #7636, #6760 ) ;
#5034 = EDGE_CURVE ( 'NONE', #7518, #810, #2951, .T. ) ;
#5035 = CIRCLE ( 'NONE', #9836, 2.349999999999997868 ) ;
#5036 = ORIENTED_EDGE ( 'NONE', *, *, #9216, .T. ) ;
#5037 = ORIENTED_EDGE ( 'NONE', *, *, #9966, .T. ) ;
#5038 = CIRCLE ( 'NONE', #3892, 1.000000000000000888 ) ;
#5039 = CARTESIAN_POINT ( 'NONE',  ( 9.184850993605147944E-16, -1.000000000000000000, -7.500000000000000000 ) ) ;
#5040 = CARTESIAN_POINT ( 'NONE',  ( 45.80000000000062244, -8.000000000000001776, 26.24999999999800337 ) ) ;
#5041 = AXIS2_PLACEMENT_3D ( 'NONE', #2585, #11023, #1792 ) ;
#5042 = CARTESIAN_POINT ( 'NONE',  ( 33.95459052755246177, -8.440946107329226678, 48.00000000000001421 ) ) ;
#5043 = CARTESIAN_POINT ( 'NONE',  ( -10.50000000000000178, -9.999929804561835667, 9.461999999768272218 ) ) ;
#5044 = DIRECTION ( 'NONE',  ( -1.000000000000000000, -0.000000000000000000, 3.491481338843133355E-15 ) ) ;
#5045 = EDGE_CURVE ( 'NONE', #9950, #10523, #2174, .T. ) ;
#5046 = DIRECTION ( 'NONE',  ( 0.000000000000000000, -1.000000000000000000, 0.000000000000000000 ) ) ;
#5047 = CARTESIAN_POINT ( 'NONE',  ( -41.99999999999986500, -1.000000000000001776, 41.49999999999997868 ) ) ;
#5048 = ORIENTED_EDGE ( 'NONE', *, *, #6325, .F. ) ;
#5049 = VERTEX_POINT ( 'NONE', #2899 ) ;
#5050 = ORIENTED_EDGE ( 'NONE', *, *, #4982, .F. ) ;
#5051 = ORIENTED_EDGE ( 'NONE', *, *, #11370, .T. ) ;
#5052 = ORIENTED_EDGE ( 'NONE', *, *, #1178, .T. ) ;
#5053 = AXIS2_PLACEMENT_3D ( 'NONE', #9259, #3656, #2809 ) ;
#5054 = AXIS2_PLACEMENT_3D ( 'NONE', #8059, #2559, #8003 ) ;
#5055 = CARTESIAN_POINT ( 'NONE',  ( 29.87323076026857294, -7.991417007358172064, 42.00000000000000711 ) ) ;
#5056 = CARTESIAN_POINT ( 'NONE',  ( -10.49999999999999822, -4.056623434382123250, -28.15148301392611785 ) ) ;
#5057 = FACE_OUTER_BOUND ( 'NONE', #8527, .T. ) ;
#5058 = CARTESIAN_POINT ( 'NONE',  ( -0.7151670301870722835, -5.031767376292513028, 21.46897018541723057 ) ) ;
#5059 = CARTESIAN_POINT ( 'NONE',  ( -50.00000000000012079, 0.000000000000000000, -31.29999999999966320 ) ) ;
#5060 = AXIS2_PLACEMENT_3D ( 'NONE', #1236, #386, #4079 ) ;
#5061 = DIRECTION ( 'NONE',  ( 0.000000000000000000, 1.000000000000000000, 0.000000000000000000 ) ) ;
#5062 = CARTESIAN_POINT ( 'NONE',  ( 41.99999999999964473, -8.893180219803072717, -35.30968820701649946 ) ) ;
#5063 = VERTEX_POINT ( 'NONE', #5608 ) ;
#5064 = ORIENTED_EDGE ( 'NONE', *, *, #4982, .T. ) ;
#5065 = CIRCLE ( 'NONE', #1583, 1.000000000000000888 ) ;
#5066 = ORIENTED_EDGE ( 'NONE', *, *, #3253, .T. ) ;
#5067 = LINE ( 'NONE', #5859, #9035 ) ;
#5068 = ORIENTED_EDGE ( 'NONE', *, *, #8648, .T. ) ;
#5069 = CARTESIAN_POINT ( 'NONE',  ( -40.00000000000000711, -1.000000000000000000, -7.500000000000000000 ) ) ;
#5070 = AXIS2_PLACEMENT_3D ( 'NONE', #5198, #5260, #11586 ) ;
#5071 = LINE ( 'NONE', #11459, #2614 ) ;
#5072 = CARTESIAN_POINT ( 'NONE',  ( -30.49999999999983302, -3.199999999999999289, 43.50000000000001421 ) ) ;
#5073 = EDGE_CURVE ( 'NONE', #8647, #5500, #5738, .T. ) ;
#5074 = CARTESIAN_POINT ( 'NONE',  ( -42.00000000000014921, -6.707608032017976285, -39.76644526836378901 ) ) ;
#5075 = CARTESIAN_POINT ( 'NONE',  ( -38.09999999999983800, -3.199999999999999734, 48.00000000000000711 ) ) ;
#5076 = CYLINDRICAL_SURFACE ( 'NONE', #11130, 1.550000000000002709 ) ;
#5077 = ORIENTED_EDGE ( 'NONE', *, *, #6734, .F. ) ;
#5078 = VERTEX_POINT ( 'NONE', #1015 ) ;
#5079 = DIRECTION ( 'NONE',  ( -1.000000000000000000, 0.000000000000000000, -0.000000000000000000 ) ) ;
#5080 = CARTESIAN_POINT ( 'NONE',  ( 34.26625777343824808, -5.986271465577338802, 42.00000000000001421 ) ) ;
#5081 = ORIENTED_EDGE ( 'NONE', *, *, #6155, .T. ) ;
#5082 = DIRECTION ( 'NONE',  ( 1.000000000000000000, 0.000000000000000000, 0.000000000000000000 ) ) ;
#5083 = LINE ( 'NONE', #10631, #4594 ) ;
#5084 = ADVANCED_FACE ( 'NONE', ( #1989 ), #9417, .F. ) ;
#5085 = CARTESIAN_POINT ( 'NONE',  ( -50.00000000000000000, -4.000000000000000000, -21.49897948556684213 ) ) ;
#5086 = DIRECTION ( 'NONE',  ( -0.000000000000000000, 1.000000000000000000, -0.000000000000000000 ) ) ;
#5087 = EDGE_CURVE ( 'NONE', #6264, #1593, #1400, .T. ) ;
#5088 = CARTESIAN_POINT ( 'NONE',  ( 45.80000000000062244, -5.000000000000000000, 26.24999999999800337 ) ) ;
#5089 = AXIS2_PLACEMENT_3D ( 'NONE', #3782, #4808, #11129 ) ;
#5090 = DIRECTION ( 'NONE',  ( 0.000000000000000000, 0.000000000000000000, -1.000000000000000000 ) ) ;
#5091 = CARTESIAN_POINT ( 'NONE',  ( -32.84999999999983089, -3.199999999999998845, 48.00000000000000711 ) ) ;
#5092 = VECTOR ( 'NONE', #4253, 1000.000000000000000 ) ;
#5093 = ORIENTED_EDGE ( 'NONE', *, *, #5623, .F. ) ;
#5094 = ORIENTED_EDGE ( 'NONE', *, *, #5179, .T. ) ;
#5095 = CIRCLE ( 'NONE', #6648, 2.349999999999997868 ) ;
#5096 = EDGE_CURVE ( 'NONE', #8434, #6644, #4716, .T. ) ;
#5097 = CARTESIAN_POINT ( 'NONE',  ( 47.99999999999957367, -1.000000000000000000, -41.50000000000033396 ) ) ;
#5098 = CARTESIAN_POINT ( 'NONE',  ( 12.50000000000000000, -13.00000000000000178, 7.461999999999994415 ) ) ;
#5099 = EDGE_CURVE ( 'NONE', #3744, #8081, #10256, .T. ) ;
#5100 = DIRECTION ( 'NONE',  ( -1.000000000000000000, -0.000000000000000000, 3.491481338843133355E-15 ) ) ;
#5101 = LINE ( 'NONE', #6182, #9772 ) ;
#5102 = DIRECTION ( 'NONE',  ( -1.396592535537253342E-14, 0.000000000000000000, -1.000000000000000000 ) ) ;
#5103 = DIRECTION ( 'NONE',  ( -0.000000000000000000, 1.000000000000000000, -0.000000000000000000 ) ) ;
#5104 = ORIENTED_EDGE ( 'NONE', *, *, #4582, .F. ) ;
#5105 = EDGE_LOOP ( 'NONE', ( #3062, #11033, #5922, #2483 ) ) ;
#5106 = ORIENTED_EDGE ( 'NONE', *, *, #11655, .F. ) ;
#5107 = ORIENTED_EDGE ( 'NONE', *, *, #8649, .T. ) ;
#5108 = VERTEX_POINT ( 'NONE', #3870 ) ;
#5109 = CARTESIAN_POINT ( 'NONE',  ( 33.07204053207664174, -10.47702984898051959, 42.00000000000000711 ) ) ;
#5110 = ADVANCED_FACE ( 'NONE', ( #10975 ), #114, .F. ) ;
#5111 = DIRECTION ( 'NONE',  ( -8.953411488912536510E-15, 0.000000000000000000, -1.000000000000000000 ) ) ;
#5112 = CARTESIAN_POINT ( 'NONE',  ( -6.400000000000000355, -10.00000000000000178, -5.593746508378798943 ) ) ;
#5113 = DIRECTION ( 'NONE',  ( -0.000000000000000000, -0.000000000000000000, 1.000000000000000000 ) ) ;
#5114 = ADVANCED_FACE ( 'NONE', ( #903 ), #9348, .F. ) ;
#5115 = CARTESIAN_POINT ( 'NONE',  ( -47.99999999999989342, 1.000000000000000000, 31.30000000000000071 ) ) ;
#5116 = DIRECTION ( 'NONE',  ( 0.000000000000000000, 0.000000000000000000, -1.000000000000000000 ) ) ;
#5117 = LINE ( 'NONE', #10724, #8051 ) ;
#5118 = ORIENTED_EDGE ( 'NONE', *, *, #6241, .F. ) ;
#5119 = ORIENTED_EDGE ( 'NONE', *, *, #8374, .T. ) ;
#5120 = VECTOR ( 'NONE', #8878, 1000.000000000000000 ) ;
#5121 = ORIENTED_EDGE ( 'NONE', *, *, #9824, .F. ) ;
#5122 = CARTESIAN_POINT ( 'NONE',  ( 47.99999999999969447, -8.000000000000001776, -30.10000000000033538 ) ) ;
#5123 = VECTOR ( 'NONE', #3953, 1000.000000000000000 ) ;
#5124 = ORIENTED_EDGE ( 'NONE', *, *, #3213, .T. ) ;
#5125 = AXIS2_PLACEMENT_3D ( 'NONE', #3932, #7556, #3144 ) ;
#5126 = ADVANCED_FACE ( 'NONE', ( #2839 ), #4596, .F. ) ;
#5127 = DIRECTION ( 'NONE',  ( -0.000000000000000000, 1.000000000000000000, -0.000000000000000000 ) ) ;
#5128 = FACE_OUTER_BOUND ( 'NONE', #6077, .T. ) ;
#5129 = CARTESIAN_POINT ( 'NONE',  ( -29.28232166935819336, -7.886416835385892554, 42.00000000000000711 ) ) ;
#5130 = AXIS2_PLACEMENT_3D ( 'NONE', #359, #11518, #10680 ) ;
#5131 = CARTESIAN_POINT ( 'NONE',  ( 31.29999999999983373, -0.1999999999999999833, 48.00000000000000711 ) ) ;
#5132 = FACE_OUTER_BOUND ( 'NONE', #10567, .T. ) ;
#5133 = DIRECTION ( 'NONE',  ( -0.000000000000000000, 1.000000000000000000, -0.000000000000000000 ) ) ;
#5134 = VERTEX_POINT ( 'NONE', #9168 ) ;
#5135 = ORIENTED_EDGE ( 'NONE', *, *, #4907, .F. ) ;
#5136 = CARTESIAN_POINT ( 'NONE',  ( -49.99999999999990052, 0.000000000000000000, 31.30000000000000782 ) ) ;
#5137 = DIRECTION ( 'NONE',  ( 1.000000000000000000, 0.000000000000000000, 0.000000000000000000 ) ) ;
#5138 = VERTEX_POINT ( 'NONE', #4774 ) ;
#5139 = CIRCLE ( 'NONE', #1465, 1.550000000000002709 ) ;
#5140 = LINE ( 'NONE', #10222, #9101 ) ;
#5141 = CARTESIAN_POINT ( 'NONE',  ( -45.80000000000062244, -5.000000000000000000, 23.14999999999800551 ) ) ;
#5142 = DIRECTION ( 'NONE',  ( 1.000000000000000000, 0.000000000000000000, 0.000000000000000000 ) ) ;
#5143 = CARTESIAN_POINT ( 'NONE',  ( -36.19999999999999574, -5.000000000000001776, 42.89999999999999147 ) ) ;
#5144 = CARTESIAN_POINT ( 'NONE',  ( 47.99999999999972289, -0.1999999999999999833, -27.10000000000033538 ) ) ;
#5145 = CARTESIAN_POINT ( 'NONE',  ( 50.00000000000033396, -0.1999999999999999833, 31.29999999999931504 ) ) ;
#5147 = VECTOR ( 'NONE', #7770, 1000.000000000000000 ) ;
#5146 = AXIS2_PLACEMENT_3D ( 'NONE', #3603, #5293, #3373 ) ;
#5148 = CIRCLE ( 'NONE', #6174, 2.349999999999997868 ) ;
#5149 = ORIENTED_EDGE ( 'NONE', *, *, #11135, .T. ) ;
#5150 = ORIENTED_EDGE ( 'NONE', *, *, #9903, .F. ) ;
#5151 = AXIS2_PLACEMENT_3D ( 'NONE', #10374, #8449, #5731 ) ;
#5152 = EDGE_CURVE ( 'NONE', #6549, #7917, #8457, .T. ) ;
#5153 = EDGE_LOOP ( 'NONE', ( #5951, #11843, #4498, #8433 ) ) ;
#5154 = CIRCLE ( 'NONE', #9771, 4.000000000000000000 ) ;
#5155 = DIRECTION ( 'NONE',  ( 0.000000000000000000, -1.000000000000000000, -0.000000000000000000 ) ) ;
#5156 = DIRECTION ( 'NONE',  ( -1.000000000000000000, -0.000000000000000000, -3.491481338843133750E-15 ) ) ;
#5157 = PLANE ( 'NONE',  #6411 ) ;
#5158 = CARTESIAN_POINT ( 'NONE',  ( 27.09999999999983089, -0.1999999999999999833, 50.00000000000000711 ) ) ;
#5159 = DIRECTION ( 'NONE',  ( -0.000000000000000000, -0.000000000000000000, -1.000000000000000000 ) ) ;
#5160 = DIRECTION ( 'NONE',  ( -1.181088324069314777E-14, 0.000000000000000000, -1.000000000000000000 ) ) ;
#5161 = ORIENTED_EDGE ( 'NONE', *, *, #6603, .T. ) ;
#5162 = VERTEX_POINT ( 'NONE', #11216 ) ;
#5163 = VERTEX_POINT ( 'NONE', #11882 ) ;
#5164 = ORIENTED_EDGE ( 'NONE', *, *, #6297, .F. ) ;
#5165 = VECTOR ( 'NONE', #89, 1000.000000000000000 ) ;
#5166 = EDGE_CURVE ( 'NONE', #8375, #5271, #441, .T. ) ;
#5167 = VERTEX_POINT ( 'NONE', #6650 ) ;
#5168 = VECTOR ( 'NONE', #3938, 1000.000000000000000 ) ;
#5169 = EDGE_CURVE ( 'NONE', #10954, #9689, #10315, .T. ) ;
#5170 = DIRECTION ( 'NONE',  ( 0.000000000000000000, 0.000000000000000000, 1.000000000000000000 ) ) ;
#5171 = DIRECTION ( 'NONE',  ( 1.387778780781445676E-16, -0.000000000000000000, 1.000000000000000000 ) ) ;
#5172 = DIRECTION ( 'NONE',  ( 0.000000000000000000, 0.000000000000000000, -1.000000000000000000 ) ) ;
#5173 = CARTESIAN_POINT ( 'NONE',  ( 29.84033019939645826, -7.988922926741080843, 42.63525730360913002 ) ) ;
#5174 = CARTESIAN_POINT ( 'NONE',  ( -31.29999999999983373, -0.1999999999999999833, -50.00000000000000711 ) ) ;
#5175 = CARTESIAN_POINT ( 'NONE',  ( 38.90169661614159224, -11.31364030582597380, -48.00000000000001421 ) ) ;
#5176 = CARTESIAN_POINT ( 'NONE',  ( 41.99999999999964473, -8.686439701475501707, -34.90858472373952992 ) ) ;
#5177 = ORIENTED_EDGE ( 'NONE', *, *, #4499, .F. ) ;
#5178 = EDGE_LOOP ( 'NONE', ( #5546, #2149, #5369, #695 ) ) ;
#5179 = EDGE_CURVE ( 'NONE', #11064, #7979, #8271, .T. ) ;
#5180 = ORIENTED_EDGE ( 'NONE', *, *, #11568, .F. ) ;
#5181 = CARTESIAN_POINT ( 'NONE',  ( 32.04999999999954241, -3.199999999999999289, -42.00000000000000711 ) ) ;
#5182 = EDGE_LOOP ( 'NONE', ( #6798, #9570, #5395, #9363, #10253 ) ) ;
#5183 = CARTESIAN_POINT ( 'NONE',  ( -31.29999999999983373, -0.1999999999999999833, 48.00000000000000711 ) ) ;
#5184 = DIRECTION ( 'NONE',  ( -1.000000000000000000, 0.000000000000000000, 0.000000000000000000 ) ) ;
#5185 = CYLINDRICAL_SURFACE ( 'NONE', #7659, 4.349999999999999645 ) ;
#5186 = EDGE_CURVE ( 'NONE', #9992, #5220, #4272, .T. ) ;
#5187 = CARTESIAN_POINT ( 'NONE',  ( -31.29999999999983373, 0.000000000000000000, 50.00000000000000711 ) ) ;
#5188 = CYLINDRICAL_SURFACE ( 'NONE', #1495, 1.000000000000000888 ) ;
#5189 = ORIENTED_EDGE ( 'NONE', *, *, #11442, .T. ) ;
#5190 = FACE_BOUND ( 'NONE', #5325, .T. ) ;
#5191 = ORIENTED_EDGE ( 'NONE', *, *, #9620, .T. ) ;
#5193 = ORIENTED_EDGE ( 'NONE', *, *, #10254, .T. ) ;
#5192 = EDGE_CURVE ( 'NONE', #3312, #8863, #1260, .T. ) ;
#5194 = LINE ( 'NONE', #9891, #5120 ) ;
#5195 = EDGE_LOOP ( 'NONE', ( #4350, #2565 ) ) ;
#5196 = EDGE_CURVE ( 'NONE', #6251, #307, #7734, .T. ) ;
#5197 = AXIS2_PLACEMENT_3D ( 'NONE', #11905, #2500, #5337 ) ;
#5198 = CARTESIAN_POINT ( 'NONE',  ( 37.50000000000000711, -8.000000000000001776, 42.89999999999999147 ) ) ;
#5199 = FACE_OUTER_BOUND ( 'NONE', #2625, .T. ) ;
#5200 = FACE_OUTER_BOUND ( 'NONE', #6310, .T. ) ;
#5201 = DIRECTION ( 'NONE',  ( 0.000000000000000000, 0.000000000000000000, -1.000000000000000000 ) ) ;
#5202 = FACE_OUTER_BOUND ( 'NONE', #9360, .T. ) ;
#5203 = CARTESIAN_POINT ( 'NONE',  ( -40.45587828773333428, -11.36772239559109465, 42.00000000000000000 ) ) ;
#5204 = CIRCLE ( 'NONE', #3858, 2.350000000000001421 ) ;
#5205 = ORIENTED_EDGE ( 'NONE', *, *, #9094, .F. ) ;
#5206 = ORIENTED_EDGE ( 'NONE', *, *, #427, .F. ) ;
#5207 = AXIS2_PLACEMENT_3D ( 'NONE', #831, #5591, #1065 ) ;
#5208 = VERTEX_POINT ( 'NONE', #7855 ) ;
#5209 = CARTESIAN_POINT ( 'NONE',  ( 50.00000000000064659, -5.000000000000000000, -27.09999999999802611 ) ) ;
#5210 = CARTESIAN_POINT ( 'NONE',  ( -45.80000000000062244, -5.000000000000000000, 24.69999999999800622 ) ) ;
#5211 = DIRECTION ( 'NONE',  ( 0.000000000000000000, 0.000000000000000000, 1.000000000000000000 ) ) ;
#5212 = LINE ( 'NONE', #1350, #3394 ) ;
#5213 = CIRCLE ( 'NONE', #11570, 2.350000000000001421 ) ;
#5214 = DIRECTION ( 'NONE',  ( -0.000000000000000000, -1.000000000000000000, -0.000000000000000000 ) ) ;
#5215 = EDGE_CURVE ( 'NONE', #10232, #328, #7358, .T. ) ;
#5216 = DIRECTION ( 'NONE',  ( -0.000000000000000000, 1.000000000000000000, -0.000000000000000000 ) ) ;
#5217 = ORIENTED_EDGE ( 'NONE', *, *, #10784, .T. ) ;
#5218 = EDGE_LOOP ( 'NONE', ( #10842, #7882 ) ) ;
#5219 = ORIENTED_EDGE ( 'NONE', *, *, #904, .F. ) ;
#5220 = VERTEX_POINT ( 'NONE', #11395 ) ;
#5221 = EDGE_LOOP ( 'NONE', ( #4294, #2419 ) ) ;
#5222 = AXIS2_PLACEMENT_3D ( 'NONE', #1136, #3073, #5665 ) ;
#5223 = CIRCLE ( 'NONE', #10626, 1.550000000000002709 ) ;
#5224 = FACE_BOUND ( 'NONE', #6826, .T. ) ;
#5225 = CIRCLE ( 'NONE', #7748, 1.549999999999999378 ) ;
#5226 = DIRECTION ( 'NONE',  ( -1.000000000000000000, -0.000000000000000000, 3.491481338843133355E-15 ) ) ;
#5227 = CARTESIAN_POINT ( 'NONE',  ( -31.29999999999983373, 0.000000000000000000, -49.00000000000000711 ) ) ;
#5228 = EDGE_CURVE ( 'NONE', #2744, #7159, #10438, .T. ) ;
#5229 = CARTESIAN_POINT ( 'NONE',  ( 42.00000000000066080, -5.000000000000000000, -21.49897948556438010 ) ) ;
#5230 = CARTESIAN_POINT ( 'NONE',  ( 10.49999999999999822, -10.00000103396229179, -15.77848288404054244 ) ) ;
#5231 = EDGE_CURVE ( 'NONE', #328, #1388, #9955, .T. ) ;
#5232 = CARTESIAN_POINT ( 'NONE',  ( 37.89286950148659372, -10.86159893898179796, -48.00000000000001421 ) ) ;
#5233 = AXIS2_PLACEMENT_3D ( 'NONE', #11458, #479, #2230 ) ;
#5234 = DIRECTION ( 'NONE',  ( -1.000000000000000000, 0.000000000000000000, 3.491481338843133355E-15 ) ) ;
#5235 = VERTEX_POINT ( 'NONE', #4834 ) ;
#5236 = ORIENTED_EDGE ( 'NONE', *, *, #8337, .F. ) ;
#5237 = VECTOR ( 'NONE', #11765, 1000.000000000000000 ) ;
#5238 = ORIENTED_EDGE ( 'NONE', *, *, #3318, .T. ) ;
#5239 = CIRCLE ( 'NONE', #2730, 2.349999999999997868 ) ;
#5240 = CARTESIAN_POINT ( 'NONE',  ( -24.70000000000000995, -3.499999999999999556, -45.80000000000000426 ) ) ;
#5241 = ORIENTED_EDGE ( 'NONE', *, *, #11002, .F. ) ;
#5242 = LINE ( 'NONE', #3440, #10608 ) ;
#5243 = EDGE_CURVE ( 'NONE', #6307, #3879, #239, .T. ) ;
#5244 = VECTOR ( 'NONE', #784, 1000.000000000000000 ) ;
#5245 = AXIS2_PLACEMENT_3D ( 'NONE', #9741, #6807, #11606 ) ;
#5246 = LINE ( 'NONE', #6948, #5502 ) ;
#5247 = DIRECTION ( 'NONE',  ( -0.000000000000000000, 1.000000000000000000, -0.000000000000000000 ) ) ;
#5248 = EDGE_CURVE ( 'NONE', #10478, #9763, #11514, .T. ) ;
#5249 = AXIS2_PLACEMENT_3D ( 'NONE', #2567, #7838, #7952 ) ;
#5250 = CARTESIAN_POINT ( 'NONE',  ( 40.00000000000000000, 1.000000000000000000, -14.99999999999982592 ) ) ;
#5251 = CYLINDRICAL_SURFACE ( 'NONE', #10135, 1.000000000000000888 ) ;
#5252 = CARTESIAN_POINT ( 'NONE',  ( 0.000000000000000000, 0.000000000000000000, 48.00000000000000711 ) ) ;
#5253 = ORIENTED_EDGE ( 'NONE', *, *, #1261, .F. ) ;
#5254 = CARTESIAN_POINT ( 'NONE',  ( -36.48858358405340852, -9.398530664726377992, 48.00000000000000711 ) ) ;
#5255 = VERTEX_POINT ( 'NONE', #3142 ) ;
#5256 = ORIENTED_EDGE ( 'NONE', *, *, #4682, .T. ) ;
#5257 = DIRECTION ( 'NONE',  ( -1.000000000000000000, -0.000000000000000000, 3.491481338843133355E-15 ) ) ;
#5258 = VERTEX_POINT ( 'NONE', #9535 ) ;
#5259 = CIRCLE ( 'NONE', #7387, 1.000000000000000888 ) ;
#5260 = DIRECTION ( 'NONE',  ( -0.000000000000000000, 1.000000000000000000, -0.000000000000000000 ) ) ;
#5261 = EDGE_CURVE ( 'NONE', #4449, #10054, #11004, .T. ) ;
#5262 = CYLINDRICAL_SURFACE ( 'NONE', #5811, 1.100000000000000311 ) ;
#5263 = CARTESIAN_POINT ( 'NONE',  ( -50.00000000000000711, 1.000000000000000000, -50.00000000000000711 ) ) ;
#5264 = EDGE_CURVE ( 'NONE', #8789, #6367, #773, .T. ) ;
#5265 = CARTESIAN_POINT ( 'NONE',  ( -36.13766816143490956, -14.80000000000000249, -44.80122281838041687 ) ) ;
#5266 = FACE_OUTER_BOUND ( 'NONE', #9805, .T. ) ;
#5267 = EDGE_CURVE ( 'NONE', #7402, #5010, #3990, .T. ) ;
#5268 = CARTESIAN_POINT ( 'NONE',  ( 45.80000000000062244, -3.499999999999999556, -23.14999999999800551 ) ) ;
#5269 = EDGE_LOOP ( 'NONE', ( #2329, #6354 ) ) ;
#5270 = ORIENTED_EDGE ( 'NONE', *, *, #2084, .F. ) ;
#5271 = VERTEX_POINT ( 'NONE', #6038 ) ;
#5272 = VECTOR ( 'NONE', #8383, 1000.000000000000000 ) ;
#5273 = CARTESIAN_POINT ( 'NONE',  ( 0.000000000000000000, -5.000000000000000000, 0.000000000000000000 ) ) ;
#5274 = CARTESIAN_POINT ( 'NONE',  ( -10.50000000000000000, -13.00000000000000178, 7.461999999999994415 ) ) ;
#5275 = AXIS2_PLACEMENT_3D ( 'NONE', #3097, #9552, #10633 ) ;
#5276 = CARTESIAN_POINT ( 'NONE',  ( 49.99999999999999289, 0.000000000000000000, -42.50000000000017764 ) ) ;
#5277 = VECTOR ( 'NONE', #588, 1000.000000000000000 ) ;
#5278 = CARTESIAN_POINT ( 'NONE',  ( 48.99999999999999289, 1.000000000000000000, -41.50000000000017764 ) ) ;
#5279 = FACE_OUTER_BOUND ( 'NONE', #5324, .T. ) ;
#5280 = LINE ( 'NONE', #6306, #179 ) ;
#5281 = ORIENTED_EDGE ( 'NONE', *, *, #8590, .F. ) ;
#5282 = ORIENTED_EDGE ( 'NONE', *, *, #176, .T. ) ;
#5283 = ORIENTED_EDGE ( 'NONE', *, *, #617, .F. ) ;
#5284 = ORIENTED_EDGE ( 'NONE', *, *, #10870, .T. ) ;
#5285 = VERTEX_POINT ( 'NONE', #4167 ) ;
#5286 = CIRCLE ( 'NONE', #7993, 4.349999999999999645 ) ;
#5287 = CARTESIAN_POINT ( 'NONE',  ( 30.97053361216669387, -8.241380698209807676, 42.00000000000001421 ) ) ;
#5288 = DIRECTION ( 'NONE',  ( 0.000000000000000000, -1.000000000000000000, 0.000000000000000000 ) ) ;
#5289 = FACE_OUTER_BOUND ( 'NONE', #8685, .T. ) ;
#5290 = CARTESIAN_POINT ( 'NONE',  ( 2.990901314440669090, -3.356991809981872521, 22.95240626021129060 ) ) ;
#5291 = CARTESIAN_POINT ( 'NONE',  ( -40.00000000000000711, -15.00000000000000355, -42.80000000000001137 ) ) ;
#5292 = AXIS2_PLACEMENT_3D ( 'NONE', #2098, #10423, #4941 ) ;
#5293 = DIRECTION ( 'NONE',  ( 0.000000000000000000, -1.000000000000000000, 0.000000000000000000 ) ) ;
#5294 = CARTESIAN_POINT ( 'NONE',  ( -29.53214288841611790, -7.946173137792372110, 45.94673413909959692 ) ) ;
#5295 = VERTEX_POINT ( 'NONE', #7678 ) ;
#5296 = ORIENTED_EDGE ( 'NONE', *, *, #5443, .T. ) ;
#5297 = ORIENTED_EDGE ( 'NONE', *, *, #10045, .T. ) ;
#5298 = CARTESIAN_POINT ( 'NONE',  ( 10.50000000000000000, -13.00000000000000178, 7.461999999999994415 ) ) ;
#5299 = ORIENTED_EDGE ( 'NONE', *, *, #5609, .F. ) ;
#5300 = EDGE_CURVE ( 'NONE', #7917, #9206, #4046, .T. ) ;
#5301 = DIRECTION ( 'NONE',  ( -1.000000000000000000, 0.000000000000000000, 0.000000000000000000 ) ) ;
#5302 = CYLINDRICAL_SURFACE ( 'NONE', #11437, 1.550000000000002709 ) ;
#5303 = DIRECTION ( 'NONE',  ( -0.000000000000000000, -0.000000000000000000, -1.000000000000000000 ) ) ;
#5304 = DIRECTION ( 'NONE',  ( -1.000000000000000000, -0.000000000000000000, -3.491481338843133750E-15 ) ) ;
#5305 = FACE_OUTER_BOUND ( 'NONE', #4483, .T. ) ;
#5306 = DIRECTION ( 'NONE',  ( 0.000000000000000000, 0.000000000000000000, 1.000000000000000000 ) ) ;
#5307 = VERTEX_POINT ( 'NONE', #6770 ) ;
#5308 =( NAMED_UNIT ( * ) PLANE_ANGLE_UNIT ( ) SI_UNIT ( $, .RADIAN. ) );
#5309 = ORIENTED_EDGE ( 'NONE', *, *, #5858, .T. ) ;
#5310 = ORIENTED_EDGE ( 'NONE', *, *, #463, .F. ) ;
#5311 = FACE_OUTER_BOUND ( 'NONE', #6446, .T. ) ;
#5312 = ORIENTED_EDGE ( 'NONE', *, *, #11124, .T. ) ;
#5313 = EDGE_CURVE ( 'NONE', #443, #6927, #10217, .T. ) ;
#5314 = ADVANCED_FACE ( 'NONE', ( #10439 ), #2173, .T. ) ;
#5315 = ADVANCED_FACE ( 'NONE', ( #11277, #1320 ), #8691, .T. ) ;
#5316 = FACE_OUTER_BOUND ( 'NONE', #8514, .T. ) ;
#5317 = CIRCLE ( 'NONE', #108, 1.549999999999999378 ) ;
#5318 = CARTESIAN_POINT ( 'NONE',  ( 40.44999999999983231, -3.199999999999999289, -48.00000000000000711 ) ) ;
#5319 = DIRECTION ( 'NONE',  ( 0.000000000000000000, -1.000000000000000000, 0.000000000000000000 ) ) ;
#5320 = CARTESIAN_POINT ( 'NONE',  ( -43.50000000000014211, -3.199999999999999734, -38.09999999999968168 ) ) ;
#5321 = CARTESIAN_POINT ( 'NONE',  ( -30.49999999999913669, -3.199999999999999289, 50.00000000000156319 ) ) ;
#5322 = LINE ( 'NONE', #3575, #871 ) ;
#5323 = CARTESIAN_POINT ( 'NONE',  ( -40.63887967391509903, -10.45455298903744357, 42.00000000000000711 ) ) ;
#5324 = EDGE_LOOP ( 'NONE', ( #8450, #10328, #1074, #1841 ) ) ;
#5325 = EDGE_LOOP ( 'NONE', ( #4368, #8964 ) ) ;
#5326 = AXIS2_PLACEMENT_3D ( 'NONE', #1789, #9997, #3552 ) ;
#5327 = AXIS2_PLACEMENT_3D ( 'NONE', #2968, #2056, #5556 ) ;
#5328 = EDGE_CURVE ( 'NONE', #4450, #11372, #703, .T. ) ;
#5329 = EDGE_CURVE ( 'NONE', #4558, #3804, #5242, .T. ) ;
#5330 = ORIENTED_EDGE ( 'NONE', *, *, #9686, .T. ) ;
#5331 = FACE_OUTER_BOUND ( 'NONE', #10783, .T. ) ;
#5332 = DIRECTION ( 'NONE',  ( 0.000000000000000000, -1.000000000000000000, 0.000000000000000000 ) ) ;
#5333 = CARTESIAN_POINT ( 'NONE',  ( -30.09999999999983089, -8.000000000000001776, -42.00000000000000711 ) ) ;
#5334 = CARTESIAN_POINT ( 'NONE',  ( -10.50000000000000178, -12.97385506146578926, 8.336881450591459242 ) ) ;
#5335 = DIRECTION ( 'NONE',  ( -3.491481338843133355E-15, 0.000000000000000000, -1.000000000000000000 ) ) ;
#5336 = ADVANCED_FACE ( 'NONE', ( #9819 ), #9937, .F. ) ;
#5337 = DIRECTION ( 'NONE',  ( 0.000000000000000000, 0.000000000000000000, 1.000000000000000000 ) ) ;
#5338 = EDGE_LOOP ( 'NONE', ( #6502, #1805, #8480, #2610 ) ) ;
#5339 = ORIENTED_EDGE ( 'NONE', *, *, #653, .T. ) ;
#5340 = ORIENTED_EDGE ( 'NONE', *, *, #11503, .F. ) ;
#5341 = ORIENTED_EDGE ( 'NONE', *, *, #7585, .F. ) ;
#5342 = EDGE_CURVE ( 'NONE', #2925, #865, #767, .T. ) ;
#5343 = ORIENTED_EDGE ( 'NONE', *, *, #5705, .T. ) ;
#5344 = AXIS2_PLACEMENT_3D ( 'NONE', #1839, #9261, #8490 ) ;
#5345 = EDGE_CURVE ( 'NONE', #9180, #5585, #8924, .T. ) ;
#5346 = CARTESIAN_POINT ( 'NONE',  ( -27.09999999999983089, -5.000000000000002665, -42.00000000000000711 ) ) ;
#5347 = CARTESIAN_POINT ( 'NONE',  ( -48.00000000000000711, 0.000000000000000000, 1.675911042644704263E-13 ) ) ;
#5348 = CARTESIAN_POINT ( 'NONE',  ( -28.14999999999983160, -3.199999999999999289, 43.50000000000001421 ) ) ;
#5349 = CARTESIAN_POINT ( 'NONE',  ( 50.00000000000094502, -3.199999999999999289, 32.04999999999966320 ) ) ;
#5350 = CARTESIAN_POINT ( 'NONE',  ( -24.69999999999816609, -5.000000000000000000, -45.80000000000054428 ) ) ;
#5351 = AXIS2_PLACEMENT_3D ( 'NONE', #1119, #5469, #4809 ) ;
#5352 = CARTESIAN_POINT ( 'NONE',  ( 39.65000000000014069, -3.199999999999999734, 43.49999999999972999 ) ) ;
#5353 = CARTESIAN_POINT ( 'NONE',  ( -31.96639598436025764, -8.598748962523870887, 43.92713202274703832 ) ) ;
#5354 = ORIENTED_EDGE ( 'NONE', *, *, #4456, .T. ) ;
#5355 = EDGE_LOOP ( 'NONE', ( #2199, #11609 ) ) ;
#5356 = ORIENTED_EDGE ( 'NONE', *, *, #3847, .F. ) ;
#5357 = CARTESIAN_POINT ( 'NONE',  ( 24.70000000000261764, 1.000000000000000000, 45.79999999999864713 ) ) ;
#5358 = VECTOR ( 'NONE', #5133, 1000.000000000000000 ) ;
#5359 = CARTESIAN_POINT ( 'NONE',  ( 40.00000000000000000, -1.000000000000000000, 14.99999999999982236 ) ) ;
#5360 = DIRECTION ( 'NONE',  ( 4.625929269271486900E-15, 0.000000000000000000, 1.000000000000000000 ) ) ;
#5361 = FACE_OUTER_BOUND ( 'NONE', #4831, .T. ) ;
#5362 = CARTESIAN_POINT ( 'NONE',  ( -42.00000000000006395, -5.000000000000000000, -16.60000000000049170 ) ) ;
#5363 = CYLINDRICAL_SURFACE ( 'NONE', #4552, 2.349999999999997868 ) ;
#5364 = CARTESIAN_POINT ( 'NONE',  ( 33.14740831676492405, -11.57672445865240007, 43.04947586213749844 ) ) ;
#5365 = CARTESIAN_POINT ( 'NONE',  ( 29.72536026056836533, -7.976645063909449718, -43.78703191611871404 ) ) ;
#5366 = VERTEX_POINT ( 'NONE', #7908 ) ;
#5367 = VERTEX_POINT ( 'NONE', #654 ) ;
#5368 = EDGE_CURVE ( 'NONE', #719, #6037, #9879, .T. ) ;
#5369 = ORIENTED_EDGE ( 'NONE', *, *, #88, .F. ) ;
#5370 = CYLINDRICAL_SURFACE ( 'NONE', #7243, 1.000000000000000888 ) ;
#5371 = VERTEX_POINT ( 'NONE', #7238 ) ;
#5372 = DIRECTION ( 'NONE',  ( -3.491481338843133355E-15, 0.000000000000000000, -1.000000000000000000 ) ) ;
#5373 = VECTOR ( 'NONE', #3259, 1000.000000000000000 ) ;
#5374 = LINE ( 'NONE', #3452, #5244 ) ;
#5375 = CARTESIAN_POINT ( 'NONE',  ( 33.31751808971591799, -8.142823664774811121, 44.15004693027650973 ) ) ;
#5376 = DIRECTION ( 'NONE',  ( 0.000000000000000000, 0.000000000000000000, -1.000000000000000000 ) ) ;
#5377 = ADVANCED_FACE ( 'NONE', ( #4340 ), #6156, .T. ) ;
#5378 = DIRECTION ( 'NONE',  ( 3.491481338843133355E-15, 0.000000000000000000, 1.000000000000000000 ) ) ;
#5379 = CARTESIAN_POINT ( 'NONE',  ( -41.50000000000000711, 1.000000000000000000, -49.00000000000000711 ) ) ;
#5380 = DIRECTION ( 'NONE',  ( -0.000000000000000000, 1.000000000000000000, -0.000000000000000000 ) ) ;
#5381 = ORIENTED_EDGE ( 'NONE', *, *, #46, .F. ) ;
#5382 = ORIENTED_EDGE ( 'NONE', *, *, #1713, .F. ) ;
#5383 = CIRCLE ( 'NONE', #8861, 2.350000000000001421 ) ;
#5384 = ORIENTED_EDGE ( 'NONE', *, *, #2304, .T. ) ;
#5385 = CARTESIAN_POINT ( 'NONE',  ( 35.86421228626649338, -7.925352340807571672, -42.00000000000000000 ) ) ;
#5386 = CARTESIAN_POINT ( 'NONE',  ( -41.49999999999948841, 0.000000000000000000, 48.99999999999999289 ) ) ;
#5387 = EDGE_CURVE ( 'NONE', #623, #4558, #3495, .T. ) ;
#5388 = CARTESIAN_POINT ( 'NONE',  ( -10.49999999999999822, -5.934120232893064006, -23.52272535724185332 ) ) ;
#5389 = CARTESIAN_POINT ( 'NONE',  ( 10.50000000000000178, -12.99999980173928549, 9.094364536313465308 ) ) ;
#5390 = DIRECTION ( 'NONE',  ( -0.000000000000000000, 1.000000000000000000, 0.000000000000000000 ) ) ;
#5391 = EDGE_CURVE ( 'NONE', #4783, #1680, #3292, .T. ) ;
#5392 = DIRECTION ( 'NONE',  ( -1.000000000000000000, -0.000000000000000000, 3.491481338843133355E-15 ) ) ;
#5393 = ORIENTED_EDGE ( 'NONE', *, *, #11771, .F. ) ;
#5394 = ORIENTED_EDGE ( 'NONE', *, *, #4927, .T. ) ;
#5395 = ORIENTED_EDGE ( 'NONE', *, *, #2560, .F. ) ;
#5396 = ORIENTED_EDGE ( 'NONE', *, *, #7244, .F. ) ;
#5397 = CARTESIAN_POINT ( 'NONE',  ( -50.00000000000000711, 1.000000000000000000, -50.00000000000000711 ) ) ;
#5398 = EDGE_CURVE ( 'NONE', #7219, #3474, #9036, .T. ) ;
#5399 = VECTOR ( 'NONE', #4519, 1000.000000000000000 ) ;
#5400 = CYLINDRICAL_SURFACE ( 'NONE', #3491, 1.000000000000000888 ) ;
#5401 = LINE ( 'NONE', #10106, #11809 ) ;
#5402 = ADVANCED_FACE ( 'NONE', ( #1672 ), #8980, .F. ) ;
#5403 = LINE ( 'NONE', #1895, #8715 ) ;
#5404 = CARTESIAN_POINT ( 'NONE',  ( 31.29999999999983373, 1.000000000000000000, 48.00000000000000711 ) ) ;
#5405 = ADVANCED_FACE ( 'NONE', ( #539 ), #8866, .F. ) ;
#5406 = CARTESIAN_POINT ( 'NONE',  ( 49.00000000000000000, 1.000000000000000000, 31.29999999999932214 ) ) ;
#5407 = CARTESIAN_POINT ( 'NONE',  ( -29.39617093457415820, -7.916462601823895717, 45.08957449905256709 ) ) ;
#5408 = ORIENTED_EDGE ( 'NONE', *, *, #3318, .F. ) ;
#5409 = ORIENTED_EDGE ( 'NONE', *, *, #3989, .T. ) ;
#5410 = ORIENTED_EDGE ( 'NONE', *, *, #2492, .T. ) ;
#5411 = CARTESIAN_POINT ( 'NONE',  ( 33.24412171226665436, -8.400000000000002132, 42.00000000000000711 ) ) ;
#5412 = AXIS2_PLACEMENT_3D ( 'NONE', #624, #6918, #2378 ) ;
#5413 = VECTOR ( 'NONE', #3412, 1000.000000000000000 ) ;
#5414 = CARTESIAN_POINT ( 'NONE',  ( 45.80000000000062244, -3.499999999999999556, -24.69999999999800622 ) ) ;
#5415 = DIRECTION ( 'NONE',  ( 1.000000000000000000, -0.000000000000000000, 0.000000000000000000 ) ) ;
#5416 = CARTESIAN_POINT ( 'NONE',  ( -40.06904138972938512, -11.51398054786338143, -48.00000000000001421 ) ) ;
#5417 = AXIS2_PLACEMENT_3D ( 'NONE', #4413, #163, #11822 ) ;
#5418 = DIRECTION ( 'NONE',  ( -1.000000000000000000, 0.000000000000000000, 0.000000000000000000 ) ) ;
#5419 = FACE_OUTER_BOUND ( 'NONE', #1255, .T. ) ;
#5420 = VECTOR ( 'NONE', #942, 1000.000000000000000 ) ;
#5421 = AXIS2_PLACEMENT_3D ( 'NONE', #5693, #6545, #6483 ) ;
#5422 = PLANE ( 'NONE',  #310 ) ;
#5423 = CARTESIAN_POINT ( 'NONE',  ( 33.17202985322173703, -11.58033157851157213, 42.41461634879865272 ) ) ;
#5424 = CARTESIAN_POINT ( 'NONE',  ( 35.69391908161948379, -8.693516369548854428, -42.12132775565073217 ) ) ;
#5425 = VERTEX_POINT ( 'NONE', #3320 ) ;
#5426 = ORIENTED_EDGE ( 'NONE', *, *, #7996, .F. ) ;
#5427 = EDGE_LOOP ( 'NONE', ( #7293, #11332, #9816, #3487 ) ) ;
#5428 = DIRECTION ( 'NONE',  ( -1.000000000000000000, 0.000000000000000000, -0.000000000000000000 ) ) ;
#5429 = ORIENTED_EDGE ( 'NONE', *, *, #6887, .T. ) ;
#5430 = CIRCLE ( 'NONE', #5830, 7.949999999999998401 ) ;
#5431 = DIRECTION ( 'NONE',  ( -8.953411488912536510E-15, 0.000000000000000000, -1.000000000000000000 ) ) ;
#5432 = ADVANCED_FACE ( 'NONE', ( #7004 ), #11687, .T. ) ;
#5433 = DIRECTION ( 'NONE',  ( -0.000000000000000000, 1.000000000000000000, -0.000000000000000000 ) ) ;
#5434 = DIRECTION ( 'NONE',  ( 1.000000000000000000, 0.000000000000000000, -8.953411488912536510E-15 ) ) ;
#5435 = CARTESIAN_POINT ( 'NONE',  ( 49.99999999999985079, -1.000000000000000000, -41.50000000000000711 ) ) ;
#5436 = FACE_BOUND ( 'NONE', #4259, .T. ) ;
#5437 = CARTESIAN_POINT ( 'NONE',  ( -41.91421356237311358, 0.5857864376269047435, -50.00000000000000000 ) ) ;
#5438 = DIRECTION ( 'NONE',  ( 1.000000000000000000, -0.000000000000000000, -1.047444401652940007E-14 ) ) ;
#5439 = CIRCLE ( 'NONE', #599, 2.350000000000001421 ) ;
#5440 = ORIENTED_EDGE ( 'NONE', *, *, #3577, .T. ) ;
#5441 = ORIENTED_EDGE ( 'NONE', *, *, #8120, .T. ) ;
#5442 = CIRCLE ( 'NONE', #1390, 1.550000000000002709 ) ;
#5443 = EDGE_CURVE ( 'NONE', #9950, #485, #9770, .T. ) ;
#5444 = ORIENTED_EDGE ( 'NONE', *, *, #8326, .T. ) ;
#5445 = ADVANCED_FACE ( 'NONE', ( #10732, #2472, #7123 ), #10787, .T. ) ;
#5446 = CARTESIAN_POINT ( 'NONE',  ( 15.00000000000000355, 1.000000000000000000, -15.00000000000000355 ) ) ;
#5447 = DIRECTION ( 'NONE',  ( 0.000000000000000000, -1.000000000000000000, 0.000000000000000000 ) ) ;
#5448 = DIRECTION ( 'NONE',  ( -1.000000000000000000, -0.000000000000000000, 3.491481338843133750E-15 ) ) ;
#5449 = CYLINDRICAL_SURFACE ( 'NONE', #3607, 1.550000000000002709 ) ;
#5450 = DIRECTION ( 'NONE',  ( 0.000000000000000000, 0.000000000000000000, -1.000000000000000000 ) ) ;
#5451 = DIRECTION ( 'NONE',  ( -1.000000000000000000, 0.000000000000000000, 3.491481338843133355E-15 ) ) ;
#5452 = CARTESIAN_POINT ( 'NONE',  ( 37.99478371070716776, -5.000000000000001776, 42.00000000000000000 ) ) ;
#5453 = ORIENTED_EDGE ( 'NONE', *, *, #6747, .T. ) ;
#5454 = ORIENTED_EDGE ( 'NONE', *, *, #8218, .T. ) ;
#5455 = ORIENTED_EDGE ( 'NONE', *, *, #2605, .T. ) ;
#5456 = EDGE_LOOP ( 'NONE', ( #9466, #1153, #5189, #6080 ) ) ;
#5457 = EDGE_CURVE ( 'NONE', #9237, #6428, #8293, .T. ) ;
#5458 = ADVANCED_FACE ( 'NONE', ( #6451 ), #10177, .F. ) ;
#5459 = AXIS2_PLACEMENT_3D ( 'NONE', #11749, #9038, #8143 ) ;
#5460 = DIRECTION ( 'NONE',  ( -0.000000000000000000, -0.000000000000000000, -1.000000000000000000 ) ) ;
#5461 = VECTOR ( 'NONE', #5156, 1000.000000000000000 ) ;
#5462 = EDGE_CURVE ( 'NONE', #9004, #10437, #6768, .T. ) ;
#5463 = LINE ( 'NONE', #4024, #10986 ) ;
#5464 = DIRECTION ( 'NONE',  ( -0.000000000000000000, 1.000000000000000000, -0.000000000000000000 ) ) ;
#5465 = FACE_OUTER_BOUND ( 'NONE', #7235, .T. ) ;
#5466 = AXIS2_PLACEMENT_3D ( 'NONE', #9223, #7370, #11035 ) ;
#5467 = CARTESIAN_POINT ( 'NONE',  ( 6.400000000000000355, -13.00000000000000178, -12.90000000000000036 ) ) ;
#5468 = AXIS2_PLACEMENT_3D ( 'NONE', #2573, #7229, #8016 ) ;
#5469 = DIRECTION ( 'NONE',  ( 0.000000000000000000, 1.000000000000000000, 0.000000000000000000 ) ) ;
#5470 = CARTESIAN_POINT ( 'NONE',  ( -42.29856540507681473, -8.000000000000001776, 48.00000000000000711 ) ) ;
#5471 = ORIENTED_EDGE ( 'NONE', *, *, #6972, .F. ) ;
#5472 = ORIENTED_EDGE ( 'NONE', *, *, #6006, .T. ) ;
#5473 = CIRCLE ( 'NONE', #2580, 1.000000000000000888 ) ;
#5474 = ORIENTED_EDGE ( 'NONE', *, *, #11333, .T. ) ;
#5475 = CARTESIAN_POINT ( 'NONE',  ( -30.50000000000041922, -3.199999999999999289, -42.00000000000001421 ) ) ;
#5476 = ADVANCED_FACE ( 'NONE', ( #11926 ), #2763, .F. ) ;
#5477 = DIRECTION ( 'NONE',  ( -0.000000000000000000, -1.000000000000000000, -0.000000000000000000 ) ) ;
#5478 = EDGE_CURVE ( 'NONE', #10416, #7324, #4835, .T. ) ;
#5479 = EDGE_CURVE ( 'NONE', #9060, #10619, #3614, .T. ) ;
#5480 = CARTESIAN_POINT ( 'NONE',  ( 10.50000000000000178, -9.742991517807720214, 12.88585505360103056 ) ) ;
#5481 = CARTESIAN_POINT ( 'NONE',  ( -34.05436363636467689, -8.820831714547756164, -48.00000000000000711 ) ) ;
#5482 = VECTOR ( 'NONE', #2842, 1000.000000000000000 ) ;
#5483 = CARTESIAN_POINT ( 'NONE',  ( -41.99999999999819522, -5.000000000000000000, -27.10000000000049170 ) ) ;
#5484 = DIRECTION ( 'NONE',  ( 0.000000000000000000, 1.000000000000000000, 0.000000000000000000 ) ) ;
#5485 = DIRECTION ( 'NONE',  ( 0.000000000000000000, 0.000000000000000000, 1.000000000000000000 ) ) ;
#5486 = DIRECTION ( 'NONE',  ( 0.000000000000000000, 0.000000000000000000, -1.000000000000000000 ) ) ;
#5487 = DIRECTION ( 'NONE',  ( 0.000000000000000000, 0.000000000000000000, -1.000000000000000000 ) ) ;
#5488 = ORIENTED_EDGE ( 'NONE', *, *, #8714, .F. ) ;
#5489 = ORIENTED_EDGE ( 'NONE', *, *, #5196, .T. ) ;
#5490 = EDGE_LOOP ( 'NONE', ( #5394, #9529, #4934, #8024 ) ) ;
#5491 = CARTESIAN_POINT ( 'NONE',  ( 40.18910438337082525, -11.50796415572370179, -48.00000000000000000 ) ) ;
#5492 = ORIENTED_EDGE ( 'NONE', *, *, #6005, .T. ) ;
#5493 = EDGE_CURVE ( 'NONE', #9452, #913, #4760, .T. ) ;
#5494 = DIRECTION ( 'NONE',  ( 0.000000000000000000, 0.000000000000000000, -1.000000000000000000 ) ) ;
#5495 = LINE ( 'NONE', #9112, #11097 ) ;
#5496 = DIRECTION ( 'NONE',  ( 1.000000000000000000, 0.000000000000000000, 0.000000000000000000 ) ) ;
#5497 = DIRECTION ( 'NONE',  ( 0.000000000000000000, 0.000000000000000000, 1.000000000000000000 ) ) ;
#5498 = CARTESIAN_POINT ( 'NONE',  ( -42.50000000000000711, 0.000000000000000000, -50.00000000000000711 ) ) ;
#5499 = CARTESIAN_POINT ( 'NONE',  ( 0.000000000000000000, 1.000000000000000000, 0.000000000000000000 ) ) ;
#5500 = VERTEX_POINT ( 'NONE', #10058 ) ;
#5501 = EDGE_LOOP ( 'NONE', ( #10536, #10402, #7142 ) ) ;
#5502 = VECTOR ( 'NONE', #5184, 1000.000000000000000 ) ;
#5503 = EDGE_LOOP ( 'NONE', ( #11320, #809 ) ) ;
#5504 = DIRECTION ( 'NONE',  ( -1.000000000000000000, 0.000000000000000000, -5.176904666065966360E-16 ) ) ;
#5505 = CARTESIAN_POINT ( 'NONE',  ( 10.50000000000000178, -10.00000000000000178, -12.40000000000000036 ) ) ;
#5506 = CARTESIAN_POINT ( 'NONE',  ( -10.49999999999999822, -12.96642427669861775, -14.40000000000000036 ) ) ;
#5507 = FACE_OUTER_BOUND ( 'NONE', #4179, .T. ) ;
#5508 = CARTESIAN_POINT ( 'NONE',  ( -10.50000000000000178, -12.99999980173928549, 9.094364536313465308 ) ) ;
#5509 = DIRECTION ( 'NONE',  ( 0.000000000000000000, 0.000000000000000000, 1.000000000000000000 ) ) ;
#5510 = CARTESIAN_POINT ( 'NONE',  ( 10.49999999999999822, -4.733484000226487964, -24.43275772327778839 ) ) ;
#5511 = VECTOR ( 'NONE', #3134, 1000.000000000000000 ) ;
#5512 = ORIENTED_EDGE ( 'NONE', *, *, #2168, .T. ) ;
#5513 = EDGE_LOOP ( 'NONE', ( #11359, #7546, #7796, #3605 ) ) ;
#5514 = VERTEX_POINT ( 'NONE', #11200 ) ;
#5515 = VERTEX_POINT ( 'NONE', #3853 ) ;
#5516 = EDGE_CURVE ( 'NONE', #8807, #3744, #7332, .T. ) ;
#5517 = DIRECTION ( 'NONE',  ( 0.000000000000000000, -1.000000000000000000, 0.000000000000000000 ) ) ;
#5518 = AXIS2_PLACEMENT_3D ( 'NONE', #342, #3915, #7596 ) ;
#5519 = TOROIDAL_SURFACE ( 'NONE', #1093, 0.3499999999999996447, 4.000000000000000000 ) ;
#5520 = CARTESIAN_POINT ( 'NONE',  ( -45.79999999999802185, -3.499999999999999556, -24.69999999999937046 ) ) ;
#5521 = CARTESIAN_POINT ( 'NONE',  ( 50.00000000000000711, 1.000000000000000000, 42.49999999999998579 ) ) ;
#5522 = CARTESIAN_POINT ( 'NONE',  ( -40.45587828773334138, -8.400000000000002132, 42.00000000000000711 ) ) ;
#5523 = CARTESIAN_POINT ( 'NONE',  ( -40.00000000000000711, 1.000000000000000000, -7.500000000000000000 ) ) ;
#5524 = EDGE_CURVE ( 'NONE', #11435, #6322, #8689, .T. ) ;
#5525 = CARTESIAN_POINT ( 'NONE',  ( -50.00000000000000711, 1.000000000000000000, -42.49999999999999289 ) ) ;
#5526 = CARTESIAN_POINT ( 'NONE',  ( -29.66413838860498231, -7.994579749964403348, 42.00000000000001421 ) ) ;
#5527 = CARTESIAN_POINT ( 'NONE',  ( -31.16229894268105127, -8.081054468879480979, 48.00000000000001421 ) ) ;
#5528 = ORIENTED_EDGE ( 'NONE', *, *, #4804, .T. ) ;
#5529 = VERTEX_POINT ( 'NONE', #11022 ) ;
#5530 = CIRCLE ( 'NONE', #10347, 2.349999999999997868 ) ;
#5531 = EDGE_CURVE ( 'NONE', #7581, #485, #7535, .T. ) ;
#5532 = VERTEX_POINT ( 'NONE', #9998 ) ;
#5533 = CARTESIAN_POINT ( 'NONE',  ( 24.69999999999848228, -5.000000000000000000, 45.80000000000036664 ) ) ;
#5534 = AXIS2_PLACEMENT_3D ( 'NONE', #11371, #9325, #1240 ) ;
#5535 = CARTESIAN_POINT ( 'NONE',  ( 49.99999999999999289, 1.000000000000000000, -49.00000000000000711 ) ) ;
#5536 = CARTESIAN_POINT ( 'NONE',  ( 0.000000000000000000, -1.000000000000000000, 26.60000000000000142 ) ) ;
#5537 = CARTESIAN_POINT ( 'NONE',  ( -40.46819751491331374, -11.47694674732306552, -48.00000000000000000 ) ) ;
#5538 = VECTOR ( 'NONE', #3701, 1000.000000000000000 ) ;
#5539 = CARTESIAN_POINT ( 'NONE',  ( -50.00000000000000000, -4.200000000000000178, 20.51918358845227175 ) ) ;
#5540 = LINE ( 'NONE', #11929, #9575 ) ;
#5541 = EDGE_CURVE ( 'NONE', #8296, #8787, #2901, .T. ) ;
#5542 = DIRECTION ( 'NONE',  ( 0.000000000000000000, -0.000000000000000000, -1.000000000000000000 ) ) ;
#5543 = PLANE ( 'NONE',  #329 ) ;
#5544 = CARTESIAN_POINT ( 'NONE',  ( 50.00000000000000000, -4.000000000000000000, 21.49897948556800031 ) ) ;
#5545 = ORIENTED_EDGE ( 'NONE', *, *, #11108, .T. ) ;
#5546 = ORIENTED_EDGE ( 'NONE', *, *, #6606, .F. ) ;
#5547 = VERTEX_POINT ( 'NONE', #7476 ) ;
#5548 = CARTESIAN_POINT ( 'NONE',  ( 47.28506843098397638, -8.338915926257277178, -48.00000000000001421 ) ) ;
#5549 = EDGE_LOOP ( 'NONE', ( #5638, #9605 ) ) ;
#5550 = CIRCLE ( 'NONE', #8642, 1.100000000000001199 ) ;
#5551 = DIRECTION ( 'NONE',  ( 0.000000000000000000, 0.000000000000000000, 1.000000000000000000 ) ) ;
#5552 = DIRECTION ( 'NONE',  ( 0.000000000000000000, -0.000000000000000000, -1.000000000000000000 ) ) ;
#5553 = DIRECTION ( 'NONE',  ( 0.000000000000000000, 1.000000000000000000, 0.000000000000000000 ) ) ;
#5554 = ADVANCED_FACE ( 'NONE', ( #9272 ), #8194, .F. ) ;
#5555 = PLANE ( 'NONE',  #10812 ) ;
#5556 = DIRECTION ( 'NONE',  ( 0.000000000000000000, 0.000000000000000000, 1.000000000000000000 ) ) ;
#5557 = CYLINDRICAL_SURFACE ( 'NONE', #2641, 1.550000000000002709 ) ;
#5558 = ORIENTED_EDGE ( 'NONE', *, *, #3168, .T. ) ;
#5559 = ORIENTED_EDGE ( 'NONE', *, *, #9203, .F. ) ;
#5560 = ORIENTED_EDGE ( 'NONE', *, *, #4068, .F. ) ;
#5561 = ORIENTED_EDGE ( 'NONE', *, *, #1555, .F. ) ;
#5562 =( BOUNDED_CURVE ( )  B_SPLINE_CURVE ( 3, ( #5278, #6132, #9797, #11605 ),
 .UNSPECIFIED., .F., .T. ) 
 B_SPLINE_CURVE_WITH_KNOTS ( ( 4, 4 ),
 ( 0.000000000000000000, 1.570796326794896558 ),
 .UNSPECIFIED. ) 
 CURVE ( )  GEOMETRIC_REPRESENTATION_ITEM ( )  RATIONAL_B_SPLINE_CURVE ( ( 1.000000000000000000, 0.8047378541243649375, 0.8047378541243649375, 1.000000000000000000 ) ) 
 REPRESENTATION_ITEM ( '' )  );
#5563 = CARTESIAN_POINT ( 'NONE',  ( 31.29999999999983373, 1.000000000000000000, -49.00000000000000711 ) ) ;
#5564 = DIRECTION ( 'NONE',  ( 0.000000000000000000, 0.000000000000000000, -1.000000000000000000 ) ) ;
#5565 = DIRECTION ( 'NONE',  ( -0.000000000000000000, 1.000000000000000000, -0.000000000000000000 ) ) ;
#5566 = CARTESIAN_POINT ( 'NONE',  ( 37.50000000000000711, -15.00000000000000355, 42.89999999999999147 ) ) ;
#5567 = FACE_OUTER_BOUND ( 'NONE', #5680, .T. ) ;
#5568 = CARTESIAN_POINT ( 'NONE',  ( 10.49999999999999822, -0.9999999999999991118, -13.39989883333887732 ) ) ;
#5569 = CARTESIAN_POINT ( 'NONE',  ( -41.99999999999987210, -8.000000000000001776, 38.14968052295581202 ) ) ;
#5570 = VECTOR ( 'NONE', #3238, 1000.000000000000000 ) ;
#5571 = ORIENTED_EDGE ( 'NONE', *, *, #3494, .F. ) ;
#5572 = ORIENTED_EDGE ( 'NONE', *, *, #3131, .T. ) ;
#5573 = ORIENTED_EDGE ( 'NONE', *, *, #2317, .F. ) ;
#5574 = VERTEX_POINT ( 'NONE', #1001 ) ;
#5575 = DIRECTION ( 'NONE',  ( 0.000000000000000000, 1.000000000000000000, 0.000000000000000000 ) ) ;
#5576 = FACE_OUTER_BOUND ( 'NONE', #6604, .T. ) ;
#5577 = SURFACE_STYLE_FILL_AREA ( #5643 ) ;
#5578 = ADVANCED_FACE ( 'NONE', ( #8312 ), #5904, .T. ) ;
#5579 = CARTESIAN_POINT ( 'NONE',  ( -39.60604368818715670, -6.164045376551356981, 42.00000000000000711 ) ) ;
#5580 = CARTESIAN_POINT ( 'NONE',  ( 33.45094339622631452, -11.60000000000000320, 44.48985553414033234 ) ) ;
#5581 = CARTESIAN_POINT ( 'NONE',  ( -49.99999999999990052, -0.1999999999999999833, 31.30000000000000782 ) ) ;
#5582 = CARTESIAN_POINT ( 'NONE',  ( -31.94412171226640496, -11.18645672558435678, 42.00000000000002132 ) ) ;
#5583 = ORIENTED_EDGE ( 'NONE', *, *, #1248, .T. ) ;
#5584 = ORIENTED_EDGE ( 'NONE', *, *, #5785, .F. ) ;
#5585 = VERTEX_POINT ( 'NONE', #3127 ) ;
#5586 = CYLINDRICAL_SURFACE ( 'NONE', #8811, 1.000000000000000888 ) ;
#5587 = CIRCLE ( 'NONE', #383, 11.15000000000000036 ) ;
#5588 = CIRCLE ( 'NONE', #6959, 2.349999999999997868 ) ;
#5589 = FACE_OUTER_BOUND ( 'NONE', #7458, .T. ) ;
#5590 = EDGE_CURVE ( 'NONE', #3594, #793, #7915, .T. ) ;
#5591 = DIRECTION ( 'NONE',  ( 0.000000000000000000, 1.000000000000000000, -0.000000000000000000 ) ) ;
#5592 = CARTESIAN_POINT ( 'NONE',  ( -33.30082113140840505, -8.538985969050683522, -48.00000000000000000 ) ) ;
#5593 = ADVANCED_FACE ( 'NONE', ( #10366 ), #594, .T. ) ;
#5594 = PLANE ( 'NONE',  #8938 ) ;
#5595 = CARTESIAN_POINT ( 'NONE',  ( 48.00000000000038369, -3.199999999999999734, 35.74999999999933920 ) ) ;
#5596 = CARTESIAN_POINT ( 'NONE',  ( -28.14999999999983160, -3.199999999999998845, -48.00000000000000711 ) ) ;
#5597 = CARTESIAN_POINT ( 'NONE',  ( -24.70000000000000995, 1.000000000000000000, -45.80000000000000426 ) ) ;
#5598 = AXIS2_PLACEMENT_3D ( 'NONE', #5891, #7706, #6740 ) ;
#5599 = DIRECTION ( 'NONE',  ( 0.000000000000000000, 0.000000000000000000, 1.000000000000000000 ) ) ;
#5600 = ORIENTED_EDGE ( 'NONE', *, *, #4149, .T. ) ;
#5601 = EDGE_LOOP ( 'NONE', ( #3063, #1967, #711, #233, #10127, #5489, #621, #7155, #7728, #489, #7488, #2315, #3392, #6126, #8845, #7335, #9733, #5296, #2302, #11181, #10579, #11375, #5119, #8267 ) ) ;
#5602 = EDGE_LOOP ( 'NONE', ( #3434, #1179, #3328, #7637 ) ) ;
#5603 = CARTESIAN_POINT ( 'NONE',  ( -48.00000000000010658, -0.1999999999999999833, -27.09999999999966747 ) ) ;
#5604 = ORIENTED_EDGE ( 'NONE', *, *, #8004, .F. ) ;
#5605 = VECTOR ( 'NONE', #3743, 1000.000000000000000 ) ;
#5606 = EDGE_CURVE ( 'NONE', #3927, #4261, #7720, .T. ) ;
#5607 = CIRCLE ( 'NONE', #10809, 2.349999999999997868 ) ;
#5608 = CARTESIAN_POINT ( 'NONE',  ( -41.99999999999990052, -3.199999999999999289, 32.04999999999998295 ) ) ;
#5609 = EDGE_CURVE ( 'NONE', #1442, #1058, #1363, .T. ) ;
#5610 = AXIS2_PLACEMENT_3D ( 'NONE', #1019, #11162, #2114 ) ;
#5611 = PLANE ( 'NONE',  #8979 ) ;
#5612 = CARTESIAN_POINT ( 'NONE',  ( 40.00000000000000000, -1.000000000000000000, 14.99999999999982236 ) ) ;
#5613 = CARTESIAN_POINT ( 'NONE',  ( 35.64620518483712175, -14.71870511952360339, -42.95571779725951700 ) ) ;
#5614 = DIRECTION ( 'NONE',  ( 0.000000000000000000, 0.000000000000000000, -1.000000000000000000 ) ) ;
#5615 = CARTESIAN_POINT ( 'NONE',  ( -31.29999999999983373, -0.1999999999999999833, 50.00000000000000711 ) ) ;
#5616 = CARTESIAN_POINT ( 'NONE',  ( -48.00000000000011369, -3.199999999999999289, -30.49999999999966604 ) ) ;
#5617 = ORIENTED_EDGE ( 'NONE', *, *, #4682, .F. ) ;
#5618 = VERTEX_POINT ( 'NONE', #9577 ) ;
#5619 = VERTEX_POINT ( 'NONE', #8677 ) ;
#5620 = ORIENTED_EDGE ( 'NONE', *, *, #4375, .F. ) ;
#5621 = AXIS2_PLACEMENT_3D ( 'NONE', #6259, #1662, #1484 ) ;
#5622 = AXIS2_PLACEMENT_3D ( 'NONE', #3829, #8291, #8416 ) ;
#5623 = EDGE_CURVE ( 'NONE', #2093, #1527, #6177, .T. ) ;
#5624 = ORIENTED_EDGE ( 'NONE', *, *, #8649, .F. ) ;
#5625 = LINE ( 'NONE', #1881, #3042 ) ;
#5626 = EDGE_CURVE ( 'NONE', #10856, #5670, #3188, .T. ) ;
#5627 = EDGE_CURVE ( 'NONE', #6018, #2405, #7731, .T. ) ;
#5628 = DIRECTION ( 'NONE',  ( 0.000000000000000000, 0.000000000000000000, -1.000000000000000000 ) ) ;
#5629 = FACE_OUTER_BOUND ( 'NONE', #10310, .T. ) ;
#5630 = VECTOR ( 'NONE', #8666, 1000.000000000000000 ) ;
#5631 = DIRECTION ( 'NONE',  ( -1.181088324069314777E-14, 0.000000000000000000, -1.000000000000000000 ) ) ;
#5632 = CARTESIAN_POINT ( 'NONE',  ( 30.53910982963278187, -8.116533203474121549, -42.00000000000000711 ) ) ;
#5633 = CARTESIAN_POINT ( 'NONE',  ( 0.000000000000000000, -6.000000000000000000, 25.00000000000000000 ) ) ;
#5634 = DIRECTION ( 'NONE',  ( 1.000000000000000000, 0.000000000000000000, 0.000000000000000000 ) ) ;
#5635 = CIRCLE ( 'NONE', #622, 2.349999999999997868 ) ;
#5636 = EDGE_LOOP ( 'NONE', ( #3650, #10725 ) ) ;
#5637 = ORIENTED_EDGE ( 'NONE', *, *, #5011, .T. ) ;
#5638 = ORIENTED_EDGE ( 'NONE', *, *, #3198, .F. ) ;
#5639 = ADVANCED_FACE ( 'NONE', ( #8500 ), #9924, .F. ) ;
#5640 = CARTESIAN_POINT ( 'NONE',  ( -41.99999999999987921, -3.199999999999999734, 38.09999999999998010 ) ) ;
#5641 = VECTOR ( 'NONE', #1141, 1000.000000000000000 ) ;
#5642 = DIRECTION ( 'NONE',  ( 0.000000000000000000, 0.000000000000000000, 1.000000000000000000 ) ) ;
#5643 = FILL_AREA_STYLE ('',( #10291 ) ) ;
#5644 = DIRECTION ( 'NONE',  ( -0.000000000000000000, 1.000000000000000000, -0.000000000000000000 ) ) ;
#5645 = LINE ( 'NONE', #5523, #9709 ) ;
#5646 = CARTESIAN_POINT ( 'NONE',  ( 24.69999999999784634, -3.499999999999999556, -47.35000000000071196 ) ) ;
#5647 = CARTESIAN_POINT ( 'NONE',  ( -31.60925097572361864, -9.859700611459656372, 42.00000000000000711 ) ) ;
#5648 = ORIENTED_EDGE ( 'NONE', *, *, #3427, .F. ) ;
#5649 = ORIENTED_EDGE ( 'NONE', *, *, #2900, .F. ) ;
#5650 = EDGE_CURVE ( 'NONE', #3404, #1863, #5588, .T. ) ;
#5651 = ORIENTED_EDGE ( 'NONE', *, *, #1566, .F. ) ;
#5652 = DIRECTION ( 'NONE',  ( 1.000000000000000000, -0.000000000000000000, -1.047444401652940007E-14 ) ) ;
#5653 = MECHANICAL_DESIGN_GEOMETRIC_PRESENTATION_REPRESENTATION (  '', ( #6239 ), #7206 ) ;
#5654 = CARTESIAN_POINT ( 'NONE',  ( 29.84754718655744199, -7.989393834606246081, 43.15687688481683892 ) ) ;
#5655 = DIRECTION ( 'NONE',  ( -2.952720810173291281E-15, 0.000000000000000000, -1.000000000000000000 ) ) ;
#5656 = LINE ( 'NONE', #5723, #1628 ) ;
#5657 = DIRECTION ( 'NONE',  ( 0.000000000000000000, 0.000000000000000000, -1.000000000000000000 ) ) ;
#5658 = VECTOR ( 'NONE', #1674, 1000.000000000000000 ) ;
#5659 = CARTESIAN_POINT ( 'NONE',  ( 30.09999999999983089, -5.000000000000002665, -42.00000000000000711 ) ) ;
#5660 = DIRECTION ( 'NONE',  ( -0.000000000000000000, 1.000000000000000000, -0.000000000000000000 ) ) ;
#5661 = AXIS2_PLACEMENT_3D ( 'NONE', #9063, #5447, #3643 ) ;
#5662 = CARTESIAN_POINT ( 'NONE',  ( -41.49999999999983658, -1.000000000000000000, -48.00000000000000711 ) ) ;
#5663 = CARTESIAN_POINT ( 'NONE',  ( 24.69999999999784634, -8.000000000000001776, -44.25000000000070344 ) ) ;
#5664 = AXIS2_PLACEMENT_3D ( 'NONE', #5533, #7473, #2880 ) ;
#5665 = DIRECTION ( 'NONE',  ( 0.000000000000000000, 0.000000000000000000, -1.000000000000000000 ) ) ;
#5666 = ORIENTED_EDGE ( 'NONE', *, *, #4517, .T. ) ;
#5667 = ORIENTED_EDGE ( 'NONE', *, *, #8010, .F. ) ;
#5668 = ORIENTED_EDGE ( 'NONE', *, *, #7299, .F. ) ;
#5669 = CARTESIAN_POINT ( 'NONE',  ( 41.70683081885165677, -11.60000000000000320, 41.79316918114824375 ) ) ;
#5670 = VERTEX_POINT ( 'NONE', #2335 ) ;
#5671 = EDGE_CURVE ( 'NONE', #8604, #4528, #9754, .T. ) ;
#5672 = CIRCLE ( 'NONE', #279, 2.349999999999997868 ) ;
#5673 = CARTESIAN_POINT ( 'NONE',  ( 50.00000000000096634, -3.199999999999999734, 38.09999999999966036 ) ) ;
#5674 = FACE_OUTER_BOUND ( 'NONE', #1122, .T. ) ;
#5675 = DIRECTION ( 'NONE',  ( 1.000000000000000000, 0.000000000000000000, -1.387778780781444413E-14 ) ) ;
#5676 = LINE ( 'NONE', #9477, #9473 ) ;
#5677 = FACE_OUTER_BOUND ( 'NONE', #1331, .T. ) ;
#5678 = CARTESIAN_POINT ( 'NONE',  ( -50.00000000000000711, -1.000000000000000000, -50.00000000000000711 ) ) ;
#5679 = DIRECTION ( 'NONE',  ( 0.000000000000000000, 0.000000000000000000, 1.000000000000000000 ) ) ;
#5680 = EDGE_LOOP ( 'NONE', ( #9749, #2519 ) ) ;
#5681 = EDGE_CURVE ( 'NONE', #3473, #8063, #2456, .T. ) ;
#5682 = VERTEX_POINT ( 'NONE', #4387 ) ;
#5683 = CYLINDRICAL_SURFACE ( 'NONE', #4238, 1.600000000000002531 ) ;
#5684 = VERTEX_POINT ( 'NONE', #753 ) ;
#5685 = EDGE_LOOP ( 'NONE', ( #11389, #7933, #6415, #4799, #10464 ) ) ;
#5686 = EDGE_CURVE ( 'NONE', #6430, #3473, #11615, .T. ) ;
#5687 = ORIENTED_EDGE ( 'NONE', *, *, #10770, .T. ) ;
#5688 = CYLINDRICAL_SURFACE ( 'NONE', #8053, 1.549999999999999378 ) ;
#5689 = DIRECTION ( 'NONE',  ( -0.000000000000000000, -1.000000000000000000, 0.000000000000000000 ) ) ;
#5690 = DIRECTION ( 'NONE',  ( 1.000000000000000000, 0.000000000000000000, -8.953411488912536510E-15 ) ) ;
#5691 = CARTESIAN_POINT ( 'NONE',  ( -45.80000000000062244, -3.499999999999999556, 24.69999999999800622 ) ) ;
#5692 = CARTESIAN_POINT ( 'NONE',  ( 31.31996496035064581, -8.362548428637021303, -41.99999999999999289 ) ) ;
#5693 = CARTESIAN_POINT ( 'NONE',  ( 43.49999999999960920, -3.199999999999999734, -38.10000000000028564 ) ) ;
#5694 = CARTESIAN_POINT ( 'NONE',  ( 40.00000000000000000, 1.000000000000000000, 14.99999999999982236 ) ) ;
#5695 = CIRCLE ( 'NONE', #4161, 2.350000000000001421 ) ;
#5696 = EDGE_CURVE ( 'NONE', #5138, #2414, #388, .T. ) ;
#5697 = ORIENTED_EDGE ( 'NONE', *, *, #3906, .F. ) ;
#5698 = ORIENTED_EDGE ( 'NONE', *, *, #5342, .T. ) ;
#5699 = ORIENTED_EDGE ( 'NONE', *, *, #4582, .T. ) ;
#5700 = EDGE_CURVE ( 'NONE', #2326, #10537, #5213, .T. ) ;
#5701 = VECTOR ( 'NONE', #7911, 1000.000000000000000 ) ;
#5702 = CARTESIAN_POINT ( 'NONE',  ( -24.70000000000000995, 1.000000000000000000, -43.45000000000000995 ) ) ;
#5703 = DIRECTION ( 'NONE',  ( 0.000000000000000000, 0.000000000000000000, -1.000000000000000000 ) ) ;
#5704 = DIRECTION ( 'NONE',  ( 0.000000000000000000, 1.000000000000000000, 0.000000000000000000 ) ) ;
#5705 = EDGE_CURVE ( 'NONE', #6941, #3712, #4440, .T. ) ;
#5706 = AXIS2_PLACEMENT_3D ( 'NONE', #52, #10194, #727 ) ;
#5707 = AXIS2_PLACEMENT_3D ( 'NONE', #543, #5016, #6104 ) ;
#5708 = CARTESIAN_POINT ( 'NONE',  ( 24.69999999999848228, -3.499999999999999556, 45.80000000000036664 ) ) ;
#5709 = CARTESIAN_POINT ( 'NONE',  ( -21.65063509461091584, -1.000000000000000000, -12.50000000000010481 ) ) ;
#5710 = EDGE_CURVE ( 'NONE', #10856, #11015, #6196, .T. ) ;
#5711 = CARTESIAN_POINT ( 'NONE',  ( -24.69999999999752660, -5.000000000000000000, 44.25000000000088107 ) ) ;
#5712 = DIRECTION ( 'NONE',  ( 1.000000000000000000, -0.000000000000000000, -1.047444401652940007E-14 ) ) ;
#5713 = DIRECTION ( 'NONE',  ( -0.000000000000000000, 1.000000000000000000, -0.000000000000000000 ) ) ;
#5714 = ORIENTED_EDGE ( 'NONE', *, *, #4603, .F. ) ;
#5715 = ORIENTED_EDGE ( 'NONE', *, *, #7338, .T. ) ;
#5716 = EDGE_CURVE ( 'NONE', #1343, #2654, #10831, .T. ) ;
#5717 = ORIENTED_EDGE ( 'NONE', *, *, #88, .T. ) ;
#5718 = DIRECTION ( 'NONE',  ( -1.000000000000000000, 0.000000000000000000, 3.491481338843133355E-15 ) ) ;
#5719 = CIRCLE ( 'NONE', #8803, 4.000000000000000000 ) ;
#5720 = VECTOR ( 'NONE', #4402, 1000.000000000000000 ) ;
#5721 = CARTESIAN_POINT ( 'NONE',  ( 47.99999999999968026, -0.1999999999999999833, -31.30000000000033467 ) ) ;
#5722 = CARTESIAN_POINT ( 'NONE',  ( 10.49999999999999822, -3.245484173820934792, -28.47877583157827530 ) ) ;
#5723 = CARTESIAN_POINT ( 'NONE',  ( -41.49999999999983658, -1.000000000000001776, -42.00000000000000711 ) ) ;
#5724 = EDGE_CURVE ( 'NONE', #10173, #2581, #9807, .T. ) ;
#5725 = FACE_OUTER_BOUND ( 'NONE', #5685, .T. ) ;
#5726 = LINE ( 'NONE', #1189, #5272 ) ;
#5727 = AXIS2_PLACEMENT_3D ( 'NONE', #566, #1589, #3291 ) ;
#5728 = LINE ( 'NONE', #11145, #883 ) ;
#5729 = CARTESIAN_POINT ( 'NONE',  ( -29.72614385180519747, -7.976614113461312883, -42.00000000000000711 ) ) ;
#5730 = AXIS2_PLACEMENT_3D ( 'NONE', #11044, #11891, #10981 ) ;
#5731 = DIRECTION ( 'NONE',  ( 0.000000000000000000, 0.000000000000000000, -1.000000000000000000 ) ) ;
#5732 = ORIENTED_EDGE ( 'NONE', *, *, #1128, .F. ) ;
#5733 = VERTEX_POINT ( 'NONE', #3368 ) ;
#5734 = VECTOR ( 'NONE', #3843, 1000.000000000000000 ) ;
#5735 = DIRECTION ( 'NONE',  ( 1.000000000000000000, 0.000000000000000000, -1.301042606982605321E-15 ) ) ;
#5736 = VERTEX_POINT ( 'NONE', #577 ) ;
#5737 = AXIS2_PLACEMENT_3D ( 'NONE', #4509, #9029, #6318 ) ;
#5738 = LINE ( 'NONE', #11159, #4111 ) ;
#5739 = DIRECTION ( 'NONE',  ( 0.000000000000000000, -1.000000000000000000, 0.000000000000000000 ) ) ;
#5740 = DIRECTION ( 'NONE',  ( -8.953411488912536510E-15, 0.000000000000000000, -1.000000000000000000 ) ) ;
#5741 = EDGE_CURVE ( 'NONE', #6749, #10800, #3247, .T. ) ;
#5742 = DIRECTION ( 'NONE',  ( -1.000000000000000000, -0.000000000000000000, -3.491481338843133750E-15 ) ) ;
#5743 = CYLINDRICAL_SURFACE ( 'NONE', #4553, 2.349999999999997868 ) ;
#5744 = DIRECTION ( 'NONE',  ( -0.000000000000000000, -0.000000000000000000, -1.000000000000000000 ) ) ;
#5745 = CARTESIAN_POINT ( 'NONE',  ( 45.80000000000062244, -3.499999999999999556, -24.70000000000199591 ) ) ;
#5746 = AXIS2_PLACEMENT_3D ( 'NONE', #916, #4609, #8283 ) ;
#5747 = EDGE_LOOP ( 'NONE', ( #2731, #1784, #8674, #11136 ) ) ;
#5748 = ORIENTED_EDGE ( 'NONE', *, *, #4083, .F. ) ;
#5749 = DIRECTION ( 'NONE',  ( 0.000000000000000000, -1.000000000000000000, 0.000000000000000000 ) ) ;
#5750 = VERTEX_POINT ( 'NONE', #6142 ) ;
#5751 = VECTOR ( 'NONE', #1559, 1000.000000000000000 ) ;
#5752 = VERTEX_POINT ( 'NONE', #7047 ) ;
#5753 = CIRCLE ( 'NONE', #9202, 4.349999999999999645 ) ;
#5754 = CARTESIAN_POINT ( 'NONE',  ( 10.49999999999999822, -13.00000000000000178, -12.40000000000000036 ) ) ;
#5755 = ADVANCED_FACE ( 'NONE', ( #8911, #11675, #10718 ), #1535, .T. ) ;
#5756 = B_SPLINE_CURVE_WITH_KNOTS ( 'NONE', 3,
 ( #3591, #11722, #7218, #1767, #806, #6364, #7278, #2742, #8466, #7100, #10095, #4494, #5452, #11779 ),
 .UNSPECIFIED., .F., .F.,
 ( 4, 2, 2, 2, 2, 2, 4 ),
 ( 7.579600686068964637E-05, 0.0006419231838397561080, 0.001208050360818822529, 0.002340304714776967297, 0.003472559068735112282, 0.004038686245714184775, 0.004604813422693257267 ),
 .UNSPECIFIED. ) ;
#5757 = CARTESIAN_POINT ( 'NONE',  ( -50.00000000000000000, -1.000000000000000000, 16.59999999999919140 ) ) ;
#5758 = FACE_OUTER_BOUND ( 'NONE', #2408, .T. ) ;
#5759 = DIRECTION ( 'NONE',  ( 4.476705744456268255E-15, 0.000000000000000000, 1.000000000000000000 ) ) ;
#5760 = FACE_OUTER_BOUND ( 'NONE', #7071, .T. ) ;
#5761 = CARTESIAN_POINT ( 'NONE',  ( -6.400000000000000355, -13.00000000000000178, -5.593746508378798943 ) ) ;
#5762 = LINE ( 'NONE', #4067, #763 ) ;
#5763 = ORIENTED_EDGE ( 'NONE', *, *, #5606, .T. ) ;
#5764 = EDGE_LOOP ( 'NONE', ( #4380, #5763, #3244, #6985 ) ) ;
#5765 = ORIENTED_EDGE ( 'NONE', *, *, #8978, .T. ) ;
#5766 = CARTESIAN_POINT ( 'NONE',  ( -36.19999999999999574, -15.00000000000000355, 38.54999999999999716 ) ) ;
#5767 = ORIENTED_EDGE ( 'NONE', *, *, #10748, .T. ) ;
#5768 = EDGE_CURVE ( 'NONE', #11095, #6672, #2521, .T. ) ;
#5769 = DIRECTION ( 'NONE',  ( -0.000000000000000000, -0.000000000000000000, -1.000000000000000000 ) ) ;
#5770 = SURFACE_SIDE_STYLE ('',( #5577 ) ) ;
#5771 = EDGE_CURVE ( 'NONE', #9659, #2774, #2510, .T. ) ;
#5772 = DIRECTION ( 'NONE',  ( 1.181088324069316513E-14, 0.000000000000000000, 1.000000000000000000 ) ) ;
#5773 = CYLINDRICAL_SURFACE ( 'NONE', #1191, 1.000000000000000888 ) ;
#5774 = CARTESIAN_POINT ( 'NONE',  ( -49.99999999999819522, -5.000000000000000000, -21.49897948556684213 ) ) ;
#5775 = CARTESIAN_POINT ( 'NONE',  ( 41.50000000000000711, 1.000000000000000000, 49.99999999999999289 ) ) ;
#5776 = ORIENTED_EDGE ( 'NONE', *, *, #7910, .T. ) ;
#5777 = ORIENTED_EDGE ( 'NONE', *, *, #11221, .F. ) ;
#5778 = ORIENTED_EDGE ( 'NONE', *, *, #8469, .F. ) ;
#5779 = DIRECTION ( 'NONE',  ( 1.000000000000000000, 0.000000000000000000, 0.000000000000000000 ) ) ;
#5780 = VECTOR ( 'NONE', #2445, 1000.000000000000000 ) ;
#5781 = DIRECTION ( 'NONE',  ( -0.000000000000000000, 1.000000000000000000, -0.000000000000000000 ) ) ;
#5782 = EDGE_CURVE ( 'NONE', #10943, #10267, #7896, .T. ) ;
#5783 = CARTESIAN_POINT ( 'NONE',  ( -10.50000000000000178, -9.742991517807720214, 12.88585505360103056 ) ) ;
#5784 = DIRECTION ( 'NONE',  ( 0.000000000000000000, 1.000000000000000000, 0.000000000000000000 ) ) ;
#5785 = EDGE_CURVE ( 'NONE', #9514, #8223, #3884, .T. ) ;
#5786 = LINE ( 'NONE', #225, #9286 ) ;
#5787 = CARTESIAN_POINT ( 'NONE',  ( -36.19999999999999574, -15.00000000000000355, 42.89999999999999147 ) ) ;
#5788 = VECTOR ( 'NONE', #10753, 1000.000000000000000 ) ;
#5789 = B_SPLINE_CURVE_WITH_KNOTS ( 'NONE', 3,
 ( #10690, #4535, #7254, #2600 ),
 .UNSPECIFIED., .F., .F.,
 ( 4, 4 ),
 ( 0.000000000000000000, 0.0007769150246515652784 ),
 .UNSPECIFIED. ) ;
#5790 = CARTESIAN_POINT ( 'NONE',  ( 40.00000000000000711, -15.00000000000000355, -47.15000000000001279 ) ) ;
#5791 = PLANE ( 'NONE',  #11502 ) ;
#5792 = DIRECTION ( 'NONE',  ( 0.000000000000000000, 0.000000000000000000, 1.000000000000000000 ) ) ;
#5793 = ORIENTED_EDGE ( 'NONE', *, *, #7096, .F. ) ;
#5794 = ORIENTED_EDGE ( 'NONE', *, *, #1987, .F. ) ;
#5795 = CARTESIAN_POINT ( 'NONE',  ( 28.14999999999983160, -3.199999999999999289, -43.50000000000001421 ) ) ;
#5796 = AXIS2_PLACEMENT_3D ( 'NONE', #8737, #2034, #4819 ) ;
#5797 = ORIENTED_EDGE ( 'NONE', *, *, #9824, .T. ) ;
#5798 = CARTESIAN_POINT ( 'NONE',  ( 47.99999999999963762, -8.000000000000001776, -35.03324392039986890 ) ) ;
#5799 = CIRCLE ( 'NONE', #9067, 1.000000000000000888 ) ;
#5800 = CARTESIAN_POINT ( 'NONE',  ( -30.49999999999983302, -3.199999999999999289, 48.00000000000000711 ) ) ;
#5801 = DIRECTION ( 'NONE',  ( 1.387778780781445676E-16, 0.000000000000000000, 1.000000000000000000 ) ) ;
#5802 = LINE ( 'NONE', #245, #10236 ) ;
#5803 = CARTESIAN_POINT ( 'NONE',  ( 41.99999999999957367, -1.000000000000001776, -41.50000000000027001 ) ) ;
#5804 = CARTESIAN_POINT ( 'NONE',  ( 24.69999999999998863, -3.499999999999999556, -45.80000000000000426 ) ) ;
#5805 = DIRECTION ( 'NONE',  ( -0.000000000000000000, -1.000000000000000000, -0.000000000000000000 ) ) ;
#5806 = VERTEX_POINT ( 'NONE', #3304 ) ;
#5807 = ORIENTED_EDGE ( 'NONE', *, *, #10226, .F. ) ;
#5808 = DIRECTION ( 'NONE',  ( -0.000000000000000000, 1.000000000000000000, -0.000000000000000000 ) ) ;
#5809 = ORIENTED_EDGE ( 'NONE', *, *, #11801, .F. ) ;
#5810 = ORIENTED_EDGE ( 'NONE', *, *, #8515, .T. ) ;
#5811 = AXIS2_PLACEMENT_3D ( 'NONE', #5997, #8883, #7986 ) ;
#5812 = ADVANCED_FACE ( 'NONE', ( #1049 ), #2630, .F. ) ;
#5813 = VECTOR ( 'NONE', #1466, 1000.000000000000000 ) ;
#5814 = CARTESIAN_POINT ( 'NONE',  ( 48.99999999999999289, 0.000000000000000000, -50.00000000000000711 ) ) ;
#5815 = LINE ( 'NONE', #8534, #7161 ) ;
#5816 = DIRECTION ( 'NONE',  ( 6.982962677686267499E-15, -0.000000000000000000, 1.000000000000000000 ) ) ;
#5817 = FACE_OUTER_BOUND ( 'NONE', #680, .T. ) ;
#5818 = CARTESIAN_POINT ( 'NONE',  ( -21.65063509461091584, -1.000000000000000000, -10.90000000000010338 ) ) ;
#5819 = VECTOR ( 'NONE', #4956, 1000.000000000000000 ) ;
#5820 = DIRECTION ( 'NONE',  ( 1.000000000000000000, 0.000000000000000000, 0.000000000000000000 ) ) ;
#5821 = DIRECTION ( 'NONE',  ( -0.000000000000000000, 1.000000000000000000, -0.000000000000000000 ) ) ;
#5822 = AXIS2_PLACEMENT_3D ( 'NONE', #5143, #10694, #11707 ) ;
#5823 = VECTOR ( 'NONE', #1620, 1000.000000000000000 ) ;
#5824 = VERTEX_POINT ( 'NONE', #8299 ) ;
#5825 = ORIENTED_EDGE ( 'NONE', *, *, #271, .T. ) ;
#5826 = ORIENTED_EDGE ( 'NONE', *, *, #4534, .T. ) ;
#5827 = EDGE_CURVE ( 'NONE', #10555, #8599, #10801, .T. ) ;
#5828 = ADVANCED_FACE ( 'NONE', ( #987 ), #928, .T. ) ;
#5829 = CARTESIAN_POINT ( 'NONE',  ( 30.50000000000013856, -3.199999999999999289, 43.49999999999980105 ) ) ;
#5830 = AXIS2_PLACEMENT_3D ( 'NONE', #2100, #1309, #10600 ) ;
#5831 = AXIS2_PLACEMENT_3D ( 'NONE', #8302, #3723, #7410 ) ;
#5832 = CARTESIAN_POINT ( 'NONE',  ( -42.00000000000012790, -8.892617504634921843, -35.30824346854559792 ) ) ;
#5833 = AXIS2_PLACEMENT_3D ( 'NONE', #2747, #869, #8180 ) ;
#5834 = CARTESIAN_POINT ( 'NONE',  ( 37.21141641594659433, -9.398530664726379769, 48.00000000000000711 ) ) ;
#5835 = CARTESIAN_POINT ( 'NONE',  ( -27.09999999999983089, -0.1999999999999999833, -48.00000000000000711 ) ) ;
#5836 = CARTESIAN_POINT ( 'NONE',  ( 50.00000000000000000, -1.000000000000000000, -16.59999999999802611 ) ) ;
#5837 = CARTESIAN_POINT ( 'NONE',  ( -10.49999999999999822, -13.00000000000000178, 8.561999999999995836 ) ) ;
#5838 = ORIENTED_EDGE ( 'NONE', *, *, #9738, .F. ) ;
#5839 = ORIENTED_EDGE ( 'NONE', *, *, #6140, .F. ) ;
#5840 = ORIENTED_EDGE ( 'NONE', *, *, #8153, .F. ) ;
#5841 = ADVANCED_FACE ( 'NONE', ( #9320 ), #3777, .F. ) ;
#5842 = ADVANCED_FACE ( 'NONE', ( #5576 ), #4746, .F. ) ;
#5843 = ORIENTED_EDGE ( 'NONE', *, *, #9983, .F. ) ;
#5844 = AXIS2_PLACEMENT_3D ( 'NONE', #8595, #8475, #5759 ) ;
#5845 = EDGE_CURVE ( 'NONE', #9060, #1243, #2612, .T. ) ;
#5846 = AXIS2_PLACEMENT_3D ( 'NONE', #9724, #10346, #2081 ) ;
#5847 = DIRECTION ( 'NONE',  ( -1.047444401652940007E-14, 0.000000000000000000, -1.000000000000000000 ) ) ;
#5848 = CARTESIAN_POINT ( 'NONE',  ( -40.00000000000000711, -15.00000000000000355, -42.80000000000001137 ) ) ;
#5849 = CARTESIAN_POINT ( 'NONE',  ( -48.99999999999999289, 1.000000000000000000, 49.99999999999999289 ) ) ;
#5850 = DIRECTION ( 'NONE',  ( 0.000000000000000000, 0.000000000000000000, -1.000000000000000000 ) ) ;
#5851 = DIRECTION ( 'NONE',  ( 0.000000000000000000, -1.000000000000000000, 0.000000000000000000 ) ) ;
#5852 = CARTESIAN_POINT ( 'NONE',  ( 41.99999999999957367, -6.172979276784887226, -40.31980098964718451 ) ) ;
#5853 = FACE_BOUND ( 'NONE', #7946, .T. ) ;
#5854 = CARTESIAN_POINT ( 'NONE',  ( 1.734723475976812419E-15, -7.341855279628488162, 23.39999999999998437 ) ) ;
#5855 = ORIENTED_EDGE ( 'NONE', *, *, #7460, .F. ) ;
#5856 = ORIENTED_EDGE ( 'NONE', *, *, #1938, .T. ) ;
#5857 = AXIS2_PLACEMENT_3D ( 'NONE', #2631, #9080, #4441 ) ;
#5858 = EDGE_CURVE ( 'NONE', #4559, #6380, #5035, .T. ) ;
#5859 = CARTESIAN_POINT ( 'NONE',  ( -31.94412171226666075, -15.00000000000000355, 42.00000000000000711 ) ) ;
#5860 = VERTEX_POINT ( 'NONE', #2806 ) ;
#5861 = ADVANCED_FACE ( 'NONE', ( #3539 ), #6495, .F. ) ;
#5862 = AXIS2_PLACEMENT_3D ( 'NONE', #3191, #7787, #4098 ) ;
#5863 = DIRECTION ( 'NONE',  ( 1.000000000000000000, 0.000000000000000000, -1.746776231977451727E-16 ) ) ;
#5864 = VECTOR ( 'NONE', #2203, 1000.000000000000000 ) ;
#5865 = DIRECTION ( 'NONE',  ( -0.000000000000000000, 1.000000000000000000, -0.000000000000000000 ) ) ;
#5866 = DIRECTION ( 'NONE',  ( 0.000000000000000000, 0.000000000000000000, 1.000000000000000000 ) ) ;
#5867 = CARTESIAN_POINT ( 'NONE',  ( 35.66127649760422713, -14.72405674079445426, -43.19589416848875629 ) ) ;
#5868 = B_SPLINE_CURVE_WITH_KNOTS ( 'NONE', 3,
 ( #3101, #11635, #376, #4015, #6159, #10518, #9555, #4919, #2194, #7066 ),
 .UNSPECIFIED., .F., .F.,
 ( 4, 2, 2, 2, 4 ),
 ( 0.04431461891056174413, 0.2832359641829216290, 0.5221573094552813821, 0.7610786547276411351, 0.9541619349851685472 ),
 .UNSPECIFIED. ) ;
#5869 = FACE_OUTER_BOUND ( 'NONE', #8935, .T. ) ;
#5870 = DIRECTION ( 'NONE',  ( -1.181088324069316513E-14, 0.000000000000000000, -1.000000000000000000 ) ) ;
#5871 = FACE_OUTER_BOUND ( 'NONE', #6487, .T. ) ;
#5872 = VERTEX_POINT ( 'NONE', #10886 ) ;
#5874 = ADVANCED_FACE ( 'NONE', ( #6554 ), #5400, .T. ) ;
#5873 = EDGE_LOOP ( 'NONE', ( #5717, #11920, #2626, #6263, #8698, #9803, #3592, #8389 ) ) ;
#5875 = DIRECTION ( 'NONE',  ( 2.952720810173286943E-15, 0.000000000000000000, 1.000000000000000000 ) ) ;
#5876 = CARTESIAN_POINT ( 'NONE',  ( 35.50580425366315040, -5.224824506090357090, 42.00000000000001421 ) ) ;
#5877 = ORIENTED_EDGE ( 'NONE', *, *, #5196, .F. ) ;
#5878 = CIRCLE ( 'NONE', #3372, 1.550000000000002709 ) ;
#5879 = DIRECTION ( 'NONE',  ( -1.000000000000000000, 0.000000000000000000, -0.000000000000000000 ) ) ;
#5880 = DIRECTION ( 'NONE',  ( 0.000000000000000000, -0.000000000000000000, 1.000000000000000000 ) ) ;
#5881 = PLANE ( 'NONE',  #6847 ) ;
#5882 = EDGE_CURVE ( 'NONE', #7688, #6222, #5463, .T. ) ;
#5883 = AXIS2_PLACEMENT_3D ( 'NONE', #8014, #9638, #465 ) ;
#5884 = CARTESIAN_POINT ( 'NONE',  ( -30.49999999999983302, -3.199999999999999289, -43.50000000000001421 ) ) ;
#5885 = CARTESIAN_POINT ( 'NONE',  ( 0.2787316861636127685, -3.330802804476303614, 26.58074208094201296 ) ) ;
#5886 = DIRECTION ( 'NONE',  ( 0.000000000000000000, 0.000000000000000000, -1.000000000000000000 ) ) ;
#5887 = CARTESIAN_POINT ( 'NONE',  ( 45.80000000000062244, 1.000000000000000000, -22.35000000000199805 ) ) ;
#5888 = EDGE_LOOP ( 'NONE', ( #11537, #5135, #8020, #2757 ) ) ;
#5889 = VERTEX_POINT ( 'NONE', #7521 ) ;
#5890 = ORIENTED_EDGE ( 'NONE', *, *, #10835, .F. ) ;
#5891 = CARTESIAN_POINT ( 'NONE',  ( 49.99999999999999289, 1.000000000000000000, -50.00000000000000711 ) ) ;
#5892 = DIRECTION ( 'NONE',  ( 0.000000000000000000, 1.000000000000000000, 0.000000000000000000 ) ) ;
#5893 = CARTESIAN_POINT ( 'NONE',  ( 42.00000000000034106, -3.199999999999999289, 32.04999999999969162 ) ) ;
#5894 = LINE ( 'NONE', #7304, #708 ) ;
#5895 = LINE ( 'NONE', #11368, #32 ) ;
#5896 = ADVANCED_FACE ( 'NONE', ( #10408 ), #2202, .T. ) ;
#5897 = DIRECTION ( 'NONE',  ( 0.000000000000000000, -1.000000000000000000, 0.000000000000000000 ) ) ;
#5898 = DIRECTION ( 'NONE',  ( 0.000000000000000000, 0.000000000000000000, -1.000000000000000000 ) ) ;
#5899 = ORIENTED_EDGE ( 'NONE', *, *, #8120, .F. ) ;
#5900 = ORIENTED_EDGE ( 'NONE', *, *, #1288, .T. ) ;
#5901 = ORIENTED_EDGE ( 'NONE', *, *, #7378, .T. ) ;
#5902 = EDGE_LOOP ( 'NONE', ( #2464, #10810, #2861, #8454, #14 ) ) ;
#5903 = ORIENTED_EDGE ( 'NONE', *, *, #5768, .F. ) ;
#5904 = B_SPLINE_SURFACE_WITH_KNOTS ( 'NONE', 1, 3, ( 
 ( #8378, #11140, #4580, #7420, #5480, #3734, #2883, #11863, #10238, #7300, #885, #223 ),
 ( #10422, #3974, #11443, #11380, #5783, #5967, #7661, #9637, #2157, #3067, #3007, #9401 ) ),
 .UNSPECIFIED., .F., .F., .F.,
 ( 2, 2 ),
 ( 4, 2, 2, 2, 2, 4 ),
 ( 0.000000000000000000, 1.000000000000000000 ),
 ( 0.000000000000000000, 0.04431461891058339347, 0.2832359641829375607, 0.5221573094552917071, 0.7610786547276457981, 1.000000000000000000 ),
 .UNSPECIFIED. ) ;
#5905 = AXIS2_PLACEMENT_3D ( 'NONE', #4315, #3413, #2264 ) ;
#5906 = CARTESIAN_POINT ( 'NONE',  ( 41.50000000000000000, 1.000000000000000000, 48.99999999999999289 ) ) ;
#5907 = DIRECTION ( 'NONE',  ( -0.000000000000000000, 1.000000000000000000, -0.000000000000000000 ) ) ;
#5908 = AXIS2_PLACEMENT_3D ( 'NONE', #1017, #2052, #2902 ) ;
#5909 = DIRECTION ( 'NONE',  ( -1.000000000000000000, 0.000000000000000000, 1.343011723336880555E-14 ) ) ;
#5910 = EDGE_CURVE ( 'NONE', #8659, #3523, #5799, .T. ) ;
#5911 = DIRECTION ( 'NONE',  ( 1.000000000000000000, -0.000000000000000000, -1.047444401652940007E-14 ) ) ;
#5912 = DIRECTION ( 'NONE',  ( 0.000000000000000000, 0.000000000000000000, -1.000000000000000000 ) ) ;
#5913 = EDGE_CURVE ( 'NONE', #5167, #2372, #3054, .T. ) ;
#5914 = CARTESIAN_POINT ( 'NONE',  ( -35.72419598204034230, -9.000000000000001776, -42.00000000000000711 ) ) ;
#5915 = CARTESIAN_POINT ( 'NONE',  ( 41.50000000000000711, 1.000000000000000000, 48.00000000000000711 ) ) ;
#5916 = CARTESIAN_POINT ( 'NONE',  ( 42.00000000000031974, -5.000000000000002665, 30.09999999999939035 ) ) ;
#5917 = EDGE_LOOP ( 'NONE', ( #10035, #7868, #8052, #11528 ) ) ;
#5918 = EDGE_LOOP ( 'NONE', ( #7742, #8965, #1826 ) ) ;
#5919 = VECTOR ( 'NONE', #10429, 1000.000000000000000 ) ;
#5920 = AXIS2_PLACEMENT_3D ( 'NONE', #8046, #11889, #3636 ) ;
#5921 = CARTESIAN_POINT ( 'NONE',  ( 30.09999999999983089, -5.000000000000002665, 42.00000000000000711 ) ) ;
#5922 = ORIENTED_EDGE ( 'NONE', *, *, #5045, .F. ) ;
#5923 = CARTESIAN_POINT ( 'NONE',  ( 47.99999999999952394, -8.337726433337792287, -46.90907039497650288 ) ) ;
#5924 = AXIS2_PLACEMENT_3D ( 'NONE', #3442, #1554, #8084 ) ;
#5925 = EDGE_CURVE ( 'NONE', #7101, #109, #9445, .T. ) ;
#5926 = DIRECTION ( 'NONE',  ( 1.000000000000000000, 0.000000000000000000, -3.491481338843133355E-15 ) ) ;
#5927 = FACE_OUTER_BOUND ( 'NONE', #8615, .T. ) ;
#5928 = EDGE_CURVE ( 'NONE', #175, #5949, #11185, .T. ) ;
#5929 = DIRECTION ( 'NONE',  ( 0.000000000000000000, 0.000000000000000000, -1.000000000000000000 ) ) ;
#5930 = DIRECTION ( 'NONE',  ( 0.000000000000000000, 0.000000000000000000, 1.000000000000000000 ) ) ;
#5931 = CARTESIAN_POINT ( 'NONE',  ( -37.26764187154309127, -9.270778716610292847, 48.00000000000001421 ) ) ;
#5932 = ORIENTED_EDGE ( 'NONE', *, *, #4817, .T. ) ;
#5933 = ORIENTED_EDGE ( 'NONE', *, *, #3868, .T. ) ;
#5934 = FACE_OUTER_BOUND ( 'NONE', #7716, .T. ) ;
#5935 = CYLINDRICAL_SURFACE ( 'NONE', #7702, 2.350000000000001421 ) ;
#5936 = ORIENTED_EDGE ( 'NONE', *, *, #10274, .F. ) ;
#5937 = CIRCLE ( 'NONE', #5737, 2.349999999999997868 ) ;
#5938 = CYLINDRICAL_SURFACE ( 'NONE', #6127, 1.000000000000000888 ) ;
#5939 = EDGE_CURVE ( 'NONE', #362, #424, #7514, .T. ) ;
#5940 = CARTESIAN_POINT ( 'NONE',  ( -50.00000000000000000, 0.5857864376269045215, -41.91421356237309226 ) ) ;
#5941 = CARTESIAN_POINT ( 'NONE',  ( -10.49999999999999822, -13.00000000000000178, -12.40000000000000036 ) ) ;
#5942 = VECTOR ( 'NONE', #10572, 1000.000000000000000 ) ;
#5943 = EDGE_CURVE ( 'NONE', #1268, #5860, #146, .T. ) ;
#5944 = DIRECTION ( 'NONE',  ( 0.000000000000000000, -0.000000000000000000, -1.000000000000000000 ) ) ;
#5945 = DIRECTION ( 'NONE',  ( -1.000000000000000000, 0.000000000000000000, 0.000000000000000000 ) ) ;
#5946 = CARTESIAN_POINT ( 'NONE',  ( -35.72419598204034230, -14.74252444900601944, -42.00000000000000711 ) ) ;
#5947 = CARTESIAN_POINT ( 'NONE',  ( 29.94451117010662600, -8.000000000000001776, -46.94927304697390724 ) ) ;
#5948 = ORIENTED_EDGE ( 'NONE', *, *, #11108, .F. ) ;
#5949 = VERTEX_POINT ( 'NONE', #4805 ) ;
#5950 = AXIS2_PLACEMENT_3D ( 'NONE', #11342, #8463, #1148 ) ;
#5951 = ORIENTED_EDGE ( 'NONE', *, *, #10930, .F. ) ;
#5952 = CARTESIAN_POINT ( 'NONE',  ( 49.99999999999972289, -0.1999999999999999833, -27.10000000000035669 ) ) ;
#5953 = CARTESIAN_POINT ( 'NONE',  ( 41.49999999999983658, -1.000000000000000000, -48.00000000000000711 ) ) ;
#5954 = CARTESIAN_POINT ( 'NONE',  ( 43.06611543741146164, -8.017416039492230695, 47.99999999999999289 ) ) ;
#5955 = DIRECTION ( 'NONE',  ( -0.000000000000000000, -0.000000000000000000, 1.000000000000000000 ) ) ;
#5956 = CYLINDRICAL_SURFACE ( 'NONE', #2162, 1.550000000000002709 ) ;
#5957 = LINE ( 'NONE', #9448, #10746 ) ;
#5958 = CARTESIAN_POINT ( 'NONE',  ( 50.00000000000000711, 1.000000000000000000, 41.49999999999999289 ) ) ;
#5959 = EDGE_LOOP ( 'NONE', ( #9195, #9250, #11065, #8237 ) ) ;
#5960 = VERTEX_POINT ( 'NONE', #7645 ) ;
#5961 = ORIENTED_EDGE ( 'NONE', *, *, #4416, .F. ) ;
#5962 = VERTEX_POINT ( 'NONE', #11311 ) ;
#5963 = ORIENTED_EDGE ( 'NONE', *, *, #1277, .F. ) ;
#5964 = VECTOR ( 'NONE', #2170, 1000.000000000000000 ) ;
#5965 = PLANE ( 'NONE',  #5518 ) ;
#5966 = EDGE_CURVE ( 'NONE', #7947, #10619, #1361, .T. ) ;
#5967 = CARTESIAN_POINT ( 'NONE',  ( -10.50000000000000178, -8.697035635642704321, 16.21874602312323077 ) ) ;
#5968 = CARTESIAN_POINT ( 'NONE',  ( 48.00000000000033396, 1.000000000000000000, 31.29999999999933635 ) ) ;
#5969 = CARTESIAN_POINT ( 'NONE',  ( 41.99999999999968736, -3.199999999999999289, -30.49999999999968736 ) ) ;
#5970 = CARTESIAN_POINT ( 'NONE',  ( 45.80000000000062244, -5.000000000000000000, 23.14999999999800551 ) ) ;
#5971 = DIRECTION ( 'NONE',  ( 0.000000000000000000, -0.000000000000000000, -1.000000000000000000 ) ) ;
#5972 = CARTESIAN_POINT ( 'NONE',  ( 41.99999999999966604, -8.433679900060944590, -34.28115716491382159 ) ) ;
#5973 = ORIENTED_EDGE ( 'NONE', *, *, #2518, .T. ) ;
#5974 = EDGE_LOOP ( 'NONE', ( #11348, #3360, #5093, #1414 ) ) ;
#5975 = AXIS2_PLACEMENT_3D ( 'NONE', #8784, #2325, #2267 ) ;
#5976 = VERTEX_POINT ( 'NONE', #11424 ) ;
#5977 = CARTESIAN_POINT ( 'NONE',  ( 50.00000000000093081, -3.199999999999999289, -28.94999999999965823 ) ) ;
#5978 = EDGE_LOOP ( 'NONE', ( #8989, #5810, #11154, #4276, #10757, #9073, #6443, #11935, #6831 ) ) ;
#5979 = EDGE_CURVE ( 'NONE', #11307, #11373, #3171, .T. ) ;
#5980 = EDGE_CURVE ( 'NONE', #410, #9890, #7150, .T. ) ;
#5981 = CARTESIAN_POINT ( 'NONE',  ( 10.50000000000000178, -13.00000000000000178, 9.461999999999994415 ) ) ;
#5982 = CIRCLE ( 'NONE', #1531, 2.350000000000001421 ) ;
#5983 = DIRECTION ( 'NONE',  ( 0.000000000000000000, 0.000000000000000000, 1.000000000000000000 ) ) ;
#5984 = CYLINDRICAL_SURFACE ( 'NONE', #3410, 1.000000000000000888 ) ;
#5985 = CARTESIAN_POINT ( 'NONE',  ( -42.00000000000016342, -5.615716331036727738, -41.31637044629925271 ) ) ;
#5986 = DIRECTION ( 'NONE',  ( 1.000000000000000000, 0.000000000000000000, 0.000000000000000000 ) ) ;
#5987 = DIRECTION ( 'NONE',  ( 0.000000000000000000, 0.000000000000000000, -1.000000000000000000 ) ) ;
#5988 = ORIENTED_EDGE ( 'NONE', *, *, #463, .T. ) ;
#5989 = ORIENTED_EDGE ( 'NONE', *, *, #6006, .F. ) ;
#5990 = DIRECTION ( 'NONE',  ( 4.476705744456268255E-15, 0.000000000000000000, 1.000000000000000000 ) ) ;
#5991 = LINE ( 'NONE', #11526, #11913 ) ;
#5992 = VERTEX_POINT ( 'NONE', #7583 ) ;
#5993 = ADVANCED_FACE ( 'NONE', ( #11252 ), #2995, .T. ) ;
#5994 = EDGE_CURVE ( 'NONE', #11307, #7280, #8955, .T. ) ;
#5995 = VECTOR ( 'NONE', #1551, 1000.000000000000000 ) ;
#5996 = DIRECTION ( 'NONE',  ( -1.000000000000000000, 0.000000000000000000, 0.000000000000000000 ) ) ;
#5997 = CARTESIAN_POINT ( 'NONE',  ( -10.49999999999999822, -13.00000000000000178, -12.40000000000000036 ) ) ;
#5998 = DIRECTION ( 'NONE',  ( -0.000000000000000000, 1.000000000000000000, -0.000000000000000000 ) ) ;
#5999 = LINE ( 'NONE', #4244, #6795 ) ;
#6000 = CARTESIAN_POINT ( 'NONE',  ( 0.6390377749895400639, -3.512169011825746257, 26.47103637966745282 ) ) ;
#6001 = DIRECTION ( 'NONE',  ( -0.000000000000000000, -0.000000000000000000, 1.000000000000000000 ) ) ;
#6002 = AXIS2_PLACEMENT_3D ( 'NONE', #4252, #2555, #1462 ) ;
#6003 = VERTEX_POINT ( 'NONE', #10647 ) ;
#6004 = EDGE_LOOP ( 'NONE', ( #5104, #3697, #10825, #5206 ) ) ;
#6005 = EDGE_CURVE ( 'NONE', #11286, #9123, #10701, .T. ) ;
#6006 = EDGE_CURVE ( 'NONE', #6618, #4450, #11480, .T. ) ;
#6007 = EDGE_CURVE ( 'NONE', #8765, #11319, #4453, .T. ) ;
#6008 = CIRCLE ( 'NONE', #4652, 2.349999999999997868 ) ;
#6009 = DIRECTION ( 'NONE',  ( -1.000000000000000000, -0.000000000000000000, -3.491481338843133750E-15 ) ) ;
#6010 = CARTESIAN_POINT ( 'NONE',  ( -30.49999999999922551, -3.199999999999999289, 43.50000000000001421 ) ) ;
#6011 = AXIS2_PLACEMENT_3D ( 'NONE', #7261, #2665, #2782 ) ;
#6012 = FACE_OUTER_BOUND ( 'NONE', #7830, .T. ) ;
#6013 = CIRCLE ( 'NONE', #9078, 2.349999999999997868 ) ;
#6014 = DIRECTION ( 'NONE',  ( 0.000000000000000000, 0.000000000000000000, -1.000000000000000000 ) ) ;
#6015 = CARTESIAN_POINT ( 'NONE',  ( -48.00000000000000711, 0.000000000000000000, 1.675911042644704263E-13 ) ) ;
#6016 = DIRECTION ( 'NONE',  ( 1.734723475976810250E-15, 0.000000000000000000, 1.000000000000000000 ) ) ;
#6017 = ORIENTED_EDGE ( 'NONE', *, *, #7412, .T. ) ;
#6018 = VERTEX_POINT ( 'NONE', #9848 ) ;
#6019 = ORIENTED_EDGE ( 'NONE', *, *, #4762, .T. ) ;
#6020 = ORIENTED_EDGE ( 'NONE', *, *, #10008, .T. ) ;
#6021 = ADVANCED_FACE ( 'NONE', ( #9679 ), #4369, .T. ) ;
#6022 = ORIENTED_EDGE ( 'NONE', *, *, #10508, .F. ) ;
#6023 = VECTOR ( 'NONE', #7165, 1000.000000000000000 ) ;
#6024 = VECTOR ( 'NONE', #2384, 1000.000000000000000 ) ;
#6025 = FACE_OUTER_BOUND ( 'NONE', #7417, .T. ) ;
#6026 = DIRECTION ( 'NONE',  ( -0.000000000000000000, -1.000000000000000000, -0.000000000000000000 ) ) ;
#6027 = DIRECTION ( 'NONE',  ( -1.000000000000000000, 0.000000000000000000, 0.000000000000000000 ) ) ;
#6028 = CARTESIAN_POINT ( 'NONE',  ( -2.855276359691010679, -3.546386810946782209, 22.79741316033647891 ) ) ;
#6029 = CARTESIAN_POINT ( 'NONE',  ( 10.49999999999999822, -5.934120232893064006, -23.52272535724185332 ) ) ;
#6030 = FACE_BOUND ( 'NONE', #10249, .T. ) ;
#6031 = DIRECTION ( 'NONE',  ( 1.000000000000000000, 0.000000000000000000, -6.405132834375876418E-15 ) ) ;
#6032 = VERTEX_POINT ( 'NONE', #8000 ) ;
#6033 = VERTEX_POINT ( 'NONE', #5039 ) ;
#6034 = AXIS2_PLACEMENT_3D ( 'NONE', #1446, #2020, #5082 ) ;
#6035 = ORIENTED_EDGE ( 'NONE', *, *, #5845, .T. ) ;
#6036 = FACE_BOUND ( 'NONE', #1470, .T. ) ;
#6037 = VERTEX_POINT ( 'NONE', #6975 ) ;
#6038 = CARTESIAN_POINT ( 'NONE',  ( -10.49999999999999822, -13.00000000000000178, -13.50000000000000000 ) ) ;
#6039 = CARTESIAN_POINT ( 'NONE',  ( -50.00000000000000711, 7.750000000000000000, -41.49999999999999289 ) ) ;
#6040 = CYLINDRICAL_SURFACE ( 'NONE', #2051, 4.349999999999999645 ) ;
#6041 = CARTESIAN_POINT ( 'NONE',  ( 49.99999999999999289, 1.000000000000000000, -50.00000000000000711 ) ) ;
#6042 = DIRECTION ( 'NONE',  ( 1.000000000000000000, -0.000000000000000000, -3.491481338843133355E-15 ) ) ;
#6043 = DIRECTION ( 'NONE',  ( 0.000000000000000000, 0.000000000000000000, -1.000000000000000000 ) ) ;
#6044 = VERTEX_POINT ( 'NONE', #7033 ) ;
#6045 = EDGE_CURVE ( 'NONE', #9590, #9146, #8720, .T. ) ;
#6046 = ORIENTED_EDGE ( 'NONE', *, *, #11052, .T. ) ;
#6047 = DIRECTION ( 'NONE',  ( -1.047444401652940007E-14, 0.000000000000000000, -1.000000000000000000 ) ) ;
#6048 = CARTESIAN_POINT ( 'NONE',  ( 33.24412171226665436, -8.154492768451390816, 42.00000000000000711 ) ) ;
#6049 = VERTEX_POINT ( 'NONE', #6129 ) ;
#6050 = CIRCLE ( 'NONE', #1604, 1.600000000000000755 ) ;
#6051 = VECTOR ( 'NONE', #3962, 1000.000000000000000 ) ;
#6052 = DIRECTION ( 'NONE',  ( 0.000000000000000000, 0.000000000000000000, 1.000000000000000000 ) ) ;
#6053 = DIRECTION ( 'NONE',  ( -4.476705744456268255E-15, 0.000000000000000000, 1.000000000000000000 ) ) ;
#6054 = CARTESIAN_POINT ( 'NONE',  ( -37.89127238452917368, -5.472591173131194253, -42.00000000000000711 ) ) ;
#6055 = VECTOR ( 'NONE', #4713, 1000.000000000000000 ) ;
#6056 = FACE_OUTER_BOUND ( 'NONE', #7994, .T. ) ;
#6057 = ADVANCED_FACE ( 'NONE', ( #7146 ), #10759, .F. ) ;
#6058 = CARTESIAN_POINT ( 'NONE',  ( -35.72743892922089515, -14.74342510580612853, -41.98285748093563541 ) ) ;
#6059 = CIRCLE ( 'NONE', #7602, 3.000000000000002665 ) ;
#6060 = FACE_OUTER_BOUND ( 'NONE', #2522, .T. ) ;
#6061 = CARTESIAN_POINT ( 'NONE',  ( -41.18759138524224994, -9.430254799841689461, 42.00000000000001421 ) ) ;
#6062 = AXIS2_PLACEMENT_3D ( 'NONE', #5210, #9622, #8897 ) ;
#6063 = ADVANCED_FACE ( 'NONE', ( #9794 ), #8054, .T. ) ;
#6064 = ORIENTED_EDGE ( 'NONE', *, *, #5626, .T. ) ;
#6065 = ORIENTED_EDGE ( 'NONE', *, *, #2471, .T. ) ;
#6066 = ORIENTED_EDGE ( 'NONE', *, *, #1913, .T. ) ;
#6067 = AXIS2_PLACEMENT_3D ( 'NONE', #8043, #9899, #11648 ) ;
#6068 = DIRECTION ( 'NONE',  ( 0.000000000000000000, 0.000000000000000000, 1.000000000000000000 ) ) ;
#6069 = LINE ( 'NONE', #5098, #5864 ) ;
#6070 = ADVANCED_FACE ( 'NONE', ( #3351 ), #1519, .T. ) ;
#6071 = DIRECTION ( 'NONE',  ( -1.000000000000000000, 0.000000000000000000, 0.000000000000000000 ) ) ;
#6072 = DIRECTION ( 'NONE',  ( 0.000000000000000000, 1.000000000000000000, 0.000000000000000000 ) ) ;
#6073 = CARTESIAN_POINT ( 'NONE',  ( 50.00000000000093792, -3.199999999999999289, -30.49999999999965894 ) ) ;
#6074 = EDGE_CURVE ( 'NONE', #10478, #307, #8896, .T. ) ;
#6075 = CARTESIAN_POINT ( 'NONE',  ( -41.99999999999990763, -8.000000000000001776, 30.09999999999997655 ) ) ;
#6076 = ORIENTED_EDGE ( 'NONE', *, *, #4927, .F. ) ;
#6077 = EDGE_LOOP ( 'NONE', ( #3714, #5021, #3771 ) ) ;
#6078 = ORIENTED_EDGE ( 'NONE', *, *, #1197, .F. ) ;
#6079 = ORIENTED_EDGE ( 'NONE', *, *, #3302, .T. ) ;
#6080 = ORIENTED_EDGE ( 'NONE', *, *, #653, .F. ) ;
#6081 = CARTESIAN_POINT ( 'NONE',  ( -41.49999999999983658, -1.000000000000000000, -49.99999999999999289 ) ) ;
#6082 = ADVANCED_FACE ( 'NONE', ( #11657 ), #7094, .F. ) ;
#6083 = CARTESIAN_POINT ( 'NONE',  ( -45.79999999999802185, -3.499999999999999556, -22.34999999999937259 ) ) ;
#6084 = CARTESIAN_POINT ( 'NONE',  ( 24.69999999999998863, -3.499999999999999556, -43.45000000000000995 ) ) ;
#6085 = ADVANCED_FACE ( 'NONE', ( #6179, #504 ), #1585, .T. ) ;
#6086 = LINE ( 'NONE', #5229, #3510 ) ;
#6087 = PLANE ( 'NONE',  #9522 ) ;
#6088 = EDGE_CURVE ( 'NONE', #2268, #10111, #6242, .T. ) ;
#6089 = CARTESIAN_POINT ( 'NONE',  ( 39.11590748948488994, -11.38383705152802428, -48.00000000000000000 ) ) ;
#6090 = DIRECTION ( 'NONE',  ( -1.000000000000000000, -0.000000000000000000, 3.491481338843133355E-15 ) ) ;
#6091 = EDGE_LOOP ( 'NONE', ( #5150, #9543, #3344 ) ) ;
#6092 = ORIENTED_EDGE ( 'NONE', *, *, #10132, .T. ) ;
#6093 = ORIENTED_EDGE ( 'NONE', *, *, #1617, .F. ) ;
#6094 = CARTESIAN_POINT ( 'NONE',  ( -10.49999999999999822, -13.00000000000000178, 8.561999999999995836 ) ) ;
#6095 = AXIS2_PLACEMENT_3D ( 'NONE', #6172, #3690, #4539 ) ;
#6096 = ORIENTED_EDGE ( 'NONE', *, *, #11645, .F. ) ;
#6097 = VECTOR ( 'NONE', #8693, 1000.000000000000000 ) ;
#6098 = EDGE_CURVE ( 'NONE', #7402, #631, #7211, .T. ) ;
#6099 = DIRECTION ( 'NONE',  ( 0.000000000000000000, 0.000000000000000000, -1.000000000000000000 ) ) ;
#6100 = DIRECTION ( 'NONE',  ( 0.7071067811866064146, 0.000000000000000000, 0.7071067811864886199 ) ) ;
#6101 = DIRECTION ( 'NONE',  ( -3.469446951953614189E-15, 0.000000000000000000, -1.000000000000000000 ) ) ;
#6102 = VECTOR ( 'NONE', #3921, 1000.000000000000000 ) ;
#6103 = VECTOR ( 'NONE', #8200, 1000.000000000000000 ) ;
#6104 = DIRECTION ( 'NONE',  ( 0.000000000000000000, 0.000000000000000000, 1.000000000000000000 ) ) ;
#6105 = FACE_OUTER_BOUND ( 'NONE', #1342, .T. ) ;
#6106 = ORIENTED_EDGE ( 'NONE', *, *, #11839, .T. ) ;
#6107 = LINE ( 'NONE', #1502, #5358 ) ;
#6108 = ORIENTED_EDGE ( 'NONE', *, *, #10610, .F. ) ;
#6109 = ORIENTED_EDGE ( 'NONE', *, *, #7299, .T. ) ;
#6110 = CARTESIAN_POINT ( 'NONE',  ( 35.97336761991959975, -5.092893069001402928, 42.00000000000000711 ) ) ;
#6111 = EDGE_LOOP ( 'NONE', ( #11667, #9617 ) ) ;
#6112 = AXIS2_PLACEMENT_3D ( 'NONE', #3972, #10365, #399 ) ;
#6113 = DIRECTION ( 'NONE',  ( 0.000000000000000000, -0.000000000000000000, 1.000000000000000000 ) ) ;
#6114 = EDGE_CURVE ( 'NONE', #3804, #2478, #1548, .T. ) ;
#6115 = CARTESIAN_POINT ( 'NONE',  ( -38.65212683856079678, -5.180412682470718622, -42.00000000000000711 ) ) ;
#6116 = DIRECTION ( 'NONE',  ( 1.000000000000000000, 0.000000000000000000, 0.000000000000000000 ) ) ;
#6117 = CARTESIAN_POINT ( 'NONE',  ( -35.98116564824083952, -8.319675267605134650, -44.48600144702241721 ) ) ;
#6118 = DIRECTION ( 'NONE',  ( 1.387778780781445676E-16, 0.000000000000000000, 1.000000000000000000 ) ) ;
#6119 = LINE ( 'NONE', #732, #6946 ) ;
#6120 = CIRCLE ( 'NONE', #10150, 1.000000000000000888 ) ;
#6121 = CIRCLE ( 'NONE', #10918, 2.000000000000000000 ) ;
#6122 = ORIENTED_EDGE ( 'NONE', *, *, #8214, .T. ) ;
#6123 = ORIENTED_EDGE ( 'NONE', *, *, #3126, .T. ) ;
#6124 = VECTOR ( 'NONE', #2937, 1000.000000000000000 ) ;
#6125 = EDGE_CURVE ( 'NONE', #2615, #6549, #8890, .T. ) ;
#6126 = ORIENTED_EDGE ( 'NONE', *, *, #2242, .F. ) ;
#6127 = AXIS2_PLACEMENT_3D ( 'NONE', #5814, #312, #5996 ) ;
#6128 = ADVANCED_FACE ( 'NONE', ( #10147 ), #2793, .F. ) ;
#6129 = CARTESIAN_POINT ( 'NONE',  ( 49.00000000000000711, 1.000000000000000000, 49.99999999999999289 ) ) ;
#6130 = CARTESIAN_POINT ( 'NONE',  ( 41.25678927214563885, -5.157756678390089888, -42.00000000000000711 ) ) ;
#6131 = FACE_OUTER_BOUND ( 'NONE', #11172, .T. ) ;
#6132 = CARTESIAN_POINT ( 'NONE',  ( 49.58578643762690774, 0.9999999999999997780, -41.50000000000017053 ) ) ;
#6133 = FACE_BOUND ( 'NONE', #6752, .T. ) ;
#6134 = DIRECTION ( 'NONE',  ( 0.000000000000000000, -1.000000000000000000, 0.000000000000000000 ) ) ;
#6135 = ORIENTED_EDGE ( 'NONE', *, *, #3918, .T. ) ;
#6136 = ORIENTED_EDGE ( 'NONE', *, *, #1046, .F. ) ;
#6137 = ORIENTED_EDGE ( 'NONE', *, *, #678, .T. ) ;
#6138 = VERTEX_POINT ( 'NONE', #6479 ) ;
#6139 = VERTEX_POINT ( 'NONE', #9062 ) ;
#6140 = EDGE_CURVE ( 'NONE', #5960, #5684, #1882, .T. ) ;
#6141 = CARTESIAN_POINT ( 'NONE',  ( 32.79907338497354630, -9.854865664144826454, 42.00000000000000711 ) ) ;
#6142 = CARTESIAN_POINT ( 'NONE',  ( 43.50000000000038369, -3.199999999999999734, 35.74999999999938893 ) ) ;
#6143 = LINE ( 'NONE', #7841, #1598 ) ;
#6144 = DIRECTION ( 'NONE',  ( 0.000000000000000000, 0.000000000000000000, -1.000000000000000000 ) ) ;
#6145 = LINE ( 'NONE', #1366, #10278 ) ;
#6146 = CARTESIAN_POINT ( 'NONE',  ( 48.99999999999999289, 1.000000000000000000, -41.50000000000017764 ) ) ;
#6147 = DIRECTION ( 'NONE',  ( 0.000000000000000000, 1.000000000000000000, 0.000000000000000000 ) ) ;
#6148 = ORIENTED_EDGE ( 'NONE', *, *, #11080, .T. ) ;
#6149 = VERTEX_POINT ( 'NONE', #9242 ) ;
#6150 = ORIENTED_EDGE ( 'NONE', *, *, #5192, .F. ) ;
#6151 = DIRECTION ( 'NONE',  ( 8.953411488912536510E-15, 0.000000000000000000, 1.000000000000000000 ) ) ;
#6152 = CLOSED_SHELL ( 'NONE', ( #8925, #9470, #3186, #2545, #6362, #1866, #7540, #5639, #7888, #6745, #744, #8185, #5812, #9735, #7152, #8364, #8635, #11057, #7227, #1346, #6200, #1986, #11233, #6128, #11517, #2792, #5402, #783, #5476, #3032, #830, #5336, #2425, #4597, #327, #7700, #6082, #7967, #7616, #11671, #3333, #6225, #3794, #5020, #7368, #6901, #7176, #5110, #11706, #1639, #582, #7031, #5841, #3509, #3335, #9579, #2316, #6057, #10341, #3948, #1411, #4234, #8036, #2235, #8256, #2245, #2003, #5842, #1200, #10840, #6450, #5578, #1574, #8791, #9284, #6678, #2803, #11293, #10240, #85, #10172, #5861, #11597, #1671, #3869, #2505, #2601, #6986, #6070, #1054, #11717, #4165, #240, #9758, #4353, #5896, #1865, #9148, #667, #9006, #11555, #10314, #10531, #4751, #11508, #1333, #10917, #10286, #8843, #3931, #5405, #1695, #177, #10324, #8882, #8413, #5554, #9344, #694, #2587, #5084, #3411, #3492, #5114, #7687, #10383, #11744, #1030, #251, #7078, #5445, #4442, #2361, #7711, #2046, #4020, #8380, #4607, #1060, #8869, #4053, #9377, #3348, #2539, #9061, #4984, #5755, #205, #8068, #6285, #1112, #5828, #10188, #516, #4753, #10982, #4136, #11870, #7112, #9137, #2015, #1345, #10026, #10973, #1787, #10641, #1213, #815, #4500, #7864, #7642, #390, #6858, #4486, #9815, #420, #9092, #10048, #11138, #2672, #8123, #10643, #6063, #1897, #8472, #5432, #11583, #5993, #7553, #4100, #9352, #11730, #5874, #9870, #60, #9314, #3267, #9388, #10587, #10160, #8742, #3535, #2982, #7323, #25, #10561, #3617, #3880, #2616, #4428, #1817, #10543, #3108, #4871, #10424, #8736, #4938, #10073, #5458, #2671, #1399, #8397, #378, #758, #6520, #1941, #7121, #6085, #5315, #7257, #2207, #5126, #547, #7017, #4741, #1698, #186, #6558, #7398, #11652, #11276, #1748, #969, #8516, #160, #10849, #3202, #4337, #4424, #4635, #10426, #2318, #6504, #10480, #5377, #10693, #4815, #8044, #751, #4567, #2054, #172, #2507, #3059, #10826, #1909, #6492, #3439, #11884, #2099, #2741, #6911, #10167, #8139, #3790, #1629, #3973, #9951, #9230, #7487, #10931, #10257, #1407, #11797, #8994, #10362, #11479, #9538, #6350, #9594, #314, #3694, #9444, #7144, #11156, #6021, #2819, #1730, #436, #4712, #4954, #1201, #10720, #7493, #1131, #9606, #7003, #2865, #3207, #6815, #796, #6282, #9681, #4280, #4236, #1051, #6336, #1517, #3613, #9531, #6407, #10625, #3640, #2172, #9233, #7837, #8818, #1685, #5593, #503, #2088, #11152, #8912, #6575, #4438, #542, #1712, #532, #2090, #1395, #4216, #2374, #11423, #10356, #5314, #8592, #2460, #6649, #6369, #954, #9953, #3724 ) ) ;
#6153 = ORIENTED_EDGE ( 'NONE', *, *, #1332, .T. ) ;
#6154 = EDGE_CURVE ( 'NONE', #3489, #4666, #5607, .T. ) ;
#6155 = EDGE_CURVE ( 'NONE', #2581, #9118, #6784, .T. ) ;
#6156 = CYLINDRICAL_SURFACE ( 'NONE', #8498, 1.000000000000000888 ) ;
#6157 = CARTESIAN_POINT ( 'NONE',  ( -41.99999999999820943, -5.000000000000000000, 21.49897948556553118 ) ) ;
#6158 = LINE ( 'NONE', #9823, #10144 ) ;
#6159 = CARTESIAN_POINT ( 'NONE',  ( -10.50000000000000178, -10.53089257130205780, 19.30840484714764571 ) ) ;
#6160 = DIRECTION ( 'NONE',  ( 0.000000000000000000, -1.000000000000000000, 0.000000000000000000 ) ) ;
#6161 = FACE_OUTER_BOUND ( 'NONE', #8388, .T. ) ;
#6162 = ORIENTED_EDGE ( 'NONE', *, *, #6971, .T. ) ;
#6163 = CARTESIAN_POINT ( 'NONE',  ( -41.25874641798363029, -8.066893300826482260, 48.00000000000001421 ) ) ;
#6164 = ORIENTED_EDGE ( 'NONE', *, *, #11713, .T. ) ;
#6165 = ORIENTED_EDGE ( 'NONE', *, *, #2347, .F. ) ;
#6166 = DIRECTION ( 'NONE',  ( 1.040834085586084257E-14, 0.000000000000000000, 1.000000000000000000 ) ) ;
#6167 = ORIENTED_EDGE ( 'NONE', *, *, #4651, .T. ) ;
#6168 = FACE_OUTER_BOUND ( 'NONE', #10068, .T. ) ;
#6169 = CARTESIAN_POINT ( 'NONE',  ( -35.86487662484272221, -7.922706673215031969, -42.00000000000001421 ) ) ;
#6170 = DIRECTION ( 'NONE',  ( -1.000000000000000000, 0.000000000000000000, 0.000000000000000000 ) ) ;
#6171 = CARTESIAN_POINT ( 'NONE',  ( -35.93272957648670740, -14.78774434986896935, -44.36132305184030145 ) ) ;
#6172 = CARTESIAN_POINT ( 'NONE',  ( 47.99999999999968026, -0.1999999999999999833, -31.30000000000033467 ) ) ;
#6173 = LINE ( 'NONE', #1636, #4166 ) ;
#6174 = AXIS2_PLACEMENT_3D ( 'NONE', #1694, #58, #4604 ) ;
#6175 = VERTEX_POINT ( 'NONE', #2855 ) ;
#6176 = ORIENTED_EDGE ( 'NONE', *, *, #4339, .T. ) ;
#6177 = CIRCLE ( 'NONE', #6363, 2.349999999999997868 ) ;
#6178 = ORIENTED_EDGE ( 'NONE', *, *, #9094, .T. ) ;
#6179 = FACE_BOUND ( 'NONE', #9559, .T. ) ;
#6180 = LINE ( 'NONE', #4370, #9711 ) ;
#6181 = CARTESIAN_POINT ( 'NONE',  ( -40.00000000000000711, -9.000000000000001776, -42.80000000000001137 ) ) ;
#6182 = CARTESIAN_POINT ( 'NONE',  ( 31.29999999999983373, -0.1999999999999999833, 48.00000000000000711 ) ) ;
#6183 = VECTOR ( 'NONE', #3464, 1000.000000000000000 ) ;
#6184 = LINE ( 'NONE', #7099, #6796 ) ;
#6185 = CARTESIAN_POINT ( 'NONE',  ( -10.49999999999999822, -3.245484173820934792, -28.47877583157827530 ) ) ;
#6186 = ORIENTED_EDGE ( 'NONE', *, *, #6258, .T. ) ;
#6187 = VERTEX_POINT ( 'NONE', #6418 ) ;
#6188 = ORIENTED_EDGE ( 'NONE', *, *, #6045, .T. ) ;
#6189 = ORIENTED_EDGE ( 'NONE', *, *, #10958, .T. ) ;
#6190 = EDGE_CURVE ( 'NONE', #1543, #9118, #9125, .T. ) ;
#6191 = ORIENTED_EDGE ( 'NONE', *, *, #11206, .F. ) ;
#6192 = CIRCLE ( 'NONE', #8304, 2.349999999999997868 ) ;
#6193 = CIRCLE ( 'NONE', #3109, 2.349999999999997868 ) ;
#6194 = PLANE ( 'NONE',  #7848 ) ;
#6195 = VECTOR ( 'NONE', #9491, 1000.000000000000000 ) ;
#6196 = LINE ( 'NONE', #523, #965 ) ;
#6197 = CARTESIAN_POINT ( 'NONE',  ( 27.10000000000228226, -5.000000000000000000, -49.99999999999884182 ) ) ;
#6198 = DIRECTION ( 'NONE',  ( 0.000000000000000000, 1.000000000000000000, 0.000000000000000000 ) ) ;
#6199 = CARTESIAN_POINT ( 'NONE',  ( -32.15838837163495612, -7.200155741057210790, 41.99999999999999289 ) ) ;
#6200 = ADVANCED_FACE ( 'NONE', ( #6541 ), #9182, .T. ) ;
#6201 = EDGE_CURVE ( 'NONE', #5733, #3627, #2716, .T. ) ;
#6202 = CARTESIAN_POINT ( 'NONE',  ( 33.60381520819288426, -8.617058210385149408, -48.00000000000000000 ) ) ;
#6203 = FACE_OUTER_BOUND ( 'NONE', #2135, .T. ) ;
#6204 = ORIENTED_EDGE ( 'NONE', *, *, #2660, .F. ) ;
#6205 = EDGE_LOOP ( 'NONE', ( #11171, #10566 ) ) ;
#6206 = EDGE_CURVE ( 'NONE', #5547, #67, #9009, .T. ) ;
#6207 = AXIS2_PLACEMENT_3D ( 'NONE', #11339, #3874, #9291 ) ;
#6208 = ORIENTED_EDGE ( 'NONE', *, *, #1720, .F. ) ;
#6209 = AXIS2_PLACEMENT_3D ( 'NONE', #10153, #8477, #199 ) ;
#6210 = DIRECTION ( 'NONE',  ( -0.000000000000000000, -0.000000000000000000, -1.000000000000000000 ) ) ;
#6211 = ORIENTED_EDGE ( 'NONE', *, *, #7038, .F. ) ;
#6212 = DIRECTION ( 'NONE',  ( -1.396592535537253342E-14, -0.000000000000000000, -1.000000000000000000 ) ) ;
#6213 = CIRCLE ( 'NONE', #8531, 1.100000000000001199 ) ;
#6214 = CARTESIAN_POINT ( 'NONE',  ( -50.00000000000012079, 1.000000000000000000, -31.29999999999966320 ) ) ;
#6215 = CARTESIAN_POINT ( 'NONE',  ( 47.99999999999957367, -1.000000000000000000, -41.50000000000033396 ) ) ;
#6216 = EDGE_CURVE ( 'NONE', #9748, #9342, #4854, .T. ) ;
#6217 = VECTOR ( 'NONE', #4502, 1000.000000000000000 ) ;
#6218 = CARTESIAN_POINT ( 'NONE',  ( -29.72614385180519747, -7.976614113461312883, -42.00000000000000711 ) ) ;
#6219 = LINE ( 'NONE', #9944, #6682 ) ;
#6220 = CARTESIAN_POINT ( 'NONE',  ( 48.99999999999999289, 1.000000000000000000, -42.50000000000017764 ) ) ;
#6221 = VERTEX_POINT ( 'NONE', #971 ) ;
#6222 = VERTEX_POINT ( 'NONE', #69 ) ;
#6223 = VERTEX_POINT ( 'NONE', #3764 ) ;
#6224 = CARTESIAN_POINT ( 'NONE',  ( -38.10000000000044906, -3.199999999999999734, -43.49999999999947420 ) ) ;
#6225 = ADVANCED_FACE ( 'NONE', ( #5331 ), #8166, .F. ) ;
#6226 = ORIENTED_EDGE ( 'NONE', *, *, #6972, .T. ) ;
#6227 = AXIS2_PLACEMENT_3D ( 'NONE', #3750, #5494, #6527 ) ;
#6228 = CARTESIAN_POINT ( 'NONE',  ( -47.99999999999989342, 1.000000000000000000, 31.30000000000000071 ) ) ;
#6229 = EDGE_CURVE ( 'NONE', #6810, #963, #5815, .T. ) ;
#6230 = LINE ( 'NONE', #6344, #595 ) ;
#6231 = CARTESIAN_POINT ( 'NONE',  ( 40.44999999999983231, -3.199999999999999289, -43.50000000000001421 ) ) ;
#6232 = EDGE_CURVE ( 'NONE', #7054, #5208, #9489, .T. ) ;
#6233 = CARTESIAN_POINT ( 'NONE',  ( -36.06845830484493831, -8.175270738875831000, -44.66764878091360202 ) ) ;
#6234 = CARTESIAN_POINT ( 'NONE',  ( -42.49999999999948841, 1.000000000000000000, 48.99999999999999289 ) ) ;
#6235 = CARTESIAN_POINT ( 'NONE',  ( 45.80000000000062244, -3.499999999999999556, -24.70000000000199591 ) ) ;
#6236 = EDGE_CURVE ( 'NONE', #5514, #913, #6585, .T. ) ;
#6237 = VERTEX_POINT ( 'NONE', #5757 ) ;
#6238 = ORIENTED_EDGE ( 'NONE', *, *, #427, .T. ) ;
#6239 = STYLED_ITEM ( 'NONE', ( #6622 ), #8357 ) ;
#6240 = ORIENTED_EDGE ( 'NONE', *, *, #10930, .T. ) ;
#6241 = EDGE_CURVE ( 'NONE', #7567, #570, #3156, .T. ) ;
#6242 = LINE ( 'NONE', #4138, #6771 ) ;
#6243 = CARTESIAN_POINT ( 'NONE',  ( 31.62277660168379967, 1.000000000000000000, -7.500000000000004441 ) ) ;
#6244 = AXIS2_PLACEMENT_3D ( 'NONE', #858, #5332, #7095 ) ;
#6245 = FACE_OUTER_BOUND ( 'NONE', #6521, .T. ) ;
#6246 = DIRECTION ( 'NONE',  ( -1.000000000000000000, 0.000000000000000000, 0.000000000000000000 ) ) ;
#6247 = DIRECTION ( 'NONE',  ( 0.000000000000000000, -1.000000000000000000, 0.000000000000000000 ) ) ;
#6248 = CARTESIAN_POINT ( 'NONE',  ( -10.49999999999999822, -1.474789825563127987, -28.99630820879690773 ) ) ;
#6249 = ORIENTED_EDGE ( 'NONE', *, *, #6074, .T. ) ;
#6250 = ORIENTED_EDGE ( 'NONE', *, *, #3431, .T. ) ;
#6251 = VERTEX_POINT ( 'NONE', #8651 ) ;
#6252 = ORIENTED_EDGE ( 'NONE', *, *, #5913, .F. ) ;
#6253 = VERTEX_POINT ( 'NONE', #3888 ) ;
#6254 = VECTOR ( 'NONE', #11824, 1000.000000000000000 ) ;
#6255 = DIRECTION ( 'NONE',  ( 0.000000000000000000, 1.000000000000000000, 0.000000000000000000 ) ) ;
#6256 = DIRECTION ( 'NONE',  ( 2.952720810173286943E-15, 0.000000000000000000, 1.000000000000000000 ) ) ;
#6257 = DIRECTION ( 'NONE',  ( 4.476705744456268255E-15, 0.000000000000000000, -1.000000000000000000 ) ) ;
#6258 = EDGE_CURVE ( 'NONE', #2414, #5138, #2340, .T. ) ;
#6259 = CARTESIAN_POINT ( 'NONE',  ( 0.000000000000000000, -1.000000000000000000, 0.000000000000000000 ) ) ;
#6260 = CARTESIAN_POINT ( 'NONE',  ( -40.45587828773333428, -5.000000000000001776, 42.00000000000000711 ) ) ;
#6261 = DIRECTION ( 'NONE',  ( 0.4600512226161849738, -0.000000000000000000, 0.8878923766816300134 ) ) ;
#6262 = CARTESIAN_POINT ( 'NONE',  ( -30.67268738555791074, -8.606059653335966786, 41.99999999999999289 ) ) ;
#6263 = ORIENTED_EDGE ( 'NONE', *, *, #3081, .F. ) ;
#6264 = VERTEX_POINT ( 'NONE', #7694 ) ;
#6265 = ORIENTED_EDGE ( 'NONE', *, *, #6154, .T. ) ;
#6266 = FACE_OUTER_BOUND ( 'NONE', #10376, .T. ) ;
#6267 = EDGE_CURVE ( 'NONE', #2654, #964, #3040, .T. ) ;
#6268 = CARTESIAN_POINT ( 'NONE',  ( 37.50000000000000711, -15.00000000000000355, 38.54999999999999716 ) ) ;
#6269 = CARTESIAN_POINT ( 'NONE',  ( -39.46292598143706698, -11.46513029681491957, -48.00000000000000711 ) ) ;
#6270 = EDGE_CURVE ( 'NONE', #9659, #11610, #1034, .T. ) ;
#6271 = CARTESIAN_POINT ( 'NONE',  ( -16.59999999999738662, -1.000000000000000000, -50.00000000000000711 ) ) ;
#6272 = DIRECTION ( 'NONE',  ( -0.000000000000000000, 1.000000000000000000, -0.000000000000000000 ) ) ;
#6273 = AXIS2_PLACEMENT_3D ( 'NONE', #2359, #1444, #7073 ) ;
#6274 = CARTESIAN_POINT ( 'NONE',  ( -48.00000000000017053, -8.757296883640169227, -43.68976826548822601 ) ) ;
#6275 = CARTESIAN_POINT ( 'NONE',  ( 33.20049425325564840, -11.58459361271258814, 42.20630350617106075 ) ) ;
#6276 = CARTESIAN_POINT ( 'NONE',  ( 35.75560478550704602, -8.622857952362839029, -43.80069858361733992 ) ) ;
#6277 = ORIENTED_EDGE ( 'NONE', *, *, #9299, .T. ) ;
#6278 = ORIENTED_EDGE ( 'NONE', *, *, #4610, .T. ) ;
#6279 = EDGE_LOOP ( 'NONE', ( #9978, #776 ) ) ;
#6280 = LINE ( 'NONE', #11877, #490 ) ;
#6281 = EDGE_LOOP ( 'NONE', ( #1877, #7644, #9780, #9968 ) ) ;
#6282 = ADVANCED_FACE ( 'NONE', ( #6726 ), #11236, .T. ) ;
#6283 = CARTESIAN_POINT ( 'NONE',  ( 37.50000000000000711, -5.000000000000001776, 42.89999999999999147 ) ) ;
#6284 = AXIS2_PLACEMENT_3D ( 'NONE', #8505, #3859, #230 ) ;
#6285 = ADVANCED_FACE ( 'NONE', ( #9431 ), #4733, .T. ) ;
#6286 = CARTESIAN_POINT ( 'NONE',  ( -49.99999999999819522, -5.000000000000000000, -16.60000000000048459 ) ) ;
#6287 = CARTESIAN_POINT ( 'NONE',  ( 33.45094339622631452, -8.000000000000017764, 44.48985553414032523 ) ) ;
#6288 = FACE_OUTER_BOUND ( 'NONE', #9380, .T. ) ;
#6289 = CARTESIAN_POINT ( 'NONE',  ( -41.99999999999990763, -5.000000000000002665, 30.09999999999997655 ) ) ;
#6290 = CARTESIAN_POINT ( 'NONE',  ( -31.29999999999983373, -0.2000000000000000944, -50.00000000000000711 ) ) ;
#6291 = CARTESIAN_POINT ( 'NONE',  ( 0.000000000000000000, -1.000000000000000000, 32.50000000000000000 ) ) ;
#6292 = ORIENTED_EDGE ( 'NONE', *, *, #1760, .F. ) ;
#6293 = VERTEX_POINT ( 'NONE', #1157 ) ;
#6294 = EDGE_CURVE ( 'NONE', #3968, #8495, #10394, .T. ) ;
#6295 = AXIS2_PLACEMENT_3D ( 'NONE', #3125, #1127, #6817 ) ;
#6296 = CIRCLE ( 'NONE', #3985, 1.000000000000000888 ) ;
#6297 = EDGE_CURVE ( 'NONE', #8064, #950, #6193, .T. ) ;
#6298 = ORIENTED_EDGE ( 'NONE', *, *, #6663, .T. ) ;
#6299 = CARTESIAN_POINT ( 'NONE',  ( -42.00000000000015632, -1.000000000000001776, -41.49999999999968736 ) ) ;
#6300 = CARTESIAN_POINT ( 'NONE',  ( -48.99999999999999289, -1.000000000000000000, 49.99999999999999289 ) ) ;
#6301 = CIRCLE ( 'NONE', #8804, 1.100000000000000311 ) ;
#6302 = CARTESIAN_POINT ( 'NONE',  ( -10.49999999999999822, -1.000000000000000000, -26.01741685192440912 ) ) ;
#6303 = LINE ( 'NONE', #1764, #11309 ) ;
#6304 = CARTESIAN_POINT ( 'NONE',  ( 49.99999999999999289, 1.000000000000000000, -50.00000000000000711 ) ) ;
#6305 = AXIS2_PLACEMENT_3D ( 'NONE', #9393, #11317, #3784 ) ;
#6306 = CARTESIAN_POINT ( 'NONE',  ( -43.49999999999988631, -3.199999999999999289, 35.74999999999999289 ) ) ;
#6307 = VERTEX_POINT ( 'NONE', #131 ) ;
#6308 = ORIENTED_EDGE ( 'NONE', *, *, #7913, .T. ) ;
#6309 = ORIENTED_EDGE ( 'NONE', *, *, #3573, .F. ) ;
#6310 = EDGE_LOOP ( 'NONE', ( #1982, #8575, #949, #10713 ) ) ;
#6311 = AXIS2_PLACEMENT_3D ( 'NONE', #4271, #8017, #7959 ) ;
#6312 = CARTESIAN_POINT ( 'NONE',  ( -41.01209993723453096, -5.080347703060788866, -42.00000000000000711 ) ) ;
#6313 = DIRECTION ( 'NONE',  ( -1.000000000000000000, 0.000000000000000000, 1.047444401652940007E-14 ) ) ;
#6314 = DIRECTION ( 'NONE',  ( 0.000000000000000000, 1.000000000000000000, 0.000000000000000000 ) ) ;
#6315 = CARTESIAN_POINT ( 'NONE',  ( -40.00000000000000711, -15.00000000000000355, -40.45000000000001705 ) ) ;
#6316 = CARTESIAN_POINT ( 'NONE',  ( -31.97147687623691326, -7.909706892630207875, 42.00000000000000711 ) ) ;
#6317 = AXIS2_PLACEMENT_3D ( 'NONE', #2812, #7411, #7346 ) ;
#6318 = DIRECTION ( 'NONE',  ( 0.000000000000000000, 0.000000000000000000, -1.000000000000000000 ) ) ;
#6319 = CIRCLE ( 'NONE', #1110, 1.000000000000000888 ) ;
#6320 = CARTESIAN_POINT ( 'NONE',  ( -29.27110862855336748, -7.883273668075864826, 43.61435419247252554 ) ) ;
#6321 = ORIENTED_EDGE ( 'NONE', *, *, #5368, .T. ) ;
#6322 = VERTEX_POINT ( 'NONE', #4061 ) ;
#6323 = VERTEX_POINT ( 'NONE', #8411 ) ;
#6324 = DIRECTION ( 'NONE',  ( -1.000000000000000000, 0.000000000000000000, 1.047444401652940007E-14 ) ) ;
#6325 = EDGE_CURVE ( 'NONE', #3786, #6938, #10210, .T. ) ;
#6326 = CARTESIAN_POINT ( 'NONE',  ( -36.19999999999999574, -8.400000000000000355, 42.89999999999999147 ) ) ;
#6327 = VECTOR ( 'NONE', #4970, 1000.000000000000000 ) ;
#6328 = CARTESIAN_POINT ( 'NONE',  ( -41.49999999999914735, 1.000000000000000000, 48.99999999999999289 ) ) ;
#6329 = CARTESIAN_POINT ( 'NONE',  ( 48.00000000000017764, -17.19238815542524534, 47.99999999999969447 ) ) ;
#6330 = CARTESIAN_POINT ( 'NONE',  ( -45.80000000000062244, -3.499999999999999556, 24.69999999999800622 ) ) ;
#6331 = DIRECTION ( 'NONE',  ( -3.491481338843133750E-15, -0.000000000000000000, -1.000000000000000000 ) ) ;
#6332 = DIRECTION ( 'NONE',  ( -0.000000000000000000, -1.000000000000000000, -0.000000000000000000 ) ) ;
#6333 = DIRECTION ( 'NONE',  ( -1.035380933213193272E-16, 0.000000000000000000, 1.000000000000000000 ) ) ;
#6334 = CARTESIAN_POINT ( 'NONE',  ( 35.65644484899823397, -14.72207375812642915, -42.46243170559615265 ) ) ;
#6335 = ORIENTED_EDGE ( 'NONE', *, *, #4459, .F. ) ;
#6336 = ADVANCED_FACE ( 'NONE', ( #315 ), #3497, .F. ) ;
#6337 = ORIENTED_EDGE ( 'NONE', *, *, #3347, .T. ) ;
#6338 = EDGE_CURVE ( 'NONE', #5750, #1889, #9844, .T. ) ;
#6339 = ORIENTED_EDGE ( 'NONE', *, *, #3946, .F. ) ;
#6340 = DIRECTION ( 'NONE',  ( -0.000000000000000000, 0.000000000000000000, -1.000000000000000000 ) ) ;
#6341 = ORIENTED_EDGE ( 'NONE', *, *, #7190, .T. ) ;
#6342 = EDGE_CURVE ( 'NONE', #9045, #9586, #5223, .T. ) ;
#6343 = CARTESIAN_POINT ( 'NONE',  ( 10.49999999999999822, -13.00000178703044895, -16.14843605350760569 ) ) ;
#6344 = CARTESIAN_POINT ( 'NONE',  ( 48.00000000000033396, -0.1999999999999999833, 31.29999999999933635 ) ) ;
#6345 = CARTESIAN_POINT ( 'NONE',  ( 29.89066919103537145, -7.992826807218465390, 44.32192128175169188 ) ) ;
#6346 = DIRECTION ( 'NONE',  ( -0.000000000000000000, 1.000000000000000000, -0.000000000000000000 ) ) ;
#6347 = CARTESIAN_POINT ( 'NONE',  ( 27.09999999999983089, -5.000000000000000000, 50.00000000000000711 ) ) ;
#6348 = DIRECTION ( 'NONE',  ( 0.000000000000000000, 1.000000000000000000, 0.000000000000000000 ) ) ;
#6349 = CARTESIAN_POINT ( 'NONE',  ( -40.00000000000000000, -1.000000000000000000, 14.99999999999982059 ) ) ;
#6350 = ADVANCED_FACE ( 'NONE', ( #1278, #11412 ), #1942, .T. ) ;
#6351 = ORIENTED_EDGE ( 'NONE', *, *, #9507, .F. ) ;
#6352 = ORIENTED_EDGE ( 'NONE', *, *, #6377, .F. ) ;
#6353 = EDGE_CURVE ( 'NONE', #6872, #11435, #5038, .T. ) ;
#6354 = ORIENTED_EDGE ( 'NONE', *, *, #8633, .T. ) ;
#6355 = CARTESIAN_POINT ( 'NONE',  ( 38.14067097781588700, -5.357414700133745100, -42.00000000000000711 ) ) ;
#6356 = DIRECTION ( 'NONE',  ( 0.000000000000000000, 1.000000000000000000, 0.000000000000000000 ) ) ;
#6357 = AXIS2_PLACEMENT_3D ( 'NONE', #10621, #1887, #3588 ) ;
#6358 = FACE_OUTER_BOUND ( 'NONE', #8833, .T. ) ;
#6359 = CARTESIAN_POINT ( 'NONE',  ( -31.62277660168379967, -1.000000000000000000, -7.500000000000022204 ) ) ;
#6360 = LINE ( 'NONE', #9068, #610 ) ;
#6361 = DIRECTION ( 'NONE',  ( -4.625929269271486900E-15, 0.000000000000000000, -1.000000000000000000 ) ) ;
#6362 = ADVANCED_FACE ( 'NONE', ( #9609 ), #5262, .F. ) ;
#6363 = AXIS2_PLACEMENT_3D ( 'NONE', #400, #10303, #7840 ) ;
#6364 = CARTESIAN_POINT ( 'NONE',  ( 40.63809663583868570, -5.880666723050367750, 42.00000000000002132 ) ) ;
#6365 = ORIENTED_EDGE ( 'NONE', *, *, #9500, .T. ) ;
#6366 = ORIENTED_EDGE ( 'NONE', *, *, #9441, .T. ) ;
#6367 = VERTEX_POINT ( 'NONE', #6908 ) ;
#6368 = ORIENTED_EDGE ( 'NONE', *, *, #6974, .T. ) ;
#6369 = ADVANCED_FACE ( 'NONE', ( #6963 ), #7873, .F. ) ;
#6370 = EDGE_CURVE ( 'NONE', #10054, #8422, #493, .T. ) ;
#6371 = DIRECTION ( 'NONE',  ( -4.625929269271486900E-15, 0.000000000000000000, -1.000000000000000000 ) ) ;
#6372 = VECTOR ( 'NONE', #6945, 1000.000000000000000 ) ;
#6373 = DIRECTION ( 'NONE',  ( -0.7071067811864886199, 0.000000000000000000, 0.7071067811866064146 ) ) ;
#6374 = DIRECTION ( 'NONE',  ( 0.000000000000000000, 0.000000000000000000, 1.000000000000000000 ) ) ;
#6375 = CYLINDRICAL_SURFACE ( 'NONE', #10053, 1.550000000000002709 ) ;
#6376 = CARTESIAN_POINT ( 'NONE',  ( -31.94412171226666075, -8.400000000000002132, 42.00000000000000711 ) ) ;
#6377 = EDGE_CURVE ( 'NONE', #1388, #2225, #11647, .T. ) ;
#6378 = CARTESIAN_POINT ( 'NONE',  ( -40.00000000000000711, -15.00000000000000355, -42.80000000000001137 ) ) ;
#6379 = CARTESIAN_POINT ( 'NONE',  ( -31.94906013395508992, -11.38549728976409980, 41.97695598411010565 ) ) ;
#6380 = VERTEX_POINT ( 'NONE', #4356 ) ;
#6381 = ORIENTED_EDGE ( 'NONE', *, *, #10104, .F. ) ;
#6382 = ORIENTED_EDGE ( 'NONE', *, *, #8739, .F. ) ;
#6383 = CARTESIAN_POINT ( 'NONE',  ( 40.00000000000000711, -1.000000000000000000, -7.500000000000000000 ) ) ;
#6384 = AXIS2_PLACEMENT_3D ( 'NONE', #10598, #6026, #639 ) ;
#6385 = AXIS2_PLACEMENT_3D ( 'NONE', #8346, #10990, #6421 ) ;
#6386 = CARTESIAN_POINT ( 'NONE',  ( 29.84624481053862866, -7.989271411579871973, 42.76329441870685599 ) ) ;
#6387 = CARTESIAN_POINT ( 'NONE',  ( 0.000000000000000000, -10.00000000000000178, 0.000000000000000000 ) ) ;
#6388 = CARTESIAN_POINT ( 'NONE',  ( -47.19692464130405796, -8.356908126833303641, -48.00000000000001421 ) ) ;
#6389 = VECTOR ( 'NONE', #195, 1000.000000000000000 ) ;
#6390 = FACE_BOUND ( 'NONE', #474, .T. ) ;
#6391 = CARTESIAN_POINT ( 'NONE',  ( -48.00000000000050449, -1.000000000000000000, -47.99999999999936051 ) ) ;
#6392 = VECTOR ( 'NONE', #9729, 1000.000000000000000 ) ;
#6393 = VECTOR ( 'NONE', #9943, 1000.000000000000000 ) ;
#6394 = CARTESIAN_POINT ( 'NONE',  ( -45.80000000000062244, -5.000000000000000000, -24.69999999999800622 ) ) ;
#6395 = CARTESIAN_POINT ( 'NONE',  ( 10.50000000000000178, -10.53089257130205780, 19.30840484714764571 ) ) ;
#6396 = DIRECTION ( 'NONE',  ( -1.000000000000000000, 0.000000000000000000, 0.000000000000000000 ) ) ;
#6397 = ORIENTED_EDGE ( 'NONE', *, *, #3934, .T. ) ;
#6398 = ORIENTED_EDGE ( 'NONE', *, *, #11655, .T. ) ;
#6399 = ORIENTED_EDGE ( 'NONE', *, *, #9203, .T. ) ;
#6400 = CARTESIAN_POINT ( 'NONE',  ( -32.05000000000043769, -3.199999999999999289, -43.49999999999956657 ) ) ;
#6401 = VERTEX_POINT ( 'NONE', #10514 ) ;
#6402 = VECTOR ( 'NONE', #11617, 1000.000000000000000 ) ;
#6403 = VECTOR ( 'NONE', #4688, 1000.000000000000000 ) ;
#6404 = CARTESIAN_POINT ( 'NONE',  ( -24.69999999999738094, -3.499999999999999556, 45.79999999999864713 ) ) ;
#6405 = LINE ( 'NONE', #957, #7255 ) ;
#6406 = PLANE ( 'NONE',  #9905 ) ;
#6407 = ADVANCED_FACE ( 'NONE', ( #11531 ), #1572, .T. ) ;
#6408 = DIRECTION ( 'NONE',  ( 0.000000000000000000, 1.000000000000000000, 0.000000000000000000 ) ) ;
#6409 = CARTESIAN_POINT ( 'NONE',  ( 45.80000000000062244, -5.000000000000000000, -24.69999999999800622 ) ) ;
#6410 = CARTESIAN_POINT ( 'NONE',  ( 21.65063509461108993, 1.000000000000000000, -14.09999999999980425 ) ) ;
#6411 = AXIS2_PLACEMENT_3D ( 'NONE', #1702, #10027, #11058 ) ;
#6412 = VERTEX_POINT ( 'NONE', #5028 ) ;
#6413 = ORIENTED_EDGE ( 'NONE', *, *, #1830, .F. ) ;
#6414 = VECTOR ( 'NONE', #3899, 1000.000000000000000 ) ;
#6415 = ORIENTED_EDGE ( 'NONE', *, *, #11439, .T. ) ;
#6416 = CARTESIAN_POINT ( 'NONE',  ( -10.49999999999999822, -13.00000000000000178, -11.29999999999999893 ) ) ;
#6417 = EDGE_CURVE ( 'NONE', #10839, #9222, #3395, .T. ) ;
#6418 = CARTESIAN_POINT ( 'NONE',  ( -21.65063509461091584, -1.000000000000000000, -10.90000000000010338 ) ) ;
#6419 = FACE_OUTER_BOUND ( 'NONE', #8266, .T. ) ;
#6420 = EDGE_CURVE ( 'NONE', #6428, #9237, #6008, .T. ) ;
#6421 = DIRECTION ( 'NONE',  ( -0.000000000000000000, 0.000000000000000000, -1.000000000000000000 ) ) ;
#6422 = CARTESIAN_POINT ( 'NONE',  ( -41.50000000000000711, 0.000000000000000000, -49.00000000000000711 ) ) ;
#6423 = CARTESIAN_POINT ( 'NONE',  ( -38.09999999999983800, -3.199999999999999734, 43.50000000000001421 ) ) ;
#6424 = CARTESIAN_POINT ( 'NONE',  ( 10.49999999999999822, -9.970060417065823799, -13.39989883333887732 ) ) ;
#6425 = CIRCLE ( 'NONE', #7595, 2.349999999999997868 ) ;
#6426 = DIRECTION ( 'NONE',  ( -1.000000000000000000, 0.000000000000000000, -0.000000000000000000 ) ) ;
#6427 = VERTEX_POINT ( 'NONE', #671 ) ;
#6428 = VERTEX_POINT ( 'NONE', #10691 ) ;
#6429 = EDGE_LOOP ( 'NONE', ( #9220, #1123, #10929, #9265 ) ) ;
#6430 = VERTEX_POINT ( 'NONE', #10632 ) ;
#6431 = VECTOR ( 'NONE', #11204, 1000.000000000000000 ) ;
#6432 = CARTESIAN_POINT ( 'NONE',  ( 45.80000000000062244, -3.499999999999999556, 24.69999999999800622 ) ) ;
#6433 = AXIS2_PLACEMENT_3D ( 'NONE', #7326, #10989, #2733 ) ;
#6434 = EDGE_CURVE ( 'NONE', #5500, #1028, #11024, .T. ) ;
#6435 = CARTESIAN_POINT ( 'NONE',  ( -0.9915419531855784729, -7.025427366961798370, 23.71945635771358951 ) ) ;
#6436 = DIRECTION ( 'NONE',  ( 0.000000000000000000, 0.000000000000000000, 1.000000000000000000 ) ) ;
#6437 = CARTESIAN_POINT ( 'NONE',  ( -39.06075043597945040, -5.676101925916055002, 42.00000000000000711 ) ) ;
#6438 = AXIS2_PLACEMENT_3D ( 'NONE', #9413, #1984, #4830 ) ;
#6439 = DIRECTION ( 'NONE',  ( 0.000000000000000000, -1.000000000000000000, 0.000000000000000000 ) ) ;
#6440 = CIRCLE ( 'NONE', #10287, 2.349999999999997868 ) ;
#6441 = CARTESIAN_POINT ( 'NONE',  ( 30.13681086057862046, -8.000000000000001776, -48.00000000000000711 ) ) ;
#6442 = CARTESIAN_POINT ( 'NONE',  ( -29.34138224294066077, -7.902498768074591062, 41.21305748820122972 ) ) ;
#6443 = ORIENTED_EDGE ( 'NONE', *, *, #5928, .T. ) ;
#6444 = EDGE_LOOP ( 'NONE', ( #3407, #6240, #5767, #7964 ) ) ;
#6445 = AXIS2_PLACEMENT_3D ( 'NONE', #3282, #7695, #5029 ) ;
#6446 = EDGE_LOOP ( 'NONE', ( #1802, #8307, #11318, #7428 ) ) ;
#6447 = FACE_OUTER_BOUND ( 'NONE', #4771, .T. ) ;
#6448 = EDGE_CURVE ( 'NONE', #2017, #4118, #10209, .T. ) ;
#6449 = CARTESIAN_POINT ( 'NONE',  ( 33.17338917813328436, -11.58052792791352736, 42.40212259809997164 ) ) ;
#6450 = ADVANCED_FACE ( 'NONE', ( #5199 ), #8943, .F. ) ;
#6451 = FACE_OUTER_BOUND ( 'NONE', #7189, .T. ) ;
#6452 = CARTESIAN_POINT ( 'NONE',  ( -34.42311057742125513, -8.979342275273818785, -48.00000000000000711 ) ) ;
#6453 = AXIS2_PLACEMENT_3D ( 'NONE', #1422, #6876, #2276 ) ;
#6454 = EDGE_CURVE ( 'NONE', #5949, #2372, #6230, .T. ) ;
#6455 = DIRECTION ( 'NONE',  ( 1.000000000000000000, -0.000000000000000000, -3.491481338843133355E-15 ) ) ;
#6456 = FACE_OUTER_BOUND ( 'NONE', #11653, .T. ) ;
#6457 = FACE_BOUND ( 'NONE', #718, .T. ) ;
#6458 = CARTESIAN_POINT ( 'NONE',  ( -29.94451117010653363, -8.000000000000268230, -46.94927304697391435 ) ) ;
#6459 = CARTESIAN_POINT ( 'NONE',  ( 29.71398576359457522, -7.975064876170153916, -43.16822940124463770 ) ) ;
#6460 = VERTEX_POINT ( 'NONE', #5318 ) ;
#6461 = ORIENTED_EDGE ( 'NONE', *, *, #6904, .F. ) ;
#6462 = VERTEX_POINT ( 'NONE', #6637 ) ;
#6463 = CARTESIAN_POINT ( 'NONE',  ( 41.49999999999954525, -1.000000000000000000, -42.00000000000029843 ) ) ;
#6464 = ORIENTED_EDGE ( 'NONE', *, *, #5681, .F. ) ;
#6465 = DIRECTION ( 'NONE',  ( -0.000000000000000000, -1.000000000000000000, -0.000000000000000000 ) ) ;
#6466 = DIRECTION ( 'NONE',  ( 0.000000000000000000, -1.000000000000000000, 0.000000000000000000 ) ) ;
#6467 = CARTESIAN_POINT ( 'NONE',  ( 50.00000000000064659, -5.000000000000000000, 27.10000000000163922 ) ) ;
#6468 = DIRECTION ( 'NONE',  ( -0.000000000000000000, -0.000000000000000000, 1.000000000000000000 ) ) ;
#6469 = DIRECTION ( 'NONE',  ( 1.000000000000000000, 0.000000000000000000, 0.000000000000000000 ) ) ;
#6470 = LINE ( 'NONE', #3815, #7856 ) ;
#6471 = EDGE_LOOP ( 'NONE', ( #10391, #10403, #2198, #111 ) ) ;
#6472 = ORIENTED_EDGE ( 'NONE', *, *, #4833, .T. ) ;
#6473 = ORIENTED_EDGE ( 'NONE', *, *, #8270, .F. ) ;
#6474 = AXIS2_PLACEMENT_3D ( 'NONE', #10635, #4976, #1338 ) ;
#6475 = EDGE_CURVE ( 'NONE', #8236, #8468, #7537, .T. ) ;
#6476 = VECTOR ( 'NONE', #9475, 1000.000000000000000 ) ;
#6477 = ORIENTED_EDGE ( 'NONE', *, *, #5686, .T. ) ;
#6478 = CARTESIAN_POINT ( 'NONE',  ( -41.99999999999991473, -5.000000000000002665, 27.09999999999997655 ) ) ;
#6479 = CARTESIAN_POINT ( 'NONE',  ( 12.50000000000000000, -13.00000000000000178, 7.461999999999994415 ) ) ;
#6480 = CARTESIAN_POINT ( 'NONE',  ( -49.00000000000000711, -1.000000000000000000, -49.00000000000000711 ) ) ;
#6481 = DIRECTION ( 'NONE',  ( 0.000000000000000000, 0.000000000000000000, -1.000000000000000000 ) ) ;
#6482 = DIRECTION ( 'NONE',  ( 0.000000000000000000, 0.000000000000000000, 1.000000000000000000 ) ) ;
#6483 = DIRECTION ( 'NONE',  ( 1.181088324069316513E-14, 0.000000000000000000, 1.000000000000000000 ) ) ;
#6484 = LINE ( 'NONE', #1162, #9820 ) ;
#6485 = CIRCLE ( 'NONE', #7063, 4.349999999999999645 ) ;
#6486 = AXIS2_PLACEMENT_3D ( 'NONE', #4960, #4049, #7739 ) ;
#6487 = EDGE_LOOP ( 'NONE', ( #4321, #5989, #5624 ) ) ;
#6488 = ORIENTED_EDGE ( 'NONE', *, *, #8455, .T. ) ;
#6489 = EDGE_LOOP ( 'NONE', ( #6461, #3362, #10538, #9071, #7157, #2973, #530, #4042 ) ) ;
#6490 = VERTEX_POINT ( 'NONE', #7258 ) ;
#6491 = EDGE_CURVE ( 'NONE', #634, #7337, #791, .T. ) ;
#6492 = ADVANCED_FACE ( 'NONE', ( #2948 ), #10013, .F. ) ;
#6493 = CARTESIAN_POINT ( 'NONE',  ( -47.99999999999990763, -0.1999999999999999833, 27.09999999999999787 ) ) ;
#6494 = AXIS2_PLACEMENT_3D ( 'NONE', #2234, #300, #4048 ) ;
#6495 = PLANE ( 'NONE',  #4847 ) ;
#6496 = CARTESIAN_POINT ( 'NONE',  ( -36.54999999999913740, -3.199999999999999734, 50.00000000000165556 ) ) ;
#6497 = CYLINDRICAL_SURFACE ( 'NONE', #3900, 2.349999999999997868 ) ;
#6498 = CARTESIAN_POINT ( 'NONE',  ( -36.19999999999999574, -15.00000000000000355, 42.89999999999999147 ) ) ;
#6499 = CARTESIAN_POINT ( 'NONE',  ( 40.00000000000000711, -15.00000000000000355, -42.80000000000001137 ) ) ;
#6500 = LINE ( 'NONE', #10050, #1480 ) ;
#6501 = ORIENTED_EDGE ( 'NONE', *, *, #7957, .T. ) ;
#6502 = ORIENTED_EDGE ( 'NONE', *, *, #4818, .F. ) ;
#6503 = AXIS2_PLACEMENT_3D ( 'NONE', #8799, #528, #7900 ) ;
#6504 = ADVANCED_FACE ( 'NONE', ( #8997 ), #2543, .F. ) ;
#6505 = EDGE_LOOP ( 'NONE', ( #11948, #11799 ) ) ;
#6506 = DIRECTION ( 'NONE',  ( 0.000000000000000000, 0.000000000000000000, 1.000000000000000000 ) ) ;
#6507 = CIRCLE ( 'NONE', #1292, 2.350000000000001421 ) ;
#6508 = EDGE_CURVE ( 'NONE', #2119, #10522, #7551, .T. ) ;
#6509 = CARTESIAN_POINT ( 'NONE',  ( -50.00000000000000000, -5.000000000000000000, 16.59999999999918785 ) ) ;
#6510 = CARTESIAN_POINT ( 'NONE',  ( -43.49999999999987921, -3.199999999999999734, 38.09999999999998721 ) ) ;
#6511 = CARTESIAN_POINT ( 'NONE',  ( -40.66439801464894543, -11.43822231931832611, -47.99999999999999289 ) ) ;
#6512 = VECTOR ( 'NONE', #11918, 1000.000000000000000 ) ;
#6513 = LINE ( 'NONE', #7538, #6431 ) ;
#6514 = CARTESIAN_POINT ( 'NONE',  ( 41.49999999999983658, -7.120351610792805985, 42.00000000000000711 ) ) ;
#6515 = FACE_OUTER_BOUND ( 'NONE', #8482, .T. ) ;
#6516 = DIRECTION ( 'NONE',  ( 1.000000000000000000, -0.000000000000000000, 4.336808689942025625E-16 ) ) ;
#6517 = CARTESIAN_POINT ( 'NONE',  ( 35.68163290817727784, -14.73075416748544519, -42.22236162831780604 ) ) ;
#6518 = ORIENTED_EDGE ( 'NONE', *, *, #9619, .F. ) ;
#6519 = ORIENTED_EDGE ( 'NONE', *, *, #1614, .F. ) ;
#6521 = EDGE_LOOP ( 'NONE', ( #10969, #8235, #63, #7705, #5856 ) ) ;
#6520 = ADVANCED_FACE ( 'NONE', ( #726, #5725 ), #11203, .T. ) ;
#6522 = DIRECTION ( 'NONE',  ( -1.000000000000000000, -0.000000000000000000, 3.491481338843133355E-15 ) ) ;
#6523 = VERTEX_POINT ( 'NONE', #4821 ) ;
#6524 = CIRCLE ( 'NONE', #4983, 2.349999999999997868 ) ;
#6525 = EDGE_CURVE ( 'NONE', #2801, #7591, #8502, .T. ) ;
#6526 = EDGE_CURVE ( 'NONE', #810, #7518, #2161, .T. ) ;
#6527 = DIRECTION ( 'NONE',  ( -1.000000000000000000, 0.000000000000000000, 0.000000000000000000 ) ) ;
#6528 = CARTESIAN_POINT ( 'NONE',  ( 41.49999999999983658, 1.000000000000000000, 48.00000000000000711 ) ) ;
#6529 = DIRECTION ( 'NONE',  ( 0.000000000000000000, 1.000000000000000000, 0.000000000000000000 ) ) ;
#6530 = FACE_OUTER_BOUND ( 'NONE', #7321, .T. ) ;
#6531 = CARTESIAN_POINT ( 'NONE',  ( 10.50000000000000000, -13.00000000000000178, 7.461999999999994415 ) ) ;
#6532 = CARTESIAN_POINT ( 'NONE',  ( -41.99999999999995026, -1.000000000000000000, 16.59999999999917364 ) ) ;
#6533 = DIRECTION ( 'NONE',  ( -1.000000000000000000, 0.000000000000000000, 3.491481338843133355E-15 ) ) ;
#6534 = ORIENTED_EDGE ( 'NONE', *, *, #11238, .F. ) ;
#6535 = ORIENTED_EDGE ( 'NONE', *, *, #9983, .T. ) ;
#6536 = ORIENTED_EDGE ( 'NONE', *, *, #908, .F. ) ;
#6537 = ORIENTED_EDGE ( 'NONE', *, *, #8862, .F. ) ;
#6538 = VECTOR ( 'NONE', #3490, 1000.000000000000000 ) ;
#6539 = EDGE_LOOP ( 'NONE', ( #3944, #4088, #2517, #8717, #1457 ) ) ;
#6540 = DIRECTION ( 'NONE',  ( 1.000000000000000000, -0.000000000000000000, -1.047444401652940007E-14 ) ) ;
#6541 = FACE_OUTER_BOUND ( 'NONE', #4248, .T. ) ;
#6542 = DIRECTION ( 'NONE',  ( 0.000000000000000000, 0.000000000000000000, -1.000000000000000000 ) ) ;
#6543 = DIRECTION ( 'NONE',  ( 0.000000000000000000, 0.000000000000000000, 1.000000000000000000 ) ) ;
#6544 = LINE ( 'NONE', #5818, #518 ) ;
#6545 = DIRECTION ( 'NONE',  ( -1.000000000000000000, -0.000000000000000000, 1.047444401652940007E-14 ) ) ;
#6546 = CARTESIAN_POINT ( 'NONE',  ( 10.49999999999999822, -10.00000103396229179, -15.77848288404054244 ) ) ;
#6547 = AXIS2_PLACEMENT_3D ( 'NONE', #3881, #5749, #8529 ) ;
#6548 = VERTEX_POINT ( 'NONE', #2885 ) ;
#6549 = VERTEX_POINT ( 'NONE', #9957 ) ;
#6550 = VERTEX_POINT ( 'NONE', #3855 ) ;
#6551 = ORIENTED_EDGE ( 'NONE', *, *, #2126, .T. ) ;
#6552 = VECTOR ( 'NONE', #11288, 1000.000000000000000 ) ;
#6553 = DIRECTION ( 'NONE',  ( 0.000000000000000000, 0.000000000000000000, 1.000000000000000000 ) ) ;
#6554 = FACE_OUTER_BOUND ( 'NONE', #10592, .T. ) ;
#6555 = DIRECTION ( 'NONE',  ( 8.953411488912536510E-15, 0.000000000000000000, 1.000000000000000000 ) ) ;
#6556 = DIRECTION ( 'NONE',  ( -0.000000000000000000, 1.000000000000000000, -0.000000000000000000 ) ) ;
#6557 = DIRECTION ( 'NONE',  ( -0.000000000000000000, -0.000000000000000000, -1.000000000000000000 ) ) ;
#6558 = ADVANCED_FACE ( 'NONE', ( #9898 ), #4763, .F. ) ;
#6559 = DIRECTION ( 'NONE',  ( -0.000000000000000000, 1.000000000000000000, -0.000000000000000000 ) ) ;
#6560 = CARTESIAN_POINT ( 'NONE',  ( -31.94412171226666075, -11.38313153259664290, 42.00000000000000711 ) ) ;
#6561 = ORIENTED_EDGE ( 'NONE', *, *, #1831, .F. ) ;
#6562 = ORIENTED_EDGE ( 'NONE', *, *, #444, .T. ) ;
#6563 = ORIENTED_EDGE ( 'NONE', *, *, #755, .T. ) ;
#6564 = CARTESIAN_POINT ( 'NONE',  ( -50.00000000000000711, 1.000000000000000000, -50.00000000000000711 ) ) ;
#6565 = CIRCLE ( 'NONE', #8683, 32.50000000000000000 ) ;
#6566 = AXIS2_PLACEMENT_3D ( 'NONE', #8518, #415, #6711 ) ;
#6567 = CARTESIAN_POINT ( 'NONE',  ( -49.99999999999955946, 0.000000000000000000, 41.50000000000035527 ) ) ;
#6568 = CARTESIAN_POINT ( 'NONE',  ( -41.99999999999995026, -1.000000000000000000, 41.49999999999997868 ) ) ;
#6569 = CARTESIAN_POINT ( 'NONE',  ( -35.73212000031253410, -14.74514118418659159, -43.67547366102731132 ) ) ;
#6570 = EDGE_CURVE ( 'NONE', #4878, #6523, #5374, .T. ) ;
#6571 = EDGE_CURVE ( 'NONE', #3195, #1075, #7136, .T. ) ;
#6572 = FACE_OUTER_BOUND ( 'NONE', #10186, .T. ) ;
#6573 = FACE_BOUND ( 'NONE', #10593, .T. ) ;
#6574 = CARTESIAN_POINT ( 'NONE',  ( 12.49999999999999645, -13.00000000000000178, -12.40000000000000036 ) ) ;
#6575 = ADVANCED_FACE ( 'NONE', ( #6572 ), #10921, .F. ) ;
#6576 = CARTESIAN_POINT ( 'NONE',  ( 41.99999999999960920, -8.615327776052158271, -38.95269330657330187 ) ) ;
#6577 = CARTESIAN_POINT ( 'NONE',  ( 10.50000000000000178, -0.9999999999999985567, 27.78623788919601267 ) ) ;
#6578 = AXIS2_PLACEMENT_3D ( 'NONE', #1599, #7954, #5111 ) ;
#6579 = DIRECTION ( 'NONE',  ( 1.000000000000000000, 0.000000000000000000, -1.047444401652939849E-14 ) ) ;
#6580 = ORIENTED_EDGE ( 'NONE', *, *, #687, .F. ) ;
#6581 = ORIENTED_EDGE ( 'NONE', *, *, #5606, .F. ) ;
#6582 = EDGE_LOOP ( 'NONE', ( #9136, #8250 ) ) ;
#6583 = CARTESIAN_POINT ( 'NONE',  ( 41.76957699778449751, -11.03330829742793995, -48.00000000000000711 ) ) ;
#6584 = ORIENTED_EDGE ( 'NONE', *, *, #4748, .F. ) ;
#6585 = CIRCLE ( 'NONE', #8517, 1.549999999999999378 ) ;
#6586 = DIRECTION ( 'NONE',  ( -1.000000000000000000, 0.000000000000000000, 0.000000000000000000 ) ) ;
#6587 = EDGE_CURVE ( 'NONE', #7456, #2991, #1190, .T. ) ;
#6588 = VECTOR ( 'NONE', #10059, 1000.000000000000000 ) ;
#6589 = CARTESIAN_POINT ( 'NONE',  ( 37.50000000000000711, -9.000000000000001776, 42.89999999999999147 ) ) ;
#6590 = DIRECTION ( 'NONE',  ( 1.000000000000000000, 0.000000000000000000, 0.000000000000000000 ) ) ;
#6591 = EDGE_CURVE ( 'NONE', #5976, #8558, #9335, .T. ) ;
#6592 = DIRECTION ( 'NONE',  ( 0.000000000000000000, -1.000000000000000000, 0.000000000000000000 ) ) ;
#6593 = DIRECTION ( 'NONE',  ( -6.938893903907222067E-15, 0.000000000000000000, -1.000000000000000000 ) ) ;
#6594 = EDGE_CURVE ( 'NONE', #2831, #1489, #5430, .T. ) ;
#6595 = DIRECTION ( 'NONE',  ( 0.000000000000000000, 0.000000000000000000, 1.000000000000000000 ) ) ;
#6596 = DIRECTION ( 'NONE',  ( 8.953411488912536510E-15, 0.000000000000000000, 1.000000000000000000 ) ) ;
#6597 = EDGE_LOOP ( 'NONE', ( #4709, #11182, #10594, #1737, #15 ) ) ;
#6598 = EDGE_LOOP ( 'NONE', ( #5048, #8922, #9267, #2434 ) ) ;
#6599 = ORIENTED_EDGE ( 'NONE', *, *, #11808, .T. ) ;
#6600 = ORIENTED_EDGE ( 'NONE', *, *, #1182, .F. ) ;
#6601 = VECTOR ( 'NONE', #4037, 1000.000000000000000 ) ;
#6602 = CIRCLE ( 'NONE', #2930, 1.550000000000002709 ) ;
#6603 = EDGE_CURVE ( 'NONE', #9861, #1491, #1249, .T. ) ;
#6604 = EDGE_LOOP ( 'NONE', ( #10509, #7919, #11169, #4729 ) ) ;
#6605 = CARTESIAN_POINT ( 'NONE',  ( -50.00000000000000711, 0.000000000000000000, -50.00000000000000711 ) ) ;
#6606 = EDGE_CURVE ( 'NONE', #7701, #2516, #7372, .T. ) ;
#6607 = DIRECTION ( 'NONE',  ( 0.000000000000000000, -1.000000000000000000, 0.000000000000000000 ) ) ;
#6608 = CARTESIAN_POINT ( 'NONE',  ( 43.49999999999958078, -3.199999999999999734, -40.45000000000028706 ) ) ;
#6609 = AXIS2_PLACEMENT_3D ( 'NONE', #5708, #11427, #3173 ) ;
#6610 = EDGE_CURVE ( 'NONE', #10755, #5367, #5786, .T. ) ;
#6611 = DIRECTION ( 'NONE',  ( 0.000000000000000000, -1.000000000000000000, 0.000000000000000000 ) ) ;
#6612 = DIRECTION ( 'NONE',  ( 0.000000000000000000, 1.000000000000000000, 0.000000000000000000 ) ) ;
#6613 = LINE ( 'NONE', #1823, #4474 ) ;
#6614 = CARTESIAN_POINT ( 'NONE',  ( -10.49999999999999822, -2.183807228326895000, -25.66690982988362535 ) ) ;
#6615 = VECTOR ( 'NONE', #4560, 1000.000000000000000 ) ;
#6616 = ORIENTED_EDGE ( 'NONE', *, *, #6594, .T. ) ;
#6617 = ORIENTED_EDGE ( 'NONE', *, *, #5169, .F. ) ;
#6618 = VERTEX_POINT ( 'NONE', #6696 ) ;
#6619 = CARTESIAN_POINT ( 'NONE',  ( -47.99999999999987921, -3.199999999999999734, 38.10000000000000142 ) ) ;
#6620 = AXIS2_PLACEMENT_3D ( 'NONE', #6283, #2661, #848 ) ;
#6621 = CARTESIAN_POINT ( 'NONE',  ( -42.00000000000014921, -11.17228753016090437, -37.78999449425721480 ) ) ;
#6622 = PRESENTATION_STYLE_ASSIGNMENT (( #8487 ) ) ;
#6623 = CARTESIAN_POINT ( 'NONE',  ( -36.19999999999999574, -15.00000000000000355, 42.89999999999999147 ) ) ;
#6624 = DIRECTION ( 'NONE',  ( -1.000000000000000000, 0.000000000000000000, 0.000000000000000000 ) ) ;
#6625 = CARTESIAN_POINT ( 'NONE',  ( 42.00000000000044764, -10.02513371737336456, 41.49999999999939604 ) ) ;
#6626 = CARTESIAN_POINT ( 'NONE',  ( 47.99999999999969447, -5.000000000000002665, -30.10000000000033538 ) ) ;
#6627 = EDGE_LOOP ( 'NONE', ( #5604, #8338, #6164, #2285 ) ) ;
#6628 = EDGE_LOOP ( 'NONE', ( #7528, #9718 ) ) ;
#6629 = EDGE_LOOP ( 'NONE', ( #535, #9814, #11712, #5241 ) ) ;
#6630 = VECTOR ( 'NONE', #3669, 1000.000000000000000 ) ;
#6631 = DIRECTION ( 'NONE',  ( 0.000000000000000000, 0.000000000000000000, 1.000000000000000000 ) ) ;
#6632 = CIRCLE ( 'NONE', #7793, 1.100000000000000311 ) ;
#6633 = CARTESIAN_POINT ( 'NONE',  ( -36.19999999999999574, -15.00000000000000355, 47.24999999999999289 ) ) ;
#6634 = EDGE_CURVE ( 'NONE', #1372, #866, #10425, .T. ) ;
#6635 = CARTESIAN_POINT ( 'NONE',  ( 10.49999999999999822, -10.39146660750796691, -23.05409675598137653 ) ) ;
#6636 = CARTESIAN_POINT ( 'NONE',  ( 45.80000000000062244, -3.499999999999999556, 22.34999999999800835 ) ) ;
#6637 = CARTESIAN_POINT ( 'NONE',  ( -40.00000000000000711, -14.80000000000000071, -47.15000000000001279 ) ) ;
#6638 = CIRCLE ( 'NONE', #11249, 1.550000000000002709 ) ;
#6639 = DIRECTION ( 'NONE',  ( 0.000000000000000000, -0.000000000000000000, -1.000000000000000000 ) ) ;
#6640 = CIRCLE ( 'NONE', #5661, 1.100000000000001199 ) ;
#6641 = CARTESIAN_POINT ( 'NONE',  ( 41.99999999999961631, -8.047649582035516502, -39.06173865160514680 ) ) ;
#6642 = DIRECTION ( 'NONE',  ( 0.000000000000000000, 0.000000000000000000, 1.000000000000000000 ) ) ;
#6643 = VERTEX_POINT ( 'NONE', #2219 ) ;
#6644 = VERTEX_POINT ( 'NONE', #2279 ) ;
#6645 = CARTESIAN_POINT ( 'NONE',  ( 42.41161828792846933, -10.69583250492781445, -48.00000000000002132 ) ) ;
#6646 = ORIENTED_EDGE ( 'NONE', *, *, #3347, .F. ) ;
#6647 = EDGE_CURVE ( 'NONE', #10417, #5162, #2349, .T. ) ;
#6648 = AXIS2_PLACEMENT_3D ( 'NONE', #11944, #5553, #3812 ) ;
#6649 = ADVANCED_FACE ( 'NONE', ( #7722, #7601, #7663, #9639, #1188, #11445 ), #2337, .F. ) ;
#6650 = CARTESIAN_POINT ( 'NONE',  ( 50.00000000000000711, -0.2000000000000000944, 27.09999999999931219 ) ) ;
#6651 = DIRECTION ( 'NONE',  ( -3.360540545390047575E-14, 0.000000000000000000, -1.000000000000000000 ) ) ;
#6652 = FACE_OUTER_BOUND ( 'NONE', #2977, .T. ) ;
#6653 = CARTESIAN_POINT ( 'NONE',  ( 30.49999999999948486, -3.199999999999999289, -50.00000000000071054 ) ) ;
#6654 = CYLINDRICAL_SURFACE ( 'NONE', #3792, 2.349999999999997868 ) ;
#6655 = DIRECTION ( 'NONE',  ( 0.000000000000000000, 0.000000000000000000, -1.000000000000000000 ) ) ;
#6656 = CYLINDRICAL_SURFACE ( 'NONE', #5950, 1.000000000000000888 ) ;
#6657 = ORIENTED_EDGE ( 'NONE', *, *, #10573, .T. ) ;
#6658 = ORIENTED_EDGE ( 'NONE', *, *, #10104, .T. ) ;
#6659 = CARTESIAN_POINT ( 'NONE',  ( 41.50000000000012790, -1.000000000000000000, 41.99999999999980105 ) ) ;
#6660 = VERTEX_POINT ( 'NONE', #4883 ) ;
#6661 = ORIENTED_EDGE ( 'NONE', *, *, #9227, .F. ) ;
#6662 = EDGE_CURVE ( 'NONE', #5889, #6221, #2433, .T. ) ;
#6663 = EDGE_CURVE ( 'NONE', #7280, #2773, #6086, .T. ) ;
#6664 = CARTESIAN_POINT ( 'NONE',  ( -47.99999999999986500, -8.000000000000001776, 48.00000000000000711 ) ) ;
#6665 = DIRECTION ( 'NONE',  ( 6.982962677686267499E-15, -0.000000000000000000, 1.000000000000000000 ) ) ;
#6666 = DIRECTION ( 'NONE',  ( -1.000000000000000000, -0.000000000000000000, 3.491481338843133355E-15 ) ) ;
#6667 = CARTESIAN_POINT ( 'NONE',  ( -41.49999999999983658, -1.000000000000001776, 42.00000000000000711 ) ) ;
#6668 = CARTESIAN_POINT ( 'NONE',  ( 35.72419598204034230, -14.74252444900601944, -42.00000000000000711 ) ) ;
#6669 = CARTESIAN_POINT ( 'NONE',  ( -30.13681086057862046, -8.000000000000001776, -48.00000000000000711 ) ) ;
#6670 = CARTESIAN_POINT ( 'NONE',  ( 29.70429991172355955, -7.973870562907214854, -42.99197319786745908 ) ) ;
#6671 = EDGE_CURVE ( 'NONE', #1077, #9629, #4214, .T. ) ;
#6672 = VERTEX_POINT ( 'NONE', #1718 ) ;
#6673 = AXIS2_PLACEMENT_3D ( 'NONE', #7025, #9612, #11591 ) ;
#6674 = ORIENTED_EDGE ( 'NONE', *, *, #1098, .F. ) ;
#6675 = ORIENTED_EDGE ( 'NONE', *, *, #369, .F. ) ;
#6676 = EDGE_CURVE ( 'NONE', #1372, #2926, #11677, .T. ) ;
#6677 = AXIS2_PLACEMENT_3D ( 'NONE', #7969, #9773, #4168 ) ;
#6678 = ADVANCED_FACE ( 'NONE', ( #3541 ), #9926, .T. ) ;
#6679 = CARTESIAN_POINT ( 'NONE',  ( 48.00000000000000711, 0.000000000000000000, -5.027733127934113041E-13 ) ) ;
#6680 = CARTESIAN_POINT ( 'NONE',  ( -42.00000000000012079, -8.000000000000001776, -31.83083868292569463 ) ) ;
#6681 = DIRECTION ( 'NONE',  ( 1.000000000000000000, 0.000000000000000000, 0.000000000000000000 ) ) ;
#6682 = VECTOR ( 'NONE', #9886, 1000.000000000000000 ) ;
#6683 = CARTESIAN_POINT ( 'NONE',  ( 42.27740898502255362, -8.126962523660793636, 48.00000000000000000 ) ) ;
#6684 = LINE ( 'NONE', #11072, #8566 ) ;
#6685 = CARTESIAN_POINT ( 'NONE',  ( 50.00000000000064659, -5.000000000000000000, -27.09999999999802611 ) ) ;
#6686 = DIRECTION ( 'NONE',  ( -1.156482317317870344E-14, 0.000000000000000000, -1.000000000000000000 ) ) ;
#6687 = ORIENTED_EDGE ( 'NONE', *, *, #4900, .T. ) ;
#6688 = EDGE_LOOP ( 'NONE', ( #4043, #7441 ) ) ;
#6689 = ORIENTED_EDGE ( 'NONE', *, *, #10273, .T. ) ;
#6690 = LINE ( 'NONE', #2095, #4189 ) ;
#6691 = AXIS2_PLACEMENT_3D ( 'NONE', #2274, #4937, #4816 ) ;
#6692 = AXIS2_PLACEMENT_3D ( 'NONE', #8144, #5247, #2648 ) ;
#6693 = CARTESIAN_POINT ( 'NONE',  ( -48.99999999999999289, 1.000000000000000000, 42.50000000000051870 ) ) ;
#6694 = CARTESIAN_POINT ( 'NONE',  ( -10.49999999999999822, 3.363310701991195639E-05, -29.27329744693604496 ) ) ;
#6695 = DIRECTION ( 'NONE',  ( 0.000000000000000000, 1.000000000000000000, 0.000000000000000000 ) ) ;
#6696 = CARTESIAN_POINT ( 'NONE',  ( -41.49999999999880629, 0.000000000000000000, 50.00000000000044764 ) ) ;
#6697 = DIRECTION ( 'NONE',  ( 0.000000000000000000, -1.000000000000000000, 0.000000000000000000 ) ) ;
#6699 = AXIS2_PLACEMENT_3D ( 'NONE', #165, #3857, #4584 ) ;
#6698 = CIRCLE ( 'NONE', #8823, 1.000000000000000888 ) ;
#6700 = CARTESIAN_POINT ( 'NONE',  ( -48.00000000000012079, -0.1999999999999999833, -31.29999999999966676 ) ) ;
#6701 = LINE ( 'NONE', #7542, #10927 ) ;
#6702 = VECTOR ( 'NONE', #853, 1000.000000000000000 ) ;
#6703 = DIRECTION ( 'NONE',  ( -0.000000000000000000, 1.000000000000000000, -0.000000000000000000 ) ) ;
#6704 = ORIENTED_EDGE ( 'NONE', *, *, #2304, .F. ) ;
#6705 = ORIENTED_EDGE ( 'NONE', *, *, #5858, .F. ) ;
#6706 = AXIS2_PLACEMENT_3D ( 'NONE', #7168, #3546, #4569 ) ;
#6707 = EDGE_CURVE ( 'NONE', #2773, #10755, #10663, .T. ) ;
#6708 = CARTESIAN_POINT ( 'NONE',  ( 30.49999999999983302, -3.199999999999999289, -43.50000000000001421 ) ) ;
#6709 = ORIENTED_EDGE ( 'NONE', *, *, #5034, .F. ) ;
#6710 = VECTOR ( 'NONE', #1033, 1000.000000000000000 ) ;
#6711 = DIRECTION ( 'NONE',  ( -1.000000000000000000, 0.000000000000000000, 8.953411488912557020E-15 ) ) ;
#6712 = CARTESIAN_POINT ( 'NONE',  ( 40.00000000000000711, -8.000000000000001776, -42.80000000000001137 ) ) ;
#6713 = CARTESIAN_POINT ( 'NONE',  ( -41.99999999999986500, -8.595666539559786656, 41.49999999999997868 ) ) ;
#6714 = CARTESIAN_POINT ( 'NONE',  ( 35.78691067397218717, -14.76049644767758551, -43.90883551763592152 ) ) ;
#6715 = FACE_OUTER_BOUND ( 'NONE', #3105, .T. ) ;
#6716 = DIRECTION ( 'NONE',  ( 1.000000000000000000, 0.000000000000000000, 0.000000000000000000 ) ) ;
#6717 = CARTESIAN_POINT ( 'NONE',  ( 24.69999999999848228, -3.499999999999999556, 45.80000000000036664 ) ) ;
#6718 = CIRCLE ( 'NONE', #11892, 1.550000000000002709 ) ;
#6719 = VERTEX_POINT ( 'NONE', #7228 ) ;
#6720 = VERTEX_POINT ( 'NONE', #2459 ) ;
#6721 = FACE_OUTER_BOUND ( 'NONE', #3520, .T. ) ;
#6722 = CIRCLE ( 'NONE', #3629, 2.349999999999997868 ) ;
#6723 = VERTEX_POINT ( 'NONE', #8854 ) ;
#6724 = AXIS2_PLACEMENT_3D ( 'NONE', #4060, #6907, #3220 ) ;
#6725 = CYLINDRICAL_SURFACE ( 'NONE', #11705, 1.550000000000002709 ) ;
#6726 = FACE_OUTER_BOUND ( 'NONE', #7794, .T. ) ;
#6727 = CARTESIAN_POINT ( 'NONE',  ( -48.00000000000014921, -3.199999999999999289, -40.44999999999966889 ) ) ;
#6728 = EDGE_CURVE ( 'NONE', #67, #3048, #6988, .T. ) ;
#6729 = EDGE_CURVE ( 'NONE', #6367, #8789, #2735, .T. ) ;
#6730 = DIRECTION ( 'NONE',  ( -1.000000000000000000, -0.000000000000000000, 3.491481338843133355E-15 ) ) ;
#6731 = LINE ( 'NONE', #975, #8202 ) ;
#6732 = CARTESIAN_POINT ( 'NONE',  ( -38.09999999999983800, -3.199999999999999734, -48.00000000000000711 ) ) ;
#6733 = DIRECTION ( 'NONE',  ( -8.953411488912536510E-15, 0.000000000000000000, -1.000000000000000000 ) ) ;
#6734 = EDGE_CURVE ( 'NONE', #276, #11561, #11017, .T. ) ;
#6735 = ORIENTED_EDGE ( 'NONE', *, *, #1774, .F. ) ;
#6736 = VECTOR ( 'NONE', #2244, 1000.000000000000000 ) ;
#6737 = ORIENTED_EDGE ( 'NONE', *, *, #1774, .T. ) ;
#6738 = ORIENTED_EDGE ( 'NONE', *, *, #11442, .F. ) ;
#6739 = DIRECTION ( 'NONE',  ( -4.476705744456268255E-15, 0.000000000000000000, -1.000000000000000000 ) ) ;
#6740 = DIRECTION ( 'NONE',  ( -1.387778780781445676E-16, 0.000000000000000000, -1.000000000000000000 ) ) ;
#6741 = CARTESIAN_POINT ( 'NONE',  ( -29.54474993416907225, -7.950485182055211375, 46.04736966640394513 ) ) ;
#6742 = EDGE_CURVE ( 'NONE', #2940, #3473, #801, .T. ) ;
#6743 = CARTESIAN_POINT ( 'NONE',  ( 39.51365002641799862, -8.989843095352535229, 48.00000000000000000 ) ) ;
#6744 = CARTESIAN_POINT ( 'NONE',  ( 0.000000000000000000, 0.000000000000000000, -49.00000000000000711 ) ) ;
#6745 = ADVANCED_FACE ( 'NONE', ( #8127 ), #2572, .T. ) ;
#6746 = DIRECTION ( 'NONE',  ( 6.982962677686267499E-15, -0.000000000000000000, 1.000000000000000000 ) ) ;
#6747 = EDGE_CURVE ( 'NONE', #4608, #6916, #3306, .T. ) ;
#6748 = DIRECTION ( 'NONE',  ( -0.000000000000000000, 1.000000000000000000, -0.000000000000000000 ) ) ;
#6749 = VERTEX_POINT ( 'NONE', #9026 ) ;
#6750 = ORIENTED_EDGE ( 'NONE', *, *, #9686, .F. ) ;
#6751 = EDGE_LOOP ( 'NONE', ( #7204, #3180 ) ) ;
#6752 = EDGE_LOOP ( 'NONE', ( #1212, #10654 ) ) ;
#6753 = CARTESIAN_POINT ( 'NONE',  ( 48.99999999999999289, 1.000000000000000000, -42.50000000000017764 ) ) ;
#6754 = EDGE_CURVE ( 'NONE', #797, #4730, #756, .T. ) ;
#6755 = CARTESIAN_POINT ( 'NONE',  ( 10.49999999999999822, -1.616326002576278453, -28.98249281440986991 ) ) ;
#6756 = DIRECTION ( 'NONE',  ( -1.396592535537253342E-14, -0.000000000000000000, -1.000000000000000000 ) ) ;
#6757 = EDGE_CURVE ( 'NONE', #2684, #8007, #8015, .T. ) ;
#6758 = CARTESIAN_POINT ( 'NONE',  ( -1.123623252769013980, -4.932085880646014608, 21.56838048204789615 ) ) ;
#6759 = LINE ( 'NONE', #10428, #9515 ) ;
#6760 = VECTOR ( 'NONE', #8713, 1000.000000000000000 ) ;
#6761 = CARTESIAN_POINT ( 'NONE',  ( 41.99999999999961631, -7.172635958339597551, -39.43638068458643886 ) ) ;
#6762 = DIRECTION ( 'NONE',  ( 0.000000000000000000, -1.000000000000000000, 0.000000000000000000 ) ) ;
#6763 = CIRCLE ( 'NONE', #1532, 2.349999999999997868 ) ;
#6764 = DIRECTION ( 'NONE',  ( -0.000000000000000000, 1.000000000000000000, -0.000000000000000000 ) ) ;
#6765 = EDGE_LOOP ( 'NONE', ( #1025, #1303, #4859, #190 ) ) ;
#6766 = VERTEX_POINT ( 'NONE', #6315 ) ;
#6767 = CARTESIAN_POINT ( 'NONE',  ( -42.00000000000014211, -14.80000000000000071, -38.93703481765633967 ) ) ;
#6768 = CIRCLE ( 'NONE', #11367, 2.349999999999997868 ) ;
#6769 = ORIENTED_EDGE ( 'NONE', *, *, #5882, .F. ) ;
#6770 = CARTESIAN_POINT ( 'NONE',  ( -49.99999999999820943, -5.000000000000000000, 27.09999999999918430 ) ) ;
#6771 = VECTOR ( 'NONE', #6009, 1000.000000000000000 ) ;
#6772 = CARTESIAN_POINT ( 'NONE',  ( 41.84072255409479624, -5.426316897680313112, -41.65927744590510429 ) ) ;
#6773 = DIRECTION ( 'NONE',  ( -1.000000000000000000, 0.000000000000000000, -5.176904666065966360E-16 ) ) ;
#6774 = CARTESIAN_POINT ( 'NONE',  ( 10.50000000000000178, -13.00000000000000178, -12.40000000000000036 ) ) ;
#6775 = LINE ( 'NONE', #5131, #4171 ) ;
#6776 = CARTESIAN_POINT ( 'NONE',  ( 30.09999999999983089, -8.000000000000001776, -48.00000000000000711 ) ) ;
#6777 = FACE_BOUND ( 'NONE', #95, .T. ) ;
#6778 = ORIENTED_EDGE ( 'NONE', *, *, #10352, .F. ) ;
#6779 = EDGE_LOOP ( 'NONE', ( #4364, #8613, #9631, #9176 ) ) ;
#6780 = CARTESIAN_POINT ( 'NONE',  ( 24.69999999999848228, -3.499999999999999556, 44.25000000000036238 ) ) ;
#6781 = CARTESIAN_POINT ( 'NONE',  ( 42.00000000000041922, -8.450806357212968578, 38.63651966107129709 ) ) ;
#6782 = CIRCLE ( 'NONE', #5222, 24.99999999999999645 ) ;
#6783 = VERTEX_POINT ( 'NONE', #9988 ) ;
#6784 = CIRCLE ( 'NONE', #1181, 1.100000000000000311 ) ;
#6785 = AXIS2_PLACEMENT_3D ( 'NONE', #9973, #5448, #11901 ) ;
#6786 = DIRECTION ( 'NONE',  ( 0.000000000000000000, -0.000000000000000000, 1.000000000000000000 ) ) ;
#6787 = EDGE_CURVE ( 'NONE', #1711, #2879, #8327, .T. ) ;
#6788 = DIRECTION ( 'NONE',  ( 0.000000000000000000, 0.000000000000000000, -1.000000000000000000 ) ) ;
#6789 = DIRECTION ( 'NONE',  ( 1.000000000000000000, 0.000000000000000000, -1.387778780781445676E-16 ) ) ;
#6790 = DIRECTION ( 'NONE',  ( 0.000000000000000000, -1.000000000000000000, 0.000000000000000000 ) ) ;
#6791 = CARTESIAN_POINT ( 'NONE',  ( -49.99999999999999289, 0.000000000000000000, 42.50000000000051870 ) ) ;
#6792 = AXIS2_PLACEMENT_3D ( 'NONE', #2348, #8577, #6891 ) ;
#6793 = FACE_OUTER_BOUND ( 'NONE', #6765, .T. ) ;
#6794 = CYLINDRICAL_SURFACE ( 'NONE', #10405, 2.349999999999997868 ) ;
#6795 = VECTOR ( 'NONE', #4359, 1000.000000000000000 ) ;
#6796 = VECTOR ( 'NONE', #2499, 1000.000000000000000 ) ;
#6797 = EDGE_LOOP ( 'NONE', ( #10945, #6066, #1669, #11772, #6928 ) ) ;
#6798 = ORIENTED_EDGE ( 'NONE', *, *, #3934, .F. ) ;
#6799 = EDGE_CURVE ( 'NONE', #9074, #3201, #7339, .T. ) ;
#6800 = EDGE_CURVE ( 'NONE', #1458, #3927, #7568, .T. ) ;
#6801 = VECTOR ( 'NONE', #2086, 1000.000000000000000 ) ;
#6802 = DIRECTION ( 'NONE',  ( 1.387778780781445676E-16, -0.000000000000000000, 1.000000000000000000 ) ) ;
#6803 = LINE ( 'NONE', #9562, #5092 ) ;
#6804 = VECTOR ( 'NONE', #2867, 1000.000000000000000 ) ;
#6805 = CARTESIAN_POINT ( 'NONE',  ( 33.45472114625506777, -8.286504196319008031, 48.00000000000000711 ) ) ;
#6806 = CARTESIAN_POINT ( 'NONE',  ( 41.68892442732107639, -7.956938546508288468, 41.81107557267881703 ) ) ;
#6807 = DIRECTION ( 'NONE',  ( -0.000000000000000000, 1.000000000000000000, -0.000000000000000000 ) ) ;
#6808 = CARTESIAN_POINT ( 'NONE',  ( 24.70000000000261764, -3.499999999999999556, 45.79999999999864713 ) ) ;
#6809 = CARTESIAN_POINT ( 'NONE',  ( -31.92784593926314329, -10.99155269061169804, 42.00000000000000711 ) ) ;
#6810 = VERTEX_POINT ( 'NONE', #4505 ) ;
#6811 = VERTEX_POINT ( 'NONE', #2871 ) ;
#6812 = ORIENTED_EDGE ( 'NONE', *, *, #10496, .T. ) ;
#6813 = EDGE_LOOP ( 'NONE', ( #4203, #4023, #6737, #11909 ) ) ;
#6814 = ORIENTED_EDGE ( 'NONE', *, *, #10558, .T. ) ;
#6815 = ADVANCED_FACE ( 'NONE', ( #11915 ), #6497, .F. ) ;
#6816 = AXIS2_PLACEMENT_3D ( 'NONE', #9225, #3631, #2961 ) ;
#6817 = DIRECTION ( 'NONE',  ( -1.156482317317873184E-14, 0.000000000000000000, -1.000000000000000000 ) ) ;
#6818 = EDGE_CURVE ( 'NONE', #187, #6883, #1960, .T. ) ;
#6819 = CARTESIAN_POINT ( 'NONE',  ( 10.49999999999999822, -11.38157628938363608, -21.42457675550709695 ) ) ;
#6820 = LINE ( 'NONE', #10487, #2786 ) ;
#6821 = CARTESIAN_POINT ( 'NONE',  ( 1.830648221699921807, -4.589000085600865475, 21.89771858967577600 ) ) ;
#6822 = CARTESIAN_POINT ( 'NONE',  ( -41.50000000000000711, 1.000000000000000000, -48.00000000000000711 ) ) ;
#6823 = DIRECTION ( 'NONE',  ( 0.000000000000000000, -0.000000000000000000, 1.000000000000000000 ) ) ;
#6824 = CARTESIAN_POINT ( 'NONE',  ( -31.29999999999983373, -0.1999999999999999833, -48.00000000000000711 ) ) ;
#6825 = CARTESIAN_POINT ( 'NONE',  ( 41.99999999999961631, -12.58514866406166099, -38.52802478489752502 ) ) ;
#6826 = EDGE_LOOP ( 'NONE', ( #1501, #5429 ) ) ;
#6827 = EDGE_LOOP ( 'NONE', ( #11468, #7233, #1818, #10156, #3287, #1933 ) ) ;
#6828 = EDGE_CURVE ( 'NONE', #10911, #514, #931, .T. ) ;
#6829 = CIRCLE ( 'NONE', #11244, 1.550000000000002709 ) ;
#6830 = LINE ( 'NONE', #5977, #2869 ) ;
#6831 = ORIENTED_EDGE ( 'NONE', *, *, #9769, .T. ) ;
#6832 = EDGE_CURVE ( 'NONE', #5425, #3271, #6213, .T. ) ;
#6833 = VECTOR ( 'NONE', #4884, 1000.000000000000000 ) ;
#6834 = DIRECTION ( 'NONE',  ( -0.000000000000000000, 1.000000000000000000, -0.000000000000000000 ) ) ;
#6835 = VECTOR ( 'NONE', #11602, 1000.000000000000000 ) ;
#6836 = CIRCLE ( 'NONE', #1612, 1.600000000000000755 ) ;
#6837 = CARTESIAN_POINT ( 'NONE',  ( -41.99999999999819522, -5.000000000000000000, -21.49897948556684923 ) ) ;
#6838 = LINE ( 'NONE', #7680, #3992 ) ;
#6839 = CARTESIAN_POINT ( 'NONE',  ( -42.00000000000012790, -7.507557834250745188, -39.24262574167418904 ) ) ;
#6840 = CYLINDRICAL_SURFACE ( 'NONE', #3245, 2.349999999999997868 ) ;
#6841 = CARTESIAN_POINT ( 'NONE',  ( 41.70683081885164256, -11.46362719741689951, 41.79316918114822954 ) ) ;
#6842 = ORIENTED_EDGE ( 'NONE', *, *, #448, .F. ) ;
#6843 = ORIENTED_EDGE ( 'NONE', *, *, #3223, .T. ) ;
#6844 = LINE ( 'NONE', #8587, #7126 ) ;
#6845 = CARTESIAN_POINT ( 'NONE',  ( 42.00000000000044054, -9.780795446830806483, 41.09986641443097710 ) ) ;
#6846 = EDGE_LOOP ( 'NONE', ( #9549, #7936, #5381, #8657 ) ) ;
#6847 = AXIS2_PLACEMENT_3D ( 'NONE', #3222, #6789, #316 ) ;
#6848 = LINE ( 'NONE', #3279, #6327 ) ;
#6849 = DIRECTION ( 'NONE',  ( 1.000000000000000000, 0.000000000000000000, 0.000000000000000000 ) ) ;
#6850 = DIRECTION ( 'NONE',  ( 0.000000000000000000, 1.000000000000000000, 0.000000000000000000 ) ) ;
#6851 = CIRCLE ( 'NONE', #5292, 4.000000000000000000 ) ;
#6852 = DIRECTION ( 'NONE',  ( 1.387778780781445676E-16, 0.000000000000000000, 1.000000000000000000 ) ) ;
#6853 = LINE ( 'NONE', #7816, #11279 ) ;
#6854 = CARTESIAN_POINT ( 'NONE',  ( -35.12826286646048146, -11.94258099847236743, -42.00000000000001421 ) ) ;
#6855 = CARTESIAN_POINT ( 'NONE',  ( 43.50000000000032685, -3.199999999999999289, 30.49999999999968381 ) ) ;
#6856 = EDGE_LOOP ( 'NONE', ( #7976, #1199 ) ) ;
#6857 = VERTEX_POINT ( 'NONE', #11850 ) ;
#6858 = ADVANCED_FACE ( 'NONE', ( #5465, #8301, #1052 ), #989, .T. ) ;
#6859 = DIRECTION ( 'NONE',  ( 0.000000000000000000, 0.000000000000000000, 1.000000000000000000 ) ) ;
#6860 = LINE ( 'NONE', #8779, #8168 ) ;
#6861 = AXIS2_PLACEMENT_3D ( 'NONE', #8936, #9108, #6166 ) ;
#6862 = CARTESIAN_POINT ( 'NONE',  ( 37.98811733371913135, -9.377949055547150081, 48.00000000000001421 ) ) ;
#6863 = DIRECTION ( 'NONE',  ( 1.000000000000000000, -0.000000000000000000, -0.000000000000000000 ) ) ;
#6864 = LINE ( 'NONE', #5835, #7951 ) ;
#6865 = CARTESIAN_POINT ( 'NONE',  ( 43.49999999999963762, -3.199999999999999289, -35.75000000000029132 ) ) ;
#6866 = CARTESIAN_POINT ( 'NONE',  ( -10.49999999999999822, -13.00000000000000178, -14.40000000000000036 ) ) ;
#6867 = ORIENTED_EDGE ( 'NONE', *, *, #2680, .T. ) ;
#6868 = VERTEX_POINT ( 'NONE', #4749 ) ;
#6869 = VERTEX_POINT ( 'NONE', #8365 ) ;
#6870 = ORIENTED_EDGE ( 'NONE', *, *, #5516, .F. ) ;
#6871 = EDGE_CURVE ( 'NONE', #3504, #2360, #10637, .T. ) ;
#6872 = VERTEX_POINT ( 'NONE', #11071 ) ;
#6873 = CIRCLE ( 'NONE', #7442, 2.349999999999997868 ) ;
#6874 = DIRECTION ( 'NONE',  ( 0.000000000000000000, 0.000000000000000000, 1.000000000000000000 ) ) ;
#6875 = CARTESIAN_POINT ( 'NONE',  ( 31.29999999999983373, 1.000000000000000000, -48.00000000000000711 ) ) ;
#6876 = DIRECTION ( 'NONE',  ( 0.000000000000000000, 0.000000000000000000, 1.000000000000000000 ) ) ;
#6877 = CARTESIAN_POINT ( 'NONE',  ( -31.29999999999983373, 1.000000000000000000, 48.00000000000000711 ) ) ;
#6878 = CARTESIAN_POINT ( 'NONE',  ( 10.49999999999999822, -7.906753446070894142, -21.33041222926297920 ) ) ;
#6879 = EDGE_CURVE ( 'NONE', #5208, #11213, #5403, .T. ) ;
#6880 = DIRECTION ( 'NONE',  ( -1.000000000000000000, -0.000000000000000000, 1.047444401652940007E-14 ) ) ;
#6881 = FACE_BOUND ( 'NONE', #2466, .T. ) ;
#6882 = DIRECTION ( 'NONE',  ( -1.000000000000000000, -0.000000000000000000, 1.047444401652940007E-14 ) ) ;
#6883 = VERTEX_POINT ( 'NONE', #8429 ) ;
#6884 = ORIENTED_EDGE ( 'NONE', *, *, #5342, .F. ) ;
#6885 = CIRCLE ( 'NONE', #1459, 1.549999999999999378 ) ;
#6886 = AXIS2_PLACEMENT_3D ( 'NONE', #11400, #10616, #5929 ) ;
#6887 = EDGE_CURVE ( 'NONE', #6660, #2268, #996, .T. ) ;
#6888 = EDGE_LOOP ( 'NONE', ( #5807, #5778 ) ) ;
#6889 = LINE ( 'NONE', #11392, #3937 ) ;
#6890 = VERTEX_POINT ( 'NONE', #10107 ) ;
#6891 = DIRECTION ( 'NONE',  ( -1.000000000000000000, 0.000000000000000000, 0.000000000000000000 ) ) ;
#6892 = CIRCLE ( 'NONE', #11495, 1.550000000000002709 ) ;
#6893 = CARTESIAN_POINT ( 'NONE',  ( -36.19999999999999574, -15.00000000000000355, 38.54999999999999716 ) ) ;
#6894 = CARTESIAN_POINT ( 'NONE',  ( -32.04999999999922267, -3.199999999999999289, 43.50000000000001421 ) ) ;
#6895 = EDGE_CURVE ( 'NONE', #8875, #840, #992, .T. ) ;
#6896 = DIRECTION ( 'NONE',  ( 1.000000000000000000, 0.000000000000000000, -1.387778780781445676E-16 ) ) ;
#6897 = CARTESIAN_POINT ( 'NONE',  ( -36.19999999999999574, -9.000000000000001776, 45.24999999999999289 ) ) ;
#6898 = CARTESIAN_POINT ( 'NONE',  ( 41.83292248917057066, -10.52092699657580077, 41.66707751082931566 ) ) ;
#6899 = ORIENTED_EDGE ( 'NONE', *, *, #6475, .F. ) ;
#6900 = ORIENTED_EDGE ( 'NONE', *, *, #9138, .F. ) ;
#6901 = ADVANCED_FACE ( 'NONE', ( #7287 ), #6375, .F. ) ;
#6902 = DIRECTION ( 'NONE',  ( 0.000000000000000000, 0.000000000000000000, 1.000000000000000000 ) ) ;
#6903 = DIRECTION ( 'NONE',  ( 0.000000000000000000, -1.000000000000000000, 0.000000000000000000 ) ) ;
#6904 = EDGE_CURVE ( 'NONE', #3968, #6883, #429, .T. ) ;
#6905 = VERTEX_POINT ( 'NONE', #9624 ) ;
#6906 = AXIS2_PLACEMENT_3D ( 'NONE', #3254, #6936, #2281 ) ;
#6907 = DIRECTION ( 'NONE',  ( 6.982962677686266711E-15, 0.000000000000000000, 1.000000000000000000 ) ) ;
#6908 = CARTESIAN_POINT ( 'NONE',  ( -48.00000000000013500, -3.199999999999999734, -35.74999999999967315 ) ) ;
#6909 = CARTESIAN_POINT ( 'NONE',  ( -38.09999999999983800, -3.199999999999999734, -43.50000000000001421 ) ) ;
#6910 = VECTOR ( 'NONE', #6540, 1000.000000000000000 ) ;
#6911 = ADVANCED_FACE ( 'NONE', ( #8550 ), #3114, .F. ) ;
#6912 = CARTESIAN_POINT ( 'NONE',  ( -29.93919315816891924, -7.996248270618556475, -46.80201196045869949 ) ) ;
#6913 = FACE_OUTER_BOUND ( 'NONE', #5917, .T. ) ;
#6914 = CARTESIAN_POINT ( 'NONE',  ( 24.69999999999848228, -3.499999999999999556, 47.35000000000037090 ) ) ;
#6915 = ORIENTED_EDGE ( 'NONE', *, *, #7854, .F. ) ;
#6916 = VERTEX_POINT ( 'NONE', #5893 ) ;
#6917 = CIRCLE ( 'NONE', #9600, 1.550000000000002709 ) ;
#6918 = DIRECTION ( 'NONE',  ( 0.000000000000000000, 1.000000000000000000, 0.000000000000000000 ) ) ;
#6919 = LINE ( 'NONE', #505, #7007 ) ;
#6920 = CARTESIAN_POINT ( 'NONE',  ( 43.33366259195304337, -8.000000000000005329, 48.00000000000000711 ) ) ;
#6921 = LINE ( 'NONE', #5158, #4355 ) ;
#6922 = FACE_BOUND ( 'NONE', #1983, .T. ) ;
#6923 = FACE_OUTER_BOUND ( 'NONE', #11032, .T. ) ;
#6924 = ORIENTED_EDGE ( 'NONE', *, *, #6962, .F. ) ;
#6925 = ORIENTED_EDGE ( 'NONE', *, *, #10396, .F. ) ;
#6926 = ORIENTED_EDGE ( 'NONE', *, *, #3095, .F. ) ;
#6927 = VERTEX_POINT ( 'NONE', #11484 ) ;
#6928 = ORIENTED_EDGE ( 'NONE', *, *, #10558, .F. ) ;
#6929 = CIRCLE ( 'NONE', #743, 1.549999999999999378 ) ;
#6930 = CARTESIAN_POINT ( 'NONE',  ( -42.00000000000011369, -5.000000000000002665, -30.09999999999968523 ) ) ;
#6931 = DIRECTION ( 'NONE',  ( -1.000000000000000000, -0.000000000000000000, 3.491481338843133355E-15 ) ) ;
#6932 = DIRECTION ( 'NONE',  ( -0.000000000000000000, -0.000000000000000000, -1.000000000000000000 ) ) ;
#6933 = EDGE_CURVE ( 'NONE', #7485, #2636, #2549, .T. ) ;
#6934 = CARTESIAN_POINT ( 'NONE',  ( -3.168431141538386342, -2.905043425023003500, 23.28050593463074236 ) ) ;
#6935 = DIRECTION ( 'NONE',  ( 0.000000000000000000, 0.000000000000000000, 1.000000000000000000 ) ) ;
#6936 = DIRECTION ( 'NONE',  ( 0.000000000000000000, 1.000000000000000000, -0.000000000000000000 ) ) ;
#6937 = CARTESIAN_POINT ( 'NONE',  ( 37.50000000000000711, -15.00000000000000355, 40.54999999999999716 ) ) ;
#6938 = VERTEX_POINT ( 'NONE', #8609 ) ;
#6939 = ORIENTED_EDGE ( 'NONE', *, *, #3280, .F. ) ;
#6940 = CIRCLE ( 'NONE', #5197, 2.349999999999997868 ) ;
#6941 = VERTEX_POINT ( 'NONE', #10410 ) ;
#6942 = FACE_OUTER_BOUND ( 'NONE', #7055, .T. ) ;
#6943 = EDGE_LOOP ( 'NONE', ( #10797, #354, #1917, #9427 ) ) ;
#6944 = EDGE_CURVE ( 'NONE', #8131, #1918, #7824, .T. ) ;
#6945 = DIRECTION ( 'NONE',  ( 0.000000000000000000, 1.000000000000000000, 0.000000000000000000 ) ) ;
#6946 = VECTOR ( 'NONE', #558, 1000.000000000000000 ) ;
#6947 = EDGE_CURVE ( 'NONE', #5366, #10111, #8142, .T. ) ;
#6948 = CARTESIAN_POINT ( 'NONE',  ( 0.000000000000000000, -1.000000000000001554, 24.45289590758745035 ) ) ;
#6949 = CARTESIAN_POINT ( 'NONE',  ( 41.99999999999969447, -8.000000000000001776, -30.10000000000027143 ) ) ;
#6950 = CARTESIAN_POINT ( 'NONE',  ( 41.70683081885165677, -15.00000000000000355, 41.79316918114824375 ) ) ;
#6951 = DIRECTION ( 'NONE',  ( -6.938893903907222067E-15, 0.000000000000000000, -1.000000000000000000 ) ) ;
#6952 = CARTESIAN_POINT ( 'NONE',  ( -40.24527885374492087, -8.286504196319009807, 48.00000000000000000 ) ) ;
#6953 = ORIENTED_EDGE ( 'NONE', *, *, #6871, .T. ) ;
#6954 = ORIENTED_EDGE ( 'NONE', *, *, #7835, .T. ) ;
#6955 = CYLINDRICAL_SURFACE ( 'NONE', #6357, 1.000000000000000888 ) ;
#6956 = DIRECTION ( 'NONE',  ( -1.047444401652940007E-14, 0.000000000000000000, -1.000000000000000000 ) ) ;
#6957 = EDGE_LOOP ( 'NONE', ( #2564, #10098, #1441, #11560, #5988, #3910 ) ) ;
#6958 = EDGE_CURVE ( 'NONE', #5585, #9861, #2023, .T. ) ;
#6959 = AXIS2_PLACEMENT_3D ( 'NONE', #6991, #5288, #11731 ) ;
#6960 = DIRECTION ( 'NONE',  ( -1.000000000000000000, 0.000000000000000000, 0.000000000000000000 ) ) ;
#6961 = DIRECTION ( 'NONE',  ( 0.000000000000000000, 1.000000000000000000, 0.000000000000000000 ) ) ;
#6962 = EDGE_CURVE ( 'NONE', #6720, #7280, #3519, .T. ) ;
#6963 = FACE_OUTER_BOUND ( 'NONE', #9134, .T. ) ;
#6964 = PLANE ( 'NONE',  #5275 ) ;
#6965 = CARTESIAN_POINT ( 'NONE',  ( -35.64421345284306142, -8.744507983983892174, -42.96862578081942274 ) ) ;
#6966 = PLANE ( 'NONE',  #6474 ) ;
#6967 = LINE ( 'NONE', #4246, #8287 ) ;
#6968 = VECTOR ( 'NONE', #7164, 1000.000000000000000 ) ;
#6969 = VERTEX_POINT ( 'NONE', #1349 ) ;
#6970 = ORIENTED_EDGE ( 'NONE', *, *, #9591, .F. ) ;
#6971 = EDGE_CURVE ( 'NONE', #1918, #2287, #431, .T. ) ;
#6972 = EDGE_CURVE ( 'NONE', #1527, #2093, #1389, .T. ) ;
#6973 = ORIENTED_EDGE ( 'NONE', *, *, #4862, .F. ) ;
#6974 = EDGE_CURVE ( 'NONE', #5750, #9692, #7709, .T. ) ;
#6975 = CARTESIAN_POINT ( 'NONE',  ( 37.50000000000000711, -8.400000000000000355, 38.54999999999999716 ) ) ;
#6976 = LINE ( 'NONE', #1291, #6835 ) ;
#6977 = VECTOR ( 'NONE', #6468, 1000.000000000000000 ) ;
#6978 = CARTESIAN_POINT ( 'NONE',  ( 27.09999999999983089, -5.000000000000002665, 48.00000000000000711 ) ) ;
#6979 = CARTESIAN_POINT ( 'NONE',  ( 30.49999999999983302, -3.199999999999999289, -43.50000000000001421 ) ) ;
#6980 = DIRECTION ( 'NONE',  ( 4.476705744456268255E-15, 0.000000000000000000, 1.000000000000000000 ) ) ;
#6981 = CYLINDRICAL_SURFACE ( 'NONE', #752, 1.600000000000002531 ) ;
#6982 = ORIENTED_EDGE ( 'NONE', *, *, #10865, .T. ) ;
#6983 = ORIENTED_EDGE ( 'NONE', *, *, #10858, .T. ) ;
#6984 = ORIENTED_EDGE ( 'NONE', *, *, #66, .F. ) ;
#6985 = ORIENTED_EDGE ( 'NONE', *, *, #1344, .F. ) ;
#6986 = ADVANCED_FACE ( 'NONE', ( #2263 ), #4928, .T. ) ;
#6987 = ORIENTED_EDGE ( 'NONE', *, *, #845, .F. ) ;
#6988 = CIRCLE ( 'NONE', #2929, 1.000000000000000888 ) ;
#6989 = AXIS2_PLACEMENT_3D ( 'NONE', #7887, #3293, #6980 ) ;
#6990 = CARTESIAN_POINT ( 'NONE',  ( 40.00000000000000000, -1.000000000000000000, -14.99999999999982592 ) ) ;
#6991 = CARTESIAN_POINT ( 'NONE',  ( -40.00000000000000711, -9.000000000000001776, -42.80000000000001137 ) ) ;
#6992 = FACE_OUTER_BOUND ( 'NONE', #3459, .T. ) ;
#6993 = CARTESIAN_POINT ( 'NONE',  ( -30.09999999999983089, -8.000000000000001776, 42.00000000000000711 ) ) ;
#6994 = CARTESIAN_POINT ( 'NONE',  ( 45.80000000000062244, -8.000000000000001776, -24.69999999999800622 ) ) ;
#6995 = CARTESIAN_POINT ( 'NONE',  ( 50.00000000000000000, -5.000000000000000000, -16.59999999999802966 ) ) ;
#6996 = AXIS2_PLACEMENT_3D ( 'NONE', #2442, #10817, #9011 ) ;
#6997 = DIRECTION ( 'NONE',  ( -1.181088324069316513E-14, 0.000000000000000000, -1.000000000000000000 ) ) ;
#6998 = ORIENTED_EDGE ( 'NONE', *, *, #5073, .F. ) ;
#6999 = ORIENTED_EDGE ( 'NONE', *, *, #4381, .T. ) ;
#7000 = EDGE_LOOP ( 'NONE', ( #6561, #1768, #1624, #8175 ) ) ;
#7001 = DIRECTION ( 'NONE',  ( -0.000000000000000000, 1.000000000000000000, -0.000000000000000000 ) ) ;
#7002 = ORIENTED_EDGE ( 'NONE', *, *, #2963, .T. ) ;
#7003 = ADVANCED_FACE ( 'NONE', ( #6012 ), #8719, .T. ) ;
#7004 = FACE_OUTER_BOUND ( 'NONE', #3970, .T. ) ;
#7005 = DIRECTION ( 'NONE',  ( 0.000000000000000000, 0.000000000000000000, 1.000000000000000000 ) ) ;
#7006 = CYLINDRICAL_SURFACE ( 'NONE', #6692, 1.100000000000000311 ) ;
#7007 = VECTOR ( 'NONE', #8664, 1000.000000000000000 ) ;
#7008 = DIRECTION ( 'NONE',  ( -1.387778780781445676E-16, 0.000000000000000000, -1.000000000000000000 ) ) ;
#7009 = CARTESIAN_POINT ( 'NONE',  ( -21.49897948556618843, -4.000000000000000000, 42.00000000000000711 ) ) ;
#7010 = ORIENTED_EDGE ( 'NONE', *, *, #10758, .F. ) ;
#7011 = CARTESIAN_POINT ( 'NONE',  ( -36.19999999999999574, -5.000000000000001776, 42.89999999999999147 ) ) ;
#7012 = ORIENTED_EDGE ( 'NONE', *, *, #3131, .F. ) ;
#7013 = EDGE_CURVE ( 'NONE', #10388, #6367, #9851, .T. ) ;
#7014 = ORIENTED_EDGE ( 'NONE', *, *, #1540, .F. ) ;
#7015 = CARTESIAN_POINT ( 'NONE',  ( 36.70486525994545701, -5.003392681337306414, 42.00000000000001421 ) ) ;
#7016 = EDGE_LOOP ( 'NONE', ( #59, #6472, #7550, #4204, #290 ) ) ;
#7017 = ADVANCED_FACE ( 'NONE', ( #627 ), #1408, .F. ) ;
#7018 = AXIS2_PLACEMENT_3D ( 'NONE', #5659, #10306, #2824 ) ;
#7019 = VECTOR ( 'NONE', #2379, 1000.000000000000000 ) ;
#7020 = DIRECTION ( 'NONE',  ( -0.000000000000000000, 1.000000000000000000, -0.000000000000000000 ) ) ;
#7021 = DIRECTION ( 'NONE',  ( -1.000000000000000000, -0.000000000000000000, 1.387778780781445676E-16 ) ) ;
#7022 = VECTOR ( 'NONE', #4293, 1000.000000000000000 ) ;
#7023 = CARTESIAN_POINT ( 'NONE',  ( 42.00000000000023448, -4.000000000000000000, 21.49897948556799676 ) ) ;
#7024 = CARTESIAN_POINT ( 'NONE',  ( -35.65872060429759927, -8.729307454700222735, -42.40285859902645171 ) ) ;
#7025 = CARTESIAN_POINT ( 'NONE',  ( -30.49999999999913669, -3.199999999999999289, 50.00000000000156319 ) ) ;
#7026 = FACE_OUTER_BOUND ( 'NONE', #7853, .T. ) ;
#7027 = CIRCLE ( 'NONE', #3366, 1.549999999999999378 ) ;
#7028 = EDGE_CURVE ( 'NONE', #1164, #7402, #11600, .T. ) ;
#7029 = ORIENTED_EDGE ( 'NONE', *, *, #2385, .T. ) ;
#7030 = VERTEX_POINT ( 'NONE', #1588 ) ;
#7031 = ADVANCED_FACE ( 'NONE', ( #6131 ), #2557, .F. ) ;
#7032 = ORIENTED_EDGE ( 'NONE', *, *, #5479, .T. ) ;
#7033 = CARTESIAN_POINT ( 'NONE',  ( 36.54999999999954241, -3.199999999999999734, -42.00000000000000711 ) ) ;
#7034 = CARTESIAN_POINT ( 'NONE',  ( 40.00000000000000711, -5.025393101198561752, -42.00000000000000711 ) ) ;
#7035 = CARTESIAN_POINT ( 'NONE',  ( -43.50000000000013500, -3.199999999999999734, -35.74999999999968736 ) ) ;
#7036 = CYLINDRICAL_SURFACE ( 'NONE', #5905, 1.000000000000000888 ) ;
#7037 = CARTESIAN_POINT ( 'NONE',  ( 41.49999999999982236, 7.750000000000000000, -50.00000000000015632 ) ) ;
#7038 = EDGE_CURVE ( 'NONE', #4743, #11769, #10585, .T. ) ;
#7039 = DIRECTION ( 'NONE',  ( 0.000000000000000000, -0.000000000000000000, 1.000000000000000000 ) ) ;
#7040 = ORIENTED_EDGE ( 'NONE', *, *, #1706, .F. ) ;
#7041 = ORIENTED_EDGE ( 'NONE', *, *, #7447, .F. ) ;
#7042 = ORIENTED_EDGE ( 'NONE', *, *, #9213, .F. ) ;
#7043 = ORIENTED_EDGE ( 'NONE', *, *, #6508, .T. ) ;
#7044 = EDGE_CURVE ( 'NONE', #4743, #2150, #8840, .T. ) ;
#7045 = ORIENTED_EDGE ( 'NONE', *, *, #11357, .F. ) ;
#7046 = CARTESIAN_POINT ( 'NONE',  ( 33.24412171226359192, -11.36437049262550403, 42.00000000000001421 ) ) ;
#7047 = CARTESIAN_POINT ( 'NONE',  ( 40.00000000000000711, -9.000000000000001776, -45.15000000000001279 ) ) ;
#7048 = LINE ( 'NONE', #4267, #8928 ) ;
#7049 = CARTESIAN_POINT ( 'NONE',  ( 2.574873557758147857, -3.940664581463587446, 22.47521112555035927 ) ) ;
#7050 = DIRECTION ( 'NONE',  ( -0.000000000000000000, 1.000000000000000000, -0.000000000000000000 ) ) ;
#7051 = DIRECTION ( 'NONE',  ( -1.000000000000000000, 0.000000000000000000, 1.047444401652940007E-14 ) ) ;
#7052 = LINE ( 'NONE', #6937, #10353 ) ;
#7053 = EDGE_LOOP ( 'NONE', ( #5697, #2656, #9297, #4031 ) ) ;
#7054 = VERTEX_POINT ( 'NONE', #4197 ) ;
#7055 = EDGE_LOOP ( 'NONE', ( #11876, #3015, #4541, #1287 ) ) ;
#7056 = DIRECTION ( 'NONE',  ( 1.000000000000000000, 0.000000000000000000, 0.000000000000000000 ) ) ;
#7057 = AXIS2_PLACEMENT_3D ( 'NONE', #4988, #9566, #8384 ) ;
#7058 = EDGE_LOOP ( 'NONE', ( #2938, #11506 ) ) ;
#7059 = CIRCLE ( 'NONE', #7444, 2.349999999999997868 ) ;
#7060 = DIRECTION ( 'NONE',  ( -1.000000000000000000, -1.204669080539449097E-16, 0.000000000000000000 ) ) ;
#7061 = CYLINDRICAL_SURFACE ( 'NONE', #10665, 2.350000000000001421 ) ;
#7062 = CARTESIAN_POINT ( 'NONE',  ( -36.54999999999925109, -3.199999999999999734, 42.00000000000000711 ) ) ;
#7063 = AXIS2_PLACEMENT_3D ( 'NONE', #3671, #7245, #5485 ) ;
#7064 = VECTOR ( 'NONE', #9597, 1000.000000000000000 ) ;
#7065 = EDGE_CURVE ( 'NONE', #6883, #3458, #11391, .T. ) ;
#7066 = CARTESIAN_POINT ( 'NONE',  ( -10.50000000000000000, -1.000000000000000000, 27.78623788729418465 ) ) ;
#7067 = FACE_OUTER_BOUND ( 'NONE', #7881, .T. ) ;
#7068 = DIRECTION ( 'NONE',  ( 0.000000000000000000, 0.000000000000000000, -1.000000000000000000 ) ) ;
#7069 = ORIENTED_EDGE ( 'NONE', *, *, #8856, .F. ) ;
#7070 = DIRECTION ( 'NONE',  ( 0.000000000000000000, -1.000000000000000000, 0.000000000000000000 ) ) ;
#7071 = EDGE_LOOP ( 'NONE', ( #6705, #7385 ) ) ;
#7072 = ORIENTED_EDGE ( 'NONE', *, *, #1384, .T. ) ;
#7073 = DIRECTION ( 'NONE',  ( 0.7071067811864886199, 0.000000000000000000, -0.7071067811866064146 ) ) ;
#7074 = ORIENTED_EDGE ( 'NONE', *, *, #6353, .T. ) ;
#7075 = CIRCLE ( 'NONE', #9941, 1.000000000000000888 ) ;
#7076 = CIRCLE ( 'NONE', #8040, 24.99999999999999645 ) ;
#7077 = CARTESIAN_POINT ( 'NONE',  ( 10.49999999999999822, -10.39146660750796691, -23.05409675598137653 ) ) ;
#7078 = ADVANCED_FACE ( 'NONE', ( #6245 ), #3467, .T. ) ;
#7079 = CARTESIAN_POINT ( 'NONE',  ( -49.58578643762691485, 0.9999999999999997780, -41.50000000000000000 ) ) ;
#7080 = FACE_OUTER_BOUND ( 'NONE', #2534, .T. ) ;
#7081 = EDGE_CURVE ( 'NONE', #9818, #457, #7575, .T. ) ;
#7082 = CARTESIAN_POINT ( 'NONE',  ( -35.64571638570363632, -14.71854526221898496, -42.94365900407195369 ) ) ;
#7083 = DIRECTION ( 'NONE',  ( -1.047444401652940007E-14, 0.000000000000000000, -1.000000000000000000 ) ) ;
#7084 = CARTESIAN_POINT ( 'NONE',  ( -48.00000000000012079, -3.199999999999998845, -32.84999999999966747 ) ) ;
#7086 = AXIS2_PLACEMENT_3D ( 'NONE', #3044, #10460, #3100 ) ;
#7085 = CIRCLE ( 'NONE', #9397, 6.800000000000001599 ) ;
#7087 = ORIENTED_EDGE ( 'NONE', *, *, #4221, .F. ) ;
#7088 = VERTEX_POINT ( 'NONE', #6978 ) ;
#7089 = AXIS2_PLACEMENT_3D ( 'NONE', #1542, #5234, #1782 ) ;
#7090 = EDGE_LOOP ( 'NONE', ( #7295, #1934, #3298, #9677, #10779, #3713, #4496, #1137, #10507, #5161, #2538, #844, #3361, #11878, #7657, #7506, #3820, #5256, #7154, #7040, #7187, #8526, #3242, #6519, #2728, #8161, #2182, #2639, #6308, #1416, #10656, #351, #7893, #5973, #8189, #1106, #10071, #128, #6657, #1582, #1580, #3729, #8586, #11322, #981, #6477, #962, #6970 ) ) ;
#7091 = AXIS2_PLACEMENT_3D ( 'NONE', #7466, #11131, #9391 ) ;
#7092 = EDGE_CURVE ( 'NONE', #1491, #10827, #7940, .T. ) ;
#7093 = EDGE_CURVE ( 'NONE', #4449, #8162, #10650, .T. ) ;
#7094 = CYLINDRICAL_SURFACE ( 'NONE', #207, 1.550000000000002709 ) ;
#7095 = DIRECTION ( 'NONE',  ( 0.000000000000000000, 0.000000000000000000, -1.000000000000000000 ) ) ;
#7096 = EDGE_CURVE ( 'NONE', #11335, #6401, #7097, .T. ) ;
#7097 = LINE ( 'NONE', #10761, #12 ) ;
#7098 = CARTESIAN_POINT ( 'NONE',  ( 48.00000000000029132, -0.1999999999999999833, 27.09999999999932996 ) ) ;
#7099 = CARTESIAN_POINT ( 'NONE',  ( -31.29999999999983373, 1.000000000000000000, -50.00000000000000711 ) ) ;
#7100 = CARTESIAN_POINT ( 'NONE',  ( 38.75586384957334474, -5.047993573059426531, 42.00000000000000000 ) ) ;
#7101 = VERTEX_POINT ( 'NONE', #5276 ) ;
#7102 = ORIENTED_EDGE ( 'NONE', *, *, #6610, .T. ) ;
#7103 = ORIENTED_EDGE ( 'NONE', *, *, #6045, .F. ) ;
#7104 = VERTEX_POINT ( 'NONE', #683 ) ;
#7105 = CIRCLE ( 'NONE', #3051, 0.9499999999999995115 ) ;
#7106 = EDGE_LOOP ( 'NONE', ( #11841, #2356, #1385, #4208 ) ) ;
#7107 = CARTESIAN_POINT ( 'NONE',  ( 31.93612591493366537, -8.817644318139532089, 42.00000000000000711 ) ) ;
#7108 = EDGE_CURVE ( 'NONE', #8269, #6032, #2382, .T. ) ;
#7109 = CARTESIAN_POINT ( 'NONE',  ( -48.00000000000011369, -3.199999999999999289, -30.49999999999966604 ) ) ;
#7110 = LINE ( 'NONE', #9808, #638 ) ;
#7111 = CARTESIAN_POINT ( 'NONE',  ( 21.49897948556618843, -4.000000000000000000, 42.00000000000000711 ) ) ;
#7112 = ADVANCED_FACE ( 'NONE', ( #9913 ), #1646, .F. ) ;
#7113 = CARTESIAN_POINT ( 'NONE',  ( -32.49407843659390949, -6.550912756285566907, 42.00000000000000000 ) ) ;
#7114 = CARTESIAN_POINT ( 'NONE',  ( 34.40941091843529875, -8.954203794606689470, -48.00000000000000000 ) ) ;
#7115 = CYLINDRICAL_SURFACE ( 'NONE', #4007, 2.350000000000001421 ) ;
#7116 = ORIENTED_EDGE ( 'NONE', *, *, #1571, .F. ) ;
#7117 = ORIENTED_EDGE ( 'NONE', *, *, #1790, .T. ) ;
#7118 = ORIENTED_EDGE ( 'NONE', *, *, #2915, .T. ) ;
#7119 = LINE ( 'NONE', #3316, #5277 ) ;
#7120 = ORIENTED_EDGE ( 'NONE', *, *, #6155, .F. ) ;
#7121 = ADVANCED_FACE ( 'NONE', ( #11776, #2321 ), #5157, .T. ) ;
#7122 = EDGE_CURVE ( 'NONE', #9917, #7567, #1772, .T. ) ;
#7123 = FACE_OUTER_BOUND ( 'NONE', #4334, .T. ) ;
#7124 = CARTESIAN_POINT ( 'NONE',  ( -49.00000000000000711, 7.750000000000000000, -50.00000000000000711 ) ) ;
#7125 = DIRECTION ( 'NONE',  ( 1.000000000000000000, -0.000000000000000000, -1.047444401652940007E-14 ) ) ;
#7126 = VECTOR ( 'NONE', #3088, 1000.000000000000000 ) ;
#7127 = CARTESIAN_POINT ( 'NONE',  ( -31.70653513951540603, -8.523807149526172466, -42.00000000000001421 ) ) ;
#7128 = CARTESIAN_POINT ( 'NONE',  ( 10.50000000000000178, -2.409798737915544109, 27.16068097613501209 ) ) ;
#7129 = DIRECTION ( 'NONE',  ( -1.000000000000000000, 0.000000000000000000, 3.491481338843133355E-15 ) ) ;
#7130 = ORIENTED_EDGE ( 'NONE', *, *, #4124, .F. ) ;
#7131 = ORIENTED_EDGE ( 'NONE', *, *, #3710, .F. ) ;
#7132 = EDGE_LOOP ( 'NONE', ( #8530, #9557, #8546, #8116 ) ) ;
#7133 = PLANE ( 'NONE',  #2613 ) ;
#7134 = ORIENTED_EDGE ( 'NONE', *, *, #5590, .F. ) ;
#7135 = DIRECTION ( 'NONE',  ( 1.000000000000000000, 0.000000000000000000, -1.047444401652940007E-14 ) ) ;
#7136 = LINE ( 'NONE', #1003, #9674 ) ;
#7137 = LINE ( 'NONE', #5263, #6254 ) ;
#7138 = DIRECTION ( 'NONE',  ( -1.000000000000000000, 0.000000000000000000, 1.343011723336883395E-14 ) ) ;
#7139 = DIRECTION ( 'NONE',  ( -0.000000000000000000, 1.000000000000000000, -0.000000000000000000 ) ) ;
#7140 = DIRECTION ( 'NONE',  ( 0.000000000000000000, 1.000000000000000000, 0.000000000000000000 ) ) ;
#7141 = ORIENTED_EDGE ( 'NONE', *, *, #3455, .T. ) ;
#7142 = ORIENTED_EDGE ( 'NONE', *, *, #6508, .F. ) ;
#7143 = AXIS2_PLACEMENT_3D ( 'NONE', #8140, #6212, #10844 ) ;
#7144 = ADVANCED_FACE ( 'NONE', ( #4671, #919 ), #7213, .T. ) ;
#7145 = ORIENTED_EDGE ( 'NONE', *, *, #6634, .T. ) ;
#7146 = FACE_OUTER_BOUND ( 'NONE', #1149, .T. ) ;
#7147 = LINE ( 'NONE', #5506, #460 ) ;
#7148 = DIRECTION ( 'NONE',  ( 1.000000000000000000, 0.000000000000000000, 0.000000000000000000 ) ) ;
#7149 = CARTESIAN_POINT ( 'NONE',  ( -42.50000000000000711, -1.000000000000000000, -50.00000000000000711 ) ) ;
#7150 = CIRCLE ( 'NONE', #11952, 2.350000000000001421 ) ;
#7151 = DIRECTION ( 'NONE',  ( -1.000000000000000000, 0.000000000000000000, 0.000000000000000000 ) ) ;
#7152 = ADVANCED_FACE ( 'NONE', ( #7393 ), #2718, .T. ) ;
#7153 = CARTESIAN_POINT ( 'NONE',  ( -45.80000000000062244, -5.000000000000000000, 26.24999999999800337 ) ) ;
#7154 = ORIENTED_EDGE ( 'NONE', *, *, #11082, .T. ) ;
#7155 = ORIENTED_EDGE ( 'NONE', *, *, #2005, .F. ) ;
#7156 = ORIENTED_EDGE ( 'NONE', *, *, #4804, .F. ) ;
#7157 = ORIENTED_EDGE ( 'NONE', *, *, #11052, .F. ) ;
#7158 = EDGE_CURVE ( 'NONE', #9574, #1301, #8228, .T. ) ;
#7159 = VERTEX_POINT ( 'NONE', #2736 ) ;
#7160 = AXIS2_PLACEMENT_3D ( 'NONE', #5544, #948, #1980 ) ;
#7161 = VECTOR ( 'NONE', #10275, 1000.000000000000000 ) ;
#7162 = DIRECTION ( 'NONE',  ( 0.000000000000000000, 1.000000000000000000, 0.000000000000000000 ) ) ;
#7163 = AXIS2_PLACEMENT_3D ( 'NONE', #6289, #851, #5378 ) ;
#7164 = DIRECTION ( 'NONE',  ( -0.000000000000000000, 1.000000000000000000, -0.000000000000000000 ) ) ;
#7165 = DIRECTION ( 'NONE',  ( -1.000000000000000000, -0.000000000000000000, 3.491481338843133355E-15 ) ) ;
#7166 = CARTESIAN_POINT ( 'NONE',  ( -42.49999999999948841, 1.000000000000000000, 49.99999999999999289 ) ) ;
#7167 = DIRECTION ( 'NONE',  ( 0.000000000000000000, -1.000000000000000000, 0.000000000000000000 ) ) ;
#7168 = CARTESIAN_POINT ( 'NONE',  ( -41.99999999999987921, -3.199999999999999734, 38.09999999999998010 ) ) ;
#7169 = ORIENTED_EDGE ( 'NONE', *, *, #5011, .F. ) ;
#7170 = ORIENTED_EDGE ( 'NONE', *, *, #2687, .T. ) ;
#7171 = EDGE_CURVE ( 'NONE', #3272, #936, #10876, .T. ) ;
#7172 = AXIS2_PLACEMENT_3D ( 'NONE', #3513, #1068, #10863 ) ;
#7173 = ORIENTED_EDGE ( 'NONE', *, *, #5705, .F. ) ;
#7174 = AXIS2_PLACEMENT_3D ( 'NONE', #8171, #5335, #4374 ) ;
#7175 = PLANE ( 'NONE',  #169 ) ;
#7176 = ADVANCED_FACE ( 'NONE', ( #5507 ), #4736, .F. ) ;
#7177 = CARTESIAN_POINT ( 'NONE',  ( -41.49999999999948841, 0.9999999999999997780, 49.58578643762690774 ) ) ;
#7178 = LINE ( 'NONE', #11864, #5420 ) ;
#7179 = AXIS2_PLACEMENT_3D ( 'NONE', #10354, #3057, #5772 ) ;
#7180 = CARTESIAN_POINT ( 'NONE',  ( 38.09999999999983800, -3.199999999999999734, -48.00000000000000711 ) ) ;
#7181 = DIRECTION ( 'NONE',  ( -1.000000000000000000, -0.000000000000000000, 3.491481338843133355E-15 ) ) ;
#7182 = EDGE_CURVE ( 'NONE', #5976, #6643, #5439, .T. ) ;
#7183 = CIRCLE ( 'NONE', #4676, 1.550000000000002709 ) ;
#7184 = CARTESIAN_POINT ( 'NONE',  ( -48.00000000000015632, -8.764841589133277822, -42.07151923710802777 ) ) ;
#7185 = LINE ( 'NONE', #11872, #7849 ) ;
#7186 = CARTESIAN_POINT ( 'NONE',  ( 35.98116564823867236, -8.319675267605138202, -44.48600144702241721 ) ) ;
#7187 = ORIENTED_EDGE ( 'NONE', *, *, #9769, .F. ) ;
#7188 = LINE ( 'NONE', #1121, #11910 ) ;
#7189 = EDGE_LOOP ( 'NONE', ( #6646, #980, #983, #8354 ) ) ;
#7191 = ORIENTED_EDGE ( 'NONE', *, *, #5231, .F. ) ;
#7190 = EDGE_CURVE ( 'NONE', #8686, #10984, #9098, .T. ) ;
#7192 = LINE ( 'NONE', #1682, #9349 ) ;
#7193 = EDGE_LOOP ( 'NONE', ( #3031, #6186, #10145, #7012 ) ) ;
#7194 = VECTOR ( 'NONE', #3685, 1000.000000000000000 ) ;
#7195 = CARTESIAN_POINT ( 'NONE',  ( -21.49897948556374416, -4.000000000000000000, -50.00000000000000711 ) ) ;
#7196 = DIRECTION ( 'NONE',  ( 0.000000000000000000, 0.000000000000000000, 1.000000000000000000 ) ) ;
#7197 = FACE_OUTER_BOUND ( 'NONE', #2501, .T. ) ;
#7198 = LINE ( 'NONE', #8099, #1616 ) ;
#7199 = EDGE_CURVE ( 'NONE', #2615, #7104, #974, .T. ) ;
#7200 = CARTESIAN_POINT ( 'NONE',  ( 0.000000000000000000, 0.000000000000000000, 48.99999999999999289 ) ) ;
#7201 = PLANE ( 'NONE',  #10521 ) ;
#7202 = LINE ( 'NONE', #8774, #7327 ) ;
#7203 = VECTOR ( 'NONE', #11143, 1000.000000000000000 ) ;
#7204 = ORIENTED_EDGE ( 'NONE', *, *, #6832, .T. ) ;
#7205 = ORIENTED_EDGE ( 'NONE', *, *, #8356, .F. ) ;
#7206 =( GEOMETRIC_REPRESENTATION_CONTEXT ( 3 ) GLOBAL_UNCERTAINTY_ASSIGNED_CONTEXT ( ( #2964 ) ) GLOBAL_UNIT_ASSIGNED_CONTEXT ( ( #4926, #3779, #4806 ) ) REPRESENTATION_CONTEXT ( 'NONE', 'WORKASPACE' ) );
#7207 = ORIENTED_EDGE ( 'NONE', *, *, #2734, .F. ) ;
#7208 = VECTOR ( 'NONE', #9155, 1000.000000000000000 ) ;
#7209 = DIRECTION ( 'NONE',  ( 0.000000000000000000, -1.000000000000000000, 0.000000000000000000 ) ) ;
#7210 = LINE ( 'NONE', #10815, #10082 ) ;
#7211 = B_SPLINE_CURVE_WITH_KNOTS ( 'NONE', 3,
 ( #7883, #11540, #3288, #5385, #8285, #4611, #4488, #2732, #2617, #10088, #4426, #1758, #6355, #7448, #8109, #3583, #737, #1700 ),
 .UNSPECIFIED., .F., .F.,
 ( 4, 2, 2, 2, 2, 2, 2, 2, 4 ),
 ( -0.002795617564603861301, -0.001983466143858703297, -0.001171314723113545510, -0.0003591633023683877234, 0.0004529881183767702803, 0.001265139539121927850, 0.002077290959867085854, 0.002889442380612243857, 0.003701593801357401861 ),
 .UNSPECIFIED. ) ;
#7212 = AXIS2_PLACEMENT_3D ( 'NONE', #4734, #11296, #5690 ) ;
#7213 = PLANE ( 'NONE',  #6385 ) ;
#7214 = AXIS2_PLACEMENT_3D ( 'NONE', #5240, #8921, #9877 ) ;
#7215 = CARTESIAN_POINT ( 'NONE',  ( 10.50000000000000178, -12.69965371984184976, 13.48363888547205569 ) ) ;
#7216 = CARTESIAN_POINT ( 'NONE',  ( -49.99999999999999289, -1.000000000000000000, 48.99999999999999289 ) ) ;
#7217 = EDGE_CURVE ( 'NONE', #6253, #3286, #4445, .T. ) ;
#7218 = CARTESIAN_POINT ( 'NONE',  ( 41.33922366229344192, -6.776537702212227288, 42.00000000000001421 ) ) ;
#7219 = VERTEX_POINT ( 'NONE', #10937 ) ;
#7220 = EDGE_LOOP ( 'NONE', ( #8403, #4935, #3331, #6534 ) ) ;
#7221 = EDGE_LOOP ( 'NONE', ( #10097, #9835, #1546, #6211, #11700, #9149, #10323, #11434, #11304 ) ) ;
#7222 = ORIENTED_EDGE ( 'NONE', *, *, #3098, .T. ) ;
#7223 = CIRCLE ( 'NONE', #8766, 1.000000000000000888 ) ;
#7224 = CARTESIAN_POINT ( 'NONE',  ( -27.09999999999983089, -0.1999999999999999833, 48.00000000000000711 ) ) ;
#7225 = DIRECTION ( 'NONE',  ( -1.000000000000000000, 0.000000000000000000, 0.000000000000000000 ) ) ;
#7226 = LINE ( 'NONE', #5348, #9883 ) ;
#7227 = ADVANCED_FACE ( 'NONE', ( #6358 ), #7450, .T. ) ;
#7228 = CARTESIAN_POINT ( 'NONE',  ( -41.99999999999986500, -8.595666539559786656, 41.49999999999997868 ) ) ;
#7229 = DIRECTION ( 'NONE',  ( 0.000000000000000000, -1.000000000000000000, 0.000000000000000000 ) ) ;
#7230 = EDGE_CURVE ( 'NONE', #11286, #3074, #3585, .T. ) ;
#7231 = CARTESIAN_POINT ( 'NONE',  ( -49.00000000000000711, 0.000000000000000000, -41.49999999999999289 ) ) ;
#7232 = CARTESIAN_POINT ( 'NONE',  ( -32.86226415094330378, -11.60000000000000320, 45.68962710804181881 ) ) ;
#7233 = ORIENTED_EDGE ( 'NONE', *, *, #10610, .T. ) ;
#7234 = ORIENTED_EDGE ( 'NONE', *, *, #5152, .F. ) ;
#7235 = EDGE_LOOP ( 'NONE', ( #6925, #10067, #1059, #1285, #11908, #4396, #1471, #2229, #4963, #2494, #7117 ) ) ;
#7236 = CARTESIAN_POINT ( 'NONE',  ( 10.49999999999999822, -9.970060417065823799, -13.39989883333887732 ) ) ;
#7237 = CARTESIAN_POINT ( 'NONE',  ( 33.14547960199828935, -11.57639710571786296, 42.82519883287060480 ) ) ;
#7238 = CARTESIAN_POINT ( 'NONE',  ( -48.00000000000015632, 1.000000000000000000, -41.49999999999999289 ) ) ;
#7239 = CARTESIAN_POINT ( 'NONE',  ( -30.94842073124647897, -8.000000000000001776, -48.00000000000000711 ) ) ;
#7240 = EDGE_CURVE ( 'NONE', #473, #9411, #4654, .T. ) ;
#7241 = DIRECTION ( 'NONE',  ( 0.000000000000000000, 0.000000000000000000, 1.000000000000000000 ) ) ;
#7242 = FACE_OUTER_BOUND ( 'NONE', #5974, .T. ) ;
#7243 = AXIS2_PLACEMENT_3D ( 'NONE', #10744, #9047, #9834 ) ;
#7244 = EDGE_CURVE ( 'NONE', #1844, #10537, #4548, .T. ) ;
#7245 = DIRECTION ( 'NONE',  ( -0.000000000000000000, -1.000000000000000000, -0.000000000000000000 ) ) ;
#7246 = CARTESIAN_POINT ( 'NONE',  ( 48.00000000000044764, -1.000000000000000000, 41.49999999999933920 ) ) ;
#7247 = CARTESIAN_POINT ( 'NONE',  ( 35.65872060429975221, -8.729307454700222735, -42.40285859902645171 ) ) ;
#7248 = ORIENTED_EDGE ( 'NONE', *, *, #5696, .F. ) ;
#7249 = ORIENTED_EDGE ( 'NONE', *, *, #1954, .T. ) ;
#7250 = VERTEX_POINT ( 'NONE', #3890 ) ;
#7251 = DIRECTION ( 'NONE',  ( -1.734723475976807094E-15, 0.000000000000000000, -1.000000000000000000 ) ) ;
#7252 = CIRCLE ( 'NONE', #6677, 0.9499999999999995115 ) ;
#7253 = ORIENTED_EDGE ( 'NONE', *, *, #669, .T. ) ;
#7254 = CARTESIAN_POINT ( 'NONE',  ( -41.67402799485303433, -5.319115287169991824, -41.82597200514686619 ) ) ;
#7255 = VECTOR ( 'NONE', #10977, 1000.000000000000000 ) ;
#7256 = CIRCLE ( 'NONE', #9365, 4.000000000000000000 ) ;
#7257 = ADVANCED_FACE ( 'NONE', ( #3952, #11353 ), #2190, .T. ) ;
#7258 = CARTESIAN_POINT ( 'NONE',  ( -50.00000000000000711, -1.000000000000000000, -49.00000000000000711 ) ) ;
#7259 = DIRECTION ( 'NONE',  ( 6.982962677686266711E-15, 0.000000000000000000, 1.000000000000000000 ) ) ;
#7260 = CARTESIAN_POINT ( 'NONE',  ( -47.99999999999989342, -0.1999999999999999833, 31.30000000000000071 ) ) ;
#7261 = CARTESIAN_POINT ( 'NONE',  ( 37.50000000000000711, -8.400000000000000355, 42.89999999999999147 ) ) ;
#7262 = CYLINDRICAL_SURFACE ( 'NONE', #9934, 1.549999999999999378 ) ;
#7263 = EDGE_CURVE ( 'NONE', #485, #5992, #9371, .T. ) ;
#7264 = DIRECTION ( 'NONE',  ( 0.000000000000000000, 0.000000000000000000, 1.000000000000000000 ) ) ;
#7265 = ORIENTED_EDGE ( 'NONE', *, *, #7708, .F. ) ;
#7266 = VERTEX_POINT ( 'NONE', #4975 ) ;
#7267 = VECTOR ( 'NONE', #4455, 1000.000000000000000 ) ;
#7268 = ORIENTED_EDGE ( 'NONE', *, *, #11747, .T. ) ;
#7269 = EDGE_CURVE ( 'NONE', #6307, #3149, #9069, .T. ) ;
#7270 = CARTESIAN_POINT ( 'NONE',  ( -15.00000000000000355, -1.000000000000000000, -15.00000000000000355 ) ) ;
#7271 = DIRECTION ( 'NONE',  ( -8.673617379884051249E-16, -0.000000000000000000, -1.000000000000000000 ) ) ;
#7272 = VECTOR ( 'NONE', #920, 1000.000000000000000 ) ;
#7273 = DIRECTION ( 'NONE',  ( -0.000000000000000000, 1.000000000000000000, -0.000000000000000000 ) ) ;
#7274 = AXIS2_PLACEMENT_3D ( 'NONE', #4814, #3609, #7296 ) ;
#7275 = FACE_OUTER_BOUND ( 'NONE', #11345, .T. ) ;
#7276 = LINE ( 'NONE', #10939, #11208 ) ;
#7277 = CARTESIAN_POINT ( 'NONE',  ( -10.49999999999999822, -10.00000103396229179, -15.77848288404054244 ) ) ;
#7278 = CARTESIAN_POINT ( 'NONE',  ( 40.34234314584959691, -5.647720862486599103, 42.00000000000000711 ) ) ;
#7279 = ORIENTED_EDGE ( 'NONE', *, *, #7092, .F. ) ;
#7280 = VERTEX_POINT ( 'NONE', #3099 ) ;
#7281 = ORIENTED_EDGE ( 'NONE', *, *, #7821, .T. ) ;
#7282 = EDGE_LOOP ( 'NONE', ( #2939, #899, #8917, #7072, #9019, #8104, #4905, #8294, #11494, #9044 ) ) ;
#7283 = CIRCLE ( 'NONE', #11879, 2.349999999999997868 ) ;
#7284 = DIRECTION ( 'NONE',  ( -8.673617379884051249E-16, 0.000000000000000000, -1.000000000000000000 ) ) ;
#7285 = CARTESIAN_POINT ( 'NONE',  ( -0.1412460976656469414, -3.298378529229151646, 26.60000000000000497 ) ) ;
#7286 = DIRECTION ( 'NONE',  ( 1.000000000000000000, 0.000000000000000000, 0.000000000000000000 ) ) ;
#7287 = FACE_OUTER_BOUND ( 'NONE', #7220, .T. ) ;
#7288 = CARTESIAN_POINT ( 'NONE',  ( 42.49999999999982947, 7.750000000000000000, -50.00000000000000711 ) ) ;
#7289 = AXIS2_PLACEMENT_3D ( 'NONE', #11410, #3039, #5879 ) ;
#7290 = DIRECTION ( 'NONE',  ( 0.8878923766816297913, 0.000000000000000000, -0.4600512226161851403 ) ) ;
#7291 = VECTOR ( 'NONE', #3210, 1000.000000000000000 ) ;
#7292 = CARTESIAN_POINT ( 'NONE',  ( -32.73853529878012836, -8.160396437552970283, 45.54158790202385632 ) ) ;
#7293 = ORIENTED_EDGE ( 'NONE', *, *, #8351, .T. ) ;
#7294 = ORIENTED_EDGE ( 'NONE', *, *, #6947, .F. ) ;
#7295 = ORIENTED_EDGE ( 'NONE', *, *, #10685, .T. ) ;
#7296 = DIRECTION ( 'NONE',  ( -1.000000000000000000, 0.000000000000000000, 0.000000000000000000 ) ) ;
#7297 = FACE_BOUND ( 'NONE', #3957, .T. ) ;
#7298 = AXIS2_PLACEMENT_3D ( 'NONE', #8525, #248, #11285 ) ;
#7299 = EDGE_CURVE ( 'NONE', #7979, #9590, #3827, .T. ) ;
#7300 = CARTESIAN_POINT ( 'NONE',  ( 10.50000000000000178, -1.934045255635520322, 24.02352779072083067 ) ) ;
#7301 = CARTESIAN_POINT ( 'NONE',  ( -38.88223797497223444, -11.30687745523377608, -48.00000000000002842 ) ) ;
#7302 = PLANE ( 'NONE',  #1403 ) ;
#7303 = B_SPLINE_CURVE_WITH_KNOTS ( 'NONE', 3,
 ( #9084, #3432, #821, #6089, #5175, #1541, #5232, #583, #8915, #4330, #11679, #7114, #6202, #1781, #4568, #1962, #8431, #6441 ),
 .UNSPECIFIED., .F., .F.,
 ( 4, 2, 2, 2, 2, 2, 2, 2, 4 ),
 ( 0.008637073220059363413, 0.009275003195156502483, 0.009912933170253641554, 0.01118879312044794225, 0.01246465307064224121, 0.01374051302083654016, 0.01629223292122513808, 0.01756809287141943704, 0.01884395282161374641 ),
 .UNSPECIFIED. ) ;
#7304 = CARTESIAN_POINT ( 'NONE',  ( 31.62277660168379967, -1.000000000000000000, -7.500000000000004441 ) ) ;
#7305 = CARTESIAN_POINT ( 'NONE',  ( 45.80000000000062244, -5.000000000000000000, -26.24999999999800337 ) ) ;
#7306 = DIRECTION ( 'NONE',  ( 1.000000000000000000, 0.000000000000000000, 0.000000000000000000 ) ) ;
#7307 = FACE_BOUND ( 'NONE', #676, .T. ) ;
#7308 = EDGE_LOOP ( 'NONE', ( #8077, #6616, #7777, #10206, #10780 ) ) ;
#7309 = ORIENTED_EDGE ( 'NONE', *, *, #11357, .T. ) ;
#7310 = EDGE_LOOP ( 'NONE', ( #5649, #3867 ) ) ;
#7311 = FACE_OUTER_BOUND ( 'NONE', #11050, .T. ) ;
#7312 = ORIENTED_EDGE ( 'NONE', *, *, #6647, .F. ) ;
#7313 = EDGE_CURVE ( 'NONE', #341, #5962, #1337, .T. ) ;
#7314 = DIRECTION ( 'NONE',  ( 0.000000000000000000, 0.000000000000000000, 1.000000000000000000 ) ) ;
#7315 = CARTESIAN_POINT ( 'NONE',  ( 33.14683452046717349, -8.267996909623013480, 43.05088651870154592 ) ) ;
#7316 = CARTESIAN_POINT ( 'NONE',  ( 50.00000000000097344, -3.199999999999999734, 39.64999999999966462 ) ) ;
#7317 = FACE_OUTER_BOUND ( 'NONE', #1165, .T. ) ;
#7318 = DIRECTION ( 'NONE',  ( 1.000000000000000000, 0.000000000000000000, -1.047444401652940007E-14 ) ) ;
#7319 = DIRECTION ( 'NONE',  ( 0.000000000000000000, 1.000000000000000000, 0.000000000000000000 ) ) ;
#7320 = ORIENTED_EDGE ( 'NONE', *, *, #8106, .T. ) ;
#7321 = EDGE_LOOP ( 'NONE', ( #692, #2391, #5620 ) ) ;
#7322 = AXIS2_PLACEMENT_3D ( 'NONE', #11405, #9660, #5990 ) ;
#7323 = ADVANCED_FACE ( 'NONE', ( #8653, #7510 ), #1159, .T. ) ;
#7324 = VERTEX_POINT ( 'NONE', #10459 ) ;
#7325 = DIRECTION ( 'NONE',  ( 0.000000000000000000, -1.000000000000000000, -0.000000000000000000 ) ) ;
#7326 = CARTESIAN_POINT ( 'NONE',  ( 30.49999999999953104, -3.199999999999999289, -43.50000000000001421 ) ) ;
#7327 = VECTOR ( 'NONE', #9843, 1000.000000000000000 ) ;
#7328 = DIRECTION ( 'NONE',  ( -0.000000000000000000, 1.000000000000000000, -0.000000000000000000 ) ) ;
#7329 = DIRECTION ( 'NONE',  ( -1.000000000000000000, 0.000000000000000000, 1.047444401652940007E-14 ) ) ;
#7330 = CARTESIAN_POINT ( 'NONE',  ( 50.00000000000093792, -3.199999999999999289, -30.49999999999965894 ) ) ;
#7331 = EDGE_CURVE ( 'NONE', #7337, #2167, #4917, .T. ) ;
#7332 = CIRCLE ( 'NONE', #9827, 8.500000000000000000 ) ;
#7333 = DIRECTION ( 'NONE',  ( -1.000000000000000000, -0.000000000000000000, 3.491481338843133355E-15 ) ) ;
#7334 = LINE ( 'NONE', #10010, #7022 ) ;
#7335 = ORIENTED_EDGE ( 'NONE', *, *, #10181, .F. ) ;
#7336 = ORIENTED_EDGE ( 'NONE', *, *, #4524, .T. ) ;
#7337 = VERTEX_POINT ( 'NONE', #10335 ) ;
#7338 = EDGE_CURVE ( 'NONE', #5585, #865, #9553, .T. ) ;
#7339 = B_SPLINE_CURVE_WITH_KNOTS ( 'NONE', 3,
 ( #525, #5173, #580, #641, #4327, #11128 ),
 .UNSPECIFIED., .F., .F.,
 ( 4, 2, 4 ),
 ( 0.008203906045125240742, 0.01014175971677441605, 0.01207961338842359136 ),
 .UNSPECIFIED. ) ;
#7340 = CARTESIAN_POINT ( 'NONE',  ( 50.00000000000064659, -5.000000000000000000, 27.10000000000163922 ) ) ;
#7341 = AXIS2_PLACEMENT_3D ( 'NONE', #8241, #3598, #1893 ) ;
#7342 = DIRECTION ( 'NONE',  ( 0.000000000000000000, 0.000000000000000000, 1.000000000000000000 ) ) ;
#7343 = CARTESIAN_POINT ( 'NONE',  ( -49.99999999999999289, 0.000000000000000000, 42.50000000000051870 ) ) ;
#7344 = DIRECTION ( 'NONE',  ( 0.000000000000000000, 0.000000000000000000, -1.000000000000000000 ) ) ;
#7345 = DIRECTION ( 'NONE',  ( -0.000000000000000000, 1.000000000000000000, -0.000000000000000000 ) ) ;
#7346 = DIRECTION ( 'NONE',  ( 0.000000000000000000, 0.000000000000000000, -1.000000000000000000 ) ) ;
#7347 = AXIS2_PLACEMENT_3D ( 'NONE', #10066, #5487, #11932 ) ;
#7348 = CARTESIAN_POINT ( 'NONE',  ( -31.86985919297771730, -8.630362772117683434, 43.36184315365019870 ) ) ;
#7349 = ORIENTED_EDGE ( 'NONE', *, *, #8483, .F. ) ;
#7350 = ORIENTED_EDGE ( 'NONE', *, *, #2435, .T. ) ;
#7351 = EDGE_LOOP ( 'NONE', ( #10838, #3075, #11757, #7747 ) ) ;
#7352 = LINE ( 'NONE', #8253, #2196 ) ;
#7353 = AXIS2_PLACEMENT_3D ( 'NONE', #3798, #7479, #8097 ) ;
#7354 = AXIS2_PLACEMENT_3D ( 'NONE', #5333, #4254, #11604 ) ;
#7355 = DIRECTION ( 'NONE',  ( -1.387778780781445676E-16, 0.000000000000000000, -1.000000000000000000 ) ) ;
#7356 = DIRECTION ( 'NONE',  ( 1.000000000000000000, 0.000000000000000000, 0.000000000000000000 ) ) ;
#7357 = CARTESIAN_POINT ( 'NONE',  ( -47.99999999999986500, 1.000000000000000000, 41.50000000000051159 ) ) ;
#7358 = CIRCLE ( 'NONE', #2152, 11.15000000000000036 ) ;
#7359 = DIRECTION ( 'NONE',  ( 0.000000000000000000, -1.000000000000000000, 0.000000000000000000 ) ) ;
#7360 = DIRECTION ( 'NONE',  ( 0.000000000000000000, 1.000000000000000000, 0.000000000000000000 ) ) ;
#7361 = CIRCLE ( 'NONE', #8705, 1.549999999999999378 ) ;
#7362 = AXIS2_PLACEMENT_3D ( 'NONE', #4066, #5304, #7756 ) ;
#7363 = DIRECTION ( 'NONE',  ( 0.000000000000000000, -1.000000000000000000, 0.000000000000000000 ) ) ;
#7364 = CARTESIAN_POINT ( 'NONE',  ( -29.84309001750258261, -7.989592848897436816, -45.96373824087406490 ) ) ;
#7365 = CARTESIAN_POINT ( 'NONE',  ( -30.49999999999983302, -3.199999999999999289, -43.50000000000001421 ) ) ;
#7366 = ORIENTED_EDGE ( 'NONE', *, *, #2608, .T. ) ;
#7367 = ORIENTED_EDGE ( 'NONE', *, *, #5391, .T. ) ;
#7368 = ADVANCED_FACE ( 'NONE', ( #10516 ), #2919, .F. ) ;
#7369 = ORIENTED_EDGE ( 'NONE', *, *, #3573, .T. ) ;
#7370 = DIRECTION ( 'NONE',  ( 0.000000000000000000, 0.000000000000000000, 1.000000000000000000 ) ) ;
#7371 = ORIENTED_EDGE ( 'NONE', *, *, #2019, .F. ) ;
#7372 = CIRCLE ( 'NONE', #3704, 4.000000000000000000 ) ;
#7373 = VECTOR ( 'NONE', #7943, 1000.000000000000000 ) ;
#7374 = CARTESIAN_POINT ( 'NONE',  ( 49.99999999999985079, 1.000000000000000000, -41.50000000000018474 ) ) ;
#7375 = AXIS2_PLACEMENT_3D ( 'NONE', #8012, #8851, #9694 ) ;
#7376 = LINE ( 'NONE', #4598, #1274 ) ;
#7377 = DIRECTION ( 'NONE',  ( -0.000000000000000000, -0.000000000000000000, 1.000000000000000000 ) ) ;
#7378 = EDGE_CURVE ( 'NONE', #2404, #2344, #9434, .T. ) ;
#7379 = CARTESIAN_POINT ( 'NONE',  ( 35.72419598204034230, -14.74252444900601944, -42.00000000000000711 ) ) ;
#7380 = LINE ( 'NONE', #1994, #9752 ) ;
#7381 = CARTESIAN_POINT ( 'NONE',  ( -45.80000000000062244, -5.000000000000000000, -26.24999999999800337 ) ) ;
#7382 = ORIENTED_EDGE ( 'NONE', *, *, #1359, .F. ) ;
#7383 = EDGE_CURVE ( 'NONE', #1493, #2029, #3043, .T. ) ;
#7384 = AXIS2_PLACEMENT_3D ( 'NONE', #2986, #4013, #7696 ) ;
#7385 = ORIENTED_EDGE ( 'NONE', *, *, #966, .F. ) ;
#7386 = ORIENTED_EDGE ( 'NONE', *, *, #2380, .F. ) ;
#7387 = AXIS2_PLACEMENT_3D ( 'NONE', #7195, #2420, #3451 ) ;
#7388 = ORIENTED_EDGE ( 'NONE', *, *, #1539, .T. ) ;
#7389 = DIRECTION ( 'NONE',  ( -0.000000000000000000, 1.000000000000000000, -0.000000000000000000 ) ) ;
#7390 = CARTESIAN_POINT ( 'NONE',  ( 10.50000000000000178, -13.00000000000000178, -11.29999999999999893 ) ) ;
#7391 = LINE ( 'NONE', #10276, #1029 ) ;
#7392 = EDGE_CURVE ( 'NONE', #1401, #11638, #10435, .T. ) ;
#7393 = FACE_OUTER_BOUND ( 'NONE', #6797, .T. ) ;
#7394 = CARTESIAN_POINT ( 'NONE',  ( 10.50000000000000178, -10.53089257130205780, 19.30840484714764571 ) ) ;
#7395 = DIRECTION ( 'NONE',  ( 0.000000000000000000, -1.000000000000000000, 0.000000000000000000 ) ) ;
#7396 = FACE_OUTER_BOUND ( 'NONE', #6627, .T. ) ;
#7397 = AXIS2_PLACEMENT_3D ( 'NONE', #3540, #10832, #6257 ) ;
#7398 = ADVANCED_FACE ( 'NONE', ( #5817 ), #197, .F. ) ;
#7399 = ORIENTED_EDGE ( 'NONE', *, *, #5724, .T. ) ;
#7400 = ORIENTED_EDGE ( 'NONE', *, *, #2959, .T. ) ;
#7401 = ORIENTED_EDGE ( 'NONE', *, *, #9608, .F. ) ;
#7402 = VERTEX_POINT ( 'NONE', #7573 ) ;
#7403 = VECTOR ( 'NONE', #4112, 1000.000000000000000 ) ;
#7404 = LINE ( 'NONE', #7340, #8723 ) ;
#7405 = VECTOR ( 'NONE', #9183, 1000.000000000000000 ) ;
#7406 = CARTESIAN_POINT ( 'NONE',  ( -0.5393834340208838452, -7.256265841873519307, 23.48762062827231034 ) ) ;
#7407 = DIRECTION ( 'NONE',  ( 0.000000000000000000, 1.000000000000000000, 0.000000000000000000 ) ) ;
#7408 = EDGE_CURVE ( 'NONE', #793, #3594, #1744, .T. ) ;
#7409 = CARTESIAN_POINT ( 'NONE',  ( 33.24412171226666857, -15.00000000000000355, 42.00000000000000711 ) ) ;
#7410 = DIRECTION ( 'NONE',  ( 0.000000000000000000, 0.000000000000000000, -1.000000000000000000 ) ) ;
#7411 = DIRECTION ( 'NONE',  ( -1.000000000000000000, 0.000000000000000000, -0.000000000000000000 ) ) ;
#7412 = EDGE_CURVE ( 'NONE', #5619, #9146, #4852, .T. ) ;
#7413 = CARTESIAN_POINT ( 'NONE',  ( -31.89185098527477180, -8.625022473410092871, 42.18565580438778539 ) ) ;
#7414 = ORIENTED_EDGE ( 'NONE', *, *, #2455, .F. ) ;
#7415 = ORIENTED_EDGE ( 'NONE', *, *, #10045, .F. ) ;
#7416 = AXIS2_PLACEMENT_3D ( 'NONE', #9172, #7496, #2966 ) ;
#7417 = EDGE_LOOP ( 'NONE', ( #4801, #7691, #173, #1981 ) ) ;
#7418 = CARTESIAN_POINT ( 'NONE',  ( -36.19999999999999574, -8.400000000000000355, 42.89999999999999147 ) ) ;
#7419 = CARTESIAN_POINT ( 'NONE',  ( -50.00000000000000711, 1.000000000000000000, -50.00000000000000711 ) ) ;
#7420 = CARTESIAN_POINT ( 'NONE',  ( 10.50000000000000178, -10.00000073662942945, 11.13464828885041058 ) ) ;
#7421 = CARTESIAN_POINT ( 'NONE',  ( -31.74287188724211362, -8.112272777429250681, -48.00000000000001421 ) ) ;
#7422 = AXIS2_PLACEMENT_3D ( 'NONE', #11587, #3496, #9037 ) ;
#7423 = DIRECTION ( 'NONE',  ( 0.000000000000000000, -1.000000000000000000, 0.000000000000000000 ) ) ;
#7424 = CARTESIAN_POINT ( 'NONE',  ( -50.00000000000000711, -1.000000000000000000, -41.49999999999933209 ) ) ;
#7425 = DIRECTION ( 'NONE',  ( 0.000000000000000000, 0.000000000000000000, 1.000000000000000000 ) ) ;
#7426 = CARTESIAN_POINT ( 'NONE',  ( 50.00000000000093792, -3.199999999999999289, 30.49999999999965894 ) ) ;
#7427 = CARTESIAN_POINT ( 'NONE',  ( 30.09999999999983089, -8.000000000000003553, -47.92957113217047294 ) ) ;
#7428 = ORIENTED_EDGE ( 'NONE', *, *, #8662, .F. ) ;
#7429 = EDGE_LOOP ( 'NONE', ( #8176, #6337, #5488, #8891 ) ) ;
#7430 = ORIENTED_EDGE ( 'NONE', *, *, #4339, .F. ) ;
#7431 = DIRECTION ( 'NONE',  ( -0.000000000000000000, 1.000000000000000000, -0.000000000000000000 ) ) ;
#7432 = ORIENTED_EDGE ( 'NONE', *, *, #4381, .F. ) ;
#7433 = CARTESIAN_POINT ( 'NONE',  ( -40.44999999999983231, -3.199999999999999289, 43.50000000000001421 ) ) ;
#7434 = CYLINDRICAL_SURFACE ( 'NONE', #4950, 1.000000000000000888 ) ;
#7435 = DIRECTION ( 'NONE',  ( 0.000000000000000000, 1.000000000000000000, 0.000000000000000000 ) ) ;
#7436 = LINE ( 'NONE', #8100, #9665 ) ;
#7437 = CARTESIAN_POINT ( 'NONE',  ( 42.49999999999982947, 1.000000000000000000, -49.00000000000000711 ) ) ;
#7438 = CARTESIAN_POINT ( 'NONE',  ( -24.69999999999752660, -8.000000000000001776, 45.80000000000087823 ) ) ;
#7439 = ORIENTED_EDGE ( 'NONE', *, *, #4870, .T. ) ;
#7440 = ORIENTED_EDGE ( 'NONE', *, *, #10329, .F. ) ;
#7441 = ORIENTED_EDGE ( 'NONE', *, *, #6420, .F. ) ;
#7442 = AXIS2_PLACEMENT_3D ( 'NONE', #4418, #7318, #789 ) ;
#7443 = B_SPLINE_CURVE_WITH_KNOTS ( 'NONE', 3,
 ( #5946, #7817, #7698, #10737, #9825, #8984, #1557, #6854, #2475, #8929, #657, #4343, #2131, #3954, #8030, #11692, #3443, #7127, #10791, #11299, #2530, #6218 ),
 .UNSPECIFIED., .F., .F.,
 ( 4, 2, 2, 2, 2, 2, 2, 2, 2, 2, 4 ),
 ( 0.000000000000000000, 0.001227834267651435000, 0.001841751401477155102, 0.002455668535302874770, 0.003683502802954302397, 0.004297419936780013175, 0.004911337070605724386, 0.006139171338257155483, 0.007367005605908584845, 0.008594839873560015941, 0.009822674141211447038 ),
 .UNSPECIFIED. ) ;
#7444 = AXIS2_PLACEMENT_3D ( 'NONE', #242, #180, #7679 ) ;
#7445 = ORIENTED_EDGE ( 'NONE', *, *, #8177, .F. ) ;
#7446 = CARTESIAN_POINT ( 'NONE',  ( 24.70000000000261764, -3.499999999999999556, 43.44999999999865281 ) ) ;
#7447 = EDGE_CURVE ( 'NONE', #11561, #276, #5225, .T. ) ;
#7448 = CARTESIAN_POINT ( 'NONE',  ( 38.65278038507157987, -5.180344351360793631, -42.00000000000001421 ) ) ;
#7449 = DIRECTION ( 'NONE',  ( 1.000000000000000000, 0.000000000000000000, -3.491481338843133355E-15 ) ) ;
#7450 = CYLINDRICAL_SURFACE ( 'NONE', #3113, 4.349999999999999645 ) ;
#7451 = CARTESIAN_POINT ( 'NONE',  ( 32.43401352600619703, -8.907704332248279400, -42.00000000000000711 ) ) ;
#7452 = DIRECTION ( 'NONE',  ( 1.000000000000000000, -0.000000000000000000, -1.047444401652940007E-14 ) ) ;
#7453 = CARTESIAN_POINT ( 'NONE',  ( -41.99999999999987921, -8.000000000000001776, 37.46285920726698038 ) ) ;
#7454 = CIRCLE ( 'NONE', #6284, 4.349999999999999645 ) ;
#7455 = CIRCLE ( 'NONE', #2248, 1.100000000000001199 ) ;
#7456 = VERTEX_POINT ( 'NONE', #5088 ) ;
#7457 = ORIENTED_EDGE ( 'NONE', *, *, #3989, .F. ) ;
#7458 = EDGE_LOOP ( 'NONE', ( #2772, #1656 ) ) ;
#7459 = ORIENTED_EDGE ( 'NONE', *, *, #7408, .T. ) ;
#7460 = EDGE_CURVE ( 'NONE', #1372, #6723, #5999, .T. ) ;
#7461 = DIRECTION ( 'NONE',  ( 0.000000000000000000, -0.000000000000000000, 1.000000000000000000 ) ) ;
#7462 = CIRCLE ( 'NONE', #8616, 7.500000000000000000 ) ;
#7463 = DIRECTION ( 'NONE',  ( -0.7071067811866064146, 0.000000000000000000, -0.7071067811864886199 ) ) ;
#7464 = CARTESIAN_POINT ( 'NONE',  ( -38.19419574633685954, -5.224824506090357090, 42.00000000000001421 ) ) ;
#7465 = CARTESIAN_POINT ( 'NONE',  ( 12.49999999999999822, -13.00000000000000178, -2.183470289971815090E-15 ) ) ;
#7466 = CARTESIAN_POINT ( 'NONE',  ( 16.60000000000229292, -5.000000000000000000, -42.00000000000000711 ) ) ;
#7467 = CARTESIAN_POINT ( 'NONE',  ( -40.00000000000000711, -9.000000000000001776, -38.45000000000000995 ) ) ;
#7468 =( NAMED_UNIT ( * ) SI_UNIT ( $, .STERADIAN. ) SOLID_ANGLE_UNIT ( ) );
#7469 = ORIENTED_EDGE ( 'NONE', *, *, #930, .F. ) ;
#7470 = VERTEX_POINT ( 'NONE', #2310 ) ;
#7471 = CIRCLE ( 'NONE', #2260, 2.349999999999997868 ) ;
#7472 = ORIENTED_EDGE ( 'NONE', *, *, #5671, .T. ) ;
#7473 = DIRECTION ( 'NONE',  ( 0.000000000000000000, 1.000000000000000000, 0.000000000000000000 ) ) ;
#7474 = EDGE_CURVE ( 'NONE', #45, #10233, #7361, .T. ) ;
#7475 = EDGE_CURVE ( 'NONE', #9298, #6251, #4186, .T. ) ;
#7476 = CARTESIAN_POINT ( 'NONE',  ( 21.49897948556618843, -5.000000000000000000, 50.00000000000000711 ) ) ;
#7477 = LINE ( 'NONE', #8501, #4726 ) ;
#7478 = CIRCLE ( 'NONE', #9783, 4.000000000000000000 ) ;
#7479 = DIRECTION ( 'NONE',  ( -1.000000000000000000, -0.000000000000000000, 3.491481338843133750E-15 ) ) ;
#7480 = CARTESIAN_POINT ( 'NONE',  ( -48.00000000000012790, -8.000000000000001776, -35.03324392040036628 ) ) ;
#7481 = FACE_OUTER_BOUND ( 'NONE', #11816, .T. ) ;
#7482 = FACE_OUTER_BOUND ( 'NONE', #4631, .T. ) ;
#7483 = CARTESIAN_POINT ( 'NONE',  ( 27.09999999999983089, -5.000000000000000000, 50.00000000000000711 ) ) ;
#7484 = CARTESIAN_POINT ( 'NONE',  ( -27.09999999999983089, -5.000000000000000000, 50.00000000000000711 ) ) ;
#7485 = VERTEX_POINT ( 'NONE', #9670 ) ;
#7486 = ORIENTED_EDGE ( 'NONE', *, *, #11524, .F. ) ;
#7487 = ADVANCED_FACE ( 'NONE', ( #9840 ), #615, .F. ) ;
#7488 = ORIENTED_EDGE ( 'NONE', *, *, #3389, .T. ) ;
#7489 = CARTESIAN_POINT ( 'NONE',  ( 43.35587674182822582, -10.14959484079075303, -48.00000000000001421 ) ) ;
#7490 = ORIENTED_EDGE ( 'NONE', *, *, #11238, .T. ) ;
#7491 = EDGE_CURVE ( 'NONE', #11756, #1028, #2154, .T. ) ;
#7492 = B_SPLINE_CURVE_WITH_KNOTS ( 'NONE', 3,
 ( #1840, #5526, #8075, #6262, #9929, #7527, #2875, #5647, #91, #4690, #11257, #6809, #5582, #6560 ),
 .UNSPECIFIED., .F., .F.,
 ( 4, 2, 2, 2, 2, 2, 4 ),
 ( 0.000000000000000000, 0.001173554843818090969, 0.002347109687636181937, 0.002933887109545223193, 0.003520664531454264883, 0.004107441953363305705, 0.004694219375272347394 ),
 .UNSPECIFIED. ) ;
#7493 = ADVANCED_FACE ( 'NONE', ( #3224 ), #3106, .F. ) ;
#7494 = DIRECTION ( 'NONE',  ( -1.000000000000000000, 0.000000000000000000, 0.000000000000000000 ) ) ;
#7495 = DIRECTION ( 'NONE',  ( -0.000000000000000000, 1.000000000000000000, -0.000000000000000000 ) ) ;
#7496 = DIRECTION ( 'NONE',  ( -1.396592535537253342E-14, -0.000000000000000000, -1.000000000000000000 ) ) ;
#7497 = CARTESIAN_POINT ( 'NONE',  ( 42.00000000000040501, -3.199999999999999734, 38.09999999999968878 ) ) ;
#7498 = DIRECTION ( 'NONE',  ( -1.000000000000000000, 0.000000000000000000, 0.000000000000000000 ) ) ;
#7499 = FACE_OUTER_BOUND ( 'NONE', #9993, .T. ) ;
#7500 = FACE_OUTER_BOUND ( 'NONE', #8118, .T. ) ;
#7501 = EDGE_LOOP ( 'NONE', ( #2166, #9846, #10813, #7002, #665 ) ) ;
#7502 = ORIENTED_EDGE ( 'NONE', *, *, #5267, .F. ) ;
#7503 = ORIENTED_EDGE ( 'NONE', *, *, #6571, .T. ) ;
#7504 = EDGE_LOOP ( 'NONE', ( #513, #5474, #6398, #3623, #11420 ) ) ;
#7505 = AXIS2_PLACEMENT_3D ( 'NONE', #9995, #1726, #7056 ) ;
#7506 = ORIENTED_EDGE ( 'NONE', *, *, #10642, .F. ) ;
#7507 = FACE_OUTER_BOUND ( 'NONE', #4251, .T. ) ;
#7508 = CARTESIAN_POINT ( 'NONE',  ( 38.09999999999983800, -3.199999999999999734, -43.50000000000001421 ) ) ;
#7509 = LINE ( 'NONE', #11113, #11251 ) ;
#7510 = FACE_OUTER_BOUND ( 'NONE', #7863, .T. ) ;
#7511 = DIRECTION ( 'NONE',  ( -1.000000000000000000, 0.000000000000000000, -0.000000000000000000 ) ) ;
#7512 = CYLINDRICAL_SURFACE ( 'NONE', #3895, 32.50000000000000000 ) ;
#7513 = LINE ( 'NONE', #978, #1724 ) ;
#7514 = B_SPLINE_CURVE_WITH_KNOTS ( 'NONE', 3,
 ( #6680, #4925, #384, #4075, #2931, #9621, #9502, #7765, #5832, #4866, #3961, #10468, #1234, #6621, #10524, #8605, #1347, #9561, #1290, #3110, #330, #3902, #8486, #4985 ),
 .UNSPECIFIED., .F., .F.,
 ( 4, 2, 2, 2, 2, 2, 2, 2, 2, 2, 2, 4 ),
 ( 0.000000000000000000, 0.001352972402282808439, 0.002029458603424202142, 0.002705944804565595628, 0.004058917206848360916, 0.005411889609131127071, 0.006764862011413893227, 0.007441348212555273268, 0.008117834413696654178, 0.009470806815979428139, 0.01014729301712081685, 0.01082377921826220384 ),
 .UNSPECIFIED. ) ;
#7515 = AXIS2_PLACEMENT_3D ( 'NONE', #7889, #3415, #5898 ) ;
#7516 = ORIENTED_EDGE ( 'NONE', *, *, #2804, .F. ) ;
#7517 = ORIENTED_EDGE ( 'NONE', *, *, #1273, .T. ) ;
#7518 = VERTEX_POINT ( 'NONE', #496 ) ;
#7519 = EDGE_CURVE ( 'NONE', #761, #6149, #437, .T. ) ;
#7520 = CARTESIAN_POINT ( 'NONE',  ( 21.49897948556618843, -4.000000000000000000, 50.00000000000000711 ) ) ;
#7521 = CARTESIAN_POINT ( 'NONE',  ( -3.558184524735253262, -1.000000000000000000, 24.45289590758744680 ) ) ;
#7522 = CARTESIAN_POINT ( 'NONE',  ( -29.28843024044441279, -7.888202311584371351, 44.03214926122543460 ) ) ;
#7523 = DIRECTION ( 'NONE',  ( -0.000000000000000000, 1.000000000000000000, -0.000000000000000000 ) ) ;
#7524 = CARTESIAN_POINT ( 'NONE',  ( 47.99999999999972289, -0.1999999999999999833, -27.10000000000033538 ) ) ;
#7525 = EDGE_CURVE ( 'NONE', #11684, #5134, #4127, .T. ) ;
#7526 = PLANE ( 'NONE',  #5344 ) ;
#7527 = CARTESIAN_POINT ( 'NONE',  ( -31.31753456432491944, -9.347445373260153900, 42.00000000000000711 ) ) ;
#7528 = ORIENTED_EDGE ( 'NONE', *, *, #812, .F. ) ;
#7529 = ORIENTED_EDGE ( 'NONE', *, *, #2755, .T. ) ;
#7530 = EDGE_CURVE ( 'NONE', #3886, #895, #7758, .T. ) ;
#7531 = VERTEX_POINT ( 'NONE', #3454 ) ;
#7532 = DIRECTION ( 'NONE',  ( -0.000000000000000000, -0.000000000000000000, -1.000000000000000000 ) ) ;
#7533 = AXIS2_PLACEMENT_3D ( 'NONE', #8082, #7968, #10901 ) ;
#7534 = DIRECTION ( 'NONE',  ( 1.047444401652940007E-14, -0.000000000000000000, 1.000000000000000000 ) ) ;
#7535 = LINE ( 'NONE', #6568, #2124 ) ;
#7536 = LINE ( 'NONE', #11201, #4329 ) ;
#7537 = LINE ( 'NONE', #2037, #2526 ) ;
#7538 = CARTESIAN_POINT ( 'NONE',  ( -49.99999999999999289, -1.000000000000000000, 49.99999999999999289 ) ) ;
#7539 = CARTESIAN_POINT ( 'NONE',  ( 41.70683081885164256, -8.180198911063495615, 41.79316918114824375 ) ) ;
#7540 = ADVANCED_FACE ( 'NONE', ( #11825 ), #2843, .F. ) ;
#7541 = CARTESIAN_POINT ( 'NONE',  ( 38.09999999999948983, -3.199999999999999734, -50.00000000000076739 ) ) ;
#7542 = CARTESIAN_POINT ( 'NONE',  ( 50.00000000000000711, 3.236067977499853310, 41.49999999999933209 ) ) ;
#7543 = AXIS2_PLACEMENT_3D ( 'NONE', #7938, #5155, #1404 ) ;
#7544 = CARTESIAN_POINT ( 'NONE',  ( -10.50000000000000000, -1.000000000000000000, 27.78623788729418465 ) ) ;
#7545 = EDGE_LOOP ( 'NONE', ( #2893, #10729, #11622, #11133 ) ) ;
#7546 = ORIENTED_EDGE ( 'NONE', *, *, #3398, .F. ) ;
#7547 = ORIENTED_EDGE ( 'NONE', *, *, #2553, .F. ) ;
#7548 = EDGE_CURVE ( 'NONE', #514, #6037, #4664, .T. ) ;
#7549 = PLANE ( 'NONE',  #7987 ) ;
#7550 = ORIENTED_EDGE ( 'NONE', *, *, #11235, .T. ) ;
#7551 = CIRCLE ( 'NONE', #9463, 1.000000000000000888 ) ;
#7552 = DIRECTION ( 'NONE',  ( -0.000000000000000000, -0.000000000000000000, 1.000000000000000000 ) ) ;
#7553 = ADVANCED_FACE ( 'NONE', ( #6530 ), #10138, .T. ) ;
#7554 = AXIS2_PLACEMENT_3D ( 'NONE', #2722, #3689, #959 ) ;
#7555 = AXIS2_PLACEMENT_3D ( 'NONE', #2444, #6247, #9798 ) ;
#7556 = DIRECTION ( 'NONE',  ( 1.000000000000000000, 0.000000000000000000, 1.746776231977451727E-16 ) ) ;
#7557 = DIRECTION ( 'NONE',  ( 0.000000000000000000, 0.000000000000000000, -1.000000000000000000 ) ) ;
#7558 = EDGE_CURVE ( 'NONE', #6723, #2343, #4078, .T. ) ;
#7559 = DIRECTION ( 'NONE',  ( -1.000000000000000000, 0.000000000000000000, 1.047444401652940007E-14 ) ) ;
#7560 = FACE_OUTER_BOUND ( 'NONE', #10494, .T. ) ;
#7561 = CARTESIAN_POINT ( 'NONE',  ( -28.14999999999983160, -3.199999999999999289, 48.00000000000000711 ) ) ;
#7562 = LINE ( 'NONE', #305, #7685 ) ;
#7563 = EDGE_LOOP ( 'NONE', ( #7847, #11511, #5124, #4694 ) ) ;
#7564 = ORIENTED_EDGE ( 'NONE', *, *, #2077, .T. ) ;
#7565 = FACE_OUTER_BOUND ( 'NONE', #7504, .T. ) ;
#7566 = ORIENTED_EDGE ( 'NONE', *, *, #10596, .T. ) ;
#7567 = VERTEX_POINT ( 'NONE', #4417 ) ;
#7568 = CIRCLE ( 'NONE', #10244, 1.549999999999999378 ) ;
#7569 = VECTOR ( 'NONE', #11486, 1000.000000000000000 ) ;
#7570 = DIRECTION ( 'NONE',  ( 0.000000000000000000, 0.000000000000000000, 1.000000000000000000 ) ) ;
#7571 = DIRECTION ( 'NONE',  ( -1.000000000000000000, 0.000000000000000000, 0.000000000000000000 ) ) ;
#7572 = CYLINDRICAL_SURFACE ( 'NONE', #8568, 2.349999999999997868 ) ;
#7573 = CARTESIAN_POINT ( 'NONE',  ( 35.72419598204034230, -9.000000000000001776, -42.00000000000000711 ) ) ;
#7575 = CIRCLE ( 'NONE', #2362, 1.000000000000000888 ) ;
#7574 = FACE_BOUND ( 'NONE', #10767, .T. ) ;
#7576 = DIRECTION ( 'NONE',  ( 0.000000000000000000, 0.000000000000000000, 1.000000000000000000 ) ) ;
#7577 = DIRECTION ( 'NONE',  ( 3.491481338843133355E-15, -1.204669080539449097E-16, 1.000000000000000000 ) ) ;
#7578 = AXIS2_PLACEMENT_3D ( 'NONE', #6432, #6255, #7461 ) ;
#7579 = ORIENTED_EDGE ( 'NONE', *, *, #2371, .F. ) ;
#7580 = ORIENTED_EDGE ( 'NONE', *, *, #4008, .T. ) ;
#7581 = VERTEX_POINT ( 'NONE', #10077 ) ;
#7582 = FACE_OUTER_BOUND ( 'NONE', #6688, .T. ) ;
#7583 = CARTESIAN_POINT ( 'NONE',  ( -41.49999999999983658, -9.083282861672678621, 42.00000000000000711 ) ) ;
#7584 = CARTESIAN_POINT ( 'NONE',  ( -29.91886625084055495, -8.000000000000001776, 47.52149322606375392 ) ) ;
#7585 = EDGE_CURVE ( 'NONE', #8103, #13, #11006, .T. ) ;
#7586 = CARTESIAN_POINT ( 'NONE',  ( 36.43235812845689736, -9.270778716610289294, 48.00000000000000000 ) ) ;
#7587 = DIRECTION ( 'NONE',  ( -0.000000000000000000, 1.000000000000000000, -0.000000000000000000 ) ) ;
#7588 = DIRECTION ( 'NONE',  ( -0.000000000000000000, 1.000000000000000000, -0.000000000000000000 ) ) ;
#7589 = LINE ( 'NONE', #2091, #1870 ) ;
#7590 = EDGE_LOOP ( 'NONE', ( #2911, #11192 ) ) ;
#7591 = VERTEX_POINT ( 'NONE', #56 ) ;
#7592 = EDGE_LOOP ( 'NONE', ( #5310, #2816, #2551, #409, #8612, #11419, #512, #124 ) ) ;
#7593 = VECTOR ( 'NONE', #3070, 1000.000000000000000 ) ;
#7594 = DIRECTION ( 'NONE',  ( 0.000000000000000000, -1.000000000000000000, -0.000000000000000000 ) ) ;
#7595 = AXIS2_PLACEMENT_3D ( 'NONE', #872, #6314, #6436 ) ;
#7596 = DIRECTION ( 'NONE',  ( -1.047444401652940007E-14, 0.000000000000000000, -1.000000000000000000 ) ) ;
#7597 = CARTESIAN_POINT ( 'NONE',  ( -10.49999999999999822, -3.245484173820934792, -28.47877583157827530 ) ) ;
#7598 = AXIS2_PLACEMENT_3D ( 'NONE', #10377, #8749, #4952 ) ;
#7599 = CARTESIAN_POINT ( 'NONE',  ( 1.959434878635764984E-16, 1.000000000000000000, 23.40000000000000213 ) ) ;
#7600 = EDGE_CURVE ( 'NONE', #561, #10743, #1183, .T. ) ;
#7601 = FACE_BOUND ( 'NONE', #9235, .T. ) ;
#7602 = AXIS2_PLACEMENT_3D ( 'NONE', #10890, #2753, #1663 ) ;
#7603 = CARTESIAN_POINT ( 'NONE',  ( 48.99999999999999289, -1.000000000000000000, -50.00000000000000711 ) ) ;
#7604 = AXIS2_PLACEMENT_3D ( 'NONE', #11237, #11055, #2009 ) ;
#7605 = FACE_OUTER_BOUND ( 'NONE', #11759, .T. ) ;
#7606 = CARTESIAN_POINT ( 'NONE',  ( 38.09999999999983800, -3.199999999999999734, -43.50000000000001421 ) ) ;
#7607 = CARTESIAN_POINT ( 'NONE',  ( -40.00000000000000711, -15.00000000000000355, -38.45000000000000995 ) ) ;
#7608 = VERTEX_POINT ( 'NONE', #8332 ) ;
#7609 = ORIENTED_EDGE ( 'NONE', *, *, #4870, .F. ) ;
#7610 = DIRECTION ( 'NONE',  ( 0.000000000000000000, -1.000000000000000000, 0.000000000000000000 ) ) ;
#7611 = ORIENTED_EDGE ( 'NONE', *, *, #3716, .T. ) ;
#7612 = EDGE_CURVE ( 'NONE', #793, #6462, #9173, .T. ) ;
#7613 = VECTOR ( 'NONE', #9290, 1000.000000000000000 ) ;
#7614 = EDGE_CURVE ( 'NONE', #7088, #925, #9960, .T. ) ;
#7615 = DIRECTION ( 'NONE',  ( -1.746776231977451727E-16, 0.000000000000000000, -1.000000000000000000 ) ) ;
#7616 = ADVANCED_FACE ( 'NONE', ( #10016 ), #9231, .F. ) ;
#7617 = DIRECTION ( 'NONE',  ( 0.000000000000000000, 0.000000000000000000, 1.000000000000000000 ) ) ;
#7618 = LINE ( 'NONE', #10137, #4912 ) ;
#7619 = CARTESIAN_POINT ( 'NONE',  ( 35.65540027017686953, -14.72173105677602400, -42.47715249336063437 ) ) ;
#7620 = CARTESIAN_POINT ( 'NONE',  ( 27.09999999999983089, -0.1999999999999999833, -48.00000000000000711 ) ) ;
#7621 = DIRECTION ( 'NONE',  ( 0.000000000000000000, -1.000000000000000000, 0.000000000000000000 ) ) ;
#7622 = DIRECTION ( 'NONE',  ( 0.000000000000000000, 0.000000000000000000, -1.000000000000000000 ) ) ;
#7623 = ORIENTED_EDGE ( 'NONE', *, *, #5248, .F. ) ;
#7624 = ORIENTED_EDGE ( 'NONE', *, *, #7474, .F. ) ;
#7625 = DIRECTION ( 'NONE',  ( 0.000000000000000000, 1.000000000000000000, 0.000000000000000000 ) ) ;
#7626 = ORIENTED_EDGE ( 'NONE', *, *, #1564, .T. ) ;
#7627 = EDGE_CURVE ( 'NONE', #6549, #7608, #7436, .T. ) ;
#7628 = DIRECTION ( 'NONE',  ( -0.000000000000000000, -0.000000000000000000, -1.000000000000000000 ) ) ;
#7629 = EDGE_CURVE ( 'NONE', #3048, #8690, #11101, .T. ) ;
#7630 = EDGE_CURVE ( 'NONE', #840, #11095, #11584, .T. ) ;
#7631 = DIRECTION ( 'NONE',  ( 0.000000000000000000, 1.000000000000000000, 0.000000000000000000 ) ) ;
#7632 = LINE ( 'NONE', #9243, #269 ) ;
#7633 = DIRECTION ( 'NONE',  ( 0.000000000000000000, 0.000000000000000000, 1.000000000000000000 ) ) ;
#7634 = DIRECTION ( 'NONE',  ( 0.000000000000000000, 0.000000000000000000, -1.000000000000000000 ) ) ;
#7635 = DIRECTION ( 'NONE',  ( 0.000000000000000000, -1.000000000000000000, 0.000000000000000000 ) ) ;
#7636 = CARTESIAN_POINT ( 'NONE',  ( 42.00000000000031974, -8.000000000000001776, 30.09999999999939035 ) ) ;
#7637 = ORIENTED_EDGE ( 'NONE', *, *, #3167, .T. ) ;
#7638 = AXIS2_PLACEMENT_3D ( 'NONE', #9275, #1005, #2205 ) ;
#7639 = ORIENTED_EDGE ( 'NONE', *, *, #7629, .T. ) ;
#7640 = ORIENTED_EDGE ( 'NONE', *, *, #4444, .T. ) ;
#7641 = AXIS2_PLACEMENT_3D ( 'NONE', #6039, #3322, #2410 ) ;
#7642 = ADVANCED_FACE ( 'NONE', ( #8215, #5436, #10979 ), #2606, .T. ) ;
#7643 = CARTESIAN_POINT ( 'NONE',  ( -43.50000000000014921, -3.199999999999999289, -40.44999999999968310 ) ) ;
#7644 = ORIENTED_EDGE ( 'NONE', *, *, #1641, .F. ) ;
#7645 = CARTESIAN_POINT ( 'NONE',  ( -42.00000000000044764, -1.000000000000000000, -41.49999999999939604 ) ) ;
#7646 = B_SPLINE_CURVE_WITH_KNOTS ( 'NONE', 3,
 ( #4779, #9598, #1325, #8696, #2057, #10386, #184, #11341, #7683, #8524 ),
 .UNSPECIFIED., .F., .F.,
 ( 4, 2, 2, 2, 4 ),
 ( 0.04431461875345212714, 0.2832359641829375607, 0.5221573094552917071, 0.7610786547276457981, 0.8894571895622427338 ),
 .UNSPECIFIED. ) ;
#7647 = DIRECTION ( 'NONE',  ( 0.000000000000000000, -0.000000000000000000, 1.000000000000000000 ) ) ;
#7648 = VECTOR ( 'NONE', #4824, 1000.000000000000000 ) ;
#7649 = AXIS2_PLACEMENT_3D ( 'NONE', #4587, #10247, #1856 ) ;
#7650 = CARTESIAN_POINT ( 'NONE',  ( 36.18011336327760574, -9.202206256346702418, 48.00000000000000711 ) ) ;
#7651 = DIRECTION ( 'NONE',  ( 0.000000000000000000, 0.000000000000000000, 1.000000000000000000 ) ) ;
#7652 = PLANE ( 'NONE',  #1486 ) ;
#7653 = LINE ( 'NONE', #1056, #6124 ) ;
#7654 = ORIENTED_EDGE ( 'NONE', *, *, #6818, .F. ) ;
#7655 = ORIENTED_EDGE ( 'NONE', *, *, #9966, .F. ) ;
#7656 = EDGE_LOOP ( 'NONE', ( #10915, #1770, #2134, #7294 ) ) ;
#7657 = ORIENTED_EDGE ( 'NONE', *, *, #2380, .T. ) ;
#7658 = CIRCLE ( 'NONE', #9764, 1.549999999999999378 ) ;
#7659 = AXIS2_PLACEMENT_3D ( 'NONE', #10847, #2474, #8982 ) ;
#7660 = FACE_OUTER_BOUND ( 'NONE', #8306, .T. ) ;
#7661 = CARTESIAN_POINT ( 'NONE',  ( -10.50000000000000178, -7.897918314707208509, 17.83617422982728584 ) ) ;
#7662 = CARTESIAN_POINT ( 'NONE',  ( 0.000000000000000000, -1.000000000000000000, 0.000000000000000000 ) ) ;
#7663 = FACE_BOUND ( 'NONE', #6751, .T. ) ;
#7664 = CARTESIAN_POINT ( 'NONE',  ( -20.51918358845291834, -4.200000000000000178, 50.00000000000000711 ) ) ;
#7666 = CIRCLE ( 'NONE', #9558, 2.349999999999997868 ) ;
#7665 = AXIS2_PLACEMENT_3D ( 'NONE', #9811, #645, #10891 ) ;
#7667 = DIRECTION ( 'NONE',  ( 0.000000000000000000, 1.000000000000000000, 0.000000000000000000 ) ) ;
#7668 = FACE_BOUND ( 'NONE', #8837, .T. ) ;
#7669 = AXIS2_PLACEMENT_3D ( 'NONE', #7418, #2817, #6506 ) ;
#7670 = DIRECTION ( 'NONE',  ( 0.000000000000000000, 0.000000000000000000, -1.000000000000000000 ) ) ;
#7671 = ORIENTED_EDGE ( 'NONE', *, *, #1420, .T. ) ;
#7672 = ORIENTED_EDGE ( 'NONE', *, *, #3678, .F. ) ;
#7673 = AXIS2_PLACEMENT_3D ( 'NONE', #6626, #7713, #6686 ) ;
#7674 = DIRECTION ( 'NONE',  ( 0.000000000000000000, 0.000000000000000000, 1.000000000000000000 ) ) ;
#7675 = ORIENTED_EDGE ( 'NONE', *, *, #7738, .T. ) ;
#7676 = EDGE_CURVE ( 'NONE', #10671, #3195, #9054, .T. ) ;
#7677 = CIRCLE ( 'NONE', #6724, 1.550000000000002709 ) ;
#7678 = CARTESIAN_POINT ( 'NONE',  ( -28.14999999999983160, -3.199999999999999289, 43.50000000000001421 ) ) ;
#7679 = DIRECTION ( 'NONE',  ( 0.000000000000000000, 0.000000000000000000, 1.000000000000000000 ) ) ;
#7680 = CARTESIAN_POINT ( 'NONE',  ( 40.00000000000000000, -1.000000000000000000, 7.500000000000000000 ) ) ;
#7681 = CARTESIAN_POINT ( 'NONE',  ( 50.00000000000000000, -4.200000000000000178, 20.51918358845473023 ) ) ;
#7682 = DIRECTION ( 'NONE',  ( 0.000000000000000000, 0.000000000000000000, -1.000000000000000000 ) ) ;
#7683 = CARTESIAN_POINT ( 'NONE',  ( 10.50000000000000178, -1.791497274661370653, 24.03226211426564518 ) ) ;
#7684 = CARTESIAN_POINT ( 'NONE',  ( 45.80000000000062244, -3.499999999999999556, 27.04999999999800409 ) ) ;
#7685 = VECTOR ( 'NONE', #2971, 1000.000000000000000 ) ;
#7686 = ORIENTED_EDGE ( 'NONE', *, *, #6338, .T. ) ;
#7687 = ADVANCED_FACE ( 'NONE', ( #7317 ), #5555, .F. ) ;
#7688 = VERTEX_POINT ( 'NONE', #11945 ) ;
#7689 = DIRECTION ( 'NONE',  ( -0.000000000000000000, 1.000000000000000000, -0.000000000000000000 ) ) ;
#7690 = LINE ( 'NONE', #3274, #1509 ) ;
#7691 = ORIENTED_EDGE ( 'NONE', *, *, #4969, .F. ) ;
#7692 = EDGE_CURVE ( 'NONE', #5010, #7531, #11916, .T. ) ;
#7693 = CARTESIAN_POINT ( 'NONE',  ( 50.00000000000096634, -3.199999999999999734, -38.09999999999966036 ) ) ;
#7694 = CARTESIAN_POINT ( 'NONE',  ( -29.72614385180519747, -7.976614113461312883, -42.00000000000000711 ) ) ;
#7695 = DIRECTION ( 'NONE',  ( 0.000000000000000000, 1.000000000000000000, 0.000000000000000000 ) ) ;
#7696 = DIRECTION ( 'NONE',  ( 0.000000000000000000, 0.000000000000000000, -1.000000000000000000 ) ) ;
#7697 = LINE ( 'NONE', #10214, #11662 ) ;
#7698 = CARTESIAN_POINT ( 'NONE',  ( -35.68585772256475508, -13.91858048774602175, -42.00000000000000000 ) ) ;
#7699 = DIRECTION ( 'NONE',  ( -1.000000000000000000, 0.000000000000000000, 0.000000000000000000 ) ) ;
#7700 = ADVANCED_FACE ( 'NONE', ( #4901 ), #3082, .F. ) ;
#7701 = VERTEX_POINT ( 'NONE', #7681 ) ;
#7702 = AXIS2_PLACEMENT_3D ( 'NONE', #11580, #3152, #10687 ) ;
#7703 = ORIENTED_EDGE ( 'NONE', *, *, #11003, .T. ) ;
#7704 = ORIENTED_EDGE ( 'NONE', *, *, #10888, .T. ) ;
#7705 = ORIENTED_EDGE ( 'NONE', *, *, #5782, .F. ) ;
#7706 = DIRECTION ( 'NONE',  ( 1.000000000000000000, 0.000000000000000000, -1.387778780781445676E-16 ) ) ;
#7707 = FACE_BOUND ( 'NONE', #2080, .T. ) ;
#7708 = EDGE_CURVE ( 'NONE', #10173, #1543, #609, .T. ) ;
#7709 = LINE ( 'NONE', #9389, #10255 ) ;
#7710 = LINE ( 'NONE', #9685, #6024 ) ;
#7711 = ADVANCED_FACE ( 'NONE', ( #4838 ), #1993, .F. ) ;
#7712 = CARTESIAN_POINT ( 'NONE',  ( -30.09999999999983089, -8.000000000000001776, -42.00000000000000711 ) ) ;
#7713 = DIRECTION ( 'NONE',  ( -1.000000000000000000, -0.000000000000000000, 1.047444401652940007E-14 ) ) ;
#7714 = EDGE_LOOP ( 'NONE', ( #10553, #277, #11950, #11358, #10942, #10711, #7169, #7371 ) ) ;
#7715 = ORIENTED_EDGE ( 'NONE', *, *, #355, .F. ) ;
#7716 = EDGE_LOOP ( 'NONE', ( #7703, #1800, #3579, #11106 ) ) ;
#7717 = EDGE_CURVE ( 'NONE', #5736, #810, #5676, .T. ) ;
#7718 = ORIENTED_EDGE ( 'NONE', *, *, #7269, .F. ) ;
#7719 = CARTESIAN_POINT ( 'NONE',  ( 42.50000000000000000, 0.000000000000000000, 49.99999999999999289 ) ) ;
#7720 = LINE ( 'NONE', #4999, #201 ) ;
#7721 = DIRECTION ( 'NONE',  ( -1.000000000000000000, -0.000000000000000000, 3.491481338843133750E-15 ) ) ;
#7722 = FACE_BOUND ( 'NONE', #250, .T. ) ;
#7723 = LINE ( 'NONE', #9581, #8358 ) ;
#7724 = DIRECTION ( 'NONE',  ( 0.000000000000000000, 0.000000000000000000, -1.000000000000000000 ) ) ;
#7725 = PLANE ( 'NONE',  #10149 ) ;
#7726 = AXIS2_PLACEMENT_3D ( 'NONE', #1875, #1931, #4723 ) ;
#7727 = CARTESIAN_POINT ( 'NONE',  ( -45.79999999999802185, 1.000000000000000000, -24.69999999999937046 ) ) ;
#7728 = ORIENTED_EDGE ( 'NONE', *, *, #9138, .T. ) ;
#7729 = ORIENTED_EDGE ( 'NONE', *, *, #1655, .T. ) ;
#7730 = PLANE ( 'NONE',  #11721 ) ;
#7731 = CIRCLE ( 'NONE', #5796, 1.549999999999999378 ) ;
#7732 = EDGE_LOOP ( 'NONE', ( #3548, #6535, #5687, #5282, #11934, #2118 ) ) ;
#7733 = EDGE_CURVE ( 'NONE', #6548, #8786, #8316, .T. ) ;
#7734 = LINE ( 'NONE', #296, #608 ) ;
#7735 = AXIS2_PLACEMENT_3D ( 'NONE', #5446, #10024, #9970 ) ;
#7736 = FACE_OUTER_BOUND ( 'NONE', #9221, .T. ) ;
#7737 = CARTESIAN_POINT ( 'NONE',  ( -40.00000000000000711, -14.80000000000000071, -42.80000000000001137 ) ) ;
#7738 = EDGE_CURVE ( 'NONE', #1889, #982, #2055, .T. ) ;
#7739 = DIRECTION ( 'NONE',  ( 2.952720810173286943E-15, 0.000000000000000000, 1.000000000000000000 ) ) ;
#7740 = CARTESIAN_POINT ( 'NONE',  ( 10.50000000000000178, -1.000000000000000444, 24.45290350891723108 ) ) ;
#7741 = DIRECTION ( 'NONE',  ( 2.952720810173286943E-15, 0.000000000000000000, 1.000000000000000000 ) ) ;
#7742 = ORIENTED_EDGE ( 'NONE', *, *, #11082, .F. ) ;
#7743 = ORIENTED_EDGE ( 'NONE', *, *, #4832, .F. ) ;
#7744 = FACE_OUTER_BOUND ( 'NONE', #3229, .T. ) ;
#7745 = CARTESIAN_POINT ( 'NONE',  ( 42.00000000000039790, -8.228124747478497980, 37.96626240650297746 ) ) ;
#7746 = AXIS2_PLACEMENT_3D ( 'NONE', #2104, #1194, #4041 ) ;
#7747 = ORIENTED_EDGE ( 'NONE', *, *, #8281, .T. ) ;
#7748 = AXIS2_PLACEMENT_3D ( 'NONE', #2252, #8710, #1512 ) ;
#7749 = B_SPLINE_CURVE_WITH_KNOTS ( 'NONE', 3,
 ( #4637, #7239, #7421, #11804, #5592, #5481, #6452, #3735, #9154, #3554, #11084, #9096, #2823, #3615, #7301, #2645, #6269, #10845, #5416, #5537, #6511, #832, #10961, #4520, #10118, #1908, #1729, #37, #4581, #2704, #6388, #886 ),
 .UNSPECIFIED., .F., .F.,
 ( 4, 2, 2, 2, 2, 2, 2, 2, 2, 2, 2, 2, 2, 2, 2, 4 ),
 ( 0.000000000000000000, 0.002406882850861685307, 0.003610324276292527744, 0.004813765701723370614, 0.007220648552585058090, 0.008424089978015901828, 0.009025810690731333671, 0.009627531403446767250, 0.01022925211616219736, 0.01083097282887763094, 0.01143269354159306105, 0.01203441425430849462, 0.01323785567973936178, 0.01444129710517022720, 0.01684817995603197366, 0.01925506280689372185 ),
 .UNSPECIFIED. ) ;
#7750 = DIRECTION ( 'NONE',  ( 0.000000000000000000, 0.000000000000000000, -1.000000000000000000 ) ) ;
#7751 = CARTESIAN_POINT ( 'NONE',  ( -36.19999999999999574, -11.60000000000000320, 42.89999999999999147 ) ) ;
#7752 = DIRECTION ( 'NONE',  ( 0.000000000000000000, 0.000000000000000000, 1.000000000000000000 ) ) ;
#7753 = EDGE_CURVE ( 'NONE', #1075, #11105, #1371, .T. ) ;
#7754 = CARTESIAN_POINT ( 'NONE',  ( 49.99999999999999289, -1.000000000000000000, -50.00000000000000711 ) ) ;
#7755 = DIRECTION ( 'NONE',  ( -1.000000000000000000, 0.000000000000000000, 1.047444401652940007E-14 ) ) ;
#7756 = DIRECTION ( 'NONE',  ( -4.476705744456268255E-15, 0.000000000000000000, 1.000000000000000000 ) ) ;
#7757 = LINE ( 'NONE', #3046, #9635 ) ;
#7758 = CIRCLE ( 'NONE', #5822, 0.9499999999999995115 ) ;
#7759 = VECTOR ( 'NONE', #3769, 1000.000000000000000 ) ;
#7760 = ORIENTED_EDGE ( 'NONE', *, *, #8940, .T. ) ;
#7761 = VERTEX_POINT ( 'NONE', #3813 ) ;
#7762 = EDGE_LOOP ( 'NONE', ( #4017, #1138, #3808, #2849 ) ) ;
#7763 = EDGE_CURVE ( 'NONE', #2774, #11627, #11396, .T. ) ;
#7764 = AXIS2_PLACEMENT_3D ( 'NONE', #148, #2692, #3781 ) ;
#7765 = CARTESIAN_POINT ( 'NONE',  ( -42.00000000000010658, -8.685525252842484889, -34.90719235814007249 ) ) ;
#7766 = LINE ( 'NONE', #5040, #3945 ) ;
#7767 = EDGE_CURVE ( 'NONE', #8134, #9878, #985, .T. ) ;
#7768 = AXIS2_PLACEMENT_3D ( 'NONE', #7224, #8298, #927 ) ;
#7769 = CARTESIAN_POINT ( 'NONE',  ( -43.49999999999987921, -3.199999999999999734, -38.09999999999998721 ) ) ;
#7770 = DIRECTION ( 'NONE',  ( -0.000000000000000000, 1.000000000000000000, -0.000000000000000000 ) ) ;
#7771 = FACE_OUTER_BOUND ( 'NONE', #4032, .T. ) ;
#7772 = FACE_OUTER_BOUND ( 'NONE', #8932, .T. ) ;
#7773 = FACE_OUTER_BOUND ( 'NONE', #11906, .T. ) ;
#7774 = EDGE_LOOP ( 'NONE', ( #9236, #10157, #779, #7069 ) ) ;
#7775 = ORIENTED_EDGE ( 'NONE', *, *, #1944, .F. ) ;
#7776 = EDGE_LOOP ( 'NONE', ( #6899, #10448, #218, #8700 ) ) ;
#7777 = ORIENTED_EDGE ( 'NONE', *, *, #3822, .F. ) ;
#7778 = ORIENTED_EDGE ( 'NONE', *, *, #468, .F. ) ;
#7779 = AXIS2_PLACEMENT_3D ( 'NONE', #9287, #178, #1923 ) ;
#7780 = CARTESIAN_POINT ( 'NONE',  ( 41.91421356237309226, 0.5857864376269049655, 50.00000000000000000 ) ) ;
#7781 = EDGE_CURVE ( 'NONE', #9909, #10984, #9353, .T. ) ;
#7782 = CARTESIAN_POINT ( 'NONE',  ( 10.49999999999999822, 3.363310701991195639E-05, -29.27329744693604496 ) ) ;
#7783 = DIRECTION ( 'NONE',  ( 0.000000000000000000, 1.000000000000000000, 0.000000000000000000 ) ) ;
#7784 = EDGE_CURVE ( 'NONE', #6018, #10417, #8460, .T. ) ;
#7785 = CARTESIAN_POINT ( 'NONE',  ( -3.247619746093050264, -2.680687607450002119, 23.43776705601588262 ) ) ;
#7786 = EDGE_CURVE ( 'NONE', #2123, #7934, #9420, .T. ) ;
#7787 = DIRECTION ( 'NONE',  ( -0.000000000000000000, 1.000000000000000000, -0.000000000000000000 ) ) ;
#7788 = CARTESIAN_POINT ( 'NONE',  ( 37.80413812651496386, -5.000000000000001776, 42.00000000000000711 ) ) ;
#7789 = DIRECTION ( 'NONE',  ( 0.000000000000000000, 0.000000000000000000, 1.000000000000000000 ) ) ;
#7790 = CARTESIAN_POINT ( 'NONE',  ( 41.99999999999969447, -8.000000000000005329, -32.28811281825392854 ) ) ;
#7791 = ORIENTED_EDGE ( 'NONE', *, *, #7081, .T. ) ;
#7792 = EDGE_LOOP ( 'NONE', ( #9533, #9965, #3821, #9328 ) ) ;
#7793 = AXIS2_PLACEMENT_3D ( 'NONE', #11676, #1364, #5172 ) ;
#7794 = EDGE_LOOP ( 'NONE', ( #9873, #1696, #723 ) ) ;
#7795 = CARTESIAN_POINT ( 'NONE',  ( -43.49999999999990763, -3.199999999999999289, 30.49999999999998224 ) ) ;
#7796 = ORIENTED_EDGE ( 'NONE', *, *, #9900, .T. ) ;
#7797 = EDGE_CURVE ( 'NONE', #9919, #10268, #5802, .T. ) ;
#7798 = CIRCLE ( 'NONE', #4895, 2.349999999999997868 ) ;
#7799 = DIRECTION ( 'NONE',  ( -1.000000000000000000, 0.000000000000000000, 4.476705744456278510E-15 ) ) ;
#7800 = AXIS2_PLACEMENT_3D ( 'NONE', #5475, #882, #11137 ) ;
#7801 = CARTESIAN_POINT ( 'NONE',  ( -15.00000000000000355, -1.000000000000000000, -40.00000000000000000 ) ) ;
#7802 = PLANE ( 'NONE',  #322 ) ;
#7803 = LINE ( 'NONE', #3209, #7064 ) ;
#7804 = DIRECTION ( 'NONE',  ( 0.000000000000000000, 0.000000000000000000, 1.000000000000000000 ) ) ;
#7805 = DIRECTION ( 'NONE',  ( -4.476705744456268255E-15, 0.000000000000000000, 1.000000000000000000 ) ) ;
#7806 = VERTEX_POINT ( 'NONE', #3027 ) ;
#7807 = ORIENTED_EDGE ( 'NONE', *, *, #829, .T. ) ;
#7808 = CYLINDRICAL_SURFACE ( 'NONE', #7322, 1.550000000000002709 ) ;
#7809 = CARTESIAN_POINT ( 'NONE',  ( 41.91421356237292173, 0.5857864376269047435, -50.00000000000000000 ) ) ;
#7810 = ORIENTED_EDGE ( 'NONE', *, *, #1305, .T. ) ;
#7811 = CIRCLE ( 'NONE', #11828, 2.349999999999997868 ) ;
#7812 = CARTESIAN_POINT ( 'NONE',  ( -41.49999999999983658, -1.000000000000001776, -42.00000000000000711 ) ) ;
#7813 = CARTESIAN_POINT ( 'NONE',  ( 40.00000000000000711, -1.000000000000000000, -7.500000000000000000 ) ) ;
#7814 = CARTESIAN_POINT ( 'NONE',  ( -45.80000000000062244, -8.000000000000001776, -24.69999999999800622 ) ) ;
#7815 = CARTESIAN_POINT ( 'NONE',  ( -35.66021249333275023, -14.72370720916998010, -43.18507523187270181 ) ) ;
#7816 = CARTESIAN_POINT ( 'NONE',  ( -49.99999999999999289, -1.000000000000000000, 49.99999999999999289 ) ) ;
#7817 = CARTESIAN_POINT ( 'NONE',  ( -35.72419598204034941, -14.32726261778263854, -42.00000000000000000 ) ) ;
#7818 = DIRECTION ( 'NONE',  ( 1.000000000000000000, 0.000000000000000000, -1.047444401652940007E-14 ) ) ;
#7819 = ORIENTED_EDGE ( 'NONE', *, *, #5264, .F. ) ;
#7820 = ORIENTED_EDGE ( 'NONE', *, *, #3218, .F. ) ;
#7821 = EDGE_CURVE ( 'NONE', #7688, #10856, #7178, .T. ) ;
#7822 = DIRECTION ( 'NONE',  ( 0.000000000000000000, 0.000000000000000000, 1.000000000000000000 ) ) ;
#7823 = DIRECTION ( 'NONE',  ( -0.000000000000000000, 1.000000000000000000, -0.000000000000000000 ) ) ;
#7824 = LINE ( 'NONE', #3963, #10816 ) ;
#7825 = CARTESIAN_POINT ( 'NONE',  ( -10.50000000000000178, -8.697035635642704321, 16.21874602312323077 ) ) ;
#7826 = LINE ( 'NONE', #4929, #7373 ) ;
#7827 = DIRECTION ( 'NONE',  ( 0.000000000000000000, 0.000000000000000000, -1.000000000000000000 ) ) ;
#7828 = CARTESIAN_POINT ( 'NONE',  ( 21.65063509461108993, -1.000000000000000000, -12.49999999999980105 ) ) ;
#7829 = CIRCLE ( 'NONE', #11284, 1.550000000000002709 ) ;
#7830 = EDGE_LOOP ( 'NONE', ( #8076, #10686, #156 ) ) ;
#7831 = ORIENTED_EDGE ( 'NONE', *, *, #798, .F. ) ;
#7832 = ORIENTED_EDGE ( 'NONE', *, *, #8425, .F. ) ;
#7833 = VERTEX_POINT ( 'NONE', #8313 ) ;
#7834 = EDGE_CURVE ( 'NONE', #7324, #8081, #4463, .T. ) ;
#7835 = EDGE_CURVE ( 'NONE', #5258, #7836, #9212, .T. ) ;
#7836 = VERTEX_POINT ( 'NONE', #8195 ) ;
#7837 = ADVANCED_FACE ( 'NONE', ( #8141 ), #4458, .F. ) ;
#7838 = DIRECTION ( 'NONE',  ( 6.982962677686267499E-15, -0.000000000000000000, 1.000000000000000000 ) ) ;
#7839 = AXIS2_PLACEMENT_3D ( 'NONE', #11943, #7259, #5434 ) ;
#7840 = DIRECTION ( 'NONE',  ( 1.181088324069316513E-14, 0.000000000000000000, 1.000000000000000000 ) ) ;
#7841 = CARTESIAN_POINT ( 'NONE',  ( 50.00000000000064659, -5.000000000000000000, -27.09999999999802611 ) ) ;
#7842 = CARTESIAN_POINT ( 'NONE',  ( 2.137961641662427414, -4.367282134993058840, 22.10123727013891681 ) ) ;
#7843 = LINE ( 'NONE', #11618, #4128 ) ;
#7844 = DIRECTION ( 'NONE',  ( 0.000000000000000000, -1.000000000000000000, 0.000000000000000000 ) ) ;
#7845 = CYLINDRICAL_SURFACE ( 'NONE', #11313, 2.349999999999997868 ) ;
#7846 = ORIENTED_EDGE ( 'NONE', *, *, #9880, .T. ) ;
#7847 = ORIENTED_EDGE ( 'NONE', *, *, #5979, .F. ) ;
#7848 = AXIS2_PLACEMENT_3D ( 'NONE', #6930, #8909, #3478 ) ;
#7849 = VECTOR ( 'NONE', #1621, 1000.000000000000000 ) ;
#7850 = EDGE_CURVE ( 'NONE', #3730, #4661, #7749, .T. ) ;
#7851 = EDGE_LOOP ( 'NONE', ( #1526, #6580, #3660, #10644 ) ) ;
#7852 = CARTESIAN_POINT ( 'NONE',  ( -20.51918358845045987, -4.200000000000000178, -42.00000000000000711 ) ) ;
#7853 = EDGE_LOOP ( 'NONE', ( #4996, #6265 ) ) ;
#7854 = EDGE_CURVE ( 'NONE', #11331, #8557, #11927, .T. ) ;
#7855 = CARTESIAN_POINT ( 'NONE',  ( 42.00000000000015632, -1.000000000000000000, 41.49999999999968736 ) ) ;
#7856 = VECTOR ( 'NONE', #5438, 1000.000000000000000 ) ;
#7857 = CARTESIAN_POINT ( 'NONE',  ( 40.00000000000000711, -14.80000000000000071, -47.15000000000001279 ) ) ;
#7858 = CARTESIAN_POINT ( 'NONE',  ( 40.00000000000000711, -1.000000000000000000, -7.500000000000000000 ) ) ;
#7859 = EDGE_CURVE ( 'NONE', #187, #10296, #9938, .T. ) ;
#7860 = FACE_BOUND ( 'NONE', #6888, .T. ) ;
#7861 = DIRECTION ( 'NONE',  ( -1.000000000000000000, 0.000000000000000000, 0.000000000000000000 ) ) ;
#7862 = CARTESIAN_POINT ( 'NONE',  ( 41.90576361453853593, -10.26764340133596320, 41.59423638546132196 ) ) ;
#7863 = EDGE_LOOP ( 'NONE', ( #11576, #2909 ) ) ;
#7865 = ORIENTED_EDGE ( 'NONE', *, *, #8351, .F. ) ;
#7864 = ADVANCED_FACE ( 'NONE', ( #3668 ), #1002, .T. ) ;
#7866 = DIRECTION ( 'NONE',  ( 1.000000000000000000, 0.000000000000000000, -1.047444401652940007E-14 ) ) ;
#7867 = CARTESIAN_POINT ( 'NONE',  ( 42.00000000000044764, -10.02513371737336456, 41.49999999999939604 ) ) ;
#7868 = ORIENTED_EDGE ( 'NONE', *, *, #579, .F. ) ;
#7869 = CIRCLE ( 'NONE', #11114, 2.349999999999997868 ) ;
#7870 = EDGE_CURVE ( 'NONE', #4220, #1164, #10500, .T. ) ;
#7871 = DIRECTION ( 'NONE',  ( -0.000000000000000000, 1.000000000000000000, -0.000000000000000000 ) ) ;
#7872 = CARTESIAN_POINT ( 'NONE',  ( 14.99999999999982236, -1.000000000000000000, 40.00000000000000000 ) ) ;
#7873 = PLANE ( 'NONE',  #2921 ) ;
#7874 = DIRECTION ( 'NONE',  ( 1.387778780781444413E-14, 0.000000000000000000, 1.000000000000000000 ) ) ;
#7875 = AXIS2_PLACEMENT_3D ( 'NONE', #4667, #11234, #8343 ) ;
#7876 = CARTESIAN_POINT ( 'NONE',  ( -35.65644484899823397, -14.72207375812642915, -42.46243170559615265 ) ) ;
#7877 = CARTESIAN_POINT ( 'NONE',  ( 1.494355119503791851, -6.301887023522145803, 24.39882801666515633 ) ) ;
#7878 = CIRCLE ( 'NONE', #2524, 2.999999999999999112 ) ;
#7879 = CARTESIAN_POINT ( 'NONE',  ( 30.09999999999983444, -14.80000000000000071, -47.92957113217046583 ) ) ;
#7880 = VERTEX_POINT ( 'NONE', #7357 ) ;
#7881 = EDGE_LOOP ( 'NONE', ( #4617, #1876 ) ) ;
#7882 = ORIENTED_EDGE ( 'NONE', *, *, #4160, .F. ) ;
#7883 = CARTESIAN_POINT ( 'NONE',  ( 35.72419598204034230, -9.000000000000001776, -42.00000000000000711 ) ) ;
#7884 = DIRECTION ( 'NONE',  ( 1.000000000000000000, 0.000000000000000000, 0.000000000000000000 ) ) ;
#7885 = CARTESIAN_POINT ( 'NONE',  ( 37.50000000000000711, -8.000000000000001776, 42.89999999999999147 ) ) ;
#7886 = CYLINDRICAL_SURFACE ( 'NONE', #4573, 2.350000000000001421 ) ;
#7887 = CARTESIAN_POINT ( 'NONE',  ( 50.00000000000096634, -3.199999999999999734, 38.09999999999966036 ) ) ;
#7888 = ADVANCED_FACE ( 'NONE', ( #9999 ), #2158, .F. ) ;
#7889 = CARTESIAN_POINT ( 'NONE',  ( -6.400000000000000355, -13.00000000000000178, 0.000000000000000000 ) ) ;
#7890 = VERTEX_POINT ( 'NONE', #8441 ) ;
#7891 = EDGE_LOOP ( 'NONE', ( #11874, #11452, #10452, #7966, #5948 ) ) ;
#7892 = ORIENTED_EDGE ( 'NONE', *, *, #1098, .T. ) ;
#7893 = ORIENTED_EDGE ( 'NONE', *, *, #9832, .F. ) ;
#7894 = ORIENTED_EDGE ( 'NONE', *, *, #8190, .F. ) ;
#7895 = LINE ( 'NONE', #10595, #241 ) ;
#7896 = LINE ( 'NONE', #9695, #10223 ) ;
#7897 = PLANE ( 'NONE',  #5883 ) ;
#7898 = CARTESIAN_POINT ( 'NONE',  ( -40.00000000000000000, -1.000000000000000000, 7.500000000000000000 ) ) ;
#7899 = DIRECTION ( 'NONE',  ( 0.000000000000000000, 0.000000000000000000, -1.000000000000000000 ) ) ;
#7900 = DIRECTION ( 'NONE',  ( 0.000000000000000000, 0.000000000000000000, -1.000000000000000000 ) ) ;
#7901 = CARTESIAN_POINT ( 'NONE',  ( 41.99999999999960920, -10.29222238799080813, -37.08563378826681856 ) ) ;
#7902 = ORIENTED_EDGE ( 'NONE', *, *, #10903, .F. ) ;
#7903 = VERTEX_POINT ( 'NONE', #11381 ) ;
#7904 = AXIS2_PLACEMENT_3D ( 'NONE', #4931, #10589, #5160 ) ;
#7905 = EDGE_LOOP ( 'NONE', ( #9688, #9691, #2105, #2490, #10112, #5440, #4395, #10171, #4420, #3606, #693, #2094, #3033, #5219 ) ) ;
#7906 = CYLINDRICAL_SURFACE ( 'NONE', #1321, 2.999999999999999112 ) ;
#7907 = ORIENTED_EDGE ( 'NONE', *, *, #9227, .T. ) ;
#7908 = CARTESIAN_POINT ( 'NONE',  ( -43.49999999999987210, -3.199999999999999734, -39.64999999999999147 ) ) ;
#7909 = AXIS2_PLACEMENT_3D ( 'NONE', #2183, #5808, #6902 ) ;
#7910 = EDGE_CURVE ( 'NONE', #8251, #2972, #6851, .T. ) ;
#7911 = DIRECTION ( 'NONE',  ( 0.000000000000000000, 0.000000000000000000, 1.000000000000000000 ) ) ;
#7912 = DIRECTION ( 'NONE',  ( 0.000000000000000000, 0.000000000000000000, 1.000000000000000000 ) ) ;
#7913 = EDGE_CURVE ( 'NONE', #4292, #9451, #7999, .T. ) ;
#7914 = DIRECTION ( 'NONE',  ( -1.000000000000000000, 0.000000000000000000, 3.491481338843133355E-15 ) ) ;
#7915 = CIRCLE ( 'NONE', #11942, 4.349999999999999645 ) ;
#7916 = FACE_BOUND ( 'NONE', #2465, .T. ) ;
#7917 = VERTEX_POINT ( 'NONE', #11325 ) ;
#7918 = PLANE ( 'NONE',  #8065 ) ;
#7919 = ORIENTED_EDGE ( 'NONE', *, *, #66, .T. ) ;
#7920 = EDGE_LOOP ( 'NONE', ( #10283, #11725, #6473 ) ) ;
#7921 = CARTESIAN_POINT ( 'NONE',  ( 42.00000000000043343, -9.522454760119913431, 40.70778267890050728 ) ) ;
#7922 = ORIENTED_EDGE ( 'NONE', *, *, #5329, .T. ) ;
#7923 = AXIS2_PLACEMENT_3D ( 'NONE', #10350, #4195, #3408 ) ;
#7924 = DIRECTION ( 'NONE',  ( -1.000000000000000000, -0.000000000000000000, 3.491481338843133355E-15 ) ) ;
#7925 = LINE ( 'NONE', #9488, #9982 ) ;
#7926 = EDGE_CURVE ( 'NONE', #8659, #2653, #2036, .T. ) ;
#7927 = DIRECTION ( 'NONE',  ( 5.176904666065966360E-16, 0.000000000000000000, -1.000000000000000000 ) ) ;
#7928 = CARTESIAN_POINT ( 'NONE',  ( 40.00000000000000711, -15.00000000000000355, -42.80000000000001137 ) ) ;
#7929 = CARTESIAN_POINT ( 'NONE',  ( -36.13766816143491667, -8.000000000000003553, -44.80122281838041687 ) ) ;
#7930 = CARTESIAN_POINT ( 'NONE',  ( -47.99999999999990052, -3.199999999999999289, 30.50000000000000000 ) ) ;
#7931 = CARTESIAN_POINT ( 'NONE',  ( -40.57113122495486834, -10.67618230987071293, 42.00000000000000000 ) ) ;
#7932 = AXIS2_PLACEMENT_3D ( 'NONE', #8663, #1113, #6859 ) ;
#7933 = ORIENTED_EDGE ( 'NONE', *, *, #2590, .T. ) ;
#7934 = VERTEX_POINT ( 'NONE', #5849 ) ;
#7935 = VECTOR ( 'NONE', #11414, 1000.000000000000000 ) ;
#7936 = ORIENTED_EDGE ( 'NONE', *, *, #3423, .F. ) ;
#7937 = AXIS2_PLACEMENT_3D ( 'NONE', #1820, #5564, #3 ) ;
#7938 = CARTESIAN_POINT ( 'NONE',  ( 40.00000000000000711, -9.000000000000001776, -42.80000000000001137 ) ) ;
#7939 = DIRECTION ( 'NONE',  ( -1.156482317317873184E-14, 0.000000000000000000, -1.000000000000000000 ) ) ;
#7940 = LINE ( 'NONE', #11659, #10996 ) ;
#7941 = AXIS2_PLACEMENT_3D ( 'NONE', #5633, #3893, #7576 ) ;
#7942 = DIRECTION ( 'NONE',  ( -1.000000000000000000, 0.000000000000000000, 0.000000000000000000 ) ) ;
#7943 = DIRECTION ( 'NONE',  ( -1.047444401652940007E-14, -0.000000000000000000, -1.000000000000000000 ) ) ;
#7944 = CYLINDRICAL_SURFACE ( 'NONE', #10964, 4.000000000000000000 ) ;
#7945 = ORIENTED_EDGE ( 'NONE', *, *, #11352, .F. ) ;
#7946 = EDGE_LOOP ( 'NONE', ( #6413, #6022 ) ) ;
#7947 = VERTEX_POINT ( 'NONE', #7599 ) ;
#7948 = ORIENTED_EDGE ( 'NONE', *, *, #8849, .T. ) ;
#7949 = ORIENTED_EDGE ( 'NONE', *, *, #3218, .T. ) ;
#7950 = AXIS2_PLACEMENT_3D ( 'NONE', #2662, #5433, #4700 ) ;
#7951 = VECTOR ( 'NONE', #5159, 1000.000000000000000 ) ;
#7952 = DIRECTION ( 'NONE',  ( 1.000000000000000000, 0.000000000000000000, -8.953411488912536510E-15 ) ) ;
#7953 = EDGE_CURVE ( 'NONE', #10699, #2636, #6820, .T. ) ;
#7954 = DIRECTION ( 'NONE',  ( -1.000000000000000000, -0.000000000000000000, 1.047444401652940007E-14 ) ) ;
#7955 = CYLINDRICAL_SURFACE ( 'NONE', #10848, 1.550000000000002709 ) ;
#7956 = CARTESIAN_POINT ( 'NONE',  ( 3.177799938544314973, -2.924967994981308994, 23.27520838974584549 ) ) ;
#7957 = EDGE_CURVE ( 'NONE', #4224, #5872, #98, .T. ) ;
#7958 = DIRECTION ( 'NONE',  ( 0.000000000000000000, 0.000000000000000000, -1.000000000000000000 ) ) ;
#7959 = DIRECTION ( 'NONE',  ( -1.000000000000000000, 0.000000000000000000, 0.000000000000000000 ) ) ;
#7960 = CARTESIAN_POINT ( 'NONE',  ( 24.69999999999784634, -8.000000000000001776, -45.80000000000070770 ) ) ;
#7961 = ORIENTED_EDGE ( 'NONE', *, *, #6140, .T. ) ;
#7962 = ORIENTED_EDGE ( 'NONE', *, *, #1420, .F. ) ;
#7963 = AXIS2_PLACEMENT_3D ( 'NONE', #6619, #491, #11529 ) ;
#7964 = ORIENTED_EDGE ( 'NONE', *, *, #827, .F. ) ;
#7965 = CARTESIAN_POINT ( 'NONE',  ( 24.69999999999784634, -3.499999999999999556, -44.25000000000070344 ) ) ;
#7966 = ORIENTED_EDGE ( 'NONE', *, *, #2412, .F. ) ;
#7967 = ADVANCED_FACE ( 'NONE', ( #4761 ), #9578, .F. ) ;
#7968 = DIRECTION ( 'NONE',  ( 0.000000000000000000, -1.000000000000000000, 0.000000000000000000 ) ) ;
#7969 = CARTESIAN_POINT ( 'NONE',  ( 37.50000000000000711, -5.000000000000001776, 42.89999999999999147 ) ) ;
#7970 = DIRECTION ( 'NONE',  ( -1.181088324069316513E-14, 0.000000000000000000, -1.000000000000000000 ) ) ;
#7971 = AXIS2_PLACEMENT_3D ( 'NONE', #6010, #563, #4196 ) ;
#7972 = CARTESIAN_POINT ( 'NONE',  ( -38.09999999999983800, -3.199999999999999734, -43.50000000000001421 ) ) ;
#7973 = DIRECTION ( 'NONE',  ( -1.000000000000000000, 0.000000000000000000, 0.000000000000000000 ) ) ;
#7974 = ORIENTED_EDGE ( 'NONE', *, *, #11217, .F. ) ;
#7975 = DIRECTION ( 'NONE',  ( 1.000000000000000000, 0.000000000000000000, -0.000000000000000000 ) ) ;
#7976 = ORIENTED_EDGE ( 'NONE', *, *, #10019, .T. ) ;
#7977 = ORIENTED_EDGE ( 'NONE', *, *, #3558, .F. ) ;
#7978 = CARTESIAN_POINT ( 'NONE',  ( -41.49999999999983658, 3.236067977499853310, -49.99999999999999289 ) ) ;
#7979 = VERTEX_POINT ( 'NONE', #3796 ) ;
#7980 = EDGE_CURVE ( 'NONE', #8786, #175, #3009, .T. ) ;
#7981 = EDGE_CURVE ( 'NONE', #8544, #9045, #7477, .T. ) ;
#7982 = CIRCLE ( 'NONE', #1793, 1.000000000000000888 ) ;
#7983 = AXIS2_PLACEMENT_3D ( 'NONE', #4669, #3765, #7449 ) ;
#7984 = EDGE_CURVE ( 'NONE', #8555, #11579, #1047, .T. ) ;
#7985 = CARTESIAN_POINT ( 'NONE',  ( 10.49999999999999822, -6.423148112343863403, -26.93771929570238655 ) ) ;
#7986 = DIRECTION ( 'NONE',  ( 0.000000000000000000, 0.000000000000000000, 1.000000000000000000 ) ) ;
#7987 = AXIS2_PLACEMENT_3D ( 'NONE', #10189, #112, #11153 ) ;
#7988 = CARTESIAN_POINT ( 'NONE',  ( -27.09999999999737241, -5.000000000000000000, -41.99999999999885603 ) ) ;
#7989 = CARTESIAN_POINT ( 'NONE',  ( -35.66480410530890310, -8.724036679808536476, -43.25603906705180179 ) ) ;
#7990 = VECTOR ( 'NONE', #3252, 1000.000000000000000 ) ;
#7991 = FACE_OUTER_BOUND ( 'NONE', #7282, .T. ) ;
#7992 = DIRECTION ( 'NONE',  ( -0.000000000000000000, 1.000000000000000000, -0.000000000000000000 ) ) ;
#7993 = AXIS2_PLACEMENT_3D ( 'NONE', #7928, #9786, #555 ) ;
#7994 = EDGE_LOOP ( 'NONE', ( #2599, #1027, #1176, #2715 ) ) ;
#7995 = EDGE_LOOP ( 'NONE', ( #1124, #4557, #5444, #8464 ) ) ;
#7996 = EDGE_CURVE ( 'NONE', #11723, #8555, #10239, .T. ) ;
#7997 = EDGE_CURVE ( 'NONE', #11610, #879, #5656, .T. ) ;
#7998 = ORIENTED_EDGE ( 'NONE', *, *, #10697, .F. ) ;
#7999 = CIRCLE ( 'NONE', #3183, 1.000000000000000888 ) ;
#8000 = CARTESIAN_POINT ( 'NONE',  ( -45.79999999999802185, 1.000000000000000000, -27.04999999999936833 ) ) ;
#8001 = CARTESIAN_POINT ( 'NONE',  ( -28.95000000000043627, -3.199999999999999289, -43.49999999999960920 ) ) ;
#8002 = DIRECTION ( 'NONE',  ( 0.000000000000000000, 0.000000000000000000, 1.000000000000000000 ) ) ;
#8003 = DIRECTION ( 'NONE',  ( 0.000000000000000000, 0.000000000000000000, -1.000000000000000000 ) ) ;
#8004 = EDGE_CURVE ( 'NONE', #3286, #11489, #7536, .T. ) ;
#8005 = DIRECTION ( 'NONE',  ( -0.000000000000000000, -0.000000000000000000, -1.000000000000000000 ) ) ;
#8006 = ORIENTED_EDGE ( 'NONE', *, *, #9976, .F. ) ;
#8007 = VERTEX_POINT ( 'NONE', #9402 ) ;
#8008 = ORIENTED_EDGE ( 'NONE', *, *, #3081, .T. ) ;
#8009 = EDGE_LOOP ( 'NONE', ( #4410, #412 ) ) ;
#8010 = EDGE_CURVE ( 'NONE', #2711, #8731, #10367, .T. ) ;
#8011 = ORIENTED_EDGE ( 'NONE', *, *, #7190, .F. ) ;
#8012 = CARTESIAN_POINT ( 'NONE',  ( -42.00000000000011369, -3.199999999999999289, -30.49999999999998224 ) ) ;
#8013 = DIRECTION ( 'NONE',  ( -0.000000000000000000, -0.000000000000000000, -1.000000000000000000 ) ) ;
#8014 = CARTESIAN_POINT ( 'NONE',  ( 31.29999999999983373, -0.1999999999999999833, 48.00000000000000711 ) ) ;
#8015 = LINE ( 'NONE', #10889, #10828 ) ;
#8016 = DIRECTION ( 'NONE',  ( 0.000000000000000000, 0.000000000000000000, -1.000000000000000000 ) ) ;
#8017 = DIRECTION ( 'NONE',  ( 0.000000000000000000, 0.000000000000000000, -1.000000000000000000 ) ) ;
#8018 = DIRECTION ( 'NONE',  ( 1.000000000000000000, -0.000000000000000000, -1.047444401652940007E-14 ) ) ;
#8019 = ORIENTED_EDGE ( 'NONE', *, *, #4524, .F. ) ;
#8020 = ORIENTED_EDGE ( 'NONE', *, *, #7854, .T. ) ;
#8021 = ORIENTED_EDGE ( 'NONE', *, *, #6971, .F. ) ;
#8022 = DIRECTION ( 'NONE',  ( 1.000000000000000000, 0.000000000000000000, 4.336808689942025625E-16 ) ) ;
#8023 = CIRCLE ( 'NONE', #2807, 11.15000000000000036 ) ;
#8024 = ORIENTED_EDGE ( 'NONE', *, *, #3423, .T. ) ;
#8025 = VECTOR ( 'NONE', #4836, 1000.000000000000000 ) ;
#8026 = CARTESIAN_POINT ( 'NONE',  ( 16.59999999999983444, -1.000000000000000000, 0.000000000000000000 ) ) ;
#8027 = CARTESIAN_POINT ( 'NONE',  ( -49.00000000000000711, 7.750000000000000000, -42.49999999999999289 ) ) ;
#8028 = CARTESIAN_POINT ( 'NONE',  ( 42.50000000000000000, 0.000000000000000000, 49.99999999999999289 ) ) ;
#8029 = VECTOR ( 'NONE', #2649, 1000.000000000000000 ) ;
#8030 = CARTESIAN_POINT ( 'NONE',  ( -33.42911497058873493, -9.642061900919834727, -42.00000000000000711 ) ) ;
#8031 = CARTESIAN_POINT ( 'NONE',  ( 10.50000000000000178, -13.00000106891857854, 11.44409894867938426 ) ) ;
#8032 = DIRECTION ( 'NONE',  ( -0.000000000000000000, 1.000000000000000000, -0.000000000000000000 ) ) ;
#8033 = ORIENTED_EDGE ( 'NONE', *, *, #10571, .T. ) ;
#8034 = APPLICATION_PROTOCOL_DEFINITION ( 'draft international standard', 'automotive_design', 1998, #4574 ) ;
#8035 = ORIENTED_EDGE ( 'NONE', *, *, #4006, .T. ) ;
#8036 = ADVANCED_FACE ( 'NONE', ( #3917 ), #1187, .F. ) ;
#8037 = VERTEX_POINT ( 'NONE', #10542 ) ;
#8038 = DIRECTION ( 'NONE',  ( -0.000000000000000000, 1.000000000000000000, -0.000000000000000000 ) ) ;
#8039 = ORIENTED_EDGE ( 'NONE', *, *, #1014, .T. ) ;
#8040 = AXIS2_PLACEMENT_3D ( 'NONE', #3738, #5484, #9215 ) ;
#8041 = DIRECTION ( 'NONE',  ( 1.000000000000000000, 0.000000000000000000, 0.000000000000000000 ) ) ;
#8042 = DIRECTION ( 'NONE',  ( 1.000000000000000000, -0.000000000000000000, -3.491481338843133355E-15 ) ) ;
#8043 = CARTESIAN_POINT ( 'NONE',  ( -30.09999999999983089, -5.000000000000002665, -42.00000000000000711 ) ) ;
#8044 = ADVANCED_FACE ( 'NONE', ( #3426 ), #4095, .T. ) ;
#8045 = CARTESIAN_POINT ( 'NONE',  ( -29.77811006761514889, -7.982681154838612514, -40.70548526722581784 ) ) ;
#8046 = CARTESIAN_POINT ( 'NONE',  ( 15.00000000000000355, -1.000000000000000000, 15.00000000000000355 ) ) ;
#8047 = FACE_BOUND ( 'NONE', #3256, .T. ) ;
#8048 = VECTOR ( 'NONE', #9218, 1000.000000000000000 ) ;
#8049 = ORIENTED_EDGE ( 'NONE', *, *, #5228, .F. ) ;
#8050 = ORIENTED_EDGE ( 'NONE', *, *, #7913, .F. ) ;
#8051 = VECTOR ( 'NONE', #8800, 1000.000000000000000 ) ;
#8052 = ORIENTED_EDGE ( 'NONE', *, *, #55, .T. ) ;
#8053 = AXIS2_PLACEMENT_3D ( 'NONE', #968, #8533, #7570 ) ;
#8054 = CYLINDRICAL_SURFACE ( 'NONE', #5412, 1.000000000000000888 ) ;
#8055 = CARTESIAN_POINT ( 'NONE',  ( 21.49897948556864336, -5.000000000000000000, -49.99999999999884182 ) ) ;
#8056 = EDGE_CURVE ( 'NONE', #5949, #8037, #3369, .T. ) ;
#8057 = DIRECTION ( 'NONE',  ( 0.000000000000000000, 0.000000000000000000, 1.000000000000000000 ) ) ;
#8058 = CARTESIAN_POINT ( 'NONE',  ( 10.50000000000000178, -13.00000106891852170, 11.44409894867975197 ) ) ;
#8059 = CARTESIAN_POINT ( 'NONE',  ( -10.49999999999999822, -10.00000000000000178, 7.461999999999994415 ) ) ;
#8060 = DIRECTION ( 'NONE',  ( 0.000000000000000000, 0.000000000000000000, -1.000000000000000000 ) ) ;
#8061 = ORIENTED_EDGE ( 'NONE', *, *, #5910, .F. ) ;
#8062 = VERTEX_POINT ( 'NONE', #1483 ) ;
#8063 = VERTEX_POINT ( 'NONE', #524 ) ;
#8064 = VERTEX_POINT ( 'NONE', #8738 ) ;
#8065 = AXIS2_PLACEMENT_3D ( 'NONE', #661, #8874, #7975 ) ;
#8066 = ORIENTED_EDGE ( 'NONE', *, *, #5980, .T. ) ;
#8067 = CARTESIAN_POINT ( 'NONE',  ( -47.99999999999990052, -8.000000000000001776, 30.09999999999999787 ) ) ;
#8068 = ADVANCED_FACE ( 'NONE', ( #8796 ), #7897, .T. ) ;
#8069 = CARTESIAN_POINT ( 'NONE',  ( -48.00000000000012079, 1.000000000000000000, -31.29999999999966676 ) ) ;
#8070 = CARTESIAN_POINT ( 'NONE',  ( -49.58578643762690774, 0.9999999999999997780, 41.50000000000051870 ) ) ;
#8071 = EDGE_CURVE ( 'NONE', #964, #6221, #7110, .T. ) ;
#8072 = CARTESIAN_POINT ( 'NONE',  ( 3.516846791340142442, -1.505883158474772276, 24.18404892710605480 ) ) ;
#8073 = CARTESIAN_POINT ( 'NONE',  ( -35.65027030714910694, -5.000000000000001776, 42.00000000000000711 ) ) ;
#8074 = CARTESIAN_POINT ( 'NONE',  ( 31.29999999999983373, -0.1999999999999999833, -50.00000000000000711 ) ) ;
#8075 = CARTESIAN_POINT ( 'NONE',  ( -30.01842590198070226, -8.160453195785700942, 42.00000000000000711 ) ) ;
#8076 = ORIENTED_EDGE ( 'NONE', *, *, #1913, .F. ) ;
#8077 = ORIENTED_EDGE ( 'NONE', *, *, #9500, .F. ) ;
#8078 = ORIENTED_EDGE ( 'NONE', *, *, #2734, .T. ) ;
#8079 = CARTESIAN_POINT ( 'NONE',  ( 14.99999999999982236, -1.000000000000000000, -40.00000000000000000 ) ) ;
#8080 = VECTOR ( 'NONE', #9532, 1000.000000000000000 ) ;
#8081 = VERTEX_POINT ( 'NONE', #5112 ) ;
#8082 = CARTESIAN_POINT ( 'NONE',  ( 10.50000000000000000, -13.00000000000000178, 7.461999999999994415 ) ) ;
#8083 = DIRECTION ( 'NONE',  ( 0.000000000000000000, -1.000000000000000000, 0.000000000000000000 ) ) ;
#8084 = DIRECTION ( 'NONE',  ( 0.000000000000000000, 0.000000000000000000, 1.000000000000000000 ) ) ;
#8085 = AXIS2_PLACEMENT_3D ( 'NONE', #11346, #5079, #3151 ) ;
#8086 = DIRECTION ( 'NONE',  ( -0.000000000000000000, 1.000000000000000000, -0.000000000000000000 ) ) ;
#8087 = CARTESIAN_POINT ( 'NONE',  ( 43.50000000000031264, -3.199999999999999289, 28.94999999999967955 ) ) ;
#8088 = ORIENTED_EDGE ( 'NONE', *, *, #9608, .T. ) ;
#8089 =( LENGTH_UNIT ( ) NAMED_UNIT ( * ) SI_UNIT ( .MILLI., .METRE. ) );
#8090 = VERTEX_POINT ( 'NONE', #11499 ) ;
#8091 = ORIENTED_EDGE ( 'NONE', *, *, #1154, .T. ) ;
#8092 = DIRECTION ( 'NONE',  ( -1.396592535537253342E-14, 0.000000000000000000, -1.000000000000000000 ) ) ;
#8093 = ORIENTED_EDGE ( 'NONE', *, *, #7630, .F. ) ;
#8094 = VECTOR ( 'NONE', #9495, 1000.000000000000000 ) ;
#8095 = CARTESIAN_POINT ( 'NONE',  ( 10.49999999999999822, -1.474789825563127987, -28.99630820879690773 ) ) ;
#8096 = EDGE_CURVE ( 'NONE', #662, #5078, #10599, .T. ) ;
#8097 = DIRECTION ( 'NONE',  ( 4.476705744456268255E-15, 0.000000000000000000, 1.000000000000000000 ) ) ;
#8098 = CYLINDRICAL_SURFACE ( 'NONE', #2044, 2.350000000000001421 ) ;
#8099 = CARTESIAN_POINT ( 'NONE',  ( 50.00000000000093081, -3.199999999999999289, 28.94999999999965823 ) ) ;
#8100 = CARTESIAN_POINT ( 'NONE',  ( -40.00000000000000000, -1.000000000000000000, -14.99999999999982236 ) ) ;
#8101 = DIRECTION ( 'NONE',  ( 1.301042606982607490E-15, 0.000000000000000000, 1.000000000000000000 ) ) ;
#8102 = CARTESIAN_POINT ( 'NONE',  ( -40.47942738097954418, -11.13179757649275103, 42.00000000000001421 ) ) ;
#8103 = VERTEX_POINT ( 'NONE', #4153 ) ;
#8104 = ORIENTED_EDGE ( 'NONE', *, *, #8483, .T. ) ;
#8105 = AXIS2_PLACEMENT_3D ( 'NONE', #10676, #11631, #6099 ) ;
#8106 = EDGE_CURVE ( 'NONE', #1077, #808, #9755, .T. ) ;
#8107 = VERTEX_POINT ( 'NONE', #640 ) ;
#8108 = EDGE_CURVE ( 'NONE', #5367, #11307, #6143, .T. ) ;
#8109 = CARTESIAN_POINT ( 'NONE',  ( 38.92101639297884930, -5.116928373888393722, -42.00000000000000711 ) ) ;
#8110 = CARTESIAN_POINT ( 'NONE',  ( -12.50000000000000000, -13.00000000000000178, 7.461999999999993527 ) ) ;
#8111 = DIRECTION ( 'NONE',  ( 0.000000000000000000, 0.000000000000000000, -1.000000000000000000 ) ) ;
#8112 = FACE_OUTER_BOUND ( 'NONE', #3217, .T. ) ;
#8113 = AXIS2_PLACEMENT_3D ( 'NONE', #9257, #21, #7225 ) ;
#8114 = LINE ( 'NONE', #6304, #9852 ) ;
#8115 = CARTESIAN_POINT ( 'NONE',  ( 49.00000000000000711, 1.000000000000000000, 48.99999999999999289 ) ) ;
#8116 = ORIENTED_EDGE ( 'NONE', *, *, #10467, .F. ) ;
#8117 = ORIENTED_EDGE ( 'NONE', *, *, #1971, .F. ) ;
#8118 = EDGE_LOOP ( 'NONE', ( #7440, #1679, #11894 ) ) ;
#8119 = ORIENTED_EDGE ( 'NONE', *, *, #537, .T. ) ;
#8120 = EDGE_CURVE ( 'NONE', #1543, #10173, #6632, .T. ) ;
#8121 = AXIS2_PLACEMENT_3D ( 'NONE', #11054, #4546, #8224 ) ;
#8122 = CARTESIAN_POINT ( 'NONE',  ( -24.69999999999738094, -3.499999999999999556, 43.44999999999865281 ) ) ;
#8123 = ADVANCED_FACE ( 'NONE', ( #5057 ), #9696, .F. ) ;
#8124 = AXIS2_PLACEMENT_3D ( 'NONE', #10178, #10902, #1850 ) ;
#8125 = DIRECTION ( 'NONE',  ( 0.000000000000000000, 0.000000000000000000, -1.000000000000000000 ) ) ;
#8126 = CARTESIAN_POINT ( 'NONE',  ( 21.65063509461108993, -1.000000000000000000, -10.89999999999979963 ) ) ;
#8127 = FACE_OUTER_BOUND ( 'NONE', #8164, .T. ) ;
#8128 = CARTESIAN_POINT ( 'NONE',  ( -33.54230668589168118, -5.540943773805201644, 42.00000000000001421 ) ) ;
#8129 = CARTESIAN_POINT ( 'NONE',  ( 30.09999999999983089, -8.000000000000001776, 42.00000000000000711 ) ) ;
#8130 = CARTESIAN_POINT ( 'NONE',  ( -29.77233235401953593, -7.984661956084822876, 47.02784870590772215 ) ) ;
#8131 = VERTEX_POINT ( 'NONE', #11554 ) ;
#8132 = ORIENTED_EDGE ( 'NONE', *, *, #11379, .F. ) ;
#8133 = AXIS2_PLACEMENT_3D ( 'NONE', #5969, #5911, #10369 ) ;
#8134 = VERTEX_POINT ( 'NONE', #3305 ) ;
#8135 = CIRCLE ( 'NONE', #9675, 2.349999999999997868 ) ;
#8136 = LINE ( 'NONE', #3437, #3163 ) ;
#8137 = EDGE_CURVE ( 'NONE', #6149, #1089, #2761, .T. ) ;
#8138 = PLANE ( 'NONE',  #2629 ) ;
#8139 = ADVANCED_FACE ( 'NONE', ( #6992 ), #7955, .F. ) ;
#8140 = CARTESIAN_POINT ( 'NONE',  ( -30.49999999999913669, -3.199999999999999289, 50.00000000000156319 ) ) ;
#8141 = FACE_OUTER_BOUND ( 'NONE', #9793, .T. ) ;
#8142 = CIRCLE ( 'NONE', #11786, 1.550000000000002709 ) ;
#8143 = DIRECTION ( 'NONE',  ( 1.047444401652940007E-14, 0.000000000000000000, 1.000000000000000000 ) ) ;
#8144 = CARTESIAN_POINT ( 'NONE',  ( 10.50000000000000000, -13.00000000000000178, 7.461999999999994415 ) ) ;
#8145 = DIRECTION ( 'NONE',  ( -0.000000000000000000, 1.000000000000000000, -0.000000000000000000 ) ) ;
#8146 = CARTESIAN_POINT ( 'NONE',  ( 50.00000000000064659, -4.000000000000000000, 21.49897948556800031 ) ) ;
#8147 = CARTESIAN_POINT ( 'NONE',  ( 35.66021249333275023, -14.72370720916998010, -43.18507523187270181 ) ) ;
#8148 = ORIENTED_EDGE ( 'NONE', *, *, #6742, .F. ) ;
#8149 = ORIENTED_EDGE ( 'NONE', *, *, #9359, .T. ) ;
#8150 = ORIENTED_EDGE ( 'NONE', *, *, #4282, .F. ) ;
#8151 = DIRECTION ( 'NONE',  ( 0.000000000000000000, 1.000000000000000000, 0.000000000000000000 ) ) ;
#8152 = ORIENTED_EDGE ( 'NONE', *, *, #3476, .F. ) ;
#8153 = EDGE_CURVE ( 'NONE', #4309, #6720, #11444, .T. ) ;
#8154 = CARTESIAN_POINT ( 'NONE',  ( 31.29999999999983373, 1.000000000000000000, -50.00000000000000711 ) ) ;
#8155 = DIRECTION ( 'NONE',  ( 1.387778780781445676E-16, 0.000000000000000000, 1.000000000000000000 ) ) ;
#8156 = DIRECTION ( 'NONE',  ( -1.000000000000000000, 0.000000000000000000, 0.000000000000000000 ) ) ;
#8157 = CARTESIAN_POINT ( 'NONE',  ( -24.69999999999752660, -3.499999999999999556, 45.80000000000087823 ) ) ;
#8158 = CARTESIAN_POINT ( 'NONE',  ( 35.67960256470107083, -14.73009028003564502, -42.23834089129219649 ) ) ;
#8159 = CARTESIAN_POINT ( 'NONE',  ( -12.49999999999999645, -13.00000000000000178, -12.40000000000000036 ) ) ;
#8160 = DIRECTION ( 'NONE',  ( 1.000000000000000000, 0.000000000000000000, -1.035380933213193272E-16 ) ) ;
#8161 = ORIENTED_EDGE ( 'NONE', *, *, #5179, .F. ) ;
#8162 = VERTEX_POINT ( 'NONE', #6197 ) ;
#8163 = AXIS2_PLACEMENT_3D ( 'NONE', #4025, #5704, #8548 ) ;
#8164 = EDGE_LOOP ( 'NONE', ( #8238, #1562, #6987, #10313 ) ) ;
#8165 = AXIS2_PLACEMENT_3D ( 'NONE', #6498, #7587, #3905 ) ;
#8166 = CYLINDRICAL_SURFACE ( 'NONE', #1947, 1.550000000000002709 ) ;
#8167 = DIRECTION ( 'NONE',  ( 0.000000000000000000, 0.000000000000000000, 1.000000000000000000 ) ) ;
#8168 = VECTOR ( 'NONE', #5892, 1000.000000000000000 ) ;
#8169 = CARTESIAN_POINT ( 'NONE',  ( 30.49999999999953104, -3.199999999999999289, -43.50000000000001421 ) ) ;
#8170 = CARTESIAN_POINT ( 'NONE',  ( 10.50000000000000178, -12.98922859241166528, 8.706039544501708249 ) ) ;
#8171 = CARTESIAN_POINT ( 'NONE',  ( 49.99999999999985079, 7.750000000000000000, -41.50000000000018474 ) ) ;
#8172 = PLANE ( 'NONE',  #1715 ) ;
#8173 = ORIENTED_EDGE ( 'NONE', *, *, #5186, .F. ) ;
#8174 = ORIENTED_EDGE ( 'NONE', *, *, #669, .F. ) ;
#8175 = ORIENTED_EDGE ( 'NONE', *, *, #1830, .T. ) ;
#8176 = ORIENTED_EDGE ( 'NONE', *, *, #7182, .T. ) ;
#8177 = EDGE_CURVE ( 'NONE', #7890, #5307, #7048, .T. ) ;
#8178 =( BOUNDED_CURVE ( )  B_SPLINE_CURVE ( 3, ( #5379, #852, #5437, #5498 ),
 .UNSPECIFIED., .F., .T. ) 
 B_SPLINE_CURVE_WITH_KNOTS ( ( 4, 4 ),
 ( 0.000000000000000000, 1.570796326794896780 ),
 .UNSPECIFIED. ) 
 CURVE ( )  GEOMETRIC_REPRESENTATION_ITEM ( )  RATIONAL_B_SPLINE_CURVE ( ( 1.000000000000000000, 0.8047378541243649375, 0.8047378541243649375, 1.000000000000000000 ) ) 
 REPRESENTATION_ITEM ( '' )  );
#8179 = CIRCLE ( 'NONE', #2010, 2.349999999999997868 ) ;
#8180 = DIRECTION ( 'NONE',  ( 0.000000000000000000, 0.000000000000000000, 1.000000000000000000 ) ) ;
#8181 = CARTESIAN_POINT ( 'NONE',  ( -1.327619907867158000, -4.376353480158560849, 25.91154305051315987 ) ) ;
#8182 = CARTESIAN_POINT ( 'NONE',  ( 43.50000000000035527, -3.199999999999998845, 32.84999999999938325 ) ) ;
#8183 = CARTESIAN_POINT ( 'NONE',  ( 30.09999999999983089, -8.000000000000001776, 48.00000000000000711 ) ) ;
#8184 = CARTESIAN_POINT ( 'NONE',  ( -32.07786839752387920, -7.435002167928477235, 41.99999999999999289 ) ) ;
#8185 = ADVANCED_FACE ( 'NONE', ( #2457 ), #3930, .T. ) ;
#8186 = DIRECTION ( 'NONE',  ( -1.000000000000000000, 0.000000000000000000, 0.000000000000000000 ) ) ;
#8187 = CARTESIAN_POINT ( 'NONE',  ( -31.84592577102258204, -11.33324298044297862, 42.62586964664656364 ) ) ;
#8188 = ORIENTED_EDGE ( 'NONE', *, *, #11003, .F. ) ;
#8189 = ORIENTED_EDGE ( 'NONE', *, *, #2227, .T. ) ;
#8190 = EDGE_CURVE ( 'NONE', #8205, #11842, #4307, .T. ) ;
#8191 = ORIENTED_EDGE ( 'NONE', *, *, #2993, .F. ) ;
#8192 = DIRECTION ( 'NONE',  ( 0.000000000000000000, 0.000000000000000000, 1.000000000000000000 ) ) ;
#8193 = CARTESIAN_POINT ( 'NONE',  ( 33.25579997369501228, -8.183030832939804711, 41.94558730882529574 ) ) ;
#8194 = PLANE ( 'NONE',  #9059 ) ;
#8195 = CARTESIAN_POINT ( 'NONE',  ( 28.95000000000013429, -3.199999999999999289, 43.49999999999981526 ) ) ;
#8196 = CARTESIAN_POINT ( 'NONE',  ( 21.65063509461108993, -1.000000000000000000, -12.49999999999980105 ) ) ;
#8197 = CARTESIAN_POINT ( 'NONE',  ( -6.400000000000000355, -13.00000000000000178, -12.90000000000000036 ) ) ;
#8198 = EDGE_CURVE ( 'NONE', #1301, #6427, #4504, .T. ) ;
#8199 = CARTESIAN_POINT ( 'NONE',  ( -49.00000000000000711, 1.000000000000000000, -49.00000000000000711 ) ) ;
#8200 = DIRECTION ( 'NONE',  ( 3.491481338843133355E-15, 0.000000000000000000, 1.000000000000000000 ) ) ;
#8201 = CARTESIAN_POINT ( 'NONE',  ( 40.00000000000000711, -9.000000000000001776, -38.45000000000000995 ) ) ;
#8202 = VECTOR ( 'NONE', #2130, 1000.000000000000000 ) ;
#8203 = EDGE_LOOP ( 'NONE', ( #10766, #9644 ) ) ;
#8204 = EDGE_LOOP ( 'NONE', ( #2216, #5793, #937, #5037 ) ) ;
#8205 = VERTEX_POINT ( 'NONE', #8182 ) ;
#8206 = FACE_OUTER_BOUND ( 'NONE', #4105, .T. ) ;
#8207 = VECTOR ( 'NONE', #8947, 1000.000000000000000 ) ;
#8208 = VERTEX_POINT ( 'NONE', #22 ) ;
#8209 = CARTESIAN_POINT ( 'NONE',  ( -40.00000000000000000, -1.000000000000000000, 14.99999999999982236 ) ) ;
#8210 = AXIS2_PLACEMENT_3D ( 'NONE', #10003, #41, #2828 ) ;
#8211 = CIRCLE ( 'NONE', #7649, 1.549999999999999378 ) ;
#8212 = CARTESIAN_POINT ( 'NONE',  ( 42.49999999999982236, 1.000000000000000000, -50.00000000000000711 ) ) ;
#8213 = DIRECTION ( 'NONE',  ( 1.000000000000000000, 0.000000000000000000, -1.387778780781445676E-16 ) ) ;
#8214 = EDGE_CURVE ( 'NONE', #8602, #7088, #10044, .T. ) ;
#8215 = FACE_BOUND ( 'NONE', #9845, .T. ) ;
#8216 = CARTESIAN_POINT ( 'NONE',  ( 27.10000000000228226, -5.000000000000000000, -49.99999999999884182 ) ) ;
#8217 = CARTESIAN_POINT ( 'NONE',  ( -42.00000000000011369, -5.000000000000002665, -30.09999999999968523 ) ) ;
#8218 = EDGE_CURVE ( 'NONE', #11756, #4320, #5401, .T. ) ;
#8219 = VERTEX_POINT ( 'NONE', #8126 ) ;
#8220 = ORIENTED_EDGE ( 'NONE', *, *, #9254, .T. ) ;
#8221 = CIRCLE ( 'NONE', #4561, 4.349999999999999645 ) ;
#8222 = TOROIDAL_SURFACE ( 'NONE', #3024, 0.9499999999999998446, 3.399999999999999911 ) ;
#8223 = VERTEX_POINT ( 'NONE', #700 ) ;
#8224 = DIRECTION ( 'NONE',  ( -6.938893903907222067E-15, 0.000000000000000000, -1.000000000000000000 ) ) ;
#8225 = CARTESIAN_POINT ( 'NONE',  ( 20.51918358845291834, -4.200000000000000178, 49.99999999999999289 ) ) ;
#8227 = CIRCLE ( 'NONE', #5727, 2.349999999999997868 ) ;
#8226 = CIRCLE ( 'NONE', #10546, 1.000000000000000888 ) ;
#8228 = LINE ( 'NONE', #1884, #3686 ) ;
#8229 = AXIS2_PLACEMENT_3D ( 'NONE', #10957, #5718, #9399 ) ;
#8230 = CARTESIAN_POINT ( 'NONE',  ( 40.00000000000000000, 1.000000000000000000, 14.99999999999982236 ) ) ;
#8231 = DIRECTION ( 'NONE',  ( -0.000000000000000000, 1.000000000000000000, -0.000000000000000000 ) ) ;
#8232 = CARTESIAN_POINT ( 'NONE',  ( 10.49999999999999822, 0.4627515311839119350, -26.30919688406721590 ) ) ;
#8233 = VECTOR ( 'NONE', #11271, 1000.000000000000000 ) ;
#8234 = CARTESIAN_POINT ( 'NONE',  ( -43.49999999999990763, -3.199999999999999289, 30.49999999999998224 ) ) ;
#8235 = ORIENTED_EDGE ( 'NONE', *, *, #8137, .T. ) ;
#8236 = VERTEX_POINT ( 'NONE', #9025 ) ;
#8237 = ORIENTED_EDGE ( 'NONE', *, *, #812, .T. ) ;
#8238 = ORIENTED_EDGE ( 'NONE', *, *, #7558, .T. ) ;
#8239 = AXIS2_PLACEMENT_3D ( 'NONE', #5754, #3762, #9429 ) ;
#8240 = DIRECTION ( 'NONE',  ( 0.000000000000000000, 1.000000000000000000, 0.000000000000000000 ) ) ;
#8241 = CARTESIAN_POINT ( 'NONE',  ( 0.000000000000000000, 1.000000000000000000, 0.000000000000000000 ) ) ;
#8242 = DIRECTION ( 'NONE',  ( 0.000000000000000000, 1.000000000000000000, 0.000000000000000000 ) ) ;
#8243 = EDGE_CURVE ( 'NONE', #2259, #9586, #2750, .T. ) ;
#8244 = CARTESIAN_POINT ( 'NONE',  ( -40.45587828773334138, -8.154492768451390816, 42.00000000000000711 ) ) ;
#8245 = DIRECTION ( 'NONE',  ( 0.000000000000000000, 1.000000000000000000, 0.000000000000000000 ) ) ;
#8246 = LINE ( 'NONE', #5525, #2451 ) ;
#8247 = EDGE_CURVE ( 'NONE', #9705, #5752, #10470, .T. ) ;
#8248 = CIRCLE ( 'NONE', #1686, 1.000000000000000888 ) ;
#8249 = CARTESIAN_POINT ( 'NONE',  ( -31.92613302056485836, -8.612183543545588904, 43.74176290974224912 ) ) ;
#8250 = ORIENTED_EDGE ( 'NONE', *, *, #2721, .T. ) ;
#8251 = VERTEX_POINT ( 'NONE', #818 ) ;
#8252 = ORIENTED_EDGE ( 'NONE', *, *, #519, .F. ) ;
#8253 = CARTESIAN_POINT ( 'NONE',  ( 43.49999999999958078, -3.199999999999999734, -40.45000000000028706 ) ) ;
#8254 = CARTESIAN_POINT ( 'NONE',  ( -24.70000000000000995, -3.499999999999999556, -45.80000000000000426 ) ) ;
#8255 = PRODUCT_DEFINITION_FORMATION_WITH_SPECIFIED_SOURCE ( 'ANY', '', #3300, .NOT_KNOWN. ) ;
#8256 = ADVANCED_FACE ( 'NONE', ( #5289 ), #11790, .F. ) ;
#8257 = DIRECTION ( 'NONE',  ( 1.000000000000000000, 0.000000000000000000, -1.387778780781445676E-16 ) ) ;
#8258 = DIRECTION ( 'NONE',  ( 6.982962677686267499E-15, -0.000000000000000000, 1.000000000000000000 ) ) ;
#8259 = EDGE_CURVE ( 'NONE', #10522, #11166, #11070, .T. ) ;
#8260 = DIRECTION ( 'NONE',  ( -0.000000000000000000, 1.000000000000000000, -0.000000000000000000 ) ) ;
#8261 = DIRECTION ( 'NONE',  ( 0.000000000000000000, 0.000000000000000000, 1.000000000000000000 ) ) ;
#8262 = FACE_OUTER_BOUND ( 'NONE', #9032, .T. ) ;
#8263 = DIRECTION ( 'NONE',  ( -1.000000000000000000, -0.000000000000000000, -4.336808689942025625E-16 ) ) ;
#8264 = CARTESIAN_POINT ( 'NONE',  ( 36.13766816143491667, -8.000000000000003553, -44.80122281838041687 ) ) ;
#8265 = ORIENTED_EDGE ( 'NONE', *, *, #6871, .F. ) ;
#8266 = EDGE_LOOP ( 'NONE', ( #2502, #10449, #10745, #8191 ) ) ;
#8267 = ORIENTED_EDGE ( 'NONE', *, *, #4022, .T. ) ;
#8268 = CARTESIAN_POINT ( 'NONE',  ( 42.50000000000000000, 1.000000000000000000, 48.99999999999999289 ) ) ;
#8269 = VERTEX_POINT ( 'NONE', #3720 ) ;
#8270 = EDGE_CURVE ( 'NONE', #4742, #10023, #4338, .T. ) ;
#8271 = LINE ( 'NONE', #7374, #7194 ) ;
#8272 = EDGE_CURVE ( 'NONE', #6033, #10555, #10949, .T. ) ;
#8273 = DIRECTION ( 'NONE',  ( 0.000000000000000000, 1.000000000000000000, 0.000000000000000000 ) ) ;
#8274 = LINE ( 'NONE', #6467, #3555 ) ;
#8275 = DIRECTION ( 'NONE',  ( 0.000000000000000000, 1.000000000000000000, -0.000000000000000000 ) ) ;
#8276 = CYLINDRICAL_SURFACE ( 'NONE', #5920, 24.99999999999999645 ) ;
#8277 = DIRECTION ( 'NONE',  ( 4.625929269271486900E-15, 0.000000000000000000, 1.000000000000000000 ) ) ;
#8278 = ORIENTED_EDGE ( 'NONE', *, *, #6114, .T. ) ;
#8279 = EDGE_LOOP ( 'NONE', ( #2185, #951, #11091, #11246 ) ) ;
#8280 = ORIENTED_EDGE ( 'NONE', *, *, #1449, .F. ) ;
#8281 = EDGE_CURVE ( 'NONE', #3138, #6323, #4122, .T. ) ;
#8282 = ORIENTED_EDGE ( 'NONE', *, *, #10958, .F. ) ;
#8283 = DIRECTION ( 'NONE',  ( 0.000000000000000000, 0.000000000000000000, -1.000000000000000000 ) ) ;
#8284 = EDGE_CURVE ( 'NONE', #3214, #8208, #4696, .T. ) ;
#8285 = CARTESIAN_POINT ( 'NONE',  ( 35.94886484611368616, -7.662007205351959449, -42.00000000000000711 ) ) ;
#8286 = LINE ( 'NONE', #10025, #2395 ) ;
#8287 = VECTOR ( 'NONE', #9002, 1000.000000000000000 ) ;
#8288 = DIRECTION ( 'NONE',  ( 0.000000000000000000, 1.000000000000000000, 0.000000000000000000 ) ) ;
#8289 = VECTOR ( 'NONE', #6716, 1000.000000000000000 ) ;
#8290 = CARTESIAN_POINT ( 'NONE',  ( -10.50000000000000178, -12.69965371984184976, 13.48363888547205569 ) ) ;
#8291 = DIRECTION ( 'NONE',  ( -5.176904666065966360E-16, 0.000000000000000000, -1.000000000000000000 ) ) ;
#8292 = DIRECTION ( 'NONE',  ( -4.476705744456268255E-15, 0.000000000000000000, 1.000000000000000000 ) ) ;
#8293 = CIRCLE ( 'NONE', #4439, 2.349999999999997868 ) ;
#8294 = ORIENTED_EDGE ( 'NONE', *, *, #11012, .T. ) ;
#8295 = ORIENTED_EDGE ( 'NONE', *, *, #4367, .F. ) ;
#8296 = VERTEX_POINT ( 'NONE', #1777 ) ;
#8297 = VERTEX_POINT ( 'NONE', #5521 ) ;
#8298 = DIRECTION ( 'NONE',  ( 1.000000000000000000, -0.000000000000000000, 0.000000000000000000 ) ) ;
#8299 = CARTESIAN_POINT ( 'NONE',  ( 45.80000000000062244, -3.499999999999999556, 27.04999999999800409 ) ) ;
#8300 = CARTESIAN_POINT ( 'NONE',  ( 41.49999999999983658, 3.236067977499853310, 49.99999999999999289 ) ) ;
#8301 = FACE_BOUND ( 'NONE', #5549, .T. ) ;
#8302 = CARTESIAN_POINT ( 'NONE',  ( 24.69999999999784634, -5.000000000000000000, -45.80000000000070770 ) ) ;
#8303 = DIRECTION ( 'NONE',  ( -0.000000000000000000, -0.000000000000000000, -1.000000000000000000 ) ) ;
#8304 = AXIS2_PLACEMENT_3D ( 'NONE', #8816, #10123, #9043 ) ;
#8305 = CARTESIAN_POINT ( 'NONE',  ( -31.93657731781857123, -11.37991947045065722, 43.77903929546525319 ) ) ;
#8306 = EDGE_LOOP ( 'NONE', ( #11933, #3652 ) ) ;
#8307 = ORIENTED_EDGE ( 'NONE', *, *, #6370, .F. ) ;
#8308 = EDGE_LOOP ( 'NONE', ( #5330, #1625, #3773, #4644 ) ) ;
#8309 = DIRECTION ( 'NONE',  ( 0.000000000000000000, 0.000000000000000000, -1.000000000000000000 ) ) ;
#8310 = AXIS2_PLACEMENT_3D ( 'NONE', #1221, #6611, #5944 ) ;
#8311 = DIRECTION ( 'NONE',  ( -0.000000000000000000, 1.000000000000000000, -0.000000000000000000 ) ) ;
#8312 = FACE_OUTER_BOUND ( 'NONE', #6957, .T. ) ;
#8313 = CARTESIAN_POINT ( 'NONE',  ( 30.13681086057862046, -8.000000000000001776, -48.00000000000000711 ) ) ;
#8314 = DIRECTION ( 'NONE',  ( 0.000000000000000000, 1.000000000000000000, 0.000000000000000000 ) ) ;
#8315 = CARTESIAN_POINT ( 'NONE',  ( -30.09999999999983089, -8.000000000000001776, -48.00000000000000711 ) ) ;
#8316 = CIRCLE ( 'NONE', #3123, 2.999999999999995559 ) ;
#8317 = CIRCLE ( 'NONE', #8900, 4.349999999999999645 ) ;
#8318 = DIRECTION ( 'NONE',  ( 0.000000000000000000, 0.000000000000000000, -1.000000000000000000 ) ) ;
#8319 = DIRECTION ( 'NONE',  ( 0.000000000000000000, 1.000000000000000000, 0.000000000000000000 ) ) ;
#8320 = CARTESIAN_POINT ( 'NONE',  ( 24.70000000000261764, 1.000000000000000000, 48.14999999999864855 ) ) ;
#8321 = ORIENTED_EDGE ( 'NONE', *, *, #4892, .F. ) ;
#8322 = ORIENTED_EDGE ( 'NONE', *, *, #7627, .T. ) ;
#8323 = VERTEX_POINT ( 'NONE', #11732 ) ;
#8324 = CARTESIAN_POINT ( 'NONE',  ( 40.74940919525703009, -11.41796982308184205, -48.00000000000000711 ) ) ;
#8325 = ORIENTED_EDGE ( 'NONE', *, *, #7630, .T. ) ;
#8326 = EDGE_CURVE ( 'NONE', #4922, #2226, #6425, .T. ) ;
#8327 = CIRCLE ( 'NONE', #11207, 2.349999999999997868 ) ;
#8328 = AXIS2_PLACEMENT_3D ( 'NONE', #2324, #5102, #1352 ) ;
#8329 = DIRECTION ( 'NONE',  ( -0.000000000000000000, 1.000000000000000000, -0.000000000000000000 ) ) ;
#8330 = CARTESIAN_POINT ( 'NONE',  ( 40.00000000000000711, -9.000000000000001776, -42.45000000000001705 ) ) ;
#8331 = CYLINDRICAL_SURFACE ( 'NONE', #7416, 1.550000000000002709 ) ;
#8332 = CARTESIAN_POINT ( 'NONE',  ( -40.00000000000000000, 1.000000000000000000, -14.99999999999982236 ) ) ;
#8333 = CARTESIAN_POINT ( 'NONE',  ( -24.69999999999738094, -3.499999999999999556, 45.79999999999864713 ) ) ;
#8334 = DIRECTION ( 'NONE',  ( 0.000000000000000000, 1.000000000000000000, 0.000000000000000000 ) ) ;
#8335 = EDGE_CURVE ( 'NONE', #2414, #7030, #9925, .T. ) ;
#8336 = ORIENTED_EDGE ( 'NONE', *, *, #311, .F. ) ;
#8337 = EDGE_CURVE ( 'NONE', #10433, #1549, #1835, .T. ) ;
#8338 = ORIENTED_EDGE ( 'NONE', *, *, #7217, .F. ) ;
#8339 = ORIENTED_EDGE ( 'NONE', *, *, #930, .T. ) ;
#8340 = EDGE_CURVE ( 'NONE', #5295, #935, #7226, .T. ) ;
#8341 = VECTOR ( 'NONE', #2717, 1000.000000000000000 ) ;
#8342 = ORIENTED_EDGE ( 'NONE', *, *, #2896, .T. ) ;
#8343 = DIRECTION ( 'NONE',  ( 0.000000000000000000, 0.000000000000000000, 1.000000000000000000 ) ) ;
#8344 = DIRECTION ( 'NONE',  ( -0.000000000000000000, 1.000000000000000000, -0.000000000000000000 ) ) ;
#8345 = PLANE ( 'NONE',  #1226 ) ;
#8346 = CARTESIAN_POINT ( 'NONE',  ( 40.00000000000000711, -15.00000000000000355, -42.80000000000001137 ) ) ;
#8347 = DIRECTION ( 'NONE',  ( 0.7672955974842979865, 0.000000000000000000, 0.6412935880555910018 ) ) ;
#8348 = FACE_OUTER_BOUND ( 'NONE', #1654, .T. ) ;
#8349 = CARTESIAN_POINT ( 'NONE',  ( -10.49999999999999822, -4.733484000226487964, -24.43275772327778839 ) ) ;
#8350 = AXIS2_PLACEMENT_3D ( 'NONE', #2691, #7407, #6374 ) ;
#8351 = EDGE_CURVE ( 'NONE', #10743, #7250, #2808, .T. ) ;
#8352 = ORIENTED_EDGE ( 'NONE', *, *, #478, .F. ) ;
#8353 = ORIENTED_EDGE ( 'NONE', *, *, #363, .F. ) ;
#8354 = ORIENTED_EDGE ( 'NONE', *, *, #1427, .F. ) ;
#8355 = ORIENTED_EDGE ( 'NONE', *, *, #10393, .T. ) ;
#8356 = EDGE_CURVE ( 'NONE', #1299, #8604, #11426, .T. ) ;
#8357 = MANIFOLD_SOLID_BREP ( 'Boss-Extrude20', #6152 ) ;
#8358 = VECTOR ( 'NONE', #7958, 1000.000000000000000 ) ;
#8359 = LINE ( 'NONE', #1657, #6217 ) ;
#8360 = VECTOR ( 'NONE', #7271, 1000.000000000000000 ) ;
#8361 = VECTOR ( 'NONE', #1786, 1000.000000000000000 ) ;
#8362 = CARTESIAN_POINT ( 'NONE',  ( -1.401387387115458960, -6.495857311061318917, 24.22168500256035628 ) ) ;
#8363 = LINE ( 'NONE', #2932, #5461 ) ;
#8364 = ADVANCED_FACE ( 'NONE', ( #1235 ), #1990, .T. ) ;
#8365 = CARTESIAN_POINT ( 'NONE',  ( 37.50000000000000711, -5.000000000000001776, 41.94999999999999574 ) ) ;
#8366 = CARTESIAN_POINT ( 'NONE',  ( -32.05000000000041638, -3.199999999999999289, -42.00000000000001421 ) ) ;
#8367 = EDGE_CURVE ( 'NONE', #5682, #8675, #6829, .T. ) ;
#8368 = CARTESIAN_POINT ( 'NONE',  ( 50.00000000000097344, -3.199999999999999734, -39.64999999999966462 ) ) ;
#8369 = FACE_BOUND ( 'NONE', #3104, .T. ) ;
#8370 = CARTESIAN_POINT ( 'NONE',  ( -30.36633740804695947, -8.000000000000003553, 48.00000000000001421 ) ) ;
#8371 = ORIENTED_EDGE ( 'NONE', *, *, #8777, .T. ) ;
#8372 = ORIENTED_EDGE ( 'NONE', *, *, #4829, .F. ) ;
#8373 = VECTOR ( 'NONE', #495, 1000.000000000000000 ) ;
#8374 = EDGE_CURVE ( 'NONE', #6322, #234, #147, .T. ) ;
#8375 = VERTEX_POINT ( 'NONE', #3903 ) ;
#8376 = CARTESIAN_POINT ( 'NONE',  ( -21.49897948556618843, -5.000000000000000000, 42.00000000000000711 ) ) ;
#8377 = CARTESIAN_POINT ( 'NONE',  ( 33.17625464991064632, -8.246039980069296504, 42.37181694850859515 ) ) ;
#8378 = CARTESIAN_POINT ( 'NONE',  ( 10.50000000000000178, -9.976453121229452492, 8.461707764593960235 ) ) ;
#8379 = CARTESIAN_POINT ( 'NONE',  ( -35.78691067397216585, -14.76049644767757840, -43.90883551763590731 ) ) ;
#8380 = ADVANCED_FACE ( 'NONE', ( #1959 ), #11127, .F. ) ;
#8381 = AXIS2_PLACEMENT_3D ( 'NONE', #4699, #2764, #5360 ) ;
#8382 = CARTESIAN_POINT ( 'NONE',  ( 45.80000000000062244, -5.000000000000000000, 24.69999999999800622 ) ) ;
#8383 = DIRECTION ( 'NONE',  ( 0.000000000000000000, 0.000000000000000000, -1.000000000000000000 ) ) ;
#8384 = DIRECTION ( 'NONE',  ( 4.476705744456268255E-15, 0.000000000000000000, -1.000000000000000000 ) ) ;
#8385 = CARTESIAN_POINT ( 'NONE',  ( 41.99999999999960210, -7.511028698706618378, -39.25824037297169866 ) ) ;
#8386 = FACE_BOUND ( 'NONE', #6582, .T. ) ;
#8387 = CARTESIAN_POINT ( 'NONE',  ( 30.01183857110625652, -8.000000000000003553, -47.37374676658969008 ) ) ;
#8388 = EDGE_LOOP ( 'NONE', ( #2745, #28, #1738, #10710 ) ) ;
#8389 = ORIENTED_EDGE ( 'NONE', *, *, #6232, .F. ) ;
#8390 = ORIENTED_EDGE ( 'NONE', *, *, #5650, .F. ) ;
#8391 = FACE_OUTER_BOUND ( 'NONE', #93, .T. ) ;
#8392 = ORIENTED_EDGE ( 'NONE', *, *, #1045, .T. ) ;
#8393 = CARTESIAN_POINT ( 'NONE',  ( -6.400000000000000355, -13.00000000000000178, -5.593746508378798943 ) ) ;
#8394 = CIRCLE ( 'NONE', #3197, 2.999999999999999112 ) ;
#8395 = CARTESIAN_POINT ( 'NONE',  ( -30.50000000000044054, -3.199999999999999289, -43.49999999999958789 ) ) ;
#8396 = CARTESIAN_POINT ( 'NONE',  ( -40.00000000000000711, 1.000000000000000000, -7.500000000000000000 ) ) ;
#8397 = ADVANCED_FACE ( 'NONE', ( #7707, #9321 ), #2870, .T. ) ;
#8398 = CARTESIAN_POINT ( 'NONE',  ( 35.93377312589563388, -14.78787386215434907, -44.36378927051310228 ) ) ;
#8399 = PLANE ( 'NONE',  #3018 ) ;
#8400 = FACE_OUTER_BOUND ( 'NONE', #9573, .T. ) ;
#8401 = DIRECTION ( 'NONE',  ( 1.000000000000000000, 0.000000000000000000, 0.000000000000000000 ) ) ;
#8402 = ORIENTED_EDGE ( 'NONE', *, *, #6434, .F. ) ;
#8403 = ORIENTED_EDGE ( 'NONE', *, *, #4957, .T. ) ;
#8404 = VERTEX_POINT ( 'NONE', #1050 ) ;
#8405 = ORIENTED_EDGE ( 'NONE', *, *, #5096, .T. ) ;
#8406 = CIRCLE ( 'NONE', #3205, 1.550000000000002709 ) ;
#8407 = AXIS2_PLACEMENT_3D ( 'NONE', #4886, #1978, #7724 ) ;
#8408 = ORIENTED_EDGE ( 'NONE', *, *, #11382, .F. ) ;
#8409 = LINE ( 'NONE', #1097, #9969 ) ;
#8410 = EDGE_CURVE ( 'NONE', #309, #9450, #10582, .T. ) ;
#8411 = CARTESIAN_POINT ( 'NONE',  ( 45.80000000000062244, -3.499999999999999556, 23.14999999999800551 ) ) ;
#8412 = PLANE ( 'NONE',  #2002 ) ;
#8413 = ADVANCED_FACE ( 'NONE', ( #11253 ), #11364, .F. ) ;
#8414 = DIRECTION ( 'NONE',  ( 0.000000000000000000, 1.000000000000000000, 0.000000000000000000 ) ) ;
#8415 = DIRECTION ( 'NONE',  ( 0.000000000000000000, -1.000000000000000000, 0.000000000000000000 ) ) ;
#8416 = DIRECTION ( 'NONE',  ( -1.000000000000000000, 0.000000000000000000, 5.176904666065966360E-16 ) ) ;
#8417 = CARTESIAN_POINT ( 'NONE',  ( 10.49999999999999822, -9.987322139703598722, -13.75017797349558180 ) ) ;
#8418 = VECTOR ( 'NONE', #4766, 1000.000000000000000 ) ;
#8419 = AXIS2_PLACEMENT_3D ( 'NONE', #4114, #7914, #3146 ) ;
#8420 = VERTEX_POINT ( 'NONE', #4686 ) ;
#8421 = ORIENTED_EDGE ( 'NONE', *, *, #8618, .F. ) ;
#8422 = VERTEX_POINT ( 'NONE', #2996 ) ;
#8423 = CARTESIAN_POINT ( 'NONE',  ( 43.50000000000041211, -3.199999999999999734, 38.09999999999938325 ) ) ;
#8424 = VECTOR ( 'NONE', #11086, 1000.000000000000000 ) ;
#8425 = EDGE_CURVE ( 'NONE', #10233, #8208, #8363, .T. ) ;
#8426 = DIRECTION ( 'NONE',  ( 0.000000000000000000, 0.000000000000000000, -1.000000000000000000 ) ) ;
#8427 = CARTESIAN_POINT ( 'NONE',  ( -29.45669142652080197, -7.930954528371045420, 45.54508906999884488 ) ) ;
#8428 = EDGE_CURVE ( 'NONE', #11893, #2119, #4312, .T. ) ;
#8429 = CARTESIAN_POINT ( 'NONE',  ( 43.59856540507682610, -8.000000000000001776, 48.00000000000000711 ) ) ;
#8430 = DIRECTION ( 'NONE',  ( -1.000000000000000000, 0.000000000000000000, 0.000000000000000000 ) ) ;
#8431 = CARTESIAN_POINT ( 'NONE',  ( 30.58474959983914587, -7.999999999999998224, -48.00000000000000711 ) ) ;
#8432 = FACE_OUTER_BOUND ( 'NONE', #5602, .T. ) ;
#8433 = ORIENTED_EDGE ( 'NONE', *, *, #2900, .T. ) ;
#8434 = VERTEX_POINT ( 'NONE', #1463 ) ;
#8435 = ORIENTED_EDGE ( 'NONE', *, *, #8661, .F. ) ;
#8436 = DIRECTION ( 'NONE',  ( -0.000000000000000000, 1.000000000000000000, -0.000000000000000000 ) ) ;
#8437 = EDGE_CURVE ( 'NONE', #623, #10968, #6919, .T. ) ;
#8438 = DIRECTION ( 'NONE',  ( -0.000000000000000000, 1.000000000000000000, -0.000000000000000000 ) ) ;
#8439 = EDGE_CURVE ( 'NONE', #6766, #1863, #8721, .T. ) ;
#8440 = DIRECTION ( 'NONE',  ( 1.000000000000000000, -0.000000000000000000, -1.047444401652940007E-14 ) ) ;
#8441 = CARTESIAN_POINT ( 'NONE',  ( -47.99999999999990763, -5.000000000000002665, 27.09999999999999787 ) ) ;
#8442 = VECTOR ( 'NONE', #9181, 1000.000000000000000 ) ;
#8443 = CARTESIAN_POINT ( 'NONE',  ( 41.49999999999982947, 0.000000000000000000, -49.00000000000000711 ) ) ;
#8444 = AXIS2_PLACEMENT_3D ( 'NONE', #1381, #4173, #7861 ) ;
#8445 = FACE_OUTER_BOUND ( 'NONE', #2429, .T. ) ;
#8446 = CARTESIAN_POINT ( 'NONE',  ( -6.400000000000000355, -13.00000000000000178, 0.000000000000000000 ) ) ;
#8447 = CARTESIAN_POINT ( 'NONE',  ( 41.99999999999958789, -5.674899325755585977, -41.13264974974286048 ) ) ;
#8448 = LINE ( 'NONE', #7483, #8048 ) ;
#8449 = DIRECTION ( 'NONE',  ( 0.000000000000000000, -1.000000000000000000, 0.000000000000000000 ) ) ;
#8450 = ORIENTED_EDGE ( 'NONE', *, *, #10785, .F. ) ;
#8451 = ORIENTED_EDGE ( 'NONE', *, *, #6190, .F. ) ;
#8452 = VERTEX_POINT ( 'NONE', #10584 ) ;
#8453 = DIRECTION ( 'NONE',  ( 1.000000000000000000, 0.000000000000000000, -1.047444401652939849E-14 ) ) ;
#8454 = ORIENTED_EDGE ( 'NONE', *, *, #2278, .T. ) ;
#8455 = EDGE_CURVE ( 'NONE', #442, #4512, #2320, .T. ) ;
#8456 = VECTOR ( 'NONE', #4347, 1000.000000000000000 ) ;
#8457 = LINE ( 'NONE', #8209, #9693 ) ;
#8458 = CARTESIAN_POINT ( 'NONE',  ( 10.50000000000000000, -13.00000000000000178, 8.561999999999995836 ) ) ;
#8459 = CARTESIAN_POINT ( 'NONE',  ( 43.50000000000032685, -3.199999999999999289, 30.49999999999968381 ) ) ;
#8460 = LINE ( 'NONE', #11222, #3500 ) ;
#8461 = CYLINDRICAL_SURFACE ( 'NONE', #3590, 1.550000000000002709 ) ;
#8462 = LINE ( 'NONE', #5678, #8289 ) ;
#8463 = DIRECTION ( 'NONE',  ( 0.000000000000000000, -1.000000000000000000, 0.000000000000000000 ) ) ;
#8464 = ORIENTED_EDGE ( 'NONE', *, *, #1529, .F. ) ;
#8465 = ORIENTED_EDGE ( 'NONE', *, *, #7585, .T. ) ;
#8466 = CARTESIAN_POINT ( 'NONE',  ( 39.31512316880787949, -5.155305543518386990, 42.00000000000000000 ) ) ;
#8467 = ORIENTED_EDGE ( 'NONE', *, *, #6526, .F. ) ;
#8468 = VERTEX_POINT ( 'NONE', #8001 ) ;
#8469 = EDGE_CURVE ( 'NONE', #9452, #9341, #1217, .T. ) ;
#8470 = ORIENTED_EDGE ( 'NONE', *, *, #9545, .T. ) ;
#8471 = LINE ( 'NONE', #4849, #5538 ) ;
#8472 = ADVANCED_FACE ( 'NONE', ( #1405 ), #447, .T. ) ;
#8473 = CARTESIAN_POINT ( 'NONE',  ( 31.29999999999983373, 1.000000000000000000, 48.00000000000000711 ) ) ;
#8474 = CARTESIAN_POINT ( 'NONE',  ( -14.99999999999982236, -1.000000000000000000, 40.00000000000000000 ) ) ;
#8475 = DIRECTION ( 'NONE',  ( -1.000000000000000000, -0.000000000000000000, 3.491481338843133750E-15 ) ) ;
#8476 = CARTESIAN_POINT ( 'NONE',  ( 30.13813939828129307, -8.028359842738861829, -41.99999999999999289 ) ) ;
#8477 = DIRECTION ( 'NONE',  ( -1.000000000000000000, 0.000000000000000000, 3.491481338843133355E-15 ) ) ;
#8478 = CARTESIAN_POINT ( 'NONE',  ( 30.09999999999983089, -8.000000000000001776, -47.92957113217047294 ) ) ;
#8479 = CIRCLE ( 'NONE', #7904, 2.350000000000001421 ) ;
#8480 = ORIENTED_EDGE ( 'NONE', *, *, #7013, .T. ) ;
#8481 = EDGE_LOOP ( 'NONE', ( #5036, #4071, #7517, #204, #7547 ) ) ;
#8482 = EDGE_LOOP ( 'NONE', ( #9779, #4789, #1516, #11259 ) ) ;
#8483 = EDGE_CURVE ( 'NONE', #5108, #10755, #4897, .T. ) ;
#8484 = CIRCLE ( 'NONE', #10204, 2.999999999999999112 ) ;
#8485 = LINE ( 'NONE', #11306, #6414 ) ;
#8486 = CARTESIAN_POINT ( 'NONE',  ( -42.00000000000014211, -14.57086050065879412, -38.93703481765633967 ) ) ;
#8487 = SURFACE_STYLE_USAGE ( .BOTH. , #5770 ) ;
#8488 = DIRECTION ( 'NONE',  ( -4.476705744456268255E-15, 0.000000000000000000, 1.000000000000000000 ) ) ;
#8489 = DIRECTION ( 'NONE',  ( 0.000000000000000000, -1.000000000000000000, 0.000000000000000000 ) ) ;
#8490 = DIRECTION ( 'NONE',  ( 0.000000000000000000, 0.000000000000000000, 1.000000000000000000 ) ) ;
#8491 = DIRECTION ( 'NONE',  ( 1.000000000000000000, 0.000000000000000000, -8.953411488912536510E-15 ) ) ;
#8492 = ORIENTED_EDGE ( 'NONE', *, *, #6294, .F. ) ;
#8493 = VERTEX_POINT ( 'NONE', #11658 ) ;
#8494 = EDGE_CURVE ( 'NONE', #7806, #11579, #6803, .T. ) ;
#8495 = VERTEX_POINT ( 'NONE', #9680 ) ;
#8496 = CARTESIAN_POINT ( 'NONE',  ( -49.99999999999820943, -4.000000000000000000, 21.49897948556554539 ) ) ;
#8497 = EDGE_CURVE ( 'NONE', #6138, #3786, #6069, .T. ) ;
#8498 = AXIS2_PLACEMENT_3D ( 'NONE', #8809, #592, #11746 ) ;
#8499 = FACE_OUTER_BOUND ( 'NONE', #3438, .T. ) ;
#8500 = FACE_OUTER_BOUND ( 'NONE', #8802, .T. ) ;
#8501 = CARTESIAN_POINT ( 'NONE',  ( -39.64999999999914593, -3.199999999999999734, 50.00000000000169820 ) ) ;
#8502 = LINE ( 'NONE', #10241, #9862 ) ;
#8503 = DIRECTION ( 'NONE',  ( 0.000000000000000000, -0.000000000000000000, -1.000000000000000000 ) ) ;
#8504 = APPLICATION_CONTEXT ( 'automotive_design' ) ;
#8505 = CARTESIAN_POINT ( 'NONE',  ( -40.00000000000000711, -9.000000000000001776, -42.80000000000001137 ) ) ;
#8506 = CARTESIAN_POINT ( 'NONE',  ( -41.49999999999983658, 0.000000000000000000, -50.00000000000000711 ) ) ;
#8507 = VECTOR ( 'NONE', #9024, 1000.000000000000000 ) ;
#8508 = DIRECTION ( 'NONE',  ( 0.000000000000000000, 1.000000000000000000, 0.000000000000000000 ) ) ;
#8509 = EDGE_LOOP ( 'NONE', ( #3472, #9366, #7623, #6249 ) ) ;
#8510 = ORIENTED_EDGE ( 'NONE', *, *, #10270, .T. ) ;
#8511 = EDGE_CURVE ( 'NONE', #8219, #7518, #6860, .T. ) ;
#8512 = VECTOR ( 'NONE', #6852, 1000.000000000000000 ) ;
#8513 = CYLINDRICAL_SURFACE ( 'NONE', #11629, 1.000000000000000888 ) ;
#8514 = EDGE_LOOP ( 'NONE', ( #1859, #5600, #1358, #6704, #7580 ) ) ;
#8515 = EDGE_CURVE ( 'NONE', #10640, #10296, #6976, .T. ) ;
#8516 = ADVANCED_FACE ( 'NONE', ( #10469, #4076 ), #10648, .T. ) ;
#8517 = AXIS2_PLACEMENT_3D ( 'NONE', #2188, #3949, #7571 ) ;
#8518 = CARTESIAN_POINT ( 'NONE',  ( -24.69999999999752660, -3.499999999999999556, 45.80000000000087823 ) ) ;
#8519 = AXIS2_PLACEMENT_3D ( 'NONE', #6774, #6592, #10444 ) ;
#8520 = CARTESIAN_POINT ( 'NONE',  ( 10.50000000000000000, -10.00000000000000178, 7.461999999999994415 ) ) ;
#8521 = CARTESIAN_POINT ( 'NONE',  ( -27.09999999999983089, -0.1999999999999999833, 48.00000000000000711 ) ) ;
#8522 = DIRECTION ( 'NONE',  ( -1.000000000000000000, 0.000000000000000000, 0.000000000000000000 ) ) ;
#8523 = DIRECTION ( 'NONE',  ( -0.000000000000000000, 1.000000000000000000, -0.000000000000000000 ) ) ;
#8524 = CARTESIAN_POINT ( 'NONE',  ( 10.50000000000000178, -1.000000000000000444, 24.45290350891723108 ) ) ;
#8525 = CARTESIAN_POINT ( 'NONE',  ( 0.000000000000000000, 0.000000000000000000, -48.00000000000000711 ) ) ;
#8526 = ORIENTED_EDGE ( 'NONE', *, *, #788, .T. ) ;
#8528 = EDGE_CURVE ( 'NONE', #631, #5618, #11155, .T. ) ;
#8527 = EDGE_LOOP ( 'NONE', ( #6984, #4332, #7948, #5559 ) ) ;
#8529 = DIRECTION ( 'NONE',  ( 0.000000000000000000, -0.000000000000000000, -1.000000000000000000 ) ) ;
#8530 = ORIENTED_EDGE ( 'NONE', *, *, #3493, .T. ) ;
#8531 = AXIS2_PLACEMENT_3D ( 'NONE', #9322, #4687, #3722 ) ;
#8532 = CIRCLE ( 'NONE', #9090, 2.350000000000001421 ) ;
#8533 = DIRECTION ( 'NONE',  ( -0.000000000000000000, 1.000000000000000000, -0.000000000000000000 ) ) ;
#8534 = CARTESIAN_POINT ( 'NONE',  ( -48.00000000000012079, -0.1999999999999999833, -31.29999999999966676 ) ) ;
#8535 = CARTESIAN_POINT ( 'NONE',  ( 0.000000000000000000, -13.00000000000000178, 8.500000000000000000 ) ) ;
#8536 = DIRECTION ( 'NONE',  ( -0.000000000000000000, 1.000000000000000000, -0.000000000000000000 ) ) ;
#8538 = VECTOR ( 'NONE', #6790, 1000.000000000000000 ) ;
#8537 = FACE_OUTER_BOUND ( 'NONE', #5902, .T. ) ;
#8539 = DIRECTION ( 'NONE',  ( 0.000000000000000000, 1.000000000000000000, 0.000000000000000000 ) ) ;
#8540 = DIRECTION ( 'NONE',  ( -1.000000000000000000, -0.000000000000000000, 3.491481338843133355E-15 ) ) ;
#8541 = AXIS2_PLACEMENT_3D ( 'NONE', #6679, #11250, #11183 ) ;
#8542 = ORIENTED_EDGE ( 'NONE', *, *, #363, .T. ) ;
#8543 = VERTEX_POINT ( 'NONE', #5953 ) ;
#8544 = VERTEX_POINT ( 'NONE', #1520 ) ;
#8545 = LINE ( 'NONE', #10406, #6804 ) ;
#8546 = ORIENTED_EDGE ( 'NONE', *, *, #10888, .F. ) ;
#8547 = CARTESIAN_POINT ( 'NONE',  ( 0.000000000000000000, -0.9999999999981856735, -29.09391434104699314 ) ) ;
#8548 = DIRECTION ( 'NONE',  ( 0.000000000000000000, 0.000000000000000000, 1.000000000000000000 ) ) ;
#8549 = AXIS2_PLACEMENT_3D ( 'NONE', #5000, #8678, #3189 ) ;
#8550 = FACE_OUTER_BOUND ( 'NONE', #7656, .T. ) ;
#8551 = DIRECTION ( 'NONE',  ( 0.000000000000000000, 0.000000000000000000, 1.000000000000000000 ) ) ;
#8552 = EDGE_CURVE ( 'NONE', #11596, #1858, #4704, .T. ) ;
#8553 = CARTESIAN_POINT ( 'NONE',  ( -48.99999999999999289, 1.000000000000000000, 49.99999999999999289 ) ) ;
#8554 = LINE ( 'NONE', #2026, #11497 ) ;
#8555 = VERTEX_POINT ( 'NONE', #4986 ) ;
#8556 = EDGE_LOOP ( 'NONE', ( #7686, #5528 ) ) ;
#8557 = VERTEX_POINT ( 'NONE', #625 ) ;
#8558 = VERTEX_POINT ( 'NONE', #1348 ) ;
#8559 = AXIS2_PLACEMENT_3D ( 'NONE', #2886, #8567, #1133 ) ;
#8560 = AXIS2_PLACEMENT_3D ( 'NONE', #9669, #4062, #5142 ) ;
#8561 = DIRECTION ( 'NONE',  ( 0.000000000000000000, 0.000000000000000000, 1.000000000000000000 ) ) ;
#8562 = CARTESIAN_POINT ( 'NONE',  ( -50.00000000000010658, -0.1999999999999999833, -27.09999999999966036 ) ) ;
#8563 = CARTESIAN_POINT ( 'NONE',  ( 43.50000000000041211, -3.199999999999999734, 38.09999999999938325 ) ) ;
#8564 = EDGE_CURVE ( 'NONE', #7456, #3138, #7766, .T. ) ;
#8565 = CARTESIAN_POINT ( 'NONE',  ( -2.971277766996116121, -3.340182888048353949, 22.95864648557264331 ) ) ;
#8566 = VECTOR ( 'NONE', #1172, 1000.000000000000000 ) ;
#8567 = DIRECTION ( 'NONE',  ( 0.000000000000000000, 0.000000000000000000, 1.000000000000000000 ) ) ;
#8568 = AXIS2_PLACEMENT_3D ( 'NONE', #1035, #6666, #2918 ) ;
#8569 = CARTESIAN_POINT ( 'NONE',  ( -42.00000000000010658, -1.000000000000000000, -27.09999999999968523 ) ) ;
#8570 = DIRECTION ( 'NONE',  ( 0.000000000000000000, 0.000000000000000000, -1.000000000000000000 ) ) ;
#8571 = CYLINDRICAL_SURFACE ( 'NONE', #11119, 2.999999999999999112 ) ;
#8572 = ORIENTED_EDGE ( 'NONE', *, *, #1614, .T. ) ;
#8573 = ORIENTED_EDGE ( 'NONE', *, *, #2571, .T. ) ;
#8574 = FACE_OUTER_BOUND ( 'NONE', #8846, .T. ) ;
#8575 = ORIENTED_EDGE ( 'NONE', *, *, #3237, .F. ) ;
#8576 = CIRCLE ( 'NONE', #470, 2.000000000000000000 ) ;
#8577 = DIRECTION ( 'NONE',  ( 0.000000000000000000, 0.000000000000000000, -1.000000000000000000 ) ) ;
#8578 = EDGE_CURVE ( 'NONE', #8557, #6253, #7147, .T. ) ;
#8579 = CARTESIAN_POINT ( 'NONE',  ( 14.99999999999982236, 1.000000000000000000, -40.00000000000000000 ) ) ;
#8580 = LINE ( 'NONE', #9537, #11107 ) ;
#8581 = CARTESIAN_POINT ( 'NONE',  ( 43.50000000000044054, -3.199999999999999289, 40.44999999999938467 ) ) ;
#8582 = DIRECTION ( 'NONE',  ( -0.000000000000000000, -0.000000000000000000, 1.000000000000000000 ) ) ;
#8583 = CARTESIAN_POINT ( 'NONE',  ( 48.00000000000041211, -3.199999999999999734, 38.09999999999933351 ) ) ;
#8584 = CARTESIAN_POINT ( 'NONE',  ( 41.99999999999968736, -3.199999999999999289, -30.49999999999968736 ) ) ;
#8585 = ORIENTED_EDGE ( 'NONE', *, *, #5925, .T. ) ;
#8586 = ORIENTED_EDGE ( 'NONE', *, *, #7491, .T. ) ;
#8587 = CARTESIAN_POINT ( 'NONE',  ( 50.00000000000000711, 7.750000000000000000, 42.49999999999999289 ) ) ;
#8588 = LINE ( 'NONE', #4120, #11469 ) ;
#8589 = EDGE_LOOP ( 'NONE', ( #6843, #2862, #9634, #7715, #10096, #9657, #352, #6341 ) ) ;
#8590 = EDGE_CURVE ( 'NONE', #2926, #561, #7210, .T. ) ;
#8591 = CARTESIAN_POINT ( 'NONE',  ( -47.99999999999989342, -3.199999999999999289, 32.84999999999999432 ) ) ;
#8592 = ADVANCED_FACE ( 'NONE', ( #6419 ), #11774, .T. ) ;
#8593 = CARTESIAN_POINT ( 'NONE',  ( 12.49999999999999822, -10.00000000000000178, 36.03266051117284974 ) ) ;
#8594 = DIRECTION ( 'NONE',  ( 0.000000000000000000, 0.000000000000000000, 1.000000000000000000 ) ) ;
#8595 = CARTESIAN_POINT ( 'NONE',  ( 50.00000000000093792, -3.199999999999999289, 30.49999999999965894 ) ) ;
#8596 = CARTESIAN_POINT ( 'NONE',  ( -45.79999999999802185, -3.499999999999999556, 24.70000000000062812 ) ) ;
#8597 = DIRECTION ( 'NONE',  ( -0.000000000000000000, -0.000000000000000000, 1.000000000000000000 ) ) ;
#8598 = DIRECTION ( 'NONE',  ( 1.000000000000000000, 0.000000000000000000, 0.000000000000000000 ) ) ;
#8599 = VERTEX_POINT ( 'NONE', #10875 ) ;
#8600 = AXIS2_PLACEMENT_3D ( 'NONE', #2012, #1946, #8347 ) ;
#8601 = ORIENTED_EDGE ( 'NONE', *, *, #6420, .T. ) ;
#8602 = VERTEX_POINT ( 'NONE', #9972 ) ;
#8603 = AXIS2_PLACEMENT_3D ( 'NONE', #3401, #618, #9904 ) ;
#8604 = VERTEX_POINT ( 'NONE', #10089 ) ;
#8605 = CARTESIAN_POINT ( 'NONE',  ( -42.00000000000014921, -11.75656875687548819, -38.14638536358940968 ) ) ;
#8606 = CARTESIAN_POINT ( 'NONE',  ( -29.32864327218841538, -7.899887785165213394, 44.53796842666056932 ) ) ;
#8607 = AXIS2_PLACEMENT_3D ( 'NONE', #6700, #7667, #6823 ) ;
#8608 = AXIS2_PLACEMENT_3D ( 'NONE', #7972, #5486, #1734 ) ;
#8609 = CARTESIAN_POINT ( 'NONE',  ( 12.49999999999999822, -10.00000000000000178, -12.40000000000000213 ) ) ;
#8610 = CARTESIAN_POINT ( 'NONE',  ( -48.00000000000010658, -0.1999999999999999833, -27.09999999999966747 ) ) ;
#8611 = FACE_BOUND ( 'NONE', #11120, .T. ) ;
#8612 = ORIENTED_EDGE ( 'NONE', *, *, #11713, .F. ) ;
#8613 = ORIENTED_EDGE ( 'NONE', *, *, #2441, .T. ) ;
#8614 = ORIENTED_EDGE ( 'NONE', *, *, #8877, .F. ) ;
#8615 = EDGE_LOOP ( 'NONE', ( #9465, #10657, #7087, #1413 ) ) ;
#8616 = AXIS2_PLACEMENT_3D ( 'NONE', #3619, #2767, #11205 ) ;
#8617 = DIRECTION ( 'NONE',  ( 1.000000000000000000, -0.000000000000000000, -1.047444401652940007E-14 ) ) ;
#8618 = EDGE_CURVE ( 'NONE', #6905, #3118, #11900, .T. ) ;
#8619 = CARTESIAN_POINT ( 'NONE',  ( -10.49999999999999822, -6.423148112343863403, -26.93771929570238655 ) ) ;
#8620 = DIRECTION ( 'NONE',  ( -0.000000000000000000, 1.000000000000000000, -0.000000000000000000 ) ) ;
#8621 = CARTESIAN_POINT ( 'NONE',  ( -1.844677352450687202, -4.590063348392750875, 21.89748160096387153 ) ) ;
#8622 = CARTESIAN_POINT ( 'NONE',  ( 40.00000000000000711, -15.00000000000000355, -45.15000000000001279 ) ) ;
#8624 = CIRCLE ( 'NONE', #8600, 3.600000000000000533 ) ;
#8623 = AXIS2_PLACEMENT_3D ( 'NONE', #10229, #991, #213 ) ;
#8625 = CARTESIAN_POINT ( 'NONE',  ( 42.00000000000014211, -9.000000000000001776, -38.93703481765633967 ) ) ;
#8626 = DIRECTION ( 'NONE',  ( -0.000000000000000000, -1.000000000000000000, -0.000000000000000000 ) ) ;
#8627 = CARTESIAN_POINT ( 'NONE',  ( 12.49999999999999645, -13.00000000000000178, -12.40000000000000036 ) ) ;
#8628 = ORIENTED_EDGE ( 'NONE', *, *, #5166, .F. ) ;
#8629 = ORIENTED_EDGE ( 'NONE', *, *, #3021, .F. ) ;
#8630 = AXIS2_PLACEMENT_3D ( 'NONE', #3000, #4810, #8491 ) ;
#8631 = CARTESIAN_POINT ( 'NONE',  ( 42.00000000000029132, -5.000000000000002665, 27.09999999999939035 ) ) ;
#8632 = EDGE_LOOP ( 'NONE', ( #2406, #2863, #11686, #5890 ) ) ;
#8633 = EDGE_CURVE ( 'NONE', #7266, #203, #6640, .T. ) ;
#8634 = AXIS2_PLACEMENT_3D ( 'NONE', #6499, #6559, #9204 ) ;
#8635 = ADVANCED_FACE ( 'NONE', ( #2496 ), #8939, .F. ) ;
#8636 = CARTESIAN_POINT ( 'NONE',  ( 47.99999999999960920, -8.127786754896868970, -37.19022228111799677 ) ) ;
#8637 = DIRECTION ( 'NONE',  ( 0.000000000000000000, -0.000000000000000000, -1.000000000000000000 ) ) ;
#8638 = CARTESIAN_POINT ( 'NONE',  ( 37.50000000000000711, -15.00000000000000355, 42.89999999999999147 ) ) ;
#8639 = CARTESIAN_POINT ( 'NONE',  ( -42.00000000000014211, -9.000000000000001776, -38.93703481765633967 ) ) ;
#8640 = DIRECTION ( 'NONE',  ( 0.000000000000000000, 0.000000000000000000, -1.000000000000000000 ) ) ;
#8641 = LINE ( 'NONE', #7684, #8836 ) ;
#8642 = AXIS2_PLACEMENT_3D ( 'NONE', #11470, #371, #4183 ) ;
#8643 = VERTEX_POINT ( 'NONE', #800 ) ;
#8644 = ORIENTED_EDGE ( 'NONE', *, *, #4022, .F. ) ;
#8645 = CARTESIAN_POINT ( 'NONE',  ( 0.000000000000000000, -1.000000000000000000, 0.000000000000000000 ) ) ;
#8646 = FACE_OUTER_BOUND ( 'NONE', #6091, .T. ) ;
#8647 = VERTEX_POINT ( 'NONE', #4612 ) ;
#8648 = EDGE_CURVE ( 'NONE', #1269, #3562, #8286, .T. ) ;
#8649 = EDGE_CURVE ( 'NONE', #11372, #6618, #1806, .T. ) ;
#8650 = CARTESIAN_POINT ( 'NONE',  ( 24.69999999999998863, -3.499999999999999556, -45.80000000000000426 ) ) ;
#8651 = CARTESIAN_POINT ( 'NONE',  ( 16.60000000000229292, -0.9999999999999986677, -42.00000000000000711 ) ) ;
#8652 = DIRECTION ( 'NONE',  ( -1.000000000000000000, 0.000000000000000000, 1.047444401652940007E-14 ) ) ;
#8653 = FACE_BOUND ( 'NONE', #5636, .T. ) ;
#8654 = PLANE ( 'NONE',  #4543 ) ;
#8655 = CARTESIAN_POINT ( 'NONE',  ( -36.19999999999999574, -9.000000000000001776, 42.89999999999999147 ) ) ;
#8656 = LINE ( 'NONE', #2076, #11170 ) ;
#8657 = ORIENTED_EDGE ( 'NONE', *, *, #235, .F. ) ;
#8658 = VERTEX_POINT ( 'NONE', #682 ) ;
#8659 = VERTEX_POINT ( 'NONE', #6300 ) ;
#8660 = EDGE_CURVE ( 'NONE', #9919, #5515, #1586, .T. ) ;
#8661 = EDGE_CURVE ( 'NONE', #6550, #2404, #6180, .T. ) ;
#8662 = EDGE_CURVE ( 'NONE', #11376, #4449, #2618, .T. ) ;
#8663 = CARTESIAN_POINT ( 'NONE',  ( 0.000000000000000000, 1.000000000000000000, 25.00000000000000000 ) ) ;
#8664 = DIRECTION ( 'NONE',  ( 0.000000000000000000, 1.000000000000000000, 0.000000000000000000 ) ) ;
#8665 = AXIS2_PLACEMENT_3D ( 'NONE', #1524, #4201, #9743 ) ;
#8666 = DIRECTION ( 'NONE',  ( 0.000000000000000000, 1.000000000000000000, 0.000000000000000000 ) ) ;
#8667 = CYLINDRICAL_SURFACE ( 'NONE', #10707, 4.349999999999999645 ) ;
#8668 = LINE ( 'NONE', #3175, #10638 ) ;
#8669 = DIRECTION ( 'NONE',  ( -0.000000000000000000, -0.000000000000000000, -1.000000000000000000 ) ) ;
#8670 = FACE_OUTER_BOUND ( 'NONE', #379, .T. ) ;
#8671 = EDGE_LOOP ( 'NONE', ( #11550, #11273, #9485, #5797 ) ) ;
#8672 = ORIENTED_EDGE ( 'NONE', *, *, #1238, .F. ) ;
#8673 = EDGE_LOOP ( 'NONE', ( #6292, #749, #10202, #3924 ) ) ;
#8674 = ORIENTED_EDGE ( 'NONE', *, *, #2725, .F. ) ;
#8675 = VERTEX_POINT ( 'NONE', #3409 ) ;
#8676 = FACE_BOUND ( 'NONE', #4710, .T. ) ;
#8677 = CARTESIAN_POINT ( 'NONE',  ( 49.99999999999999289, -1.000000000000000000, -49.00000000000000711 ) ) ;
#8678 = DIRECTION ( 'NONE',  ( 0.000000000000000000, 1.000000000000000000, 0.000000000000000000 ) ) ;
#8679 = CARTESIAN_POINT ( 'NONE',  ( 12.49999999999999822, -10.00000000000000178, 36.03266051117284974 ) ) ;
#8680 = DIRECTION ( 'NONE',  ( -1.000000000000000000, 0.000000000000000000, 0.000000000000000000 ) ) ;
#8681 = CYLINDRICAL_SURFACE ( 'NONE', #3405, 1.000000000000000888 ) ;
#8682 = CARTESIAN_POINT ( 'NONE',  ( -40.00000000000000711, -9.000000000000001776, -42.80000000000001137 ) ) ;
#8683 = AXIS2_PLACEMENT_3D ( 'NONE', #5499, #8334, #6595 ) ;
#8684 = CYLINDRICAL_SURFACE ( 'NONE', #2840, 8.500000000000000000 ) ;
#8685 = EDGE_LOOP ( 'NONE', ( #7672, #8405, #2357, #2652 ) ) ;
#8686 = VERTEX_POINT ( 'NONE', #6243 ) ;
#8687 = ORIENTED_EDGE ( 'NONE', *, *, #6606, .T. ) ;
#8688 = CARTESIAN_POINT ( 'NONE',  ( -21.65063509461091584, -1.000000000000000000, -14.10000000000010623 ) ) ;
#8689 = CIRCLE ( 'NONE', #4250, 4.000000000000000000 ) ;
#8690 = VERTEX_POINT ( 'NONE', #8225 ) ;
#8691 = PLANE ( 'NONE',  #10411 ) ;
#8692 = AXIS2_PLACEMENT_3D ( 'NONE', #5347, #6931, #4266 ) ;
#8693 = DIRECTION ( 'NONE',  ( -1.000000000000000000, 0.000000000000000000, 0.000000000000000000 ) ) ;
#8694 = CYLINDRICAL_SURFACE ( 'NONE', #2256, 1.000000000000000888 ) ;
#8695 = FACE_OUTER_BOUND ( 'NONE', #1010, .T. ) ;
#8696 = CARTESIAN_POINT ( 'NONE',  ( 10.50000000000000178, -8.697035635642704321, 16.21874602312323077 ) ) ;
#8697 = CARTESIAN_POINT ( 'NONE',  ( -34.94168362278242057, -9.219484074103228011, 48.00000000000001421 ) ) ;
#8698 = ORIENTED_EDGE ( 'NONE', *, *, #10040, .F. ) ;
#8699 = EDGE_CURVE ( 'NONE', #6490, #9629, #10936, .T. ) ;
#8700 = ORIENTED_EDGE ( 'NONE', *, *, #2455, .T. ) ;
#8701 = FACE_BOUND ( 'NONE', #515, .T. ) ;
#8702 = CARTESIAN_POINT ( 'NONE',  ( 33.24412171226665436, -8.400000000000002132, 42.00000000000000711 ) ) ;
#8703 = ORIENTED_EDGE ( 'NONE', *, *, #943, .T. ) ;
#8704 = VECTOR ( 'NONE', #372, 1000.000000000000000 ) ;
#8705 = AXIS2_PLACEMENT_3D ( 'NONE', #1575, #11473, #11649 ) ;
#8706 = DIRECTION ( 'NONE',  ( 0.000000000000000000, -1.000000000000000000, 0.000000000000000000 ) ) ;
#8707 = CARTESIAN_POINT ( 'NONE',  ( -39.72703650960095700, -5.025393101198561752, -42.00000000000000000 ) ) ;
#8708 = CARTESIAN_POINT ( 'NONE',  ( -47.99999999999990052, -5.000000000000002665, 30.09999999999999787 ) ) ;
#8709 = EDGE_CURVE ( 'NONE', #11062, #11360, #918, .T. ) ;
#8710 = DIRECTION ( 'NONE',  ( 0.000000000000000000, 1.000000000000000000, 0.000000000000000000 ) ) ;
#8711 = CARTESIAN_POINT ( 'NONE',  ( -1.734723475976807094E-15, -3.298378529229158307, 26.59999999999999787 ) ) ;
#8712 = CARTESIAN_POINT ( 'NONE',  ( 12.49999999999999822, -10.00000000000000178, 7.461999999999996191 ) ) ;
#8713 = DIRECTION ( 'NONE',  ( 1.000000000000000000, 0.000000000000000000, -1.047444401652939849E-14 ) ) ;
#8714 = EDGE_CURVE ( 'NONE', #8558, #216, #9127, .T. ) ;
#8715 = VECTOR ( 'NONE', #23, 1000.000000000000000 ) ;
#8716 = AXIS2_PLACEMENT_3D ( 'NONE', #11242, #7452, #2739 ) ;
#8717 = ORIENTED_EDGE ( 'NONE', *, *, #9880, .F. ) ;
#8718 = EDGE_LOOP ( 'NONE', ( #8733, #6277, #5453, #8119 ) ) ;
#8719 = TOROIDAL_SURFACE ( 'NONE', #3303, 0.3499999999999996447, 4.000000000000000000 ) ;
#8720 = LINE ( 'NONE', #5097, #6183 ) ;
#8721 = LINE ( 'NONE', #3172, #1788 ) ;
#8722 = EDGE_CURVE ( 'NONE', #7567, #9917, #2978, .T. ) ;
#8723 = VECTOR ( 'NONE', #10884, 1000.000000000000000 ) ;
#8724 = CARTESIAN_POINT ( 'NONE',  ( 41.50553529862965263, -8.297082958219267113, 48.00000000000000711 ) ) ;
#8725 = CARTESIAN_POINT ( 'NONE',  ( -10.50000000000000178, -10.00000073662942945, 11.13464828885041058 ) ) ;
#8726 = LINE ( 'NONE', #510, #7569 ) ;
#8727 = CARTESIAN_POINT ( 'NONE',  ( -30.50000000000041922, -3.199999999999999289, -42.00000000000001421 ) ) ;
#8728 = EDGE_CURVE ( 'NONE', #307, #5618, #10760, .T. ) ;
#8729 = CARTESIAN_POINT ( 'NONE',  ( -32.84999999999983089, -3.199999999999999289, -43.50000000000001421 ) ) ;
#8730 = ORIENTED_EDGE ( 'NONE', *, *, #2347, .T. ) ;
#8731 = VERTEX_POINT ( 'NONE', #9010 ) ;
#8732 = ORIENTED_EDGE ( 'NONE', *, *, #5169, .T. ) ;
#8733 = ORIENTED_EDGE ( 'NONE', *, *, #3918, .F. ) ;
#8734 = ORIENTED_EDGE ( 'NONE', *, *, #6933, .F. ) ;
#8735 = LINE ( 'NONE', #4683, #10649 ) ;
#8736 = ADVANCED_FACE ( 'NONE', ( #4427, #5629 ), #8345, .T. ) ;
#8737 = CARTESIAN_POINT ( 'NONE',  ( 43.49999999999969447, -3.199999999999999289, -30.49999999999968381 ) ) ;
#8738 = CARTESIAN_POINT ( 'NONE',  ( 40.44999999999983231, -3.199999999999999289, -43.50000000000001421 ) ) ;
#8739 = EDGE_CURVE ( 'NONE', #9587, #10893, #7509, .T. ) ;
#8740 = CARTESIAN_POINT ( 'NONE',  ( -0.5742351029700971665, -5.057287168975061142, 21.44326206679427571 ) ) ;
#8741 = CARTESIAN_POINT ( 'NONE',  ( 10.49999999999999822, -9.999931799183066516, -14.40000003975377219 ) ) ;
#8742 = ADVANCED_FACE ( 'NONE', ( #11174 ), #7572, .F. ) ;
#8743 = CIRCLE ( 'NONE', #2575, 1.550000000000002709 ) ;
#8744 = DIRECTION ( 'NONE',  ( -1.000000000000000000, -0.000000000000000000, 1.387778780781445676E-16 ) ) ;
#8745 = CARTESIAN_POINT ( 'NONE',  ( 41.99999999999965894, -8.229652648716591301, -33.63183021328563171 ) ) ;
#8746 = ORIENTED_EDGE ( 'NONE', *, *, #5541, .T. ) ;
#8747 = ORIENTED_EDGE ( 'NONE', *, *, #2060, .T. ) ;
#8748 = ORIENTED_EDGE ( 'NONE', *, *, #9053, .F. ) ;
#8749 = DIRECTION ( 'NONE',  ( 6.982962677686267499E-15, -0.000000000000000000, 1.000000000000000000 ) ) ;
#8750 = ORIENTED_EDGE ( 'NONE', *, *, #9506, .F. ) ;
#8751 = CIRCLE ( 'NONE', #3544, 1.550000000000002709 ) ;
#8752 = DIRECTION ( 'NONE',  ( 0.000000000000000000, 0.000000000000000000, -1.000000000000000000 ) ) ;
#8753 = VECTOR ( 'NONE', #3950, 1000.000000000000000 ) ;
#8754 = CIRCLE ( 'NONE', #5664, 1.550000000000002709 ) ;
#8755 = DIRECTION ( 'NONE',  ( -0.000000000000000000, -0.000000000000000000, -1.000000000000000000 ) ) ;
#8756 = B_SPLINE_CURVE_WITH_KNOTS ( 'NONE', 3,
 ( #1223, #8476, #5632, #5692, #9372, #7451, #11176, #11116, #4672, #1103, #2920, #10398, #10336, #4737, #10279, #74, #1160, #4853, #3828, #6668 ),
 .UNSPECIFIED., .F., .F.,
 ( 4, 2, 2, 2, 2, 2, 2, 2, 2, 4 ),
 ( 0.000000000000000000, 0.001227960807442136319, 0.002455921614884263096, 0.003683882422326389440, 0.004297862826047451311, 0.004911843229768513182, 0.006139804037210645597, 0.007367764844652778880, 0.008595725652094913030, 0.009823686459537045446 ),
 .UNSPECIFIED. ) ;
#8757 = LINE ( 'NONE', #3994, #11869 ) ;
#8758 = PLANE ( 'NONE',  #8419 ) ;
#8759 = DIRECTION ( 'NONE',  ( 0.000000000000000000, -1.000000000000000000, 0.000000000000000000 ) ) ;
#8760 = CARTESIAN_POINT ( 'NONE',  ( -32.05799574205803992, -11.43595922650138696, 44.26842828038785171 ) ) ;
#8761 = ORIENTED_EDGE ( 'NONE', *, *, #9545, .F. ) ;
#8762 = ORIENTED_EDGE ( 'NONE', *, *, #3129, .F. ) ;
#8763 = LINE ( 'NONE', #3215, #11729 ) ;
#8764 = CARTESIAN_POINT ( 'NONE',  ( 37.19586187348504325, -5.000000000000001776, 42.00000000000000711 ) ) ;
#8765 = VERTEX_POINT ( 'NONE', #6608 ) ;
#8766 = AXIS2_PLACEMENT_3D ( 'NONE', #4599, #907, #5675 ) ;
#8767 = FACE_OUTER_BOUND ( 'NONE', #3239, .T. ) ;
#8768 = FACE_OUTER_BOUND ( 'NONE', #6779, .T. ) ;
#8769 = EDGE_CURVE ( 'NONE', #6550, #11372, #7391, .T. ) ;
#8770 = CARTESIAN_POINT ( 'NONE',  ( -38.91976666389474815, -5.117264096357367009, -42.00000000000000000 ) ) ;
#8771 = DIRECTION ( 'NONE',  ( 0.000000000000000000, 1.000000000000000000, 0.000000000000000000 ) ) ;
#8772 = CARTESIAN_POINT ( 'NONE',  ( -29.72536026056836533, -7.976645063909449718, -43.78703191611871404 ) ) ;
#8773 = CARTESIAN_POINT ( 'NONE',  ( 1.162527786270471708, -6.860917786800227347, 23.88063627751363427 ) ) ;
#8774 = CARTESIAN_POINT ( 'NONE',  ( -43.49999999999987210, -3.199999999999999734, 40.44999999999998863 ) ) ;
#8775 = EDGE_LOOP ( 'NONE', ( #8748, #10297, #9482, #4628 ) ) ;
#8776 = EDGE_LOOP ( 'NONE', ( #573, #10928 ) ) ;
#8777 = EDGE_CURVE ( 'NONE', #8162, #6222, #9490, .T. ) ;
#8778 = CARTESIAN_POINT ( 'NONE',  ( 42.49999999999982947, 7.750000000000000000, -49.00000000000000711 ) ) ;
#8779 = CARTESIAN_POINT ( 'NONE',  ( 21.65063509461108993, -1.000000000000000000, -10.89999999999979963 ) ) ;
#8780 = CIRCLE ( 'NONE', #4740, 1.550000000000002709 ) ;
#8781 = CARTESIAN_POINT ( 'NONE',  ( -47.99999999999989342, -0.1999999999999999833, 31.30000000000000071 ) ) ;
#8782 = CARTESIAN_POINT ( 'NONE',  ( -10.50000000000000178, -5.874890559867465001, 20.70085937582247837 ) ) ;
#8783 = DIRECTION ( 'NONE',  ( 3.491481338843133355E-15, 0.000000000000000000, 1.000000000000000000 ) ) ;
#8784 = CARTESIAN_POINT ( 'NONE',  ( 0.000000000000000000, -1.000000000000000000, 0.000000000000000000 ) ) ;
#8785 = CIRCLE ( 'NONE', #1838, 1.549999999999999378 ) ;
#8786 = VERTEX_POINT ( 'NONE', #9305 ) ;
#8787 = VERTEX_POINT ( 'NONE', #2984 ) ;
#8788 = ORIENTED_EDGE ( 'NONE', *, *, #8528, .T. ) ;
#8789 = VERTEX_POINT ( 'NONE', #6727 ) ;
#8790 = ORIENTED_EDGE ( 'NONE', *, *, #6007, .F. ) ;
#8791 = ADVANCED_FACE ( 'NONE', ( #5758 ), #3041, .F. ) ;
#8792 = CARTESIAN_POINT ( 'NONE',  ( 32.90435896893076517, -10.05903997483090784, 42.00000000000000711 ) ) ;
#8793 = AXIS2_PLACEMENT_3D ( 'NONE', #11021, #9332, #884 ) ;
#8794 = AXIS2_PLACEMENT_3D ( 'NONE', #8333, #1380, #8815 ) ;
#8795 = DIRECTION ( 'NONE',  ( -1.000000000000000000, 0.000000000000000000, 3.491481338843133355E-15 ) ) ;
#8796 = FACE_OUTER_BOUND ( 'NONE', #3956, .T. ) ;
#8797 = CARTESIAN_POINT ( 'NONE',  ( 40.00000000000000711, -15.00000000000000355, -42.80000000000001137 ) ) ;
#8798 = CARTESIAN_POINT ( 'NONE',  ( 10.49999999999999822, -2.847815992327985324, -25.39989526778400020 ) ) ;
#8799 = CARTESIAN_POINT ( 'NONE',  ( 49.00000000000000711, -1.000000000000000000, 48.99999999999999289 ) ) ;
#8800 = DIRECTION ( 'NONE',  ( 1.387778780781445676E-16, 0.000000000000000000, 1.000000000000000000 ) ) ;
#8801 = ORIENTED_EDGE ( 'NONE', *, *, #2896, .F. ) ;
#8802 = EDGE_LOOP ( 'NONE', ( #6035, #2447, #4495, #9980 ) ) ;
#8803 = AXIS2_PLACEMENT_3D ( 'NONE', #6509, #10176, #9270 ) ;
#8804 = AXIS2_PLACEMENT_3D ( 'NONE', #11027, #2950, #4639 ) ;
#8805 = ORIENTED_EDGE ( 'NONE', *, *, #8214, .F. ) ;
#8806 = DIRECTION ( 'NONE',  ( 0.000000000000000000, 0.000000000000000000, -1.000000000000000000 ) ) ;
#8807 = VERTEX_POINT ( 'NONE', #8535 ) ;
#8808 = EDGE_CURVE ( 'NONE', #7836, #1472, #10677, .T. ) ;
#8809 = CARTESIAN_POINT ( 'NONE',  ( 50.00000000000064659, -4.000000000000000000, -21.49897948556438365 ) ) ;
#8810 = AXIS2_PLACEMENT_3D ( 'NONE', #259, #4796, #9307 ) ;
#8811 = AXIS2_PLACEMENT_3D ( 'NONE', #8496, #3004, #10364 ) ;
#8812 = CYLINDRICAL_SURFACE ( 'NONE', #11805, 1.000000000000000888 ) ;
#8813 = CARTESIAN_POINT ( 'NONE',  ( 48.99999999999999289, 1.000000000000000000, -50.00000000000000711 ) ) ;
#8814 = AXIS2_PLACEMENT_3D ( 'NONE', #7727, #8508, #1313 ) ;
#8815 = DIRECTION ( 'NONE',  ( 0.000000000000000000, -0.000000000000000000, 1.000000000000000000 ) ) ;
#8816 = CARTESIAN_POINT ( 'NONE',  ( 45.80000000000062244, 1.000000000000000000, 24.69999999999800622 ) ) ;
#8817 = CARTESIAN_POINT ( 'NONE',  ( -42.29856540507681473, -8.000000000000001776, 48.00000000000000711 ) ) ;
#8818 = ADVANCED_FACE ( 'NONE', ( #9369 ), #10334, .F. ) ;
#8819 = ORIENTED_EDGE ( 'NONE', *, *, #3988, .T. ) ;
#8820 = ORIENTED_EDGE ( 'NONE', *, *, #2804, .T. ) ;
#8821 = CARTESIAN_POINT ( 'NONE',  ( -47.99999999999986500, -17.19238815542524534, 48.00000000000000711 ) ) ;
#8822 = ORIENTED_EDGE ( 'NONE', *, *, #11202, .T. ) ;
#8823 = AXIS2_PLACEMENT_3D ( 'NONE', #1605, #7051, #4392 ) ;
#8824 = DIRECTION ( 'NONE',  ( 0.000000000000000000, 1.000000000000000000, 0.000000000000000000 ) ) ;
#8825 = FACE_OUTER_BOUND ( 'NONE', #4993, .T. ) ;
#8826 = CARTESIAN_POINT ( 'NONE',  ( -36.16836639010535492, -7.164429261734142074, -42.00000000000000711 ) ) ;
#8827 = LINE ( 'NONE', #2189, #8373 ) ;
#8828 = AXIS2_PLACEMENT_3D ( 'NONE', #4123, #10456, #11530 ) ;
#8829 = CARTESIAN_POINT ( 'NONE',  ( -29.74216769539543392, -7.978802266294063195, -41.31939148365430725 ) ) ;
#8830 = DIRECTION ( 'NONE',  ( 0.000000000000000000, -1.000000000000000000, 0.000000000000000000 ) ) ;
#8831 = AXIS2_PLACEMENT_3D ( 'NONE', #5252, #11519, #11575 ) ;
#8832 = CARTESIAN_POINT ( 'NONE',  ( -10.49999999999999822, -13.00000000000000178, -12.40000000000000036 ) ) ;
#8833 = EDGE_LOOP ( 'NONE', ( #4619, #6321, #6397, #8033, #6046, #8629 ) ) ;
#8834 = VERTEX_POINT ( 'NONE', #5 ) ;
#8835 = EDGE_CURVE ( 'NONE', #6490, #442, #5473, .T. ) ;
#8836 = VECTOR ( 'NONE', #1022, 1000.000000000000000 ) ;
#8837 = EDGE_LOOP ( 'NONE', ( #4289, #7778 ) ) ;
#8838 = CARTESIAN_POINT ( 'NONE',  ( -49.99999999999999289, 0.000000000000000000, 49.99999999999999289 ) ) ;
#8839 = DIRECTION ( 'NONE',  ( -0.000000000000000000, 1.000000000000000000, -0.000000000000000000 ) ) ;
#8840 = LINE ( 'NONE', #9683, #4879 ) ;
#8841 = CARTESIAN_POINT ( 'NONE',  ( 41.99999999999957367, -5.556562696684470559, -41.50000000000027001 ) ) ;
#8842 = CARTESIAN_POINT ( 'NONE',  ( 0.000000000000000000, -1.000000000000000000, 0.000000000000000000 ) ) ;
#8843 = ADVANCED_FACE ( 'NONE', ( #256 ), #8412, .F. ) ;
#8844 = CYLINDRICAL_SURFACE ( 'NONE', #3277, 4.349999999999999645 ) ;
#8845 = ORIENTED_EDGE ( 'NONE', *, *, #5398, .T. ) ;
#8846 = EDGE_LOOP ( 'NONE', ( #11490, #6298, #2064, #7102, #2210 ) ) ;
#8847 = ORIENTED_EDGE ( 'NONE', *, *, #10703, .T. ) ;
#8848 = ORIENTED_EDGE ( 'NONE', *, *, #9756, .T. ) ;
#8849 = EDGE_CURVE ( 'NONE', #10418, #1627, #3889, .T. ) ;
#8850 = ORIENTED_EDGE ( 'NONE', *, *, #2019, .T. ) ;
#8851 = DIRECTION ( 'NONE',  ( -1.000000000000000000, -0.000000000000000000, 3.491481338843133355E-15 ) ) ;
#8852 = DIRECTION ( 'NONE',  ( 0.000000000000000000, 1.000000000000000000, 0.000000000000000000 ) ) ;
#8853 = DIRECTION ( 'NONE',  ( -1.396592535537253342E-14, -0.000000000000000000, -1.000000000000000000 ) ) ;
#8854 = CARTESIAN_POINT ( 'NONE',  ( -31.62277660168379256, -1.000000000000000000, 7.499999999999999112 ) ) ;
#8855 = DIRECTION ( 'NONE',  ( 0.000000000000000000, 0.000000000000000000, -1.000000000000000000 ) ) ;
#8856 = EDGE_CURVE ( 'NONE', #5063, #3845, #7632, .T. ) ;
#8857 = CARTESIAN_POINT ( 'NONE',  ( 45.80000000000062244, -8.000000000000001776, 23.14999999999800551 ) ) ;
#8858 = CARTESIAN_POINT ( 'NONE',  ( 41.99999999999965894, -8.359050314530735548, -34.06768996327166832 ) ) ;
#8859 = EDGE_LOOP ( 'NONE', ( #734, #1637, #1370 ) ) ;
#8860 = VERTEX_POINT ( 'NONE', #10211 ) ;
#8861 = AXIS2_PLACEMENT_3D ( 'NONE', #9687, #9628, #9569 ) ;
#8862 = EDGE_CURVE ( 'NONE', #9748, #11045, #70, .T. ) ;
#8863 = VERTEX_POINT ( 'NONE', #10148 ) ;
#8864 = FACE_OUTER_BOUND ( 'NONE', #8987, .T. ) ;
#8865 = ORIENTED_EDGE ( 'NONE', *, *, #5215, .F. ) ;
#8866 = PLANE ( 'NONE',  #11753 ) ;
#8867 = DIRECTION ( 'NONE',  ( -0.7071067811864886199, 0.000000000000000000, 0.7071067811866064146 ) ) ;
#8868 = CYLINDRICAL_SURFACE ( 'NONE', #10907, 32.50000000000000711 ) ;
#8869 = ADVANCED_FACE ( 'NONE', ( #973 ), #3703, .F. ) ;
#8870 = CARTESIAN_POINT ( 'NONE',  ( -42.00000000000015632, -5.956076103048433268, -40.62884705867539736 ) ) ;
#8871 = VECTOR ( 'NONE', #9866, 1000.000000000000000 ) ;
#8872 = DIRECTION ( 'NONE',  ( 0.000000000000000000, 0.000000000000000000, -1.000000000000000000 ) ) ;
#8873 = ORIENTED_EDGE ( 'NONE', *, *, #4554, .T. ) ;
#8874 = DIRECTION ( 'NONE',  ( 0.000000000000000000, -0.000000000000000000, 1.000000000000000000 ) ) ;
#8875 = VERTEX_POINT ( 'NONE', #2856 ) ;
#8876 = EDGE_LOOP ( 'NONE', ( #11303, #7439 ) ) ;
#8877 = EDGE_CURVE ( 'NONE', #792, #1108, #7027, .T. ) ;
#8878 = DIRECTION ( 'NONE',  ( -0.000000000000000000, -0.000000000000000000, 1.000000000000000000 ) ) ;
#8879 = EDGE_CURVE ( 'NONE', #3879, #8834, #9894, .T. ) ;
#8880 = ORIENTED_EDGE ( 'NONE', *, *, #7263, .T. ) ;
#8881 = CARTESIAN_POINT ( 'NONE',  ( 49.99999999999999289, 1.000000000000000000, -42.50000000000017764 ) ) ;
#8882 = ADVANCED_FACE ( 'NONE', ( #4185 ), #6964, .F. ) ;
#8883 = DIRECTION ( 'NONE',  ( -0.000000000000000000, 1.000000000000000000, -0.000000000000000000 ) ) ;
#8884 = CARTESIAN_POINT ( 'NONE',  ( 40.00000000000000000, 1.000000000000000000, 14.99999999999982236 ) ) ;
#8885 = EDGE_CURVE ( 'NONE', #6462, #4224, #2768, .T. ) ;
#8886 = CARTESIAN_POINT ( 'NONE',  ( -29.82352675082744398, -7.987796024171728959, -45.62755485521880416 ) ) ;
#8887 = CARTESIAN_POINT ( 'NONE',  ( 0.9927829897720340524, -7.024554138057848007, 23.72032209206307485 ) ) ;
#8888 = CIRCLE ( 'NONE', #4650, 2.349999999999997868 ) ;
#8889 = FACE_OUTER_BOUND ( 'NONE', #6629, .T. ) ;
#8890 = CIRCLE ( 'NONE', #4264, 24.99999999999999645 ) ;
#8891 = ORIENTED_EDGE ( 'NONE', *, *, #6591, .F. ) ;
#8892 = EDGE_LOOP ( 'NONE', ( #6581, #11212, #394, #7045 ) ) ;
#8893 = AXIS2_PLACEMENT_3D ( 'NONE', #8169, #3767, #3644 ) ;
#8894 = ORIENTED_EDGE ( 'NONE', *, *, #2192, .T. ) ;
#8895 = AXIS2_PLACEMENT_3D ( 'NONE', #11037, #6465, #7799 ) ;
#8896 = LINE ( 'NONE', #3232, #2133 ) ;
#8897 = DIRECTION ( 'NONE',  ( 0.000000000000000000, 0.000000000000000000, -1.000000000000000000 ) ) ;
#8898 = VECTOR ( 'NONE', #1928, 1000.000000000000000 ) ;
#8899 = CARTESIAN_POINT ( 'NONE',  ( 27.10000000000228226, -5.000000000000000000, -49.99999999999884182 ) ) ;
#8900 = AXIS2_PLACEMENT_3D ( 'NONE', #4493, #11661, #11778 ) ;
#8901 = FACE_OUTER_BOUND ( 'NONE', #280, .T. ) ;
#8902 = CARTESIAN_POINT ( 'NONE',  ( -24.69999999999816609, -8.000000000000001776, -47.35000000000054143 ) ) ;
#8903 = DIRECTION ( 'NONE',  ( -0.000000000000000000, -0.000000000000000000, 1.000000000000000000 ) ) ;
#8904 = ORIENTED_EDGE ( 'NONE', *, *, #4971, .T. ) ;
#8905 = ORIENTED_EDGE ( 'NONE', *, *, #11421, .F. ) ;
#8906 = ORIENTED_EDGE ( 'NONE', *, *, #7392, .F. ) ;
#8907 = ORIENTED_EDGE ( 'NONE', *, *, #6747, .F. ) ;
#8908 = VERTEX_POINT ( 'NONE', #1511 ) ;
#8909 = DIRECTION ( 'NONE',  ( 1.000000000000000000, 0.000000000000000000, -3.491481338843133355E-15 ) ) ;
#8910 = CIRCLE ( 'NONE', #3711, 2.349999999999997868 ) ;
#8911 = FACE_BOUND ( 'NONE', #2480, .T. ) ;
#8912 = ADVANCED_FACE ( 'NONE', ( #2367 ), #11413, .F. ) ;
#8913 = DIRECTION ( 'NONE',  ( -0.000000000000000000, 1.000000000000000000, -0.000000000000000000 ) ) ;
#8914 = CARTESIAN_POINT ( 'NONE',  ( -38.09999999999983800, -3.199999999999999734, 43.50000000000001421 ) ) ;
#8915 = CARTESIAN_POINT ( 'NONE',  ( 36.74039175424685766, -10.20352380938687986, -48.00000000000000000 ) ) ;
#8916 = FACE_OUTER_BOUND ( 'NONE', #8308, .T. ) ;
#8917 = ORIENTED_EDGE ( 'NONE', *, *, #3847, .T. ) ;
#8918 = ORIENTED_EDGE ( 'NONE', *, *, #8662, .T. ) ;
#8919 = CIRCLE ( 'NONE', #1977, 1.550000000000002709 ) ;
#8920 = ORIENTED_EDGE ( 'NONE', *, *, #10624, .T. ) ;
#8921 = DIRECTION ( 'NONE',  ( -0.000000000000000000, 1.000000000000000000, -0.000000000000000000 ) ) ;
#8922 = ORIENTED_EDGE ( 'NONE', *, *, #8497, .F. ) ;
#8923 = EDGE_CURVE ( 'NONE', #8495, #7088, #4313, .T. ) ;
#8924 = LINE ( 'NONE', #5183, #1155 ) ;
#8925 = ADVANCED_FACE ( 'NONE', ( #6056 ), #9727, .F. ) ;
#8926 = DIRECTION ( 'NONE',  ( -1.181088324069314777E-14, 0.000000000000000000, -1.000000000000000000 ) ) ;
#8927 = LINE ( 'NONE', #11750, #5720 ) ;
#8928 = VECTOR ( 'NONE', #10719, 1000.000000000000000 ) ;
#8929 = CARTESIAN_POINT ( 'NONE',  ( -34.62826971615741911, -11.04947845214046254, -42.00000000000000711 ) ) ;
#8930 = CARTESIAN_POINT ( 'NONE',  ( 10.50000000000000178, -8.143000222315187386, 22.68975233596974306 ) ) ;
#8931 = CARTESIAN_POINT ( 'NONE',  ( -27.09999999999983089, -0.1999999999999999833, -48.00000000000000711 ) ) ;
#8932 = EDGE_LOOP ( 'NONE', ( #2833, #2834, #10604 ) ) ;
#8933 = DIRECTION ( 'NONE',  ( -0.000000000000000000, -1.000000000000000000, 0.000000000000000000 ) ) ;
#8934 = ORIENTED_EDGE ( 'NONE', *, *, #8722, .F. ) ;
#8935 = EDGE_LOOP ( 'NONE', ( #10712, #2777, #3086, #4233 ) ) ;
#8936 = CARTESIAN_POINT ( 'NONE',  ( 42.00000000000017764, -5.000000000000000000, 16.60000000000164277 ) ) ;
#8937 = EDGE_LOOP ( 'NONE', ( #1013, #3925, #8091, #337 ) ) ;
#8938 = AXIS2_PLACEMENT_3D ( 'NONE', #1975, #6697, #10179 ) ;
#8939 = TOROIDAL_SURFACE ( 'NONE', #6244, 11.15000000000000036, 6.799999999999999822 ) ;
#8940 = EDGE_CURVE ( 'NONE', #9498, #7890, #64, .T. ) ;
#8941 = AXIS2_PLACEMENT_3D ( 'NONE', #9034, #8022, #11800 ) ;
#8942 = DIRECTION ( 'NONE',  ( 0.000000000000000000, 0.000000000000000000, -1.000000000000000000 ) ) ;
#8943 = CYLINDRICAL_SURFACE ( 'NONE', #11387, 2.350000000000001421 ) ;
#8944 = LINE ( 'NONE', #6231, #9329 ) ;
#8945 = DIRECTION ( 'NONE',  ( 0.000000000000000000, 1.000000000000000000, 0.000000000000000000 ) ) ;
#8946 = FACE_OUTER_BOUND ( 'NONE', #9086, .T. ) ;
#8947 = DIRECTION ( 'NONE',  ( -1.000000000000000000, 0.000000000000000000, 3.491481338843133355E-15 ) ) ;
#8948 = AXIS2_PLACEMENT_3D ( 'NONE', #5612, #4719, #4776 ) ;
#8949 = ORIENTED_EDGE ( 'NONE', *, *, #11849, .F. ) ;
#8950 = VERTEX_POINT ( 'NONE', #1452 ) ;
#8951 = EDGE_CURVE ( 'NONE', #2314, #3832, #1426, .T. ) ;
#8952 = EDGE_CURVE ( 'NONE', #5307, #2150, #8827, .T. ) ;
#8953 = ORIENTED_EDGE ( 'NONE', *, *, #3698, .T. ) ;
#8954 = AXIS2_PLACEMENT_3D ( 'NONE', #7662, #6695, #11266 ) ;
#8955 = LINE ( 'NONE', #5209, #9651 ) ;
#8956 = DIRECTION ( 'NONE',  ( -0.000000000000000000, 1.000000000000000000, -0.000000000000000000 ) ) ;
#8957 = DIRECTION ( 'NONE',  ( 1.000000000000000000, 0.000000000000000000, 0.000000000000000000 ) ) ;
#8958 = CARTESIAN_POINT ( 'NONE',  ( -31.29999999999983373, -0.1999999999999999833, -48.00000000000000711 ) ) ;
#8959 = CARTESIAN_POINT ( 'NONE',  ( 42.00000000000038369, -8.000000000000001776, 36.34618431751421497 ) ) ;
#8960 = CARTESIAN_POINT ( 'NONE',  ( -10.49999999999999822, -11.38157628938363608, -21.42457675550709695 ) ) ;
#8961 = EDGE_LOOP ( 'NONE', ( #7626, #11000, #7349, #9876 ) ) ;
#8962 = EDGE_LOOP ( 'NONE', ( #10535, #11830, #1708, #11669 ) ) ;
#8963 = ORIENTED_EDGE ( 'NONE', *, *, #11157, .T. ) ;
#8964 = ORIENTED_EDGE ( 'NONE', *, *, #11124, .F. ) ;
#8965 = ORIENTED_EDGE ( 'NONE', *, *, #1924, .F. ) ;
#8966 = CARTESIAN_POINT ( 'NONE',  ( 33.24412171226666857, -11.58916745502406087, 42.00000000000000711 ) ) ;
#8967 = DIRECTION ( 'NONE',  ( 0.000000000000000000, 0.000000000000000000, 1.000000000000000000 ) ) ;
#8968 = DIRECTION ( 'NONE',  ( 1.000000000000000000, -0.000000000000000000, -0.000000000000000000 ) ) ;
#8969 = DIRECTION ( 'NONE',  ( 0.000000000000000000, 0.000000000000000000, -1.000000000000000000 ) ) ;
#8970 = DIRECTION ( 'NONE',  ( 0.000000000000000000, 0.000000000000000000, -1.000000000000000000 ) ) ;
#8971 = DIRECTION ( 'NONE',  ( 0.000000000000000000, 0.000000000000000000, -1.000000000000000000 ) ) ;
#8972 = DIRECTION ( 'NONE',  ( -0.000000000000000000, 1.000000000000000000, -0.000000000000000000 ) ) ;
#8973 = ORIENTED_EDGE ( 'NONE', *, *, #11784, .F. ) ;
#8974 = ORIENTED_EDGE ( 'NONE', *, *, #3213, .F. ) ;
#8975 = ORIENTED_EDGE ( 'NONE', *, *, #11168, .T. ) ;
#8976 = LINE ( 'NONE', #1062, #8361 ) ;
#8977 = ORIENTED_EDGE ( 'NONE', *, *, #3184, .F. ) ;
#8978 = EDGE_CURVE ( 'NONE', #11193, #5163, #5286, .T. ) ;
#8979 = AXIS2_PLACEMENT_3D ( 'NONE', #117, #8867, #6100 ) ;
#8980 = CYLINDRICAL_SURFACE ( 'NONE', #4059, 1.549999999999999378 ) ;
#8981 = FACE_BOUND ( 'NONE', #4844, .T. ) ;
#8982 = DIRECTION ( 'NONE',  ( 0.000000000000000000, 0.000000000000000000, 1.000000000000000000 ) ) ;
#8983 = VECTOR ( 'NONE', #1874, 1000.000000000000000 ) ;
#8984 = CARTESIAN_POINT ( 'NONE',  ( -35.41560358562824007, -12.71917663710958024, -42.00000000000002842 ) ) ;
#8985 = PLANE ( 'NONE',  #9564 ) ;
#8986 = FACE_OUTER_BOUND ( 'NONE', #2331, .T. ) ;
#8987 = EDGE_LOOP ( 'NONE', ( #7131, #4894, #3833, #4346 ) ) ;
#8988 = CARTESIAN_POINT ( 'NONE',  ( -31.42259101497744922, -8.126962523660797189, 48.00000000000000711 ) ) ;
#8989 = ORIENTED_EDGE ( 'NONE', *, *, #4425, .T. ) ;
#8990 = EDGE_CURVE ( 'NONE', #9281, #8643, #9723, .T. ) ;
#8991 = ORIENTED_EDGE ( 'NONE', *, *, #10756, .T. ) ;
#8992 = DIRECTION ( 'NONE',  ( 0.000000000000000000, 0.000000000000000000, 1.000000000000000000 ) ) ;
#8993 = ORIENTED_EDGE ( 'NONE', *, *, #970, .F. ) ;
#8994 = ADVANCED_FACE ( 'NONE', ( #1336 ), #4126, .F. ) ;
#8995 = CIRCLE ( 'NONE', #10539, 1.550000000000002709 ) ;
#8996 = CARTESIAN_POINT ( 'NONE',  ( 10.49999999999999822, -13.00000000000000178, -14.40000000000000036 ) ) ;
#8997 = FACE_OUTER_BOUND ( 'NONE', #3240, .T. ) ;
#8998 = DIRECTION ( 'NONE',  ( 1.000000000000000000, -0.000000000000000000, -1.047444401652940007E-14 ) ) ;
#8999 = CARTESIAN_POINT ( 'NONE',  ( 40.00000000000000711, -11.50796415572370357, -48.00000000000000711 ) ) ;
#9000 = CARTESIAN_POINT ( 'NONE',  ( 0.000000000000000000, -1.000000000000000000, 0.000000000000000000 ) ) ;
#9001 = CARTESIAN_POINT ( 'NONE',  ( -42.00000000000012079, -3.199999999999999289, -32.04999999999998295 ) ) ;
#9002 = DIRECTION ( 'NONE',  ( -1.000000000000000000, -0.000000000000000000, 3.491481338843133355E-15 ) ) ;
#9003 = EDGE_CURVE ( 'NONE', #6323, #3138, #71, .T. ) ;
#9004 = VERTEX_POINT ( 'NONE', #4242 ) ;
#9005 = VERTEX_POINT ( 'NONE', #11589 ) ;
#9006 = ADVANCED_FACE ( 'NONE', ( #10692 ), #5881, .F. ) ;
#9007 = ORIENTED_EDGE ( 'NONE', *, *, #6958, .F. ) ;
#9008 = CIRCLE ( 'NONE', #5351, 1.600000000000000755 ) ;
#9009 = LINE ( 'NONE', #917, #407 ) ;
#9010 = CARTESIAN_POINT ( 'NONE',  ( 45.80000000000062244, 1.000000000000000000, 22.34999999999800835 ) ) ;
#9011 = DIRECTION ( 'NONE',  ( 0.000000000000000000, 0.000000000000000000, 1.000000000000000000 ) ) ;
#9012 = CARTESIAN_POINT ( 'NONE',  ( -10.50000000000000178, -12.98922859241166528, 8.706039544501708249 ) ) ;
#9013 = DIRECTION ( 'NONE',  ( 0.000000000000000000, 1.000000000000000000, 0.000000000000000000 ) ) ;
#9014 = EDGE_CURVE ( 'NONE', #4787, #10418, #8179, .T. ) ;
#9015 = DIRECTION ( 'NONE',  ( 0.000000000000000000, 0.000000000000000000, 1.000000000000000000 ) ) ;
#9016 = ORIENTED_EDGE ( 'NONE', *, *, #3494, .T. ) ;
#9017 = ORIENTED_EDGE ( 'NONE', *, *, #1082, .F. ) ;
#9018 = ORIENTED_EDGE ( 'NONE', *, *, #7182, .F. ) ;
#9019 = ORIENTED_EDGE ( 'NONE', *, *, #9416, .T. ) ;
#9020 = CIRCLE ( 'NONE', #10946, 2.350000000000001421 ) ;
#9021 = EDGE_CURVE ( 'NONE', #559, #11194, #2985, .T. ) ;
#9022 = EDGE_CURVE ( 'NONE', #9818, #1593, #10864, .T. ) ;
#9023 = FACE_BOUND ( 'NONE', #4291, .T. ) ;
#9024 = DIRECTION ( 'NONE',  ( -0.000000000000000000, 1.000000000000000000, -0.000000000000000000 ) ) ;
#9025 = CARTESIAN_POINT ( 'NONE',  ( -28.95000000000041496, -3.199999999999999289, -42.00000000000001421 ) ) ;
#9026 = CARTESIAN_POINT ( 'NONE',  ( -45.79999999999802185, -3.499999999999999556, -22.34999999999937259 ) ) ;
#9027 = CARTESIAN_POINT ( 'NONE',  ( -31.94412171226664654, -8.154492768451394369, 42.00000000000000000 ) ) ;
#9028 = EDGE_CURVE ( 'NONE', #293, #7485, #11886, .T. ) ;
#9029 = DIRECTION ( 'NONE',  ( 0.000000000000000000, -1.000000000000000000, 0.000000000000000000 ) ) ;
#9030 = CARTESIAN_POINT ( 'NONE',  ( -49.99999999999999289, -0.2000000000000000944, 31.30000000000000071 ) ) ;
#9031 = ORIENTED_EDGE ( 'NONE', *, *, #6832, .F. ) ;
#9032 = EDGE_LOOP ( 'NONE', ( #9362, #2611, #11465, #1163 ) ) ;
#9033 = VERTEX_POINT ( 'NONE', #8999 ) ;
#9034 = CARTESIAN_POINT ( 'NONE',  ( 50.00000000000064659, -5.000000000000000000, 16.60000000000164633 ) ) ;
#9035 = VECTOR ( 'NONE', #4163, 1000.000000000000000 ) ;
#9036 = LINE ( 'NONE', #8026, #2701 ) ;
#9037 = DIRECTION ( 'NONE',  ( -1.595148023886719315E-15, 0.000000000000000000, 1.000000000000000000 ) ) ;
#9038 = DIRECTION ( 'NONE',  ( 1.000000000000000000, 0.000000000000000000, -1.047444401652940007E-14 ) ) ;
#9039 = DIRECTION ( 'NONE',  ( -1.000000000000000000, -0.000000000000000000, 1.734723475976807094E-15 ) ) ;
#9040 = AXIS2_PLACEMENT_3D ( 'NONE', #2681, #1090, #9361 ) ;
#9041 = CARTESIAN_POINT ( 'NONE',  ( -43.49999999999987921, -3.199999999999999734, 38.09999999999998721 ) ) ;
#9042 = CARTESIAN_POINT ( 'NONE',  ( -47.99999999999986500, 1.000000000000000000, 41.50000000000000000 ) ) ;
#9043 = DIRECTION ( 'NONE',  ( 0.000000000000000000, 0.000000000000000000, 1.000000000000000000 ) ) ;
#9044 = ORIENTED_EDGE ( 'NONE', *, *, #2005, .T. ) ;
#9045 = VERTEX_POINT ( 'NONE', #11764 ) ;
#9046 = VERTEX_POINT ( 'NONE', #3634 ) ;
#9047 = DIRECTION ( 'NONE',  ( -8.673617379884051249E-16, 0.000000000000000000, -1.000000000000000000 ) ) ;
#9048 = ORIENTED_EDGE ( 'NONE', *, *, #8243, .T. ) ;
#9049 = CARTESIAN_POINT ( 'NONE',  ( 37.50000000000000711, -5.000000000000001776, 42.89999999999999147 ) ) ;
#9050 = DIRECTION ( 'NONE',  ( 1.000000000000000000, -0.000000000000000000, -1.047444401652940007E-14 ) ) ;
#9051 = DIRECTION ( 'NONE',  ( 1.000000000000000000, -0.000000000000000000, -0.000000000000000000 ) ) ;
#9052 = LINE ( 'NONE', #8884, #10101 ) ;
#9053 = EDGE_CURVE ( 'NONE', #5574, #3164, #7198, .T. ) ;
#9054 = LINE ( 'NONE', #4538, #1754 ) ;
#9055 = FACE_OUTER_BOUND ( 'NONE', #8892, .T. ) ;
#9056 = CARTESIAN_POINT ( 'NONE',  ( -48.00000000000050449, -1.000000000000000000, -47.99999999999936051 ) ) ;
#9057 = ORIENTED_EDGE ( 'NONE', *, *, #4454, .T. ) ;
#9058 = ORIENTED_EDGE ( 'NONE', *, *, #9021, .F. ) ;
#9059 = AXIS2_PLACEMENT_3D ( 'NONE', #36, #5415, #4636 ) ;
#9060 = VERTEX_POINT ( 'NONE', #10978 ) ;
#9061 = ADVANCED_FACE ( 'NONE', ( #6288 ), #6406, .T. ) ;
#9062 = CARTESIAN_POINT ( 'NONE',  ( 27.09999999999983089, -0.1999999999999999833, 48.00000000000000711 ) ) ;
#9063 = CARTESIAN_POINT ( 'NONE',  ( 10.50000000000000000, -10.00000000000000178, 7.461999999999994415 ) ) ;
#9064 = EDGE_CURVE ( 'NONE', #11105, #3077, #2720, .T. ) ;
#9065 = CARTESIAN_POINT ( 'NONE',  ( -10.49999999999999822, -1.364963698638802514, -25.92008742910804386 ) ) ;
#9066 = CARTESIAN_POINT ( 'NONE',  ( 10.50000000000000178, -6.691851700650325974, 24.17792075378426020 ) ) ;
#9067 = AXIS2_PLACEMENT_3D ( 'NONE', #2021, #2082, #8426 ) ;
#9068 = CARTESIAN_POINT ( 'NONE',  ( -50.00000000000000711, 0.000000000000000000, -50.00000000000000711 ) ) ;
#9069 = CIRCLE ( 'NONE', #10615, 2.350000000000001421 ) ;
#9070 = CARTESIAN_POINT ( 'NONE',  ( -43.50000000000010658, -3.199999999999999289, -28.14999999999968239 ) ) ;
#9071 = ORIENTED_EDGE ( 'NONE', *, *, #11853, .F. ) ;
#9072 = EDGE_LOOP ( 'NONE', ( #7760, #8905, #5732, #7729 ) ) ;
#9073 = ORIENTED_EDGE ( 'NONE', *, *, #7980, .T. ) ;
#9074 = VERTEX_POINT ( 'NONE', #4358 ) ;
#9075 = AXIS2_PLACEMENT_3D ( 'NONE', #4972, #6607, #10333 ) ;
#9076 = DIRECTION ( 'NONE',  ( 0.000000000000000000, 0.000000000000000000, -1.000000000000000000 ) ) ;
#9077 = EDGE_CURVE ( 'NONE', #8404, #215, #5878, .T. ) ;
#9078 = AXIS2_PLACEMENT_3D ( 'NONE', #8655, #7635, #5886 ) ;
#9079 = CARTESIAN_POINT ( 'NONE',  ( -49.00000000000000000, 0.000000000000000000, 6.800116025829083810E-15 ) ) ;
#9080 = DIRECTION ( 'NONE',  ( -0.000000000000000000, 1.000000000000000000, -0.000000000000000000 ) ) ;
#9081 = CARTESIAN_POINT ( 'NONE',  ( -36.99513474005456715, -5.003392681337306414, 42.00000000000001421 ) ) ;
#9082 = EDGE_CURVE ( 'NONE', #6927, #443, #1233, .T. ) ;
#9083 = CARTESIAN_POINT ( 'NONE',  ( -27.09999999999983089, -0.1999999999999999833, -50.00000000000000711 ) ) ;
#9084 = CARTESIAN_POINT ( 'NONE',  ( 40.00000000000000711, -11.50796415572370357, -48.00000000000000711 ) ) ;
#9085 = CARTESIAN_POINT ( 'NONE',  ( -32.17869275994001299, -11.48158090216236715, 44.56708094410685561 ) ) ;
#9086 = EDGE_LOOP ( 'NONE', ( #3343, #1507, #11666, #4135, #6176, #3896, #10219, #1903, #6884, #3578, #4533, #4545, #5776, #3593 ) ) ;
#9087 = EDGE_LOOP ( 'NONE', ( #5899, #7265 ) ) ;
#9088 = VECTOR ( 'NONE', #11733, 1000.000000000000000 ) ;
#9089 = ORIENTED_EDGE ( 'NONE', *, *, #1041, .T. ) ;
#9090 = AXIS2_PLACEMENT_3D ( 'NONE', #2872, #6557, #8430 ) ;
#9091 = DIRECTION ( 'NONE',  ( -1.000000000000000000, 0.000000000000000000, 1.047444401652940007E-14 ) ) ;
#9092 = ADVANCED_FACE ( 'NONE', ( #5200 ), #728, .F. ) ;
#9093 = CARTESIAN_POINT ( 'NONE',  ( -50.00000000000000711, 1.000000000000000000, -49.00000000000000711 ) ) ;
#9094 = EDGE_CURVE ( 'NONE', #3312, #6138, #8576, .T. ) ;
#9095 = CARTESIAN_POINT ( 'NONE',  ( 0.000000000000000000, 0.000000000000000000, -48.00000000000000711 ) ) ;
#9096 = CARTESIAN_POINT ( 'NONE',  ( -38.14062573678920387, -10.98487929971790678, -48.00000000000002842 ) ) ;
#9097 = EDGE_CURVE ( 'NONE', #10968, #3804, #9052, .T. ) ;
#9098 = CIRCLE ( 'NONE', #10646, 32.50000000000000711 ) ;
#9099 = LINE ( 'NONE', #10371, #3736 ) ;
#9100 = DIRECTION ( 'NONE',  ( 0.000000000000000000, 0.000000000000000000, 1.000000000000000000 ) ) ;
#9101 = VECTOR ( 'NONE', #7871, 1000.000000000000000 ) ;
#9102 = CARTESIAN_POINT ( 'NONE',  ( -48.00000000000018474, -8.335949929221314392, -46.92245976970362165 ) ) ;
#9103 = CARTESIAN_POINT ( 'NONE',  ( 33.24412171226666857, -11.58916745502406087, 42.00000000000000711 ) ) ;
#9104 = CARTESIAN_POINT ( 'NONE',  ( 35.75073045732360555, -8.627244309128116129, -41.86107398059278495 ) ) ;
#9105 = VERTEX_POINT ( 'NONE', #2486 ) ;
#9106 = VERTEX_POINT ( 'NONE', #3453 ) ;
#9107 = ORIENTED_EDGE ( 'NONE', *, *, #3721, .F. ) ;
#9108 = DIRECTION ( 'NONE',  ( 1.000000000000000000, -0.000000000000000000, -1.047444401652940007E-14 ) ) ;
#9109 = ORIENTED_EDGE ( 'NONE', *, *, #11938, .T. ) ;
#9110 = LINE ( 'NONE', #10861, #11798 ) ;
#9111 = CARTESIAN_POINT ( 'NONE',  ( 30.49999999999983302, -3.199999999999999289, -43.50000000000001421 ) ) ;
#9112 = CARTESIAN_POINT ( 'NONE',  ( 50.00000000000095923, -3.199999999999999734, -36.54999999999965610 ) ) ;
#9113 = PLANE ( 'NONE',  #4521 ) ;
#9114 = CARTESIAN_POINT ( 'NONE',  ( -30.49999999999913669, -3.199999999999999289, 50.00000000000156319 ) ) ;
#9115 = CARTESIAN_POINT ( 'NONE',  ( -30.49999999999922551, -3.199999999999999289, 43.50000000000001421 ) ) ;
#9116 = CARTESIAN_POINT ( 'NONE',  ( 0.000000000000000000, 1.000000000000000000, 32.50000000000000000 ) ) ;
#9117 = CIRCLE ( 'NONE', #5862, 2.349999999999997868 ) ;
#9118 = VERTEX_POINT ( 'NONE', #672 ) ;
#9119 = ORIENTED_EDGE ( 'NONE', *, *, #2109, .F. ) ;
#9120 = AXIS2_PLACEMENT_3D ( 'NONE', #331, #3111, #9385 ) ;
#9121 = EDGE_CURVE ( 'NONE', #533, #9745, #7137, .T. ) ;
#9122 = AXIS2_PLACEMENT_3D ( 'NONE', #4044, #2286, #9646 ) ;
#9123 = VERTEX_POINT ( 'NONE', #4300 ) ;
#9124 = VECTOR ( 'NONE', #8680, 1000.000000000000000 ) ;
#9125 = LINE ( 'NONE', #7390, #11196 ) ;
#9126 = CARTESIAN_POINT ( 'NONE',  ( 47.99999999999968736, -3.199999999999999289, -30.50000000000033751 ) ) ;
#9127 = CIRCLE ( 'NONE', #1418, 2.350000000000001421 ) ;
#9128 = CARTESIAN_POINT ( 'NONE',  ( -10.49999999999999822, -10.00000103396229179, -15.77848288404054244 ) ) ;
#9129 = DIRECTION ( 'NONE',  ( 6.982962677686267499E-15, -0.000000000000000000, 1.000000000000000000 ) ) ;
#9130 = FACE_OUTER_BOUND ( 'NONE', #2270, .T. ) ;
#9131 = CARTESIAN_POINT ( 'NONE',  ( -42.00000000000011369, -5.000000000000002665, -30.09999999999968523 ) ) ;
#9132 = CARTESIAN_POINT ( 'NONE',  ( -10.49999999999999822, -4.056623434382123250, -28.15148301392611785 ) ) ;
#9133 = ORIENTED_EDGE ( 'NONE', *, *, #3710, .T. ) ;
#9134 = EDGE_LOOP ( 'NONE', ( #2197, #9994, #9440, #2914 ) ) ;
#9135 = ORIENTED_EDGE ( 'NONE', *, *, #5827, .F. ) ;
#9136 = ORIENTED_EDGE ( 'NONE', *, *, #7392, .T. ) ;
#9137 = ADVANCED_FACE ( 'NONE', ( #10804 ), #10015, .T. ) ;
#9138 = EDGE_CURVE ( 'NONE', #4263, #11343, #3397, .T. ) ;
#9139 = CARTESIAN_POINT ( 'NONE',  ( -40.50924288018781994, -5.025393101198560863, -42.00000000000000711 ) ) ;
#9140 = DIRECTION ( 'NONE',  ( -0.000000000000000000, 1.000000000000000000, -0.000000000000000000 ) ) ;
#9141 = CARTESIAN_POINT ( 'NONE',  ( -38.09999999999983800, -3.199999999999999734, 43.50000000000001421 ) ) ;
#9142 = CARTESIAN_POINT ( 'NONE',  ( -39.43374222656176897, -5.986271465577338802, 42.00000000000001421 ) ) ;
#9143 = DIRECTION ( 'NONE',  ( 1.000000000000000000, 0.000000000000000000, 0.000000000000000000 ) ) ;
#9144 = DIRECTION ( 'NONE',  ( 0.000000000000000000, 0.000000000000000000, 1.000000000000000000 ) ) ;
#9145 = CARTESIAN_POINT ( 'NONE',  ( -32.12791800276522736, -8.536442424047690380, 44.45352643000613568 ) ) ;
#9146 = VERTEX_POINT ( 'NONE', #5435 ) ;
#9147 = ORIENTED_EDGE ( 'NONE', *, *, #9967, .F. ) ;
#9148 = ADVANCED_FACE ( 'NONE', ( #7080 ), #9113, .F. ) ;
#9149 = ORIENTED_EDGE ( 'NONE', *, *, #8940, .F. ) ;
#9150 = CARTESIAN_POINT ( 'NONE',  ( 24.69999999999998863, -3.499999999999999556, -43.45000000000000995 ) ) ;
#9151 = EDGE_CURVE ( 'NONE', #8064, #6460, #8944, .T. ) ;
#9152 = CARTESIAN_POINT ( 'NONE',  ( 33.24728966049114831, -11.58949702646645541, 41.98514767954905125 ) ) ;
#9153 = DIRECTION ( 'NONE',  ( -1.181088324069314777E-14, 0.000000000000000000, -1.000000000000000000 ) ) ;
#9154 = CARTESIAN_POINT ( 'NONE',  ( -36.20958757886914015, -9.897635379398055377, -48.00000000000002132 ) ) ;
#9155 = DIRECTION ( 'NONE',  ( 0.000000000000000000, 1.000000000000000000, 0.000000000000000000 ) ) ;
#9156 = LINE ( 'NONE', #8446, #8424 ) ;
#9157 = DIRECTION ( 'NONE',  ( -1.000000000000000000, -0.000000000000000000, 3.491481338843133355E-15 ) ) ;
#9158 = DIRECTION ( 'NONE',  ( 0.000000000000000000, -0.000000000000000000, 1.000000000000000000 ) ) ;
#9159 = CARTESIAN_POINT ( 'NONE',  ( 35.72743892922089515, -14.74342510580612853, -41.98285748093563541 ) ) ;
#9160 = CIRCLE ( 'NONE', #10348, 1.000000000000000888 ) ;
#9161 = ORIENTED_EDGE ( 'NONE', *, *, #6525, .T. ) ;
#9162 = EDGE_LOOP ( 'NONE', ( #7156, #7675, #6689, #10620 ) ) ;
#9164 = ORIENTED_EDGE ( 'NONE', *, *, #4792, .F. ) ;
#9163 = EDGE_CURVE ( 'NONE', #6175, #10388, #5672, .T. ) ;
#9165 = LINE ( 'NONE', #11936, #10674 ) ;
#9166 = CIRCLE ( 'NONE', #4544, 2.350000000000001421 ) ;
#9167 = ORIENTED_EDGE ( 'NONE', *, *, #7767, .F. ) ;
#9168 = CARTESIAN_POINT ( 'NONE',  ( 31.62277660168379967, 1.000000000000000000, 7.499999999999988454 ) ) ;
#9169 = CIRCLE ( 'NONE', #4365, 4.000000000000003553 ) ;
#9170 = VECTOR ( 'NONE', #9292, 1000.000000000000000 ) ;
#9171 = DIRECTION ( 'NONE',  ( 0.000000000000000000, 0.000000000000000000, 1.000000000000000000 ) ) ;
#9172 = CARTESIAN_POINT ( 'NONE',  ( -38.09999999999914166, -3.199999999999999734, 50.00000000000167688 ) ) ;
#9173 = LINE ( 'NONE', #10197, #8898 ) ;
#9174 = CARTESIAN_POINT ( 'NONE',  ( -49.99999999999999289, 1.000000000000000000, 49.99999999999999289 ) ) ;
#9175 = DIRECTION ( 'NONE',  ( -1.000000000000000000, 0.000000000000000000, 3.491481338843133355E-15 ) ) ;
#9176 = ORIENTED_EDGE ( 'NONE', *, *, #6088, .F. ) ;
#9177 = ORIENTED_EDGE ( 'NONE', *, *, #5943, .T. ) ;
#9178 = CIRCLE ( 'NONE', #321, 2.350000000000001421 ) ;
#9179 = VECTOR ( 'NONE', #7181, 1000.000000000000000 ) ;
#9180 = VERTEX_POINT ( 'NONE', #8521 ) ;
#9181 = DIRECTION ( 'NONE',  ( -1.387778780781445676E-16, -0.000000000000000000, -1.000000000000000000 ) ) ;
#9182 = CYLINDRICAL_SURFACE ( 'NONE', #4074, 4.349999999999999645 ) ;
#9183 = DIRECTION ( 'NONE',  ( 1.387778780781445676E-16, 0.000000000000000000, 1.000000000000000000 ) ) ;
#9185 = AXIS2_PLACEMENT_3D ( 'NONE', #2987, #7634, #7511 ) ;
#9184 = CIRCLE ( 'NONE', #8623, 1.550000000000002709 ) ;
#9186 = CARTESIAN_POINT ( 'NONE',  ( -10.49999999999999822, -2.847815992327985324, -25.39989526778400020 ) ) ;
#9187 = CARTESIAN_POINT ( 'NONE',  ( 47.99999999999957367, 1.000000000000000000, -41.50000000000033396 ) ) ;
#9188 = DIRECTION ( 'NONE',  ( 1.000000000000000000, 0.000000000000000000, 0.000000000000000000 ) ) ;
#9189 = CARTESIAN_POINT ( 'NONE',  ( 10.49999999999999822, -2.183807228326895000, -25.66690982988362535 ) ) ;
#9190 = VECTOR ( 'NONE', #993, 1000.000000000000000 ) ;
#9191 = EDGE_CURVE ( 'NONE', #5889, #6221, #11260, .T. ) ;
#9192 = CARTESIAN_POINT ( 'NONE',  ( 42.00000000000039790, -8.000000000000001776, 36.81938769354115237 ) ) ;
#9193 = EDGE_LOOP ( 'NONE', ( #3179, #1272, #8672, #456 ) ) ;
#9194 = ORIENTED_EDGE ( 'NONE', *, *, #9984, .T. ) ;
#9195 = ORIENTED_EDGE ( 'NONE', *, *, #7108, .F. ) ;
#9196 = VECTOR ( 'NONE', #10474, 1000.000000000000000 ) ;
#9197 = DIRECTION ( 'NONE',  ( -1.000000000000000000, 0.000000000000000000, 1.734723475976807094E-15 ) ) ;
#9198 = CARTESIAN_POINT ( 'NONE',  ( -1.734723475976807094E-15, -3.298378529229158307, 26.59999999999999787 ) ) ;
#9199 = CARTESIAN_POINT ( 'NONE',  ( 32.84999999999983089, -3.199999999999999289, 43.50000000000001421 ) ) ;
#9200 = CARTESIAN_POINT ( 'NONE',  ( 45.80000000000062244, -5.000000000000000000, -24.69999999999800622 ) ) ;
#9201 = CARTESIAN_POINT ( 'NONE',  ( -10.49999999999999822, -10.00000000000000178, 6.361999999999993882 ) ) ;
#9202 = AXIS2_PLACEMENT_3D ( 'NONE', #11402, #8933, #5987 ) ;
#9203 = EDGE_CURVE ( 'NONE', #9207, #1627, #7811, .T. ) ;
#9204 = DIRECTION ( 'NONE',  ( 0.000000000000000000, 0.000000000000000000, 1.000000000000000000 ) ) ;
#9205 = CARTESIAN_POINT ( 'NONE',  ( -30.09999999999983089, -8.000000000000003553, 47.99828402504194713 ) ) ;
#9206 = VERTEX_POINT ( 'NONE', #8396 ) ;
#9207 = VERTEX_POINT ( 'NONE', #11280 ) ;
#9208 = ORIENTED_EDGE ( 'NONE', *, *, #6201, .F. ) ;
#9209 = DIRECTION ( 'NONE',  ( -0.000000000000000000, 1.000000000000000000, -0.000000000000000000 ) ) ;
#9210 = DIRECTION ( 'NONE',  ( 0.000000000000000000, 1.000000000000000000, 0.000000000000000000 ) ) ;
#9211 = DIRECTION ( 'NONE',  ( 0.7071067811866064146, 0.000000000000000000, 0.7071067811864886199 ) ) ;
#9212 = LINE ( 'NONE', #9273, #11770 ) ;
#9213 = EDGE_CURVE ( 'NONE', #5992, #6719, #4843, .T. ) ;
#9214 = DIRECTION ( 'NONE',  ( 0.000000000000000000, 0.000000000000000000, -1.000000000000000000 ) ) ;
#9215 = DIRECTION ( 'NONE',  ( 0.000000000000000000, 0.000000000000000000, 1.000000000000000000 ) ) ;
#9216 = EDGE_CURVE ( 'NONE', #3349, #620, #11220, .T. ) ;
#9217 = FACE_OUTER_BOUND ( 'NONE', #8556, .T. ) ;
#9218 = DIRECTION ( 'NONE',  ( -1.000000000000000000, 0.000000000000000000, 0.000000000000000000 ) ) ;
#9219 = CYLINDRICAL_SURFACE ( 'NONE', #2138, 2.349999999999997868 ) ;
#9220 = ORIENTED_EDGE ( 'NONE', *, *, #811, .F. ) ;
#9221 = EDGE_LOOP ( 'NONE', ( #8880, #3228, #1681, #4906 ) ) ;
#9222 = VERTEX_POINT ( 'NONE', #118 ) ;
#9223 = CARTESIAN_POINT ( 'NONE',  ( -30.09999999999983089, -5.000000000000002665, 42.00000000000000711 ) ) ;
#9224 = ORIENTED_EDGE ( 'NONE', *, *, #536, .T. ) ;
#9225 = CARTESIAN_POINT ( 'NONE',  ( -10.49999999999999822, -13.00000000000000178, -12.40000000000000036 ) ) ;
#9226 = AXIS2_PLACEMENT_3D ( 'NONE', #511, #3357, #7039 ) ;
#9227 = EDGE_CURVE ( 'NONE', #6223, #8786, #8274, .T. ) ;
#9228 = DIRECTION ( 'NONE',  ( 0.000000000000000000, 0.000000000000000000, 1.000000000000000000 ) ) ;
#9229 = PLANE ( 'NONE',  #8948 ) ;
#9230 = ADVANCED_FACE ( 'NONE', ( #1992 ), #8331, .F. ) ;
#9231 = CYLINDRICAL_SURFACE ( 'NONE', #10628, 1.549999999999999378 ) ;
#9232 = CARTESIAN_POINT ( 'NONE',  ( 37.50000000000000711, -15.00000000000000355, 45.24999999999999289 ) ) ;
#9233 = ADVANCED_FACE ( 'NONE', ( #6652 ), #1872, .F. ) ;
#9234 = CARTESIAN_POINT ( 'NONE',  ( -40.00000000000000711, -15.00000000000000355, -47.15000000000001279 ) ) ;
#9235 = EDGE_LOOP ( 'NONE', ( #10639, #5081 ) ) ;
#9236 = ORIENTED_EDGE ( 'NONE', *, *, #4282, .T. ) ;
#9237 = VERTEX_POINT ( 'NONE', #11040 ) ;
#9238 = EDGE_CURVE ( 'NONE', #4249, #8860, #7618, .T. ) ;
#9239 = ORIENTED_EDGE ( 'NONE', *, *, #9121, .T. ) ;
#9240 = DIRECTION ( 'NONE',  ( -0.9308176100629185212, 0.000000000000000000, 0.3654840308368572099 ) ) ;
#9241 = EDGE_CURVE ( 'NONE', #4249, #4742, #7223, .T. ) ;
#9242 = CARTESIAN_POINT ( 'NONE',  ( -31.29999999999983373, 1.000000000000000000, -49.00000000000000711 ) ) ;
#9243 = CARTESIAN_POINT ( 'NONE',  ( 50.00000000000094502, -3.199999999999999289, 32.04999999999966320 ) ) ;
#9244 = CARTESIAN_POINT ( 'NONE',  ( 48.00000000000032685, -3.199999999999999289, 30.49999999999932854 ) ) ;
#9245 = AXIS2_PLACEMENT_3D ( 'NONE', #5804, #1209, #5930 ) ;
#9246 = CARTESIAN_POINT ( 'NONE',  ( 20.51918358845536972, -4.200000000000000178, -50.00000000000000711 ) ) ;
#9247 = CARTESIAN_POINT ( 'NONE',  ( -38.10000000000044906, -3.199999999999999734, -43.49999999999947420 ) ) ;
#9248 = DIRECTION ( 'NONE',  ( 0.000000000000000000, 1.000000000000000000, -0.000000000000000000 ) ) ;
#9249 = AXIS2_PLACEMENT_3D ( 'NONE', #1482, #8852, #8967 ) ;
#9250 = ORIENTED_EDGE ( 'NONE', *, *, #1178, .F. ) ;
#9251 = EDGE_LOOP ( 'NONE', ( #3864, #10251, #139, #4158, #3379 ) ) ;
#9252 = EDGE_LOOP ( 'NONE', ( #2864, #7611, #9327, #5471 ) ) ;
#9253 = ORIENTED_EDGE ( 'NONE', *, *, #7781, .F. ) ;
#9254 = EDGE_CURVE ( 'NONE', #2259, #8544, #2201, .T. ) ;
#9255 = FACE_OUTER_BOUND ( 'NONE', #339, .T. ) ;
#9256 = VECTOR ( 'NONE', #2397, 1000.000000000000000 ) ;
#9257 = CARTESIAN_POINT ( 'NONE',  ( -38.09999999999983800, -3.199999999999999734, -43.50000000000001421 ) ) ;
#9258 = DIRECTION ( 'NONE',  ( 1.000000000000000000, 0.000000000000000000, -1.047444401652940007E-14 ) ) ;
#9259 = CARTESIAN_POINT ( 'NONE',  ( 30.09999999999983089, -5.000000000000002665, 42.00000000000000711 ) ) ;
#9260 = LINE ( 'NONE', #11188, #6403 ) ;
#9261 = DIRECTION ( 'NONE',  ( -1.000000000000000000, 0.000000000000000000, 0.000000000000000000 ) ) ;
#9262 = CIRCLE ( 'NONE', #4, 2.349999999999997868 ) ;
#9263 = LINE ( 'NONE', #9509, #9190 ) ;
#9264 = CARTESIAN_POINT ( 'NONE',  ( -32.19446470137034311, -8.297082958219265336, 48.00000000000000711 ) ) ;
#9265 = ORIENTED_EDGE ( 'NONE', *, *, #7217, .T. ) ;
#9266 = ORIENTED_EDGE ( 'NONE', *, *, #3198, .T. ) ;
#9267 = ORIENTED_EDGE ( 'NONE', *, *, #3280, .T. ) ;
#9268 = DIRECTION ( 'NONE',  ( 2.952720810173291281E-15, 0.000000000000000000, 1.000000000000000000 ) ) ;
#9269 = AXIS2_PLACEMENT_3D ( 'NONE', #9000, #6408, #4657 ) ;
#9270 = DIRECTION ( 'NONE',  ( 0.000000000000000000, 0.000000000000000000, -1.000000000000000000 ) ) ;
#9271 = EDGE_CURVE ( 'NONE', #10437, #9004, #5095, .T. ) ;
#9272 = FACE_OUTER_BOUND ( 'NONE', #4434, .T. ) ;
#9273 = CARTESIAN_POINT ( 'NONE',  ( 28.94999999999948415, -3.199999999999999289, -50.00000000000069633 ) ) ;
#9274 = DIRECTION ( 'NONE',  ( 0.000000000000000000, 1.000000000000000000, 0.000000000000000000 ) ) ;
#9275 = CARTESIAN_POINT ( 'NONE',  ( 0.000000000000000000, 1.000000000000000000, 0.000000000000000000 ) ) ;
#9276 = VECTOR ( 'NONE', #8522, 1000.000000000000000 ) ;
#9277 = CARTESIAN_POINT ( 'NONE',  ( 41.99999999999960210, -6.703231445149484102, -39.77019391696088491 ) ) ;
#9278 = DIRECTION ( 'NONE',  ( 0.000000000000000000, 1.000000000000000000, -0.000000000000000000 ) ) ;
#9279 = CARTESIAN_POINT ( 'NONE',  ( -21.49897948556372995, -5.000000000000000000, -41.99999999999885603 ) ) ;
#9280 = ORIENTED_EDGE ( 'NONE', *, *, #2289, .T. ) ;
#9281 = VERTEX_POINT ( 'NONE', #9351 ) ;
#9282 = CARTESIAN_POINT ( 'NONE',  ( -30.09999999999983089, -8.000000000000001776, 47.99828402504194713 ) ) ;
#9283 = ORIENTED_EDGE ( 'NONE', *, *, #8340, .F. ) ;
#9284 = ADVANCED_FACE ( 'NONE', ( #1081 ), #9229, .F. ) ;
#9285 = EDGE_CURVE ( 'NONE', #5006, #11360, #4656, .T. ) ;
#9286 = VECTOR ( 'NONE', #9459, 1000.000000000000000 ) ;
#9287 = CARTESIAN_POINT ( 'NONE',  ( -16.59999999999983444, -5.000000000000000000, 42.00000000000000711 ) ) ;
#9288 = AXIS2_PLACEMENT_3D ( 'NONE', #7520, #4863, #6960 ) ;
#9289 = LINE ( 'NONE', #11160, #9744 ) ;
#9290 = DIRECTION ( 'NONE',  ( 0.000000000000000000, -1.000000000000000000, 0.000000000000000000 ) ) ;
#9291 = DIRECTION ( 'NONE',  ( -1.000000000000000000, 0.000000000000000000, 1.387778780781444413E-14 ) ) ;
#9292 = DIRECTION ( 'NONE',  ( -0.000000000000000000, 1.000000000000000000, -0.000000000000000000 ) ) ;
#9293 = CARTESIAN_POINT ( 'NONE',  ( 43.50000000000041211, -3.199999999999999734, 38.09999999999968168 ) ) ;
#9294 = DIRECTION ( 'NONE',  ( 0.000000000000000000, -1.000000000000000000, 0.000000000000000000 ) ) ;
#9295 = ORIENTED_EDGE ( 'NONE', *, *, #8633, .F. ) ;
#9296 = ORIENTED_EDGE ( 'NONE', *, *, #1251, .F. ) ;
#9297 = ORIENTED_EDGE ( 'NONE', *, *, #8835, .F. ) ;
#9298 = VERTEX_POINT ( 'NONE', #1018 ) ;
#9299 = EDGE_CURVE ( 'NONE', #10605, #4608, #2401, .T. ) ;
#9300 = VECTOR ( 'NONE', #7020, 1000.000000000000000 ) ;
#9301 = EDGE_CURVE ( 'NONE', #11546, #11335, #3951, .T. ) ;
#9302 = ORIENTED_EDGE ( 'NONE', *, *, #891, .T. ) ;
#9303 = FACE_OUTER_BOUND ( 'NONE', #7905, .T. ) ;
#9304 = CARTESIAN_POINT ( 'NONE',  ( -40.00000000000000711, -15.00000000000000355, -42.80000000000001137 ) ) ;
#9305 = CARTESIAN_POINT ( 'NONE',  ( 48.00000000000029132, -5.000000000000000000, 27.10000000000163922 ) ) ;
#9306 = CARTESIAN_POINT ( 'NONE',  ( -43.50000000000010658, -3.199999999999999289, -28.14999999999968239 ) ) ;
#9307 = DIRECTION ( 'NONE',  ( 0.000000000000000000, -0.000000000000000000, -1.000000000000000000 ) ) ;
#9308 = PLANE ( 'NONE',  #5622 ) ;
#9309 = CARTESIAN_POINT ( 'NONE',  ( 47.99999999999958078, -3.199999999999999734, -40.45000000000032969 ) ) ;
#9310 = EDGE_CURVE ( 'NONE', #690, #6003, #4837, .T. ) ;
#9311 = ORIENTED_EDGE ( 'NONE', *, *, #7408, .F. ) ;
#9312 = EDGE_LOOP ( 'NONE', ( #10187, #3137, #9031, #5561 ) ) ;
#9313 = ORIENTED_EDGE ( 'NONE', *, *, #2523, .T. ) ;
#9314 = ADVANCED_FACE ( 'NONE', ( #5927 ), #9596, .T. ) ;
#9315 = B_SPLINE_CURVE_WITH_KNOTS ( 'NONE', 3,
 ( #8741, #5230, #4155, #11501, #6878, #6029, #2280, #8798, #9810, #11384, #581, #1538 ),
 .UNSPECIFIED., .F., .F.,
 ( 4, 2, 2, 2, 2, 4 ),
 ( 0.05057760511078367854, 0.2879332021240175732, 0.5252888014160117525, 0.7626444007080057652, 0.8813222003540028826, 0.9147046513308715321 ),
 .UNSPECIFIED. ) ;
#9316 = AXIS2_PLACEMENT_3D ( 'NONE', #9640, #10545, #11446 ) ;
#9317 = CARTESIAN_POINT ( 'NONE',  ( -10.50000000000000178, -13.00000000000000178, 9.461999999999994415 ) ) ;
#9318 = VECTOR ( 'NONE', #5816, 1000.000000000000000 ) ;
#9319 = AXIS2_PLACEMENT_3D ( 'NONE', #157, #4632, #8309 ) ;
#9320 = FACE_OUTER_BOUND ( 'NONE', #3819, .T. ) ;
#9321 = FACE_OUTER_BOUND ( 'NONE', #10700, .T. ) ;
#9322 = CARTESIAN_POINT ( 'NONE',  ( -10.49999999999999822, -10.00000000000000178, 7.461999999999994415 ) ) ;
#9323 = CARTESIAN_POINT ( 'NONE',  ( -10.49999999999999822, -1.000000000000000000, -26.01741685192440912 ) ) ;
#9324 = LINE ( 'NONE', #1055, #2272 ) ;
#9325 = DIRECTION ( 'NONE',  ( 0.000000000000000000, -1.000000000000000000, 0.000000000000000000 ) ) ;
#9326 = DIRECTION ( 'NONE',  ( 0.000000000000000000, 1.000000000000000000, 0.000000000000000000 ) ) ;
#9327 = ORIENTED_EDGE ( 'NONE', *, *, #679, .T. ) ;
#9328 = ORIENTED_EDGE ( 'NONE', *, *, #10100, .F. ) ;
#9329 = VECTOR ( 'NONE', #1633, 1000.000000000000000 ) ;
#9330 = EDGE_LOOP ( 'NONE', ( #1584, #5339 ) ) ;
#9331 = DIRECTION ( 'NONE',  ( 0.000000000000000000, 1.000000000000000000, 0.000000000000000000 ) ) ;
#9332 = DIRECTION ( 'NONE',  ( 0.000000000000000000, -1.000000000000000000, 0.000000000000000000 ) ) ;
#9333 = DIRECTION ( 'NONE',  ( 0.000000000000000000, 1.000000000000000000, 0.000000000000000000 ) ) ;
#9334 = CARTESIAN_POINT ( 'NONE',  ( 48.99999999999999289, 1.000000000000000000, -49.00000000000000711 ) ) ;
#9335 = LINE ( 'NONE', #3251, #6601 ) ;
#9336 = FACE_OUTER_BOUND ( 'NONE', #2042, .T. ) ;
#9337 = DIRECTION ( 'NONE',  ( 1.000000000000000000, 0.000000000000000000, 0.000000000000000000 ) ) ;
#9338 = LINE ( 'NONE', #2163, #6102 ) ;
#9339 = DIRECTION ( 'NONE',  ( 0.000000000000000000, 1.000000000000000000, 0.000000000000000000 ) ) ;
#9340 = CARTESIAN_POINT ( 'NONE',  ( 24.70000000000261764, -3.499999999999999556, 45.79999999999864713 ) ) ;
#9341 = VERTEX_POINT ( 'NONE', #6894 ) ;
#9342 = VERTEX_POINT ( 'NONE', #1323 ) ;
#9343 = ORIENTED_EDGE ( 'NONE', *, *, #2658, .T. ) ;
#9344 = ADVANCED_FACE ( 'NONE', ( #10382 ), #10503, .F. ) ;
#9345 = DIRECTION ( 'NONE',  ( -4.476705744456268255E-15, 0.000000000000000000, -1.000000000000000000 ) ) ;
#9346 = ORIENTED_EDGE ( 'NONE', *, *, #4093, .F. ) ;
#9347 = EDGE_CURVE ( 'NONE', #9676, #1953, #127, .T. ) ;
#9348 = PLANE ( 'NONE',  #4490 ) ;
#9349 = VECTOR ( 'NONE', #664, 1000.000000000000000 ) ;
#9350 = CARTESIAN_POINT ( 'NONE',  ( 50.00000000000097344, -3.199999999999999734, -39.64999999999966462 ) ) ;
#9351 = CARTESIAN_POINT ( 'NONE',  ( 42.00000000000022027, -4.200000000000000178, 20.51918358845472667 ) ) ;
#9352 = ADVANCED_FACE ( 'NONE', ( #4169 ), #5984, .T. ) ;
#9353 = LINE ( 'NONE', #1083, #411 ) ;
#9354 = CARTESIAN_POINT ( 'NONE',  ( 30.49999999999983302, -3.199999999999999289, 43.50000000000001421 ) ) ;
#9355 = CARTESIAN_POINT ( 'NONE',  ( -10.49999999999999822, -13.00000000000000178, 7.461999999999994415 ) ) ;
#9356 = AXIS2_PLACEMENT_3D ( 'NONE', #480, #3265, #5926 ) ;
#9357 = LINE ( 'NONE', #4841, #4790 ) ;
#9358 = ORIENTED_EDGE ( 'NONE', *, *, #6787, .F. ) ;
#9359 = EDGE_CURVE ( 'NONE', #11796, #2287, #8757, .T. ) ;
#9360 = EDGE_LOOP ( 'NONE', ( #4262, #6599 ) ) ;
#9361 = DIRECTION ( 'NONE',  ( 1.000000000000000000, 0.000000000000000000, 0.000000000000000000 ) ) ;
#9362 = ORIENTED_EDGE ( 'NONE', *, *, #4817, .F. ) ;
#9363 = ORIENTED_EDGE ( 'NONE', *, *, #1790, .F. ) ;
#9364 = AXIS2_PLACEMENT_3D ( 'NONE', #1746, #9051, #9228 ) ;
#9365 = AXIS2_PLACEMENT_3D ( 'NONE', #2592, #11752, #7306 ) ;
#9366 = ORIENTED_EDGE ( 'NONE', *, *, #2458, .T. ) ;
#9367 = CARTESIAN_POINT ( 'NONE',  ( 41.49999999999983658, -1.000000000000000000, -48.00000000000000711 ) ) ;
#9368 = DIRECTION ( 'NONE',  ( -1.181088324069316513E-14, 0.000000000000000000, -1.000000000000000000 ) ) ;
#9369 = FACE_OUTER_BOUND ( 'NONE', #7851, .T. ) ;
#9370 = EDGE_CURVE ( 'NONE', #2788, #5295, #2440, .T. ) ;
#9371 = LINE ( 'NONE', #6667, #11573 ) ;
#9372 = CARTESIAN_POINT ( 'NONE',  ( 31.70215005710009493, -8.521639786129791005, -42.00000000000000711 ) ) ;
#9373 = CARTESIAN_POINT ( 'NONE',  ( 42.00000000000040501, -3.199999999999999734, 38.09999999999968878 ) ) ;
#9374 = PLANE ( 'NONE',  #5013 ) ;
#9375 = CIRCLE ( 'NONE', #11482, 1.000000000000000888 ) ;
#9376 = VECTOR ( 'NONE', #10445, 1000.000000000000000 ) ;
#9377 = ADVANCED_FACE ( 'NONE', ( #3080 ), #7802, .F. ) ;
#9378 = ORIENTED_EDGE ( 'NONE', *, *, #2288, .T. ) ;
#9379 = ORIENTED_EDGE ( 'NONE', *, *, #9633, .F. ) ;
#9380 = EDGE_LOOP ( 'NONE', ( #2563, #3883, #4591, #5384 ) ) ;
#9381 = DIRECTION ( 'NONE',  ( 6.982962677686266711E-15, 0.000000000000000000, 1.000000000000000000 ) ) ;
#9382 = VECTOR ( 'NONE', #9039, 1000.000000000000000 ) ;
#9383 = AXIS2_PLACEMENT_3D ( 'NONE', #2845, #7319, #3691 ) ;
#9384 = DIRECTION ( 'NONE',  ( -1.000000000000000000, 0.000000000000000000, 0.000000000000000000 ) ) ;
#9385 = DIRECTION ( 'NONE',  ( 1.000000000000000000, 0.000000000000000000, -0.000000000000000000 ) ) ;
#9386 = B_SPLINE_CURVE_WITH_KNOTS ( 'NONE', 3,
 ( #984, #6312, #9139, #11787 ),
 .UNSPECIFIED., .F., .F.,
 ( 4, 4 ),
 ( -0.004225407586151632040, -0.002711436051287193037 ),
 .UNSPECIFIED. ) ;
#9387 = CIRCLE ( 'NONE', #7089, 1.550000000000002709 ) ;
#9388 = ADVANCED_FACE ( 'NONE', ( #2352 ), #8694, .T. ) ;
#9389 = CARTESIAN_POINT ( 'NONE',  ( 43.50000000000038369, -3.199999999999999734, 35.74999999999938893 ) ) ;
#9390 = CARTESIAN_POINT ( 'NONE',  ( -50.00000000000000711, 3.236067977499853310, -41.49999999999933209 ) ) ;
#9391 = DIRECTION ( 'NONE',  ( 1.000000000000000000, 0.000000000000000000, 0.000000000000000000 ) ) ;
#9392 = EDGE_CURVE ( 'NONE', #11684, #6401, #6838, .T. ) ;
#9393 = CARTESIAN_POINT ( 'NONE',  ( -41.99999999999990763, -3.199999999999999289, 30.49999999999998224 ) ) ;
#9394 = APPLICATION_PROTOCOL_DEFINITION ( 'draft international standard', 'automotive_design', 1998, #8504 ) ;
#9395 = EDGE_LOOP ( 'NONE', ( #6078, #3390, #4109, #6900 ) ) ;
#9396 = ORIENTED_EDGE ( 'NONE', *, *, #6370, .T. ) ;
#9397 = AXIS2_PLACEMENT_3D ( 'NONE', #2634, #6261, #7290 ) ;
#9398 = ORIENTED_EDGE ( 'NONE', *, *, #11080, .F. ) ;
#9399 = DIRECTION ( 'NONE',  ( 2.952720810173286943E-15, 0.000000000000000000, 1.000000000000000000 ) ) ;
#9400 = FACE_OUTER_BOUND ( 'NONE', #8961, .T. ) ;
#9401 = CARTESIAN_POINT ( 'NONE',  ( -10.50000000000000178, 1.092969243433481674, 25.40838975852834025 ) ) ;
#9402 = CARTESIAN_POINT ( 'NONE',  ( -48.00000000000010658, -5.000000000000000000, -27.10000000000048459 ) ) ;
#9403 = VECTOR ( 'NONE', #2146, 1000.000000000000000 ) ;
#9404 = EDGE_CURVE ( 'NONE', #623, #9602, #11338, .T. ) ;
#9405 = DIRECTION ( 'NONE',  ( -1.000000000000000000, 0.000000000000000000, 8.673617379884035472E-16 ) ) ;
#9406 = AXIS2_PLACEMENT_3D ( 'NONE', #1500, #7129, #9887 ) ;
#9407 = CARTESIAN_POINT ( 'NONE',  ( -24.69999999999752660, -8.000000000000001776, 44.25000000000088107 ) ) ;
#9408 = DIRECTION ( 'NONE',  ( 1.000000000000000000, 0.000000000000000000, 0.000000000000000000 ) ) ;
#9409 = CARTESIAN_POINT ( 'NONE',  ( -29.70429991172355599, -7.973870562907220183, -42.99197319786745908 ) ) ;
#9410 = CARTESIAN_POINT ( 'NONE',  ( 10.49999999999999822, -1.000000000000000000, -29.09391434178491309 ) ) ;
#9411 = VERTEX_POINT ( 'NONE', #419 ) ;
#9412 = VERTEX_POINT ( 'NONE', #3323 ) ;
#9413 = CARTESIAN_POINT ( 'NONE',  ( -30.09999999999983089, -5.000000000000002665, 48.00000000000000711 ) ) ;
#9414 = EDGE_LOOP ( 'NONE', ( #278, #3403 ) ) ;
#9415 = CIRCLE ( 'NONE', #1691, 2.350000000000001421 ) ;
#9416 = EDGE_CURVE ( 'NONE', #10232, #5108, #3266, .T. ) ;
#9417 = PLANE ( 'NONE',  #4684 ) ;
#9418 = CARTESIAN_POINT ( 'NONE',  ( 43.49999999999970868, -3.199999999999999289, -28.94999999999967955 ) ) ;
#9419 = DIRECTION ( 'NONE',  ( 0.000000000000000000, 0.000000000000000000, 1.000000000000000000 ) ) ;
#9420 = LINE ( 'NONE', #1207, #9276 ) ;
#9421 = CARTESIAN_POINT ( 'NONE',  ( -24.69999999999816609, -8.000000000000001776, -45.80000000000054428 ) ) ;
#9422 = DIRECTION ( 'NONE',  ( -0.000000000000000000, 1.000000000000000000, -0.000000000000000000 ) ) ;
#9423 = LINE ( 'NONE', #10387, #10166 ) ;
#9424 = EDGE_LOOP ( 'NONE', ( #4087, #7134, #7810, #11599, #6250, #6366 ) ) ;
#9425 = VERTEX_POINT ( 'NONE', #4227 ) ;
#9426 = DIRECTION ( 'NONE',  ( -0.000000000000000000, -0.000000000000000000, 1.000000000000000000 ) ) ;
#9427 = ORIENTED_EDGE ( 'NONE', *, *, #7447, .T. ) ;
#9428 = ORIENTED_EDGE ( 'NONE', *, *, #6800, .T. ) ;
#9429 = DIRECTION ( 'NONE',  ( 0.000000000000000000, 0.000000000000000000, 1.000000000000000000 ) ) ;
#9430 = EDGE_CURVE ( 'NONE', #8420, #719, #10728, .T. ) ;
#9431 = FACE_OUTER_BOUND ( 'NONE', #6539, .T. ) ;
#9432 = B_SPLINE_CURVE_WITH_KNOTS ( 'NONE', 3,
 ( #423, #7862, #6898, #2479, #11639, #2239, #6841, #10506 ),
 .UNSPECIFIED., .F., .F.,
 ( 4, 2, 2, 4 ),
 ( 1.734723475976807094E-18, 0.0008194903139296854993, 0.001229235470894526677, 0.001638980627859368180 ),
 .UNSPECIFIED. ) ;
#9433 = DIRECTION ( 'NONE',  ( 1.000000000000000000, 0.000000000000000000, 0.000000000000000000 ) ) ;
#9434 = LINE ( 'NONE', #317, #6195 ) ;
#9435 = PLANE ( 'NONE',  #7086 ) ;
#9436 = CARTESIAN_POINT ( 'NONE',  ( -40.00000000000000711, -15.00000000000000355, -38.45000000000000995 ) ) ;
#9437 = PLANE ( 'NONE',  #191 ) ;
#9438 = ORIENTED_EDGE ( 'NONE', *, *, #271, .F. ) ;
#9439 = ORIENTED_EDGE ( 'NONE', *, *, #6491, .F. ) ;
#9440 = ORIENTED_EDGE ( 'NONE', *, *, #6570, .F. ) ;
#9441 = EDGE_CURVE ( 'NONE', #424, #6462, #11301, .T. ) ;
#9442 = AXIS2_PLACEMENT_3D ( 'NONE', #308, #10450, #9546 ) ;
#9443 = CARTESIAN_POINT ( 'NONE',  ( 45.80000000000062244, -3.499999999999999556, 24.69999999999800622 ) ) ;
#9444 = ADVANCED_FACE ( 'NONE', ( #2176 ), #6040, .T. ) ;
#9445 = LINE ( 'NONE', #2141, #11184 ) ;
#9446 = CARTESIAN_POINT ( 'NONE',  ( 31.92711530841357259, -8.000000000000005329, 48.00000000000000711 ) ) ;
#9447 = DIRECTION ( 'NONE',  ( 0.000000000000000000, 0.000000000000000000, -1.000000000000000000 ) ) ;
#9448 = CARTESIAN_POINT ( 'NONE',  ( 39.64999999999949409, -3.199999999999999734, -50.00000000000078160 ) ) ;
#9449 = DIRECTION ( 'NONE',  ( 0.000000000000000000, -1.000000000000000000, 0.000000000000000000 ) ) ;
#9450 = VERTEX_POINT ( 'NONE', #5129 ) ;
#9451 = VERTEX_POINT ( 'NONE', #8813 ) ;
#9452 = VERTEX_POINT ( 'NONE', #541 ) ;
#9453 = ORIENTED_EDGE ( 'NONE', *, *, #4425, .F. ) ;
#9454 = FACE_OUTER_BOUND ( 'NONE', #9847, .T. ) ;
#9455 = EDGE_CURVE ( 'NONE', #11596, #11638, #8580, .T. ) ;
#9456 = FACE_OUTER_BOUND ( 'NONE', #1011, .T. ) ;
#9457 = CARTESIAN_POINT ( 'NONE',  ( -10.49999999999999822, -12.96642427669861775, -13.25223834205409901 ) ) ;
#9458 = CARTESIAN_POINT ( 'NONE',  ( -47.99999999999990052, -3.199999999999999289, 30.50000000000000000 ) ) ;
#9459 = DIRECTION ( 'NONE',  ( 1.000000000000000000, 0.000000000000000000, -1.047444401652939849E-14 ) ) ;
#9460 = LINE ( 'NONE', #9407, #6833 ) ;
#9461 = DIRECTION ( 'NONE',  ( -0.000000000000000000, 1.000000000000000000, -0.000000000000000000 ) ) ;
#9462 = CARTESIAN_POINT ( 'NONE',  ( 42.00000000000031974, -5.000000000000002665, 30.09999999999939035 ) ) ;
#9463 = AXIS2_PLACEMENT_3D ( 'NONE', #8443, #1632, #3570 ) ;
#9464 = PLANE ( 'NONE',  #4192 ) ;
#9465 = ORIENTED_EDGE ( 'NONE', *, *, #8137, .F. ) ;
#9466 = ORIENTED_EDGE ( 'NONE', *, *, #143, .F. ) ;
#9467 = VECTOR ( 'NONE', #11718, 1000.000000000000000 ) ;
#9468 = FACE_OUTER_BOUND ( 'NONE', #380, .T. ) ;
#9469 = ORIENTED_EDGE ( 'NONE', *, *, #4306, .T. ) ;
#9470 = ADVANCED_FACE ( 'NONE', ( #10790 ), #7006, .F. ) ;
#9471 = AXIS2_PLACEMENT_3D ( 'NONE', #8473, #2983, #5628 ) ;
#9472 = CARTESIAN_POINT ( 'NONE',  ( 47.99999999999956657, -8.781386315279517518, -42.56881959030718576 ) ) ;
#9473 = VECTOR ( 'NONE', #2177, 1000.000000000000000 ) ;
#9474 = AXIS2_PLACEMENT_3D ( 'NONE', #9247, #2859, #4615 ) ;
#9475 = DIRECTION ( 'NONE',  ( -1.000000000000000000, -0.000000000000000000, -3.491481338843133750E-15 ) ) ;
#9476 = DIRECTION ( 'NONE',  ( -0.000000000000000000, 1.000000000000000000, -0.000000000000000000 ) ) ;
#9477 = CARTESIAN_POINT ( 'NONE',  ( 21.65063509461108993, -1.000000000000000000, -14.09999999999980425 ) ) ;
#9478 = CARTESIAN_POINT ( 'NONE',  ( 30.49999999999983302, -3.199999999999999289, 43.50000000000001421 ) ) ;
#9479 = PLANE ( 'NONE',  #11748 ) ;
#9480 = CARTESIAN_POINT ( 'NONE',  ( -24.69999999999752660, -8.000000000000001776, 45.80000000000087823 ) ) ;
#9481 = EDGE_CURVE ( 'NONE', #234, #10131, #4562, .T. ) ;
#9482 = ORIENTED_EDGE ( 'NONE', *, *, #8856, .T. ) ;
#9483 = EDGE_LOOP ( 'NONE', ( #6617, #10726, #8421, #1613, #2759, #10344, #8492, #4923, #7654, #11418, #11698 ) ) ;
#9484 = DIRECTION ( 'NONE',  ( -1.000000000000000000, -0.000000000000000000, 3.491481338843133355E-15 ) ) ;
#9485 = ORIENTED_EDGE ( 'NONE', *, *, #5928, .F. ) ;
#9486 = EDGE_LOOP ( 'NONE', ( #4205, #2151, #1666, #1242, #6189, #3531, #8152 ) ) ;
#9487 = VECTOR ( 'NONE', #8489, 1000.000000000000000 ) ;
#9488 = CARTESIAN_POINT ( 'NONE',  ( -49.99999999999819522, -5.000000000000000000, -27.10000000000048104 ) ) ;
#9489 = LINE ( 'NONE', #4850, #2726 ) ;
#9490 = LINE ( 'NONE', #2070, #847 ) ;
#9491 = DIRECTION ( 'NONE',  ( -1.000000000000000000, 0.000000000000000000, 0.000000000000000000 ) ) ;
#9493 = AXIS2_PLACEMENT_3D ( 'NONE', #5691, #1280, #4064 ) ;
#9492 = DIRECTION ( 'NONE',  ( 0.000000000000000000, 1.000000000000000000, 0.000000000000000000 ) ) ;
#9494 = DIRECTION ( 'NONE',  ( -0.000000000000000000, -0.000000000000000000, 1.000000000000000000 ) ) ;
#9495 = DIRECTION ( 'NONE',  ( 0.000000000000000000, 1.000000000000000000, 0.000000000000000000 ) ) ;
#9496 = CIRCLE ( 'NONE', #11028, 1.550000000000002709 ) ;
#9497 = ORIENTED_EDGE ( 'NONE', *, *, #1540, .T. ) ;
#9498 = VERTEX_POINT ( 'NONE', #10905 ) ;
#9499 = ORIENTED_EDGE ( 'NONE', *, *, #2979, .T. ) ;
#9500 = EDGE_CURVE ( 'NONE', #2831, #926, #6158, .T. ) ;
#9501 = ORIENTED_EDGE ( 'NONE', *, *, #90, .T. ) ;
#9502 = CARTESIAN_POINT ( 'NONE',  ( -42.00000000000013500, -8.431205029107321280, -34.27456736024251427 ) ) ;
#9503 = CARTESIAN_POINT ( 'NONE',  ( 41.99999999999961631, -3.199999999999999734, -38.09999999999968878 ) ) ;
#9504 = CARTESIAN_POINT ( 'NONE',  ( 43.59856540507682610, -8.000000000000001776, 48.00000000000000711 ) ) ;
#9505 = DIRECTION ( 'NONE',  ( 0.000000000000000000, 0.000000000000000000, -1.000000000000000000 ) ) ;
#9506 = EDGE_CURVE ( 'NONE', #9342, #9748, #8995, .T. ) ;
#9507 = EDGE_CURVE ( 'NONE', #11893, #8543, #11690, .T. ) ;
#9508 = CARTESIAN_POINT ( 'NONE',  ( 49.58578643762691485, 0.9999999999999997780, 41.50000000000000000 ) ) ;
#9509 = CARTESIAN_POINT ( 'NONE',  ( -21.49897948556618843, -5.000000000000000000, 50.00000000000000711 ) ) ;
#9510 = ORIENTED_EDGE ( 'NONE', *, *, #5300, .F. ) ;
#9511 = ORIENTED_EDGE ( 'NONE', *, *, #10995, .T. ) ;
#9512 = ORIENTED_EDGE ( 'NONE', *, *, #1277, .T. ) ;
#9513 = EDGE_CURVE ( 'NONE', #3627, #2744, #1498, .T. ) ;
#9514 = VERTEX_POINT ( 'NONE', #1675 ) ;
#9515 = VECTOR ( 'NONE', #5851, 1000.000000000000000 ) ;
#9516 = AXIS2_PLACEMENT_3D ( 'NONE', #1394, #11472, #2251 ) ;
#9517 = DIRECTION ( 'NONE',  ( 0.000000000000000000, 0.000000000000000000, -1.000000000000000000 ) ) ;
#9518 = CARTESIAN_POINT ( 'NONE',  ( -10.49999999999999822, -11.38157628938363608, -21.42457675550709695 ) ) ;
#9519 = CIRCLE ( 'NONE', #2776, 1.550000000000002709 ) ;
#9520 = CARTESIAN_POINT ( 'NONE',  ( -36.13766816143491667, -14.80000000000000071, -44.80122281838041687 ) ) ;
#9521 = CARTESIAN_POINT ( 'NONE',  ( 0.2816968069717546985, -5.092004311977918363, 21.40820577408693737 ) ) ;
#9522 = AXIS2_PLACEMENT_3D ( 'NONE', #9759, #1485, #702 ) ;
#9523 = CARTESIAN_POINT ( 'NONE',  ( -27.09999999999983089, -0.2000000000000000944, 49.99999999999999289 ) ) ;
#9524 = AXIS2_PLACEMENT_3D ( 'NONE', #1144, #3026, #7557 ) ;
#9525 = EDGE_CURVE ( 'NONE', #3832, #2314, #1854, .T. ) ;
#9526 = LINE ( 'NONE', #10246, #7648 ) ;
#9527 = DIRECTION ( 'NONE',  ( 1.047444401652940007E-14, 0.000000000000000000, 1.000000000000000000 ) ) ;
#9528 = CARTESIAN_POINT ( 'NONE',  ( 49.99999999999968026, -0.1999999999999999833, -31.30000000000035598 ) ) ;
#9529 = ORIENTED_EDGE ( 'NONE', *, *, #6229, .F. ) ;
#9530 = ORIENTED_EDGE ( 'NONE', *, *, #5493, .F. ) ;
#9531 = ADVANCED_FACE ( 'NONE', ( #3557 ), #8868, .T. ) ;
#9532 = DIRECTION ( 'NONE',  ( -1.000000000000000000, 0.000000000000000000, 0.000000000000000000 ) ) ;
#9533 = ORIENTED_EDGE ( 'NONE', *, *, #3250, .F. ) ;
#9534 = AXIS2_PLACEMENT_3D ( 'NONE', #101, #6756, #5909 ) ;
#9535 = CARTESIAN_POINT ( 'NONE',  ( 28.95000000000012363, -3.199999999999999289, 42.00000000000000711 ) ) ;
#9536 = DIRECTION ( 'NONE',  ( 1.000000000000000000, -0.000000000000000000, -1.047444401652940007E-14 ) ) ;
#9537 = CARTESIAN_POINT ( 'NONE',  ( -45.80000000000062244, -8.000000000000001776, 23.14999999999800551 ) ) ;
#9538 = ADVANCED_FACE ( 'NONE', ( #5419 ), #3499, .F. ) ;
#9539 = CARTESIAN_POINT ( 'NONE',  ( 48.00000000000031974, -5.000000000000002665, 30.09999999999932996 ) ) ;
#9540 = FACE_OUTER_BOUND ( 'NONE', #4472, .T. ) ;
#9541 = FACE_OUTER_BOUND ( 'NONE', #9722, .T. ) ;
#9542 = DIRECTION ( 'NONE',  ( -0.000000000000000000, 1.000000000000000000, -0.000000000000000000 ) ) ;
#9543 = ORIENTED_EDGE ( 'NONE', *, *, #10770, .F. ) ;
#9544 = ORIENTED_EDGE ( 'NONE', *, *, #2712, .F. ) ;
#9545 = EDGE_CURVE ( 'NONE', #9586, #9045, #6892, .T. ) ;
#9546 = DIRECTION ( 'NONE',  ( -1.000000000000000000, 0.000000000000000000, 0.000000000000000000 ) ) ;
#9547 = CARTESIAN_POINT ( 'NONE',  ( 36.95027030714910410, -5.000000000000000888, 42.00000000000000000 ) ) ;
#9548 = EDGE_CURVE ( 'NONE', #6783, #2615, #8927, .T. ) ;
#9549 = ORIENTED_EDGE ( 'NONE', *, *, #5609, .T. ) ;
#9550 = CARTESIAN_POINT ( 'NONE',  ( 0.000000000000000000, -1.000000000000000000, 0.000000000000000000 ) ) ;
#9551 = DIRECTION ( 'NONE',  ( -1.000000000000000000, 0.000000000000000000, 0.000000000000000000 ) ) ;
#9552 = DIRECTION ( 'NONE',  ( 1.000000000000000000, 0.000000000000000000, 0.000000000000000000 ) ) ;
#9553 = LINE ( 'NONE', #5030, #10060 ) ;
#9554 = CARTESIAN_POINT ( 'NONE',  ( 0.2787222688687407968, -7.323759195389539123, 23.41867991701787943 ) ) ;
#9555 = CARTESIAN_POINT ( 'NONE',  ( -10.50000000000000178, -6.691851700650325974, 24.17792075378426020 ) ) ;
#9556 = CARTESIAN_POINT ( 'NONE',  ( -40.00000000000000000, -1.000000000000000000, 7.500000000000000000 ) ) ;
#9557 = ORIENTED_EDGE ( 'NONE', *, *, #1423, .T. ) ;
#9558 = AXIS2_PLACEMENT_3D ( 'NONE', #8596, #6612, #318 ) ;
#9559 = EDGE_LOOP ( 'NONE', ( #854, #8252 ) ) ;
#9560 = ORIENTED_EDGE ( 'NONE', *, *, #4021, .T. ) ;
#9561 = CARTESIAN_POINT ( 'NONE',  ( -42.00000000000014921, -12.57075502824725888, -38.53450068038213061 ) ) ;
#9562 = CARTESIAN_POINT ( 'NONE',  ( -43.49999999999990052, -3.199999999999999289, 32.84999999999998010 ) ) ;
#9563 = VECTOR ( 'NONE', #10075, 1000.000000000000000 ) ;
#9564 = AXIS2_PLACEMENT_3D ( 'NONE', #11693, #6160, #10065 ) ;
#9565 = CARTESIAN_POINT ( 'NONE',  ( 34.94296294781638323, -8.781699209286816910, 48.00000000000000711 ) ) ;
#9566 = DIRECTION ( 'NONE',  ( 1.000000000000000000, -0.000000000000000000, 3.491481338843133355E-15 ) ) ;
#9567 = DIRECTION ( 'NONE',  ( -4.476705744456268255E-15, 0.000000000000000000, 1.000000000000000000 ) ) ;
#9568 = DIRECTION ( 'NONE',  ( 1.000000000000000000, -0.000000000000000000, -0.000000000000000000 ) ) ;
#9569 = DIRECTION ( 'NONE',  ( -1.000000000000000000, 0.000000000000000000, 0.000000000000000000 ) ) ;
#9570 = ORIENTED_EDGE ( 'NONE', *, *, #1359, .T. ) ;
#9571 = ORIENTED_EDGE ( 'NONE', *, *, #4063, .F. ) ;
#9572 = VERTEX_POINT ( 'NONE', #835 ) ;
#9573 = EDGE_LOOP ( 'NONE', ( #10300, #4542, #3329, #663 ) ) ;
#9574 = VERTEX_POINT ( 'NONE', #8028 ) ;
#9575 = VECTOR ( 'NONE', #5660, 1000.000000000000000 ) ;
#9576 = CARTESIAN_POINT ( 'NONE',  ( 37.50000000000000711, -15.00000000000000355, 40.54999999999999716 ) ) ;
#9577 = CARTESIAN_POINT ( 'NONE',  ( 41.49999999999983658, -5.234697887286978712, -42.00000000000000711 ) ) ;
#9578 = CYLINDRICAL_SURFACE ( 'NONE', #9534, 1.550000000000002709 ) ;
#9579 = ADVANCED_FACE ( 'NONE', ( #7242 ), #4523, .F. ) ;
#9580 = CARTESIAN_POINT ( 'NONE',  ( 0.9753602446886919797, -4.968749229167277015, 21.53183139942231961 ) ) ;
#9581 = CARTESIAN_POINT ( 'NONE',  ( 6.400000000000000355, -10.00000000000000178, 0.000000000000000000 ) ) ;
#9582 = AXIS2_PLACEMENT_3D ( 'NONE', #7606, #10122, #4706 ) ;
#9583 = CARTESIAN_POINT ( 'NONE',  ( 47.99999999999968026, 1.000000000000000000, -31.30000000000033467 ) ) ;
#9584 = CARTESIAN_POINT ( 'NONE',  ( -41.50000000000000711, 1.000000000000000000, -49.00000000000000711 ) ) ;
#9585 = CARTESIAN_POINT ( 'NONE',  ( -50.00000000000000711, 1.000000000000000000, -50.00000000000000711 ) ) ;
#9586 = VERTEX_POINT ( 'NONE', #7062 ) ;
#9587 = VERTEX_POINT ( 'NONE', #8197 ) ;
#9588 = VECTOR ( 'NONE', #8972, 1000.000000000000000 ) ;
#9589 = DIRECTION ( 'NONE',  ( -1.000000000000000000, -0.000000000000000000, -3.491481338843133750E-15 ) ) ;
#9590 = VERTEX_POINT ( 'NONE', #6215 ) ;
#9591 = EDGE_CURVE ( 'NONE', #3050, #8063, #11867, .T. ) ;
#9592 = EDGE_CURVE ( 'NONE', #950, #6811, #1619, .T. ) ;
#9593 = DIRECTION ( 'NONE',  ( -1.000000000000000000, 0.000000000000000000, 3.491481338843133355E-15 ) ) ;
#9594 = ADVANCED_FACE ( 'NONE', ( #10679 ), #5185, .T. ) ;
#9595 = CARTESIAN_POINT ( 'NONE',  ( -27.09999999999983089, -5.000000000000000000, 50.00000000000000711 ) ) ;
#9596 = CYLINDRICAL_SURFACE ( 'NONE', #4371, 1.000000000000000888 ) ;
#9597 = DIRECTION ( 'NONE',  ( -1.000000000000000000, -0.000000000000000000, -0.000000000000000000 ) ) ;
#9598 = CARTESIAN_POINT ( 'NONE',  ( 10.50000000000000178, -10.00000073662942945, 11.13464828885041058 ) ) ;
#9599 = CARTESIAN_POINT ( 'NONE',  ( -35.71188266628086438, -9.377949055547148305, 47.99999999999999289 ) ) ;
#9600 = AXIS2_PLACEMENT_3D ( 'NONE', #3727, #3785, #2595 ) ;
#9601 = ORIENTED_EDGE ( 'NONE', *, *, #7981, .F. ) ;
#9602 = VERTEX_POINT ( 'NONE', #9940 ) ;
#9603 = CARTESIAN_POINT ( 'NONE',  ( -10.49999999999999822, -13.00000000000000178, 6.361999999999993882 ) ) ;
#9604 = LINE ( 'NONE', #1330, #9923 ) ;
#9605 = ORIENTED_EDGE ( 'NONE', *, *, #2436, .F. ) ;
#9606 = ADVANCED_FACE ( 'NONE', ( #6456 ), #5519, .T. ) ;
#9607 = CARTESIAN_POINT ( 'NONE',  ( -50.00000000000000711, -1.000000000000000000, -50.00000000000000711 ) ) ;
#9608 = EDGE_CURVE ( 'NONE', #7250, #2078, #7076, .T. ) ;
#9609 = FACE_OUTER_BOUND ( 'NONE', #10881, .T. ) ;
#9610 = DIRECTION ( 'NONE',  ( 0.000000000000000000, 0.000000000000000000, -1.000000000000000000 ) ) ;
#9611 = DIRECTION ( 'NONE',  ( 0.000000000000000000, 0.000000000000000000, 1.000000000000000000 ) ) ;
#9612 = DIRECTION ( 'NONE',  ( -1.396592535537253342E-14, -0.000000000000000000, -1.000000000000000000 ) ) ;
#9613 = FACE_OUTER_BOUND ( 'NONE', #10895, .T. ) ;
#9614 = CARTESIAN_POINT ( 'NONE',  ( 29.72614385180519747, -7.976614113461312883, -42.00000000000000711 ) ) ;
#9615 = EDGE_LOOP ( 'NONE', ( #7832, #7624, #6238, #5961 ) ) ;
#9616 = AXIS2_PLACEMENT_3D ( 'NONE', #5357, #9933, #11742 ) ;
#9617 = ORIENTED_EDGE ( 'NONE', *, *, #3250, .T. ) ;
#9618 = EDGE_CURVE ( 'NONE', #5138, #1091, #5540, .T. ) ;
#9619 = EDGE_CURVE ( 'NONE', #6033, #7470, #7462, .T. ) ;
#9620 = EDGE_CURVE ( 'NONE', #9602, #8686, #5894, .T. ) ;
#9621 = CARTESIAN_POINT ( 'NONE',  ( -42.00000000000012790, -8.355753465090398180, -34.05769951525130779 ) ) ;
#9622 = DIRECTION ( 'NONE',  ( -0.000000000000000000, 1.000000000000000000, -0.000000000000000000 ) ) ;
#9623 = CIRCLE ( 'NONE', #1152, 2.999999999999999112 ) ;
#9624 = CARTESIAN_POINT ( 'NONE',  ( 31.29999999999983373, -0.1999999999999999833, 48.00000000000000711 ) ) ;
#9625 = DIRECTION ( 'NONE',  ( 1.000000000000000000, -0.000000000000000000, -1.047444401652940007E-14 ) ) ;
#9626 = CARTESIAN_POINT ( 'NONE',  ( -7.199102425304465728E-15, -1.000000000000000000, 16.60000000000162501 ) ) ;
#9627 = CYLINDRICAL_SURFACE ( 'NONE', #3817, 2.349999999999997868 ) ;
#9628 = DIRECTION ( 'NONE',  ( -0.000000000000000000, -0.000000000000000000, -1.000000000000000000 ) ) ;
#9629 = VERTEX_POINT ( 'NONE', #7424 ) ;
#9630 = VERTEX_POINT ( 'NONE', #2887 ) ;
#9631 = ORIENTED_EDGE ( 'NONE', *, *, #9728, .F. ) ;
#9632 = ORIENTED_EDGE ( 'NONE', *, *, #4649, .T. ) ;
#9633 = EDGE_CURVE ( 'NONE', #1300, #6938, #1294, .T. ) ;
#9634 = ORIENTED_EDGE ( 'NONE', *, *, #10865, .F. ) ;
#9635 = VECTOR ( 'NONE', #7699, 1000.000000000000000 ) ;
#9636 = CARTESIAN_POINT ( 'NONE',  ( 31.37967281888308335, -8.437060720581627038, 42.00000000000000711 ) ) ;
#9637 = CARTESIAN_POINT ( 'NONE',  ( -10.50000000000000178, -5.874890559867465001, 20.70085937582247837 ) ) ;
#9638 = DIRECTION ( 'NONE',  ( 0.000000000000000000, -1.000000000000000000, 0.000000000000000000 ) ) ;
#9639 = FACE_BOUND ( 'NONE', #5269, .T. ) ;
#9640 = CARTESIAN_POINT ( 'NONE',  ( 48.00000000000032685, -3.199999999999999289, 30.49999999999932854 ) ) ;
#9641 = FACE_OUTER_BOUND ( 'NONE', #7090, .T. ) ;
#9642 = DIRECTION ( 'NONE',  ( -0.000000000000000000, 1.000000000000000000, -0.000000000000000000 ) ) ;
#9643 = EDGE_LOOP ( 'NONE', ( #9782, #1667, #4964, #3121, #2283 ) ) ;
#9644 = ORIENTED_EDGE ( 'NONE', *, *, #5700, .F. ) ;
#9645 = ORIENTED_EDGE ( 'NONE', *, *, #466, .F. ) ;
#9646 = DIRECTION ( 'NONE',  ( 1.000000000000000000, 0.000000000000000000, -4.476705744456278510E-15 ) ) ;
#9647 = AXIS2_PLACEMENT_3D ( 'NONE', #2290, #9593, #9650 ) ;
#9648 = ORIENTED_EDGE ( 'NONE', *, *, #4649, .F. ) ;
#9649 = EDGE_CURVE ( 'NONE', #3744, #9587, #9156, .T. ) ;
#9650 = DIRECTION ( 'NONE',  ( 2.952720810173291281E-15, 0.000000000000000000, 1.000000000000000000 ) ) ;
#9651 = VECTOR ( 'NONE', #7822, 1000.000000000000000 ) ;
#9652 = LINE ( 'NONE', #11689, #6097 ) ;
#9653 = DIRECTION ( 'NONE',  ( 1.047444401652940007E-14, -0.000000000000000000, 1.000000000000000000 ) ) ;
#9654 = LINE ( 'NONE', #482, #9376 ) ;
#9655 = CARTESIAN_POINT ( 'NONE',  ( -31.29999999999983373, 0.000000000000000000, -50.00000000000000711 ) ) ;
#9656 = CARTESIAN_POINT ( 'NONE',  ( -31.94412171226666075, -11.38313153259664290, 42.00000000000000711 ) ) ;
#9657 = ORIENTED_EDGE ( 'NONE', *, *, #9097, .F. ) ;
#9658 = EDGE_CURVE ( 'NONE', #808, #5049, #1912, .T. ) ;
#9659 = VERTEX_POINT ( 'NONE', #888 ) ;
#9660 = DIRECTION ( 'NONE',  ( -1.000000000000000000, -0.000000000000000000, 3.491481338843133750E-15 ) ) ;
#9661 = FACE_OUTER_BOUND ( 'NONE', #10052, .T. ) ;
#9662 = ORIENTED_EDGE ( 'NONE', *, *, #7614, .T. ) ;
#9663 = EDGE_CURVE ( 'NONE', #9005, #5962, #1813, .T. ) ;
#9664 = VECTOR ( 'NONE', #9726, 1000.000000000000000 ) ;
#9665 = VECTOR ( 'NONE', #1749, 1000.000000000000000 ) ;
#9666 = FACE_OUTER_BOUND ( 'NONE', #8673, .T. ) ;
#9667 = FACE_OUTER_BOUND ( 'NONE', #6205, .T. ) ;
#9668 = CARTESIAN_POINT ( 'NONE',  ( -36.62225918772111299, -6.483401971840434541, -42.00000000000001421 ) ) ;
#9669 = CARTESIAN_POINT ( 'NONE',  ( -30.49999999999983302, -3.199999999999999289, -48.00000000000000711 ) ) ;
#9670 = CARTESIAN_POINT ( 'NONE',  ( -43.49999999999987210, -3.199999999999999734, 39.64999999999999147 ) ) ;
#9671 = CARTESIAN_POINT ( 'NONE',  ( 0.6625893716040506254, -7.206482266531750724, 23.53822924921580650 ) ) ;
#9672 = FACE_OUTER_BOUND ( 'NONE', #5105, .T. ) ;
#9673 = EDGE_CURVE ( 'NONE', #9118, #2581, #6301, .T. ) ;
#9674 = VECTOR ( 'NONE', #8155, 1000.000000000000000 ) ;
#9675 = AXIS2_PLACEMENT_3D ( 'NONE', #6732, #9494, #5820 ) ;
#9676 = VERTEX_POINT ( 'NONE', #10180 ) ;
#9677 = ORIENTED_EDGE ( 'NONE', *, *, #9121, .F. ) ;
#9678 = EDGE_CURVE ( 'NONE', #797, #10839, #5139, .T. ) ;
#9679 = FACE_OUTER_BOUND ( 'NONE', #3983, .T. ) ;
#9680 = CARTESIAN_POINT ( 'NONE',  ( 30.09999999999983089, -8.000000000000001776, 48.00000000000000711 ) ) ;
#9681 = ADVANCED_FACE ( 'NONE', ( #3670 ), #8222, .T. ) ;
#9682 = AXIS2_PLACEMENT_3D ( 'NONE', #10039, #8240, #11067 ) ;
#9683 = CARTESIAN_POINT ( 'NONE',  ( -47.99999999999990763, -0.1999999999999999833, 27.09999999999999787 ) ) ;
#9684 = FACE_OUTER_BOUND ( 'NONE', #560, .T. ) ;
#9685 = CARTESIAN_POINT ( 'NONE',  ( -27.09999999999983089, -0.1999999999999999833, -48.00000000000000711 ) ) ;
#9686 = EDGE_CURVE ( 'NONE', #7806, #11723, #9765, .T. ) ;
#9687 = CARTESIAN_POINT ( 'NONE',  ( 30.49999999999983302, -3.199999999999999289, 48.00000000000000711 ) ) ;
#9688 = ORIENTED_EDGE ( 'NONE', *, *, #7763, .T. ) ;
#9689 = VERTEX_POINT ( 'NONE', #1795 ) ;
#9690 = VERTEX_POINT ( 'NONE', #8315 ) ;
#9691 = ORIENTED_EDGE ( 'NONE', *, *, #4955, .T. ) ;
#9692 = VERTEX_POINT ( 'NONE', #5595 ) ;
#9693 = VECTOR ( 'NONE', #7552, 1000.000000000000000 ) ;
#9694 = DIRECTION ( 'NONE',  ( -4.476705744456278510E-15, 0.000000000000000000, -1.000000000000000000 ) ) ;
#9695 = CARTESIAN_POINT ( 'NONE',  ( -31.29999999999983373, -0.1999999999999999833, -48.00000000000000711 ) ) ;
#9696 = CYLINDRICAL_SURFACE ( 'NONE', #3538, 2.349999999999997868 ) ;
#9697 = CARTESIAN_POINT ( 'NONE',  ( -2.580172825074823706, -3.934085736057792992, 22.48073422021122880 ) ) ;
#9698 = CARTESIAN_POINT ( 'NONE',  ( -10.50000000000000000, -13.00000000000000178, 7.461999999999994415 ) ) ;
#9699 = AXIS2_PLACEMENT_3D ( 'NONE', #5787, #7423, #6639 ) ;
#9700 = DIRECTION ( 'NONE',  ( -0.000000000000000000, 1.000000000000000000, -0.000000000000000000 ) ) ;
#9701 = CARTESIAN_POINT ( 'NONE',  ( 41.99999999999964473, -9.261754795545678931, -35.88507101891883622 ) ) ;
#9702 = ORIENTED_EDGE ( 'NONE', *, *, #9241, .T. ) ;
#9703 = ORIENTED_EDGE ( 'NONE', *, *, #3095, .T. ) ;
#9704 = VECTOR ( 'NONE', #5464, 1000.000000000000000 ) ;
#9705 = VERTEX_POINT ( 'NONE', #10472 ) ;
#9706 = DIRECTION ( 'NONE',  ( -0.000000000000000000, 1.000000000000000000, -0.000000000000000000 ) ) ;
#9707 = EDGE_LOOP ( 'NONE', ( #5492, #1216, #648, #4646, #4860 ) ) ;
#9708 = VECTOR ( 'NONE', #5735, 1000.000000000000000 ) ;
#9709 = VECTOR ( 'NONE', #273, 1000.000000000000000 ) ;
#9710 = CARTESIAN_POINT ( 'NONE',  ( 47.99999999999961631, -8.000000000000003553, -36.11438125050793246 ) ) ;
#9711 = VECTOR ( 'NONE', #11834, 1000.000000000000000 ) ;
#9712 = CARTESIAN_POINT ( 'NONE',  ( 10.50000000000000178, -13.00000000000000178, -12.40000000000000036 ) ) ;
#9713 = CARTESIAN_POINT ( 'NONE',  ( 40.00000000000000711, -15.00000000000000355, -42.80000000000001137 ) ) ;
#9714 = EDGE_CURVE ( 'NONE', #823, #5134, #2065, .T. ) ;
#9715 = CARTESIAN_POINT ( 'NONE',  ( -42.00000000000015632, -6.176630743407566904, -40.31513955068429311 ) ) ;
#9716 = CARTESIAN_POINT ( 'NONE',  ( -41.99999999999990763, -5.000000000000002665, 30.09999999999997655 ) ) ;
#9717 = DIRECTION ( 'NONE',  ( -1.000000000000000000, -0.000000000000000000, -3.491481338843133750E-15 ) ) ;
#9718 = ORIENTED_EDGE ( 'NONE', *, *, #1288, .F. ) ;
#9719 = ORIENTED_EDGE ( 'NONE', *, *, #142, .F. ) ;
#9720 = FACE_BOUND ( 'NONE', #5355, .T. ) ;
#9721 = CARTESIAN_POINT ( 'NONE',  ( 41.49999999999949551, 1.000000000000000000, -49.00000000000000711 ) ) ;
#9722 = EDGE_LOOP ( 'NONE', ( #11922, #7998, #11092, #8703 ) ) ;
#9723 = CIRCLE ( 'NONE', #10869, 1.000000000000000888 ) ;
#9724 = CARTESIAN_POINT ( 'NONE',  ( -43.49999999999987921, -3.199999999999999734, 38.09999999999998721 ) ) ;
#9725 = CARTESIAN_POINT ( 'NONE',  ( 31.62277660168379967, -1.000000000000000000, 7.499999999999988454 ) ) ;
#9726 = DIRECTION ( 'NONE',  ( -0.000000000000000000, 1.000000000000000000, -0.000000000000000000 ) ) ;
#9727 = CYLINDRICAL_SURFACE ( 'NONE', #4323, 8.500000000000000000 ) ;
#9728 = EDGE_CURVE ( 'NONE', #10111, #5366, #1447, .T. ) ;
#9729 = DIRECTION ( 'NONE',  ( 8.673617379884051249E-16, -0.000000000000000000, 1.000000000000000000 ) ) ;
#9730 = CARTESIAN_POINT ( 'NONE',  ( 1.412799081894689612, -6.499345719562843016, 24.21997131381788648 ) ) ;
#9731 = CARTESIAN_POINT ( 'NONE',  ( -41.33447185279743508, -9.250197540236998250, 42.00000000000000711 ) ) ;
#9732 = ORIENTED_EDGE ( 'NONE', *, *, #11745, .F. ) ;
#9733 = ORIENTED_EDGE ( 'NONE', *, *, #876, .T. ) ;
#9734 = VERTEX_POINT ( 'NONE', #4703 ) ;
#9735 = ADVANCED_FACE ( 'NONE', ( #7481 ), #8667, .T. ) ;
#9736 = DIRECTION ( 'NONE',  ( -1.000000000000000000, -0.000000000000000000, -0.000000000000000000 ) ) ;
#9737 = CARTESIAN_POINT ( 'NONE',  ( 41.49999999999982236, 1.000000000000000000, -50.00000000000015632 ) ) ;
#9738 = EDGE_CURVE ( 'NONE', #925, #1, #6921, .T. ) ;
#9739 = CARTESIAN_POINT ( 'NONE',  ( -45.79999999999802185, -3.499999999999999556, -27.04999999999936833 ) ) ;
#9740 = LINE ( 'NONE', #509, #5147 ) ;
#9741 = CARTESIAN_POINT ( 'NONE',  ( 24.69999999999998863, -3.499999999999999556, -45.80000000000000426 ) ) ;
#9742 = CIRCLE ( 'NONE', #11847, 2.350000000000001421 ) ;
#9743 = DIRECTION ( 'NONE',  ( 0.000000000000000000, 0.000000000000000000, 1.000000000000000000 ) ) ;
#9744 = VECTOR ( 'NONE', #9536, 1000.000000000000000 ) ;
#9745 = VERTEX_POINT ( 'NONE', #3235 ) ;
#9746 = VERTEX_POINT ( 'NONE', #1409 ) ;
#9747 = ORIENTED_EDGE ( 'NONE', *, *, #8106, .F. ) ;
#9748 = VERTEX_POINT ( 'NONE', #387 ) ;
#9749 = ORIENTED_EDGE ( 'NONE', *, *, #3237, .T. ) ;
#9750 = CARTESIAN_POINT ( 'NONE',  ( 0.000000000000000000, -1.000000000000000000, 0.000000000000000000 ) ) ;
#9751 = CIRCLE ( 'NONE', #11291, 1.000000000000000888 ) ;
#9752 = VECTOR ( 'NONE', #3028, 1000.000000000000000 ) ;
#9753 = EDGE_CURVE ( 'NONE', #3474, #8690, #4005, .T. ) ;
#9754 = LINE ( 'NONE', #4211, #10022 ) ;
#9755 = LINE ( 'NONE', #4212, #3154 ) ;
#9756 = EDGE_CURVE ( 'NONE', #792, #276, #9740, .T. ) ;
#9757 = CARTESIAN_POINT ( 'NONE',  ( -48.00000000000015632, -1.000000000000000000, -41.49999999999966604 ) ) ;
#9758 = ADVANCED_FACE ( 'NONE', ( #4198 ), #11428, .T. ) ;
#9759 = CARTESIAN_POINT ( 'NONE',  ( 41.99999999999965894, -17.19238815542524534, -41.50000000000027001 ) ) ;
#9760 = CARTESIAN_POINT ( 'NONE',  ( 6.400000000000000355, -10.00000000000000178, -12.90000000000000036 ) ) ;
#9761 = DIRECTION ( 'NONE',  ( 0.000000000000000000, 0.000000000000000000, -1.000000000000000000 ) ) ;
#9762 = ORIENTED_EDGE ( 'NONE', *, *, #9455, .T. ) ;
#9763 = VERTEX_POINT ( 'NONE', #8841 ) ;
#9764 = AXIS2_PLACEMENT_3D ( 'NONE', #4034, #11263, #9517 ) ;
#9765 = CIRCLE ( 'NONE', #6699, 2.350000000000001421 ) ;
#9766 = EDGE_LOOP ( 'NONE', ( #9892, #11949, #10932, #2240, #3122, #11578 ) ) ;
#9767 = DIRECTION ( 'NONE',  ( 0.000000000000000000, 0.000000000000000000, 1.000000000000000000 ) ) ;
#9768 = ORIENTED_EDGE ( 'NONE', *, *, #2643, .T. ) ;
#9769 = EDGE_CURVE ( 'NONE', #8037, #953, #5212, .T. ) ;
#9770 = LINE ( 'NONE', #3380, #1735 ) ;
#9772 = VECTOR ( 'NONE', #5955, 1000.000000000000000 ) ;
#9771 = AXIS2_PLACEMENT_3D ( 'NONE', #6995, #8744, #5116 ) ;
#9773 = DIRECTION ( 'NONE',  ( 0.000000000000000000, 1.000000000000000000, 0.000000000000000000 ) ) ;
#9774 = DIRECTION ( 'NONE',  ( 0.000000000000000000, 0.000000000000000000, 1.000000000000000000 ) ) ;
#9775 = FACE_OUTER_BOUND ( 'NONE', #4949, .T. ) ;
#9776 = PLANE ( 'NONE',  #11899 ) ;
#9777 = ORIENTED_EDGE ( 'NONE', *, *, #5980, .F. ) ;
#9778 = CARTESIAN_POINT ( 'NONE',  ( -32.64825208965875447, -11.60000000000000853, 45.43356574162451267 ) ) ;
#9779 = ORIENTED_EDGE ( 'NONE', *, *, #7600, .T. ) ;
#9780 = ORIENTED_EDGE ( 'NONE', *, *, #2317, .T. ) ;
#9781 = CARTESIAN_POINT ( 'NONE',  ( -40.45587828773333428, -11.60000000000000320, 42.00000000000000711 ) ) ;
#9782 = ORIENTED_EDGE ( 'NONE', *, *, #5478, .T. ) ;
#9783 = AXIS2_PLACEMENT_3D ( 'NONE', #1334, #5027, #10392 ) ;
#9784 = PLANE ( 'NONE',  #3143 ) ;
#9785 = CARTESIAN_POINT ( 'NONE',  ( -37.42352918045579457, -5.750231724984038451, -42.00000000000002132 ) ) ;
#9786 = DIRECTION ( 'NONE',  ( -0.000000000000000000, 1.000000000000000000, -0.000000000000000000 ) ) ;
#9787 = CARTESIAN_POINT ( 'NONE',  ( -36.02532352016631734, -14.79999999744829964, -44.58439924387458575 ) ) ;
#9788 = CARTESIAN_POINT ( 'NONE',  ( 1.078853308470177685, -3.964107719215888892, 26.18574029480968690 ) ) ;
#9789 = LINE ( 'NONE', #2609, #5788 ) ;
#9790 = ORIENTED_EDGE ( 'NONE', *, *, #448, .T. ) ;
#9791 = ORIENTED_EDGE ( 'NONE', *, *, #7383, .T. ) ;
#9792 = EDGE_CURVE ( 'NONE', #5752, #9705, #8227, .T. ) ;
#9793 = EDGE_LOOP ( 'NONE', ( #4045, #3258, #7032, #5455 ) ) ;
#9794 = FACE_OUTER_BOUND ( 'NONE', #7053, .T. ) ;
#9795 = CARTESIAN_POINT ( 'NONE',  ( -45.79999999999802185, -3.499999999999999556, -24.69999999999937046 ) ) ;
#9796 = DIRECTION ( 'NONE',  ( -0.000000000000000000, 1.000000000000000000, -0.000000000000000000 ) ) ;
#9797 = CARTESIAN_POINT ( 'NONE',  ( 50.00000000000000000, 0.5857864376269048545, -41.91421356237326989 ) ) ;
#9798 = DIRECTION ( 'NONE',  ( 0.000000000000000000, 0.000000000000000000, -1.000000000000000000 ) ) ;
#9799 = CARTESIAN_POINT ( 'NONE',  ( 21.49897948556618843, -4.000000000000000000, 49.99999999999999289 ) ) ;
#9800 = EDGE_LOOP ( 'NONE', ( #11289, #8894, #9379, #7962 ) ) ;
#9801 = ORIENTED_EDGE ( 'NONE', *, *, #2077, .F. ) ;
#9802 = EDGE_LOOP ( 'NONE', ( #3376, #9918 ) ) ;
#9803 = ORIENTED_EDGE ( 'NONE', *, *, #11, .T. ) ;
#9804 = EDGE_CURVE ( 'NONE', #11064, #7101, #5562, .T. ) ;
#9805 = EDGE_LOOP ( 'NONE', ( #8088, #3241, #4678, #6079 ) ) ;
#9806 = CARTESIAN_POINT ( 'NONE',  ( 32.10812552581125345, -8.969259386389698108, 42.00000000000001421 ) ) ;
#9807 = LINE ( 'NONE', #10773, #8507 ) ;
#9808 = CARTESIAN_POINT ( 'NONE',  ( 0.000000000000000000, -1.000000000000001554, 24.45289590758745035 ) ) ;
#9809 = DIRECTION ( 'NONE',  ( -3.491481338843133355E-15, 0.000000000000000000, -1.000000000000000000 ) ) ;
#9810 = CARTESIAN_POINT ( 'NONE',  ( 10.49999999999999822, -2.183807228326895000, -25.66690982988362535 ) ) ;
#9811 = CARTESIAN_POINT ( 'NONE',  ( 49.00000000000000711, 1.000000000000000000, 42.49999999999999289 ) ) ;
#9812 = DIRECTION ( 'NONE',  ( 0.000000000000000000, 0.000000000000000000, 1.000000000000000000 ) ) ;
#9813 = ORIENTED_EDGE ( 'NONE', *, *, #6754, .T. ) ;
#9814 = ORIENTED_EDGE ( 'NONE', *, *, #3569, .T. ) ;
#9815 = ADVANCED_FACE ( 'NONE', ( #8901 ), #7886, .F. ) ;
#9816 = ORIENTED_EDGE ( 'NONE', *, *, #755, .F. ) ;
#9817 = CARTESIAN_POINT ( 'NONE',  ( 32.84999999999983089, -3.199999999999998845, -43.50000000000001421 ) ) ;
#9818 = VERTEX_POINT ( 'NONE', #11543 ) ;
#9819 = FACE_OUTER_BOUND ( 'NONE', #455, .T. ) ;
#9820 = VECTOR ( 'NONE', #7577, 1000.000000000000000 ) ;
#9821 = AXIS2_PLACEMENT_3D ( 'NONE', #9293, #1021, #10018 ) ;
#9822 = DIRECTION ( 'NONE',  ( 0.000000000000000000, 0.000000000000000000, -1.000000000000000000 ) ) ;
#9823 = CARTESIAN_POINT ( 'NONE',  ( -41.99999999999990763, -8.000000000000001776, 30.09999999999997655 ) ) ;
#9824 = EDGE_CURVE ( 'NONE', #175, #5167, #2443, .T. ) ;
#9825 = CARTESIAN_POINT ( 'NONE',  ( -35.52719882172834076, -13.11528623457355103, -42.00000000000000000 ) ) ;
#9826 = CARTESIAN_POINT ( 'NONE',  ( 0.000000000000000000, 1.000000000000000000, 26.60000000000000142 ) ) ;
#9827 = AXIS2_PLACEMENT_3D ( 'NONE', #2822, #3795, #2945 ) ;
#9828 = FACE_BOUND ( 'NONE', #7590, .T. ) ;
#9829 = ORIENTED_EDGE ( 'NONE', *, *, #5700, .T. ) ;
#9830 = CARTESIAN_POINT ( 'NONE',  ( -39.74540947244754108, -8.440946107329224901, 48.00000000000001421 ) ) ;
#9831 = ORIENTED_EDGE ( 'NONE', *, *, #5768, .T. ) ;
#9833 = VERTEX_POINT ( 'NONE', #10529 ) ;
#9832 = EDGE_CURVE ( 'NONE', #5670, #11893, #3174, .T. ) ;
#9834 = DIRECTION ( 'NONE',  ( -1.000000000000000000, 0.000000000000000000, 0.000000000000000000 ) ) ;
#9835 = ORIENTED_EDGE ( 'NONE', *, *, #10685, .F. ) ;
#9836 = AXIS2_PLACEMENT_3D ( 'NONE', #1958, #10105, #1716 ) ;
#9837 = CARTESIAN_POINT ( 'NONE',  ( 10.49999999999999645, -12.68592329483566772, -17.96860346054955571 ) ) ;
#9838 = CARTESIAN_POINT ( 'NONE',  ( -35.72419598204034941, -8.725573130722199977, -42.00000000000001421 ) ) ;
#9839 = DIRECTION ( 'NONE',  ( -1.387778780781445676E-16, 0.000000000000000000, -1.000000000000000000 ) ) ;
#9840 = FACE_OUTER_BOUND ( 'NONE', #7776, .T. ) ;
#9841 = CARTESIAN_POINT ( 'NONE',  ( 45.80000000000062244, -8.000000000000001776, -24.69999999999800622 ) ) ;
#9842 = AXIS2_PLACEMENT_3D ( 'NONE', #544, #2651, #5599 ) ;
#9843 = DIRECTION ( 'NONE',  ( -1.000000000000000000, -0.000000000000000000, 3.491481338843133355E-15 ) ) ;
#9844 = CIRCLE ( 'NONE', #10992, 2.349999999999997868 ) ;
#9845 = EDGE_LOOP ( 'NONE', ( #6973, #10742 ) ) ;
#9846 = ORIENTED_EDGE ( 'NONE', *, *, #2221, .T. ) ;
#9847 = EDGE_LOOP ( 'NONE', ( #8991, #325, #10551, #6122, #9662 ) ) ;
#9848 = CARTESIAN_POINT ( 'NONE',  ( 43.49999999999968026, -3.199999999999999289, -32.04999999999968452 ) ) ;
#9849 = CARTESIAN_POINT ( 'NONE',  ( 49.99999999999999289, -1.000000000000000000, -50.00000000000000711 ) ) ;
#9850 = VECTOR ( 'NONE', #301, 1000.000000000000000 ) ;
#9851 = LINE ( 'NONE', #7035, #813 ) ;
#9852 = VECTOR ( 'NONE', #4550, 1000.000000000000000 ) ;
#9853 = DIRECTION ( 'NONE',  ( 0.000000000000000000, 0.000000000000000000, 1.000000000000000000 ) ) ;
#9854 = CARTESIAN_POINT ( 'NONE',  ( -49.00000000000000000, 1.000000000000000000, -31.29999999999966320 ) ) ;
#9855 = EDGE_CURVE ( 'NONE', #5371, #1077, #10651, .T. ) ;
#9856 = CYLINDRICAL_SURFACE ( 'NONE', #10401, 2.350000000000001421 ) ;
#9857 = EDGE_LOOP ( 'NONE', ( #10343, #7820, #11076, #6600 ) ) ;
#9858 = ORIENTED_EDGE ( 'NONE', *, *, #284, .F. ) ;
#9859 = ORIENTED_EDGE ( 'NONE', *, *, #1924, .T. ) ;
#9860 = ORIENTED_EDGE ( 'NONE', *, *, #8722, .T. ) ;
#9861 = VERTEX_POINT ( 'NONE', #2383 ) ;
#9862 = VECTOR ( 'NONE', #1745, 1000.000000000000000 ) ;
#9863 = AXIS2_PLACEMENT_3D ( 'NONE', #7037, #11429, #4081 ) ;
#9864 = CARTESIAN_POINT ( 'NONE',  ( 31.57268035761297398, -8.552482113309963552, 42.00000000000002842 ) ) ;
#9865 = AXIS2_PLACEMENT_3D ( 'NONE', #83, #2688, #6371 ) ;
#9866 = DIRECTION ( 'NONE',  ( 1.387778780781445676E-16, 0.000000000000000000, 1.000000000000000000 ) ) ;
#9867 = CARTESIAN_POINT ( 'NONE',  ( 43.50000000000032685, -3.199999999999999289, 30.49999999999937828 ) ) ;
#9868 = CARTESIAN_POINT ( 'NONE',  ( -49.00000000000000711, 0.000000000000000000, -31.29999999999966320 ) ) ;
#9869 = DIRECTION ( 'NONE',  ( 0.000000000000000000, -0.000000000000000000, 1.000000000000000000 ) ) ;
#9870 = ADVANCED_FACE ( 'NONE', ( #9684 ), #7036, .T. ) ;
#9871 = CARTESIAN_POINT ( 'NONE',  ( 24.70000000000261764, -3.499999999999999556, 48.14999999999864855 ) ) ;
#9872 = CARTESIAN_POINT ( 'NONE',  ( 0.000000000000000000, -13.00000000000000178, 0.000000000000000000 ) ) ;
#9873 = ORIENTED_EDGE ( 'NONE', *, *, #3182, .T. ) ;
#9874 = ORIENTED_EDGE ( 'NONE', *, *, #11784, .T. ) ;
#9875 = VECTOR ( 'NONE', #2484, 1000.000000000000000 ) ;
#9876 = ORIENTED_EDGE ( 'NONE', *, *, #294, .T. ) ;
#9877 = DIRECTION ( 'NONE',  ( 0.000000000000000000, 0.000000000000000000, 1.000000000000000000 ) ) ;
#9878 = VERTEX_POINT ( 'NONE', #2498 ) ;
#9879 = LINE ( 'NONE', #6268, #5026 ) ;
#9880 = EDGE_CURVE ( 'NONE', #6905, #690, #5101, .T. ) ;
#9881 = FACE_OUTER_BOUND ( 'NONE', #9615, .T. ) ;
#9882 = CARTESIAN_POINT ( 'NONE',  ( 38.10000000000013642, -3.199999999999999734, 42.00000000000000711 ) ) ;
#9883 = VECTOR ( 'NONE', #4564, 1000.000000000000000 ) ;
#9884 = EDGE_CURVE ( 'NONE', #6523, #11404, #4717, .T. ) ;
#9885 = CARTESIAN_POINT ( 'NONE',  ( -24.69999999999816609, -8.000000000000001776, -44.25000000000054001 ) ) ;
#9886 = DIRECTION ( 'NONE',  ( 1.000000000000000000, -0.000000000000000000, -1.047444401652940007E-14 ) ) ;
#9887 = DIRECTION ( 'NONE',  ( 4.476705744456268255E-15, 0.000000000000000000, 1.000000000000000000 ) ) ;
#9888 = ORIENTED_EDGE ( 'NONE', *, *, #10611, .T. ) ;
#9889 = ORIENTED_EDGE ( 'NONE', *, *, #158, .T. ) ;
#9890 = VERTEX_POINT ( 'NONE', #10819 ) ;
#9891 = CARTESIAN_POINT ( 'NONE',  ( 35.74999999999983658, -3.199999999999999289, 43.50000000000001421 ) ) ;
#9892 = ORIENTED_EDGE ( 'NONE', *, *, #6879, .T. ) ;
#9893 = AXIS2_PLACEMENT_3D ( 'NONE', #6330, #713, #7241 ) ;
#9894 = CIRCLE ( 'NONE', #8560, 2.350000000000001421 ) ;
#9895 = CIRCLE ( 'NONE', #9319, 1.000000000000000888 ) ;
#9896 = CARTESIAN_POINT ( 'NONE',  ( 43.50000000000041211, -3.199999999999999734, 38.09999999999968168 ) ) ;
#9897 = EDGE_CURVE ( 'NONE', #323, #6810, #10991, .T. ) ;
#9898 = FACE_OUTER_BOUND ( 'NONE', #7545, .T. ) ;
#9899 = DIRECTION ( 'NONE',  ( 0.000000000000000000, 0.000000000000000000, -1.000000000000000000 ) ) ;
#9900 = EDGE_CURVE ( 'NONE', #1073, #10943, #2558, .T. ) ;
#9901 = CARTESIAN_POINT ( 'NONE',  ( -35.73050127278636978, -14.74469105038594741, -43.66799720941265406 ) ) ;
#9902 = DIRECTION ( 'NONE',  ( -0.000000000000000000, -0.000000000000000000, 1.000000000000000000 ) ) ;
#9903 = EDGE_CURVE ( 'NONE', #11522, #10956, #6120, .T. ) ;
#9904 = DIRECTION ( 'NONE',  ( -1.181088324069314777E-14, 0.000000000000000000, -1.000000000000000000 ) ) ;
#9905 = AXIS2_PLACEMENT_3D ( 'NONE', #7260, #10923, #2604 ) ;
#9906 = ORIENTED_EDGE ( 'NONE', *, *, #9936, .T. ) ;
#9907 = ORIENTED_EDGE ( 'NONE', *, *, #4832, .T. ) ;
#9908 = B_SPLINE_CURVE_WITH_KNOTS ( 'NONE', 3,
 ( #4947, #10493, #350, #11388, #3136, #6825, #2224, #4157, #11559, #3255, #4103, #7901, #2282, #11505, #4331, #10550, #9701, #5062, #5176, #5972, #8858, #8745, #472, #1606, #7790, #584 ),
 .UNSPECIFIED., .F., .F.,
 ( 4, 2, 2, 2, 2, 2, 2, 2, 2, 2, 2, 2, 4 ),
 ( 0.000000000000000000, 0.001351378501289449922, 0.002027067751934174666, 0.002702757002578899843, 0.004054135503868358005, 0.004729824754513087086, 0.005405514005157816167, 0.006081203255802545247, 0.006756892506447275196, 0.008108271007736733357, 0.008783960258381453765, 0.009459649509026174172, 0.01081102801031561325 ),
 .UNSPECIFIED. ) ;
#9909 = VERTEX_POINT ( 'NONE', #6359 ) ;
#9910 = VECTOR ( 'NONE', #7783, 1000.000000000000000 ) ;
#9911 = DIRECTION ( 'NONE',  ( -0.000000000000000000, -0.000000000000000000, 1.000000000000000000 ) ) ;
#9912 = DIRECTION ( 'NONE',  ( 0.000000000000000000, -1.000000000000000000, 0.000000000000000000 ) ) ;
#9913 = FACE_OUTER_BOUND ( 'NONE', #2637, .T. ) ;
#9914 = DIRECTION ( 'NONE',  ( 1.000000000000000000, -0.000000000000000000, -0.000000000000000000 ) ) ;
#9915 = CARTESIAN_POINT ( 'NONE',  ( 39.64999999999953673, -3.199999999999999734, -43.50000000000001421 ) ) ;
#9916 = DIRECTION ( 'NONE',  ( 0.000000000000000000, 1.000000000000000000, 0.000000000000000000 ) ) ;
#9917 = VERTEX_POINT ( 'NONE', #3586 ) ;
#9918 = ORIENTED_EDGE ( 'NONE', *, *, #10114, .F. ) ;
#9919 = VERTEX_POINT ( 'NONE', #1703 ) ;
#9920 = ORIENTED_EDGE ( 'NONE', *, *, #11641, .F. ) ;
#9921 = VERTEX_POINT ( 'NONE', #10152 ) ;
#9922 = DIRECTION ( 'NONE',  ( 0.000000000000000000, -0.000000000000000000, -1.000000000000000000 ) ) ;
#9923 = VECTOR ( 'NONE', #1271, 1000.000000000000000 ) ;
#9924 = CYLINDRICAL_SURFACE ( 'NONE', #9249, 1.600000000000000755 ) ;
#9925 = LINE ( 'NONE', #10887, #9704 ) ;
#9926 = PLANE ( 'NONE',  #4473 ) ;
#9927 = DIRECTION ( 'NONE',  ( -1.000000000000000000, -0.000000000000000000, 3.491481338843133355E-15 ) ) ;
#9928 = LINE ( 'NONE', #9871, #11688 ) ;
#9929 = CARTESIAN_POINT ( 'NONE',  ( -30.95809787844543592, -8.876624076187200174, 42.00000000000000000 ) ) ;
#9930 = ORIENTED_EDGE ( 'NONE', *, *, #1631, .T. ) ;
#9931 = EDGE_LOOP ( 'NONE', ( #867, #10944, #4531, #1383 ) ) ;
#9932 = ORIENTED_EDGE ( 'NONE', *, *, #8437, .F. ) ;
#9933 = DIRECTION ( 'NONE',  ( 0.000000000000000000, 1.000000000000000000, 0.000000000000000000 ) ) ;
#9934 = AXIS2_PLACEMENT_3D ( 'NONE', #9841, #9961, #1576 ) ;
#9935 = CIRCLE ( 'NONE', #10134, 2.350000000000001421 ) ;
#9936 = EDGE_CURVE ( 'NONE', #4742, #7880, #6303, .T. ) ;
#9937 = CYLINDRICAL_SURFACE ( 'NONE', #7143, 1.549999999999999378 ) ;
#9938 = LINE ( 'NONE', #6329, #11197 ) ;
#9939 = DIRECTION ( 'NONE',  ( -0.000000000000000000, 1.000000000000000000, -0.000000000000000000 ) ) ;
#9940 = CARTESIAN_POINT ( 'NONE',  ( 31.62277660168379967, -1.000000000000000000, -7.500000000000004441 ) ) ;
#9941 = AXIS2_PLACEMENT_3D ( 'NONE', #6693, #5781, #10540 ) ;
#9942 = AXIS2_PLACEMENT_3D ( 'NONE', #3456, #7139, #10806 ) ;
#9943 = DIRECTION ( 'NONE',  ( -0.000000000000000000, 1.000000000000000000, -0.000000000000000000 ) ) ;
#9944 = CARTESIAN_POINT ( 'NONE',  ( 43.50000000000035527, -3.199999999999998845, 32.84999999999938325 ) ) ;
#9945 = CARTESIAN_POINT ( 'NONE',  ( 29.78051296196679942, -7.983068689015834885, -45.02486641039430992 ) ) ;
#9946 = ORIENTED_EDGE ( 'NONE', *, *, #3263, .F. ) ;
#9947 = ORIENTED_EDGE ( 'NONE', *, *, #444, .F. ) ;
#9948 = ORIENTED_EDGE ( 'NONE', *, *, #4727, .T. ) ;
#9949 = DIRECTION ( 'NONE',  ( -0.000000000000000000, -0.000000000000000000, 1.000000000000000000 ) ) ;
#9950 = VERTEX_POINT ( 'NONE', #2677 ) ;
#9951 = ADVANCED_FACE ( 'NONE', ( #8112 ), #5449, .F. ) ;
#9952 = VECTOR ( 'NONE', #10243, 1000.000000000000000 ) ;
#9953 = ADVANCED_FACE ( 'NONE', ( #11836, #7275 ), #11569, .T. ) ;
#9954 = CARTESIAN_POINT ( 'NONE',  ( 31.29999999999983373, 0.000000000000000000, -50.00000000000000711 ) ) ;
#9955 = B_SPLINE_CURVE_WITH_KNOTS ( 'NONE', 3,
 ( #5798, #9710, #8636, #3261, #2110, #11336, #9472, #1203, #4896, #10612, #5923, #3203 ),
 .UNSPECIFIED., .F., .F.,
 ( 4, 2, 2, 2, 2, 4 ),
 ( 0.000000000000000000, 0.003240629802621962027, 0.006481259605243924055, 0.008101574506554905936, 0.009721889407865886082, 0.01296251921048784811 ),
 .UNSPECIFIED. ) ;
#9956 = AXIS2_PLACEMENT_3D ( 'NONE', #2403, #6147, #9812 ) ;
#9957 = CARTESIAN_POINT ( 'NONE',  ( -40.00000000000000000, -1.000000000000000000, -14.99999999999982236 ) ) ;
#9958 = CARTESIAN_POINT ( 'NONE',  ( 30.09999999999982023, -8.000000000000003553, 45.80559804515301892 ) ) ;
#9959 = DIRECTION ( 'NONE',  ( 0.000000000000000000, 0.000000000000000000, -1.000000000000000000 ) ) ;
#9960 = LINE ( 'NONE', #6347, #6977 ) ;
#9961 = DIRECTION ( 'NONE',  ( -0.000000000000000000, 1.000000000000000000, -0.000000000000000000 ) ) ;
#9962 = DIRECTION ( 'NONE',  ( 0.000000000000000000, -0.000000000000000000, 1.000000000000000000 ) ) ;
#9963 = AXIS2_PLACEMENT_3D ( 'NONE', #8682, #8626, #10492 ) ;
#9964 = EDGE_LOOP ( 'NONE', ( #746, #9632, #7170, #7743 ) ) ;
#9965 = ORIENTED_EDGE ( 'NONE', *, *, #940, .T. ) ;
#9966 = EDGE_CURVE ( 'NONE', #2078, #9106, #1822, .T. ) ;
#9967 = EDGE_CURVE ( 'NONE', #4661, #808, #3645, .T. ) ;
#9968 = ORIENTED_EDGE ( 'NONE', *, *, #7240, .T. ) ;
#9969 = VECTOR ( 'NONE', #5504, 1000.000000000000000 ) ;
#9970 = DIRECTION ( 'NONE',  ( 0.000000000000000000, 0.000000000000000000, -1.000000000000000000 ) ) ;
#9971 = CIRCLE ( 'NONE', #10935, 1.100000000000001199 ) ;
#9972 = CARTESIAN_POINT ( 'NONE',  ( 27.09999999999983089, -5.000000000000002665, 42.00000000000000711 ) ) ;
#9973 = CARTESIAN_POINT ( 'NONE',  ( 50.00000000000093792, -3.199999999999999289, 30.49999999999965894 ) ) ;
#9974 = DIRECTION ( 'NONE',  ( 1.000000000000000000, 0.000000000000000000, -1.047444401652940007E-14 ) ) ;
#9975 = LINE ( 'NONE', #11720, #11594 ) ;
#9976 = EDGE_CURVE ( 'NONE', #4121, #7979, #2738, .T. ) ;
#9977 = CARTESIAN_POINT ( 'NONE',  ( -40.00000000000000711, -9.000000000000001776, -40.45000000000001705 ) ) ;
#9978 = ORIENTED_EDGE ( 'NONE', *, *, #11135, .F. ) ;
#9979 = EDGE_LOOP ( 'NONE', ( #9428, #11781 ) ) ;
#9980 = ORIENTED_EDGE ( 'NONE', *, *, #5479, .F. ) ;
#9981 = ORIENTED_EDGE ( 'NONE', *, *, #2832, .T. ) ;
#9982 = VECTOR ( 'NONE', #492, 1000.000000000000000 ) ;
#9983 = EDGE_CURVE ( 'NONE', #6293, #11034, #11059, .T. ) ;
#9984 = EDGE_CURVE ( 'NONE', #309, #6890, #8624, .T. ) ;
#9985 = PLANE ( 'NONE',  #11218 ) ;
#9986 = CARTESIAN_POINT ( 'NONE',  ( -1.418225101251585407, -4.593814562635039067, 25.76021241302807496 ) ) ;
#9987 = DIRECTION ( 'NONE',  ( 0.000000000000000000, -1.000000000000000000, 0.000000000000000000 ) ) ;
#9988 = CARTESIAN_POINT ( 'NONE',  ( 14.99999999999982236, -1.000000000000000000, -40.00000000000000000 ) ) ;
#9989 = DIRECTION ( 'NONE',  ( 0.000000000000000000, 0.000000000000000000, -1.000000000000000000 ) ) ;
#9990 = CARTESIAN_POINT ( 'NONE',  ( -36.19999999999999574, -8.400000000000000355, 38.54999999999999716 ) ) ;
#9991 = CARTESIAN_POINT ( 'NONE',  ( -29.26127203048762482, -7.880371352490606718, 43.31065044290414079 ) ) ;
#9992 = VERTEX_POINT ( 'NONE', #4918 ) ;
#9993 = EDGE_LOOP ( 'NONE', ( #4812, #6165, #10205, #3696 ) ) ;
#9994 = ORIENTED_EDGE ( 'NONE', *, *, #9884, .F. ) ;
#9995 = CARTESIAN_POINT ( 'NONE',  ( 0.000000000000000000, -13.00000000000000178, -12.90000000000000036 ) ) ;
#9996 = AXIS2_PLACEMENT_3D ( 'NONE', #7795, #2107, #10554 ) ;
#9997 = DIRECTION ( 'NONE',  ( 1.000000000000000000, 0.000000000000000000, -3.491481338843133355E-15 ) ) ;
#9998 = CARTESIAN_POINT ( 'NONE',  ( 27.10000000000229292, -5.000000000000000000, -41.99999999999885603 ) ) ;
#9999 = FACE_OUTER_BOUND ( 'NONE', #2028, .T. ) ;
#10000 = LINE ( 'NONE', #6214, #7208 ) ;
#10001 = DIRECTION ( 'NONE',  ( 0.000000000000000000, 0.000000000000000000, -1.000000000000000000 ) ) ;
#10002 = AXIS2_PLACEMENT_3D ( 'NONE', #3061, #6748, #10414 ) ;
#10003 = CARTESIAN_POINT ( 'NONE',  ( -21.49897948556618843, -4.000000000000000000, 49.99999999999999289 ) ) ;
#10004 = DIRECTION ( 'NONE',  ( 1.000000000000000000, 0.000000000000000000, 1.035380933213193272E-16 ) ) ;
#10005 = CARTESIAN_POINT ( 'NONE',  ( 36.13766816143490956, -14.80000000000000249, -44.80122281838041687 ) ) ;
#10006 = ORIENTED_EDGE ( 'NONE', *, *, #568, .T. ) ;
#10007 = ORIENTED_EDGE ( 'NONE', *, *, #7199, .T. ) ;
#10008 = EDGE_CURVE ( 'NONE', #11548, #5010, #8756, .T. ) ;
#10009 = ORIENTED_EDGE ( 'NONE', *, *, #7821, .F. ) ;
#10010 = CARTESIAN_POINT ( 'NONE',  ( 31.29999999999983373, 0.000000000000000000, -50.00000000000000711 ) ) ;
#10011 = ORIENTED_EDGE ( 'NONE', *, *, #8270, .T. ) ;
#10012 = FACE_OUTER_BOUND ( 'NONE', #5456, .T. ) ;
#10013 = CYLINDRICAL_SURFACE ( 'NONE', #7353, 1.550000000000002709 ) ;
#10014 = FACE_BOUND ( 'NONE', #4318, .T. ) ;
#10015 = CYLINDRICAL_SURFACE ( 'NONE', #6067, 2.999999999999999112 ) ;
#10016 = FACE_OUTER_BOUND ( 'NONE', #2136, .T. ) ;
#10017 = FACE_OUTER_BOUND ( 'NONE', #4484, .T. ) ;
#10018 = DIRECTION ( 'NONE',  ( -8.953411488912536510E-15, 0.000000000000000000, -1.000000000000000000 ) ) ;
#10019 = EDGE_CURVE ( 'NONE', #7337, #634, #7666, .T. ) ;
#10020 = ORIENTED_EDGE ( 'NONE', *, *, #7870, .F. ) ;
#10021 = ORIENTED_EDGE ( 'NONE', *, *, #11890, .F. ) ;
#10022 = VECTOR ( 'NONE', #5171, 1000.000000000000000 ) ;
#10023 = VERTEX_POINT ( 'NONE', #6791 ) ;
#10024 = DIRECTION ( 'NONE',  ( 0.000000000000000000, 1.000000000000000000, -0.000000000000000000 ) ) ;
#10025 = CARTESIAN_POINT ( 'NONE',  ( 28.14999999999983160, -3.199999999999998845, 43.50000000000001421 ) ) ;
#10026 = ADVANCED_FACE ( 'NONE', ( #8537 ), #1038, .T. ) ;
#10027 = DIRECTION ( 'NONE',  ( 0.000000000000000000, -1.000000000000000000, 0.000000000000000000 ) ) ;
#10028 = CARTESIAN_POINT ( 'NONE',  ( -10.50000000000000178, -1.791494747487318406, 24.03226370440745541 ) ) ;
#10029 = CARTESIAN_POINT ( 'NONE',  ( 24.70000000000261764, -3.499999999999999556, 45.79999999999864713 ) ) ;
#10030 = CARTESIAN_POINT ( 'NONE',  ( -10.49999999999999822, -9.970060417065823799, -13.39989883333887732 ) ) ;
#10031 = EDGE_CURVE ( 'NONE', #1863, #3404, #10124, .T. ) ;
#10032 = AXIS2_PLACEMENT_3D ( 'NONE', #7885, #565, #11542 ) ;
#10033 = CARTESIAN_POINT ( 'NONE',  ( -10.49999999999999645, -12.68592329483566772, -17.96860346054955571 ) ) ;
#10034 = ORIENTED_EDGE ( 'NONE', *, *, #313, .F. ) ;
#10035 = ORIENTED_EDGE ( 'NONE', *, *, #1319, .F. ) ;
#10036 = VERTEX_POINT ( 'NONE', #135 ) ;
#10037 = EDGE_LOOP ( 'NONE', ( #5426, #6562, #4003, #11215 ) ) ;
#10038 = AXIS2_PLACEMENT_3D ( 'NONE', #11142, #10305, #11762 ) ;
#10039 = CARTESIAN_POINT ( 'NONE',  ( 45.80000000000062244, -3.499999999999999556, -24.70000000000199591 ) ) ;
#10040 = EDGE_CURVE ( 'NONE', #3458, #855, #2074, .T. ) ;
#10041 = AXIS2_PLACEMENT_3D ( 'NONE', #11888, #10924, #5497 ) ;
#10042 = VECTOR ( 'NONE', #10461, 1000.000000000000000 ) ;
#10043 = DIRECTION ( 'NONE',  ( 1.387778780781445676E-16, 0.000000000000000000, 1.000000000000000000 ) ) ;
#10044 = LINE ( 'NONE', #1600, #262 ) ;
#10045 = EDGE_CURVE ( 'NONE', #2788, #2346, #4014, .T. ) ;
#10046 = CARTESIAN_POINT ( 'NONE',  ( 50.00000000000096634, -3.199999999999999734, 38.09999999999966036 ) ) ;
#10047 = CARTESIAN_POINT ( 'NONE',  ( -32.96625777343822250, -5.986271465577339690, 42.00000000000000711 ) ) ;
#10048 = ADVANCED_FACE ( 'NONE', ( #7574, #5567 ), #11241, .T. ) ;
#10049 = DIRECTION ( 'NONE',  ( -0.000000000000000000, 1.000000000000000000, -0.000000000000000000 ) ) ;
#10050 = CARTESIAN_POINT ( 'NONE',  ( -35.74999999999983658, -3.199999999999999734, 43.50000000000001421 ) ) ;
#10051 = ORIENTED_EDGE ( 'NONE', *, *, #4349, .T. ) ;
#10052 = EDGE_LOOP ( 'NONE', ( #7415, #550, #1023, #7350 ) ) ;
#10053 = AXIS2_PLACEMENT_3D ( 'NONE', #10046, #1779, #1171 ) ;
#10054 = VERTEX_POINT ( 'NONE', #9246 ) ;
#10055 = AXIS2_PLACEMENT_3D ( 'NONE', #389, #9505, #2265 ) ;
#10056 = DIRECTION ( 'NONE',  ( 1.000000000000000000, 0.000000000000000000, -1.047444401652940007E-14 ) ) ;
#10057 = DIRECTION ( 'NONE',  ( 0.000000000000000000, 0.000000000000000000, 1.000000000000000000 ) ) ;
#10058 = CARTESIAN_POINT ( 'NONE',  ( -50.00000000000000711, 0.000000000000000000, -42.49999999999999289 ) ) ;
#10059 = DIRECTION ( 'NONE',  ( -1.000000000000000000, 0.000000000000000000, 0.000000000000000000 ) ) ;
#10060 = VECTOR ( 'NONE', #11175, 1000.000000000000000 ) ;
#10061 = CARTESIAN_POINT ( 'NONE',  ( 10.50000000000000178, -0.9999999999999985567, 27.78623788919601267 ) ) ;
#10062 = DIRECTION ( 'NONE',  ( 0.000000000000000000, 0.000000000000000000, 1.000000000000000000 ) ) ;
#10063 = AXIS2_PLACEMENT_3D ( 'NONE', #8423, #3836, #3278 ) ;
#10064 = CARTESIAN_POINT ( 'NONE',  ( 0.000000000000000000, -13.00000000000000178, 9.461999999999994415 ) ) ;
#10065 = DIRECTION ( 'NONE',  ( 0.000000000000000000, -0.000000000000000000, -1.000000000000000000 ) ) ;
#10066 = CARTESIAN_POINT ( 'NONE',  ( -30.09999999999983089, -5.000000000000002665, 42.00000000000000711 ) ) ;
#10067 = ORIENTED_EDGE ( 'NONE', *, *, #17, .T. ) ;
#10068 = EDGE_LOOP ( 'NONE', ( #1244, #202, #2799, #2815 ) ) ;
#10069 = ORIENTED_EDGE ( 'NONE', *, *, #780, .F. ) ;
#10070 = CARTESIAN_POINT ( 'NONE',  ( 40.38212331886855111, -11.48823029122471162, -48.00000000000001421 ) ) ;
#10071 = ORIENTED_EDGE ( 'NONE', *, *, #10116, .T. ) ;
#10072 = DIRECTION ( 'NONE',  ( 0.000000000000000000, 1.000000000000000000, 0.000000000000000000 ) ) ;
#10073 = ADVANCED_FACE ( 'NONE', ( #2858, #5760 ), #9435, .T. ) ;
#10074 = AXIS2_PLACEMENT_3D ( 'NONE', #9867, #1717, #3482 ) ;
#10075 = DIRECTION ( 'NONE',  ( 1.000000000000000000, 0.000000000000000000, 0.000000000000000000 ) ) ;
#10076 = CARTESIAN_POINT ( 'NONE',  ( 48.99999999999999289, 1.000000000000000000, -31.30000000000035598 ) ) ;
#10077 = CARTESIAN_POINT ( 'NONE',  ( -41.99999999999986500, -1.000000000000001776, 41.49999999999997868 ) ) ;
#10078 = DIRECTION ( 'NONE',  ( -0.000000000000000000, 1.000000000000000000, -0.000000000000000000 ) ) ;
#10079 = CARTESIAN_POINT ( 'NONE',  ( -24.70000000000000995, -3.499999999999999556, -43.45000000000000995 ) ) ;
#10080 = ORIENTED_EDGE ( 'NONE', *, *, #8428, .T. ) ;
#10081 = EDGE_LOOP ( 'NONE', ( #9164, #3317 ) ) ;
#10082 = VECTOR ( 'NONE', #3584, 1000.000000000000000 ) ;
#10083 = VECTOR ( 'NONE', #1198, 1000.000000000000000 ) ;
#10084 = ORIENTED_EDGE ( 'NONE', *, *, #8835, .T. ) ;
#10085 = DIRECTION ( 'NONE',  ( -0.000000000000000000, 1.000000000000000000, -0.000000000000000000 ) ) ;
#10086 = EDGE_CURVE ( 'NONE', #709, #11286, #6731, .T. ) ;
#10087 = AXIS2_PLACEMENT_3D ( 'NONE', #2513, #9927, #3429 ) ;
#10088 = CARTESIAN_POINT ( 'NONE',  ( 37.20420811945280093, -5.912959040596257765, -42.00000000000001421 ) ) ;
#10089 = CARTESIAN_POINT ( 'NONE',  ( 50.00000000000000711, 0.000000000000000000, 41.49999999999933209 ) ) ;
#10090 = AXIS2_PLACEMENT_3D ( 'NONE', #3933, #6529, #11161 ) ;
#10091 = CARTESIAN_POINT ( 'NONE',  ( -10.49999999999999822, -9.999930192745603463, -14.40000007724585629 ) ) ;
#10092 = CARTESIAN_POINT ( 'NONE',  ( -10.50000000000000178, -10.53089257130205780, 19.30840484714764571 ) ) ;
#10093 = FACE_OUTER_BOUND ( 'NONE', #1229, .T. ) ;
#10094 = CARTESIAN_POINT ( 'NONE',  ( -10.49999999999999822, -9.987322139703598722, -13.75017797349558180 ) ) ;
#10095 = CARTESIAN_POINT ( 'NONE',  ( 38.56530765189496179, -5.025698268986445783, 42.00000000000000711 ) ) ;
#10096 = ORIENTED_EDGE ( 'NONE', *, *, #6114, .F. ) ;
#10097 = ORIENTED_EDGE ( 'NONE', *, *, #72, .F. ) ;
#10098 = ORIENTED_EDGE ( 'NONE', *, *, #6662, .T. ) ;
#10099 = ORIENTED_EDGE ( 'NONE', *, *, #2371, .T. ) ;
#10100 = EDGE_CURVE ( 'NONE', #6187, #5529, #6544, .T. ) ;
#10101 = VECTOR ( 'NONE', #614, 1000.000000000000000 ) ;
#10102 = EDGE_CURVE ( 'NONE', #11343, #2516, #7697, .T. ) ;
#10103 = FACE_OUTER_BOUND ( 'NONE', #4911, .T. ) ;
#10104 = EDGE_CURVE ( 'NONE', #2848, #5619, #9160, .T. ) ;
#10105 = DIRECTION ( 'NONE',  ( -0.000000000000000000, -0.000000000000000000, -1.000000000000000000 ) ) ;
#10106 = CARTESIAN_POINT ( 'NONE',  ( -50.00000000000000711, 1.000000000000000000, -50.00000000000000711 ) ) ;
#10107 = CARTESIAN_POINT ( 'NONE',  ( -32.86226415094330378, -11.60000000000000320, 45.68962710804181881 ) ) ;
#10108 = CARTESIAN_POINT ( 'NONE',  ( -34.67336761991958838, -5.092893069001402928, 42.00000000000001421 ) ) ;
#10109 = DIRECTION ( 'NONE',  ( -0.000000000000000000, 1.000000000000000000, -0.000000000000000000 ) ) ;
#10110 = CARTESIAN_POINT ( 'NONE',  ( 45.80000000000062244, -3.499999999999999556, -22.35000000000199805 ) ) ;
#10111 = VERTEX_POINT ( 'NONE', #11650 ) ;
#10112 = ORIENTED_EDGE ( 'NONE', *, *, #3047, .T. ) ;
#10113 = ORIENTED_EDGE ( 'NONE', *, *, #3868, .F. ) ;
#10114 = EDGE_CURVE ( 'NONE', #1243, #9060, #2851, .T. ) ;
#10115 = CARTESIAN_POINT ( 'NONE',  ( 33.20265829503870947, -11.58488983591142762, 42.19261752477218153 ) ) ;
#10116 = EDGE_CURVE ( 'NONE', #761, #2990, #2253, .T. ) ;
#10117 = CARTESIAN_POINT ( 'NONE',  ( -28.94999999999913243, -3.199999999999999289, 50.00000000000154188 ) ) ;
#10118 = CARTESIAN_POINT ( 'NONE',  ( -42.15557131665162416, -10.83476352432615286, -48.00000000000001421 ) ) ;
#10119 = CARTESIAN_POINT ( 'NONE',  ( -24.69999999999738094, 1.000000000000000000, 45.79999999999864713 ) ) ;
#10120 = DIRECTION ( 'NONE',  ( 0.000000000000000000, 1.000000000000000000, 0.000000000000000000 ) ) ;
#10121 = CARTESIAN_POINT ( 'NONE',  ( -48.00000000000014921, -8.450928971065298612, -39.37137840356200513 ) ) ;
#10122 = DIRECTION ( 'NONE',  ( -0.000000000000000000, -0.000000000000000000, -1.000000000000000000 ) ) ;
#10123 = DIRECTION ( 'NONE',  ( 0.000000000000000000, 1.000000000000000000, 0.000000000000000000 ) ) ;
#10124 = CIRCLE ( 'NONE', #2452, 2.349999999999997868 ) ;
#10125 = ORIENTED_EDGE ( 'NONE', *, *, #6338, .F. ) ;
#10126 = EDGE_CURVE ( 'NONE', #8323, #11331, #2427, .T. ) ;
#10127 = ORIENTED_EDGE ( 'NONE', *, *, #7475, .T. ) ;
#10128 = ORIENTED_EDGE ( 'NONE', *, *, #7850, .T. ) ;
#10129 = CARTESIAN_POINT ( 'NONE',  ( 0.000000000000000000, -10.00000000000000178, -12.90000000000000036 ) ) ;
#10130 = AXIS2_PLACEMENT_3D ( 'NONE', #3025, #1926, #11278 ) ;
#10131 = VERTEX_POINT ( 'NONE', #2369 ) ;
#10132 = EDGE_CURVE ( 'NONE', #11579, #8555, #9742, .T. ) ;
#10133 = DIRECTION ( 'NONE',  ( -0.000000000000000000, -0.000000000000000000, 1.000000000000000000 ) ) ;
#10134 = AXIS2_PLACEMENT_3D ( 'NONE', #3192, #6880, #1311 ) ;
#10135 = AXIS2_PLACEMENT_3D ( 'NONE', #8146, #11636, #4526 ) ;
#10136 = FACE_BOUND ( 'NONE', #9087, .T. ) ;
#10137 = CARTESIAN_POINT ( 'NONE',  ( -49.99999999999955946, 3.236067977499868853, 41.50000000000035527 ) ) ;
#10138 = CYLINDRICAL_SURFACE ( 'NONE', #2924, 1.000000000000000888 ) ;
#10139 = DIRECTION ( 'NONE',  ( -0.000000000000000000, 1.000000000000000000, -0.000000000000000000 ) ) ;
#10140 = CYLINDRICAL_SURFACE ( 'NONE', #3477, 2.999999999999999112 ) ;
#10141 = ORIENTED_EDGE ( 'NONE', *, *, #5910, .T. ) ;
#10142 = VERTEX_POINT ( 'NONE', #5144 ) ;
#10143 = ORIENTED_EDGE ( 'NONE', *, *, #9077, .F. ) ;
#10144 = VECTOR ( 'NONE', #6331, 1000.000000000000000 ) ;
#10145 = ORIENTED_EDGE ( 'NONE', *, *, #9618, .T. ) ;
#10146 = CYLINDRICAL_SURFACE ( 'NONE', #8239, 2.000000000000000000 ) ;
#10147 = FACE_OUTER_BOUND ( 'NONE', #414, .T. ) ;
#10148 = CARTESIAN_POINT ( 'NONE',  ( 10.50000000000000178, -9.999953604219706804, 9.461999996720289019 ) ) ;
#10150 = AXIS2_PLACEMENT_3D ( 'NONE', #6422, #9914, #6482 ) ;
#10149 = AXIS2_PLACEMENT_3D ( 'NONE', #10549, #6762, #5971 ) ;
#10151 = CARTESIAN_POINT ( 'NONE',  ( -10.49999999999999822, -7.906753446070894142, -21.33041222926297920 ) ) ;
#10152 = CARTESIAN_POINT ( 'NONE',  ( 24.70000000000261764, -3.499999999999999556, 48.14999999999864855 ) ) ;
#10153 = CARTESIAN_POINT ( 'NONE',  ( -43.49999999999987921, -3.199999999999999734, 38.09999999999998721 ) ) ;
#10154 = CARTESIAN_POINT ( 'NONE',  ( -41.99999999999819522, -5.000000000000000000, -27.10000000000049170 ) ) ;
#10155 = VECTOR ( 'NONE', #6703, 1000.000000000000000 ) ;
#10156 = ORIENTED_EDGE ( 'NONE', *, *, #1631, .F. ) ;
#10157 = ORIENTED_EDGE ( 'NONE', *, *, #9053, .T. ) ;
#10158 = VERTEX_POINT ( 'NONE', #557 ) ;
#10159 = ORIENTED_EDGE ( 'NONE', *, *, #5994, .F. ) ;
#10160 = ADVANCED_FACE ( 'NONE', ( #1281, #5202 ), #6966, .T. ) ;
#10161 = VECTOR ( 'NONE', #7588, 1000.000000000000000 ) ;
#10162 = CARTESIAN_POINT ( 'NONE',  ( 45.80000000000062244, -3.499999999999999556, -22.35000000000199805 ) ) ;
#10163 = CARTESIAN_POINT ( 'NONE',  ( -41.50000000000041922, -17.19238815542524534, -41.99999999999950973 ) ) ;
#10164 = DIRECTION ( 'NONE',  ( -1.000000000000000000, 0.000000000000000000, 0.000000000000000000 ) ) ;
#10165 = DIRECTION ( 'NONE',  ( -1.746776231977451974E-16, 0.000000000000000000, -1.000000000000000000 ) ) ;
#10166 = VECTOR ( 'NONE', #1932, 1000.000000000000000 ) ;
#10167 = ADVANCED_FACE ( 'NONE', ( #6060 ), #5031, .F. ) ;
#10168 = DIRECTION ( 'NONE',  ( -0.000000000000000000, -0.000000000000000000, 1.000000000000000000 ) ) ;
#10169 = DIRECTION ( 'NONE',  ( -0.000000000000000000, -0.000000000000000000, 1.000000000000000000 ) ) ;
#10170 = ORIENTED_EDGE ( 'NONE', *, *, #6267, .T. ) ;
#10171 = ORIENTED_EDGE ( 'NONE', *, *, #4942, .F. ) ;
#10172 = ADVANCED_FACE ( 'NONE', ( #616, #4129, #7991 ), #8654, .T. ) ;
#10173 = VERTEX_POINT ( 'NONE', #4065 ) ;
#10174 = CARTESIAN_POINT ( 'NONE',  ( 37.50000000000000711, -15.00000000000000355, 38.54999999999999716 ) ) ;
#10175 = B_SPLINE_CURVE_WITH_KNOTS ( 'NONE', 3,
 ( #8639, #2236, #11461, #6839, #10562, #5074, #10504, #11574, #9715, #8870, #2295, #3083, #5985, #4172 ),
 .UNSPECIFIED., .F., .F.,
 ( 4, 2, 2, 2, 2, 2, 4 ),
 ( 0.000000000000000000, 0.001141940923852202781, 0.002283881847704408163, 0.002854852309630509771, 0.003425822771556610944, 0.003996793233482712551, 0.004567763695408814592 ),
 .UNSPECIFIED. ) ;
#10176 = DIRECTION ( 'NONE',  ( 1.000000000000000000, 0.000000000000000000, -1.387778780781445676E-16 ) ) ;
#10177 = CYLINDRICAL_SURFACE ( 'NONE', #2323, 2.350000000000001421 ) ;
#10178 = CARTESIAN_POINT ( 'NONE',  ( 0.000000000000000000, -1.000000000000000000, 25.00000000000000000 ) ) ;
#10179 = DIRECTION ( 'NONE',  ( 0.000000000000000000, -0.000000000000000000, -1.000000000000000000 ) ) ;
#10180 = CARTESIAN_POINT ( 'NONE',  ( 28.14999999999983160, -3.199999999999999289, -48.00000000000000711 ) ) ;
#10181 = EDGE_CURVE ( 'NONE', #2972, #3474, #6853, .T. ) ;
#10182 = DIRECTION ( 'NONE',  ( 0.000000000000000000, 0.000000000000000000, -1.000000000000000000 ) ) ;
#10183 = FACE_OUTER_BOUND ( 'NONE', #8718, .T. ) ;
#10184 = AXIS2_PLACEMENT_3D ( 'NONE', #6708, #3076, #3140 ) ;
#10185 = EDGE_LOOP ( 'NONE', ( #4932, #7268 ) ) ;
#10186 = EDGE_LOOP ( 'NONE', ( #1432, #2092, #4407, #7120 ) ) ;
#10187 = ORIENTED_EDGE ( 'NONE', *, *, #11645, .T. ) ;
#10188 = ADVANCED_FACE ( 'NONE', ( #6913 ), #2547, .T. ) ;
#10189 = CARTESIAN_POINT ( 'NONE',  ( -31.29999999999983373, -0.1999999999999999833, -48.00000000000000711 ) ) ;
#10190 = ORIENTED_EDGE ( 'NONE', *, *, #7096, .T. ) ;
#10191 = DIRECTION ( 'NONE',  ( 4.476705744456268255E-15, 0.000000000000000000, 1.000000000000000000 ) ) ;
#10192 = EDGE_CURVE ( 'NONE', #7088, #6139, #5322, .T. ) ;
#10193 = AXIS2_PLACEMENT_3D ( 'NONE', #4376, #2623, #8060 ) ;
#10194 = DIRECTION ( 'NONE',  ( 3.491481338843133355E-15, -0.000000000000000000, 1.000000000000000000 ) ) ;
#10195 = DIRECTION ( 'NONE',  ( -1.000000000000000000, 0.000000000000000000, 3.491481338843133355E-15 ) ) ;
#10196 = EDGE_CURVE ( 'NONE', #2449, #3730, #8023, .T. ) ;
#10197 = CARTESIAN_POINT ( 'NONE',  ( -40.00000000000000711, -15.00000000000000355, -47.15000000000001279 ) ) ;
#10198 = DIRECTION ( 'NONE',  ( 0.000000000000000000, 0.000000000000000000, -1.000000000000000000 ) ) ;
#10199 = CARTESIAN_POINT ( 'NONE',  ( -40.45587828773334138, -8.400000000000002132, 42.00000000000000711 ) ) ;
#10200 = DIRECTION ( 'NONE',  ( -1.000000000000000000, 0.000000000000000000, 3.491481338843133355E-15 ) ) ;
#10201 = ORIENTED_EDGE ( 'NONE', *, *, #17, .F. ) ;
#10202 = ORIENTED_EDGE ( 'NONE', *, *, #6728, .F. ) ;
#10203 = ORIENTED_EDGE ( 'NONE', *, *, #3402, .T. ) ;
#10204 = AXIS2_PLACEMENT_3D ( 'NONE', #9131, #5451, #6361 ) ;
#10205 = ORIENTED_EDGE ( 'NONE', *, *, #2084, .T. ) ;
#10206 = ORIENTED_EDGE ( 'NONE', *, *, #4514, .T. ) ;
#10207 = EDGE_CURVE ( 'NONE', #3048, #7219, #3778, .T. ) ;
#10208 = DIRECTION ( 'NONE',  ( -0.000000000000000000, -0.000000000000000000, -1.000000000000000000 ) ) ;
#10209 = B_SPLINE_CURVE_WITH_KNOTS ( 'NONE', 3,
 ( #2422, #8707, #4125, #8770, #6115, #11471, #6054, #9785, #2485, #3221, #9668, #1450, #8826, #10574, #6169, #554, #9838, #1510 ),
 .UNSPECIFIED., .F., .F.,
 ( 4, 2, 2, 2, 2, 2, 2, 2, 4 ),
 ( -0.002711436051287193037, -0.001899919640161356130, -0.001088403229035519006, -0.0002768868179096818823, 0.0005346295932161550246, 0.001346146004341991931, 0.002157662415467829272, 0.002969178826593668347, 0.003780695237719507423 ),
 .UNSPECIFIED. ) ;
#10210 = LINE ( 'NONE', #8593, #8704 ) ;
#10211 = CARTESIAN_POINT ( 'NONE',  ( -49.99999999999955946, -1.000000000000000000, 41.50000000000035527 ) ) ;
#10212 = CARTESIAN_POINT ( 'NONE',  ( -15.00000000000000355, -1.000000000000000000, -40.00000000000000000 ) ) ;
#10213 = VECTOR ( 'NONE', #3997, 1000.000000000000000 ) ;
#10214 = CARTESIAN_POINT ( 'NONE',  ( 49.99999999999999289, -1.000000000000000000, -50.00000000000000711 ) ) ;
#10215 = FACE_OUTER_BOUND ( 'NONE', #1227, .T. ) ;
#10216 = CARTESIAN_POINT ( 'NONE',  ( 10.49999999999999822, -7.906753446070894142, -21.33041222926297920 ) ) ;
#10217 = CIRCLE ( 'NONE', #6566, 1.549999999999999378 ) ;
#10218 = ORIENTED_EDGE ( 'NONE', *, *, #326, .T. ) ;
#10219 = ORIENTED_EDGE ( 'NONE', *, *, #11849, .T. ) ;
#10220 = ORIENTED_EDGE ( 'NONE', *, *, #3835, .T. ) ;
#10221 = ORIENTED_EDGE ( 'NONE', *, *, #6098, .F. ) ;
#10222 = CARTESIAN_POINT ( 'NONE',  ( -24.69999999999738094, -3.499999999999999556, 48.14999999999864855 ) ) ;
#10223 = VECTOR ( 'NONE', #1421, 1000.000000000000000 ) ;
#10224 = CARTESIAN_POINT ( 'NONE',  ( 47.99999999999972289, -0.1999999999999999833, -27.10000000000033538 ) ) ;
#10225 = CARTESIAN_POINT ( 'NONE',  ( -1.439820485060795642E-14, -1.000000000000000000, -16.60000000000052722 ) ) ;
#10226 = EDGE_CURVE ( 'NONE', #9341, #9452, #8406, .T. ) ;
#10227 = DIRECTION ( 'NONE',  ( 0.000000000000000000, 0.000000000000000000, 1.000000000000000000 ) ) ;
#10228 = DIRECTION ( 'NONE',  ( -0.000000000000000000, 1.000000000000000000, -0.000000000000000000 ) ) ;
#10229 = CARTESIAN_POINT ( 'NONE',  ( 30.49999999999954170, -3.199999999999999289, -42.00000000000000711 ) ) ;
#10230 = PLANE ( 'NONE',  #5534 ) ;
#10231 = ORIENTED_EDGE ( 'NONE', *, *, #7717, .F. ) ;
#10232 = VERTEX_POINT ( 'NONE', #2607 ) ;
#10233 = VERTEX_POINT ( 'NONE', #9001 ) ;
#10234 = DIRECTION ( 'NONE',  ( -1.000000000000000000, 0.000000000000000000, 3.491481338843133355E-15 ) ) ;
#10235 = AXIS2_PLACEMENT_3D ( 'NONE', #9304, #3281, #3338 ) ;
#10236 = VECTOR ( 'NONE', #3935, 1000.000000000000000 ) ;
#10237 = CARTESIAN_POINT ( 'NONE',  ( 29.89374365920026477, -7.993131705173776247, 41.60720462900663819 ) ) ;
#10238 = CARTESIAN_POINT ( 'NONE',  ( 10.50000000000000178, -4.625684241367294725, 21.97993902474789607 ) ) ;
#10239 = LINE ( 'NONE', #224, #11457 ) ;
#10240 = ADVANCED_FACE ( 'NONE', ( #10017 ), #7201, .T. ) ;
#10241 = CARTESIAN_POINT ( 'NONE',  ( -48.00000000000011369, -8.000000000000001776, -30.09999999999966391 ) ) ;
#10242 = DIRECTION ( 'NONE',  ( 0.000000000000000000, 1.000000000000000000, 0.000000000000000000 ) ) ;
#10243 = DIRECTION ( 'NONE',  ( 1.000000000000000000, 0.000000000000000000, -9.607699251563847759E-15 ) ) ;
#10244 = AXIS2_PLACEMENT_3D ( 'NONE', #9200, #5644, #3840 ) ;
#10245 = AXIS2_PLACEMENT_3D ( 'NONE', #3708, #7395, #11060 ) ;
#10246 = CARTESIAN_POINT ( 'NONE',  ( -50.00000000000000711, 1.000000000000000000, -50.00000000000000711 ) ) ;
#10247 = DIRECTION ( 'NONE',  ( 0.000000000000000000, 0.000000000000000000, -1.000000000000000000 ) ) ;
#10248 = LINE ( 'NONE', #3923, #3682 ) ;
#10249 = EDGE_LOOP ( 'NONE', ( #1829, #9135 ) ) ;
#10250 = ORIENTED_EDGE ( 'NONE', *, *, #3363, .T. ) ;
#10251 = ORIENTED_EDGE ( 'NONE', *, *, #10835, .T. ) ;
#10252 = LINE ( 'NONE', #1012, #6055 ) ;
#10253 = ORIENTED_EDGE ( 'NONE', *, *, #9663, .F. ) ;
#10254 = EDGE_CURVE ( 'NONE', #2405, #6018, #5317, .T. ) ;
#10255 = VECTOR ( 'NONE', #10528, 1000.000000000000000 ) ;
#10256 = LINE ( 'NONE', #8393, #8341 ) ;
#10257 = ADVANCED_FACE ( 'NONE', ( #9055 ), #7262, .F. ) ;
#10258 = AXIS2_PLACEMENT_3D ( 'NONE', #9750, #7162, #3367 ) ;
#10259 = DIRECTION ( 'NONE',  ( 0.000000000000000000, 0.000000000000000000, -1.000000000000000000 ) ) ;
#10260 = CARTESIAN_POINT ( 'NONE',  ( -41.82171917423581675, -8.737696543422719841, 41.67828082576408377 ) ) ;
#10261 = DIRECTION ( 'NONE',  ( 1.000000000000000000, 0.000000000000000000, -8.953411488912536510E-15 ) ) ;
#10262 = CARTESIAN_POINT ( 'NONE',  ( 40.00000000000000000, -1.000000000000000000, 14.99999999999982236 ) ) ;
#10263 = CARTESIAN_POINT ( 'NONE',  ( -41.49999999999992184, -5.234697887287005358, -42.00000000000000711 ) ) ;
#10264 = CARTESIAN_POINT ( 'NONE',  ( -50.00000000000000711, -1.000000000000000000, -49.00000000000000711 ) ) ;
#10265 = ORIENTED_EDGE ( 'NONE', *, *, #11641, .T. ) ;
#10266 = ORIENTED_EDGE ( 'NONE', *, *, #7199, .F. ) ;
#10267 = VERTEX_POINT ( 'NONE', #6290 ) ;
#10268 = VERTEX_POINT ( 'NONE', #8159 ) ;
#10269 = AXIS2_PLACEMENT_3D ( 'NONE', #11096, #10133, #6586 ) ;
#10270 = EDGE_CURVE ( 'NONE', #10956, #11034, #8178, .T. ) ;
#10271 = EDGE_LOOP ( 'NONE', ( #1936, #1783, #2594, #3567 ) ) ;
#10272 = DIRECTION ( 'NONE',  ( -0.000000000000000000, -0.000000000000000000, 1.000000000000000000 ) ) ;
#10273 = EDGE_CURVE ( 'NONE', #982, #9692, #6873, .T. ) ;
#10274 = EDGE_CURVE ( 'NONE', #8162, #3003, #11826, .T. ) ;
#10275 = DIRECTION ( 'NONE',  ( -1.000000000000000000, -0.000000000000000000, 3.491481338843133355E-15 ) ) ;
#10276 = CARTESIAN_POINT ( 'NONE',  ( -41.49999999999947420, 1.000000000000000000, 50.00000000000044764 ) ) ;
#10277 = DIRECTION ( 'NONE',  ( 0.000000000000000000, -1.000000000000000000, 0.000000000000000000 ) ) ;
#10278 = VECTOR ( 'NONE', #3132, 1000.000000000000000 ) ;
#10279 = CARTESIAN_POINT ( 'NONE',  ( 35.12819084543277626, -11.94272627569569423, -42.00000000000001421 ) ) ;
#10280 = LINE ( 'NONE', #2075, #11585 ) ;
#10281 = CARTESIAN_POINT ( 'NONE',  ( 10.49999999999999822, -0.2465537652539989966, -26.19846911439987025 ) ) ;
#10282 = COLOUR_RGB ( '',0.7921568627450980005, 0.8196078431372548767, 0.9333333333333333481 ) ;
#10283 = ORIENTED_EDGE ( 'NONE', *, *, #9241, .F. ) ;
#10284 = ORIENTED_EDGE ( 'NONE', *, *, #3126, .F. ) ;
#10285 = ORIENTED_EDGE ( 'NONE', *, *, #1024, .T. ) ;
#10286 = ADVANCED_FACE ( 'NONE', ( #5266 ), #8276, .F. ) ;
#10287 = AXIS2_PLACEMENT_3D ( 'NONE', #5291, #6439, #8970 ) ;
#10288 = CARTESIAN_POINT ( 'NONE',  ( 38.09999999999983800, -3.199999999999999734, -48.00000000000000711 ) ) ;
#10289 = AXIS2_PLACEMENT_3D ( 'NONE', #5274, #8956, #8167 ) ;
#10290 = DIRECTION ( 'NONE',  ( 0.000000000000000000, 1.000000000000000000, 0.000000000000000000 ) ) ;
#10291 = FILL_AREA_STYLE_COLOUR ( '', #10282 ) ;
#10292 = CARTESIAN_POINT ( 'NONE',  ( -39.90592156340607488, -6.550912756285565131, 42.00000000000001421 ) ) ;
#10293 = LINE ( 'NONE', #9390, #9487 ) ;
#10294 = CARTESIAN_POINT ( 'NONE',  ( -30.49999999999983302, -3.199999999999999289, -43.50000000000001421 ) ) ;
#10295 = FACE_BOUND ( 'NONE', #3625, .T. ) ;
#10296 = VERTEX_POINT ( 'NONE', #2723 ) ;
#10297 = ORIENTED_EDGE ( 'NONE', *, *, #1617, .T. ) ;
#10298 = EDGE_CURVE ( 'NONE', #3927, #1458, #4366, .T. ) ;
#10299 = AXIS2_PLACEMENT_3D ( 'NONE', #243, #958, #2053 ) ;
#10300 = ORIENTED_EDGE ( 'NONE', *, *, #4243, .T. ) ;
#10301 = CARTESIAN_POINT ( 'NONE',  ( 37.19586187348504325, -5.000000000000001776, 42.00000000000000711 ) ) ;
#10302 = LINE ( 'NONE', #3006, #2439 ) ;
#10303 = DIRECTION ( 'NONE',  ( -1.000000000000000000, -0.000000000000000000, 1.047444401652940007E-14 ) ) ;
#10304 = DIRECTION ( 'NONE',  ( -0.000000000000000000, 1.000000000000000000, -0.000000000000000000 ) ) ;
#10305 = DIRECTION ( 'NONE',  ( -0.000000000000000000, 1.000000000000000000, -0.000000000000000000 ) ) ;
#10306 = DIRECTION ( 'NONE',  ( -0.000000000000000000, 0.000000000000000000, -1.000000000000000000 ) ) ;
#10307 = LINE ( 'NONE', #2952, #1658 ) ;
#10308 = CARTESIAN_POINT ( 'NONE',  ( 24.70000000000261764, -3.499999999999999556, 45.79999999999864713 ) ) ;
#10309 = CARTESIAN_POINT ( 'NONE',  ( 28.14999999999983160, -3.199999999999998845, 43.50000000000001421 ) ) ;
#10310 = EDGE_LOOP ( 'NONE', ( #5408, #1710 ) ) ;
#10311 = ORIENTED_EDGE ( 'NONE', *, *, #7781, .T. ) ;
#10312 = CARTESIAN_POINT ( 'NONE',  ( 40.92613488088842644, -11.36811593536007337, -48.00000000000000711 ) ) ;
#10313 = ORIENTED_EDGE ( 'NONE', *, *, #3056, .F. ) ;
#10314 = ADVANCED_FACE ( 'NONE', ( #8946 ), #11708, .F. ) ;
#10315 = LINE ( 'NONE', #11941, #1587 ) ;
#10316 = CIRCLE ( 'NONE', #6861, 4.000000000000000000 ) ;
#10317 = LINE ( 'NONE', #9350, #6476 ) ;
#10318 = CARTESIAN_POINT ( 'NONE',  ( -27.09999999999983089, -5.000000000000000000, 42.00000000000000711 ) ) ;
#10319 = DIRECTION ( 'NONE',  ( 6.982962677686267499E-15, -0.000000000000000000, 1.000000000000000000 ) ) ;
#10320 = DIRECTION ( 'NONE',  ( -0.000000000000000000, 1.000000000000000000, -0.000000000000000000 ) ) ;
#10321 = CARTESIAN_POINT ( 'NONE',  ( 38.09999999999983800, -3.199999999999999734, 43.50000000000001421 ) ) ;
#10322 = CARTESIAN_POINT ( 'NONE',  ( 24.69999999999848228, -5.000000000000000000, 47.35000000000037090 ) ) ;
#10323 = ORIENTED_EDGE ( 'NONE', *, *, #4514, .F. ) ;
#10324 = ADVANCED_FACE ( 'NONE', ( #10752 ), #2488, .F. ) ;
#10325 = EDGE_LOOP ( 'NONE', ( #8572, #8342, #967, #4030, #677 ) ) ;
#10326 = DIRECTION ( 'NONE',  ( 0.7071067811864886199, 0.000000000000000000, -0.7071067811866064146 ) ) ;
#10327 = ORIENTED_EDGE ( 'NONE', *, *, #7733, .F. ) ;
#10328 = ORIENTED_EDGE ( 'NONE', *, *, #3461, .T. ) ;
#10329 = EDGE_CURVE ( 'NONE', #2123, #11372, #698, .T. ) ;
#10330 = CIRCLE ( 'NONE', #5326, 1.550000000000002709 ) ;
#10331 = CIRCLE ( 'NONE', #5707, 2.349999999999997868 ) ;
#10332 = LINE ( 'NONE', #6416, #4206 ) ;
#10333 = DIRECTION ( 'NONE',  ( 0.000000000000000000, 0.000000000000000000, -1.000000000000000000 ) ) ;
#10334 = CYLINDRICAL_SURFACE ( 'NONE', #10483, 1.600000000000000755 ) ;
#10335 = CARTESIAN_POINT ( 'NONE',  ( -45.79999999999802185, -3.499999999999999556, 27.05000000000062599 ) ) ;
#10336 = CARTESIAN_POINT ( 'NONE',  ( 34.51718278470460888, -10.86756501832776678, -42.00000000000001421 ) ) ;
#10337 = CARTESIAN_POINT ( 'NONE',  ( -38.09999999999983800, -3.199999999999999734, -43.50000000000001421 ) ) ;
#10338 = LINE ( 'NONE', #4131, #8094 ) ;
#10339 = CIRCLE ( 'NONE', #6691, 2.349999999999997868 ) ;
#10340 = AXIS2_PLACEMENT_3D ( 'NONE', #8638, #1379, #10443 ) ;
#10341 = ADVANCED_FACE ( 'NONE', ( #2844 ), #6654, .F. ) ;
#10342 = EDGE_LOOP ( 'NONE', ( #8801, #10684, #1623, #397 ) ) ;
#10343 = ORIENTED_EDGE ( 'NONE', *, *, #4955, .F. ) ;
#10344 = ORIENTED_EDGE ( 'NONE', *, *, #8923, .F. ) ;
#10345 = EDGE_CURVE ( 'NONE', #1680, #4783, #7455, .T. ) ;
#10346 = DIRECTION ( 'NONE',  ( -1.000000000000000000, 0.000000000000000000, 3.491481338843133355E-15 ) ) ;
#10348 = AXIS2_PLACEMENT_3D ( 'NONE', #3225, #8830, #5090 ) ;
#10347 = AXIS2_PLACEMENT_3D ( 'NONE', #288, #5061, #7789 ) ;
#10349 = VECTOR ( 'NONE', #7264, 1000.000000000000000 ) ;
#10350 = CARTESIAN_POINT ( 'NONE',  ( 49.00000000000000000, 0.000000000000000000, -6.800116025829083810E-15 ) ) ;
#10351 = DIRECTION ( 'NONE',  ( -0.000000000000000000, 0.000000000000000000, -1.000000000000000000 ) ) ;
#10352 = EDGE_CURVE ( 'NONE', #1108, #11561, #1084, .T. ) ;
#10353 = VECTOR ( 'NONE', #9642, 1000.000000000000000 ) ;
#10354 = CARTESIAN_POINT ( 'NONE',  ( 47.99999999999960210, -3.199999999999999734, -38.10000000000033538 ) ) ;
#10355 = FACE_OUTER_BOUND ( 'NONE', #5153, .T. ) ;
#10356 = ADVANCED_FACE ( 'NONE', ( #1020 ), #3814, .T. ) ;
#10357 = CARTESIAN_POINT ( 'NONE',  ( 10.49999999999999822, -13.00000000000000178, -14.40000000000000036 ) ) ;
#10358 = LINE ( 'NONE', #3966, #5734 ) ;
#10359 = EDGE_LOOP ( 'NONE', ( #7579, #5341, #125, #188, #1651, #1607, #3212, #1966, #7042 ) ) ;
#10360 = ORIENTED_EDGE ( 'NONE', *, *, #3479, .F. ) ;
#10361 = CIRCLE ( 'NONE', #2646, 3.400000000000000355 ) ;
#10362 = ADVANCED_FACE ( 'NONE', ( #7560 ), #8461, .F. ) ;
#10363 = ORIENTED_EDGE ( 'NONE', *, *, #11533, .T. ) ;
#10364 = DIRECTION ( 'NONE',  ( 0.000000000000000000, 0.000000000000000000, -1.000000000000000000 ) ) ;
#10365 = DIRECTION ( 'NONE',  ( -0.000000000000000000, 1.000000000000000000, -0.000000000000000000 ) ) ;
#10366 = FACE_OUTER_BOUND ( 'NONE', #5888, .T. ) ;
#10367 = LINE ( 'NONE', #6636, #11066 ) ;
#10368 = VECTOR ( 'NONE', #9568, 1000.000000000000000 ) ;
#10369 = DIRECTION ( 'NONE',  ( 8.953411488912536510E-15, 0.000000000000000000, 1.000000000000000000 ) ) ;
#10370 = VECTOR ( 'NONE', #2354, 1000.000000000000000 ) ;
#10371 = CARTESIAN_POINT ( 'NONE',  ( -27.09999999999983089, -0.1999999999999999833, 50.00000000000000711 ) ) ;
#10372 = DIRECTION ( 'NONE',  ( -0.000000000000000000, 1.000000000000000000, -0.000000000000000000 ) ) ;
#10373 = CARTESIAN_POINT ( 'NONE',  ( -41.99999999999988631, -3.199999999999999734, 36.54999999999997584 ) ) ;
#10374 = CARTESIAN_POINT ( 'NONE',  ( -10.49999999999999822, -10.00000000000000178, -12.40000000000000036 ) ) ;
#10375 = ORIENTED_EDGE ( 'NONE', *, *, #4243, .F. ) ;
#10376 = EDGE_LOOP ( 'NONE', ( #5714, #7367, #5410, #9295 ) ) ;
#10377 = CARTESIAN_POINT ( 'NONE',  ( 38.09999999999948983, -3.199999999999999734, -50.00000000000076739 ) ) ;
#10378 = EDGE_LOOP ( 'NONE', ( #4606, #10266, #11123, #1256 ) ) ;
#10379 = AXIS2_PLACEMENT_3D ( 'NONE', #11696, #2027, #1964 ) ;
#10380 = CARTESIAN_POINT ( 'NONE',  ( 40.00000000000000711, -8.000000000000001776, -42.80000000000001137 ) ) ;
#10381 = CYLINDRICAL_SURFACE ( 'NONE', #5908, 1.550000000000002709 ) ;
#10382 = FACE_OUTER_BOUND ( 'NONE', #11432, .T. ) ;
#10383 = ADVANCED_FACE ( 'NONE', ( #4721 ), #8399, .F. ) ;
#10384 = DIRECTION ( 'NONE',  ( 1.000000000000000000, 0.000000000000000000, -1.047444401652940007E-14 ) ) ;
#10385 = CARTESIAN_POINT ( 'NONE',  ( -24.70000000000000995, -3.499999999999999556, -48.15000000000000568 ) ) ;
#10386 = CARTESIAN_POINT ( 'NONE',  ( 10.50000000000000178, -5.874890559867465001, 20.70085937582247837 ) ) ;
#10387 = CARTESIAN_POINT ( 'NONE',  ( 48.00000000000017764, -1.000000000000000000, 47.99999999999969447 ) ) ;
#10388 = VERTEX_POINT ( 'NONE', #11163 ) ;
#10389 = ORIENTED_EDGE ( 'NONE', *, *, #1706, .T. ) ;
#10390 = FACE_BOUND ( 'NONE', #5503, .T. ) ;
#10391 = ORIENTED_EDGE ( 'NONE', *, *, #11264, .T. ) ;
#10392 = DIRECTION ( 'NONE',  ( -1.000000000000000000, 0.000000000000000000, 0.000000000000000000 ) ) ;
#10393 = EDGE_CURVE ( 'NONE', #10913, #1472, #7380, .T. ) ;
#10394 = LINE ( 'NONE', #2127, #3684 ) ;
#10395 = CARTESIAN_POINT ( 'NONE',  ( 39.64999999999949409, -3.199999999999999734, -50.00000000000078160 ) ) ;
#10396 = EDGE_CURVE ( 'NONE', #605, #4117, #2783, .T. ) ;
#10397 = CARTESIAN_POINT ( 'NONE',  ( -49.99999999999990052, 1.000000000000000000, 31.30000000000000782 ) ) ;
#10398 = CARTESIAN_POINT ( 'NONE',  ( 34.27384986881057216, -10.53815295654404949, -42.00000000000000711 ) ) ;
#10399 = DIRECTION ( 'NONE',  ( -0.000000000000000000, 1.000000000000000000, 0.000000000000000000 ) ) ;
#10400 = DIRECTION ( 'NONE',  ( -1.000000000000000000, 0.000000000000000000, 0.000000000000000000 ) ) ;
#10401 = AXIS2_PLACEMENT_3D ( 'NONE', #8234, #5392, #4555 ) ;
#10402 = ORIENTED_EDGE ( 'NONE', *, *, #8259, .F. ) ;
#10403 = ORIENTED_EDGE ( 'NONE', *, *, #2944, .T. ) ;
#10404 = ORIENTED_EDGE ( 'NONE', *, *, #2751, .F. ) ;
#10405 = AXIS2_PLACEMENT_3D ( 'NONE', #377, #8540, #11417 ) ;
#10406 = CARTESIAN_POINT ( 'NONE',  ( 36.54999999999948557, -3.199999999999999734, -50.00000000000075318 ) ) ;
#10407 = EDGE_CURVE ( 'NONE', #4232, #2119, #6296, .T. ) ;
#10408 = FACE_OUTER_BOUND ( 'NONE', #4275, .T. ) ;
#10409 = CARTESIAN_POINT ( 'NONE',  ( -29.25206127377781939, -7.877734870317126159, 43.01620059276601182 ) ) ;
#10410 = CARTESIAN_POINT ( 'NONE',  ( 24.69999999999998863, -3.499999999999999556, -48.15000000000000568 ) ) ;
#10411 = AXIS2_PLACEMENT_3D ( 'NONE', #3022, #1615, #4281 ) ;
#10412 = CARTESIAN_POINT ( 'NONE',  ( -24.70000000000000995, -3.499999999999999556, -45.80000000000000426 ) ) ;
#10413 = CARTESIAN_POINT ( 'NONE',  ( 45.80000000000062244, -3.499999999999999556, -24.69999999999800622 ) ) ;
#10414 = DIRECTION ( 'NONE',  ( 0.000000000000000000, 0.000000000000000000, 1.000000000000000000 ) ) ;
#10415 = EDGE_LOOP ( 'NONE', ( #8011, #2713, #8850, #10311 ) ) ;
#10416 = VERTEX_POINT ( 'NONE', #302 ) ;
#10417 = VERTEX_POINT ( 'NONE', #3875 ) ;
#10418 = VERTEX_POINT ( 'NONE', #11282 ) ;
#10419 = AXIS2_PLACEMENT_3D ( 'NONE', #5273, #2319, #681 ) ;
#10420 = CARTESIAN_POINT ( 'NONE',  ( 21.49897948556864336, -5.000000000000000000, -49.99999999999884182 ) ) ;
#10421 = EDGE_CURVE ( 'NONE', #11335, #2078, #1146, .T. ) ;
#10422 = CARTESIAN_POINT ( 'NONE',  ( -10.50000000000000178, -9.976453121229452492, 8.461707764593960235 ) ) ;
#10423 = DIRECTION ( 'NONE',  ( 0.000000000000000000, 0.000000000000000000, -1.000000000000000000 ) ) ;
#10424 = ADVANCED_FACE ( 'NONE', ( #5677 ), #5743, .F. ) ;
#10425 = LINE ( 'NONE', #10544, #4283 ) ;
#10426 = ADVANCED_FACE ( 'NONE', ( #6715 ), #11043, .F. ) ;
#10427 = CIRCLE ( 'NONE', #3107, 4.000000000000000000 ) ;
#10428 = CARTESIAN_POINT ( 'NONE',  ( -41.49999999999880629, 3.236067977499868853, 50.00000000000044764 ) ) ;
#10429 = DIRECTION ( 'NONE',  ( -3.491481338843133355E-15, -1.204669080539449097E-16, -1.000000000000000000 ) ) ;
#10430 = FACE_OUTER_BOUND ( 'NONE', #7351, .T. ) ;
#10431 = AXIS2_PLACEMENT_3D ( 'NONE', #11773, #3642, #11112 ) ;
#10432 = DIRECTION ( 'NONE',  ( 1.000000000000000000, -0.000000000000000000, 1.224646799147353207E-16 ) ) ;
#10433 = VERTEX_POINT ( 'NONE', #11102 ) ;
#10434 = ORIENTED_EDGE ( 'NONE', *, *, #9455, .F. ) ;
#10435 = CIRCLE ( 'NONE', #9493, 1.549999999999999378 ) ;
#10436 = CARTESIAN_POINT ( 'NONE',  ( -49.00000000000000711, -1.000000000000000000, -50.00000000000000711 ) ) ;
#10437 = VERTEX_POINT ( 'NONE', #10385 ) ;
#10438 = CIRCLE ( 'NONE', #5233, 1.000000000000000888 ) ;
#10439 = FACE_OUTER_BOUND ( 'NONE', #6598, .T. ) ;
#10440 = AXIS2_PLACEMENT_3D ( 'NONE', #5321, #2426, #7138 ) ;
#10441 = VECTOR ( 'NONE', #2678, 1000.000000000000000 ) ;
#10442 = CARTESIAN_POINT ( 'NONE',  ( 0.000000000000000000, -1.000000000000000000, 0.000000000000000000 ) ) ;
#10443 = DIRECTION ( 'NONE',  ( 0.000000000000000000, 0.000000000000000000, -1.000000000000000000 ) ) ;
#10444 = DIRECTION ( 'NONE',  ( 0.000000000000000000, 0.000000000000000000, -1.000000000000000000 ) ) ;
#10445 = DIRECTION ( 'NONE',  ( -0.000000000000000000, -1.000000000000000000, -0.000000000000000000 ) ) ;
#10446 = CARTESIAN_POINT ( 'NONE',  ( 10.50000000000000178, -12.97385506146578926, 8.336881450591459242 ) ) ;
#10447 = CARTESIAN_POINT ( 'NONE',  ( -47.99999999999989342, -0.1999999999999999833, 31.30000000000000071 ) ) ;
#10448 = ORIENTED_EDGE ( 'NONE', *, *, #11344, .T. ) ;
#10449 = ORIENTED_EDGE ( 'NONE', *, *, #11041, .T. ) ;
#10450 = DIRECTION ( 'NONE',  ( 0.000000000000000000, 0.000000000000000000, 1.000000000000000000 ) ) ;
#10451 = CARTESIAN_POINT ( 'NONE',  ( 35.27926681261623543, -5.313418668134275435, 42.00000000000000711 ) ) ;
#10452 = ORIENTED_EDGE ( 'NONE', *, *, #2306, .T. ) ;
#10453 = AXIS2_PLACEMENT_3D ( 'NONE', #2602, #1132, #4476 ) ;
#10454 = CIRCLE ( 'NONE', #5070, 7.949999999999998401 ) ;
#10455 = B_SPLINE_CURVE_WITH_KNOTS ( 'NONE', 3,
 ( #10491, #8447, #11328, #5852, #3071, #4945, #9277, #1007, #6761, #8385, #2890, #6641, #11209, #6576, #11269, #8625 ),
 .UNSPECIFIED., .F., .F.,
 ( 4, 2, 2, 2, 2, 2, 2, 4 ),
 ( 6.982127306007955644E-17, 0.001141268518429183667, 0.001711902777643749263, 0.002282537036858314859, 0.002853171296072880021, 0.003423805555287446050, 0.003994439814502008176, 0.004565074073716571604 ),
 .UNSPECIFIED. ) ;
#10456 = DIRECTION ( 'NONE',  ( 0.000000000000000000, 0.000000000000000000, 1.000000000000000000 ) ) ;
#10457 = DIRECTION ( 'NONE',  ( -1.000000000000000000, 0.000000000000000000, 0.000000000000000000 ) ) ;
#10458 = DIRECTION ( 'NONE',  ( 4.625929269271486900E-15, 0.000000000000000000, 1.000000000000000000 ) ) ;
#10459 = CARTESIAN_POINT ( 'NONE',  ( 0.000000000000000000, -10.00000000000000178, 8.500000000000000000 ) ) ;
#10460 = DIRECTION ( 'NONE',  ( 0.000000000000000000, 0.000000000000000000, 1.000000000000000000 ) ) ;
#10461 = DIRECTION ( 'NONE',  ( 1.000000000000000000, -0.000000000000000000, 0.000000000000000000 ) ) ;
#10462 = CARTESIAN_POINT ( 'NONE',  ( -16.59999999999983444, -5.000000000000000000, 50.00000000000000711 ) ) ;
#10463 = AXIS2_PLACEMENT_3D ( 'NONE', #9049, #11821, #6113 ) ;
#10464 = ORIENTED_EDGE ( 'NONE', *, *, #8177, .T. ) ;
#10465 = ORIENTED_EDGE ( 'NONE', *, *, #382, .F. ) ;
#10466 = ORIENTED_EDGE ( 'NONE', *, *, #8497, .T. ) ;
#10467 = EDGE_CURVE ( 'NONE', #9746, #9630, #2115, .T. ) ;
#10468 = CARTESIAN_POINT ( 'NONE',  ( -42.00000000000012790, -10.28374421409076156, -37.09204507328935563 ) ) ;
#10469 = FACE_BOUND ( 'NONE', #1298, .T. ) ;
#10470 = CIRCLE ( 'NONE', #5857, 2.349999999999997868 ) ;
#10471 = CARTESIAN_POINT ( 'NONE',  ( 38.50231742773572563, -9.286295298721279678, 48.00000000000000711 ) ) ;
#10472 = CARTESIAN_POINT ( 'NONE',  ( 40.00000000000000711, -9.000000000000001776, -40.45000000000001705 ) ) ;
#10473 = CARTESIAN_POINT ( 'NONE',  ( -40.00000000000000711, -9.000000000000001776, -45.15000000000001279 ) ) ;
#10474 = DIRECTION ( 'NONE',  ( -1.000000000000000000, -0.000000000000000000, 8.673617379884035472E-16 ) ) ;
#10475 = PLANE ( 'NONE',  #5975 ) ;
#10476 = ORIENTED_EDGE ( 'NONE', *, *, #766, .F. ) ;
#10477 = ORIENTED_EDGE ( 'NONE', *, *, #9649, .T. ) ;
#10478 = VERTEX_POINT ( 'NONE', #5803 ) ;
#10479 = EDGE_LOOP ( 'NONE', ( #5164, #11818, #7529, #2669 ) ) ;
#10480 = ADVANCED_FACE ( 'NONE', ( #1208, #4902 ), #960, .T. ) ;
#10481 = ORIENTED_EDGE ( 'NONE', *, *, #2904, .F. ) ;
#10482 = VECTOR ( 'NONE', #8260, 1000.000000000000000 ) ;
#10483 = AXIS2_PLACEMENT_3D ( 'NONE', #2128, #1100, #2794 ) ;
#10484 = EDGE_CURVE ( 'NONE', #7833, #936, #7803, .T. ) ;
#10485 = CARTESIAN_POINT ( 'NONE',  ( 48.00000000000044764, 1.000000000000000000, 41.49999999999933920 ) ) ;
#10486 = CARTESIAN_POINT ( 'NONE',  ( 10.49999999999999822, -0.7937137482936292843, -29.14938764836510643 ) ) ;
#10487 = CARTESIAN_POINT ( 'NONE',  ( 50.00000000000095923, -3.199999999999999734, 36.54999999999965610 ) ) ;
#10488 = CARTESIAN_POINT ( 'NONE',  ( 50.00000000000000000, -5.000000000000000000, 16.60000000000164633 ) ) ;
#10489 = CARTESIAN_POINT ( 'NONE',  ( 37.50000000000000711, -15.00000000000000355, 47.24999999999999289 ) ) ;
#10490 = AXIS2_PLACEMENT_3D ( 'NONE', #11704, #10750, #6170 ) ;
#10491 = CARTESIAN_POINT ( 'NONE',  ( 41.99999999999957367, -5.556562696684470559, -41.50000000000027001 ) ) ;
#10492 = DIRECTION ( 'NONE',  ( 0.000000000000000000, 0.000000000000000000, 1.000000000000000000 ) ) ;
#10493 = CARTESIAN_POINT ( 'NONE',  ( 42.00000000000014211, -14.34205153031769520, -38.93703481765633256 ) ) ;
#10494 = EDGE_LOOP ( 'NONE', ( #10360, #10143, #458, #8173 ) ) ;
#10495 = VERTEX_POINT ( 'NONE', #5187 ) ;
#10496 = EDGE_CURVE ( 'NONE', #6139, #6905, #6775, .T. ) ;
#10497 = DIRECTION ( 'NONE',  ( 0.000000000000000000, 0.000000000000000000, 1.000000000000000000 ) ) ;
#10498 = ORIENTED_EDGE ( 'NONE', *, *, #5313, .F. ) ;
#10499 = EDGE_CURVE ( 'NONE', #719, #8420, #10898, .T. ) ;
#10500 = CIRCLE ( 'NONE', #7422, 4.349999999999999645 ) ;
#10501 = DIRECTION ( 'NONE',  ( -0.000000000000000000, 1.000000000000000000, -0.000000000000000000 ) ) ;
#10502 = DIRECTION ( 'NONE',  ( 0.000000000000000000, 0.000000000000000000, -1.000000000000000000 ) ) ;
#10503 = PLANE ( 'NONE',  #6494 ) ;
#10504 = CARTESIAN_POINT ( 'NONE',  ( -42.00000000000015632, -6.562919328610542280, -39.89431057416195614 ) ) ;
#10505 = DIRECTION ( 'NONE',  ( 1.000000000000000000, 0.000000000000000000, 0.000000000000000000 ) ) ;
#10506 = CARTESIAN_POINT ( 'NONE',  ( 41.70683081885165677, -11.60000000000000320, 41.79316918114824375 ) ) ;
#10507 = ORIENTED_EDGE ( 'NONE', *, *, #2215, .F. ) ;
#10509 = ORIENTED_EDGE ( 'NONE', *, *, #3681, .T. ) ;
#10508 = EDGE_CURVE ( 'NONE', #6412, #2167, #10331, .T. ) ;
#10510 = DIRECTION ( 'NONE',  ( -1.000000000000000000, 0.000000000000000000, 0.000000000000000000 ) ) ;
#10511 = CARTESIAN_POINT ( 'NONE',  ( -42.00000000000010658, -3.199999999999999289, -28.94999999999997797 ) ) ;
#10512 = EDGE_LOOP ( 'NONE', ( #7961, #8904, #2800, #8963 ) ) ;
#10513 = FACE_BOUND ( 'NONE', #1461, .T. ) ;
#10514 = CARTESIAN_POINT ( 'NONE',  ( 40.00000000000000000, -1.000000000000000000, 7.500000000000000000 ) ) ;
#10515 = DIRECTION ( 'NONE',  ( 0.000000000000000000, -1.000000000000000000, 0.000000000000000000 ) ) ;
#10516 = FACE_OUTER_BOUND ( 'NONE', #7774, .T. ) ;
#10517 = CARTESIAN_POINT ( 'NONE',  ( 0.8360163445108074187, -3.677290268054124844, 26.36871983250024343 ) ) ;
#10518 = CARTESIAN_POINT ( 'NONE',  ( -10.50000000000000178, -8.143000222315187386, 22.68975233596974306 ) ) ;
#10519 = DIRECTION ( 'NONE',  ( 1.000000000000000000, -1.204669080539449097E-16, 0.000000000000000000 ) ) ;
#10520 = ORIENTED_EDGE ( 'NONE', *, *, #10547, .T. ) ;
#10521 = AXIS2_PLACEMENT_3D ( 'NONE', #1635, #10980, #2666 ) ;
#10522 = VERTEX_POINT ( 'NONE', #2353 ) ;
#10523 = VERTEX_POINT ( 'NONE', #3324 ) ;
#10524 = CARTESIAN_POINT ( 'NONE',  ( -42.00000000000014211, -11.36415919391865970, -37.91581067799802440 ) ) ;
#10525 = DIRECTION ( 'NONE',  ( 0.000000000000000000, -0.000000000000000000, 1.000000000000000000 ) ) ;
#10526 = AXIS2_PLACEMENT_3D ( 'NONE', #6326, #1848, #10057 ) ;
#10527 = AXIS2_PLACEMENT_3D ( 'NONE', #3755, #10139, #4778 ) ;
#10528 = DIRECTION ( 'NONE',  ( 1.000000000000000000, -0.000000000000000000, -1.047444401652940007E-14 ) ) ;
#10529 = CARTESIAN_POINT ( 'NONE',  ( 42.00000000000014211, -14.80000000000000071, -38.93703481765633967 ) ) ;
#10530 = FACE_OUTER_BOUND ( 'NONE', #4352, .T. ) ;
#10531 = ADVANCED_FACE ( 'NONE', ( #8695 ), #421, .T. ) ;
#10532 = CARTESIAN_POINT ( 'NONE',  ( 6.400000000000000355, -13.00000000000000178, -5.593746508378798943 ) ) ;
#10533 = CARTESIAN_POINT ( 'NONE',  ( -10.49999999999999822, -13.00000178703044895, -16.14843605350760569 ) ) ;
#10534 = ORIENTED_EDGE ( 'NONE', *, *, #1757, .T. ) ;
#10535 = ORIENTED_EDGE ( 'NONE', *, *, #9163, .F. ) ;
#10536 = ORIENTED_EDGE ( 'NONE', *, *, #77, .F. ) ;
#10537 = VERTEX_POINT ( 'NONE', #4229 ) ;
#10538 = ORIENTED_EDGE ( 'NONE', *, *, #11456, .T. ) ;
#10539 = AXIS2_PLACEMENT_3D ( 'NONE', #9882, #10001, #11634 ) ;
#10540 = DIRECTION ( 'NONE',  ( 0.000000000000000000, 0.000000000000000000, -1.000000000000000000 ) ) ;
#10541 = CARTESIAN_POINT ( 'NONE',  ( 10.49999999999999822, -12.99999961920546276, -14.02742945793029428 ) ) ;
#10542 = CARTESIAN_POINT ( 'NONE',  ( 48.00000000000033396, 1.000000000000000000, 31.29999999999933635 ) ) ;
#10543 = ADVANCED_FACE ( 'NONE', ( #11340, #9775 ), #8758, .T. ) ;
#10544 = CARTESIAN_POINT ( 'NONE',  ( -40.00000000000000000, -1.000000000000000000, 14.99999999999982236 ) ) ;
#10545 = DIRECTION ( 'NONE',  ( 1.000000000000000000, 0.000000000000000000, -1.047444401652940007E-14 ) ) ;
#10546 = AXIS2_PLACEMENT_3D ( 'NONE', #7231, #2576, #8186 ) ;
#10547 = EDGE_CURVE ( 'NONE', #4118, #5872, #9654, .T. ) ;
#10548 = PLANE ( 'NONE',  #3208 ) ;
#10549 = CARTESIAN_POINT ( 'NONE',  ( 0.000000000000000000, 1.000000000000000000, 0.000000000000000000 ) ) ;
#10550 = CARTESIAN_POINT ( 'NONE',  ( 41.99999999999963762, -9.394083261187045508, -36.07170782341756876 ) ) ;
#10551 = ORIENTED_EDGE ( 'NONE', *, *, #11290, .T. ) ;
#10552 = ORIENTED_EDGE ( 'NONE', *, *, #8096, .F. ) ;
#10553 = ORIENTED_EDGE ( 'NONE', *, *, #9404, .F. ) ;
#10554 = DIRECTION ( 'NONE',  ( -2.952720810173286943E-15, 0.000000000000000000, -1.000000000000000000 ) ) ;
#10555 = VERTEX_POINT ( 'NONE', #1499 ) ;
#10556 = VECTOR ( 'NONE', #8669, 1000.000000000000000 ) ;
#10557 = DIRECTION ( 'NONE',  ( -0.000000000000000000, -0.000000000000000000, -1.000000000000000000 ) ) ;
#10558 = EDGE_CURVE ( 'NONE', #9412, #5684, #10175, .T. ) ;
#10559 = DIRECTION ( 'NONE',  ( 0.000000000000000000, 1.000000000000000000, 0.000000000000000000 ) ) ;
#10560 = DIRECTION ( 'NONE',  ( 1.387778780781445676E-16, 0.000000000000000000, 1.000000000000000000 ) ) ;
#10561 = ADVANCED_FACE ( 'NONE', ( #7860, #9540 ), #3996, .T. ) ;
#10562 = CARTESIAN_POINT ( 'NONE',  ( -42.00000000000014921, -7.168866382297140127, -39.42072389507607966 ) ) ;
#10563 = CARTESIAN_POINT ( 'NONE',  ( -45.80000000000062244, -5.000000000000000000, -23.14999999999800551 ) ) ;
#10564 = CARTESIAN_POINT ( 'NONE',  ( -32.46927944927620757, -11.56647467729926504, 45.16062351775502037 ) ) ;
#10565 = CIRCLE ( 'NONE', #2470, 1.550000000000002709 ) ;
#10566 = ORIENTED_EDGE ( 'NONE', *, *, #2493, .T. ) ;
#10567 = EDGE_LOOP ( 'NONE', ( #1175, #4146, #29, #3846, #2491, #1951, #193, #1888 ) ) ;
#10568 = CARTESIAN_POINT ( 'NONE',  ( -43.50000000000011369, -3.199999999999999289, -30.49999999999968381 ) ) ;
#10569 = CARTESIAN_POINT ( 'NONE',  ( 42.00000000000041922, -8.822696864888639467, 39.49280860397491466 ) ) ;
#10570 = ORIENTED_EDGE ( 'NONE', *, *, #2993, .T. ) ;
#10571 = EDGE_CURVE ( 'NONE', #9005, #249, #3268, .T. ) ;
#10572 = DIRECTION ( 'NONE',  ( 1.387778780781445676E-16, 0.000000000000000000, 1.000000000000000000 ) ) ;
#10573 = EDGE_CURVE ( 'NONE', #10956, #6293, #11483, .T. ) ;
#10574 = CARTESIAN_POINT ( 'NONE',  ( -35.94974272664921955, -7.659802360690263434, -42.00000000000000711 ) ) ;
#10575 = DIRECTION ( 'NONE',  ( -0.000000000000000000, -0.000000000000000000, 1.000000000000000000 ) ) ;
#10576 = CARTESIAN_POINT ( 'NONE',  ( -35.75073045732360555, -8.627244309128116129, -41.86107398059278495 ) ) ;
#10577 = CARTESIAN_POINT ( 'NONE',  ( 10.49999999999999822, -9.970060417065823799, -14.40000000000000036 ) ) ;
#10578 = DIRECTION ( 'NONE',  ( -1.000000000000000000, -0.000000000000000000, 0.000000000000000000 ) ) ;
#10579 = ORIENTED_EDGE ( 'NONE', *, *, #798, .T. ) ;
#10580 = AXIS2_PLACEMENT_3D ( 'NONE', #710, #9767, #11685 ) ;
#10581 = ORIENTED_EDGE ( 'NONE', *, *, #5368, .F. ) ;
#10582 = B_SPLINE_CURVE_WITH_KNOTS ( 'NONE', 3,
 ( #2022, #7584, #2083, #6741, #8427, #8606, #7522, #10409, #2142, #988 ),
 .UNSPECIFIED., .F., .F.,
 ( 4, 2, 2, 2, 4 ),
 ( 0.000000000000000000, 0.001521525489887506997, 0.003043050979775013994, 0.004564576469662521424, 0.006086101959550027987 ),
 .UNSPECIFIED. ) ;
#10583 = CARTESIAN_POINT ( 'NONE',  ( 38.09999999999948983, -3.199999999999999734, -50.00000000000076739 ) ) ;
#10584 = CARTESIAN_POINT ( 'NONE',  ( -47.99999999999987210, -3.199999999999999734, 40.45000000000000284 ) ) ;
#10585 = LINE ( 'NONE', #8781, #9467 ) ;
#10586 = DIRECTION ( 'NONE',  ( 0.000000000000000000, 1.000000000000000000, 0.000000000000000000 ) ) ;
#10587 = ADVANCED_FACE ( 'NONE', ( #5869 ), #1264, .F. ) ;
#10588 = CARTESIAN_POINT ( 'NONE',  ( 42.50000000000000000, 1.000000000000000000, 49.99999999999999289 ) ) ;
#10589 = DIRECTION ( 'NONE',  ( 1.000000000000000000, 0.000000000000000000, -1.047444401652940007E-14 ) ) ;
#10590 = ORIENTED_EDGE ( 'NONE', *, *, #4149, .F. ) ;
#10591 = EDGE_LOOP ( 'NONE', ( #9860, #10668, #5312, #5118 ) ) ;
#10592 = EDGE_LOOP ( 'NONE', ( #8148, #5571, #10590, #6464 ) ) ;
#10593 = EDGE_LOOP ( 'NONE', ( #7248, #11538 ) ) ;
#10594 = ORIENTED_EDGE ( 'NONE', *, *, #788, .F. ) ;
#10595 = CARTESIAN_POINT ( 'NONE',  ( -30.09999999999983089, -8.000000000000001776, 48.00000000000000711 ) ) ;
#10596 = EDGE_CURVE ( 'NONE', #1177, #1643, #502, .T. ) ;
#10597 = B_SPLINE_CURVE_WITH_KNOTS ( 'NONE', 3,
 ( #3045, #9102, #2707, #1797, #6274, #1733, #7184, #715, #10121, #4525, #11871, #2591 ),
 .UNSPECIFIED., .F., .F.,
 ( 4, 2, 2, 2, 2, 4 ),
 ( 6.453381172803703700E-16, 0.003236497373466103600, 0.004854746060198832959, 0.006472994746931561884, 0.009709492120397039683, 0.01294598949386251835 ),
 .UNSPECIFIED. ) ;
#10598 = CARTESIAN_POINT ( 'NONE',  ( -36.19999999999999574, -8.400000000000000355, 42.89999999999999147 ) ) ;
#10599 = LINE ( 'NONE', #6084, #1406 ) ;
#10600 = DIRECTION ( 'NONE',  ( 0.000000000000000000, 0.000000000000000000, -1.000000000000000000 ) ) ;
#10601 = CARTESIAN_POINT ( 'NONE',  ( 20.51918358845291834, -4.200000000000000178, 42.00000000000000711 ) ) ;
#10602 = DIRECTION ( 'NONE',  ( 0.000000000000000000, 0.000000000000000000, -1.000000000000000000 ) ) ;
#10603 = CARTESIAN_POINT ( 'NONE',  ( -49.99999999999819522, -5.000000000000000000, -27.10000000000048104 ) ) ;
#10604 = ORIENTED_EDGE ( 'NONE', *, *, #11221, .T. ) ;
#10605 = VERTEX_POINT ( 'NONE', #8087 ) ;
#10606 = ORIENTED_EDGE ( 'NONE', *, *, #11832, .T. ) ;
#10607 = CARTESIAN_POINT ( 'NONE',  ( -14.99999999999982236, 1.000000000000000000, -40.00000000000000000 ) ) ;
#10608 = VECTOR ( 'NONE', #11803, 1000.000000000000000 ) ;
#10609 = ORIENTED_EDGE ( 'NONE', *, *, #3946, .T. ) ;
#10610 = EDGE_CURVE ( 'NONE', #9451, #2848, #7185, .T. ) ;
#10611 = EDGE_CURVE ( 'NONE', #8205, #9411, #6219, .T. ) ;
#10612 = CARTESIAN_POINT ( 'NONE',  ( 47.99999999999953815, -8.536962300561299344, -45.82236207332209688 ) ) ;
#10613 = CARTESIAN_POINT ( 'NONE',  ( 30.49999999999983302, -3.199999999999999289, 43.50000000000001421 ) ) ;
#10614 = DIRECTION ( 'NONE',  ( -0.000000000000000000, -1.000000000000000000, -0.000000000000000000 ) ) ;
#10615 = AXIS2_PLACEMENT_3D ( 'NONE', #5884, #374, #1102 ) ;
#10616 = DIRECTION ( 'NONE',  ( 0.000000000000000000, -1.000000000000000000, 0.000000000000000000 ) ) ;
#10617 = CARTESIAN_POINT ( 'NONE',  ( 50.00000000000033396, 0.000000000000000000, 31.29999999999931504 ) ) ;
#10618 = CARTESIAN_POINT ( 'NONE',  ( -38.75703705218362671, -8.781699209286815133, 48.00000000000000711 ) ) ;
#10619 = VERTEX_POINT ( 'NONE', #9826 ) ;
#10620 = ORIENTED_EDGE ( 'NONE', *, *, #6974, .F. ) ;
#10621 = CARTESIAN_POINT ( 'NONE',  ( -21.49897948556374416, -4.000000000000000000, -49.99999999999884182 ) ) ;
#10622 = CARTESIAN_POINT ( 'NONE',  ( 21.49897948556618843, -5.000000000000000000, 42.00000000000000711 ) ) ;
#10623 = VERTEX_POINT ( 'NONE', #10792 ) ;
#10624 = EDGE_CURVE ( 'NONE', #9587, #3165, #2650, .T. ) ;
#10625 = ADVANCED_FACE ( 'NONE', ( #2531 ), #3621, .T. ) ;
#10626 = AXIS2_PLACEMENT_3D ( 'NONE', #4793, #6788, #10457 ) ;
#10627 = EDGE_CURVE ( 'NONE', #457, #9659, #7256, .T. ) ;
#10628 = AXIS2_PLACEMENT_3D ( 'NONE', #9114, #3754, #1692 ) ;
#10629 = AXIS2_PLACEMENT_3D ( 'NONE', #10029, #1648, #742 ) ;
#10630 = PLANE ( 'NONE',  #5846 ) ;
#10631 = CARTESIAN_POINT ( 'NONE',  ( 6.400000000000000355, -13.00000000000000178, 0.000000000000000000 ) ) ;
#10632 = CARTESIAN_POINT ( 'NONE',  ( -48.00000000000012079, 1.000000000000000000, -31.29999999999966676 ) ) ;
#10633 = DIRECTION ( 'NONE',  ( 0.000000000000000000, 0.000000000000000000, -1.000000000000000000 ) ) ;
#10634 = CARTESIAN_POINT ( 'NONE',  ( -30.01183857110625652, -8.000000000000003553, -47.37374676658969008 ) ) ;
#10635 = CARTESIAN_POINT ( 'NONE',  ( -43.50000000000011369, -3.199999999999999289, -30.49999999999968381 ) ) ;
#10636 = CARTESIAN_POINT ( 'NONE',  ( -24.69999999999738094, -3.499999999999999556, 48.14999999999864855 ) ) ;
#10637 = CIRCLE ( 'NONE', #1376, 1.550000000000002709 ) ;
#10638 = VECTOR ( 'NONE', #3115, 1000.000000000000000 ) ;
#10639 = ORIENTED_EDGE ( 'NONE', *, *, #9673, .T. ) ;
#10640 = VERTEX_POINT ( 'NONE', #7246 ) ;
#10641 = ADVANCED_FACE ( 'NONE', ( #5305 ), #8985, .T. ) ;
#10642 = EDGE_CURVE ( 'NONE', #6049, #3418, #716, .T. ) ;
#10643 = ADVANCED_FACE ( 'NONE', ( #1558, #7067 ), #4344, .T. ) ;
#10644 = ORIENTED_EDGE ( 'NONE', *, *, #11224, .T. ) ;
#10645 =( BOUNDED_SURFACE ( )  B_SPLINE_SURFACE ( 3, 2, ( 
 ( #7427, #8264, #10005 ),
 ( #8387, #10967, #3503 ),
 ( #2771, #7186, #11089 ),
 ( #11873, #2593, #10852 ),
 ( #9945, #6276, #4467 ),
 ( #5365, #3561, #8147 ),
 ( #6459, #1857, #2830 ),
 ( #11812, #7247, #6334 ),
 ( #1736, #5424, #6517 ),
 ( #4588, #9104, #9159 ) ),
 .UNSPECIFIED., .F., .F., .T. ) 
 B_SPLINE_SURFACE_WITH_KNOTS ( ( 4, 2, 2, 2, 4 ),
 ( 3, 3 ),
 ( 0.04689769712414521702, 0.04875227482563462139, 0.05060685252712402576, 0.05246143022861343014, 0.05431600793010283451 ),
 ( 0.000000000000000000, 1.000000000000000000 ),
 .UNSPECIFIED. ) 
 GEOMETRIC_REPRESENTATION_ITEM ( )  RATIONAL_B_SPLINE_SURFACE ( (
 ( 1.000000000000000000, 0.7071067811865475727, 1.000000000000000000),
 ( 1.000000000000000000, 0.7163374818471305305, 1.000000000000000000),
 ( 1.000000000000000000, 0.7245279263562602878, 1.000000000000000000),
 ( 1.000000000000000000, 0.7379207123917719269, 1.000000000000000000),
 ( 1.000000000000000000, 0.7431262249427760258, 1.000000000000000000),
 ( 1.000000000000000000, 0.7498449969301493878, 1.000000000000000000),
 ( 1.000000000000000000, 0.7512645769585257760, 1.000000000000000000),
 ( 1.000000000000000000, 0.7502258599609590295, 1.000000000000000000),
 ( 1.000000000000000000, 0.7477721742453086184, 1.000000000000000000),
 ( 1.000000000000000000, 0.7434334346851498854, 1.000000000000000000) ) ) 
 REPRESENTATION_ITEM ( '' )  SURFACE ( )  );
#10646 = AXIS2_PLACEMENT_3D ( 'NONE', #2619, #8288, #6543 ) ;
#10647 = CARTESIAN_POINT ( 'NONE',  ( 31.29999999999983373, 0.000000000000000000, 50.00000000000000711 ) ) ;
#10648 = PLANE ( 'NONE',  #4132 ) ;
#10649 = VECTOR ( 'NONE', #19, 1000.000000000000000 ) ;
#10650 = LINE ( 'NONE', #8899, #5413 ) ;
#10651 = LINE ( 'NONE', #1467, #3971 ) ;
#10652 = DIRECTION ( 'NONE',  ( -1.000000000000000000, -0.000000000000000000, 3.491481338843133355E-15 ) ) ;
#10653 = DIRECTION ( 'NONE',  ( 0.000000000000000000, 0.000000000000000000, 1.000000000000000000 ) ) ;
#10654 = ORIENTED_EDGE ( 'NONE', *, *, #6947, .T. ) ;
#10655 = ORIENTED_EDGE ( 'NONE', *, *, #4093, .T. ) ;
#10656 = ORIENTED_EDGE ( 'NONE', *, *, #10407, .T. ) ;
#10657 = ORIENTED_EDGE ( 'NONE', *, *, #2227, .F. ) ;
#10658 = EDGE_CURVE ( 'NONE', #3295, #10911, #668, .T. ) ;
#10659 = EDGE_LOOP ( 'NONE', ( #807, #8601, #1140, #11403 ) ) ;
#10660 = CARTESIAN_POINT ( 'NONE',  ( 50.00000000000000711, 0.000000000000000000, 42.49999999999999289 ) ) ;
#10661 = CARTESIAN_POINT ( 'NONE',  ( 24.69999999999998863, -3.499999999999999556, -48.15000000000000568 ) ) ;
#10662 = CARTESIAN_POINT ( 'NONE',  ( -38.09999999999983800, -3.199999999999999734, -43.50000000000001421 ) ) ;
#10663 = LINE ( 'NONE', #3483, #6402 ) ;
#10664 = DIRECTION ( 'NONE',  ( 0.000000000000000000, 1.000000000000000000, 0.000000000000000000 ) ) ;
#10665 = AXIS2_PLACEMENT_3D ( 'NONE', #3204, #3381, #8926 ) ;
#10666 = CARTESIAN_POINT ( 'NONE',  ( 45.80000000000062244, -8.000000000000001776, 24.69999999999800622 ) ) ;
#10667 = DIRECTION ( 'NONE',  ( 2.952720810173286943E-15, 0.000000000000000000, 1.000000000000000000 ) ) ;
#10668 = ORIENTED_EDGE ( 'NONE', *, *, #3766, .T. ) ;
#10669 = ORIENTED_EDGE ( 'NONE', *, *, #11002, .T. ) ;
#10670 = VECTOR ( 'NONE', #1661, 1000.000000000000000 ) ;
#10671 = VERTEX_POINT ( 'NONE', #838 ) ;
#10672 = FACE_OUTER_BOUND ( 'NONE', #5178, .T. ) ;
#10673 = ORIENTED_EDGE ( 'NONE', *, *, #5267, .T. ) ;
#10674 = VECTOR ( 'NONE', #3679, 1000.000000000000000 ) ;
#10675 = VECTOR ( 'NONE', #11735, 1000.000000000000000 ) ;
#10676 = CARTESIAN_POINT ( 'NONE',  ( -48.99999999999999289, 1.000000000000000000, 48.99999999999999289 ) ) ;
#10677 = CIRCLE ( 'NONE', #7212, 1.550000000000002709 ) ;
#10678 = FACE_OUTER_BOUND ( 'NONE', #632, .T. ) ;
#10679 = FACE_OUTER_BOUND ( 'NONE', #9424, .T. ) ;
#10680 = DIRECTION ( 'NONE',  ( 1.000000000000000000, 0.000000000000000000, 0.000000000000000000 ) ) ;
#10681 = FACE_BOUND ( 'NONE', #9330, .T. ) ;
#10682 = ORIENTED_EDGE ( 'NONE', *, *, #2200, .F. ) ;
#10683 = CARTESIAN_POINT ( 'NONE',  ( -35.96997084009106516, -9.402388073257005985, 47.99999999999999289 ) ) ;
#10684 = ORIENTED_EDGE ( 'NONE', *, *, #9064, .F. ) ;
#10685 = EDGE_CURVE ( 'NONE', #3050, #7880, #4287, .T. ) ;
#10686 = ORIENTED_EDGE ( 'NONE', *, *, #10900, .F. ) ;
#10687 = DIRECTION ( 'NONE',  ( 1.000000000000000000, 0.000000000000000000, 0.000000000000000000 ) ) ;
#10688 = EDGE_LOOP ( 'NONE', ( #1608, #9703 ) ) ;
#10689 = AXIS2_PLACEMENT_3D ( 'NONE', #3752, #7435, #9419 ) ;
#10690 = CARTESIAN_POINT ( 'NONE',  ( -42.00000000000015632, -5.556562696684967051, -41.49999999999968736 ) ) ;
#10691 = CARTESIAN_POINT ( 'NONE',  ( -43.49999999999988631, -3.199999999999999289, 35.74999999999999289 ) ) ;
#10692 = FACE_OUTER_BOUND ( 'NONE', #2079, .T. ) ;
#10693 = ADVANCED_FACE ( 'NONE', ( #4466 ), #5251, .T. ) ;
#10694 = DIRECTION ( 'NONE',  ( 0.000000000000000000, 1.000000000000000000, 0.000000000000000000 ) ) ;
#10695 = CARTESIAN_POINT ( 'NONE',  ( 1.607846071820355771, -5.677557155706055347, 24.93288064152461914 ) ) ;
#10696 = CARTESIAN_POINT ( 'NONE',  ( -30.10143459492317319, -8.000000000000001776, 48.00000000000000711 ) ) ;
#10697 = EDGE_CURVE ( 'NONE', #3312, #2654, #3262, .T. ) ;
#10698 = EDGE_LOOP ( 'NONE', ( #8278, #8352, #9296, #7922 ) ) ;
#10699 = VERTEX_POINT ( 'NONE', #10373 ) ;
#10700 = EDGE_LOOP ( 'NONE', ( #8790, #11625 ) ) ;
#10701 = LINE ( 'NONE', #10814, #11760 ) ;
#10702 = CARTESIAN_POINT ( 'NONE',  ( 40.25143651580490456, -5.025393101198560863, -42.00000000000000000 ) ) ;
#10703 = EDGE_CURVE ( 'NONE', #913, #5514, #8211, .T. ) ;
#10704 = CARTESIAN_POINT ( 'NONE',  ( 50.00000000000064659, -5.000000000000000000, -16.59999999999802966 ) ) ;
#10705 = DIRECTION ( 'NONE',  ( 1.047444401652940007E-14, 0.000000000000000000, 1.000000000000000000 ) ) ;
#10706 = CARTESIAN_POINT ( 'NONE',  ( 28.14999999999983160, -3.199999999999998845, 48.00000000000000711 ) ) ;
#10707 = AXIS2_PLACEMENT_3D ( 'NONE', #2706, #11660, #9853 ) ;
#10708 = LINE ( 'NONE', #5047, #2303 ) ;
#10709 = ORIENTED_EDGE ( 'NONE', *, *, #8552, .F. ) ;
#10710 = ORIENTED_EDGE ( 'NONE', *, *, #3398, .T. ) ;
#10711 = ORIENTED_EDGE ( 'NONE', *, *, #5152, .T. ) ;
#10712 = ORIENTED_EDGE ( 'NONE', *, *, #90, .F. ) ;
#10713 = ORIENTED_EDGE ( 'NONE', *, *, #4892, .T. ) ;
#10714 = CARTESIAN_POINT ( 'NONE',  ( -49.99999999999820233, -4.000000000000000000, -21.49897948556684213 ) ) ;
#10715 = EDGE_CURVE ( 'NONE', #7701, #9281, #4767, .T. ) ;
#10716 = CIRCLE ( 'NONE', #9364, 1.000000000000000888 ) ;
#10717 = VECTOR ( 'NONE', #10320, 1000.000000000000000 ) ;
#10718 = FACE_OUTER_BOUND ( 'NONE', #7221, .T. ) ;
#10719 = DIRECTION ( 'NONE',  ( -1.000000000000000000, -0.000000000000000000, 1.301042606982605321E-15 ) ) ;
#10720 = ADVANCED_FACE ( 'NONE', ( #1979 ), #2818, .F. ) ;
#10721 = CARTESIAN_POINT ( 'NONE',  ( -45.80000000000062244, -3.499999999999999556, -24.69999999999800622 ) ) ;
#10722 = CARTESIAN_POINT ( 'NONE',  ( -43.50000000000012079, -3.199999999999998845, -32.84999999999968168 ) ) ;
#10723 = CARTESIAN_POINT ( 'NONE',  ( 37.50000000000000711, -11.60000000000000320, 42.89999999999999147 ) ) ;
#10724 = CARTESIAN_POINT ( 'NONE',  ( -50.00000000000000711, -1.000000000000000000, -50.00000000000000711 ) ) ;
#10725 = ORIENTED_EDGE ( 'NONE', *, *, #9254, .F. ) ;
#10726 = ORIENTED_EDGE ( 'NONE', *, *, #4200, .F. ) ;
#10727 = CIRCLE ( 'NONE', #11868, 4.349999999999999645 ) ;
#10728 = CIRCLE ( 'NONE', #10340, 4.349999999999999645 ) ;
#10729 = ORIENTED_EDGE ( 'NONE', *, *, #4969, .T. ) ;
#10730 = PLANE ( 'NONE',  #7505 ) ;
#10731 = ORIENTED_EDGE ( 'NONE', *, *, #7717, .T. ) ;
#10732 = FACE_BOUND ( 'NONE', #4994, .T. ) ;
#10734 = VECTOR ( 'NONE', #11902, 1000.000000000000000 ) ;
#10733 = AXIS2_PLACEMENT_3D ( 'NONE', #7426, #11146, #3013 ) ;
#10735 = LINE ( 'NONE', #9595, #875 ) ;
#10736 = CARTESIAN_POINT ( 'NONE',  ( -47.99999999999989342, 1.000000000000000000, 31.30000000000000071 ) ) ;
#10737 = CARTESIAN_POINT ( 'NONE',  ( -35.57373410126431423, -13.31493065736638037, -41.99999999999999289 ) ) ;
#10738 = DIRECTION ( 'NONE',  ( 1.000000000000000000, 0.000000000000000000, 0.000000000000000000 ) ) ;
#10739 = DIRECTION ( 'NONE',  ( -1.000000000000000000, 0.000000000000000000, 0.000000000000000000 ) ) ;
#10740 = ORIENTED_EDGE ( 'NONE', *, *, #4367, .T. ) ;
#10741 = CARTESIAN_POINT ( 'NONE',  ( 50.00000000000096634, -3.199999999999999734, -38.09999999999966036 ) ) ;
#10742 = ORIENTED_EDGE ( 'NONE', *, *, #1494, .F. ) ;
#10743 = VERTEX_POINT ( 'NONE', #11030 ) ;
#10744 = CARTESIAN_POINT ( 'NONE',  ( 21.49897948556864336, -4.000000000000000000, -49.99999999999884182 ) ) ;
#10745 = ORIENTED_EDGE ( 'NONE', *, *, #8660, .F. ) ;
#10746 = VECTOR ( 'NONE', #6746, 1000.000000000000000 ) ;
#10747 = CARTESIAN_POINT ( 'NONE',  ( -40.00000000000000711, -1.000000000000000000, -7.500000000000000000 ) ) ;
#10748 = EDGE_CURVE ( 'NONE', #8658, #4785, #7869, .T. ) ;
#10749 = DIRECTION ( 'NONE',  ( 0.000000000000000000, 0.000000000000000000, -1.000000000000000000 ) ) ;
#10750 = DIRECTION ( 'NONE',  ( -0.000000000000000000, -0.000000000000000000, -1.000000000000000000 ) ) ;
#10751 = CARTESIAN_POINT ( 'NONE',  ( 31.62277660168379967, -1.000000000000000000, 7.499999999999988454 ) ) ;
#10752 = FACE_OUTER_BOUND ( 'NONE', #10698, .T. ) ;
#10753 = DIRECTION ( 'NONE',  ( 1.000000000000000000, 0.000000000000000000, 0.000000000000000000 ) ) ;
#10754 = EDGE_LOOP ( 'NONE', ( #10404, #4876, #2213, #1652, #6870 ) ) ;
#10755 = VERTEX_POINT ( 'NONE', #167 ) ;
#10756 = EDGE_CURVE ( 'NONE', #925, #5547, #8448, .T. ) ;
#10757 = ORIENTED_EDGE ( 'NONE', *, *, #7733, .T. ) ;
#10758 = EDGE_CURVE ( 'NONE', #5255, #559, #11931, .T. ) ;
#10759 = CYLINDRICAL_SURFACE ( 'NONE', #781, 2.349999999999997868 ) ;
#10760 = LINE ( 'NONE', #3465, #4513 ) ;
#10761 = CARTESIAN_POINT ( 'NONE',  ( 40.00000000000000000, -1.000000000000000000, 14.99999999999982236 ) ) ;
#10762 = DIRECTION ( 'NONE',  ( -1.000000000000000000, 0.000000000000000000, 0.000000000000000000 ) ) ;
#10763 = PLANE ( 'NONE',  #7174 ) ;
#10764 = FACE_OUTER_BOUND ( 'NONE', #11272, .T. ) ;
#10765 = ORIENTED_EDGE ( 'NONE', *, *, #2553, .T. ) ;
#10766 = ORIENTED_EDGE ( 'NONE', *, *, #11785, .F. ) ;
#10767 = EDGE_LOOP ( 'NONE', ( #8265, #3020 ) ) ;
#10768 = ORIENTED_EDGE ( 'NONE', *, *, #1494, .T. ) ;
#10769 = ORIENTED_EDGE ( 'NONE', *, *, #11527, .T. ) ;
#10770 = EDGE_CURVE ( 'NONE', #11034, #11522, #2103, .T. ) ;
#10771 = CARTESIAN_POINT ( 'NONE',  ( 32.55590467486160122, -9.475320851985923554, 42.00000000000000711 ) ) ;
#10772 = CIRCLE ( 'NONE', #370, 4.000000000000003553 ) ;
#10773 = CARTESIAN_POINT ( 'NONE',  ( 10.50000000000000178, -13.00000000000000178, -13.50000000000000000 ) ) ;
#10774 = DIRECTION ( 'NONE',  ( -1.000000000000000000, 0.000000000000000000, 0.000000000000000000 ) ) ;
#10775 = CARTESIAN_POINT ( 'NONE',  ( 3.558184524735253262, -1.000000000000001554, 24.45289590758745035 ) ) ;
#10776 = CARTESIAN_POINT ( 'NONE',  ( -33.97926681261622406, -5.313418668134276324, 42.00000000000001421 ) ) ;
#10777 = DIRECTION ( 'NONE',  ( 0.000000000000000000, 0.000000000000000000, 1.000000000000000000 ) ) ;
#10778 = FACE_OUTER_BOUND ( 'NONE', #8279, .T. ) ;
#10779 = ORIENTED_EDGE ( 'NONE', *, *, #1860, .T. ) ;
#10780 = ORIENTED_EDGE ( 'NONE', *, *, #1655, .F. ) ;
#10781 = ORIENTED_EDGE ( 'NONE', *, *, #2493, .F. ) ;
#10782 = FACE_OUTER_BOUND ( 'NONE', #10325, .T. ) ;
#10783 = EDGE_LOOP ( 'NONE', ( #1415, #824, #8973, #9920 ) ) ;
#10784 = EDGE_CURVE ( 'NONE', #8604, #11062, #6701, .T. ) ;
#10785 = EDGE_CURVE ( 'NONE', #11464, #9921, #4384, .T. ) ;
#10786 = EDGE_CURVE ( 'NONE', #8643, #10623, #947, .T. ) ;
#10787 = PLANE ( 'NONE',  #1534 ) ;
#10788 = AXIS2_PLACEMENT_3D ( 'NONE', #8583, #2179, #5870 ) ;
#10789 = DIRECTION ( 'NONE',  ( 1.000000000000000000, 0.000000000000000000, 0.000000000000000000 ) ) ;
#10790 = FACE_OUTER_BOUND ( 'NONE', #3582, .T. ) ;
#10791 = CARTESIAN_POINT ( 'NONE',  ( -31.32898416276483289, -8.365909112195691222, -42.00000000000001421 ) ) ;
#10792 = CARTESIAN_POINT ( 'NONE',  ( 50.00000000000064659, -5.000000000000000000, 21.49897948556800031 ) ) ;
#10793 = AXIS2_PLACEMENT_3D ( 'NONE', #1728, #1791, #941 ) ;
#10794 = DIRECTION ( 'NONE',  ( 0.000000000000000000, 0.000000000000000000, 1.000000000000000000 ) ) ;
#10795 = ORIENTED_EDGE ( 'NONE', *, *, #10900, .T. ) ;
#10796 = DIRECTION ( 'NONE',  ( 0.000000000000000000, 0.000000000000000000, 1.000000000000000000 ) ) ;
#10797 = ORIENTED_EDGE ( 'NONE', *, *, #9756, .F. ) ;
#10798 = ORIENTED_EDGE ( 'NONE', *, *, #6799, .T. ) ;
#10799 = DIRECTION ( 'NONE',  ( 0.000000000000000000, 0.000000000000000000, -1.000000000000000000 ) ) ;
#10800 = VERTEX_POINT ( 'NONE', #1071 ) ;
#10801 = CIRCLE ( 'NONE', #7341, 7.500000000000000000 ) ;
#10802 = DIRECTION ( 'NONE',  ( -0.000000000000000000, -0.000000000000000000, 1.000000000000000000 ) ) ;
#10803 = DIRECTION ( 'NONE',  ( -1.396592535537253342E-14, -0.000000000000000000, -1.000000000000000000 ) ) ;
#10804 = FACE_OUTER_BOUND ( 'NONE', #9251, .T. ) ;
#10805 = CARTESIAN_POINT ( 'NONE',  ( -49.00000000000000711, 1.000000000000000000, -42.49999999999999289 ) ) ;
#10806 = DIRECTION ( 'NONE',  ( 0.000000000000000000, 0.000000000000000000, 1.000000000000000000 ) ) ;
#10807 = VECTOR ( 'NONE', #4826, 1000.000000000000000 ) ;
#10808 = FACE_OUTER_BOUND ( 'NONE', #8671, .T. ) ;
#10809 = AXIS2_PLACEMENT_3D ( 'NONE', #857, #3524, #10988 ) ;
#10810 = ORIENTED_EDGE ( 'NONE', *, *, #7065, .T. ) ;
#10811 = ORIENTED_EDGE ( 'NONE', *, *, #8951, .T. ) ;
#10812 = AXIS2_PLACEMENT_3D ( 'NONE', #787, #8275, #11042 ) ;
#10813 = ORIENTED_EDGE ( 'NONE', *, *, #2873, .T. ) ;
#10814 = CARTESIAN_POINT ( 'NONE',  ( -27.09999999999738307, -5.000000000000000000, -49.99999999999884182 ) ) ;
#10815 = CARTESIAN_POINT ( 'NONE',  ( -40.00000000000000000, 1.000000000000000000, 14.99999999999982236 ) ) ;
#10816 = VECTOR ( 'NONE', #3234, 1000.000000000000000 ) ;
#10817 = DIRECTION ( 'NONE',  ( -0.000000000000000000, -1.000000000000000000, -0.000000000000000000 ) ) ;
#10818 = AXIS2_PLACEMENT_3D ( 'NONE', #136, #921, #75 ) ;
#10819 = CARTESIAN_POINT ( 'NONE',  ( 32.84999999999983089, -3.199999999999998845, -43.50000000000001421 ) ) ;
#10820 = FACE_OUTER_BOUND ( 'NONE', #4423, .T. ) ;
#10821 = FACE_OUTER_BOUND ( 'NONE', #721, .T. ) ;
#10822 = EDGE_LOOP ( 'NONE', ( #2876, #9501, #9829, #5396 ) ) ;
#10823 = ORIENTED_EDGE ( 'NONE', *, *, #5716, .F. ) ;
#10824 = ORIENTED_EDGE ( 'NONE', *, *, #5696, .T. ) ;
#10825 = ORIENTED_EDGE ( 'NONE', *, *, #8284, .F. ) ;
#10826 = ADVANCED_FACE ( 'NONE', ( #10183 ), #3802, .F. ) ;
#10827 = VERTEX_POINT ( 'NONE', #2770 ) ;
#10828 = VECTOR ( 'NONE', #2632, 1000.000000000000000 ) ;
#10829 = CARTESIAN_POINT ( 'NONE',  ( 40.44999999999983231, -3.199999999999999734, 43.50000000000001421 ) ) ;
#10830 = AXIS2_PLACEMENT_3D ( 'NONE', #2994, #1391, #6553 ) ;
#10831 = LINE ( 'NONE', #2569, #9256 ) ;
#10832 = DIRECTION ( 'NONE',  ( 1.000000000000000000, -0.000000000000000000, 3.491481338843133355E-15 ) ) ;
#10833 = DIRECTION ( 'NONE',  ( 1.000000000000000000, 0.000000000000000000, -6.938893903907222067E-15 ) ) ;
#10834 = CARTESIAN_POINT ( 'NONE',  ( -47.99999999999988631, -3.199999999999999289, 35.75000000000000711 ) ) ;
#10835 = EDGE_CURVE ( 'NONE', #6264, #2449, #2825, .T. ) ;
#10836 = DIRECTION ( 'NONE',  ( -0.000000000000000000, 1.000000000000000000, -0.000000000000000000 ) ) ;
#10837 = CARTESIAN_POINT ( 'NONE',  ( -32.46782649438961244, -11.56625630122647053, 45.15863419750781560 ) ) ;
#10838 = ORIENTED_EDGE ( 'NONE', *, *, #11068, .F. ) ;
#10839 = VERTEX_POINT ( 'NONE', #4825 ) ;
#10840 = ADVANCED_FACE ( 'NONE', ( #231 ), #3922, .F. ) ;
#10841 = AXIS2_PLACEMENT_3D ( 'NONE', #3810, #10072, #1869 ) ;
#10842 = ORIENTED_EDGE ( 'NONE', *, *, #11628, .F. ) ;
#10843 = DIRECTION ( 'NONE',  ( 0.000000000000000000, 0.000000000000000000, 1.000000000000000000 ) ) ;
#10844 = DIRECTION ( 'NONE',  ( -1.000000000000000000, 0.000000000000000000, 1.343011723336883395E-14 ) ) ;
#10845 = CARTESIAN_POINT ( 'NONE',  ( -39.86338746966481494, -11.51155524081018733, -48.00000000000002842 ) ) ;
#10846 = DIRECTION ( 'NONE',  ( 0.000000000000000000, 0.000000000000000000, -1.000000000000000000 ) ) ;
#10847 = CARTESIAN_POINT ( 'NONE',  ( -40.00000000000000711, -15.00000000000000355, -42.80000000000001137 ) ) ;
#10848 = AXIS2_PLACEMENT_3D ( 'NONE', #2398, #8853, #11616 ) ;
#10849 = ADVANCED_FACE ( 'NONE', ( #8386, #11270 ), #5543, .T. ) ;
#10850 = CARTESIAN_POINT ( 'NONE',  ( 0.000000000000000000, -1.000000000000000000, 0.000000000000000000 ) ) ;
#10851 = CARTESIAN_POINT ( 'NONE',  ( 0.000000000000000000, -13.00000000000000178, -12.90000000000000036 ) ) ;
#10852 = CARTESIAN_POINT ( 'NONE',  ( 35.78531974251255576, -14.76013367977929391, -43.90312678207873631 ) ) ;
#10853 = ORIENTED_EDGE ( 'NONE', *, *, #3431, .F. ) ;
#10854 = CARTESIAN_POINT ( 'NONE',  ( -30.63388456258851278, -8.017416039492228919, 48.00000000000000711 ) ) ;
#10855 = ORIENTED_EDGE ( 'NONE', *, *, #2306, .F. ) ;
#10856 = VERTEX_POINT ( 'NONE', #11088 ) ;
#10857 = CYLINDRICAL_SURFACE ( 'NONE', #97, 4.000000000000000000 ) ;
#10858 = EDGE_CURVE ( 'NONE', #11095, #895, #10361, .T. ) ;
#10859 = ORIENTED_EDGE ( 'NONE', *, *, #9855, .F. ) ;
#10860 = AXIS2_PLACEMENT_3D ( 'NONE', #1618, #7359, #3556 ) ;
#10861 = CARTESIAN_POINT ( 'NONE',  ( -49.99999999999819522, -4.200000000000000178, -20.51918358845357204 ) ) ;
#10862 = EDGE_CURVE ( 'NONE', #113, #443, #1253, .T. ) ;
#10863 = DIRECTION ( 'NONE',  ( 0.000000000000000000, -0.000000000000000000, -1.000000000000000000 ) ) ;
#10864 = LINE ( 'NONE', #7988, #1814 ) ;
#10865 = EDGE_CURVE ( 'NONE', #7104, #7608, #3036, .T. ) ;
#10866 = DIRECTION ( 'NONE',  ( -0.000000000000000000, -1.000000000000000000, -0.000000000000000000 ) ) ;
#10867 = DIRECTION ( 'NONE',  ( 1.000000000000000000, 0.000000000000000000, 0.000000000000000000 ) ) ;
#10868 = CARTESIAN_POINT ( 'NONE',  ( -47.99999999999986500, -1.000000000000000000, 48.00000000000000711 ) ) ;
#10869 = AXIS2_PLACEMENT_3D ( 'NONE', #7023, #8652, #7874 ) ;
#10870 = EDGE_CURVE ( 'NONE', #11343, #6720, #5154, .T. ) ;
#10871 = EDGE_LOOP ( 'NONE', ( #11795, #2181 ) ) ;
#10872 = ORIENTED_EDGE ( 'NONE', *, *, #8198, .T. ) ;
#10873 = ORIENTED_EDGE ( 'NONE', *, *, #9082, .F. ) ;
#10874 = CARTESIAN_POINT ( 'NONE',  ( 40.00000000000000711, -15.00000000000000355, -42.80000000000001137 ) ) ;
#10875 = CARTESIAN_POINT ( 'NONE',  ( 0.000000000000000000, 1.000000000000000000, 7.500000000000000000 ) ) ;
#10876 = LINE ( 'NONE', #3705, #3334 ) ;
#10877 = CARTESIAN_POINT ( 'NONE',  ( 10.50000000000000178, 0.005798918716270161366, 28.20446927904529133 ) ) ;
#10878 = CARTESIAN_POINT ( 'NONE',  ( 38.09999999999953957, -3.199999999999999734, -43.50000000000001421 ) ) ;
#10879 = CARTESIAN_POINT ( 'NONE',  ( -10.49999999999999822, -10.39146660750796691, -23.05409675598137653 ) ) ;
#10880 = ORIENTED_EDGE ( 'NONE', *, *, #3427, .T. ) ;
#10881 = EDGE_LOOP ( 'NONE', ( #4162, #6106, #4175, #7486 ) ) ;
#10882 = ORIENTED_EDGE ( 'NONE', *, *, #3479, .T. ) ;
#10883 = ORIENTED_EDGE ( 'NONE', *, *, #7600, .F. ) ;
#10884 = DIRECTION ( 'NONE',  ( -0.000000000000000000, -0.000000000000000000, 1.000000000000000000 ) ) ;
#10885 = AXIS2_PLACEMENT_3D ( 'NONE', #3330, #5137, #549 ) ;
#10886 = CARTESIAN_POINT ( 'NONE',  ( -35.72419598204034230, -14.74252444900601944, -42.00000000000000711 ) ) ;
#10887 = CARTESIAN_POINT ( 'NONE',  ( -36.19999999999999574, -15.00000000000000355, 40.54999999999999716 ) ) ;
#10888 = EDGE_CURVE ( 'NONE', #9630, #4000, #7283, .T. ) ;
#10889 = CARTESIAN_POINT ( 'NONE',  ( -42.00000000000010658, -5.000000000000002665, -27.09999999999968523 ) ) ;
#10890 = CARTESIAN_POINT ( 'NONE',  ( 42.00000000000031974, -5.000000000000002665, 30.09999999999939035 ) ) ;
#10891 = DIRECTION ( 'NONE',  ( 0.000000000000000000, 0.000000000000000000, -1.000000000000000000 ) ) ;
#10892 = FACE_OUTER_BOUND ( 'NONE', #4811, .T. ) ;
#10893 = VERTEX_POINT ( 'NONE', #4102 ) ;
#10894 = ORIENTED_EDGE ( 'NONE', *, *, #6342, .F. ) ;
#10895 = EDGE_LOOP ( 'NONE', ( #9719, #2802, #3326, #6019 ) ) ;
#10896 = CARTESIAN_POINT ( 'NONE',  ( 47.99999999999968026, 1.000000000000000000, -31.30000000000033467 ) ) ;
#10897 = VECTOR ( 'NONE', #9461, 1000.000000000000000 ) ;
#10898 = CIRCLE ( 'NONE', #6886, 4.349999999999999645 ) ;
#10899 = CARTESIAN_POINT ( 'NONE',  ( 45.80000000000062244, -3.499999999999999556, -26.24999999999800337 ) ) ;
#10900 = EDGE_CURVE ( 'NONE', #4118, #1594, #1867, .T. ) ;
#10901 = DIRECTION ( 'NONE',  ( 0.000000000000000000, 0.000000000000000000, -1.000000000000000000 ) ) ;
#10902 = DIRECTION ( 'NONE',  ( 0.000000000000000000, 1.000000000000000000, 0.000000000000000000 ) ) ;
#10903 = EDGE_CURVE ( 'NONE', #5078, #3712, #5530, .T. ) ;
#10904 = CARTESIAN_POINT ( 'NONE',  ( -24.69999999999752660, -5.000000000000000000, 45.80000000000087823 ) ) ;
#10905 = CARTESIAN_POINT ( 'NONE',  ( -47.99999999999990052, -8.000000000000001776, 30.09999999999999787 ) ) ;
#10906 = VECTOR ( 'NONE', #637, 1000.000000000000000 ) ;
#10907 = AXIS2_PLACEMENT_3D ( 'NONE', #656, #597, #9774 ) ;
#10908 = CARTESIAN_POINT ( 'NONE',  ( 42.00000000000014211, -5.000000000000001776, -38.93703481765633967 ) ) ;
#10909 = CARTESIAN_POINT ( 'NONE',  ( 10.50000000000000178, -11.46508410774687547, 17.41753885185062245 ) ) ;
#10910 = LINE ( 'NONE', #9279, #4073 ) ;
#10911 = VERTEX_POINT ( 'NONE', #11449 ) ;
#10912 = ORIENTED_EDGE ( 'NONE', *, *, #5186, .T. ) ;
#10913 = VERTEX_POINT ( 'NONE', #349 ) ;
#10914 = CARTESIAN_POINT ( 'NONE',  ( -24.69999999999816609, -5.000000000000000000, -47.35000000000054143 ) ) ;
#10915 = ORIENTED_EDGE ( 'NONE', *, *, #2441, .F. ) ;
#10916 = AXIS2_PLACEMENT_3D ( 'NONE', #3206, #5015, #358 ) ;
#10917 = ADVANCED_FACE ( 'NONE', ( #9641, #6881, #11329, #3980, #2223, #1193, #5853, #3135, #7668, #471, #3193, #2339, #11558, #4040, #6030 ), #7725, .F. ) ;
#10918 = AXIS2_PLACEMENT_3D ( 'NONE', #3789, #8436, #3664 ) ;
#10919 = DIRECTION ( 'NONE',  ( -1.000000000000000000, 0.000000000000000000, 0.000000000000000000 ) ) ;
#10920 = CIRCLE ( 'NONE', #6706, 1.550000000000002709 ) ;
#10921 = CYLINDRICAL_SURFACE ( 'NONE', #7950, 1.100000000000000311 ) ;
#10922 = FACE_BOUND ( 'NONE', #11581, .T. ) ;
#10923 = DIRECTION ( 'NONE',  ( 0.000000000000000000, -1.000000000000000000, 0.000000000000000000 ) ) ;
#10924 = DIRECTION ( 'NONE',  ( 0.000000000000000000, 1.000000000000000000, 0.000000000000000000 ) ) ;
#10925 = DIRECTION ( 'NONE',  ( -1.000000000000000000, -0.000000000000000000, 1.047444401652940007E-14 ) ) ;
#10926 = CARTESIAN_POINT ( 'NONE',  ( -10.49999999999999822, -0.9999999999999991118, -13.25223834205409901 ) ) ;
#10927 = VECTOR ( 'NONE', #11210, 1000.000000000000000 ) ;
#10928 = ORIENTED_EDGE ( 'NONE', *, *, #10703, .F. ) ;
#10929 = ORIENTED_EDGE ( 'NONE', *, *, #8578, .T. ) ;
#10930 = EDGE_CURVE ( 'NONE', #10437, #8658, #11386, .T. ) ;
#10931 = ADVANCED_FACE ( 'NONE', ( #10430 ), #11504, .F. ) ;
#10932 = ORIENTED_EDGE ( 'NONE', *, *, #10571, .F. ) ;
#10933 = CIRCLE ( 'NONE', #5746, 4.349999999999999645 ) ;
#10934 = DIRECTION ( 'NONE',  ( 0.000000000000000000, 0.000000000000000000, -1.000000000000000000 ) ) ;
#10935 = AXIS2_PLACEMENT_3D ( 'NONE', #9355, #7621, #6655 ) ;
#10936 = LINE ( 'NONE', #2675, #7405 ) ;
#10937 = CARTESIAN_POINT ( 'NONE',  ( 16.59999999999983444, -1.000000000000000000, 42.00000000000000711 ) ) ;
#10938 = CARTESIAN_POINT ( 'NONE',  ( -10.50000000000000178, -6.691851700650325974, 24.17792075378426020 ) ) ;
#10939 = CARTESIAN_POINT ( 'NONE',  ( 27.09999999999983089, -0.1999999999999999833, 48.00000000000000711 ) ) ;
#10940 = CARTESIAN_POINT ( 'NONE',  ( -10.49999999999999822, 0.4627515311839119350, -26.30919688406721590 ) ) ;
#10941 = DIRECTION ( 'NONE',  ( 0.000000000000000000, 0.000000000000000000, -1.000000000000000000 ) ) ;
#10942 = ORIENTED_EDGE ( 'NONE', *, *, #6125, .T. ) ;
#10943 = VERTEX_POINT ( 'NONE', #6824 ) ;
#10944 = ORIENTED_EDGE ( 'NONE', *, *, #6676, .F. ) ;
#10945 = ORIENTED_EDGE ( 'NONE', *, *, #4096, .F. ) ;
#10946 = AXIS2_PLACEMENT_3D ( 'NONE', #2058, #10200, #7741 ) ;
#10947 = LINE ( 'NONE', #8122, #2942 ) ;
#10948 = CARTESIAN_POINT ( 'NONE',  ( -1.546923602921275842, -5.028395047746746727, 25.44307191004068969 ) ) ;
#10949 = LINE ( 'NONE', #11008, #1796 ) ;
#10950 = CARTESIAN_POINT ( 'NONE',  ( -36.50413812651495959, -5.000000000000001776, 42.00000000000000711 ) ) ;
#10951 = FACE_OUTER_BOUND ( 'NONE', #10659, .T. ) ;
#10952 = DIRECTION ( 'NONE',  ( 0.000000000000000000, 0.000000000000000000, 1.000000000000000000 ) ) ;
#10953 = CARTESIAN_POINT ( 'NONE',  ( -32.26471002320377579, -8.472712070617458124, 44.77539873571385698 ) ) ;
#10954 = VERTEX_POINT ( 'NONE', #5915 ) ;
#10955 = ORIENTED_EDGE ( 'NONE', *, *, #11456, .F. ) ;
#10956 = VERTEX_POINT ( 'NONE', #9584 ) ;
#10957 = CARTESIAN_POINT ( 'NONE',  ( -43.50000000000011369, -3.199999999999999289, -30.49999999999968381 ) ) ;
#10958 = EDGE_CURVE ( 'NONE', #11360, #8950, #4004, .T. ) ;
#10959 = CARTESIAN_POINT ( 'NONE',  ( 40.00000000000000711, -15.00000000000000355, -42.80000000000001137 ) ) ;
#10960 = DIRECTION ( 'NONE',  ( 0.000000000000000000, 1.000000000000000000, 0.000000000000000000 ) ) ;
#10961 = CARTESIAN_POINT ( 'NONE',  ( -41.24305703273862633, -11.25977098458894510, -48.00000000000002132 ) ) ;
#10962 = CARTESIAN_POINT ( 'NONE',  ( -47.99999999999987921, -3.199999999999999734, 38.10000000000000142 ) ) ;
#10963 = CARTESIAN_POINT ( 'NONE',  ( 41.56819071297420010, -7.320963816998453666, 41.93180928702572174 ) ) ;
#10964 = AXIS2_PLACEMENT_3D ( 'NONE', #11545, #6016, #1297 ) ;
#10965 = CARTESIAN_POINT ( 'NONE',  ( -15.00000000000000355, -1.000000000000000000, 15.00000000000000355 ) ) ;
#10966 = CARTESIAN_POINT ( 'NONE',  ( 10.50000000000000178, -12.69965371984190661, 13.48363888547187806 ) ) ;
#10967 = CARTESIAN_POINT ( 'NONE',  ( 36.06845830483482018, -8.175270738872130849, -44.66764878091478863 ) ) ;
#10968 = VERTEX_POINT ( 'NONE', #2164 ) ;
#10969 = ORIENTED_EDGE ( 'NONE', *, *, #7519, .T. ) ;
#10970 = ORIENTED_EDGE ( 'NONE', *, *, #7525, .T. ) ;
#10971 = CARTESIAN_POINT ( 'NONE',  ( 27.09999999999983089, -0.1999999999999999833, 48.00000000000000711 ) ) ;
#10972 = EDGE_LOOP ( 'NONE', ( #4800, #425, #3760, #6551, #10534, #8747, #6365, #3506 ) ) ;
#10973 = ADVANCED_FACE ( 'NONE', ( #1312, #4217, #3308 ), #5791, .T. ) ;
#10974 = AXIS2_PLACEMENT_3D ( 'NONE', #10462, #2312, #8598 ) ;
#10975 = FACE_OUTER_BOUND ( 'NONE', #9964, .T. ) ;
#10976 = VECTOR ( 'NONE', #282, 1000.000000000000000 ) ;
#10977 = DIRECTION ( 'NONE',  ( 0.000000000000000000, 0.000000000000000000, -1.000000000000000000 ) ) ;
#10978 = CARTESIAN_POINT ( 'NONE',  ( -1.734723475976807094E-15, -3.298378529229158307, 26.59999999999999787 ) ) ;
#10979 = FACE_OUTER_BOUND ( 'NONE', #10972, .T. ) ;
#10980 = DIRECTION ( 'NONE',  ( 0.000000000000000000, -1.000000000000000000, 0.000000000000000000 ) ) ;
#10981 = DIRECTION ( 'NONE',  ( 0.000000000000000000, -0.000000000000000000, -1.000000000000000000 ) ) ;
#10982 = ADVANCED_FACE ( 'NONE', ( #5004 ), #2514, .T. ) ;
#10983 = VERTEX_POINT ( 'NONE', #9760 ) ;
#10984 = VERTEX_POINT ( 'NONE', #2462 ) ;
#10985 = EDGE_CURVE ( 'NONE', #2449, #4224, #7085, .T. ) ;
#10986 = VECTOR ( 'NONE', #5769, 1000.000000000000000 ) ;
#10987 = ORIENTED_EDGE ( 'NONE', *, *, #4802, .T. ) ;
#10988 = DIRECTION ( 'NONE',  ( 0.000000000000000000, 0.000000000000000000, 1.000000000000000000 ) ) ;
#10989 = DIRECTION ( 'NONE',  ( 0.000000000000000000, 0.000000000000000000, -1.000000000000000000 ) ) ;
#10990 = DIRECTION ( 'NONE',  ( 0.000000000000000000, -1.000000000000000000, -0.000000000000000000 ) ) ;
#10991 = LINE ( 'NONE', #7, #2421 ) ;
#10992 = AXIS2_PLACEMENT_3D ( 'NONE', #4010, #3096, #9368 ) ;
#10993 = CARTESIAN_POINT ( 'NONE',  ( 0.000000000000000000, -1.000000000000000000, 0.000000000000000000 ) ) ;
#10994 = CARTESIAN_POINT ( 'NONE',  ( 42.50000000000000000, 1.000000000000000000, 49.99999999999999289 ) ) ;
#10995 = EDGE_CURVE ( 'NONE', #9921, #1177, #9928, .T. ) ;
#10996 = VECTOR ( 'NONE', #8957, 1000.000000000000000 ) ;
#10997 = CYLINDRICAL_SURFACE ( 'NONE', #9040, 2.999999999999999112 ) ;
#10998 = ORIENTED_EDGE ( 'NONE', *, *, #3665, .F. ) ;
#10999 = ORIENTED_EDGE ( 'NONE', *, *, #8198, .F. ) ;
#11000 = ORIENTED_EDGE ( 'NONE', *, *, #6610, .F. ) ;
#11001 = ORIENTED_EDGE ( 'NONE', *, *, #5345, .F. ) ;
#11002 = EDGE_CURVE ( 'NONE', #10268, #8557, #11308, .T. ) ;
#11003 = EDGE_CURVE ( 'NONE', #6766, #11780, #5937, .T. ) ;
#11004 = CIRCLE ( 'NONE', #6792, 1.000000000000000888 ) ;
#11005 = CARTESIAN_POINT ( 'NONE',  ( 37.50000000000000711, -9.000000000000001776, 42.89999999999999147 ) ) ;
#11006 = CIRCLE ( 'NONE', #1950, 4.349999999999999645 ) ;
#11007 = CARTESIAN_POINT ( 'NONE',  ( -0.9359117892371677794, -3.761268285076962758, 26.31667318095972874 ) ) ;
#11008 = CARTESIAN_POINT ( 'NONE',  ( 9.184850993605147944E-16, -1.000000000000000000, -7.500000000000000000 ) ) ;
#11009 = EDGE_CURVE ( 'NONE', #3201, #8495, #1721, .T. ) ;
#11010 = CARTESIAN_POINT ( 'NONE',  ( -36.74972969285088453, -5.000000000000000888, 42.00000000000000000 ) ) ;
#11011 = CARTESIAN_POINT ( 'NONE',  ( 30.49999999999954170, -3.199999999999999289, -42.00000000000000711 ) ) ;
#11012 = EDGE_CURVE ( 'NONE', #2773, #4309, #6698, .T. ) ;
#11013 = FACE_OUTER_BOUND ( 'NONE', #11741, .T. ) ;
#11014 = CARTESIAN_POINT ( 'NONE',  ( -29.25570636117179646, -7.878746809255207317, 42.39900314733214515 ) ) ;
#11015 = VERTEX_POINT ( 'NONE', #8074 ) ;
#11016 = ORIENTED_EDGE ( 'NONE', *, *, #4207, .F. ) ;
#11017 = CIRCLE ( 'NONE', #619, 1.549999999999999378 ) ;
#11018 = EDGE_LOOP ( 'NONE', ( #6953, #1638, #11491, #7945 ) ) ;
#11019 = CIRCLE ( 'NONE', #5831, 1.550000000000002709 ) ;
#11020 = CARTESIAN_POINT ( 'NONE',  ( -45.79999999999802185, -3.499999999999999556, 22.35000000000063025 ) ) ;
#11021 = CARTESIAN_POINT ( 'NONE',  ( -24.69999999999752660, -5.000000000000000000, 45.80000000000087823 ) ) ;
#11022 = CARTESIAN_POINT ( 'NONE',  ( -21.65063509461091584, 1.000000000000000000, -10.90000000000010338 ) ) ;
#11023 = DIRECTION ( 'NONE',  ( 0.000000000000000000, -1.000000000000000000, 0.000000000000000000 ) ) ;
#11024 =( BOUNDED_CURVE ( )  B_SPLINE_CURVE ( 3, ( #2308, #5940, #7079, #2366 ),
 .UNSPECIFIED., .F., .T. ) 
 B_SPLINE_CURVE_WITH_KNOTS ( ( 4, 4 ),
 ( 4.712388980384689674, 6.283185307179586232 ),
 .UNSPECIFIED. ) 
 CURVE ( )  GEOMETRIC_REPRESENTATION_ITEM ( )  RATIONAL_B_SPLINE_CURVE ( ( 1.000000000000000000, 0.8047378541243649375, 0.8047378541243649375, 1.000000000000000000 ) ) 
 REPRESENTATION_ITEM ( '' )  );
#11025 = VECTOR ( 'NONE', #2073, 1000.000000000000000 ) ;
#11026 = PLANE ( 'NONE',  #5459 ) ;
#11027 = CARTESIAN_POINT ( 'NONE',  ( 10.50000000000000178, -10.00000000000000178, -12.40000000000000036 ) ) ;
#11028 = AXIS2_PLACEMENT_3D ( 'NONE', #5640, #4239, #6739 ) ;
#11029 = LINE ( 'NONE', #10064, #11673 ) ;
#11030 = CARTESIAN_POINT ( 'NONE',  ( -14.99999999999982236, 1.000000000000000000, 40.00000000000000000 ) ) ;
#11031 = DIRECTION ( 'NONE',  ( 1.040834085586084257E-14, 0.000000000000000000, 1.000000000000000000 ) ) ;
#11032 = EDGE_LOOP ( 'NONE', ( #9645, #8280, #3638, #9378, #6658, #6017, #7103 ) ) ;
#11033 = ORIENTED_EDGE ( 'NONE', *, *, #2821, .T. ) ;
#11034 = VERTEX_POINT ( 'NONE', #11793 ) ;
#11035 = DIRECTION ( 'NONE',  ( -1.000000000000000000, 0.000000000000000000, 0.000000000000000000 ) ) ;
#11036 = ORIENTED_EDGE ( 'NONE', *, *, #7412, .F. ) ;
#11037 = CARTESIAN_POINT ( 'NONE',  ( -24.69999999999816609, -3.499999999999999556, -45.80000000000054428 ) ) ;
#11038 = VECTOR ( 'NONE', #9987, 1000.000000000000000 ) ;
#11039 = DIRECTION ( 'NONE',  ( 0.000000000000000000, 0.000000000000000000, -1.000000000000000000 ) ) ;
#11040 = CARTESIAN_POINT ( 'NONE',  ( -43.49999999999987210, -3.199999999999999734, 40.44999999999998863 ) ) ;
#11041 = EDGE_CURVE ( 'NONE', #6523, #5515, #3809, .T. ) ;
#11042 = DIRECTION ( 'NONE',  ( 0.000000000000000000, 0.000000000000000000, 1.000000000000000000 ) ) ;
#11043 = CYLINDRICAL_SURFACE ( 'NONE', #5327, 2.349999999999997868 ) ;
#11044 = CARTESIAN_POINT ( 'NONE',  ( -36.19999999999999574, -9.000000000000001776, 42.89999999999999147 ) ) ;
#11045 = VERTEX_POINT ( 'NONE', #5352 ) ;
#11046 = AXIS2_PLACEMENT_3D ( 'NONE', #3799, #10242, #286 ) ;
#11047 = ORIENTED_EDGE ( 'NONE', *, *, #868, .T. ) ;
#11048 = ORIENTED_EDGE ( 'NONE', *, *, #2471, .F. ) ;
#11049 = AXIS2_PLACEMENT_3D ( 'NONE', #5941, #5086, #7752 ) ;
#11050 = EDGE_LOOP ( 'NONE', ( #5838, #1369, #3909, #4981 ) ) ;
#11051 = DIRECTION ( 'NONE',  ( 0.000000000000000000, 0.000000000000000000, 1.000000000000000000 ) ) ;
#11052 = EDGE_CURVE ( 'NONE', #249, #9425, #4572, .T. ) ;
#11053 = AXIS2_PLACEMENT_3D ( 'NONE', #5350, #2633, #9989 ) ;
#11054 = CARTESIAN_POINT ( 'NONE',  ( -41.99999999999993605, -4.000000000000000000, 21.49897948556553118 ) ) ;
#11055 = DIRECTION ( 'NONE',  ( -1.000000000000000000, 0.000000000000000000, -0.000000000000000000 ) ) ;
#11056 = AXIS2_PLACEMENT_3D ( 'NONE', #11351, #6850, #2309 ) ;
#11057 = ADVANCED_FACE ( 'NONE', ( #1487 ), #704, .F. ) ;
#11058 = DIRECTION ( 'NONE',  ( 0.000000000000000000, -0.000000000000000000, -1.000000000000000000 ) ) ;
#11059 = LINE ( 'NONE', #7149, #1834 ) ;
#11060 = DIRECTION ( 'NONE',  ( 0.000000000000000000, -0.000000000000000000, -1.000000000000000000 ) ) ;
#11061 = CARTESIAN_POINT ( 'NONE',  ( 10.49999999999999822, -8.708618909598003555, -20.01076454096243395 ) ) ;
#11062 = VERTEX_POINT ( 'NONE', #3485 ) ;
#11063 = ORIENTED_EDGE ( 'NONE', *, *, #4603, .T. ) ;
#11064 = VERTEX_POINT ( 'NONE', #6146 ) ;
#11065 = ORIENTED_EDGE ( 'NONE', *, *, #5741, .T. ) ;
#11066 = VECTOR ( 'NONE', #10304, 1000.000000000000000 ) ;
#11067 = DIRECTION ( 'NONE',  ( 0.000000000000000000, 0.000000000000000000, 1.000000000000000000 ) ) ;
#11068 = EDGE_CURVE ( 'NONE', #2991, #6323, #4447, .T. ) ;
#11069 = CARTESIAN_POINT ( 'NONE',  ( -0.1387874229687926508, -7.341855279628481945, 23.40000000000000568 ) ) ;
#11070 = LINE ( 'NONE', #3655, #2962 ) ;
#11071 = CARTESIAN_POINT ( 'NONE',  ( -49.99999999999819522, -5.000000000000000000, -21.49897948556684213 ) ) ;
#11072 = CARTESIAN_POINT ( 'NONE',  ( -20.51918358845047052, -4.200000000000000178, -49.99999999999884182 ) ) ;
#11073 = CARTESIAN_POINT ( 'NONE',  ( -10.50000000000000000, -1.000000000000000888, 8.461707764593960235 ) ) ;
#11074 = CARTESIAN_POINT ( 'NONE',  ( -29.33101250543939287, -7.899963395352611606, 44.50652009173247592 ) ) ;
#11075 = CARTESIAN_POINT ( 'NONE',  ( -33.69300893294744981, -8.799990666148612917, 48.00000000000002132 ) ) ;
#11076 = ORIENTED_EDGE ( 'NONE', *, *, #7081, .F. ) ;
#11077 = ORIENTED_EDGE ( 'NONE', *, *, #6895, .T. ) ;
#11078 = EDGE_LOOP ( 'NONE', ( #3676, #9048, #8470, #9601 ) ) ;
#11079 = DIRECTION ( 'NONE',  ( -1.000000000000000000, 0.000000000000000000, 1.047444401652940007E-14 ) ) ;
#11080 = EDGE_CURVE ( 'NONE', #1028, #8647, #8226, .T. ) ;
#11081 = LINE ( 'NONE', #1727, #2050 ) ;
#11082 = EDGE_CURVE ( 'NONE', #8297, #1299, #900, .T. ) ;
#11083 = CARTESIAN_POINT ( 'NONE',  ( -24.70000000000000995, -3.499999999999999556, -45.80000000000000426 ) ) ;
#11084 = CARTESIAN_POINT ( 'NONE',  ( -37.60445486833100404, -10.70627089506652574, -48.00000000000001421 ) ) ;
#11085 = FACE_OUTER_BOUND ( 'NONE', #1901, .T. ) ;
#11086 = DIRECTION ( 'NONE',  ( 0.000000000000000000, 0.000000000000000000, -1.000000000000000000 ) ) ;
#11087 = DIRECTION ( 'NONE',  ( 2.952720810173291281E-15, 0.000000000000000000, 1.000000000000000000 ) ) ;
#11088 = CARTESIAN_POINT ( 'NONE',  ( 31.29999999999983373, -0.1999999999999999833, -48.00000000000000711 ) ) ;
#11089 = CARTESIAN_POINT ( 'NONE',  ( 35.93272957648670740, -14.78774434986896935, -44.36132305184030145 ) ) ;
#11090 = VECTOR ( 'NONE', #6246, 1000.000000000000000 ) ;
#11091 = ORIENTED_EDGE ( 'NONE', *, *, #5099, .T. ) ;
#11092 = ORIENTED_EDGE ( 'NONE', *, *, #5192, .T. ) ;
#11093 = EDGE_LOOP ( 'NONE', ( #11623, #5121, #3388, #6661 ) ) ;
#11094 = DIRECTION ( 'NONE',  ( 0.000000000000000000, 0.000000000000000000, 1.000000000000000000 ) ) ;
#11095 = VERTEX_POINT ( 'NONE', #9990 ) ;
#11096 = CARTESIAN_POINT ( 'NONE',  ( -30.09999999999983089, -5.000000000000002665, -42.00000000000000711 ) ) ;
#11097 = VECTOR ( 'NONE', #4536, 1000.000000000000000 ) ;
#11098 = AXIS2_PLACEMENT_3D ( 'NONE', #9174, #4602, #11946 ) ;
#11099 = CARTESIAN_POINT ( 'NONE',  ( 42.00000000000014211, -9.000000000000001776, -38.93703481765633967 ) ) ;
#11100 = CARTESIAN_POINT ( 'NONE',  ( 31.29999999999983373, 1.000000000000000000, 50.00000000000000711 ) ) ;
#11101 = LINE ( 'NONE', #731, #5237 ) ;
#11102 = CARTESIAN_POINT ( 'NONE',  ( 32.84999999999983089, -3.199999999999999289, 43.50000000000001421 ) ) ;
#11103 = CARTESIAN_POINT ( 'NONE',  ( 42.00000000000031974, -8.000000000000001776, 30.09999999999939035 ) ) ;
#11104 = EDGE_LOOP ( 'NONE', ( #1891, #5297, #2063, #9283 ) ) ;
#11105 = VERTEX_POINT ( 'NONE', #5406 ) ;
#11106 = ORIENTED_EDGE ( 'NONE', *, *, #8439, .F. ) ;
#11107 = VECTOR ( 'NONE', #6272, 1000.000000000000000 ) ;
#11108 = EDGE_CURVE ( 'NONE', #9033, #7833, #7303, .T. ) ;
#11109 = VERTEX_POINT ( 'NONE', #5711 ) ;
#11110 = CARTESIAN_POINT ( 'NONE',  ( -50.00000000000000000, -4.200000000000000178, -20.51918358845357204 ) ) ;
#11111 = EDGE_CURVE ( 'NONE', #5500, #11756, #8246, .T. ) ;
#11112 = DIRECTION ( 'NONE',  ( 0.000000000000000000, 0.000000000000000000, 1.000000000000000000 ) ) ;
#11113 = CARTESIAN_POINT ( 'NONE',  ( -6.400000000000000355, -13.00000000000000178, -12.90000000000000036 ) ) ;
#11114 = AXIS2_PLACEMENT_3D ( 'NONE', #5597, #42, #2829 ) ;
#11115 = DIRECTION ( 'NONE',  ( -0.000000000000000000, 1.000000000000000000, -0.000000000000000000 ) ) ;
#11116 = CARTESIAN_POINT ( 'NONE',  ( 33.26138619769396598, -9.509990858022758786, -42.00000000000000711 ) ) ;
#11117 = DIRECTION ( 'NONE',  ( 8.953411488912536510E-15, 0.000000000000000000, 1.000000000000000000 ) ) ;
#11118 = LINE ( 'NONE', #10154, #2313 ) ;
#11119 = AXIS2_PLACEMENT_3D ( 'NONE', #5916, #6579, #3861 ) ;
#11120 = EDGE_LOOP ( 'NONE', ( #7141, #3761 ) ) ;
#11121 = ORIENTED_EDGE ( 'NONE', *, *, #4610, .F. ) ;
#11122 = EDGE_LOOP ( 'NONE', ( #10498, #10873 ) ) ;
#11123 = ORIENTED_EDGE ( 'NONE', *, *, #9548, .F. ) ;
#11124 = EDGE_CURVE ( 'NONE', #10036, #570, #9184, .T. ) ;
#11125 = FACE_OUTER_BOUND ( 'NONE', #7732, .T. ) ;
#11126 = CARTESIAN_POINT ( 'NONE',  ( -0.2789530647076692849, -3.330848529060687291, 26.58071516751779129 ) ) ;
#11127 = PLANE ( 'NONE',  #2381 ) ;
#11128 = CARTESIAN_POINT ( 'NONE',  ( 30.09999999999983089, -8.000000000000001776, 45.80559804515301181 ) ) ;
#11129 = DIRECTION ( 'NONE',  ( 0.000000000000000000, 0.000000000000000000, 1.000000000000000000 ) ) ;
#11130 = AXIS2_PLACEMENT_3D ( 'NONE', #10741, #9717, #7805 ) ;
#11131 = DIRECTION ( 'NONE',  ( -0.000000000000000000, 0.000000000000000000, -1.000000000000000000 ) ) ;
#11132 = CARTESIAN_POINT ( 'NONE',  ( -40.44999999999983231, -3.199999999999999734, -48.00000000000000711 ) ) ;
#11133 = ORIENTED_EDGE ( 'NONE', *, *, #8374, .F. ) ;
#11134 = ORIENTED_EDGE ( 'NONE', *, *, #1319, .T. ) ;
#11135 = EDGE_CURVE ( 'NONE', #5235, #5806, #7471, .T. ) ;
#11136 = ORIENTED_EDGE ( 'NONE', *, *, #7797, .F. ) ;
#11137 = DIRECTION ( 'NONE',  ( 1.000000000000000000, 0.000000000000000000, 0.000000000000000000 ) ) ;
#11138 = ADVANCED_FACE ( 'NONE', ( #3842 ), #2754, .F. ) ;
#11139 = DIRECTION ( 'NONE',  ( -1.000000000000000000, 0.000000000000000000, 0.000000000000000000 ) ) ;
#11140 = CARTESIAN_POINT ( 'NONE',  ( 10.50000000000000178, -9.990625292861620821, 8.802018131486097019 ) ) ;
#11141 = DIRECTION ( 'NONE',  ( 1.000000000000000000, -0.000000000000000000, -3.491481338843133355E-15 ) ) ;
#11142 = CARTESIAN_POINT ( 'NONE',  ( -24.69999999999738094, -3.499999999999999556, 45.79999999999864713 ) ) ;
#11143 = DIRECTION ( 'NONE',  ( -0.000000000000000000, -0.000000000000000000, -1.000000000000000000 ) ) ;
#11144 = DIRECTION ( 'NONE',  ( -0.000000000000000000, 1.000000000000000000, -0.000000000000000000 ) ) ;
#11145 = CARTESIAN_POINT ( 'NONE',  ( 40.00000000000000711, -15.00000000000000355, -38.45000000000000995 ) ) ;
#11146 = DIRECTION ( 'NONE',  ( -1.000000000000000000, -0.000000000000000000, 3.491481338843133750E-15 ) ) ;
#11147 = DIRECTION ( 'NONE',  ( 0.000000000000000000, 1.000000000000000000, 0.000000000000000000 ) ) ;
#11148 = CIRCLE ( 'NONE', #9616, 2.349999999999997868 ) ;
#11149 = ORIENTED_EDGE ( 'NONE', *, *, #9392, .T. ) ;
#11150 = ORIENTED_EDGE ( 'NONE', *, *, #5034, .T. ) ;
#11151 = EDGE_LOOP ( 'NONE', ( #5052, #3521 ) ) ;
#11152 = ADVANCED_FACE ( 'NONE', ( #26 ), #7526, .T. ) ;
#11153 = DIRECTION ( 'NONE',  ( 0.000000000000000000, -0.000000000000000000, -1.000000000000000000 ) ) ;
#11154 = ORIENTED_EDGE ( 'NONE', *, *, #7859, .F. ) ;
#11155 = B_SPLINE_CURVE_WITH_KNOTS ( 'NONE', 3,
 ( #7034, #10702, #4139, #2438, #6130, #11481 ),
 .UNSPECIFIED., .F., .F.,
 ( 4, 2, 4 ),
 ( 0.003701593801357401861, 0.004457520202442232654, 0.005213446603527063447 ),
 .UNSPECIFIED. ) ;
#11156 = ADVANCED_FACE ( 'NONE', ( #11013 ), #3783, .F. ) ;
#11157 = EDGE_CURVE ( 'NONE', #11610, #5960, #933, .T. ) ;
#11158 = B_SPLINE_CURVE_WITH_KNOTS ( 'NONE', 3,
 ( #8478, #5947, #3226, #2989, #6670, #9614 ),
 .UNSPECIFIED., .F., .F.,
 ( 4, 2, 4 ),
 ( 0.000000000000000000, 0.002972312699793779739, 0.005944625399587559478 ),
 .UNSPECIFIED. ) ;
#11159 = CARTESIAN_POINT ( 'NONE',  ( -50.00000000000000711, 0.000000000000000000, -50.00000000000000711 ) ) ;
#11160 = CARTESIAN_POINT ( 'NONE',  ( 43.49999999999963762, -3.199999999999999289, -35.75000000000029132 ) ) ;
#11161 = DIRECTION ( 'NONE',  ( 0.000000000000000000, 0.000000000000000000, 1.000000000000000000 ) ) ;
#11162 = DIRECTION ( 'NONE',  ( -0.000000000000000000, -0.000000000000000000, 1.000000000000000000 ) ) ;
#11163 = CARTESIAN_POINT ( 'NONE',  ( -43.50000000000013500, -3.199999999999999734, -35.74999999999968736 ) ) ;
#11164 = CARTESIAN_POINT ( 'NONE',  ( -36.55000000000042348, -3.199999999999999734, -42.00000000000001421 ) ) ;
#11165 = DIRECTION ( 'NONE',  ( 1.000000000000000000, 0.000000000000000000, -8.953411488912557020E-15 ) ) ;
#11166 = VERTEX_POINT ( 'NONE', #11190 ) ;
#11168 = EDGE_CURVE ( 'NONE', #10495, #1491, #538, .T. ) ;
#11167 = ORIENTED_EDGE ( 'NONE', *, *, #46, .T. ) ;
#11169 = ORIENTED_EDGE ( 'NONE', *, *, #3763, .F. ) ;
#11170 = VECTOR ( 'NONE', #10578, 1000.000000000000000 ) ;
#11171 = ORIENTED_EDGE ( 'NONE', *, *, #908, .T. ) ;
#11172 = EDGE_LOOP ( 'NONE', ( #9439, #3166, #11697, #170 ) ) ;
#11173 = CYLINDRICAL_SURFACE ( 'NONE', #4391, 1.549999999999999378 ) ;
#11174 = FACE_OUTER_BOUND ( 'NONE', #5338, .T. ) ;
#11175 = DIRECTION ( 'NONE',  ( -0.000000000000000000, -0.000000000000000000, 1.000000000000000000 ) ) ;
#11176 = CARTESIAN_POINT ( 'NONE',  ( 32.77782118042306081, -9.131018821888012837, -42.00000000000000711 ) ) ;
#11177 = CARTESIAN_POINT ( 'NONE',  ( -41.99999999999994316, -4.200000000000000178, 20.51918358845225754 ) ) ;
#11178 = CARTESIAN_POINT ( 'NONE',  ( -10.49999999999999822, -9.745380757776372249, -17.26377963188577880 ) ) ;
#11179 = VECTOR ( 'NONE', #11324, 1000.000000000000000 ) ;
#11180 = ORIENTED_EDGE ( 'NONE', *, *, #6634, .F. ) ;
#11181 = ORIENTED_EDGE ( 'NONE', *, *, #2126, .F. ) ;
#11182 = ORIENTED_EDGE ( 'NONE', *, *, #7753, .T. ) ;
#11183 = DIRECTION ( 'NONE',  ( 1.047444401652940007E-14, 0.000000000000000000, 1.000000000000000000 ) ) ;
#11184 = VECTOR ( 'NONE', #6802, 1000.000000000000000 ) ;
#11185 = LINE ( 'NONE', #270, #398 ) ;
#11186 = DIRECTION ( 'NONE',  ( 0.000000000000000000, 1.000000000000000000, 0.000000000000000000 ) ) ;
#11187 = CARTESIAN_POINT ( 'NONE',  ( -37.72663238008041020, -5.092893069001402928, 42.00000000000000711 ) ) ;
#11188 = CARTESIAN_POINT ( 'NONE',  ( 14.99999999999982236, -1.000000000000000000, 40.00000000000000000 ) ) ;
#11189 = EDGE_CURVE ( 'NONE', #11404, #1343, #877, .T. ) ;
#11190 = CARTESIAN_POINT ( 'NONE',  ( 42.49999999999982947, 0.000000000000000000, -50.00000000000000711 ) ) ;
#11191 = DIRECTION ( 'NONE',  ( 0.000000000000000000, 0.000000000000000000, -1.000000000000000000 ) ) ;
#11192 = ORIENTED_EDGE ( 'NONE', *, *, #4268, .F. ) ;
#11193 = VERTEX_POINT ( 'NONE', #1898 ) ;
#11194 = VERTEX_POINT ( 'NONE', #5646 ) ;
#11195 = FACE_OUTER_BOUND ( 'NONE', #153, .T. ) ;
#11196 = VECTOR ( 'NONE', #799, 1000.000000000000000 ) ;
#11197 = VECTOR ( 'NONE', #1673, 1000.000000000000000 ) ;
#11198 = CIRCLE ( 'NONE', #3699, 2.349999999999997868 ) ;
#11199 = DIRECTION ( 'NONE',  ( 0.000000000000000000, 0.000000000000000000, -1.000000000000000000 ) ) ;
#11200 = CARTESIAN_POINT ( 'NONE',  ( -32.04999999999924398, -3.199999999999999289, 42.00000000000000711 ) ) ;
#11201 = CARTESIAN_POINT ( 'NONE',  ( 0.000000000000000000, -0.9999999999999997780, -26.01751132487175155 ) ) ;
#11202 = EDGE_CURVE ( 'NONE', #2150, #1493, #2874, .T. ) ;
#11203 = PLANE ( 'NONE',  #7172 ) ;
#11204 = DIRECTION ( 'NONE',  ( 1.000000000000000000, 0.000000000000000000, 0.000000000000000000 ) ) ;
#11205 = DIRECTION ( 'NONE',  ( 0.000000000000000000, 0.000000000000000000, 1.000000000000000000 ) ) ;
#11206 = EDGE_CURVE ( 'NONE', #8223, #8675, #2936, .T. ) ;
#11207 = AXIS2_PLACEMENT_3D ( 'NONE', #8797, #8913, #2399 ) ;
#11208 = VECTOR ( 'NONE', #685, 1000.000000000000000 ) ;
#11209 = CARTESIAN_POINT ( 'NONE',  ( 41.99999999999960210, -8.235744183581084954, -39.01488509619116485 ) ) ;
#11210 = DIRECTION ( 'NONE',  ( 0.000000000000000000, -1.000000000000000000, 0.000000000000000000 ) ) ;
#11211 = CARTESIAN_POINT ( 'NONE',  ( 40.00000000000000711, -15.00000000000000355, -42.80000000000001137 ) ) ;
#11212 = ORIENTED_EDGE ( 'NONE', *, *, #6800, .F. ) ;
#11213 = VERTEX_POINT ( 'NONE', #6625 ) ;
#11214 = CARTESIAN_POINT ( 'NONE',  ( 44.62151917729527639, -9.435392656923662358, -48.00000000000001421 ) ) ;
#11215 = ORIENTED_EDGE ( 'NONE', *, *, #7984, .F. ) ;
#11216 = CARTESIAN_POINT ( 'NONE',  ( 41.99999999999970157, -3.199999999999999289, -28.94999999999968310 ) ) ;
#11217 = EDGE_CURVE ( 'NONE', #6251, #8422, #4012, .T. ) ;
#11218 = AXIS2_PLACEMENT_3D ( 'NONE', #5397, #9076, #206 ) ;
#11219 = CARTESIAN_POINT ( 'NONE',  ( 41.49999999999983658, -5.234697887286978712, -42.00000000000000711 ) ) ;
#11220 = LINE ( 'NONE', #10318, #4916 ) ;
#11221 = EDGE_CURVE ( 'NONE', #3730, #9690, #9324, .T. ) ;
#11222 = CARTESIAN_POINT ( 'NONE',  ( 50.00000000000094502, -3.199999999999999289, -32.04999999999966320 ) ) ;
#11223 = DIRECTION ( 'NONE',  ( -0.000000000000000000, -0.000000000000000000, 1.000000000000000000 ) ) ;
#11224 = EDGE_CURVE ( 'NONE', #5529, #10158, #9008, .T. ) ;
#11225 = CARTESIAN_POINT ( 'NONE',  ( 35.74999999999983658, -3.199999999999999734, -43.50000000000001421 ) ) ;
#11226 = CYLINDRICAL_SURFACE ( 'NONE', #3249, 1.000000000000000888 ) ;
#11227 = EDGE_LOOP ( 'NONE', ( #8336, #9497, #6842, #6123, #2533, #11077, #11048, #10099, #11608, #2506, #3831, #7892, #3680 ) ) ;
#11228 = ORIENTED_EDGE ( 'NONE', *, *, #10396, .T. ) ;
#11229 = LINE ( 'NONE', #6659, #1905 ) ;
#11230 = ORIENTED_EDGE ( 'NONE', *, *, #8511, .F. ) ;
#11231 = ORIENTED_EDGE ( 'NONE', *, *, #11598, .T. ) ;
#11232 = AXIS2_PLACEMENT_3D ( 'NONE', #6404, #8329, #955 ) ;
#11233 = ADVANCED_FACE ( 'NONE', ( #3907 ), #2694, .T. ) ;
#11234 = DIRECTION ( 'NONE',  ( 0.000000000000000000, 1.000000000000000000, 0.000000000000000000 ) ) ;
#11235 = EDGE_CURVE ( 'NONE', #2990, #5049, #3658, .T. ) ;
#11236 = PLANE ( 'NONE',  #1552 ) ;
#11237 = CARTESIAN_POINT ( 'NONE',  ( -40.00000000000000000, -1.000000000000000000, 14.99999999999982236 ) ) ;
#11238 = EDGE_CURVE ( 'NONE', #8908, #9878, #274, .T. ) ;
#11239 = DIRECTION ( 'NONE',  ( 0.000000000000000000, 1.000000000000000000, 0.000000000000000000 ) ) ;
#11240 = CIRCLE ( 'NONE', #2778, 2.000000000000000000 ) ;
#11241 = PLANE ( 'NONE',  #9185 ) ;
#11242 = CARTESIAN_POINT ( 'NONE',  ( 43.50000000000041211, -3.199999999999999734, 38.09999999999938325 ) ) ;
#11243 = DIRECTION ( 'NONE',  ( 0.000000000000000000, 0.000000000000000000, -1.000000000000000000 ) ) ;
#11244 = AXIS2_PLACEMENT_3D ( 'NONE', #9503, #209, #6555 ) ;
#11245 = ORIENTED_EDGE ( 'NONE', *, *, #10573, .F. ) ;
#11246 = ORIENTED_EDGE ( 'NONE', *, *, #7834, .F. ) ;
#11247 = VERTEX_POINT ( 'NONE', #11487 ) ;
#11248 = AXIS2_PLACEMENT_3D ( 'NONE', #952, #1920, #4647 ) ;
#11249 = AXIS2_PLACEMENT_3D ( 'NONE', #212, #9447, #4750 ) ;
#11250 = DIRECTION ( 'NONE',  ( 1.000000000000000000, 0.000000000000000000, -1.047444401652940007E-14 ) ) ;
#11251 = VECTOR ( 'NONE', #5565, 1000.000000000000000 ) ;
#11252 = FACE_OUTER_BOUND ( 'NONE', #2121, .T. ) ;
#11253 = FACE_OUTER_BOUND ( 'NONE', #841, .T. ) ;
#11254 = CARTESIAN_POINT ( 'NONE',  ( -43.49999999999987921, -3.199999999999999734, 38.09999999999998721 ) ) ;
#11255 = DIRECTION ( 'NONE',  ( 0.000000000000000000, 0.000000000000000000, -1.000000000000000000 ) ) ;
#11256 = LINE ( 'NONE', #2999, #10368 ) ;
#11257 = CARTESIAN_POINT ( 'NONE',  ( -31.86351804119037823, -10.60520182517212362, 42.00000000000000711 ) ) ;
#11258 = ORIENTED_EDGE ( 'NONE', *, *, #8739, .T. ) ;
#11259 = ORIENTED_EDGE ( 'NONE', *, *, #2137, .T. ) ;
#11260 = CIRCLE ( 'NONE', #9524, 3.599999999999999201 ) ;
#11261 = ORIENTED_EDGE ( 'NONE', *, *, #1460, .F. ) ;
#11262 = DIRECTION ( 'NONE',  ( 0.000000000000000000, 0.000000000000000000, -1.000000000000000000 ) ) ;
#11263 = DIRECTION ( 'NONE',  ( -0.000000000000000000, 1.000000000000000000, -0.000000000000000000 ) ) ;
#11264 = EDGE_CURVE ( 'NONE', #11247, #10416, #335, .T. ) ;
#11265 = CARTESIAN_POINT ( 'NONE',  ( -10.49999999999999822, -0.7937137482936292843, -29.14938764836510643 ) ) ;
#11266 = DIRECTION ( 'NONE',  ( 0.000000000000000000, 0.000000000000000000, 1.000000000000000000 ) ) ;
#11267 = CARTESIAN_POINT ( 'NONE',  ( -3.442755089774979460, -1.989569771857452096, 23.89643281230384630 ) ) ;
#11268 = CYLINDRICAL_SURFACE ( 'NONE', #2960, 1.550000000000002709 ) ;
#11269 = CARTESIAN_POINT ( 'NONE',  ( 41.99999999999960920, -8.806807723963064660, -38.93703481765606256 ) ) ;
#11270 = FACE_OUTER_BOUND ( 'NONE', #6856, .T. ) ;
#11271 = DIRECTION ( 'NONE',  ( -1.047444401652940007E-14, 0.000000000000000000, -1.000000000000000000 ) ) ;
#11272 = EDGE_LOOP ( 'NONE', ( #4728, #995, #4744, #10765, #9438 ) ) ;
#11273 = ORIENTED_EDGE ( 'NONE', *, *, #6454, .F. ) ;
#11274 = CARTESIAN_POINT ( 'NONE',  ( 46.59867614947806658, -8.559219455937148169, -48.00000000000000711 ) ) ;
#11275 = ORIENTED_EDGE ( 'NONE', *, *, #2947, .T. ) ;
#11276 = ADVANCED_FACE ( 'NONE', ( #4028 ), #9627, .F. ) ;
#11277 = FACE_BOUND ( 'NONE', #10688, .T. ) ;
#11278 = DIRECTION ( 'NONE',  ( 0.000000000000000000, 0.000000000000000000, -1.000000000000000000 ) ) ;
#11280 = CARTESIAN_POINT ( 'NONE',  ( -35.74999999999983658, -3.199999999999999289, -48.00000000000000711 ) ) ;
#11279 = VECTOR ( 'NONE', #11474, 1000.000000000000000 ) ;
#11281 = CARTESIAN_POINT ( 'NONE',  ( 36.13766816143491667, -14.80000000000000071, -44.80122281838041687 ) ) ;
#11282 = CARTESIAN_POINT ( 'NONE',  ( -40.44999999999983231, -3.199999999999999734, -43.50000000000001421 ) ) ;
#11283 = CARTESIAN_POINT ( 'NONE',  ( -49.00000000000000711, 1.000000000000000000, -41.49999999999965894 ) ) ;
#11284 = AXIS2_PLACEMENT_3D ( 'NONE', #11398, #10259, #3993 ) ;
#11285 = DIRECTION ( 'NONE',  ( -1.000000000000000000, 0.000000000000000000, 0.000000000000000000 ) ) ;
#11286 = VERTEX_POINT ( 'NONE', #4930 ) ;
#11287 = EDGE_LOOP ( 'NONE', ( #11539, #7459 ) ) ;
#11288 = DIRECTION ( 'NONE',  ( -1.047444401652940007E-14, -1.204669080539449097E-16, -1.000000000000000000 ) ) ;
#11289 = ORIENTED_EDGE ( 'NONE', *, *, #10126, .F. ) ;
#11290 = EDGE_CURVE ( 'NONE', #67, #8602, #11256, .T. ) ;
#11291 = AXIS2_PLACEMENT_3D ( 'NONE', #2039, #4705, #287 ) ;
#11292 = VECTOR ( 'NONE', #10738, 1000.000000000000000 ) ;
#11293 = ADVANCED_FACE ( 'NONE', ( #7772 ), #7652, .F. ) ;
#11294 = DIRECTION ( 'NONE',  ( -1.000000000000000000, 0.000000000000000000, -0.000000000000000000 ) ) ;
#11295 = DIRECTION ( 'NONE',  ( -1.000000000000000000, -1.204669080539449097E-16, 0.000000000000000000 ) ) ;
#11296 = DIRECTION ( 'NONE',  ( 6.982962677686266711E-15, 0.000000000000000000, 1.000000000000000000 ) ) ;
#11297 = DIRECTION ( 'NONE',  ( 1.000000000000000000, 0.000000000000000000, 0.000000000000000000 ) ) ;
#11298 = CARTESIAN_POINT ( 'NONE',  ( -32.84999999999983089, -3.199999999999998845, 43.50000000000001421 ) ) ;
#11299 = CARTESIAN_POINT ( 'NONE',  ( -30.54567920924549185, -8.118094065820244509, -42.00000000000000711 ) ) ;
#11300 = CARTESIAN_POINT ( 'NONE',  ( -45.79999999999802185, 1.000000000000000000, 27.05000000000062599 ) ) ;
#11301 = CIRCLE ( 'NONE', #11683, 4.349999999999999645 ) ;
#11302 = ORIENTED_EDGE ( 'NONE', *, *, #8528, .F. ) ;
#11303 = ORIENTED_EDGE ( 'NONE', *, *, #2686, .T. ) ;
#11304 = ORIENTED_EDGE ( 'NONE', *, *, #970, .T. ) ;
#11305 = EDGE_CURVE ( 'NONE', #4528, #1299, #4482, .T. ) ;
#11306 = CARTESIAN_POINT ( 'NONE',  ( -49.99999999999999289, 1.000000000000000000, 42.50000000000051870 ) ) ;
#11307 = VERTEX_POINT ( 'NONE', #6685 ) ;
#11309 = VECTOR ( 'NONE', #9974, 1000.000000000000000 ) ;
#11308 = CIRCLE ( 'NONE', #2838, 2.000000000000000000 ) ;
#11310 = CIRCLE ( 'NONE', #8229, 2.350000000000001421 ) ;
#11311 = CARTESIAN_POINT ( 'NONE',  ( 41.49999999999983658, -7.120351610792805985, 42.00000000000000711 ) ) ;
#11312 = CARTESIAN_POINT ( 'NONE',  ( 43.49999999999960920, -3.199999999999999734, -38.10000000000028564 ) ) ;
#11313 = AXIS2_PLACEMENT_3D ( 'NONE', #2515, #8018, #6997 ) ;
#11314 = CARTESIAN_POINT ( 'NONE',  ( 37.73002915990890926, -9.402388073257007761, 48.00000000000001421 ) ) ;
#11315 = FACE_OUTER_BOUND ( 'NONE', #5501, .T. ) ;
#11316 = CARTESIAN_POINT ( 'NONE',  ( 50.00000000000097344, -3.199999999999999734, 39.64999999999966462 ) ) ;
#11317 = DIRECTION ( 'NONE',  ( 1.000000000000000000, 0.000000000000000000, -3.491481338843133355E-15 ) ) ;
#11318 = ORIENTED_EDGE ( 'NONE', *, *, #5261, .F. ) ;
#11319 = VERTEX_POINT ( 'NONE', #6865 ) ;
#11320 = ORIENTED_EDGE ( 'NONE', *, *, #536, .F. ) ;
#11321 = AXIS2_PLACEMENT_3D ( 'NONE', #9550, #8706, #433 ) ;
#11322 = ORIENTED_EDGE ( 'NONE', *, *, #2574, .F. ) ;
#11323 = CARTESIAN_POINT ( 'NONE',  ( -30.49999999999983302, -3.199999999999999289, 43.50000000000001421 ) ) ;
#11324 = DIRECTION ( 'NONE',  ( -0.000000000000000000, 1.000000000000000000, -0.000000000000000000 ) ) ;
#11325 = CARTESIAN_POINT ( 'NONE',  ( -40.00000000000000711, -1.000000000000000000, -7.500000000000000000 ) ) ;
#11326 = DIRECTION ( 'NONE',  ( -0.000000000000000000, -0.000000000000000000, 1.000000000000000000 ) ) ;
#11327 = CARTESIAN_POINT ( 'NONE',  ( 48.99999999999999289, 0.000000000000000000, -31.30000000000034177 ) ) ;
#11328 = CARTESIAN_POINT ( 'NONE',  ( 41.99999999999957367, -5.842745641789599098, -40.79113337988945176 ) ) ;
#11329 = FACE_BOUND ( 'NONE', #6279, .T. ) ;
#11330 = DIRECTION ( 'NONE',  ( -1.000000000000000000, 0.000000000000000000, -0.000000000000000000 ) ) ;
#11331 = VERTEX_POINT ( 'NONE', #10357 ) ;
#11332 = ORIENTED_EDGE ( 'NONE', *, *, #3302, .F. ) ;
#11333 = EDGE_CURVE ( 'NONE', #2504, #6872, #1296, .T. ) ;
#11334 = DIRECTION ( 'NONE',  ( 1.000000000000000000, 0.000000000000000000, 0.000000000000000000 ) ) ;
#11335 = VERTEX_POINT ( 'NONE', #452 ) ;
#11336 = CARTESIAN_POINT ( 'NONE',  ( 47.99999999999958078, -8.762684038413993903, -42.02902606708732236 ) ) ;
#11337 = FACE_OUTER_BOUND ( 'NONE', #11393, .T. ) ;
#11338 = LINE ( 'NONE', #7858, #1668 ) ;
#11339 = CARTESIAN_POINT ( 'NONE',  ( 49.00000000000000711, 0.000000000000000000, 31.29999999999932214 ) ) ;
#11340 = FACE_BOUND ( 'NONE', #1985, .T. ) ;
#11341 = CARTESIAN_POINT ( 'NONE',  ( 10.50000000000000178, -2.556721596728961821, 23.55076960054707413 ) ) ;
#11342 = CARTESIAN_POINT ( 'NONE',  ( -42.49999999999948841, 7.750000000000000000, 48.99999999999999289 ) ) ;
#11343 = VERTEX_POINT ( 'NONE', #5836 ) ;
#11344 = EDGE_CURVE ( 'NONE', #8236, #3260, #6718, .T. ) ;
#11345 = EDGE_LOOP ( 'NONE', ( #10823, #586, #10609, #3878 ) ) ;
#11346 = CARTESIAN_POINT ( 'NONE',  ( 41.50000000000000711, 0.000000000000000000, 48.99999999999999289 ) ) ;
#11347 = CARTESIAN_POINT ( 'NONE',  ( 42.00000000000041922, -8.537863075070696084, 38.85348725303765605 ) ) ;
#11348 = ORIENTED_EDGE ( 'NONE', *, *, #6007, .T. ) ;
#11349 = CARTESIAN_POINT ( 'NONE',  ( 40.00000000000000000, -1.000000000000000000, 7.500000000000000000 ) ) ;
#11350 = DIRECTION ( 'NONE',  ( 0.000000000000000000, 0.000000000000000000, -1.000000000000000000 ) ) ;
#11351 = CARTESIAN_POINT ( 'NONE',  ( 24.69999999999784634, -3.499999999999999556, -45.80000000000070770 ) ) ;
#11352 = EDGE_CURVE ( 'NONE', #3504, #8107, #5957, .T. ) ;
#11353 = FACE_OUTER_BOUND ( 'NONE', #4470, .T. ) ;
#11354 = CARTESIAN_POINT ( 'NONE',  ( 42.00000000000031974, -8.000000000000001776, 30.09999999999939035 ) ) ;
#11355 = LINE ( 'NONE', #5032, #1377 ) ;
#11356 = DIRECTION ( 'NONE',  ( 1.000000000000000000, 0.000000000000000000, 0.000000000000000000 ) ) ;
#11357 = EDGE_CURVE ( 'NONE', #4261, #2342, #4974, .T. ) ;
#11358 = ORIENTED_EDGE ( 'NONE', *, *, #9548, .T. ) ;
#11359 = ORIENTED_EDGE ( 'NONE', *, *, #3047, .F. ) ;
#11360 = VERTEX_POINT ( 'NONE', #4872 ) ;
#11361 = VECTOR ( 'NONE', #5821, 1000.000000000000000 ) ;
#11362 = CIRCLE ( 'NONE', #9245, 2.349999999999997868 ) ;
#11363 = CARTESIAN_POINT ( 'NONE',  ( 50.00000000000033396, -0.1999999999999999833, 31.29999999999931504 ) ) ;
#11364 = PLANE ( 'NONE',  #9120 ) ;
#11365 = EDGE_CURVE ( 'NONE', #5515, #5285, #11430, .T. ) ;
#11366 = CARTESIAN_POINT ( 'NONE',  ( 31.40143459492318456, -8.000000000000001776, 48.00000000000000711 ) ) ;
#11367 = AXIS2_PLACEMENT_3D ( 'NONE', #11083, #10960, #1907 ) ;
#11368 = CARTESIAN_POINT ( 'NONE',  ( 43.49999999999972289, -3.199999999999998845, -28.15000000000028635 ) ) ;
#11369 = DIRECTION ( 'NONE',  ( 0.000000000000000000, 1.000000000000000000, 0.000000000000000000 ) ) ;
#11370 = EDGE_CURVE ( 'NONE', #7934, #8659, #2208, .T. ) ;
#11371 = CARTESIAN_POINT ( 'NONE',  ( 0.000000000000000000, -1.000000000000000000, 0.000000000000000000 ) ) ;
#11372 = VERTEX_POINT ( 'NONE', #391 ) ;
#11373 = VERTEX_POINT ( 'NONE', #4082 ) ;
#11374 = ORIENTED_EDGE ( 'NONE', *, *, #3543, .F. ) ;
#11375 = ORIENTED_EDGE ( 'NONE', *, *, #11533, .F. ) ;
#11376 = VERTEX_POINT ( 'NONE', #254 ) ;
#11377 = AXIS2_PLACEMENT_3D ( 'NONE', #4325, #3481, #8125 ) ;
#11378 = CARTESIAN_POINT ( 'NONE',  ( -42.49999999999948841, 0.000000000000000000, 49.99999999999999289 ) ) ;
#11379 = EDGE_CURVE ( 'NONE', #8543, #11895, #1156, .T. ) ;
#11380 = CARTESIAN_POINT ( 'NONE',  ( -10.50000000000000178, -10.00000073662942945, 11.13464828885041058 ) ) ;
#11381 = CARTESIAN_POINT ( 'NONE',  ( 43.50000000000039790, -3.199999999999999734, 36.54999999999967741 ) ) ;
#11382 = EDGE_CURVE ( 'NONE', #10640, #11062, #2791, .T. ) ;
#11383 = CARTESIAN_POINT ( 'NONE',  ( 1.485748495060365659, -4.778141655457433856, 21.71831249151058074 ) ) ;
#11384 = CARTESIAN_POINT ( 'NONE',  ( 10.49999999999999822, -1.364958670052728529, -25.92008898389269334 ) ) ;
#11385 = LINE ( 'NONE', #8569, #5919 ) ;
#11386 = LINE ( 'NONE', #1367, #3231 ) ;
#11387 = AXIS2_PLACEMENT_3D ( 'NONE', #9111, #1688, #102 ) ;
#11388 = CARTESIAN_POINT ( 'NONE',  ( 41.99999999999961631, -13.23390517572007496, -38.73646576170501277 ) ) ;
#11389 = ORIENTED_EDGE ( 'NONE', *, *, #2904, .T. ) ;
#11390 = VERTEX_POINT ( 'NONE', #5563 ) ;
#11391 = CIRCLE ( 'NONE', #10032, 7.949999999999998401 ) ;
#11392 = CARTESIAN_POINT ( 'NONE',  ( -6.400000000000000355, -10.00000000000000178, 0.000000000000000000 ) ) ;
#11393 = EDGE_LOOP ( 'NONE', ( #8993, #3311, #8820, #3386, #10141, #11261, #7457 ) ) ;
#11394 = EDGE_CURVE ( 'NONE', #410, #9676, #2, .T. ) ;
#11395 = CARTESIAN_POINT ( 'NONE',  ( -24.69999999999816609, -3.499999999999999556, -44.25000000000054001 ) ) ;
#11396 = CIRCLE ( 'NONE', #5610, 4.000000000000000000 ) ;
#11397 = AXIS2_PLACEMENT_3D ( 'NONE', #10337, #2922, #9188 ) ;
#11398 = CARTESIAN_POINT ( 'NONE',  ( 30.50000000000012790, -3.199999999999999289, 42.00000000000000711 ) ) ;
#11399 = DIRECTION ( 'NONE',  ( 1.000000000000000000, 0.000000000000000000, 0.000000000000000000 ) ) ;
#11400 = CARTESIAN_POINT ( 'NONE',  ( 37.50000000000000711, -15.00000000000000355, 42.89999999999999147 ) ) ;
#11401 = FACE_OUTER_BOUND ( 'NONE', #5959, .T. ) ;
#11402 = CARTESIAN_POINT ( 'NONE',  ( -36.19999999999999574, -11.60000000000000320, 42.89999999999999147 ) ) ;
#11403 = ORIENTED_EDGE ( 'NONE', *, *, #2680, .F. ) ;
#11404 = VERTEX_POINT ( 'NONE', #194 ) ;
#11405 = CARTESIAN_POINT ( 'NONE',  ( 50.00000000000096634, -3.199999999999999734, 38.09999999999966036 ) ) ;
#11406 = CARTESIAN_POINT ( 'NONE',  ( 33.79407843659392086, -6.550912756285565131, 42.00000000000001421 ) ) ;
#11407 = ORIENTED_EDGE ( 'NONE', *, *, #8272, .F. ) ;
#11408 = VECTOR ( 'NONE', #7523, 1000.000000000000000 ) ;
#11409 = CIRCLE ( 'NONE', #7375, 1.549999999999999378 ) ;
#11410 = CARTESIAN_POINT ( 'NONE',  ( -49.99999999999999289, 1.000000000000000000, 49.99999999999999289 ) ) ;
#11411 = EDGE_CURVE ( 'NONE', #10023, #4249, #2068, .T. ) ;
#11412 = FACE_BOUND ( 'NONE', #1919, .T. ) ;
#11413 = CYLINDRICAL_SURFACE ( 'NONE', #11049, 1.100000000000000311 ) ;
#11414 = DIRECTION ( 'NONE',  ( -0.000000000000000000, -1.000000000000000000, 0.000000000000000000 ) ) ;
#11415 = CARTESIAN_POINT ( 'NONE',  ( 1.585285780143289136, -5.246335423881189897, 25.27666404577714587 ) ) ;
#11416 = LINE ( 'NONE', #439, #10042 ) ;
#11417 = DIRECTION ( 'NONE',  ( 2.952720810173291281E-15, 0.000000000000000000, 1.000000000000000000 ) ) ;
#11418 = ORIENTED_EDGE ( 'NONE', *, *, #7859, .T. ) ;
#11419 = ORIENTED_EDGE ( 'NONE', *, *, #3569, .F. ) ;
#11420 = ORIENTED_EDGE ( 'NONE', *, *, #6757, .F. ) ;
#11421 = EDGE_CURVE ( 'NONE', #11738, #7890, #1940, .T. ) ;
#11422 = ORIENTED_EDGE ( 'NONE', *, *, #8335, .T. ) ;
#11423 = ADVANCED_FACE ( 'NONE', ( #2007 ), #10146, .T. ) ;
#11424 = CARTESIAN_POINT ( 'NONE',  ( 43.49999999999966604, -3.199999999999999289, -32.85000000000028564 ) ) ;
#11425 = DIRECTION ( 'NONE',  ( 0.000000000000000000, 1.000000000000000000, 0.000000000000000000 ) ) ;
#11426 = CIRCLE ( 'NONE', #2186, 1.000000000000000888 ) ;
#11427 = DIRECTION ( 'NONE',  ( -0.000000000000000000, -1.000000000000000000, -0.000000000000000000 ) ) ;
#11428 = CYLINDRICAL_SURFACE ( 'NONE', #1476, 1.000000000000000888 ) ;
#11429 = DIRECTION ( 'NONE',  ( 1.000000000000000000, 0.000000000000000000, -3.491481338843133355E-15 ) ) ;
#11430 = LINE ( 'NONE', #4142, #10556 ) ;
#11431 = DIRECTION ( 'NONE',  ( -1.000000000000000000, 8.673617379884027583E-16, 0.000000000000000000 ) ) ;
#11432 = EDGE_LOOP ( 'NONE', ( #8435, #3446, #5107, #7118, #7516 ) ) ;
#11433 = ORIENTED_EDGE ( 'NONE', *, *, #766, .T. ) ;
#11434 = ORIENTED_EDGE ( 'NONE', *, *, #54, .T. ) ;
#11435 = VERTEX_POINT ( 'NONE', #11110 ) ;
#11436 = ORIENTED_EDGE ( 'NONE', *, *, #811, .T. ) ;
#11437 = AXIS2_PLACEMENT_3D ( 'NONE', #2647, #4401, #11928 ) ;
#11438 = VECTOR ( 'NONE', #2556, 1000.000000000000000 ) ;
#11439 = EDGE_CURVE ( 'NONE', #5733, #11738, #5625, .T. ) ;
#11440 = CIRCLE ( 'NONE', #7800, 1.550000000000002709 ) ;
#11441 = DIRECTION ( 'NONE',  ( 4.476705744456268255E-15, 0.000000000000000000, -1.000000000000000000 ) ) ;
#11442 = EDGE_CURVE ( 'NONE', #4559, #3141, #8471, .T. ) ;
#11443 = CARTESIAN_POINT ( 'NONE',  ( -10.50000000000000178, -9.999999863371556330, 9.151760781284099977 ) ) ;
#11444 = LINE ( 'NONE', #578, #1016 ) ;
#11445 = FACE_OUTER_BOUND ( 'NONE', #7592, .T. ) ;
#11446 = DIRECTION ( 'NONE',  ( -1.181088324069314777E-14, 0.000000000000000000, -1.000000000000000000 ) ) ;
#11447 = VECTOR ( 'NONE', #4478, 1000.000000000000000 ) ;
#11448 = DIRECTION ( 'NONE',  ( 0.000000000000000000, 0.000000000000000000, -1.000000000000000000 ) ) ;
#11449 = CARTESIAN_POINT ( 'NONE',  ( 33.24412171226666857, -11.58916745502406087, 42.00000000000000711 ) ) ;
#11450 = CARTESIAN_POINT ( 'NONE',  ( 10.49999999999999822, -13.00000000000000178, -12.40000000000000036 ) ) ;
#11451 = ORIENTED_EDGE ( 'NONE', *, *, #11411, .T. ) ;
#11452 = ORIENTED_EDGE ( 'NONE', *, *, #2658, .F. ) ;
#11453 = ORIENTED_EDGE ( 'NONE', *, *, #10858, .F. ) ;
#11454 = CARTESIAN_POINT ( 'NONE',  ( 37.50000000000000711, -15.00000000000000355, 42.89999999999999147 ) ) ;
#11455 = ORIENTED_EDGE ( 'NONE', *, *, #9855, .T. ) ;
#11456 = EDGE_CURVE ( 'NONE', #3201, #3295, #1302, .T. ) ;
#11457 = VECTOR ( 'NONE', #1973, 1000.000000000000000 ) ;
#11458 = CARTESIAN_POINT ( 'NONE',  ( -50.00000000000000000, -4.000000000000000000, 21.49897948556554539 ) ) ;
#11459 = CARTESIAN_POINT ( 'NONE',  ( 31.29999999999983373, 1.000000000000000000, -48.00000000000000711 ) ) ;
#11460 = DIRECTION ( 'NONE',  ( 0.000000000000000000, 0.000000000000000000, 1.000000000000000000 ) ) ;
#11461 = CARTESIAN_POINT ( 'NONE',  ( -42.00000000000015632, -8.238163862710866425, -38.99840837637141533 ) ) ;
#11462 = LINE ( 'NONE', #3876, #7291 ) ;
#11463 = CARTESIAN_POINT ( 'NONE',  ( -31.85659805918213650, -11.33893505927271761, 43.30942172937137968 ) ) ;
#11464 = VERTEX_POINT ( 'NONE', #7446 ) ;
#11465 = ORIENTED_EDGE ( 'NONE', *, *, #8862, .T. ) ;
#11466 = CYLINDRICAL_SURFACE ( 'NONE', #7909, 2.349999999999997868 ) ;
#11467 = FACE_OUTER_BOUND ( 'NONE', #9766, .T. ) ;
#11468 = ORIENTED_EDGE ( 'NONE', *, *, #4077, .F. ) ;
#11469 = VECTOR ( 'NONE', #6903, 1000.000000000000000 ) ;
#11470 = CARTESIAN_POINT ( 'NONE',  ( -10.49999999999999822, -13.00000000000000178, 7.461999999999994415 ) ) ;
#11471 = CARTESIAN_POINT ( 'NONE',  ( -38.13708127960446603, -5.358814845468525156, -42.00000000000000711 ) ) ;
#11472 = DIRECTION ( 'NONE',  ( -0.000000000000000000, -1.000000000000000000, -0.000000000000000000 ) ) ;
#11473 = DIRECTION ( 'NONE',  ( -1.000000000000000000, -0.000000000000000000, 3.491481338843133355E-15 ) ) ;
#11474 = DIRECTION ( 'NONE',  ( 1.000000000000000000, 0.000000000000000000, 0.000000000000000000 ) ) ;
#11475 = CARTESIAN_POINT ( 'NONE',  ( 30.49999999999983302, -3.199999999999999289, -48.00000000000000711 ) ) ;
#11476 = VERTEX_POINT ( 'NONE', #6664 ) ;
#11477 = ORIENTED_EDGE ( 'NONE', *, *, #5345, .T. ) ;
#11478 = AXIS2_PLACEMENT_3D ( 'NONE', #10965, #8145, #7425 ) ;
#11479 = ADVANCED_FACE ( 'NONE', ( #3824 ), #5688, .F. ) ;
#11480 = LINE ( 'NONE', #8838, #1937 ) ;
#11481 = CARTESIAN_POINT ( 'NONE',  ( 41.49999999999983658, -5.234697887286978712, -42.00000000000000711 ) ) ;
#11482 = AXIS2_PLACEMENT_3D ( 'NONE', #6753, #8438, #11199 ) ;
#11483 = CIRCLE ( 'NONE', #1847, 1.000000000000000888 ) ;
#11484 = CARTESIAN_POINT ( 'NONE',  ( -24.69999999999752660, -3.499999999999999556, 44.25000000000088107 ) ) ;
#11485 = CARTESIAN_POINT ( 'NONE',  ( -10.50000000000000178, -4.625684241367294725, 21.97993902474789607 ) ) ;
#11486 = DIRECTION ( 'NONE',  ( 1.000000000000000000, -0.000000000000000000, 1.035380933213193272E-16 ) ) ;
#11487 = CARTESIAN_POINT ( 'NONE',  ( 6.400000000000000355, -13.00000000000000178, -5.593746508378798943 ) ) ;
#11488 = CARTESIAN_POINT ( 'NONE',  ( 40.00000000000000711, -15.00000000000000355, -40.45000000000001705 ) ) ;
#11489 = VERTEX_POINT ( 'NONE', #4732 ) ;
#11490 = ORIENTED_EDGE ( 'NONE', *, *, #5994, .T. ) ;
#11491 = ORIENTED_EDGE ( 'NONE', *, *, #11925, .T. ) ;
#11492 = EDGE_LOOP ( 'NONE', ( #4164, #4319, #3049, #2001 ) ) ;
#11493 = EDGE_CURVE ( 'NONE', #866, #3969, #3243, .T. ) ;
#11494 = ORIENTED_EDGE ( 'NONE', *, *, #1197, .T. ) ;
#11495 = AXIS2_PLACEMENT_3D ( 'NONE', #4462, #2528, #2411 ) ;
#11496 = DIRECTION ( 'NONE',  ( 0.000000000000000000, 0.000000000000000000, 1.000000000000000000 ) ) ;
#11497 = VECTOR ( 'NONE', #5712, 1000.000000000000000 ) ;
#11498 = CARTESIAN_POINT ( 'NONE',  ( -10.49999999999999822, -7.909625491199500757, -25.81232522714683242 ) ) ;
#11499 = CARTESIAN_POINT ( 'NONE',  ( -35.74999999999983658, -3.199999999999999734, 43.50000000000001421 ) ) ;
#11500 = CARTESIAN_POINT ( 'NONE',  ( 2.413685357148556587, -4.122862782291866424, 22.31877931201236365 ) ) ;
#11501 = CARTESIAN_POINT ( 'NONE',  ( 10.49999999999999822, -8.708618909598003555, -20.01076454096243395 ) ) ;
#11502 = AXIS2_PLACEMENT_3D ( 'NONE', #9462, #3072, #9527 ) ;
#11503 = EDGE_CURVE ( 'NONE', #10968, #8686, #8409, .T. ) ;
#11504 = CYLINDRICAL_SURFACE ( 'NONE', #3421, 1.549999999999999378 ) ;
#11505 = CARTESIAN_POINT ( 'NONE',  ( 41.99999999999964473, -9.820187325192378580, -36.60010059063008470 ) ) ;
#11506 = ORIENTED_EDGE ( 'NONE', *, *, #10499, .T. ) ;
#11507 = ORIENTED_EDGE ( 'NONE', *, *, #2590, .F. ) ;
#11508 = ADVANCED_FACE ( 'NONE', ( #9303 ), #3887, .T. ) ;
#11509 = ORIENTED_EDGE ( 'NONE', *, *, #9507, .T. ) ;
#11510 = CARTESIAN_POINT ( 'NONE',  ( 47.99999999999953104, -1.000000000000000000, -48.00000000000034106 ) ) ;
#11511 = ORIENTED_EDGE ( 'NONE', *, *, #8108, .F. ) ;
#11512 = VECTOR ( 'NONE', #5046, 1000.000000000000000 ) ;
#11513 = VECTOR ( 'NONE', #8032, 1000.000000000000000 ) ;
#11514 = LINE ( 'NONE', #1375, #5819 ) ;
#11515 = CARTESIAN_POINT ( 'NONE',  ( 50.00000000000000000, -1.000000000000000000, 16.60000000000164988 ) ) ;
#11516 = CARTESIAN_POINT ( 'NONE',  ( -48.00000000000010658, -0.1999999999999999833, -27.09999999999966747 ) ) ;
#11517 = ADVANCED_FACE ( 'NONE', ( #7507 ), #11173, .F. ) ;
#11518 = DIRECTION ( 'NONE',  ( 0.000000000000000000, 0.000000000000000000, 1.000000000000000000 ) ) ;
#11519 = DIRECTION ( 'NONE',  ( 0.000000000000000000, -0.000000000000000000, 1.000000000000000000 ) ) ;
#11520 = DIRECTION ( 'NONE',  ( 0.000000000000000000, 1.000000000000000000, 0.000000000000000000 ) ) ;
#11521 = VECTOR ( 'NONE', #9294, 1000.000000000000000 ) ;
#11522 = VERTEX_POINT ( 'NONE', #4791 ) ;
#11523 = ORIENTED_EDGE ( 'NONE', *, *, #2979, .F. ) ;
#11524 = EDGE_CURVE ( 'NONE', #8375, #8787, #10332, .T. ) ;
#11525 = DIRECTION ( 'NONE',  ( 0.000000000000000000, 0.000000000000000000, 1.000000000000000000 ) ) ;
#11526 = CARTESIAN_POINT ( 'NONE',  ( -48.00000000000010658, -0.1999999999999999833, -27.09999999999966747 ) ) ;
#11527 = EDGE_CURVE ( 'NONE', #4875, #4451, #10933, .T. ) ;
#11528 = ORIENTED_EDGE ( 'NONE', *, *, #4383, .T. ) ;
#11529 = DIRECTION ( 'NONE',  ( -2.952720810173291281E-15, 0.000000000000000000, -1.000000000000000000 ) ) ;
#11530 = DIRECTION ( 'NONE',  ( 1.000000000000000000, 0.000000000000000000, 0.000000000000000000 ) ) ;
#11531 = FACE_OUTER_BOUND ( 'NONE', #517, .T. ) ;
#11532 = DIRECTION ( 'NONE',  ( -0.000000000000000000, 1.000000000000000000, -0.000000000000000000 ) ) ;
#11533 = EDGE_CURVE ( 'NONE', #6322, #6237, #2125, .T. ) ;
#11534 = CARTESIAN_POINT ( 'NONE',  ( -35.75560478550922028, -8.622857952362839029, -43.80069858361733992 ) ) ;
#11535 = CARTESIAN_POINT ( 'NONE',  ( -41.49999999999983658, 1.000000000000000000, -48.00000000000000711 ) ) ;
#11536 = CARTESIAN_POINT ( 'NONE',  ( -40.92992943051942945, -9.815811292754695216, 42.00000000000000711 ) ) ;
#11537 = ORIENTED_EDGE ( 'NONE', *, *, #5943, .F. ) ;
#11538 = ORIENTED_EDGE ( 'NONE', *, *, #6258, .F. ) ;
#11539 = ORIENTED_EDGE ( 'NONE', *, *, #5590, .T. ) ;
#11540 = CARTESIAN_POINT ( 'NONE',  ( 35.72419598204034230, -8.725374599149102295, -42.00000000000000000 ) ) ;
#11541 = CARTESIAN_POINT ( 'NONE',  ( 48.99999999999999289, 1.000000000000000000, -49.00000000000000711 ) ) ;
#11542 = DIRECTION ( 'NONE',  ( -1.745633686517542033E-15, 0.000000000000000000, -1.000000000000000000 ) ) ;
#11543 = CARTESIAN_POINT ( 'NONE',  ( -21.49897948556372995, -5.000000000000000000, -41.99999999999885603 ) ) ;
#11544 = FACE_OUTER_BOUND ( 'NONE', #1232, .T. ) ;
#11545 = CARTESIAN_POINT ( 'NONE',  ( -16.59999999999738662, -5.000000000000000000, -49.99999999999884892 ) ) ;
#11546 = VERTEX_POINT ( 'NONE', #7872 ) ;
#11547 = EDGE_LOOP ( 'NONE', ( #1753, #3297 ) ) ;
#11548 = VERTEX_POINT ( 'NONE', #2187 ) ;
#11549 = ORIENTED_EDGE ( 'NONE', *, *, #6647, .T. ) ;
#11550 = ORIENTED_EDGE ( 'NONE', *, *, #5913, .T. ) ;
#11551 = CIRCLE ( 'NONE', #3090, 4.000000000000000000 ) ;
#11552 = DIRECTION ( 'NONE',  ( 1.000000000000000000, -0.000000000000000000, 0.000000000000000000 ) ) ;
#11553 = CARTESIAN_POINT ( 'NONE',  ( -16.59999999999730136, -1.000000000000000000, 2.879640970121036558E-14 ) ) ;
#11554 = CARTESIAN_POINT ( 'NONE',  ( 24.69999999999848228, -5.000000000000000000, 44.25000000000036238 ) ) ;
#11555 = ADVANCED_FACE ( 'NONE', ( #8825 ), #2249, .F. ) ;
#11556 = CARTESIAN_POINT ( 'NONE',  ( 3.442477178662016080, -1.993500074667986288, 23.89425616772845373 ) ) ;
#11557 = DIRECTION ( 'NONE',  ( 0.000000000000000000, -1.000000000000000000, 0.000000000000000000 ) ) ;
#11558 = FACE_BOUND ( 'NONE', #4770, .T. ) ;
#11559 = CARTESIAN_POINT ( 'NONE',  ( 41.99999999999960920, -11.36462228371245686, -37.92894939725533021 ) ) ;
#11560 = ORIENTED_EDGE ( 'NONE', *, *, #943, .F. ) ;
#11561 = VERTEX_POINT ( 'NONE', #4240 ) ;
#11562 = ORIENTED_EDGE ( 'NONE', *, *, #2168, .F. ) ;
#11563 = PLANE ( 'NONE',  #10184 ) ;
#11564 = VECTOR ( 'NONE', #5226, 1000.000000000000000 ) ;
#11565 = ORIENTED_EDGE ( 'NONE', *, *, #10274, .T. ) ;
#11566 = EDGE_CURVE ( 'NONE', #6644, #2790, #724, .T. ) ;
#11567 = DIRECTION ( 'NONE',  ( -1.000000000000000000, 0.000000000000000000, -0.000000000000000000 ) ) ;
#11568 = EDGE_CURVE ( 'NONE', #10054, #9298, #7478, .T. ) ;
#11569 = B_SPLINE_SURFACE_WITH_KNOTS ( 'NONE', 1, 3, ( 
 ( #5334, #9012, #5508, #11777, #8290, #684, #10092, #4373, #10938, #3707, #741, #860 ),
 ( #3528, #8170, #5389, #8058, #7215, #4614, #7394, #11719, #9066, #4549, #804, #10877 ) ),
 .UNSPECIFIED., .F., .F., .F.,
 ( 2, 2 ),
 ( 4, 2, 2, 2, 2, 4 ),
 ( 0.000000000000000000, 1.000000000000000000 ),
 ( 0.000000000000000000, 0.04431461891058339347, 0.2832359641829375607, 0.5221573094552917071, 0.7610786547276457981, 1.000000000000000000 ),
 .UNSPECIFIED. ) ;
#11570 = AXIS2_PLACEMENT_3D ( 'NONE', #7109, #8795, #6256 ) ;
#11571 = CARTESIAN_POINT ( 'NONE',  ( -27.09999999999983089, -5.000000000000002665, 42.00000000000000711 ) ) ;
#11572 = DIRECTION ( 'NONE',  ( 1.000000000000000000, 0.000000000000000000, -3.491481338843133355E-15 ) ) ;
#11573 = VECTOR ( 'NONE', #10277, 1000.000000000000000 ) ;
#11574 = CARTESIAN_POINT ( 'NONE',  ( -42.00000000000014921, -6.298004552961697478, -40.16823688513974133 ) ) ;
#11575 = DIRECTION ( 'NONE',  ( 1.000000000000000000, 0.000000000000000000, 0.000000000000000000 ) ) ;
#11576 = ORIENTED_EDGE ( 'NONE', *, *, #3112, .T. ) ;
#11577 = CARTESIAN_POINT ( 'NONE',  ( -37.51988663672238999, -9.202206256346702418, 48.00000000000002842 ) ) ;
#11578 = ORIENTED_EDGE ( 'NONE', *, *, #1930, .T. ) ;
#11579 = VERTEX_POINT ( 'NONE', #8591 ) ;
#11580 = CARTESIAN_POINT ( 'NONE',  ( -30.49999999999983302, -3.199999999999999289, 43.50000000000001421 ) ) ;
#11581 = EDGE_LOOP ( 'NONE', ( #8628, #9732 ) ) ;
#11582 = VECTOR ( 'NONE', #6665, 1000.000000000000000 ) ;
#11583 = ADVANCED_FACE ( 'NONE', ( #553 ), #5938, .T. ) ;
#11584 = CIRCLE ( 'NONE', #4857, 4.349999999999999645 ) ;
#11585 = VECTOR ( 'NONE', #2013, 1000.000000000000000 ) ;
#11586 = DIRECTION ( 'NONE',  ( 1.745633686517542033E-15, 0.000000000000000000, -1.000000000000000000 ) ) ;
#11587 = CARTESIAN_POINT ( 'NONE',  ( 40.00000000000000711, -9.000000000000001776, -42.80000000000001137 ) ) ;
#11588 = DIRECTION ( 'NONE',  ( -1.396592535537253342E-14, -0.000000000000000000, -1.000000000000000000 ) ) ;
#11589 = CARTESIAN_POINT ( 'NONE',  ( 41.70683081885165677, -8.400000000000000355, 41.79316918114824375 ) ) ;
#11590 = CARTESIAN_POINT ( 'NONE',  ( -30.09999999999983089, -8.000000000000003553, -47.92957113217047294 ) ) ;
#11591 = DIRECTION ( 'NONE',  ( -1.000000000000000000, 0.000000000000000000, 1.343011723336883395E-14 ) ) ;
#11592 = PLANE ( 'NONE',  #2035 ) ;
#11593 = AXIS2_PLACEMENT_3D ( 'NONE', #6286, #9405, #7196 ) ;
#11594 = VECTOR ( 'NONE', #8231, 1000.000000000000000 ) ;
#11595 = EDGE_LOOP ( 'NONE', ( #4348, #2273, #2536, #1921 ) ) ;
#11596 = VERTEX_POINT ( 'NONE', #5141 ) ;
#11597 = ADVANCED_FACE ( 'NONE', ( #3155 ), #1218, .T. ) ;
#11598 = EDGE_CURVE ( 'NONE', #6401, #9106, #4913, .T. ) ;
#11599 = ORIENTED_EDGE ( 'NONE', *, *, #4096, .T. ) ;
#11600 = CIRCLE ( 'NONE', #6996, 4.349999999999999645 ) ;
#11601 = CARTESIAN_POINT ( 'NONE',  ( 38.09999999999983800, -3.199999999999999734, 43.50000000000001421 ) ) ;
#11602 = DIRECTION ( 'NONE',  ( 3.202566417187938209E-15, 0.000000000000000000, 1.000000000000000000 ) ) ;
#11603 = VECTOR ( 'NONE', #7924, 1000.000000000000000 ) ;
#11604 = DIRECTION ( 'NONE',  ( 0.000000000000000000, -0.000000000000000000, 1.000000000000000000 ) ) ;
#11605 = CARTESIAN_POINT ( 'NONE',  ( 49.99999999999999289, 0.000000000000000000, -42.50000000000017764 ) ) ;
#11606 = DIRECTION ( 'NONE',  ( 0.000000000000000000, 0.000000000000000000, 1.000000000000000000 ) ) ;
#11607 = FACE_BOUND ( 'NONE', #590, .T. ) ;
#11608 = ORIENTED_EDGE ( 'NONE', *, *, #7263, .F. ) ;
#11609 = ORIENTED_EDGE ( 'NONE', *, *, #2959, .F. ) ;
#11610 = VERTEX_POINT ( 'NONE', #7812 ) ;
#11611 = ORIENTED_EDGE ( 'NONE', *, *, #4362, .F. ) ;
#11612 = ORIENTED_EDGE ( 'NONE', *, *, #11224, .F. ) ;
#11613 = CYLINDRICAL_SURFACE ( 'NONE', #3914, 1.000000000000000888 ) ;
#11614 = VECTOR ( 'NONE', #7884, 1000.000000000000000 ) ;
#11615 = LINE ( 'NONE', #8069, #11564 ) ;
#11616 = DIRECTION ( 'NONE',  ( -1.000000000000000000, 0.000000000000000000, 1.343011723336880555E-14 ) ) ;
#11617 = DIRECTION ( 'NONE',  ( -0.000000000000000000, -0.000000000000000000, -1.000000000000000000 ) ) ;
#11618 = CARTESIAN_POINT ( 'NONE',  ( 27.09999999999983089, -5.000000000000002665, -42.00000000000000711 ) ) ;
#11619 = CIRCLE ( 'NONE', #4701, 2.349999999999997868 ) ;
#11620 = DIRECTION ( 'NONE',  ( -0.000000000000000000, 1.000000000000000000, -0.000000000000000000 ) ) ;
#11621 = CARTESIAN_POINT ( 'NONE',  ( 47.99999999999953104, -8.192981740370584021, -48.00000000000034106 ) ) ;
#11622 = ORIENTED_EDGE ( 'NONE', *, *, #9481, .F. ) ;
#11623 = ORIENTED_EDGE ( 'NONE', *, *, #2200, .T. ) ;
#11624 = VECTOR ( 'NONE', #4489, 1000.000000000000000 ) ;
#11625 = ORIENTED_EDGE ( 'NONE', *, *, #3716, .F. ) ;
#11626 = FACE_OUTER_BOUND ( 'NONE', #6444, .T. ) ;
#11627 = VERTEX_POINT ( 'NONE', #4009 ) ;
#11628 = EDGE_CURVE ( 'NONE', #11045, #8062, #7677, .T. ) ;
#11629 = AXIS2_PLACEMENT_3D ( 'NONE', #8268, #7610, #1139 ) ;
#11630 = CIRCLE ( 'NONE', #5468, 2.349999999999997868 ) ;
#11631 = DIRECTION ( 'NONE',  ( 0.000000000000000000, -1.000000000000000000, 0.000000000000000000 ) ) ;
#11632 = AXIS2_PLACEMENT_3D ( 'NONE', #8708, #435, #10458 ) ;
#11633 = PLANE ( 'NONE',  #7641 ) ;
#11634 = DIRECTION ( 'NONE',  ( -1.000000000000000000, 0.000000000000000000, 0.000000000000000000 ) ) ;
#11635 = CARTESIAN_POINT ( 'NONE',  ( -10.50000000000000178, -13.00000106891857854, 11.44409894867938426 ) ) ;
#11636 = DIRECTION ( 'NONE',  ( 1.000000000000000000, 0.000000000000000000, 4.336808689942025625E-16 ) ) ;
#11637 = LINE ( 'NONE', #11754, #10370 ) ;
#11638 = VERTEX_POINT ( 'NONE', #2305 ) ;
#11639 = CARTESIAN_POINT ( 'NONE',  ( 41.73865738523552693, -11.05447265639750754, 41.76134261476438070 ) ) ;
#11640 = ORIENTED_EDGE ( 'NONE', *, *, #8281, .F. ) ;
#11641 = EDGE_CURVE ( 'NONE', #2405, #5162, #6848, .T. ) ;
#11642 = ORIENTED_EDGE ( 'NONE', *, *, #4375, .T. ) ;
#11643 = CARTESIAN_POINT ( 'NONE',  ( -42.00000000000007105, -0.9999999999999986677, -16.60000000000049170 ) ) ;
#11644 = EDGE_LOOP ( 'NONE', ( #652, #7445, #5558, #3608 ) ) ;
#11645 = EDGE_CURVE ( 'NONE', #548, #9046, #5550, .T. ) ;
#11646 = LINE ( 'NONE', #10747, #9875 ) ;
#11647 = LINE ( 'NONE', #11703, #9664 ) ;
#11648 = DIRECTION ( 'NONE',  ( -1.000000000000000000, 0.000000000000000000, 0.000000000000000000 ) ) ;
#11649 = DIRECTION ( 'NONE',  ( -4.476705744456278510E-15, 0.000000000000000000, -1.000000000000000000 ) ) ;
#11650 = CARTESIAN_POINT ( 'NONE',  ( -43.49999999999988631, -3.199999999999999734, -36.54999999999998295 ) ) ;
#11651 = DIRECTION ( 'NONE',  ( 0.000000000000000000, 0.000000000000000000, 1.000000000000000000 ) ) ;
#11652 = ADVANCED_FACE ( 'NONE', ( #10513, #9667 ), #1392, .T. ) ;
#11653 = EDGE_LOOP ( 'NONE', ( #11016, #10020, #5560, #3848, #11302 ) ) ;
#11654 = ORIENTED_EDGE ( 'NONE', *, *, #11897, .T. ) ;
#11655 = EDGE_CURVE ( 'NONE', #6872, #1442, #7925, .T. ) ;
#11656 = ORIENTED_EDGE ( 'NONE', *, *, #9347, .T. ) ;
#11657 = FACE_OUTER_BOUND ( 'NONE', #11018, .T. ) ;
#11658 = CARTESIAN_POINT ( 'NONE',  ( -30.09999999999983089, -8.000000000000001776, 48.00000000000000711 ) ) ;
#11659 = CARTESIAN_POINT ( 'NONE',  ( 0.000000000000000000, 1.000000000000000000, 48.99999999999999289 ) ) ;
#11660 = DIRECTION ( 'NONE',  ( -0.000000000000000000, 1.000000000000000000, -0.000000000000000000 ) ) ;
#11661 = DIRECTION ( 'NONE',  ( 0.000000000000000000, -1.000000000000000000, 0.000000000000000000 ) ) ;
#11662 = VECTOR ( 'NONE', #6118, 1000.000000000000000 ) ;
#11663 = EDGE_CURVE ( 'NONE', #11247, #3165, #5083, .T. ) ;
#11664 = LINE ( 'NONE', #5958, #5780 ) ;
#11665 = AXIS2_PLACEMENT_3D ( 'NONE', #6712, #7495, #6651 ) ;
#11666 = ORIENTED_EDGE ( 'NONE', *, *, #10756, .F. ) ;
#11667 = ORIENTED_EDGE ( 'NONE', *, *, #687, .T. ) ;
#11668 = EDGE_LOOP ( 'NONE', ( #8066, #10250 ) ) ;
#11669 = ORIENTED_EDGE ( 'NONE', *, *, #7013, .F. ) ;
#11670 = EDGE_LOOP ( 'NONE', ( #5698, #2850, #11001, #9499 ) ) ;
#11671 = ADVANCED_FACE ( 'NONE', ( #8768 ), #6725, .F. ) ;
#11672 = DIRECTION ( 'NONE',  ( -8.953411488912536510E-15, 0.000000000000000000, -1.000000000000000000 ) ) ;
#11673 = VECTOR ( 'NONE', #11751, 1000.000000000000000 ) ;
#11674 = VECTOR ( 'NONE', #1438, 1000.000000000000000 ) ;
#11675 = FACE_BOUND ( 'NONE', #4260, .T. ) ;
#11676 = CARTESIAN_POINT ( 'NONE',  ( 10.50000000000000178, -13.00000000000000178, -12.40000000000000036 ) ) ;
#11677 = LINE ( 'NONE', #7898, #9088 ) ;
#11678 = CARTESIAN_POINT ( 'NONE',  ( -32.84999999999983089, -3.199999999999999289, -43.50000000000001421 ) ) ;
#11679 = CARTESIAN_POINT ( 'NONE',  ( 35.58546526089949680, -9.550360131458120350, -48.00000000000001421 ) ) ;
#11680 = DIRECTION ( 'NONE',  ( 0.000000000000000000, 0.000000000000000000, 1.000000000000000000 ) ) ;
#11681 = ORIENTED_EDGE ( 'NONE', *, *, #9238, .T. ) ;
#11682 = ORIENTED_EDGE ( 'NONE', *, *, #9753, .F. ) ;
#11683 = AXIS2_PLACEMENT_3D ( 'NONE', #7737, #10614, #5866 ) ;
#11684 = VERTEX_POINT ( 'NONE', #9725 ) ;
#11685 = DIRECTION ( 'NONE',  ( 1.000000000000000000, 0.000000000000000000, 0.000000000000000000 ) ) ;
#11686 = ORIENTED_EDGE ( 'NONE', *, *, #10985, .F. ) ;
#11687 = CYLINDRICAL_SURFACE ( 'NONE', #8105, 1.000000000000000888 ) ;
#11688 = VECTOR ( 'NONE', #11620, 1000.000000000000000 ) ;
#11689 = CARTESIAN_POINT ( 'NONE',  ( -50.00000000000000711, 1.000000000000000000, -41.49999999999999289 ) ) ;
#11690 = LINE ( 'NONE', #2589, #1284 ) ;
#11691 = CIRCLE ( 'NONE', #5151, 1.100000000000000311 ) ;
#11692 = CARTESIAN_POINT ( 'NONE',  ( -32.78404845957987135, -9.135290074503748414, -42.00000000000001421 ) ) ;
#11693 = CARTESIAN_POINT ( 'NONE',  ( -30.09999999999983089, -8.000000000000001776, 42.00000000000000711 ) ) ;
#11694 = CARTESIAN_POINT ( 'NONE',  ( -42.00000000000008527, -4.000000000000000000, -21.49897948556684923 ) ) ;
#11695 = ORIENTED_EDGE ( 'NONE', *, *, #4727, .F. ) ;
#11696 = CARTESIAN_POINT ( 'NONE',  ( 0.000000000000000000, 0.000000000000000000, 0.000000000000000000 ) ) ;
#11697 = ORIENTED_EDGE ( 'NONE', *, *, #10508, .T. ) ;
#11698 = ORIENTED_EDGE ( 'NONE', *, *, #11714, .T. ) ;
#11699 = CARTESIAN_POINT ( 'NONE',  ( -14.99999999999982236, -1.000000000000000000, -40.00000000000000000 ) ) ;
#11700 = ORIENTED_EDGE ( 'NONE', *, *, #3168, .F. ) ;
#11701 = CYLINDRICAL_SURFACE ( 'NONE', #40, 2.349999999999997868 ) ;
#11702 = PRODUCT_RELATED_PRODUCT_CATEGORY ( 'part', '', ( #3300 ) ) ;
#11703 = CARTESIAN_POINT ( 'NONE',  ( 47.99999999999953104, -17.19238815542524534, -48.00000000000034106 ) ) ;
#11704 = CARTESIAN_POINT ( 'NONE',  ( 38.09999999999983800, -3.199999999999999734, -43.50000000000001421 ) ) ;
#11705 = AXIS2_PLACEMENT_3D ( 'NONE', #7693, #2365, #6053 ) ;
#11706 = ADVANCED_FACE ( 'NONE', ( #3094 ), #1448, .F. ) ;
#11707 = DIRECTION ( 'NONE',  ( 0.000000000000000000, 0.000000000000000000, 1.000000000000000000 ) ) ;
#11708 = PLANE ( 'NONE',  #11098 ) ;
#11709 = CARTESIAN_POINT ( 'NONE',  ( -42.00000000000011369, -8.000000000000001776, -30.09999999999968523 ) ) ;
#11710 = ORIENTED_EDGE ( 'NONE', *, *, #7835, .F. ) ;
#11711 = ORIENTED_EDGE ( 'NONE', *, *, #2712, .T. ) ;
#11712 = ORIENTED_EDGE ( 'NONE', *, *, #8578, .F. ) ;
#11713 = EDGE_CURVE ( 'NONE', #6253, #8323, #9357, .T. ) ;
#11714 = EDGE_CURVE ( 'NONE', #10296, #9689, #9423, .T. ) ;
#11715 = DIRECTION ( 'NONE',  ( 0.000000000000000000, 1.000000000000000000, 0.000000000000000000 ) ) ;
#11716 = DIRECTION ( 'NONE',  ( -1.000000000000000000, -0.000000000000000000, 1.047444401652940007E-14 ) ) ;
#11717 = ADVANCED_FACE ( 'NONE', ( #7500 ), #6656, .T. ) ;
#11718 = DIRECTION ( 'NONE',  ( 3.491481338843133355E-15, 0.000000000000000000, 1.000000000000000000 ) ) ;
#11719 = CARTESIAN_POINT ( 'NONE',  ( 10.50000000000000178, -8.143000222315187386, 22.68975233596974306 ) ) ;
#11720 = CARTESIAN_POINT ( 'NONE',  ( 24.70000000000261764, -3.499999999999999556, 43.44999999999865281 ) ) ;
#11721 = AXIS2_PLACEMENT_3D ( 'NONE', #534, #2228, #292 ) ;
#11722 = CARTESIAN_POINT ( 'NONE',  ( 41.42664896599434599, -6.944193649943843027, 42.00000000000000000 ) ) ;
#11723 = VERTEX_POINT ( 'NONE', #1086 ) ;
#11724 = EDGE_LOOP ( 'NONE', ( #8049, #3911, #9208, #11507 ) ) ;
#11725 = ORIENTED_EDGE ( 'NONE', *, *, #11411, .F. ) ;
#11726 = ORIENTED_EDGE ( 'NONE', *, *, #11370, .F. ) ;
#11727 = ORIENTED_EDGE ( 'NONE', *, *, #3276, .T. ) ;
#11728 = CARTESIAN_POINT ( 'NONE',  ( 30.32255397684025056, -8.046712545938000005, 42.00000000000002132 ) ) ;
#11729 = VECTOR ( 'NONE', #7625, 1000.000000000000000 ) ;
#11730 = ADVANCED_FACE ( 'NONE', ( #5871 ), #11226, .T. ) ;
#11731 = DIRECTION ( 'NONE',  ( 0.000000000000000000, 0.000000000000000000, -1.000000000000000000 ) ) ;
#11732 = CARTESIAN_POINT ( 'NONE',  ( 10.49999999999999822, -9.999931799183066516, -14.40000003975377219 ) ) ;
#11733 = DIRECTION ( 'NONE',  ( 0.000000000000000000, 1.000000000000000000, 0.000000000000000000 ) ) ;
#11734 = EDGE_CURVE ( 'NONE', #4320, #6490, #2117, .T. ) ;
#11735 = DIRECTION ( 'NONE',  ( -0.000000000000000000, 1.000000000000000000, -0.000000000000000000 ) ) ;
#11736 = DIRECTION ( 'NONE',  ( -0.000000000000000000, 1.000000000000000000, -0.000000000000000000 ) ) ;
#11737 = CARTESIAN_POINT ( 'NONE',  ( -32.64819952736390007, -11.59999999335513010, 45.43350285183708337 ) ) ;
#11738 = VERTEX_POINT ( 'NONE', #3085 ) ;
#11739 = ORIENTED_EDGE ( 'NONE', *, *, #6787, .T. ) ;
#11740 = AXIS2_PLACEMENT_3D ( 'NONE', #200, #2132, #3894 ) ;
#11741 = EDGE_LOOP ( 'NONE', ( #3788, #9358, #8953, #881 ) ) ;
#11742 = DIRECTION ( 'NONE',  ( 0.000000000000000000, 0.000000000000000000, 1.000000000000000000 ) ) ;
#11743 = ORIENTED_EDGE ( 'NONE', *, *, #612, .T. ) ;
#11744 = ADVANCED_FACE ( 'NONE', ( #2846, #6777, #361 ), #4780, .T. ) ;
#11745 = EDGE_CURVE ( 'NONE', #5271, #8375, #1880, .T. ) ;
#11746 = DIRECTION ( 'NONE',  ( 0.000000000000000000, 0.000000000000000000, 1.000000000000000000 ) ) ;
#11747 = EDGE_CURVE ( 'NONE', #2711, #5824, #6524, .T. ) ;
#11748 = AXIS2_PLACEMENT_3D ( 'NONE', #10446, #1265, #8640 ) ;
#11749 = CARTESIAN_POINT ( 'NONE',  ( 43.49999999999969447, -3.199999999999999289, -30.50000000000028777 ) ) ;
#11750 = CARTESIAN_POINT ( 'NONE',  ( -14.99999999999982236, -1.000000000000000000, -40.00000000000000000 ) ) ;
#11751 = DIRECTION ( 'NONE',  ( 1.000000000000000000, 0.000000000000000000, 0.000000000000000000 ) ) ;
#11752 = DIRECTION ( 'NONE',  ( -0.000000000000000000, -0.000000000000000000, -1.000000000000000000 ) ) ;
#11753 = AXIS2_PLACEMENT_3D ( 'NONE', #1496, #11567, #4400 ) ;
#11754 = CARTESIAN_POINT ( 'NONE',  ( 47.99999999999968026, 1.000000000000000000, -31.30000000000033467 ) ) ;
#11755 = ORIENTED_EDGE ( 'NONE', *, *, #8808, .T. ) ;
#11756 = VERTEX_POINT ( 'NONE', #3030 ) ;
#11757 = ORIENTED_EDGE ( 'NONE', *, *, #8564, .T. ) ;
#11758 = CARTESIAN_POINT ( 'NONE',  ( -45.79999999999802185, -3.499999999999999556, 24.70000000000062812 ) ) ;
#11759 = EDGE_LOOP ( 'NONE', ( #1061, #8949, #3759, #7279 ) ) ;
#11760 = VECTOR ( 'NONE', #562, 1000.000000000000000 ) ;
#11761 = CARTESIAN_POINT ( 'NONE',  ( 10.49999999999999822, -1.954222917610287880, -28.87801897168961673 ) ) ;
#11762 = DIRECTION ( 'NONE',  ( 0.000000000000000000, 0.000000000000000000, 1.000000000000000000 ) ) ;
#11763 = DIRECTION ( 'NONE',  ( -1.181088324069314777E-14, 0.000000000000000000, -1.000000000000000000 ) ) ;
#11764 = CARTESIAN_POINT ( 'NONE',  ( -39.64999999999925251, -3.199999999999999734, 42.00000000000000711 ) ) ;
#11765 = DIRECTION ( 'NONE',  ( -0.000000000000000000, -0.000000000000000000, 1.000000000000000000 ) ) ;
#11766 = DIRECTION ( 'NONE',  ( 0.000000000000000000, 0.000000000000000000, 1.000000000000000000 ) ) ;
#11767 = CARTESIAN_POINT ( 'NONE',  ( -40.81825759437695922, -10.02367579349901483, 42.00000000000001421 ) ) ;
#11768 = EDGE_LOOP ( 'NONE', ( #3987, #4086, #5024, #1241, #2685 ) ) ;
#11769 = VERTEX_POINT ( 'NONE', #10447 ) ;
#11770 = VECTOR ( 'NONE', #8258, 1000.000000000000000 ) ;
#11771 = EDGE_CURVE ( 'NONE', #2287, #1918, #2277, .T. ) ;
#11772 = ORIENTED_EDGE ( 'NONE', *, *, #4971, .F. ) ;
#11773 = CARTESIAN_POINT ( 'NONE',  ( 24.69999999999848228, -8.000000000000001776, 45.80000000000036664 ) ) ;
#11774 = CYLINDRICAL_SURFACE ( 'NONE', #10289, 2.000000000000000000 ) ;
#11775 = AXIS2_PLACEMENT_3D ( 'NONE', #9868, #9809, #10833 ) ;
#11776 = FACE_BOUND ( 'NONE', #997, .T. ) ;
#11777 = CARTESIAN_POINT ( 'NONE',  ( -10.50000000000000178, -13.00000106891852170, 11.44409894867975197 ) ) ;
#11778 = DIRECTION ( 'NONE',  ( 0.000000000000000000, 0.000000000000000000, -1.000000000000000000 ) ) ;
#11779 = CARTESIAN_POINT ( 'NONE',  ( 37.80413812651496386, -5.000000000000001776, 42.00000000000000711 ) ) ;
#11780 = VERTEX_POINT ( 'NONE', #2908 ) ;
#11781 = ORIENTED_EDGE ( 'NONE', *, *, #10298, .T. ) ;
#11782 = ORIENTED_EDGE ( 'NONE', *, *, #3988, .F. ) ;
#11783 = EDGE_LOOP ( 'NONE', ( #1842, #1998, #7388, #9089 ) ) ;
#11784 = EDGE_CURVE ( 'NONE', #5162, #10417, #10565, .T. ) ;
#11785 = EDGE_CURVE ( 'NONE', #10537, #2326, #9415, .T. ) ;
#11786 = AXIS2_PLACEMENT_3D ( 'NONE', #7769, #4026, #2085 ) ;
#11787 = CARTESIAN_POINT ( 'NONE',  ( -40.00000000000000711, -5.025393101198560863, -42.00000000000000711 ) ) ;
#11788 = AXIS2_PLACEMENT_3D ( 'NONE', #1773, #5460, #814 ) ;
#11789 = CARTESIAN_POINT ( 'NONE',  ( -1.349087440295238860, -6.591621366372523383, 24.13338842055423328 ) ) ;
#11790 = CYLINDRICAL_SURFACE ( 'NONE', #4891, 2.349999999999997868 ) ;
#11791 = DIRECTION ( 'NONE',  ( -1.396592535537253342E-14, -0.000000000000000000, -1.000000000000000000 ) ) ;
#11792 = CARTESIAN_POINT ( 'NONE',  ( -34.20580425366313904, -5.224824506090357978, 42.00000000000000711 ) ) ;
#11793 = CARTESIAN_POINT ( 'NONE',  ( -42.50000000000000711, 0.000000000000000000, -50.00000000000000711 ) ) ;
#11794 = CARTESIAN_POINT ( 'NONE',  ( -31.98192746078013116, -8.592650478939754422, 41.82559047229726445 ) ) ;
#11795 = ORIENTED_EDGE ( 'NONE', *, *, #130, .F. ) ;
#11796 = VERTEX_POINT ( 'NONE', #10322 ) ;
#11797 = ADVANCED_FACE ( 'NONE', ( #4962 ), #1996, .F. ) ;
#11798 = VECTOR ( 'NONE', #1630, 1000.000000000000000 ) ;
#11799 = ORIENTED_EDGE ( 'NONE', *, *, #1427, .T. ) ;
#11800 = DIRECTION ( 'NONE',  ( 0.000000000000000000, 0.000000000000000000, -1.000000000000000000 ) ) ;
#11801 = EDGE_CURVE ( 'NONE', #7903, #8134, #7562, .T. ) ;
#11802 = DIRECTION ( 'NONE',  ( 0.000000000000000000, -1.000000000000000000, 0.000000000000000000 ) ) ;
#11803 = DIRECTION ( 'NONE',  ( -0.000000000000000000, 1.000000000000000000, -0.000000000000000000 ) ) ;
#11804 = CARTESIAN_POINT ( 'NONE',  ( -32.91400044282836745, -8.415132635537020178, -47.99999999999999289 ) ) ;
#11805 = AXIS2_PLACEMENT_3D ( 'NONE', #8027, #4285, #9822 ) ;
#11806 = LINE ( 'NONE', #7124, #5658 ) ;
#11807 = DIRECTION ( 'NONE',  ( -1.000000000000000000, -0.000000000000000000, 3.491481338843133355E-15 ) ) ;
#11808 = EDGE_CURVE ( 'NONE', #3001, #1844, #9020, .T. ) ;
#11809 = VECTOR ( 'NONE', #754, 1000.000000000000000 ) ;
#11810 = CARTESIAN_POINT ( 'NONE',  ( -14.99999999999982236, -1.000000000000000000, 40.00000000000000000 ) ) ;
#11811 = CARTESIAN_POINT ( 'NONE',  ( -49.99999999999999289, 1.000000000000000000, 49.99999999999999289 ) ) ;
#11812 = CARTESIAN_POINT ( 'NONE',  ( 29.72240394554846077, -7.976145028017221250, -41.93473873962874876 ) ) ;
#11813 = ORIENTED_EDGE ( 'NONE', *, *, #612, .F. ) ;
#11814 = ORIENTED_EDGE ( 'NONE', *, *, #1449, .T. ) ;
#11816 = EDGE_LOOP ( 'NONE', ( #3435, #9768, #9831, #9790, #10606, #3774, #3862 ) ) ;
#11815 = EDGE_CURVE ( 'NONE', #5824, #2258, #8641, .T. ) ;
#11817 = FACE_OUTER_BOUND ( 'NONE', #7000, .T. ) ;
#11818 = ORIENTED_EDGE ( 'NONE', *, *, #9151, .T. ) ;
#11819 = AXIS2_PLACEMENT_3D ( 'NONE', #6994, #7050, #6935 ) ;
#11820 = AXIS2_PLACEMENT_3D ( 'NONE', #11541, #2262, #3352 ) ;
#11821 = DIRECTION ( 'NONE',  ( 0.000000000000000000, 1.000000000000000000, 0.000000000000000000 ) ) ;
#11822 = DIRECTION ( 'NONE',  ( 0.000000000000000000, 0.000000000000000000, 1.000000000000000000 ) ) ;
#11823 = FACE_OUTER_BOUND ( 'NONE', #2578, .T. ) ;
#11824 = DIRECTION ( 'NONE',  ( -1.387778780781445676E-16, 0.000000000000000000, -1.000000000000000000 ) ) ;
#11825 = FACE_OUTER_BOUND ( 'NONE', #7792, .T. ) ;
#11826 = LINE ( 'NONE', #8216, #2233 ) ;
#11827 = DIRECTION ( 'NONE',  ( -0.000000000000000000, 1.000000000000000000, -0.000000000000000000 ) ) ;
#11828 = AXIS2_PLACEMENT_3D ( 'NONE', #3688, #7377, #6590 ) ;
#11829 = EDGE_LOOP ( 'NONE', ( #4575, #4589, #393, #8390 ) ) ;
#11830 = ORIENTED_EDGE ( 'NONE', *, *, #4818, .T. ) ;
#11831 = ORIENTED_EDGE ( 'NONE', *, *, #326, .F. ) ;
#11832 = EDGE_CURVE ( 'NONE', #7761, #6890, #2375, .T. ) ;
#11833 = CARTESIAN_POINT ( 'NONE',  ( 50.00000000000093792, -3.199999999999999289, -30.49999999999965894 ) ) ;
#11834 = DIRECTION ( 'NONE',  ( 0.000000000000000000, -1.000000000000000000, 0.000000000000000000 ) ) ;
#11835 = CARTESIAN_POINT ( 'NONE',  ( -10.49999999999999822, -8.708618909598003555, -20.01076454096243395 ) ) ;
#11836 = FACE_BOUND ( 'NONE', #9802, .T. ) ;
#11837 = CYLINDRICAL_SURFACE ( 'NONE', #10629, 2.349999999999997868 ) ;
#11838 = CARTESIAN_POINT ( 'NONE',  ( -41.99999999999987210, -8.336936696709473793, 40.16335674903344710 ) ) ;
#11839 = EDGE_CURVE ( 'NONE', #5271, #8296, #6107, .T. ) ;
#11840 = CARTESIAN_POINT ( 'NONE',  ( -10.49999999999999822, -6.423148112343863403, -26.93771929570238655 ) ) ;
#11841 = ORIENTED_EDGE ( 'NONE', *, *, #11839, .F. ) ;
#11842 = VERTEX_POINT ( 'NONE', #484 ) ;
#11843 = ORIENTED_EDGE ( 'NONE', *, *, #5462, .F. ) ;
#11844 = EDGE_LOOP ( 'NONE', ( #2390, #4468 ) ) ;
#11845 = CYLINDRICAL_SURFACE ( 'NONE', #3139, 4.000000000000000000 ) ;
#11846 = CARTESIAN_POINT ( 'NONE',  ( -1.585040321784329853, -5.244686179639642454, 25.27793603008742807 ) ) ;
#11847 = AXIS2_PLACEMENT_3D ( 'NONE', #7930, #1513, #3160 ) ;
#11848 = DIRECTION ( 'NONE',  ( 0.000000000000000000, 0.000000000000000000, 1.000000000000000000 ) ) ;
#11849 = EDGE_CURVE ( 'NONE', #6003, #10495, #3211, .T. ) ;
#11850 = CARTESIAN_POINT ( 'NONE',  ( 42.00000000000031264, -3.199999999999999289, 28.94999999999968310 ) ) ;
#11851 = CARTESIAN_POINT ( 'NONE',  ( -34.91624035691661732, -5.049925483956404726, 42.00000000000001421 ) ) ;
#11852 = CIRCLE ( 'NONE', #304, 2.350000000000001421 ) ;
#11853 = EDGE_CURVE ( 'NONE', #9425, #3295, #4213, .T. ) ;
#11854 = CARTESIAN_POINT ( 'NONE',  ( 37.50000000000000711, -15.00000000000000355, 42.89999999999999147 ) ) ;
#11855 = CARTESIAN_POINT ( 'NONE',  ( 47.99999999999963052, -3.199999999999999289, -35.75000000000033396 ) ) ;
#11856 = ORIENTED_EDGE ( 'NONE', *, *, #6944, .F. ) ;
#11857 = ORIENTED_EDGE ( 'NONE', *, *, #9003, .F. ) ;
#11858 = ORIENTED_EDGE ( 'NONE', *, *, #6270, .T. ) ;
#11859 = DIRECTION ( 'NONE',  ( -1.387778780781445676E-16, 0.000000000000000000, -1.000000000000000000 ) ) ;
#11860 = CIRCLE ( 'NONE', #3219, 1.000000000000000888 ) ;
#11861 = AXIS2_PLACEMENT_3D ( 'NONE', #4404, #3502, #772 ) ;
#11862 = CARTESIAN_POINT ( 'NONE',  ( 41.99999999999983658, -1.000000000000000000, -16.59999999999802611 ) ) ;
#11863 = CARTESIAN_POINT ( 'NONE',  ( 10.50000000000000178, -5.874890559867465001, 20.70085937582247837 ) ) ;
#11864 = CARTESIAN_POINT ( 'NONE',  ( 31.29999999999983373, -0.1999999999999999833, -48.00000000000000711 ) ) ;
#11865 = EDGE_CURVE ( 'NONE', #6890, #8103, #5753, .T. ) ;
#11866 = DIRECTION ( 'NONE',  ( 0.000000000000000000, 0.000000000000000000, 1.000000000000000000 ) ) ;
#11867 = LINE ( 'NONE', #10736, #9179 ) ;
#11868 = AXIS2_PLACEMENT_3D ( 'NONE', #10959, #8311, #35 ) ;
#11869 = VECTOR ( 'NONE', #9476, 1000.000000000000000 ) ;
#11870 = ADVANCED_FACE ( 'NONE', ( #4174, #5018, #5190 ), #7918, .T. ) ;
#11871 = CARTESIAN_POINT ( 'NONE',  ( -48.00000000000015632, -8.000000000000001776, -36.12772921886282518 ) ) ;
#11872 = CARTESIAN_POINT ( 'NONE',  ( 48.99999999999999289, 1.000000000000000000, -50.00000000000000711 ) ) ;
#11873 = CARTESIAN_POINT ( 'NONE',  ( 29.82352675082744398, -7.987796024171728959, -45.62755485521880416 ) ) ;
#11874 = ORIENTED_EDGE ( 'NONE', *, *, #1248, .F. ) ;
#11875 = ORIENTED_EDGE ( 'NONE', *, *, #5785, .T. ) ;
#11876 = ORIENTED_EDGE ( 'NONE', *, *, #1423, .F. ) ;
#11877 = CARTESIAN_POINT ( 'NONE',  ( -43.50000000000012079, -3.199999999999998845, -32.84999999999968168 ) ) ;
#11878 = ORIENTED_EDGE ( 'NONE', *, *, #1545, .F. ) ;
#11880 = VECTOR ( 'NONE', #5945, 1000.000000000000000 ) ;
#11879 = AXIS2_PLACEMENT_3D ( 'NONE', #4946, #7844, #10602 ) ;
#11881 = TOROIDAL_SURFACE ( 'NONE', #7669, 0.9499999999999998446, 3.399999999999999911 ) ;
#11882 = CARTESIAN_POINT ( 'NONE',  ( 40.00000000000000711, -15.00000000000000355, -38.45000000000000995 ) ) ;
#11883 = CIRCLE ( 'NONE', #522, 2.000000000000000000 ) ;
#11884 = ADVANCED_FACE ( 'NONE', ( #3148 ), #5076, .F. ) ;
#11885 = CARTESIAN_POINT ( 'NONE',  ( 33.19895649833561180, -11.58421897528472044, 43.67803239941298443 ) ) ;
#11886 = LINE ( 'NONE', #7316, #4715 ) ;
#11887 = EDGE_CURVE ( 'NONE', #11213, #249, #9432, .T. ) ;
#11888 = CARTESIAN_POINT ( 'NONE',  ( -15.00000000000000355, 1.000000000000000000, 15.00000000000000355 ) ) ;
#11889 = DIRECTION ( 'NONE',  ( -0.000000000000000000, 1.000000000000000000, -0.000000000000000000 ) ) ;
#11890 = EDGE_CURVE ( 'NONE', #895, #8875, #7105, .T. ) ;
#11891 = DIRECTION ( 'NONE',  ( 0.000000000000000000, -1.000000000000000000, 0.000000000000000000 ) ) ;
#11892 = AXIS2_PLACEMENT_3D ( 'NONE', #8727, #4990, #3060 ) ;
#11893 = VERTEX_POINT ( 'NONE', #1326 ) ;
#11894 = ORIENTED_EDGE ( 'NONE', *, *, #5328, .T. ) ;
#11895 = VERTEX_POINT ( 'NONE', #3387 ) ;
#11896 = AXIS2_PLACEMENT_3D ( 'NONE', #6378, #10049, #9144 ) ;
#11897 = EDGE_CURVE ( 'NONE', #1489, #2327, #643, .T. ) ;
#11898 = DIRECTION ( 'NONE',  ( -0.000000000000000000, -0.000000000000000000, -1.000000000000000000 ) ) ;
#11899 = AXIS2_PLACEMENT_3D ( 'NONE', #2532, #10739, #10794 ) ;
#11900 = LINE ( 'NONE', #1645, #3353 ) ;
#11901 = DIRECTION ( 'NONE',  ( 4.476705744456268255E-15, 0.000000000000000000, 1.000000000000000000 ) ) ;
#11902 = DIRECTION ( 'NONE',  ( 0.000000000000000000, 0.000000000000000000, -1.000000000000000000 ) ) ;
#11903 = DIRECTION ( 'NONE',  ( -1.387778780781445676E-16, -0.000000000000000000, -1.000000000000000000 ) ) ;
#11904 = FACE_OUTER_BOUND ( 'NONE', #856, .T. ) ;
#11905 = CARTESIAN_POINT ( 'NONE',  ( -45.79999999999802185, 1.000000000000000000, 24.70000000000062812 ) ) ;
#11906 = EDGE_LOOP ( 'NONE', ( #10231, #110, #3016, #11150 ) ) ;
#11907 = ORIENTED_EDGE ( 'NONE', *, *, #1115, .F. ) ;
#11908 = ORIENTED_EDGE ( 'NONE', *, *, #4675, .T. ) ;
#11909 = ORIENTED_EDGE ( 'NONE', *, *, #8879, .F. ) ;
#11910 = VECTOR ( 'NONE', #5713, 1000.000000000000000 ) ;
#11911 = PLANE ( 'NONE',  #7578 ) ;
#11912 = CARTESIAN_POINT ( 'NONE',  ( -36.19999999999999574, -15.00000000000000355, 42.89999999999999147 ) ) ;
#11913 = VECTOR ( 'NONE', #488, 1000.000000000000000 ) ;
#11914 = CARTESIAN_POINT ( 'NONE',  ( -48.99999999999999289, 1.000000000000000000, 41.50000000000051870 ) ) ;
#11915 = FACE_OUTER_BOUND ( 'NONE', #7193, .T. ) ;
#11916 = B_SPLINE_CURVE_WITH_KNOTS ( 'NONE', 3,
 ( #7379, #8158, #7619, #5613, #5867, #4777, #6714, #8398, #2967, #11281 ),
 .UNSPECIFIED., .F., .F.,
 ( 4, 2, 2, 2, 4 ),
 ( 0.000000000000000000, 0.0007179923549020506522, 0.001435984709804101304, 0.002153977064706151957, 0.002871969419608202609 ),
 .UNSPECIFIED. ) ;
#11917 = LINE ( 'NONE', #6260, #3365 ) ;
#11918 = DIRECTION ( 'NONE',  ( 3.491481338843133355E-15, 0.000000000000000000, 1.000000000000000000 ) ) ;
#11919 = CARTESIAN_POINT ( 'NONE',  ( -32.34017516320482599, -8.433527904024428423, 44.92445172748419679 ) ) ;
#11920 = ORIENTED_EDGE ( 'NONE', *, *, #8990, .T. ) ;
#11921 = EDGE_LOOP ( 'NONE', ( #1965, #10798, #3677, #1504, #8805 ) ) ;
#11922 = ORIENTED_EDGE ( 'NONE', *, *, #6267, .F. ) ;
#11923 = CARTESIAN_POINT ( 'NONE',  ( -27.09999999999983089, -5.000000000000002665, -48.00000000000000711 ) ) ;
#11924 = CARTESIAN_POINT ( 'NONE',  ( 33.20934682687999384, -8.221453195460009411, 42.15219435482339350 ) ) ;
#11925 = EDGE_CURVE ( 'NONE', #6044, #8107, #6917, .T. ) ;
#11926 = FACE_OUTER_BOUND ( 'NONE', #1610, .T. ) ;
#11927 = LINE ( 'NONE', #768, #6588 ) ;
#11928 = DIRECTION ( 'NONE',  ( -4.476705744456268255E-15, 0.000000000000000000, 1.000000000000000000 ) ) ;
#11929 = CARTESIAN_POINT ( 'NONE',  ( -36.19999999999999574, -15.00000000000000355, 45.24999999999999289 ) ) ;
#11930 = CYLINDRICAL_SURFACE ( 'NONE', #11478, 24.99999999999999645 ) ;
#11931 = LINE ( 'NONE', #5663, #2071 ) ;
#11932 = DIRECTION ( 'NONE',  ( -1.000000000000000000, 0.000000000000000000, 0.000000000000000000 ) ) ;
#11933 = ORIENTED_EDGE ( 'NONE', *, *, #1641, .T. ) ;
#11934 = ORIENTED_EDGE ( 'NONE', *, *, #8455, .F. ) ;
#11935 = ORIENTED_EDGE ( 'NONE', *, *, #8056, .T. ) ;
#11936 = CARTESIAN_POINT ( 'NONE',  ( -48.00000000000015632, 1.000000000000000000, -41.49999999999966604 ) ) ;
#11937 = ORIENTED_EDGE ( 'NONE', *, *, #8952, .T. ) ;
#11938 = EDGE_CURVE ( 'NONE', #4451, #8103, #7188, .T. ) ;
#11939 = VECTOR ( 'NONE', #10, 1000.000000000000000 ) ;
#11940 = CIRCLE ( 'NONE', #5025, 1.000000000000000888 ) ;
#11941 = CARTESIAN_POINT ( 'NONE',  ( 41.49999999999983658, 1.000000000000000000, 48.00000000000000711 ) ) ;
#11942 = AXIS2_PLACEMENT_3D ( 'NONE', #5848, #1129, #3916 ) ;
#11943 = CARTESIAN_POINT ( 'NONE',  ( 38.10000000000014353, -3.199999999999999734, 43.49999999999974420 ) ) ;
#11944 = CARTESIAN_POINT ( 'NONE',  ( -24.70000000000000995, -3.499999999999999556, -45.80000000000000426 ) ) ;
#11945 = CARTESIAN_POINT ( 'NONE',  ( 27.09999999999983089, -0.1999999999999999833, -48.00000000000000711 ) ) ;
#11946 = DIRECTION ( 'NONE',  ( -1.000000000000000000, 0.000000000000000000, -0.000000000000000000 ) ) ;
#11947 = CARTESIAN_POINT ( 'NONE',  ( -48.00000000000012079, 1.000000000000000000, -31.29999999999966676 ) ) ;
#11948 = ORIENTED_EDGE ( 'NONE', *, *, #8714, .T. ) ;
#11949 = ORIENTED_EDGE ( 'NONE', *, *, #11887, .T. ) ;
#11950 = ORIENTED_EDGE ( 'NONE', *, *, #1251, .T. ) ;
#11951 = EDGE_CURVE ( 'NONE', #10158, #5529, #4399, .T. ) ;
#11952 = AXIS2_PLACEMENT_3D ( 'NONE', #3838, #5703, #208 ) ;
ENDSEC;
END-ISO-10303-21;
