ISO-10303-21;
HEADER;
FILE_DESCRIPTION (( 'STEP AP214' ),
    '1' );
FILE_NAME ('COLUMN.STEP',
    '2026-08-04T17:02:08',
    ( '' ),
    ( '' ),
    'SwSTEP 2.0',
    'SolidWorks 2026',
    '' );
FILE_SCHEMA (( 'AUTOMOTIVE_DESIGN' ));
ENDSEC;

DATA;
#1 = CARTESIAN_POINT ( 'NONE',  ( 19.17731335851717844, -48.79999999999999005, -0.1501437766924131612 ) ) ;
#2 = CIRCLE ( 'NONE', #326, 12.19999999999999929 ) ;
#3 = DIRECTION ( 'NONE',  ( -1.000000000000000000, -0.000000000000000000, -1.440760940173348857E-18 ) ) ;
#4 = EDGE_CURVE ( 'NONE', #920, #221, #1712, .T. ) ;
#5 = CIRCLE ( 'NONE', #1037, 1.600000000000000755 ) ;
#6 = EDGE_CURVE ( 'NONE', #786, #2126, #1930, .T. ) ;
#7 = ORIENTED_EDGE ( 'NONE', *, *, #30, .T. ) ;
#8 = DIRECTION ( 'NONE',  ( 0.000000000000000000, 0.000000000000000000, 1.000000000000000000 ) ) ;
#9 = CARTESIAN_POINT ( 'NONE',  ( 18.50000000000000355, 50.00000000000000000, -1.000000000000000888 ) ) ;
#10 = EDGE_LOOP ( 'NONE', ( #2068, #1433, #55, #2134, #481 ) ) ;
#11 = CARTESIAN_POINT ( 'NONE',  ( 18.50000000000000355, 50.00000000000000000, 0.000000000000000000 ) ) ;
#12 = ORIENTED_EDGE ( 'NONE', *, *, #1842, .F. ) ;
#13 = VECTOR ( 'NONE', #657, 1000.000000000000000 ) ;
#14 = DIRECTION ( 'NONE',  ( -1.000000000000000000, -0.000000000000000000, -1.440760940173348857E-18 ) ) ;
#15 = ADVANCED_FACE ( 'NONE', ( #557 ), #361, .F. ) ;
#16 = CARTESIAN_POINT ( 'NONE',  ( 18.81190054693401237, 44.00000000000000711, -22.70000000000000639 ) ) ;
#17 = VECTOR ( 'NONE', #1761, 1000.000000000000000 ) ;
#18 = EDGE_CURVE ( 'NONE', #1705, #1648, #881, .T. ) ;
#19 = CYLINDRICAL_SURFACE ( 'NONE', #712, 1.599999999999997202 ) ;
#20 = CARTESIAN_POINT ( 'NONE',  ( 0.000000000000000000, -44.00000000000000711, -22.70000000000000639 ) ) ;
#21 = PLANE ( 'NONE',  #1993 ) ;
#22 = DIRECTION ( 'NONE',  ( -0.000000000000000000, -0.000000000000000000, -1.000000000000000000 ) ) ;
#23 = EDGE_LOOP ( 'NONE', ( #105, #677, #472, #1208 ) ) ;
#24 = VERTEX_POINT ( 'NONE', #20 ) ;
#25 = DIRECTION ( 'NONE',  ( 0.000000000000000000, -0.000000000000000000, 1.000000000000000000 ) ) ;
#26 = DIRECTION ( 'NONE',  ( 0.000000000000000000, 0.000000000000000000, 1.000000000000000000 ) ) ;
#27 = ORIENTED_EDGE ( 'NONE', *, *, #621, .F. ) ;
#28 = FACE_OUTER_BOUND ( 'NONE', #2096, .T. ) ;
#29 = ORIENTED_EDGE ( 'NONE', *, *, #1219, .F. ) ;
#30 = EDGE_CURVE ( 'NONE', #431, #1964, #697, .T. ) ;
#31 = LINE ( 'NONE', #1908, #1659 ) ;
#32 = CIRCLE ( 'NONE', #1729, 1.599999999999997202 ) ;
#33 = AXIS2_PLACEMENT_3D ( 'NONE', #380, #1052, #1888 ) ;
#34 = VERTEX_POINT ( 'NONE', #2050 ) ;
#35 = DIRECTION ( 'NONE',  ( -0.000000000000000000, -0.000000000000000000, 1.000000000000000000 ) ) ;
#36 = EDGE_CURVE ( 'NONE', #1109, #1302, #908, .T. ) ;
#37 = ORIENTED_EDGE ( 'NONE', *, *, #1904, .T. ) ;
#38 = AXIS2_PLACEMENT_3D ( 'NONE', #315, #1131, #2014 ) ;
#39 = CARTESIAN_POINT ( 'NONE',  ( 17.89999999999999858, 45.79999999999999716, -2.000000000000001776 ) ) ;
#40 = VECTOR ( 'NONE', #2054, 999.9999999999998863 ) ;
#41 = VECTOR ( 'NONE', #1008, 1000.000000000000000 ) ;
#42 = ORIENTED_EDGE ( 'NONE', *, *, #4, .F. ) ;
#43 = CARTESIAN_POINT ( 'NONE',  ( 19.89736842105263648, -41.00649942268735515, 0.000000000000000000 ) ) ;
#44 = EDGE_LOOP ( 'NONE', ( #447, #276 ) ) ;
#45 = CYLINDRICAL_SURFACE ( 'NONE', #640, 1.600000000000000755 ) ;
#46 = VERTEX_POINT ( 'NONE', #1897 ) ;
#47 = VECTOR ( 'NONE', #1015, 1000.000000000000114 ) ;
#48 = CARTESIAN_POINT ( 'NONE',  ( 2.000000000000001776, -48.80000000000000426, -22.70000000000000639 ) ) ;
#49 = DIRECTION ( 'NONE',  ( 0.000000000000000000, 1.000000000000000000, 0.000000000000000000 ) ) ;
#50 = VERTEX_POINT ( 'NONE', #378 ) ;
#51 = CARTESIAN_POINT ( 'NONE',  ( 2.000000000000000000, 48.00000000000000000, -8.500000000000000000 ) ) ;
#52 = CARTESIAN_POINT ( 'NONE',  ( 1.000000000000000888, 50.00000000000000000, -18.50000000000000355 ) ) ;
#53 = DIRECTION ( 'NONE',  ( 0.000000000000000000, 0.000000000000000000, 1.000000000000000000 ) ) ;
#54 = ORIENTED_EDGE ( 'NONE', *, *, #1193, .T. ) ;
#55 = ORIENTED_EDGE ( 'NONE', *, *, #490, .F. ) ;
#56 = DIRECTION ( 'NONE',  ( -1.334402673828313093E-16, 0.000000000000000000, -1.000000000000000000 ) ) ;
#57 = ORIENTED_EDGE ( 'NONE', *, *, #1686, .F. ) ;
#58 = DIRECTION ( 'NONE',  ( 1.000000000000000000, 0.000000000000000000, 0.000000000000000000 ) ) ;
#59 = CARTESIAN_POINT ( 'NONE',  ( 3.263323529492635726E-17, 45.79999999999999716, -22.64999999999999858 ) ) ;
#60 = FACE_OUTER_BOUND ( 'NONE', #341, .T. ) ;
#61 = ORIENTED_EDGE ( 'NONE', *, *, #85, .F. ) ;
#62 = AXIS2_PLACEMENT_3D ( 'NONE', #1490, #1859, #668 ) ;
#63 = FACE_BOUND ( 'NONE', #224, .T. ) ;
#64 = ORIENTED_EDGE ( 'NONE', *, *, #613, .T. ) ;
#65 = CARTESIAN_POINT ( 'NONE',  ( 0.000000000000000000, 49.00000000000000000, -18.50000000000000355 ) ) ;
#66 = ORIENTED_EDGE ( 'NONE', *, *, #967, .T. ) ;
#67 = CIRCLE ( 'NONE', #1817, 1.000000000000000000 ) ;
#68 = DIRECTION ( 'NONE',  ( 0.000000000000000000, 1.000000000000000000, 0.000000000000000000 ) ) ;
#69 = CARTESIAN_POINT ( 'NONE',  ( 11.90000000000000036, 45.79999999999999716, 0.000000000000000000 ) ) ;
#70 = AXIS2_PLACEMENT_3D ( 'NONE', #1644, #2164, #1651 ) ;
#71 = MECHANICAL_DESIGN_GEOMETRIC_PRESENTATION_REPRESENTATION (  '', ( #1780 ), #964 ) ;
#72 = EDGE_LOOP ( 'NONE', ( #734, #692, #528, #1879 ) ) ;
#73 = CARTESIAN_POINT ( 'NONE',  ( 22.70000000000000639, 48.80000000000000426, -18.81190054693401237 ) ) ;
#74 = CARTESIAN_POINT ( 'NONE',  ( 8.500000000000001776, 50.00000000000000000, -2.000000000000001776 ) ) ;
#75 = AXIS2_PLACEMENT_3D ( 'NONE', #459, #68, #1811 ) ;
#76 = DIRECTION ( 'NONE',  ( -1.440760940173349434E-18, 0.000000000000000000, 1.000000000000000000 ) ) ;
#77 = EDGE_LOOP ( 'NONE', ( #57, #1572, #1117, #318 ) ) ;
#78 = AXIS2_PLACEMENT_3D ( 'NONE', #2109, #287, #1782 ) ;
#79 = LINE ( 'NONE', #252, #1631 ) ;
#80 = DIRECTION ( 'NONE',  ( -1.000000000000000000, -0.000000000000000000, -1.440760940173348857E-18 ) ) ;
#81 = FACE_OUTER_BOUND ( 'NONE', #754, .T. ) ;
#82 = EDGE_CURVE ( 'NONE', #1159, #50, #204, .T. ) ;
#83 = ORIENTED_EDGE ( 'NONE', *, *, #1432, .T. ) ;
#84 = DIRECTION ( 'NONE',  ( 0.000000000000000000, 0.000000000000000000, -1.000000000000000000 ) ) ;
#85 = EDGE_CURVE ( 'NONE', #650, #759, #1322, .T. ) ;
#86 = CARTESIAN_POINT ( 'NONE',  ( 19.50000000000000000, 45.79999999999999716, -1.549999999999995826 ) ) ;
#87 = ORIENTED_EDGE ( 'NONE', *, *, #85, .T. ) ;
#88 = LINE ( 'NONE', #961, #551 ) ;
#89 = CARTESIAN_POINT ( 'NONE',  ( 8.500000000000000000, 48.00000000000000000, -2.000000000000000000 ) ) ;
#90 = LINE ( 'NONE', #1424, #901 ) ;
#91 = CYLINDRICAL_SURFACE ( 'NONE', #880, 2.999999999999999112 ) ;
#92 = VERTEX_POINT ( 'NONE', #1734 ) ;
#93 = PLANE ( 'NONE',  #2136 ) ;
#94 = ORIENTED_EDGE ( 'NONE', *, *, #1161, .F. ) ;
#95 = EDGE_CURVE ( 'NONE', #1298, #1862, #115, .T. ) ;
#96 = CARTESIAN_POINT ( 'NONE',  ( 18.50000000000000355, 50.00000000000000000, -18.81190054693401237 ) ) ;
#97 = EDGE_LOOP ( 'NONE', ( #843, #1223, #1491, #1464 ) ) ;
#98 = ADVANCED_FACE ( 'NONE', ( #1938 ), #951, .T. ) ;
#99 = DIRECTION ( 'NONE',  ( 1.000000000000000000, 0.000000000000000000, -1.421904488505579654E-16 ) ) ;
#100 = CARTESIAN_POINT ( 'NONE',  ( 18.81190054693401237, 44.00000000000000711, -22.70000000000000639 ) ) ;
#101 = CARTESIAN_POINT ( 'NONE',  ( 2.000000000000001776, -44.00000000000000711, -22.70000000000000639 ) ) ;
#102 = VECTOR ( 'NONE', #1074, 1000.000000000000000 ) ;
#103 = VERTEX_POINT ( 'NONE', #1623 ) ;
#104 = DIRECTION ( 'NONE',  ( 1.000000000000000000, 0.000000000000000000, 0.000000000000000000 ) ) ;
#105 = ORIENTED_EDGE ( 'NONE', *, *, #513, .F. ) ;
#106 = VECTOR ( 'NONE', #1678, 1000.000000000000000 ) ;
#107 = EDGE_CURVE ( 'NONE', #671, #587, #2102, .T. ) ;
#108 = ORIENTED_EDGE ( 'NONE', *, *, #1911, .T. ) ;
#109 = CIRCLE ( 'NONE', #1458, 1.599999999999997202 ) ;
#110 = DIRECTION ( 'NONE',  ( 1.000000000000000000, 0.000000000000000000, 0.000000000000000000 ) ) ;
#111 = EDGE_CURVE ( 'NONE', #2189, #1230, #930, .T. ) ;
#112 = EDGE_LOOP ( 'NONE', ( #2180, #590, #260, #1633 ) ) ;
#113 = LINE ( 'NONE', #1303, #753 ) ;
#114 = ORIENTED_EDGE ( 'NONE', *, *, #873, .F. ) ;
#115 = CIRCLE ( 'NONE', #2098, 1.599999999999997202 ) ;
#116 = DIRECTION ( 'NONE',  ( -0.000000000000000000, 1.000000000000000000, -0.000000000000000000 ) ) ;
#117 = AXIS2_PLACEMENT_3D ( 'NONE', #131, #1532, #524 ) ;
#118 = DIRECTION ( 'NONE',  ( -1.000000000000000000, -0.000000000000000000, -1.440760940173348857E-18 ) ) ;
#119 = LINE ( 'NONE', #2158, #1589 ) ;
#120 = ORIENTED_EDGE ( 'NONE', *, *, #613, .F. ) ;
#121 = DIRECTION ( 'NONE',  ( 1.334402673828313093E-16, -0.000000000000000000, 1.000000000000000000 ) ) ;
#122 = CIRCLE ( 'NONE', #624, 1.599999999999997202 ) ;
#123 = ORIENTED_EDGE ( 'NONE', *, *, #1918, .T. ) ;
#124 = APPLICATION_CONTEXT ( 'automotive_design' ) ;
#125 = ORIENTED_EDGE ( 'NONE', *, *, #1907, .T. ) ;
#126 = DIRECTION ( 'NONE',  ( -0.7071067811865474617, 0.000000000000000000, 0.7071067811865474617 ) ) ;
#127 = SURFACE_SIDE_STYLE ('',( #264 ) ) ;
#128 = CARTESIAN_POINT ( 'NONE',  ( 19.82535449557975937, 48.80000000000001137, -0.1498556301871488972 ) ) ;
#129 = ORIENTED_EDGE ( 'NONE', *, *, #2195, .T. ) ;
#130 = CARTESIAN_POINT ( 'NONE',  ( 8.500000000000000000, 48.00000000000000000, -2.000000000000000000 ) ) ;
#131 = CARTESIAN_POINT ( 'NONE',  ( 1.000000000000000000, 49.00000000000000000, -8.500000000000000000 ) ) ;
#132 = B_SPLINE_CURVE_WITH_KNOTS ( 'NONE', 3,
 ( #312, #978, #128, #1477, #995, #1510 ),
 .UNSPECIFIED., .F., .F.,
 ( 4, 2, 4 ),
 ( 0.005254406822297354000, 0.006217065688899259604, 0.007179724555501166075 ),
 .UNSPECIFIED. ) ;
#133 = PRODUCT_DEFINITION_SHAPE ( 'NONE', 'NONE',  #583 ) ;
#134 = ORIENTED_EDGE ( 'NONE', *, *, #1203, .T. ) ;
#135 = DIRECTION ( 'NONE',  ( -1.440760940173348857E-18, -0.000000000000000000, 1.000000000000000000 ) ) ;
#136 = LINE ( 'NONE', #1843, #1100 ) ;
#137 = DIRECTION ( 'NONE',  ( 1.000000000000000000, 0.000000000000000000, 0.000000000000000000 ) ) ;
#138 = DIRECTION ( 'NONE',  ( -1.000000000000000000, -0.000000000000000000, -0.000000000000000000 ) ) ;
#139 = AXIS2_PLACEMENT_3D ( 'NONE', #223, #1740, #866 ) ;
#140 = ORIENTED_EDGE ( 'NONE', *, *, #1571, .F. ) ;
#141 = CARTESIAN_POINT ( 'NONE',  ( 18.81190054693401237, -28.83293040828256082, -20.69999999999999929 ) ) ;
#142 = ORIENTED_EDGE ( 'NONE', *, *, #2022, .T. ) ;
#143 = CIRCLE ( 'NONE', #1775, 1.600000000000000755 ) ;
#144 = CARTESIAN_POINT ( 'NONE',  ( 8.500000000000000000, 48.00000000000000000, 0.000000000000000000 ) ) ;
#145 = AXIS2_PLACEMENT_3D ( 'NONE', #86, #762, #1134 ) ;
#146 = VECTOR ( 'NONE', #1832, 1000.000000000000000 ) ;
#147 = EDGE_CURVE ( 'NONE', #522, #684, #767, .T. ) ;
#148 = DIRECTION ( 'NONE',  ( -0.000000000000000000, -0.000000000000000000, 1.000000000000000000 ) ) ;
#149 = CARTESIAN_POINT ( 'NONE',  ( 8.500000000000000000, -28.83293040828256082, -2.000000000000001776 ) ) ;
#150 = DIRECTION ( 'NONE',  ( 0.000000000000000000, 0.000000000000000000, 1.000000000000000000 ) ) ;
#151 = CARTESIAN_POINT ( 'NONE',  ( 22.64999999999999858, 45.79999999999999716, 1.734723475976807883E-15 ) ) ;
#152 = CIRCLE ( 'NONE', #1748, 1.599999999999997202 ) ;
#153 = ORIENTED_EDGE ( 'NONE', *, *, #942, .F. ) ;
#154 = LINE ( 'NONE', #462, #571 ) ;
#155 = ORIENTED_EDGE ( 'NONE', *, *, #1792, .F. ) ;
#156 = EDGE_CURVE ( 'NONE', #875, #1330, #423, .T. ) ;
#157 = AXIS2_PLACEMENT_3D ( 'NONE', #948, #1620, #456 ) ;
#158 = DIRECTION ( 'NONE',  ( 0.000000000000000000, 0.000000000000000000, -1.000000000000000000 ) ) ;
#159 = CARTESIAN_POINT ( 'NONE',  ( 19.50000000000000000, 45.79999999999999716, 1.734723475976807883E-15 ) ) ;
#160 = LINE ( 'NONE', #2031, #1002 ) ;
#161 = DIRECTION ( 'NONE',  ( -1.000000000000000000, 0.000000000000000000, 0.000000000000000000 ) ) ;
#162 = ORIENTED_EDGE ( 'NONE', *, *, #765, .F. ) ;
#163 = DIRECTION ( 'NONE',  ( 0.000000000000000000, 0.000000000000000000, 1.000000000000000000 ) ) ;
#164 = ORIENTED_EDGE ( 'NONE', *, *, #1232, .F. ) ;
#165 = EDGE_CURVE ( 'NONE', #1625, #1085, #90, .T. ) ;
#166 = CARTESIAN_POINT ( 'NONE',  ( 20.15178197194754262, -48.79999999999999716, -0.09412185990005651759 ) ) ;
#167 = EDGE_CURVE ( 'NONE', #737, #878, #1830, .T. ) ;
#168 = DIRECTION ( 'NONE',  ( 0.000000000000000000, 0.000000000000000000, 1.000000000000000000 ) ) ;
#169 = ORIENTED_EDGE ( 'NONE', *, *, #1327, .T. ) ;
#170 = DIRECTION ( 'NONE',  ( -1.000000000000000000, 0.000000000000000000, 0.000000000000000000 ) ) ;
#171 = CARTESIAN_POINT ( 'NONE',  ( 2.809483833338030309E-17, -45.79999999999999716, -19.50000000000000000 ) ) ;
#172 = VERTEX_POINT ( 'NONE', #2128 ) ;
#173 = LINE ( 'NONE', #1898, #885 ) ;
#174 = ORIENTED_EDGE ( 'NONE', *, *, #2024, .F. ) ;
#175 = EDGE_CURVE ( 'NONE', #721, #604, #188, .T. ) ;
#176 = PLANE ( 'NONE',  #339 ) ;
#177 = EDGE_CURVE ( 'NONE', #393, #1776, #1637, .T. ) ;
#178 = AXIS2_PLACEMENT_3D ( 'NONE', #141, #2168, #482 ) ;
#179 = AXIS2_PLACEMENT_3D ( 'NONE', #1077, #443, #1806 ) ;
#180 = DIRECTION ( 'NONE',  ( 1.000000000000000000, -0.000000000000000000, 0.000000000000000000 ) ) ;
#181 = ADVANCED_FACE ( 'NONE', ( #278 ), #611, .F. ) ;
#182 = AXIS2_PLACEMENT_3D ( 'NONE', #1509, #2186, #666 ) ;
#183 = CARTESIAN_POINT ( 'NONE',  ( 2.000000000000001776, 48.80000000000000426, -22.70000000000000639 ) ) ;
#184 = ORIENTED_EDGE ( 'NONE', *, *, #1420, .F. ) ;
#185 = DIRECTION ( 'NONE',  ( -0.000000000000000000, -0.000000000000000000, 1.000000000000000000 ) ) ;
#186 = EDGE_CURVE ( 'NONE', #729, #1650, #965, .T. ) ;
#187 = ORIENTED_EDGE ( 'NONE', *, *, #1792, .T. ) ;
#188 = CIRCLE ( 'NONE', #407, 1.000000000000000000 ) ;
#189 = CARTESIAN_POINT ( 'NONE',  ( 18.81190054693401237, -48.80000000000000426, -22.70000000000000639 ) ) ;
#190 = EDGE_CURVE ( 'NONE', #2189, #2020, #413, .T. ) ;
#191 = CIRCLE ( 'NONE', #1710, 1.000000000000000888 ) ;
#192 = VERTEX_POINT ( 'NONE', #254 ) ;
#193 = FACE_OUTER_BOUND ( 'NONE', #2043, .T. ) ;
#194 = VECTOR ( 'NONE', #1183, 1000.000000000000000 ) ;
#195 = VERTEX_POINT ( 'NONE', #1461 ) ;
#196 = CARTESIAN_POINT ( 'NONE',  ( 10.30000000000000426, -45.79999999999999716, -2.000000000000001776 ) ) ;
#197 = ADVANCED_FACE ( 'NONE', ( #1271 ), #689, .F. ) ;
#198 = VERTEX_POINT ( 'NONE', #918 ) ;
#199 = CYLINDRICAL_SURFACE ( 'NONE', #251, 2.999999999999999112 ) ;
#200 = DIRECTION ( 'NONE',  ( 0.000000000000000000, 0.000000000000000000, 1.000000000000000000 ) ) ;
#201 = CARTESIAN_POINT ( 'NONE',  ( 8.500000000000000000, 48.00000000000000000, 0.000000000000000000 ) ) ;
#202 = EDGE_LOOP ( 'NONE', ( #1698, #1922, #1228, #1669, #1501, #947, #1709, #1807, #1600, #37, #1889, #824, #1837, #520, #496, #700, #1937, #799 ) ) ;
#203 = DIRECTION ( 'NONE',  ( 1.000000000000000000, -0.000000000000000000, -0.000000000000000000 ) ) ;
#204 = LINE ( 'NONE', #1227, #976 ) ;
#205 = ORIENTED_EDGE ( 'NONE', *, *, #1506, .T. ) ;
#206 = DIRECTION ( 'NONE',  ( -1.927470528863118802E-16, 1.000000000000000000, 2.572021827440218236E-32 ) ) ;
#207 = ORIENTED_EDGE ( 'NONE', *, *, #18, .T. ) ;
#208 = AXIS2_PLACEMENT_3D ( 'NONE', #69, #941, #612 ) ;
#209 = LINE ( 'NONE', #1706, #739 ) ;
#210 = VERTEX_POINT ( 'NONE', #1435 ) ;
#211 = LINE ( 'NONE', #48, #1242 ) ;
#212 = VECTOR ( 'NONE', #417, 1000.000000000000000 ) ;
#213 = EDGE_CURVE ( 'NONE', #809, #623, #2143, .T. ) ;
#214 = VERTEX_POINT ( 'NONE', #626 ) ;
#215 = VECTOR ( 'NONE', #319, 1000.000000000000000 ) ;
#216 = ADVANCED_FACE ( 'NONE', ( #1590 ), #1295, .T. ) ;
#217 = CARTESIAN_POINT ( 'NONE',  ( 11.90000000000000036, 45.79999999999999716, -2.000000000000001776 ) ) ;
#218 = AXIS2_PLACEMENT_3D ( 'NONE', #696, #906, #714 ) ;
#219 = DIRECTION ( 'NONE',  ( -1.000000000000000000, 0.000000000000000000, 0.000000000000000000 ) ) ;
#220 = DIRECTION ( 'NONE',  ( 0.000000000000000000, 1.000000000000000000, 0.000000000000000000 ) ) ;
#221 = VERTEX_POINT ( 'NONE', #290 ) ;
#222 = EDGE_CURVE ( 'NONE', #1862, #1298, #122, .T. ) ;
#223 = CARTESIAN_POINT ( 'NONE',  ( 18.81190054693401237, -50.00000000000000000, -8.500000000000000000 ) ) ;
#224 = EDGE_LOOP ( 'NONE', ( #1092, #64 ) ) ;
#225 = AXIS2_PLACEMENT_3D ( 'NONE', #2033, #161, #150 ) ;
#226 = DIRECTION ( 'NONE',  ( 0.7071067811865511255, 0.000000000000000000, 0.7071067811865440200 ) ) ;
#227 = VERTEX_POINT ( 'NONE', #1824 ) ;
#228 = CARTESIAN_POINT ( 'NONE',  ( 0.000000000000000000, -44.00000000000000711, -19.70000000000000639 ) ) ;
#229 = AXIS2_PLACEMENT_3D ( 'NONE', #1799, #1447, #266 ) ;
#230 = ORIENTED_EDGE ( 'NONE', *, *, #1294, .F. ) ;
#231 = CARTESIAN_POINT ( 'NONE',  ( 18.81190054693401237, -45.79999999999999716, -19.50000000000000000 ) ) ;
#232 = CARTESIAN_POINT ( 'NONE',  ( 18.50000000000000355, -48.80000000000000426, 0.000000000000000000 ) ) ;
#233 = DIRECTION ( 'NONE',  ( -1.000000000000000000, 0.000000000000000000, 0.000000000000000000 ) ) ;
#234 = EDGE_CURVE ( 'NONE', #1567, #420, #349, .T. ) ;
#235 = ORIENTED_EDGE ( 'NONE', *, *, #82, .F. ) ;
#236 = ADVANCED_FACE ( 'NONE', ( #1653 ), #1679, .F. ) ;
#237 = DIRECTION ( 'NONE',  ( -1.927470528863118802E-16, -1.000000000000000000, 2.572021827440218236E-32 ) ) ;
#238 = ORIENTED_EDGE ( 'NONE', *, *, #1114, .T. ) ;
#239 = DIRECTION ( 'NONE',  ( 0.000000000000000000, -0.000000000000000000, 1.000000000000000000 ) ) ;
#240 = EDGE_LOOP ( 'NONE', ( #572, #2100, #727, #790 ) ) ;
#241 = DIRECTION ( 'NONE',  ( -1.440760940173349434E-18, 0.000000000000000000, 1.000000000000000000 ) ) ;
#242 = CARTESIAN_POINT ( 'NONE',  ( 19.70000000000000639, 44.00000000000000711, -18.81190054693401237 ) ) ;
#243 = ORIENTED_EDGE ( 'NONE', *, *, #1723, .T. ) ;
#244 = CARTESIAN_POINT ( 'NONE',  ( 2.809483833338030309E-17, -45.79999999999999716, -19.50000000000000000 ) ) ;
#245 = EDGE_CURVE ( 'NONE', #2160, #2085, #476, .T. ) ;
#246 = DIRECTION ( 'NONE',  ( 1.000000000000000000, 0.000000000000000000, 0.000000000000000000 ) ) ;
#247 = AXIS2_PLACEMENT_3D ( 'NONE', #1579, #22, #1727 ) ;
#248 = EDGE_LOOP ( 'NONE', ( #887, #1267, #1982, #2036 ) ) ;
#249 = CARTESIAN_POINT ( 'NONE',  ( 8.500000000000000000, -50.00000000000000000, -18.81190054693401237 ) ) ;
#250 = ORIENTED_EDGE ( 'NONE', *, *, #2123, .T. ) ;
#251 = AXIS2_PLACEMENT_3D ( 'NONE', #872, #1546, #548 ) ;
#252 = CARTESIAN_POINT ( 'NONE',  ( 0.000000000000000000, 48.80000000000000426, -18.50000000000000355 ) ) ;
#253 = AXIS2_PLACEMENT_3D ( 'NONE', #1923, #1957, #409 ) ;
#254 = CARTESIAN_POINT ( 'NONE',  ( 8.500000000000000000, 49.00000000000000000, 0.000000000000000000 ) ) ;
#255 = CARTESIAN_POINT ( 'NONE',  ( 2.000000000000001776, 44.00000000000000711, -19.70000000000000639 ) ) ;
#256 = VECTOR ( 'NONE', #1270, 1000.000000000000000 ) ;
#257 = ORIENTED_EDGE ( 'NONE', *, *, #455, .F. ) ;
#258 = DIRECTION ( 'NONE',  ( -1.000000000000000000, -0.000000000000000000, -1.440760940173348857E-18 ) ) ;
#259 = DIRECTION ( 'NONE',  ( 1.000000000000000000, 0.000000000000000000, -1.334402673828313093E-16 ) ) ;
#260 = ORIENTED_EDGE ( 'NONE', *, *, #546, .T. ) ;
#261 = VECTOR ( 'NONE', #688, 1000.000000000000000 ) ;
#262 = CARTESIAN_POINT ( 'NONE',  ( 2.000000000000001776, -48.80000000000000426, -18.50000000000000355 ) ) ;
#263 = ORIENTED_EDGE ( 'NONE', *, *, #1126, .T. ) ;
#264 = SURFACE_STYLE_FILL_AREA ( #977 ) ;
#265 = EDGE_CURVE ( 'NONE', #2154, #999, #655, .T. ) ;
#266 = DIRECTION ( 'NONE',  ( 1.000000000000000000, 0.000000000000000000, -1.445602896647339656E-16 ) ) ;
#267 = DIRECTION ( 'NONE',  ( 0.000000000000000000, 2.312964634635743450E-15, 1.000000000000000000 ) ) ;
#268 = AXIS2_PLACEMENT_3D ( 'NONE', #1086, #2141, #793 ) ;
#269 = ORIENTED_EDGE ( 'NONE', *, *, #1581, .F. ) ;
#270 = CARTESIAN_POINT ( 'NONE',  ( 0.000000000000000000, -48.00000000000000000, 0.000000000000000000 ) ) ;
#271 = VERTEX_POINT ( 'NONE', #2157 ) ;
#272 = EDGE_CURVE ( 'NONE', #2159, #198, #1690, .T. ) ;
#273 = CARTESIAN_POINT ( 'NONE',  ( 0.000000000000000000, -45.79999999999999716, -10.30000000000000426 ) ) ;
#274 = VERTEX_POINT ( 'NONE', #2187 ) ;
#275 = PLANE ( 'NONE',  #157 ) ;
#276 = ORIENTED_EDGE ( 'NONE', *, *, #1816, .T. ) ;
#277 = DIRECTION ( 'NONE',  ( -1.000000000000000000, 0.000000000000000000, 1.334402673828313093E-16 ) ) ;
#278 = FACE_OUTER_BOUND ( 'NONE', #2064, .T. ) ;
#279 = PLANE ( 'NONE',  #1951 ) ;
#280 = ORIENTED_EDGE ( 'NONE', *, *, #802, .F. ) ;
#281 = DIRECTION ( 'NONE',  ( 0.000000000000000000, 0.000000000000000000, -1.000000000000000000 ) ) ;
#282 = ORIENTED_EDGE ( 'NONE', *, *, #586, .T. ) ;
#283 = ORIENTED_EDGE ( 'NONE', *, *, #2041, .F. ) ;
#284 = LINE ( 'NONE', #74, #1415 ) ;
#285 = EDGE_LOOP ( 'NONE', ( #913, #928, #164, #1367 ) ) ;
#286 = AXIS2_PLACEMENT_3D ( 'NONE', #931, #919, #1591 ) ;
#287 = DIRECTION ( 'NONE',  ( -1.000000000000000000, -0.000000000000000000, -1.440760940173348857E-18 ) ) ;
#288 = EDGE_CURVE ( 'NONE', #1925, #937, #2199, .T. ) ;
#289 = CARTESIAN_POINT ( 'NONE',  ( 1.550000000000002709, -45.79999999999999716, -21.09999999999999787 ) ) ;
#290 = CARTESIAN_POINT ( 'NONE',  ( 21.09999999999998721, 45.79999999999999716, -1.549999999999995826 ) ) ;
#291 = CARTESIAN_POINT ( 'NONE',  ( 18.50000000000000355, -50.00000000000000000, -18.81190054693401237 ) ) ;
#292 = CIRCLE ( 'NONE', #819, 2.999999999999999112 ) ;
#293 = VECTOR ( 'NONE', #2097, 1000.000000000000000 ) ;
#294 = EDGE_LOOP ( 'NONE', ( #1130, #1724, #1069, #1459 ) ) ;
#295 = FACE_OUTER_BOUND ( 'NONE', #1097, .T. ) ;
#296 = ORIENTED_EDGE ( 'NONE', *, *, #1726, .T. ) ;
#297 = AXIS2_PLACEMENT_3D ( 'NONE', #1056, #1576, #369 ) ;
#298 = CARTESIAN_POINT ( 'NONE',  ( 1.440760940173349242E-18, -48.00000000000000000, -1.000000000000000000 ) ) ;
#299 = ORIENTED_EDGE ( 'NONE', *, *, #1519, .F. ) ;
#300 = FACE_OUTER_BOUND ( 'NONE', #1540, .T. ) ;
#301 = VECTOR ( 'NONE', #1489, 1000.000000000000000 ) ;
#302 = CARTESIAN_POINT ( 'NONE',  ( 1.224646799147346644E-17, 48.00000000000000000, -8.500000000000000000 ) ) ;
#303 = DIRECTION ( 'NONE',  ( -1.000000000000000000, -0.000000000000000000, -1.440760940173348857E-18 ) ) ;
#304 = SHAPE_DEFINITION_REPRESENTATION ( #133, #1488 ) ;
#305 = ORIENTED_EDGE ( 'NONE', *, *, #2138, .T. ) ;
#306 = CARTESIAN_POINT ( 'NONE',  ( 0.1498910527627997924, 48.80000000000000426, -19.33602541092085403 ) ) ;
#307 = AXIS2_PLACEMENT_3D ( 'NONE', #1604, #80, #241 ) ;
#308 = ORIENTED_EDGE ( 'NONE', *, *, #526, .F. ) ;
#309 = ORIENTED_EDGE ( 'NONE', *, *, #807, .T. ) ;
#310 = CYLINDRICAL_SURFACE ( 'NONE', #1034, 1.000000000000000000 ) ;
#311 = CARTESIAN_POINT ( 'NONE',  ( 18.81190054693401237, -45.79999999999999716, -11.90000000000000036 ) ) ;
#312 = CARTESIAN_POINT ( 'NONE',  ( 20.46046863561491236, 48.80000000000000426, 0.000000000000000000 ) ) ;
#313 = CYLINDRICAL_SURFACE ( 'NONE', #429, 12.19999999999999929 ) ;
#314 = ORIENTED_EDGE ( 'NONE', *, *, #726, .F. ) ;
#315 = CARTESIAN_POINT ( 'NONE',  ( 11.90000000000000036, -45.79999999999999716, 0.000000000000000000 ) ) ;
#316 = ORIENTED_EDGE ( 'NONE', *, *, #1760, .F. ) ;
#317 = CARTESIAN_POINT ( 'NONE',  ( 18.81190054693401237, -41.00000000000000000, -8.500000000000000000 ) ) ;
#318 = ORIENTED_EDGE ( 'NONE', *, *, #499, .F. ) ;
#319 = DIRECTION ( 'NONE',  ( 1.927470528863118802E-16, 1.000000000000000000, 0.000000000000000000 ) ) ;
#320 = AXIS2_PLACEMENT_3D ( 'NONE', #255, #1762, #267 ) ;
#321 = LINE ( 'NONE', #348, #41 ) ;
#322 = EDGE_CURVE ( 'NONE', #999, #1567, #132, .T. ) ;
#323 = DIRECTION ( 'NONE',  ( 0.000000000000000000, 0.000000000000000000, 1.000000000000000000 ) ) ;
#324 =( NAMED_UNIT ( * ) PLANE_ANGLE_UNIT ( ) SI_UNIT ( $, .RADIAN. ) );
#325 = EDGE_CURVE ( 'NONE', #2048, #686, #1326, .T. ) ;
#326 = AXIS2_PLACEMENT_3D ( 'NONE', #1144, #121, #800 ) ;
#327 = ORIENTED_EDGE ( 'NONE', *, *, #720, .F. ) ;
#328 = CARTESIAN_POINT ( 'NONE',  ( 1.000000000000000000, 48.00000000000000000, 0.000000000000000000 ) ) ;
#329 = ORIENTED_EDGE ( 'NONE', *, *, #1398, .T. ) ;
#330 = AXIS2_PLACEMENT_3D ( 'NONE', #954, #1427, #912 ) ;
#331 = DIRECTION ( 'NONE',  ( 0.000000000000000000, 1.000000000000000000, 0.000000000000000000 ) ) ;
#332 = AXIS2_PLACEMENT_3D ( 'NONE', #463, #2155, #2113 ) ;
#333 = CIRCLE ( 'NONE', #297, 12.19999999999999929 ) ;
#334 = FACE_OUTER_BOUND ( 'NONE', #294, .T. ) ;
#335 = ORIENTED_EDGE ( 'NONE', *, *, #936, .T. ) ;
#336 = FACE_OUTER_BOUND ( 'NONE', #638, .T. ) ;
#337 = LINE ( 'NONE', #1009, #1465 ) ;
#338 = EDGE_CURVE ( 'NONE', #988, #1849, #2166, .T. ) ;
#339 = AXIS2_PLACEMENT_3D ( 'NONE', #144, #1178, #497 ) ;
#340 = ADVANCED_FACE ( 'NONE', ( #1346 ), #1148, .T. ) ;
#341 = EDGE_LOOP ( 'NONE', ( #1719, #427, #1452, #1511, #2075 ) ) ;
#342 = CARTESIAN_POINT ( 'NONE',  ( 0.1363818196067333177, 48.79999999999999005, -19.17271791497531197 ) ) ;
#343 = ORIENTED_EDGE ( 'NONE', *, *, #1749, .F. ) ;
#344 = CARTESIAN_POINT ( 'NONE',  ( 0.000000000000000000, 44.00000000000000711, -19.70000000000000639 ) ) ;
#345 = EDGE_CURVE ( 'NONE', #103, #2117, #817, .T. ) ;
#346 = DIRECTION ( 'NONE',  ( -1.000000000000000000, 0.000000000000000000, 0.000000000000000000 ) ) ;
#347 = EDGE_LOOP ( 'NONE', ( #1640, #1840 ) ) ;
#348 = CARTESIAN_POINT ( 'NONE',  ( 8.500000000000000000, 49.00000000000000000, 0.000000000000000000 ) ) ;
#349 = LINE ( 'NONE', #1471, #1641 ) ;
#350 = ORIENTED_EDGE ( 'NONE', *, *, #1739, .F. ) ;
#351 = EDGE_CURVE ( 'NONE', #841, #604, #1985, .T. ) ;
#352 = EDGE_CURVE ( 'NONE', #195, #1862, #337, .T. ) ;
#353 = VERTEX_POINT ( 'NONE', #469 ) ;
#354 = CARTESIAN_POINT ( 'NONE',  ( 13.49999999999999822, 45.79999999999999716, -18.81190054693401237 ) ) ;
#355 = EDGE_LOOP ( 'NONE', ( #1728, #661, #562, #1297, #1886, #1318, #813 ) ) ;
#356 = CARTESIAN_POINT ( 'NONE',  ( 2.000000000000001776, 50.00000000000000000, -8.500000000000000000 ) ) ;
#357 = EDGE_CURVE ( 'NONE', #1298, #467, #1316, .T. ) ;
#358 = PLANE ( 'NONE',  #888 ) ;
#359 = ADVANCED_FACE ( 'NONE', ( #1157 ), #1666, .F. ) ;
#360 = DIRECTION ( 'NONE',  ( -1.000000000000000000, 0.000000000000000000, 0.000000000000000000 ) ) ;
#361 = CYLINDRICAL_SURFACE ( 'NONE', #1866, 1.600000000000000755 ) ;
#362 = DIRECTION ( 'NONE',  ( -1.000000000000000000, 0.000000000000000000, 0.000000000000000000 ) ) ;
#363 = ORIENTED_EDGE ( 'NONE', *, *, #403, .F. ) ;
#364 = DIRECTION ( 'NONE',  ( 0.000000000000000000, 0.000000000000000000, 1.000000000000000000 ) ) ;
#365 = ORIENTED_EDGE ( 'NONE', *, *, #503, .F. ) ;
#366 = AXIS2_PLACEMENT_3D ( 'NONE', #1765, #258, #1608 ) ;
#367 = CIRCLE ( 'NONE', #1595, 1.599999999999997202 ) ;
#368 = CARTESIAN_POINT ( 'NONE',  ( 20.46046863561491236, 48.80000000000000426, 0.000000000000000000 ) ) ;
#369 = DIRECTION ( 'NONE',  ( 1.440760940173348857E-18, 0.000000000000000000, -1.000000000000000000 ) ) ;
#370 = ORIENTED_EDGE ( 'NONE', *, *, #1838, .T. ) ;
#371 = FACE_OUTER_BOUND ( 'NONE', #983, .T. ) ;
#372 = CLOSED_SHELL ( 'NONE', ( #884, #425, #903, #573, #1014, #1102, #1674, #359, #1895, #1129, #439, #892, #2162, #2121, #774, #432, #2066, #1048, #554, #1103, #1654, #1587, #2079, #1737, #340, #1408, #1044, #15, #1551, #1051, #216, #1621, #2007, #1010, #1815, #1291, #236, #643, #517, #1802, #1005, #2152, #1495, #636, #1561, #412, #564, #1992, #634, #907, #1999, #1443, #840, #98, #956, #2194, #576, #181, #1893, #2144, #1952, #197, #1025 ) ) ;
#373 = DIRECTION ( 'NONE',  ( 1.000000000000000000, 0.000000000000000000, 0.000000000000000000 ) ) ;
#374 = ORIENTED_EDGE ( 'NONE', *, *, #1506, .F. ) ;
#375 = FACE_OUTER_BOUND ( 'NONE', #1771, .T. ) ;
#376 = ORIENTED_EDGE ( 'NONE', *, *, #1132, .F. ) ;
#377 = CARTESIAN_POINT ( 'NONE',  ( 19.50000000000000000, -45.79999999999999716, 1.734723475976807883E-15 ) ) ;
#378 = CARTESIAN_POINT ( 'NONE',  ( 2.000000000000000000, -48.00000000000000000, -1.999999999999999112 ) ) ;
#379 = DIRECTION ( 'NONE',  ( 0.000000000000000000, 0.000000000000000000, 1.000000000000000000 ) ) ;
#380 = CARTESIAN_POINT ( 'NONE',  ( 20.69999999999999929, 28.83293040828256082, -18.81190054693401237 ) ) ;
#381 = EDGE_CURVE ( 'NONE', #1085, #1849, #152, .T. ) ;
#382 = ORIENTED_EDGE ( 'NONE', *, *, #565, .F. ) ;
#383 = LINE ( 'NONE', #869, #1820 ) ;
#384 = ORIENTED_EDGE ( 'NONE', *, *, #1907, .F. ) ;
#385 = CARTESIAN_POINT ( 'NONE',  ( 19.70000000000000639, -44.00000000000000711, 0.000000000000000000 ) ) ;
#386 = EDGE_CURVE ( 'NONE', #1101, #1338, #934, .T. ) ;
#387 = EDGE_CURVE ( 'NONE', #1902, #841, #849, .T. ) ;
#388 = CARTESIAN_POINT ( 'NONE',  ( 20.69999999999999929, 28.83293040828256082, 0.000000000000000000 ) ) ;
#389 = CARTESIAN_POINT ( 'NONE',  ( 0.08469864113603974010, -48.79999999999999716, -18.85093032220375520 ) ) ;
#390 = AXIS2_PLACEMENT_3D ( 'NONE', #1172, #479, #996 ) ;
#391 = PLANE ( 'NONE',  #139 ) ;
#392 = ORIENTED_EDGE ( 'NONE', *, *, #973, .F. ) ;
#393 = VERTEX_POINT ( 'NONE', #9 ) ;
#394 = DIRECTION ( 'NONE',  ( 1.000000000000000000, 0.000000000000000000, 0.000000000000000000 ) ) ;
#395 = AXIS2_PLACEMENT_3D ( 'NONE', #1000, #1850, #2181 ) ;
#396 = EDGE_LOOP ( 'NONE', ( #12, #1135, #1237, #2105 ) ) ;
#397 = EDGE_LOOP ( 'NONE', ( #957, #282 ) ) ;
#398 = LINE ( 'NONE', #2057, #1596 ) ;
#399 = VECTOR ( 'NONE', #1664, 1000.000000000000114 ) ;
#400 = AXIS2_PLACEMENT_3D ( 'NONE', #244, #1414, #2095 ) ;
#401 = DIRECTION ( 'NONE',  ( -1.000000000000000000, 0.000000000000000000, 0.000000000000000000 ) ) ;
#402 = CARTESIAN_POINT ( 'NONE',  ( 19.89736842105263648, -41.00649942268735515, -18.81190054693401237 ) ) ;
#403 = EDGE_CURVE ( 'NONE', #467, #2055, #829, .T. ) ;
#404 = EDGE_CURVE ( 'NONE', #1788, #1582, #662, .T. ) ;
#405 = FACE_BOUND ( 'NONE', #1940, .T. ) ;
#406 = CYLINDRICAL_SURFACE ( 'NONE', #1311, 1.600000000000000755 ) ;
#407 = AXIS2_PLACEMENT_3D ( 'NONE', #1249, #1635, #1928 ) ;
#408 = AXIS2_PLACEMENT_3D ( 'NONE', #2073, #1717, #200 ) ;
#409 = DIRECTION ( 'NONE',  ( 0.000000000000000000, 0.000000000000000000, 1.000000000000000000 ) ) ;
#410 = VERTEX_POINT ( 'NONE', #2171 ) ;
#411 = DIRECTION ( 'NONE',  ( -1.000000000000000000, -1.927470528863118802E-16, 0.000000000000000000 ) ) ;
#412 = ADVANCED_FACE ( 'NONE', ( #1153 ), #991, .F. ) ;
#413 = LINE ( 'NONE', #588, #1602 ) ;
#414 = LINE ( 'NONE', #2091, #1695 ) ;
#415 = EDGE_CURVE ( 'NONE', #227, #690, #2183, .T. ) ;
#416 = CARTESIAN_POINT ( 'NONE',  ( 1.440760940173349242E-18, 48.00000000000000000, -1.000000000000000000 ) ) ;
#417 = DIRECTION ( 'NONE',  ( -1.000000000000000000, 0.000000000000000000, 1.334402673828313093E-16 ) ) ;
#418 = EDGE_CURVE ( 'NONE', #1243, #618, #1785, .T. ) ;
#419 = PLANE ( 'NONE',  #1884 ) ;
#420 = VERTEX_POINT ( 'NONE', #1024 ) ;
#421 = CARTESIAN_POINT ( 'NONE',  ( 0.000000000000000000, 48.80000000000000426, -18.50000000000000355 ) ) ;
#422 = CARTESIAN_POINT ( 'NONE',  ( 19.50000000000000000, -45.79999999999999716, 1.734723475976807883E-15 ) ) ;
#423 = LINE ( 'NONE', #438, #1075 ) ;
#424 = DIRECTION ( 'NONE',  ( 0.000000000000000000, 0.000000000000000000, 1.000000000000000000 ) ) ;
#425 = ADVANCED_FACE ( 'NONE', ( #1660 ), #791, .F. ) ;
#426 = ORIENTED_EDGE ( 'NONE', *, *, #1504, .F. ) ;
#427 = ORIENTED_EDGE ( 'NONE', *, *, #175, .T. ) ;
#428 = PLANE ( 'NONE',  #2032 ) ;
#429 = AXIS2_PLACEMENT_3D ( 'NONE', #1317, #1975, #2178 ) ;
#430 = DIRECTION ( 'NONE',  ( 1.000000000000000000, 0.000000000000000000, 0.000000000000000000 ) ) ;
#431 = VERTEX_POINT ( 'NONE', #356 ) ;
#432 = ADVANCED_FACE ( 'NONE', ( #835 ), #176, .F. ) ;
#433 = DIRECTION ( 'NONE',  ( 0.000000000000000000, 0.000000000000000000, 1.000000000000000000 ) ) ;
#434 = ORIENTED_EDGE ( 'NONE', *, *, #731, .T. ) ;
#435 = VECTOR ( 'NONE', #1116, 1000.000000000000000 ) ;
#436 = SURFACE_STYLE_USAGE ( .BOTH. , #127 ) ;
#437 = AXIS2_PLACEMENT_3D ( 'NONE', #1909, #35, #394 ) ;
#438 = CARTESIAN_POINT ( 'NONE',  ( 22.70000000000000639, -48.80000000000000426, 0.000000000000000000 ) ) ;
#439 = ADVANCED_FACE ( 'NONE', ( #1198 ), #1496, .F. ) ;
#440 = CARTESIAN_POINT ( 'NONE',  ( 2.000000000000001776, -45.79999999999999716, -11.90000000000000036 ) ) ;
#441 = ORIENTED_EDGE ( 'NONE', *, *, #190, .T. ) ;
#442 = DIRECTION ( 'NONE',  ( 0.000000000000000000, 0.000000000000000000, 1.000000000000000000 ) ) ;
#443 = DIRECTION ( 'NONE',  ( 0.000000000000000000, 0.000000000000000000, 1.000000000000000000 ) ) ;
#444 = EDGE_LOOP ( 'NONE', ( #120, #1437, #902, #669 ) ) ;
#445 = CIRCLE ( 'NONE', #1673, 1.000000000000000000 ) ;
#446 = CARTESIAN_POINT ( 'NONE',  ( 0.000000000000000000, 41.00000000000000000, -8.500000000000000000 ) ) ;
#447 = ORIENTED_EDGE ( 'NONE', *, *, #720, .T. ) ;
#448 = CIRCLE ( 'NONE', #2005, 3.149999999999999911 ) ;
#449 = DIRECTION ( 'NONE',  ( 0.000000000000000000, -0.000000000000000000, 1.000000000000000000 ) ) ;
#450 = CARTESIAN_POINT ( 'NONE',  ( 22.64999999999999858, -45.79999999999999716, 1.734723475976807883E-15 ) ) ;
#451 = VERTEX_POINT ( 'NONE', #1852 ) ;
#452 = CARTESIAN_POINT ( 'NONE',  ( 18.81190054693401237, 48.80000000000000426, -18.50000000000000355 ) ) ;
#453 = ORIENTED_EDGE ( 'NONE', *, *, #1519, .T. ) ;
#454 = DIRECTION ( 'NONE',  ( 0.000000000000000000, -0.000000000000000000, 1.000000000000000000 ) ) ;
#455 = EDGE_CURVE ( 'NONE', #600, #1809, #445, .T. ) ;
#456 = DIRECTION ( 'NONE',  ( 1.440760940173348857E-18, 0.000000000000000000, -1.000000000000000000 ) ) ;
#457 = ORIENTED_EDGE ( 'NONE', *, *, #156, .T. ) ;
#458 = LINE ( 'NONE', #2165, #2093 ) ;
#459 = CARTESIAN_POINT ( 'NONE',  ( 18.81190054693401237, 50.00000000000000000, -8.500000000000000000 ) ) ;
#460 = FACE_BOUND ( 'NONE', #1060, .T. ) ;
#461 = ORIENTED_EDGE ( 'NONE', *, *, #2188, .F. ) ;
#462 = CARTESIAN_POINT ( 'NONE',  ( 18.50000000000000711, 48.80000000000000426, -2.000000000000001776 ) ) ;
#463 = CARTESIAN_POINT ( 'NONE',  ( 0.000000000000000000, 28.83293040828256082, -20.69999999999999929 ) ) ;
#464 = ORIENTED_EDGE ( 'NONE', *, *, #1757, .F. ) ;
#465 = CONICAL_SURFACE ( 'NONE', #992, 3.149999999999999911, 0.7853981633974482790 ) ;
#466 = DIRECTION ( 'NONE',  ( 0.000000000000000000, 0.000000000000000000, 1.000000000000000000 ) ) ;
#467 = VERTEX_POINT ( 'NONE', #672 ) ;
#468 =( NAMED_UNIT ( * ) SI_UNIT ( $, .STERADIAN. ) SOLID_ANGLE_UNIT ( ) );
#469 = CARTESIAN_POINT ( 'NONE',  ( 2.671103263892474034E-17, -48.80000000000000426, -18.53953136438508054 ) ) ;
#470 = VECTOR ( 'NONE', #1878, 1000.000000000000000 ) ;
#471 = EDGE_LOOP ( 'NONE', ( #1691, #1716, #155, #932 ) ) ;
#472 = ORIENTED_EDGE ( 'NONE', *, *, #175, .F. ) ;
#473 = CARTESIAN_POINT ( 'NONE',  ( 18.81190054693401237, 45.79999999999999716, -21.10000000000000142 ) ) ;
#474 = AXIS2_PLACEMENT_3D ( 'NONE', #1731, #556, #563 ) ;
#475 = CARTESIAN_POINT ( 'NONE',  ( 2.000000000000001776, -28.83293040828256082, -20.69999999999999929 ) ) ;
#476 = CIRCLE ( 'NONE', #693, 1.599999999999997202 ) ;
#477 = CARTESIAN_POINT ( 'NONE',  ( 2.355644137183425508E-17, 45.79999999999999716, -16.35000000000000142 ) ) ;
#478 = DIRECTION ( 'NONE',  ( -1.000000000000000000, 0.000000000000000000, 0.000000000000000000 ) ) ;
#479 = DIRECTION ( 'NONE',  ( 0.000000000000000000, 0.000000000000000000, -1.000000000000000000 ) ) ;
#480 = ORIENTED_EDGE ( 'NONE', *, *, #1332, .T. ) ;
#481 = ORIENTED_EDGE ( 'NONE', *, *, #579, .F. ) ;
#482 = DIRECTION ( 'NONE',  ( 0.000000000000000000, 0.000000000000000000, 1.000000000000000000 ) ) ;
#483 = VECTOR ( 'NONE', #987, 1000.000000000000000 ) ;
#484 = ORIENTED_EDGE ( 'NONE', *, *, #2138, .F. ) ;
#485 = CIRCLE ( 'NONE', #268, 1.599999999999997202 ) ;
#486 = CARTESIAN_POINT ( 'NONE',  ( 16.35000000000000142, -45.79999999999999716, 1.734723475976807883E-15 ) ) ;
#487 = ORIENTED_EDGE ( 'NONE', *, *, #357, .T. ) ;
#488 = EDGE_CURVE ( 'NONE', #684, #1688, #1566, .T. ) ;
#489 = DIRECTION ( 'NONE',  ( -0.000000000000000000, -0.000000000000000000, 1.000000000000000000 ) ) ;
#490 = EDGE_CURVE ( 'NONE', #1877, #34, #1505, .T. ) ;
#491 = CARTESIAN_POINT ( 'NONE',  ( 2.000000000000001776, 41.00000000000000000, -8.500000000000000000 ) ) ;
#492 = CARTESIAN_POINT ( 'NONE',  ( 18.81190054693401237, 45.79999999999999716, -19.50000000000000000 ) ) ;
#493 = FACE_OUTER_BOUND ( 'NONE', #1365, .T. ) ;
#494 = ORIENTED_EDGE ( 'NONE', *, *, #1163, .F. ) ;
#495 = CARTESIAN_POINT ( 'NONE',  ( 0.09522524437790111373, 48.80000000000001137, -20.14816325814849307 ) ) ;
#496 = ORIENTED_EDGE ( 'NONE', *, *, #1517, .T. ) ;
#497 = DIRECTION ( 'NONE',  ( 0.000000000000000000, 0.000000000000000000, 1.000000000000000000 ) ) ;
#498 = CARTESIAN_POINT ( 'NONE',  ( 19.89736842105263648, -41.00649942268735515, -2.000000000000001776 ) ) ;
#499 = EDGE_CURVE ( 'NONE', #2160, #1323, #2025, .T. ) ;
#500 = DIRECTION ( 'NONE',  ( -0.000000000000000000, -1.000000000000000000, -0.000000000000000000 ) ) ;
#501 = DIRECTION ( 'NONE',  ( -0.000000000000000000, -0.000000000000000000, 1.000000000000000000 ) ) ;
#502 = CARTESIAN_POINT ( 'NONE',  ( 1.550000000000002709, 45.79999999999999716, -17.90000000000000213 ) ) ;
#503 = EDGE_CURVE ( 'NONE', #822, #809, #1747, .T. ) ;
#504 = VECTOR ( 'NONE', #206, 1000.000000000000000 ) ;
#505 = ORIENTED_EDGE ( 'NONE', *, *, #985, .T. ) ;
#506 = DIRECTION ( 'NONE',  ( -1.000000000000000000, 0.000000000000000000, 0.000000000000000000 ) ) ;
#507 = EDGE_LOOP ( 'NONE', ( #1336, #960, #1274, #1531 ) ) ;
#508 = AXIS2_PLACEMENT_3D ( 'NONE', #1855, #1475, #168 ) ;
#509 = CARTESIAN_POINT ( 'NONE',  ( 19.50000000000000000, 45.79999999999999716, -18.81190054693401237 ) ) ;
#510 = VECTOR ( 'NONE', #838, 1000.000000000000000 ) ;
#511 = AXIS2_PLACEMENT_3D ( 'NONE', #574, #411, #916 ) ;
#512 = LINE ( 'NONE', #2039, #1555 ) ;
#513 = EDGE_CURVE ( 'NONE', #1964, #410, #897, .T. ) ;
#514 = VERTEX_POINT ( 'NONE', #1874 ) ;
#515 = CARTESIAN_POINT ( 'NONE',  ( 18.50000000000000355, -48.80000000000000426, 0.000000000000000000 ) ) ;
#516 = CARTESIAN_POINT ( 'NONE',  ( 18.81190054693401237, 50.00000000000000000, -18.50000000000000355 ) ) ;
#517 = ADVANCED_FACE ( 'NONE', ( #2046 ), #533, .T. ) ;
#518 = CIRCLE ( 'NONE', #1961, 1.599999999999997202 ) ;
#519 = ORIENTED_EDGE ( 'NONE', *, *, #615, .F. ) ;
#520 = ORIENTED_EDGE ( 'NONE', *, *, #387, .T. ) ;
#521 = DIRECTION ( 'NONE',  ( 1.000000000000000000, 0.000000000000000000, 0.000000000000000000 ) ) ;
#522 = VERTEX_POINT ( 'NONE', #1321 ) ;
#523 = AXIS2_PLACEMENT_3D ( 'NONE', #703, #1537, #2071 ) ;
#524 = DIRECTION ( 'NONE',  ( 1.000000000000000000, 0.000000000000000000, 0.000000000000000000 ) ) ;
#525 = CIRCLE ( 'NONE', #1896, 3.149999999999999911 ) ;
#526 = EDGE_CURVE ( 'NONE', #1442, #854, #518, .T. ) ;
#527 = LINE ( 'NONE', #1312, #1663 ) ;
#528 = ORIENTED_EDGE ( 'NONE', *, *, #165, .T. ) ;
#529 = CARTESIAN_POINT ( 'NONE',  ( 13.49999999999999822, 45.79999999999999716, -2.000000000000001776 ) ) ;
#530 = ORIENTED_EDGE ( 'NONE', *, *, #1983, .T. ) ;
#531 = DIRECTION ( 'NONE',  ( -1.000000000000000000, 0.000000000000000000, 0.000000000000000000 ) ) ;
#532 = VERTEX_POINT ( 'NONE', #1754 ) ;
#533 = CYLINDRICAL_SURFACE ( 'NONE', #717, 2.999999999999999112 ) ;
#534 = DIRECTION ( 'NONE',  ( 0.000000000000000000, -1.000000000000000000, 0.000000000000000000 ) ) ;
#535 = UNCERTAINTY_MEASURE_WITH_UNIT (LENGTH_MEASURE( 1.000000000000000082E-05 ), #1305, 'distance_accuracy_value', 'NONE');
#536 = CARTESIAN_POINT ( 'NONE',  ( 1.440760940173349242E-18, 48.00000000000000000, -1.000000000000000000 ) ) ;
#537 = CIRCLE ( 'NONE', #247, 1.599999999999997202 ) ;
#538 = ORIENTED_EDGE ( 'NONE', *, *, #1573, .T. ) ;
#539 = CARTESIAN_POINT ( 'NONE',  ( 1.000000000000000000, -48.00000000000000000, -1.000000000000000000 ) ) ;
#540 = CYLINDRICAL_SURFACE ( 'NONE', #33, 12.19999999999999929 ) ;
#541 = VECTOR ( 'NONE', #567, 1000.000000000000000 ) ;
#542 = AXIS2_PLACEMENT_3D ( 'NONE', #2122, #2149, #246 ) ;
#543 = CARTESIAN_POINT ( 'NONE',  ( 2.000000000000001776, -45.79999999999999716, -13.49999999999999822 ) ) ;
#544 = VERTEX_POINT ( 'NONE', #911 ) ;
#545 = LINE ( 'NONE', #870, #1526 ) ;
#546 = EDGE_CURVE ( 'NONE', #1300, #221, #899, .T. ) ;
#547 = CARTESIAN_POINT ( 'NONE',  ( 0.000000000000000000, -28.83293040828256082, -8.500000000000000000 ) ) ;
#548 = DIRECTION ( 'NONE',  ( 0.000000000000000000, 0.000000000000000000, 1.000000000000000000 ) ) ;
#549 = AXIS2_PLACEMENT_3D ( 'NONE', #509, #1863, #1164 ) ;
#550 = CARTESIAN_POINT ( 'NONE',  ( 21.10000000000000142, 45.79999999999999716, -18.81190054693401237 ) ) ;
#551 = VECTOR ( 'NONE', #764, 1000.000000000000000 ) ;
#552 = ORIENTED_EDGE ( 'NONE', *, *, #1838, .F. ) ;
#553 = LINE ( 'NONE', #2067, #1629 ) ;
#554 = ADVANCED_FACE ( 'NONE', ( #1560, #405, #718, #1931, #1395 ), #2052, .F. ) ;
#555 = ORIENTED_EDGE ( 'NONE', *, *, #488, .F. ) ;
#556 = DIRECTION ( 'NONE',  ( 1.000000000000000000, -0.000000000000000000, -0.000000000000000000 ) ) ;
#557 = FACE_OUTER_BOUND ( 'NONE', #112, .T. ) ;
#558 = CARTESIAN_POINT ( 'NONE',  ( 2.000000000000001776, -50.00000000000000000, -8.500000000000000000 ) ) ;
#559 = DIRECTION ( 'NONE',  ( -0.000000000000000000, -0.000000000000000000, 1.000000000000000000 ) ) ;
#560 = ORIENTED_EDGE ( 'NONE', *, *, #1035, .T. ) ;
#561 = DIRECTION ( 'NONE',  ( -1.000000000000000000, 0.000000000000000000, 0.000000000000000000 ) ) ;
#562 = ORIENTED_EDGE ( 'NONE', *, *, #1163, .T. ) ;
#563 = DIRECTION ( 'NONE',  ( 0.000000000000000000, 0.000000000000000000, 1.000000000000000000 ) ) ;
#564 = ADVANCED_FACE ( 'NONE', ( #1413 ), #391, .F. ) ;
#565 = EDGE_CURVE ( 'NONE', #822, #2104, #1202, .T. ) ;
#566 = ORIENTED_EDGE ( 'NONE', *, *, #1680, .F. ) ;
#567 = DIRECTION ( 'NONE',  ( -0.000000000000000000, -1.000000000000000000, -0.000000000000000000 ) ) ;
#568 = EDGE_LOOP ( 'NONE', ( #2173, #1750 ) ) ;
#569 = LINE ( 'NONE', #874, #1029 ) ;
#570 = DIRECTION ( 'NONE',  ( 0.000000000000000000, -1.000000000000000000, 0.000000000000000000 ) ) ;
#571 = VECTOR ( 'NONE', #1176, 1000.000000000000000 ) ;
#572 = ORIENTED_EDGE ( 'NONE', *, *, #2042, .F. ) ;
#573 = ADVANCED_FACE ( 'NONE', ( #1386 ), #465, .F. ) ;
#574 = CARTESIAN_POINT ( 'NONE',  ( 8.500000000000000000, 50.00000000000000000, -18.81190054693401237 ) ) ;
#575 = VECTOR ( 'NONE', #950, 1000.000000000000000 ) ;
#576 = ADVANCED_FACE ( 'NONE', ( #1404 ), #540, .F. ) ;
#577 = DIRECTION ( 'NONE',  ( 1.000000000000000000, 0.000000000000000000, 0.000000000000000000 ) ) ;
#578 = DIRECTION ( 'NONE',  ( 0.000000000000000000, 0.000000000000000000, 1.000000000000000000 ) ) ;
#579 = EDGE_CURVE ( 'NONE', #832, #851, #31, .T. ) ;
#580 = DIRECTION ( 'NONE',  ( 1.000000000000000000, 0.000000000000000000, 0.000000000000000000 ) ) ;
#581 = CARTESIAN_POINT ( 'NONE',  ( 1.000000000000000000, 48.00000000000000000, 0.000000000000000000 ) ) ;
#582 = CYLINDRICAL_SURFACE ( 'NONE', #179, 1.599999999999997202 ) ;
#583 = PRODUCT_DEFINITION ( 'UNKNOWN', '', #1622, #1543 ) ;
#584 = DIRECTION ( 'NONE',  ( 0.000000000000000000, -1.000000000000000000, 0.000000000000000000 ) ) ;
#585 = AXIS2_PLACEMENT_3D ( 'NONE', #1500, #501, #137 ) ;
#586 = EDGE_CURVE ( 'NONE', #1849, #1085, #847, .T. ) ;
#587 = VERTEX_POINT ( 'NONE', #2063 ) ;
#588 = CARTESIAN_POINT ( 'NONE',  ( 2.000000000000001776, -50.00000000000000000, -8.500000000000000000 ) ) ;
#589 = CARTESIAN_POINT ( 'NONE',  ( 1.550000000000002709, 45.79999999999999716, -21.09999999999999787 ) ) ;
#590 = ORIENTED_EDGE ( 'NONE', *, *, #1219, .T. ) ;
#591 = DIRECTION ( 'NONE',  ( -1.000000000000000000, 0.000000000000000000, -0.000000000000000000 ) ) ;
#592 = EDGE_CURVE ( 'NONE', #690, #798, #537, .T. ) ;
#593 = ORIENTED_EDGE ( 'NONE', *, *, #971, .T. ) ;
#594 = CARTESIAN_POINT ( 'NONE',  ( 8.500000000000000000, 48.00000000000000000, -2.000000000000000000 ) ) ;
#595 = DIRECTION ( 'NONE',  ( 0.000000000000000000, 0.000000000000000000, 1.000000000000000000 ) ) ;
#596 = ORIENTED_EDGE ( 'NONE', *, *, #1847, .T. ) ;
#597 = LINE ( 'NONE', #1784, #825 ) ;
#598 = DIRECTION ( 'NONE',  ( 0.000000000000000000, 0.000000000000000000, 1.000000000000000000 ) ) ;
#599 = CYLINDRICAL_SURFACE ( 'NONE', #1846, 1.600000000000000755 ) ;
#600 = VERTEX_POINT ( 'NONE', #416 ) ;
#601 = DIRECTION ( 'NONE',  ( 0.000000000000000000, -0.000000000000000000, 1.000000000000000000 ) ) ;
#602 = CIRCLE ( 'NONE', #1165, 1.600000000000000755 ) ;
#603 = LINE ( 'NONE', #923, #1139 ) ;
#604 = VERTEX_POINT ( 'NONE', #52 ) ;
#605 = AXIS2_PLACEMENT_3D ( 'NONE', #1299, #1683, #810 ) ;
#606 = LINE ( 'NONE', #446, #1536 ) ;
#607 = VERTEX_POINT ( 'NONE', #2094 ) ;
#608 = VECTOR ( 'NONE', #904, 1000.000000000000000 ) ;
#609 = CARTESIAN_POINT ( 'NONE',  ( 1.224646799147346644E-17, 48.00000000000000000, -8.500000000000000000 ) ) ;
#610 = VECTOR ( 'NONE', #1823, 1000.000000000000000 ) ;
#611 = CYLINDRICAL_SURFACE ( 'NONE', #795, 12.19999999999999929 ) ;
#612 = DIRECTION ( 'NONE',  ( 1.000000000000000000, 0.000000000000000000, 0.000000000000000000 ) ) ;
#613 = EDGE_CURVE ( 'NONE', #2126, #786, #1133, .T. ) ;
#614 = AXIS2_PLACEMENT_3D ( 'NONE', #2078, #702, #26 ) ;
#615 = EDGE_CURVE ( 'NONE', #522, #532, #209, .T. ) ;
#616 = ORIENTED_EDGE ( 'NONE', *, *, #1842, .T. ) ;
#617 = CARTESIAN_POINT ( 'NONE',  ( 18.81190054693401237, 41.00649942268735515, -19.89736842105263648 ) ) ;
#618 = VERTEX_POINT ( 'NONE', #59 ) ;
#619 = FACE_OUTER_BOUND ( 'NONE', #2002, .T. ) ;
#620 = VECTOR ( 'NONE', #797, 1000.000000000000000 ) ;
#621 = EDGE_CURVE ( 'NONE', #623, #2148, #569, .T. ) ;
#622 = DIRECTION ( 'NONE',  ( 0.000000000000000000, -1.000000000000000000, 0.000000000000000000 ) ) ;
#623 = VERTEX_POINT ( 'NONE', #232 ) ;
#624 = AXIS2_PLACEMENT_3D ( 'NONE', #1410, #118, #1142 ) ;
#625 = FACE_OUTER_BOUND ( 'NONE', #1756, .T. ) ;
#626 = CARTESIAN_POINT ( 'NONE',  ( 2.000000000000000000, 28.83293040828256082, -8.500000000000000000 ) ) ;
#627 = PRODUCT_CONTEXT ( 'NONE', #124, 'mechanical' ) ;
#628 = EDGE_LOOP ( 'NONE', ( #308, #299 ) ) ;
#629 = CARTESIAN_POINT ( 'NONE',  ( 18.50000000000000355, 49.00000000000000000, 0.000000000000000000 ) ) ;
#630 = FACE_OUTER_BOUND ( 'NONE', #1351, .T. ) ;
#631 = ORIENTED_EDGE ( 'NONE', *, *, #513, .T. ) ;
#632 = CARTESIAN_POINT ( 'NONE',  ( 13.49999999999999822, -45.79999999999999716, 0.000000000000000000 ) ) ;
#633 = ORIENTED_EDGE ( 'NONE', *, *, #1161, .T. ) ;
#634 = ADVANCED_FACE ( 'NONE', ( #740 ), #1252, .F. ) ;
#635 = DIRECTION ( 'NONE',  ( -1.334402673828313093E-16, 0.000000000000000000, -1.000000000000000000 ) ) ;
#636 = ADVANCED_FACE ( 'NONE', ( #886 ), #45, .F. ) ;
#637 = CARTESIAN_POINT ( 'NONE',  ( 18.50000000000000355, 48.80000000000000426, -18.81190054693401237 ) ) ;
#638 = EDGE_LOOP ( 'NONE', ( #1606, #2146, #1467, #230, #2151 ) ) ;
#639 = CARTESIAN_POINT ( 'NONE',  ( 0.000000000000000000, -45.79999999999999716, -13.49999999999999822 ) ) ;
#640 = AXIS2_PLACEMENT_3D ( 'NONE', #1611, #595, #1768 ) ;
#641 = CARTESIAN_POINT ( 'NONE',  ( 10.30000000000000426, -45.79999999999999716, -18.81190054693401237 ) ) ;
#642 = ORIENTED_EDGE ( 'NONE', *, *, #1113, .F. ) ;
#643 = ADVANCED_FACE ( 'NONE', ( #300 ), #1808, .F. ) ;
#644 = CARTESIAN_POINT ( 'NONE',  ( 1.224646799147346644E-17, 28.83293040828256082, -8.500000000000000000 ) ) ;
#645 = DIRECTION ( 'NONE',  ( 0.000000000000000000, -0.000000000000000000, 1.000000000000000000 ) ) ;
#646 = DIRECTION ( 'NONE',  ( 1.000000000000000000, 0.000000000000000000, 0.000000000000000000 ) ) ;
#647 = VECTOR ( 'NONE', #877, 1000.000000000000000 ) ;
#648 = ORIENTED_EDGE ( 'NONE', *, *, #1376, .T. ) ;
#649 = DIRECTION ( 'NONE',  ( -0.000000000000000000, -1.000000000000000000, -0.000000000000000000 ) ) ;
#650 = VERTEX_POINT ( 'NONE', #1137 ) ;
#651 = AXIS2_PLACEMENT_3D ( 'NONE', #385, #1894, #1400 ) ;
#652 = DIRECTION ( 'NONE',  ( 1.000000000000000000, 0.000000000000000000, 0.000000000000000000 ) ) ;
#653 = ORIENTED_EDGE ( 'NONE', *, *, #1986, .F. ) ;
#654 = CARTESIAN_POINT ( 'NONE',  ( 10.30000000000000426, 45.79999999999999716, -2.000000000000001776 ) ) ;
#655 = CIRCLE ( 'NONE', #585, 3.149999999999999911 ) ;
#656 = CARTESIAN_POINT ( 'NONE',  ( 3.263323529492635726E-17, 45.79999999999999716, -22.64999999999999858 ) ) ;
#657 = DIRECTION ( 'NONE',  ( 0.000000000000000000, -1.000000000000000000, 0.000000000000000000 ) ) ;
#658 = DIRECTION ( 'NONE',  ( 0.000000000000000000, -1.000000000000000000, 0.000000000000000000 ) ) ;
#659 = ORIENTED_EDGE ( 'NONE', *, *, #1397, .F. ) ;
#660 = FACE_OUTER_BOUND ( 'NONE', #1041, .T. ) ;
#661 = ORIENTED_EDGE ( 'NONE', *, *, #455, .T. ) ;
#662 = LINE ( 'NONE', #486, #1180 ) ;
#663 = EDGE_CURVE ( 'NONE', #451, #353, #2125, .T. ) ;
#664 = DIRECTION ( 'NONE',  ( 1.440760940173348857E-18, 0.000000000000000000, -1.000000000000000000 ) ) ;
#665 = EDGE_CURVE ( 'NONE', #1650, #410, #606, .T. ) ;
#666 = DIRECTION ( 'NONE',  ( -0.000000000000000000, 0.000000000000000000, -1.000000000000000000 ) ) ;
#667 = DIRECTION ( 'NONE',  ( 0.000000000000000000, 0.000000000000000000, 1.000000000000000000 ) ) ;
#668 = DIRECTION ( 'NONE',  ( 1.000000000000000000, 0.000000000000000000, 0.000000000000000000 ) ) ;
#669 = ORIENTED_EDGE ( 'NONE', *, *, #1718, .F. ) ;
#670 = DIRECTION ( 'NONE',  ( 0.000000000000000000, 0.000000000000000000, 1.000000000000000000 ) ) ;
#671 = VERTEX_POINT ( 'NONE', #421 ) ;
#672 = CARTESIAN_POINT ( 'NONE',  ( 3.263323529492635726E-17, -45.79999999999999716, -22.64999999999999858 ) ) ;
#673 = LINE ( 'NONE', #1016, #1347 ) ;
#674 = LINE ( 'NONE', #1345, #1211 ) ;
#675 = CARTESIAN_POINT ( 'NONE',  ( 18.81190054693401237, -45.79999999999999716, -13.49999999999999822 ) ) ;
#676 = AXIS2_PLACEMENT_3D ( 'NONE', #2003, #2191, #1649 ) ;
#677 = ORIENTED_EDGE ( 'NONE', *, *, #807, .F. ) ;
#678 = ORIENTED_EDGE ( 'NONE', *, *, #177, .F. ) ;
#679 = DIRECTION ( 'NONE',  ( 0.000000000000000000, 0.000000000000000000, 1.000000000000000000 ) ) ;
#680 = ORIENTED_EDGE ( 'NONE', *, *, #1358, .F. ) ;
#681 = VECTOR ( 'NONE', #135, 1000.000000000000000 ) ;
#682 = CARTESIAN_POINT ( 'NONE',  ( 18.85125151976159330, -48.80000000000001137, -0.09504680391372598292 ) ) ;
#683 = AXIS2_PLACEMENT_3D ( 'NONE', #780, #635, #1104 ) ;
#684 = VERTEX_POINT ( 'NONE', #1268 ) ;
#685 = DIRECTION ( 'NONE',  ( 0.000000000000000000, 1.000000000000000000, 0.000000000000000000 ) ) ;
#686 = VERTEX_POINT ( 'NONE', #926 ) ;
#687 = CARTESIAN_POINT ( 'NONE',  ( 0.000000000000000000, -48.00000000000000000, 0.000000000000000000 ) ) ;
#688 = DIRECTION ( 'NONE',  ( 0.000000000000000000, 1.000000000000000000, 0.000000000000000000 ) ) ;
#689 = CONICAL_SURFACE ( 'NONE', #307, 3.149999999999999911, 0.7853981633974482790 ) ;
#690 = VERTEX_POINT ( 'NONE', #632 ) ;
#691 = DIRECTION ( 'NONE',  ( -0.000000000000000000, 1.000000000000000000, -0.000000000000000000 ) ) ;
#692 = ORIENTED_EDGE ( 'NONE', *, *, #1603, .F. ) ;
#693 = AXIS2_PLACEMENT_3D ( 'NONE', #1833, #303, #323 ) ;
#694 = CARTESIAN_POINT ( 'NONE',  ( 19.82535449557975937, -48.80000000000001137, -0.1498556301871480922 ) ) ;
#695 = DIRECTION ( 'NONE',  ( 0.000000000000000000, 0.000000000000000000, 1.000000000000000000 ) ) ;
#696 = CARTESIAN_POINT ( 'NONE',  ( 2.000000000000001776, -45.79999999999999716, -19.50000000000000000 ) ) ;
#697 = LINE ( 'NONE', #1373, #860 ) ;
#698 = CARTESIAN_POINT ( 'NONE',  ( 18.81190054693401237, -48.80000000000000426, -18.50000000000000355 ) ) ;
#699 = DIRECTION ( 'NONE',  ( 0.000000000000000000, 0.000000000000000000, 1.000000000000000000 ) ) ;
#700 = ORIENTED_EDGE ( 'NONE', *, *, #1342, .T. ) ;
#701 = LINE ( 'NONE', #1720, #779 ) ;
#702 = DIRECTION ( 'NONE',  ( 0.000000000000000000, 1.000000000000000000, -0.000000000000000000 ) ) ;
#703 = CARTESIAN_POINT ( 'NONE',  ( 19.50000000000000000, -45.79999999999999716, -2.000000000000001776 ) ) ;
#704 = PLANE ( 'NONE',  #1882 ) ;
#705 = CARTESIAN_POINT ( 'NONE',  ( 0.000000000000000000, -45.79999999999999716, -11.90000000000000036 ) ) ;
#706 = EDGE_CURVE ( 'NONE', #1101, #2182, #1970, .T. ) ;
#707 = AXIS2_PLACEMENT_3D ( 'NONE', #440, #768, #424 ) ;
#708 = EDGE_CURVE ( 'NONE', #618, #1323, #525, .T. ) ;
#709 = ORIENTED_EDGE ( 'NONE', *, *, #2156, .F. ) ;
#710 = CIRCLE ( 'NONE', #1173, 12.19999999999999929 ) ;
#711 = LINE ( 'NONE', #1743, #40 ) ;
#712 = AXIS2_PLACEMENT_3D ( 'NONE', #1746, #1204, #1927 ) ;
#713 = ORIENTED_EDGE ( 'NONE', *, *, #404, .T. ) ;
#714 = DIRECTION ( 'NONE',  ( 0.000000000000000000, 0.000000000000000000, 1.000000000000000000 ) ) ;
#715 = EDGE_LOOP ( 'NONE', ( #1892, #29 ) ) ;
#716 = DIRECTION ( 'NONE',  ( 0.000000000000000000, 1.000000000000000000, -0.000000000000000000 ) ) ;
#717 = AXIS2_PLACEMENT_3D ( 'NONE', #1880, #812, #652 ) ;
#718 = FACE_BOUND ( 'NONE', #568, .T. ) ;
#719 = ORIENTED_EDGE ( 'NONE', *, *, #665, .F. ) ;
#720 = EDGE_CURVE ( 'NONE', #227, #1563, #485, .T. ) ;
#721 = VERTEX_POINT ( 'NONE', #65 ) ;
#722 = EDGE_CURVE ( 'NONE', #2159, #24, #755, .T. ) ;
#723 = DIRECTION ( 'NONE',  ( -1.000000000000000000, 0.000000000000000000, -0.000000000000000000 ) ) ;
#724 = ORIENTED_EDGE ( 'NONE', *, *, #973, .T. ) ;
#725 = LINE ( 'NONE', #536, #1065 ) ;
#726 = EDGE_CURVE ( 'NONE', #1338, #1013, #756, .T. ) ;
#727 = ORIENTED_EDGE ( 'NONE', *, *, #381, .F. ) ;
#728 = LINE ( 'NONE', #402, #1483 ) ;
#729 = VERTEX_POINT ( 'NONE', #1457 ) ;
#730 = CARTESIAN_POINT ( 'NONE',  ( 19.50000000000000000, -45.79999999999999716, -2.000000000000001776 ) ) ;
#731 = EDGE_CURVE ( 'NONE', #2117, #2074, #1981, .T. ) ;
#732 = CARTESIAN_POINT ( 'NONE',  ( 18.50000000000000355, -48.80000000000000426, -18.81190054693401237 ) ) ;
#733 = EDGE_CURVE ( 'NONE', #1503, #920, #1421, .T. ) ;
#734 = ORIENTED_EDGE ( 'NONE', *, *, #338, .F. ) ;
#735 = FACE_OUTER_BOUND ( 'NONE', #10, .T. ) ;
#736 = EDGE_CURVE ( 'NONE', #1323, #587, #1829, .T. ) ;
#737 = VERTEX_POINT ( 'NONE', #1112 ) ;
#738 = CARTESIAN_POINT ( 'NONE',  ( 0.000000000000000000, -50.00000000000000000, -8.500000000000000000 ) ) ;
#739 = VECTOR ( 'NONE', #2083, 1000.000000000000000 ) ;
#740 = FACE_OUTER_BOUND ( 'NONE', #1269, .T. ) ;
#741 = FACE_OUTER_BOUND ( 'NONE', #1469, .T. ) ;
#742 = DIRECTION ( 'NONE',  ( -1.000000000000000000, 0.000000000000000000, -0.000000000000000000 ) ) ;
#743 = VECTOR ( 'NONE', #1735, 1000.000000000000000 ) ;
#744 = VERTEX_POINT ( 'NONE', #262 ) ;
#745 = CONICAL_SURFACE ( 'NONE', #437, 3.149999999999999911, 0.7853981633974533860 ) ;
#746 = CARTESIAN_POINT ( 'NONE',  ( 20.69999999999999929, 28.83293040828256082, -2.000000000000001776 ) ) ;
#747 = PRESENTATION_LAYER_ASSIGNMENT (  '', '', ( #1780 ) ) ;
#748 = CARTESIAN_POINT ( 'NONE',  ( 18.50000000000000355, -48.80000000000000426, 0.000000000000000000 ) ) ;
#749 = LINE ( 'NONE', #1261, #541 ) ;
#750 = EDGE_LOOP ( 'NONE', ( #2108, #1980, #2112, #1860 ) ) ;
#751 = CARTESIAN_POINT ( 'NONE',  ( 0.000000000000000000, 41.00649942268735515, -19.89736842105263648 ) ) ;
#752 = PLANE ( 'NONE',  #1559 ) ;
#753 = VECTOR ( 'NONE', #346, 1000.000000000000000 ) ;
#754 = EDGE_LOOP ( 'NONE', ( #794, #905, #1474, #949, #1445, #1871 ) ) ;
#755 = LINE ( 'NONE', #1958, #1713 ) ;
#756 = CIRCLE ( 'NONE', #1868, 12.19999999999999929 ) ;
#757 = DIRECTION ( 'NONE',  ( -1.000000000000000000, 0.000000000000000000, 0.000000000000000000 ) ) ;
#758 = CARTESIAN_POINT ( 'NONE',  ( 0.09522524437790111373, -48.80000000000001137, -20.14816325814849307 ) ) ;
#759 = VERTEX_POINT ( 'NONE', #1292 ) ;
#760 = CARTESIAN_POINT ( 'NONE',  ( 2.000000000000000000, 28.83293040828256082, -8.500000000000000000 ) ) ;
#761 = ORIENTED_EDGE ( 'NONE', *, *, #1132, .T. ) ;
#762 = DIRECTION ( 'NONE',  ( -0.000000000000000000, -0.000000000000000000, 1.000000000000000000 ) ) ;
#763 = ORIENTED_EDGE ( 'NONE', *, *, #288, .F. ) ;
#764 = DIRECTION ( 'NONE',  ( -1.000000000000000000, 0.000000000000000000, 0.000000000000000000 ) ) ;
#765 = EDGE_CURVE ( 'NONE', #192, #34, #191, .T. ) ;
#766 =( NAMED_UNIT ( * ) PLANE_ANGLE_UNIT ( ) SI_UNIT ( $, .RADIAN. ) );
#767 = LINE ( 'NONE', #100, #1752 ) ;
#768 = DIRECTION ( 'NONE',  ( -1.000000000000000000, 0.000000000000000000, 0.000000000000000000 ) ) ;
#769 = EDGE_LOOP ( 'NONE', ( #970, #2167, #1721, #238 ) ) ;
#770 = CARTESIAN_POINT ( 'NONE',  ( 2.000000000000001776, -45.79999999999999716, -10.30000000000000426 ) ) ;
#771 = AXIS2_PLACEMENT_3D ( 'NONE', #1478, #818, #646 ) ;
#772 = ORIENTED_EDGE ( 'NONE', *, *, #1904, .F. ) ;
#773 = EDGE_CURVE ( 'NONE', #2020, #2074, #88, .T. ) ;
#774 = ADVANCED_FACE ( 'NONE', ( #1257, #1444, #1796 ), #275, .F. ) ;
#775 = LINE ( 'NONE', #96, #2088 ) ;
#776 = CIRCLE ( 'NONE', #2087, 1.599999999999986766 ) ;
#777 = CARTESIAN_POINT ( 'NONE',  ( 0.000000000000000000, -48.80000000000000426, -22.70000000000000639 ) ) ;
#778 = ORIENTED_EDGE ( 'NONE', *, *, #1203, .F. ) ;
#779 = VECTOR ( 'NONE', #1215, 1000.000000000000000 ) ;
#780 = CARTESIAN_POINT ( 'NONE',  ( 19.50000000000000000, 45.79999999999999716, -2.000000000000001776 ) ) ;
#781 = COLOUR_RGB ( '',0.7921568627450980005, 0.8196078431372548767, 0.9333333333333333481 ) ;
#782 = CARTESIAN_POINT ( 'NONE',  ( 18.81190054693401237, 28.83293040828256082, -20.69999999999999929 ) ) ;
#783 = CIRCLE ( 'NONE', #218, 1.600000000000000755 ) ;
#784 = ORIENTED_EDGE ( 'NONE', *, *, #773, .T. ) ;
#785 = CARTESIAN_POINT ( 'NONE',  ( 8.500000000000000000, -48.00000000000000000, -2.000000000000000000 ) ) ;
#786 = VERTEX_POINT ( 'NONE', #1124 ) ;
#787 = ORIENTED_EDGE ( 'NONE', *, *, #2022, .F. ) ;
#788 = DIRECTION ( 'NONE',  ( 0.000000000000000000, -0.000000000000000000, 1.000000000000000000 ) ) ;
#789 = EDGE_CURVE ( 'NONE', #198, #1462, #113, .T. ) ;
#790 = ORIENTED_EDGE ( 'NONE', *, *, #165, .F. ) ;
#791 = CONICAL_SURFACE ( 'NONE', #1497, 3.149999999999999911, 0.7853981633974482790 ) ;
#792 = EDGE_CURVE ( 'NONE', #1547, #467, #448, .T. ) ;
#793 = DIRECTION ( 'NONE',  ( 1.000000000000000000, 0.000000000000000000, 0.000000000000000000 ) ) ;
#794 = ORIENTED_EDGE ( 'NONE', *, *, #1392, .F. ) ;
#795 = AXIS2_PLACEMENT_3D ( 'NONE', #782, #1260, #598 ) ;
#796 = CARTESIAN_POINT ( 'NONE',  ( 8.500000000000000000, -28.83293040828256792, -2.000000000000000000 ) ) ;
#797 = DIRECTION ( 'NONE',  ( -1.000000000000000000, 0.000000000000000000, 0.000000000000000000 ) ) ;
#798 = VERTEX_POINT ( 'NONE', #1146 ) ;
#799 = ORIENTED_EDGE ( 'NONE', *, *, #82, .T. ) ;
#800 = DIRECTION ( 'NONE',  ( 1.000000000000000000, 0.000000000000000000, -1.421904488505579654E-16 ) ) ;
#801 = EDGE_LOOP ( 'NONE', ( #1616, #487, #1677, #787, #1328, #867 ) ) ;
#802 = EDGE_CURVE ( 'NONE', #514, #1388, #1933, .T. ) ;
#803 = ORIENTED_EDGE ( 'NONE', *, *, #1494, .F. ) ;
#804 = EDGE_CURVE ( 'NONE', #410, #721, #1831, .T. ) ;
#805 = FACE_OUTER_BOUND ( 'NONE', #1213, .T. ) ;
#806 = CYLINDRICAL_SURFACE ( 'NONE', #890, 1.599999999999997202 ) ;
#807 = EDGE_CURVE ( 'NONE', #604, #1964, #984, .T. ) ;
#808 = CARTESIAN_POINT ( 'NONE',  ( 2.000000000000001776, -44.00000000000000711, -22.70000000000000639 ) ) ;
#809 = VERTEX_POINT ( 'NONE', #2175 ) ;
#810 = DIRECTION ( 'NONE',  ( 0.000000000000000000, 0.000000000000000000, 1.000000000000000000 ) ) ;
#811 = EDGE_CURVE ( 'NONE', #1563, #798, #1875, .T. ) ;
#812 = DIRECTION ( 'NONE',  ( 0.000000000000000000, 0.000000000000000000, 1.000000000000000000 ) ) ;
#813 = ORIENTED_EDGE ( 'NONE', *, *, #186, .T. ) ;
#814 = AXIS2_PLACEMENT_3D ( 'NONE', #249, #1586, #1936 ) ;
#815 = DIRECTION ( 'NONE',  ( 0.000000000000000000, 0.000000000000000000, -1.000000000000000000 ) ) ;
#816 = DIRECTION ( 'NONE',  ( 0.000000000000000000, 0.000000000000000000, 1.000000000000000000 ) ) ;
#817 = LINE ( 'NONE', #1858, #301 ) ;
#818 = DIRECTION ( 'NONE',  ( 0.000000000000000000, 0.000000000000000000, 1.000000000000000000 ) ) ;
#819 = AXIS2_PLACEMENT_3D ( 'NONE', #882, #531, #1557 ) ;
#820 = CIRCLE ( 'NONE', #145, 1.599999999999986766 ) ;
#821 = EDGE_CURVE ( 'NONE', #2020, #103, #673, .T. ) ;
#822 = VERTEX_POINT ( 'NONE', #1996 ) ;
#823 = LINE ( 'NONE', #473, #1136 ) ;
#824 = ORIENTED_EDGE ( 'NONE', *, *, #615, .T. ) ;
#825 = VECTOR ( 'NONE', #1613, 1000.000000000000000 ) ;
#826 = DIRECTION ( 'NONE',  ( -1.000000000000000000, 0.000000000000000000, 0.000000000000000000 ) ) ;
#827 = EDGE_CURVE ( 'NONE', #1862, #1547, #527, .T. ) ;
#828 = DIRECTION ( 'NONE',  ( 1.000000000000000000, 0.000000000000000000, 0.000000000000000000 ) ) ;
#829 = CIRCLE ( 'NONE', #2179, 3.149999999999999911 ) ;
#830 = LINE ( 'NONE', #1486, #1315 ) ;
#831 = DIRECTION ( 'NONE',  ( 1.000000000000000000, -0.000000000000000000, -0.000000000000000000 ) ) ;
#832 = VERTEX_POINT ( 'NONE', #1865 ) ;
#833 = CARTESIAN_POINT ( 'NONE',  ( 17.90000000000001279, -45.79999999999999716, -1.549999999999995826 ) ) ;
#834 = ORIENTED_EDGE ( 'NONE', *, *, #352, .F. ) ;
#835 = FACE_OUTER_BOUND ( 'NONE', #471, .T. ) ;
#836 = DIRECTION ( 'NONE',  ( -1.000000000000000000, 0.000000000000000000, 0.000000000000000000 ) ) ;
#837 = EDGE_LOOP ( 'NONE', ( #883, #441, #784, #1527 ) ) ;
#838 = DIRECTION ( 'NONE',  ( 0.000000000000000000, 0.000000000000000000, 1.000000000000000000 ) ) ;
#839 = CARTESIAN_POINT ( 'NONE',  ( 22.70000000000000639, 48.80000000000000426, -18.81190054693401237 ) ) ;
#840 = ADVANCED_FACE ( 'NONE', ( #1518 ), #310, .T. ) ;
#841 = VERTEX_POINT ( 'NONE', #1687 ) ;
#842 = CARTESIAN_POINT ( 'NONE',  ( 2.000000000000001776, 48.80000000000000426, -18.50000000000000355 ) ) ;
#843 = ORIENTED_EDGE ( 'NONE', *, *, #1826, .F. ) ;
#844 = DIRECTION ( 'NONE',  ( -1.000000000000000000, -0.000000000000000000, -1.440760940173348857E-18 ) ) ;
#845 = CARTESIAN_POINT ( 'NONE',  ( 2.809483833338030309E-17, -45.79999999999999716, -19.50000000000000000 ) ) ;
#846 = ORIENTED_EDGE ( 'NONE', *, *, #1573, .F. ) ;
#847 = CIRCLE ( 'NONE', #1091, 1.599999999999997202 ) ;
#848 = DIRECTION ( 'NONE',  ( -1.000000000000000000, 0.000000000000000000, 0.000000000000000000 ) ) ;
#849 = LINE ( 'NONE', #1523, #261 ) ;
#850 = VECTOR ( 'NONE', #442, 1000.000000000000000 ) ;
#851 = VERTEX_POINT ( 'NONE', #1484 ) ;
#852 = EDGE_LOOP ( 'NONE', ( #1479, #1968, #2015, #803 ) ) ;
#853 = CARTESIAN_POINT ( 'NONE',  ( 18.81190054693401237, 48.80000000000000426, -22.70000000000000639 ) ) ;
#854 = VERTEX_POINT ( 'NONE', #654 ) ;
#855 = AXIS2_PLACEMENT_3D ( 'NONE', #159, #148, #828 ) ;
#856 = CARTESIAN_POINT ( 'NONE',  ( 1.000000000000000000, 48.00000000000000000, -1.000000000000000000 ) ) ;
#857 = VECTOR ( 'NONE', #2127, 1000.000000000000000 ) ;
#858 = PLANE ( 'NONE',  #2058 ) ;
#859 = CARTESIAN_POINT ( 'NONE',  ( 18.81190054693401237, 45.79999999999999716, -10.30000000000000426 ) ) ;
#860 = VECTOR ( 'NONE', #401, 1000.000000000000000 ) ;
#861 = VECTOR ( 'NONE', #664, 1000.000000000000000 ) ;
#862 = DIRECTION ( 'NONE',  ( 1.000000000000000000, 0.000000000000000000, -1.334402673828313093E-16 ) ) ;
#863 = CARTESIAN_POINT ( 'NONE',  ( 2.000000000000001776, 45.79999999999999716, -19.50000000000000000 ) ) ;
#864 = ORIENTED_EDGE ( 'NONE', *, *, #898, .F. ) ;
#865 = VECTOR ( 'NONE', #1306, 1000.000000000000000 ) ;
#866 = DIRECTION ( 'NONE',  ( 0.000000000000000000, -0.000000000000000000, 1.000000000000000000 ) ) ;
#867 = ORIENTED_EDGE ( 'NONE', *, *, #827, .F. ) ;
#868 = ORIENTED_EDGE ( 'NONE', *, *, #1971, .T. ) ;
#869 = CARTESIAN_POINT ( 'NONE',  ( 0.000000000000000000, -48.80000000000000426, -22.70000000000000639 ) ) ;
#870 = CARTESIAN_POINT ( 'NONE',  ( 19.89736842105263648, 41.00649942268735515, -18.81190054693401237 ) ) ;
#871 = ORIENTED_EDGE ( 'NONE', *, *, #1971, .F. ) ;
#872 = CARTESIAN_POINT ( 'NONE',  ( 18.81190054693401237, -44.00000000000000711, -19.70000000000000639 ) ) ;
#873 = EDGE_CURVE ( 'NONE', #937, #1109, #710, .T. ) ;
#874 = CARTESIAN_POINT ( 'NONE',  ( 18.50000000000000355, -50.00000000000000000, 0.000000000000000000 ) ) ;
#875 = VERTEX_POINT ( 'NONE', #1333 ) ;
#876 = ORIENTED_EDGE ( 'NONE', *, *, #1004, .F. ) ;
#877 = DIRECTION ( 'NONE',  ( -0.000000000000000000, -1.000000000000000000, -0.000000000000000000 ) ) ;
#878 = VERTEX_POINT ( 'NONE', #498 ) ;
#879 = DIRECTION ( 'NONE',  ( 0.000000000000000000, 0.000000000000000000, -1.000000000000000000 ) ) ;
#880 = AXIS2_PLACEMENT_3D ( 'NONE', #242, #578, #1949 ) ;
#881 = LINE ( 'NONE', #1703, #1068 ) ;
#882 = CARTESIAN_POINT ( 'NONE',  ( 2.000000000000001776, -44.00000000000000711, -19.70000000000000639 ) ) ;
#883 = ORIENTED_EDGE ( 'NONE', *, *, #111, .F. ) ;
#884 = ADVANCED_FACE ( 'NONE', ( #2009 ), #1454, .F. ) ;
#885 = VECTOR ( 'NONE', #691, 1000.000000000000000 ) ;
#886 = FACE_OUTER_BOUND ( 'NONE', #1187, .T. ) ;
#887 = ORIENTED_EDGE ( 'NONE', *, *, #1816, .F. ) ;
#888 = AXIS2_PLACEMENT_3D ( 'NONE', #1026, #2047, #788 ) ;
#889 = ORIENTED_EDGE ( 'NONE', *, *, #2156, .T. ) ;
#890 = AXIS2_PLACEMENT_3D ( 'NONE', #1476, #1293, #1972 ) ;
#891 = FACE_OUTER_BOUND ( 'NONE', #1835, .T. ) ;
#892 = ADVANCED_FACE ( 'NONE', ( #805 ), #1191, .F. ) ;
#893 = CIRCLE ( 'NONE', #1995, 1.599999999999997202 ) ;
#894 = CARTESIAN_POINT ( 'NONE',  ( 2.355644137183425508E-17, -45.79999999999999716, -16.35000000000000142 ) ) ;
#895 = CARTESIAN_POINT ( 'NONE',  ( 1.550000000000002709, -45.79999999999999716, -19.50000000000000000 ) ) ;
#896 = DIRECTION ( 'NONE',  ( 1.000000000000000000, -0.000000000000000000, -0.000000000000000000 ) ) ;
#897 = CIRCLE ( 'NONE', #117, 1.000000000000000000 ) ;
#898 = EDGE_CURVE ( 'NONE', #1593, #1848, #1841, .T. ) ;
#899 = LINE ( 'NONE', #550, #1072 ) ;
#900 = VECTOR ( 'NONE', #466, 1000.000000000000000 ) ;
#901 = VECTOR ( 'NONE', #940, 1000.000000000000000 ) ;
#902 = ORIENTED_EDGE ( 'NONE', *, *, #1753, .T. ) ;
#903 = ADVANCED_FACE ( 'NONE', ( #1662 ), #1733, .F. ) ;
#904 = DIRECTION ( 'NONE',  ( -1.000000000000000000, 0.000000000000000000, 0.000000000000000000 ) ) ;
#905 = ORIENTED_EDGE ( 'NONE', *, *, #245, .F. ) ;
#906 = DIRECTION ( 'NONE',  ( -1.000000000000000000, 0.000000000000000000, 0.000000000000000000 ) ) ;
#907 = ADVANCED_FACE ( 'NONE', ( #334 ), #1006, .F. ) ;
#908 = LINE ( 'NONE', #547, #1423 ) ;
#909 = DIRECTION ( 'NONE',  ( 0.000000000000000000, 0.000000000000000000, 1.000000000000000000 ) ) ;
#910 = ORIENTED_EDGE ( 'NONE', *, *, #213, .F. ) ;
#911 = CARTESIAN_POINT ( 'NONE',  ( 18.50000000000000355, 48.80000000000000426, -2.000000000000001776 ) ) ;
#912 = DIRECTION ( 'NONE',  ( 1.000000000000000000, 0.000000000000000000, 0.000000000000000000 ) ) ;
#913 = ORIENTED_EDGE ( 'NONE', *, *, #936, .F. ) ;
#914 = PLANE ( 'NONE',  #2131 ) ;
#915 = VERTEX_POINT ( 'NONE', #2196 ) ;
#916 = DIRECTION ( 'NONE',  ( 1.927470528863118802E-16, -1.000000000000000000, 0.000000000000000000 ) ) ;
#917 = ORIENTED_EDGE ( 'NONE', *, *, #1121, .F. ) ;
#918 = CARTESIAN_POINT ( 'NONE',  ( 2.000000000000001776, -48.80000000000000426, -22.70000000000000639 ) ) ;
#919 = DIRECTION ( 'NONE',  ( -1.000000000000000000, -0.000000000000000000, -1.440760940173348857E-18 ) ) ;
#920 = VERTEX_POINT ( 'NONE', #2028 ) ;
#921 = EDGE_LOOP ( 'NONE', ( #484, #453, #125, #1954 ) ) ;
#922 = DIRECTION ( 'NONE',  ( 0.000000000000000000, 1.000000000000000000, 0.000000000000000000 ) ) ;
#923 = CARTESIAN_POINT ( 'NONE',  ( 8.500000000000000000, -50.00000000000000000, 0.000000000000000000 ) ) ;
#924 = AXIS2_PLACEMENT_3D ( 'NONE', #989, #506, #163 ) ;
#925 = CIRCLE ( 'NONE', #2172, 12.19999999999999929 ) ;
#926 = CARTESIAN_POINT ( 'NONE',  ( 22.70000000000000639, 48.80000000000000426, 0.000000000000000000 ) ) ;
#927 = CIRCLE ( 'NONE', #1487, 3.149999999999999911 ) ;
#928 = ORIENTED_EDGE ( 'NONE', *, *, #325, .T. ) ;
#929 = EDGE_LOOP ( 'NONE', ( #114, #763, #374, #1568 ) ) ;
#930 = LINE ( 'NONE', #1974, #17 ) ;
#931 = CARTESIAN_POINT ( 'NONE',  ( 2.809483833338030309E-17, 45.79999999999999716, -19.50000000000000000 ) ) ;
#932 = ORIENTED_EDGE ( 'NONE', *, *, #1369, .T. ) ;
#933 = DIRECTION ( 'NONE',  ( -1.000000000000000000, 0.000000000000000000, 0.000000000000000000 ) ) ;
#934 = CIRCLE ( 'NONE', #1110, 2.999999999999999112 ) ;
#935 = DIRECTION ( 'NONE',  ( -1.000000000000000000, 0.000000000000000000, 0.000000000000000000 ) ) ;
#936 = EDGE_CURVE ( 'NONE', #2048, #1101, #512, .T. ) ;
#937 = VERTEX_POINT ( 'NONE', #1370 ) ;
#938 = CARTESIAN_POINT ( 'NONE',  ( 8.500000000000000000, 49.00000000000000000, -1.000000000000000000 ) ) ;
#939 = CARTESIAN_POINT ( 'NONE',  ( 22.70000000000000639, 48.80000000000000426, 0.000000000000000000 ) ) ;
#940 = DIRECTION ( 'NONE',  ( -1.000000000000000000, 0.000000000000000000, 0.000000000000000000 ) ) ;
#941 = DIRECTION ( 'NONE',  ( 0.000000000000000000, 0.000000000000000000, 1.000000000000000000 ) ) ;
#942 = EDGE_CURVE ( 'NONE', #34, #393, #553, .T. ) ;
#943 = ORIENTED_EDGE ( 'NONE', *, *, #6, .F. ) ;
#944 = CARTESIAN_POINT ( 'NONE',  ( 2.000000000000001776, -45.79999999999999716, -11.90000000000000036 ) ) ;
#945 = ORIENTED_EDGE ( 'NONE', *, *, #2140, .F. ) ;
#946 = CARTESIAN_POINT ( 'NONE',  ( 2.000000000000000000, -28.83293040828256792, -8.500000000000000000 ) ) ;
#947 = ORIENTED_EDGE ( 'NONE', *, *, #272, .F. ) ;
#948 = CARTESIAN_POINT ( 'NONE',  ( 1.224646799147346644E-17, 48.00000000000000000, -8.500000000000000000 ) ) ;
#949 = ORIENTED_EDGE ( 'NONE', *, *, #736, .T. ) ;
#950 = DIRECTION ( 'NONE',  ( -0.000000000000000000, -1.000000000000000000, -0.000000000000000000 ) ) ;
#951 = CYLINDRICAL_SURFACE ( 'NONE', #1354, 1.000000000000000000 ) ;
#952 = CARTESIAN_POINT ( 'NONE',  ( 8.500000000000000000, -50.00000000000000000, -18.81190054693401237 ) ) ;
#953 = ORIENTED_EDGE ( 'NONE', *, *, #1913, .F. ) ;
#954 = CARTESIAN_POINT ( 'NONE',  ( 19.50000000000000000, 45.79999999999999716, 1.734723475976807883E-15 ) ) ;
#955 = EDGE_CURVE ( 'NONE', #2055, #1462, #383, .T. ) ;
#956 = ADVANCED_FACE ( 'NONE', ( #2084 ), #1389, .T. ) ;
#957 = ORIENTED_EDGE ( 'NONE', *, *, #381, .T. ) ;
#958 = ORIENTED_EDGE ( 'NONE', *, *, #1668, .F. ) ;
#959 = DIRECTION ( 'NONE',  ( 1.000000000000000000, 0.000000000000000000, -1.334402673828313093E-16 ) ) ;
#960 = ORIENTED_EDGE ( 'NONE', *, *, #2024, .T. ) ;
#961 = CARTESIAN_POINT ( 'NONE',  ( 18.81190054693401237, -50.00000000000000000, -8.500000000000000000 ) ) ;
#962 = AXIS2_PLACEMENT_3D ( 'NONE', #1533, #1245, #53 ) ;
#963 = CARTESIAN_POINT ( 'NONE',  ( 21.10000000000000142, 45.79999999999999716, -2.000000000000001776 ) ) ;
#964 =( GEOMETRIC_REPRESENTATION_CONTEXT ( 3 ) GLOBAL_UNCERTAINTY_ASSIGNED_CONTEXT ( ( #535 ) ) GLOBAL_UNIT_ASSIGNED_CONTEXT ( ( #1305, #766, #468 ) ) REPRESENTATION_CONTEXT ( 'NONE', 'WORKASPACE' ) );
#965 = LINE ( 'NONE', #1283, #972 ) ;
#966 = CARTESIAN_POINT ( 'NONE',  ( 18.50000000000000355, 50.00000000000000000, -2.000000000000001776 ) ) ;
#967 = EDGE_CURVE ( 'NONE', #1648, #1330, #1730, .T. ) ;
#968 = VERTEX_POINT ( 'NONE', #1881 ) ;
#969 = LINE ( 'NONE', #1814, #1061 ) ;
#970 = ORIENTED_EDGE ( 'NONE', *, *, #2195, .F. ) ;
#971 = EDGE_CURVE ( 'NONE', #198, #744, #211, .T. ) ;
#972 = VECTOR ( 'NONE', #1962, 1000.000000000000000 ) ;
#973 = EDGE_CURVE ( 'NONE', #1848, #1647, #701, .T. ) ;
#974 = ORIENTED_EDGE ( 'NONE', *, *, #1284, .F. ) ;
#975 = DIRECTION ( 'NONE',  ( -1.440760940173349434E-18, 0.000000000000000000, 1.000000000000000000 ) ) ;
#976 = VECTOR ( 'NONE', #1905, 1000.000000000000000 ) ;
#977 = FILL_AREA_STYLE ('',( #1282 ) ) ;
#978 = CARTESIAN_POINT ( 'NONE',  ( 20.15178197194753551, 48.79999999999999716, -0.09412185990005804415 ) ) ;
#979 = CARTESIAN_POINT ( 'NONE',  ( 22.70000000000000639, 44.00000000000000711, 0.000000000000000000 ) ) ;
#980 = EDGE_CURVE ( 'NONE', #221, #2154, #1379, .T. ) ;
#981 = ORIENTED_EDGE ( 'NONE', *, *, #821, .T. ) ;
#982 = CARTESIAN_POINT ( 'NONE',  ( 2.000000000000001776, 41.00649942268735515, -19.89736842105263648 ) ) ;
#983 = EDGE_LOOP ( 'NONE', ( #538, #2034, #1558, #2139 ) ) ;
#984 = LINE ( 'NONE', #1498, #681 ) ;
#985 = EDGE_CURVE ( 'NONE', #1599, #2104, #711, .T. ) ;
#986 = LINE ( 'NONE', #491, #2029 ) ;
#987 = DIRECTION ( 'NONE',  ( -1.000000000000000000, 0.000000000000000000, 0.000000000000000000 ) ) ;
#988 = VERTEX_POINT ( 'NONE', #543 ) ;
#989 = CARTESIAN_POINT ( 'NONE',  ( 18.81190054693401237, 45.79999999999999716, -11.90000000000000036 ) ) ;
#990 = ORIENTED_EDGE ( 'NONE', *, *, #1924, .T. ) ;
#991 = PLANE ( 'NONE',  #1218 ) ;
#992 = AXIS2_PLACEMENT_3D ( 'NONE', #1210, #1043, #1231 ) ;
#993 = CARTESIAN_POINT ( 'NONE',  ( 8.500000000000000000, -50.00000000000000000, 0.000000000000000000 ) ) ;
#994 = LINE ( 'NONE', #656, #399 ) ;
#995 = CARTESIAN_POINT ( 'NONE',  ( 18.85125151976158620, 48.80000000000001137, -0.09504680391372442860 ) ) ;
#996 = DIRECTION ( 'NONE',  ( -1.000000000000000000, 0.000000000000000000, -0.000000000000000000 ) ) ;
#997 = AXIS2_PLACEMENT_3D ( 'NONE', #2072, #2035, #521 ) ;
#998 = CIRCLE ( 'NONE', #332, 12.19999999999999929 ) ;
#999 = VERTEX_POINT ( 'NONE', #368 ) ;
#1000 = CARTESIAN_POINT ( 'NONE',  ( 22.70000000000000639, -48.80000000000000426, -18.81190054693401237 ) ) ;
#1001 = ORIENTED_EDGE ( 'NONE', *, *, #1004, .T. ) ;
#1002 = VECTOR ( 'NONE', #500, 1000.000000000000000 ) ;
#1003 = DIRECTION ( 'NONE',  ( 0.000000000000000000, 0.000000000000000000, 1.000000000000000000 ) ) ;
#1004 = EDGE_CURVE ( 'NONE', #744, #451, #1574, .T. ) ;
#1005 = ADVANCED_FACE ( 'NONE', ( #891 ), #1405, .F. ) ;
#1006 = PLANE ( 'NONE',  #1098 ) ;
#1007 = VECTOR ( 'NONE', #364, 1000.000000000000000 ) ;
#1008 = DIRECTION ( 'NONE',  ( -1.000000000000000000, 0.000000000000000000, 0.000000000000000000 ) ) ;
#1009 = CARTESIAN_POINT ( 'NONE',  ( 18.81190054693401237, -45.79999999999999716, -17.89999999999999858 ) ) ;
#1010 = ADVANCED_FACE ( 'NONE', ( #375 ), #858, .T. ) ;
#1011 = ORIENTED_EDGE ( 'NONE', *, *, #565, .T. ) ;
#1012 = PLANE ( 'NONE',  #395 ) ;
#1013 = VERTEX_POINT ( 'NONE', #1396 ) ;
#1014 = ADVANCED_FACE ( 'NONE', ( #1200 ), #1046, .F. ) ;
#1015 = DIRECTION ( 'NONE',  ( -0.7071067811865474617, 0.000000000000000000, 0.7071067811865474617 ) ) ;
#1016 = CARTESIAN_POINT ( 'NONE',  ( 2.000000000000001776, -41.00000000000000000, -8.500000000000000000 ) ) ;
#1017 = DIRECTION ( 'NONE',  ( 1.927470528863118802E-16, -1.000000000000000000, 0.000000000000000000 ) ) ;
#1018 = DIRECTION ( 'NONE',  ( -1.000000000000000000, -0.000000000000000000, -0.000000000000000000 ) ) ;
#1019 = EDGE_LOOP ( 'NONE', ( #382, #184, #1682, #426, #1246, #1493, #87, #596, #1143, #1419, #1764, #709, #343, #1235, #108, #648, #83, #494, #296, #1795, #864, #2120, #27, #910, #2013, #778 ) ) ;
#1020 = ORIENTED_EDGE ( 'NONE', *, *, #1420, .T. ) ;
#1021 = CARTESIAN_POINT ( 'NONE',  ( 2.000000000000001776, 28.83293040828256082, -20.69999999999999929 ) ) ;
#1022 = ORIENTED_EDGE ( 'NONE', *, *, #1552, .T. ) ;
#1023 = EDGE_CURVE ( 'NONE', #650, #2101, #2076, .T. ) ;
#1024 = CARTESIAN_POINT ( 'NONE',  ( 18.50000000000000355, 48.80000000000000426, 0.000000000000000000 ) ) ;
#1025 = ADVANCED_FACE ( 'NONE', ( #1550 ), #745, .F. ) ;
#1026 = CARTESIAN_POINT ( 'NONE',  ( 8.500000000000000000, 50.00000000000000000, -18.81190054693401237 ) ) ;
#1027 = CIRCLE ( 'NONE', #62, 3.149999999999999911 ) ;
#1028 = ORIENTED_EDGE ( 'NONE', *, *, #526, .T. ) ;
#1029 = VECTOR ( 'NONE', #1073, 1000.000000000000000 ) ;
#1030 = CARTESIAN_POINT ( 'NONE',  ( 22.70000000000000639, -48.80000000000000426, 0.000000000000000000 ) ) ;
#1031 = DIRECTION ( 'NONE',  ( 0.000000000000000000, 0.000000000000000000, 1.000000000000000000 ) ) ;
#1032 = LINE ( 'NONE', #1538, #2170 ) ;
#1033 = ORIENTED_EDGE ( 'NONE', *, *, #1986, .T. ) ;
#1034 = AXIS2_PLACEMENT_3D ( 'NONE', #1341, #2184, #815 ) ;
#1035 = EDGE_CURVE ( 'NONE', #1705, #623, #1064, .T. ) ;
#1036 = DIRECTION ( 'NONE',  ( -1.440760940173349434E-18, 0.000000000000000000, 1.000000000000000000 ) ) ;
#1037 = AXIS2_PLACEMENT_3D ( 'NONE', #1156, #170, #2010 ) ;
#1038 = ORIENTED_EDGE ( 'NONE', *, *, #1279, .F. ) ;
#1039 = DIRECTION ( 'NONE',  ( 0.000000000000000000, 0.000000000000000000, -1.000000000000000000 ) ) ;
#1040 = DIRECTION ( 'NONE',  ( 1.000000000000000000, 0.000000000000000000, 0.000000000000000000 ) ) ;
#1041 = EDGE_LOOP ( 'NONE', ( #945, #1671, #555, #1082 ) ) ;
#1042 = LINE ( 'NONE', #1692, #743 ) ;
#1043 = DIRECTION ( 'NONE',  ( -1.000000000000000000, -0.000000000000000000, -1.440760940173348857E-18 ) ) ;
#1044 = ADVANCED_FACE ( 'NONE', ( #193 ), #358, .T. ) ;
#1045 = ORIENTED_EDGE ( 'NONE', *, *, #325, .F. ) ;
#1046 = CYLINDRICAL_SURFACE ( 'NONE', #1313, 1.599999999999997202 ) ;
#1047 = DIRECTION ( 'NONE',  ( -1.000000000000000000, 0.000000000000000000, 0.000000000000000000 ) ) ;
#1048 = ADVANCED_FACE ( 'NONE', ( #1429, #1969, #1111, #1441, #63 ), #752, .F. ) ;
#1049 = ORIENTED_EDGE ( 'NONE', *, *, #898, .T. ) ;
#1050 = DIRECTION ( 'NONE',  ( 1.000000000000000000, 0.000000000000000000, 0.000000000000000000 ) ) ;
#1051 = ADVANCED_FACE ( 'NONE', ( #630 ), #914, .T. ) ;
#1052 = DIRECTION ( 'NONE',  ( 0.000000000000000000, 0.000000000000000000, 1.000000000000000000 ) ) ;
#1053 = ORIENTED_EDGE ( 'NONE', *, *, #1997, .F. ) ;
#1054 = CARTESIAN_POINT ( 'NONE',  ( 18.81190054693401237, -48.80000000000000426, -18.50000000000000355 ) ) ;
#1055 = ORIENTED_EDGE ( 'NONE', *, *, #1251, .T. ) ;
#1056 = CARTESIAN_POINT ( 'NONE',  ( 0.000000000000000000, -28.83293040828256082, -20.69999999999999929 ) ) ;
#1057 = CIRCLE ( 'NONE', #320, 2.999999999999999112 ) ;
#1058 = DIRECTION ( 'NONE',  ( 0.000000000000000000, 0.000000000000000000, -1.000000000000000000 ) ) ;
#1059 = CARTESIAN_POINT ( 'NONE',  ( 0.1363818196067333177, -48.79999999999999005, -19.17271791497531197 ) ) ;
#1060 = EDGE_LOOP ( 'NONE', ( #2062, #2116 ) ) ;
#1061 = VECTOR ( 'NONE', #1492, 1000.000000000000000 ) ;
#1062 = DIRECTION ( 'NONE',  ( 1.000000000000000000, -0.000000000000000000, -0.000000000000000000 ) ) ;
#1063 = VECTOR ( 'NONE', #816, 1000.000000000000000 ) ;
#1064 = LINE ( 'NONE', #732, #1914 ) ;
#1065 = VECTOR ( 'NONE', #1759, 1000.000000000000000 ) ;
#1066 = ORIENTED_EDGE ( 'NONE', *, *, #1603, .T. ) ;
#1067 = CARTESIAN_POINT ( 'NONE',  ( 2.000000000000001776, 50.00000000000000000, -8.500000000000000000 ) ) ;
#1068 = VECTOR ( 'NONE', #862, 1000.000000000000000 ) ;
#1069 = ORIENTED_EDGE ( 'NONE', *, *, #789, .T. ) ;
#1070 = DIRECTION ( 'NONE',  ( -1.334402673828313093E-16, 0.000000000000000000, -1.000000000000000000 ) ) ;
#1071 = ORIENTED_EDGE ( 'NONE', *, *, #265, .T. ) ;
#1072 = VECTOR ( 'NONE', #699, 1000.000000000000000 ) ;
#1073 = DIRECTION ( 'NONE',  ( 0.000000000000000000, -1.000000000000000000, 0.000000000000000000 ) ) ;
#1074 = DIRECTION ( 'NONE',  ( 0.000000000000000000, 0.000000000000000000, 1.000000000000000000 ) ) ;
#1075 = VECTOR ( 'NONE', #1786, 1000.000000000000000 ) ;
#1076 = ORIENTED_EDGE ( 'NONE', *, *, #2030, .T. ) ;
#1077 = CARTESIAN_POINT ( 'NONE',  ( 11.90000000000000036, 45.79999999999999716, -18.81190054693401237 ) ) ;
#1078 = ORIENTED_EDGE ( 'NONE', *, *, #345, .T. ) ;
#1079 = CARTESIAN_POINT ( 'NONE',  ( 8.500000000000000000, -50.00000000000000000, 0.000000000000000000 ) ) ;
#1080 = CARTESIAN_POINT ( 'NONE',  ( 1.000000000000000000, 49.00000000000000000, -8.500000000000000000 ) ) ;
#1081 = CARTESIAN_POINT ( 'NONE',  ( 0.1498910527627997924, -48.80000000000000426, -19.33602541092085403 ) ) ;
#1082 = ORIENTED_EDGE ( 'NONE', *, *, #147, .F. ) ;
#1083 = DIRECTION ( 'NONE',  ( -0.000000000000000000, -0.000000000000000000, 1.000000000000000000 ) ) ;
#1084 = CARTESIAN_POINT ( 'NONE',  ( 2.000000000000000000, 48.00000000000000000, -1.999999999999999112 ) ) ;
#1085 = VERTEX_POINT ( 'NONE', #273 ) ;
#1086 = CARTESIAN_POINT ( 'NONE',  ( 11.90000000000000036, -45.79999999999999716, -2.000000000000001776 ) ) ;
#1087 = ORIENTED_EDGE ( 'NONE', *, *, #2111, .F. ) ;
#1088 = DIRECTION ( 'NONE',  ( -0.000000000000000000, -0.000000000000000000, 1.000000000000000000 ) ) ;
#1089 = DIRECTION ( 'NONE',  ( 1.000000000000000000, 0.000000000000000000, -0.000000000000000000 ) ) ;
#1090 = CARTESIAN_POINT ( 'NONE',  ( 2.000000000000001776, 45.79999999999999716, -11.90000000000000036 ) ) ;
#1091 = AXIS2_PLACEMENT_3D ( 'NONE', #705, #1062, #1570 ) ;
#1092 = ORIENTED_EDGE ( 'NONE', *, *, #6, .T. ) ;
#1093 = CARTESIAN_POINT ( 'NONE',  ( 0.000000000000000000, 48.80000000000000426, -18.53953136438508054 ) ) ;
#1094 = APPLICATION_CONTEXT ( 'automotive_design' ) ;
#1095 = CARTESIAN_POINT ( 'NONE',  ( 11.90000000000000036, 45.79999999999999716, 0.000000000000000000 ) ) ;
#1096 = CIRCLE ( 'NONE', #1412, 12.19999999999999929 ) ;
#1097 = EDGE_LOOP ( 'NONE', ( #1917, #1033, #1990, #457 ) ) ;
#1098 = AXIS2_PLACEMENT_3D ( 'NONE', #1356, #1676, #1507 ) ;
#1099 = CARTESIAN_POINT ( 'NONE',  ( 17.89999999999999858, 45.79999999999999716, -18.81190054693401237 ) ) ;
#1100 = VECTOR ( 'NONE', #2176, 1000.000000000000000 ) ;
#1101 = VERTEX_POINT ( 'NONE', #1793 ) ;
#1102 = ADVANCED_FACE ( 'NONE', ( #1758 ), #1766, .F. ) ;
#1103 = ADVANCED_FACE ( 'NONE', ( #1597 ), #419, .T. ) ;
#1104 = DIRECTION ( 'NONE',  ( 1.000000000000000000, 0.000000000000000000, 0.000000000000000000 ) ) ;
#1105 = DIRECTION ( 'NONE',  ( -1.440760940173348857E-18, 0.000000000000000000, 1.000000000000000000 ) ) ;
#1106 = CARTESIAN_POINT ( 'NONE',  ( 0.000000000000000000, -48.00000000000000000, -8.500000000000000000 ) ) ;
#1107 = ORIENTED_EDGE ( 'NONE', *, *, #322, .F. ) ;
#1108 = LINE ( 'NONE', #785, #212 ) ;
#1109 = VERTEX_POINT ( 'NONE', #946 ) ;
#1110 = AXIS2_PLACEMENT_3D ( 'NONE', #1335, #2019, #1361 ) ;
#1111 = FACE_BOUND ( 'NONE', #715, .T. ) ;
#1112 = CARTESIAN_POINT ( 'NONE',  ( 22.70000000000000639, -44.00000000000000711, -2.000000000000005329 ) ) ;
#1113 = EDGE_CURVE ( 'NONE', #50, #103, #1618, .T. ) ;
#1114 = EDGE_CURVE ( 'NONE', #2148, #1593, #603, .T. ) ;
#1115 = DIRECTION ( 'NONE',  ( -1.000000000000000000, -0.000000000000000000, -1.440760940173348857E-18 ) ) ;
#1116 = DIRECTION ( 'NONE',  ( 0.000000000000000000, 0.000000000000000000, 1.000000000000000000 ) ) ;
#1117 = ORIENTED_EDGE ( 'NONE', *, *, #708, .T. ) ;
#1118 = ORIENTED_EDGE ( 'NONE', *, *, #1266, .F. ) ;
#1119 = LINE ( 'NONE', #581, #2130 ) ;
#1120 = ORIENTED_EDGE ( 'NONE', *, *, #1194, .T. ) ;
#1121 = EDGE_CURVE ( 'NONE', #968, #393, #775, .T. ) ;
#1122 = CARTESIAN_POINT ( 'NONE',  ( 2.000000000000000000, -48.00000000000000000, -1.999999999999999112 ) ) ;
#1123 = ORIENTED_EDGE ( 'NONE', *, *, #1726, .F. ) ;
#1124 = CARTESIAN_POINT ( 'NONE',  ( 21.10000000000000142, -45.79999999999999716, -2.000000000000001776 ) ) ;
#1125 = ORIENTED_EDGE ( 'NONE', *, *, #2030, .F. ) ;
#1126 = EDGE_CURVE ( 'NONE', #46, #271, #1779, .T. ) ;
#1127 = LINE ( 'NONE', #302, #256 ) ;
#1128 = CARTESIAN_POINT ( 'NONE',  ( 0.000000000000000000, 48.80000000000000426, -22.70000000000000639 ) ) ;
#1129 = ADVANCED_FACE ( 'NONE', ( #619 ), #582, .F. ) ;
#1130 = ORIENTED_EDGE ( 'NONE', *, *, #722, .F. ) ;
#1131 = DIRECTION ( 'NONE',  ( -0.000000000000000000, -0.000000000000000000, -1.000000000000000000 ) ) ;
#1132 = EDGE_CURVE ( 'NONE', #1647, #274, #1418, .T. ) ;
#1133 = CIRCLE ( 'NONE', #1770, 1.600000000000000755 ) ;
#1134 = DIRECTION ( 'NONE',  ( 1.000000000000000000, 0.000000000000000000, 0.000000000000000000 ) ) ;
#1135 = ORIENTED_EDGE ( 'NONE', *, *, #1327, .F. ) ;
#1136 = VECTOR ( 'NONE', #1639, 1000.000000000000000 ) ;
#1137 = CARTESIAN_POINT ( 'NONE',  ( 8.500000000000000000, 28.83293040828256082, 0.000000000000000000 ) ) ;
#1138 = EDGE_LOOP ( 'NONE', ( #42, #1378, #889, #1953 ) ) ;
#1139 = VECTOR ( 'NONE', #742, 1000.000000000000000 ) ;
#1140 = LINE ( 'NONE', #89, #2174 ) ;
#1141 = VECTOR ( 'NONE', #1700, 1000.000000000000000 ) ;
#1142 = DIRECTION ( 'NONE',  ( 0.000000000000000000, 0.000000000000000000, 1.000000000000000000 ) ) ;
#1143 = ORIENTED_EDGE ( 'NONE', *, *, #1232, .T. ) ;
#1144 = CARTESIAN_POINT ( 'NONE',  ( 20.69999999999999929, -28.83293040828256082, -2.000000000000001776 ) ) ;
#1145 = VERTEX_POINT ( 'NONE', #1255 ) ;
#1146 = CARTESIAN_POINT ( 'NONE',  ( 10.30000000000000426, -45.79999999999999716, 0.000000000000000000 ) ) ;
#1147 = DIRECTION ( 'NONE',  ( -1.000000000000000000, 0.000000000000000000, 0.000000000000000000 ) ) ;
#1148 = PLANE ( 'NONE',  #1248 ) ;
#1149 = LINE ( 'NONE', #966, #1446 ) ;
#1150 = ORIENTED_EDGE ( 'NONE', *, *, #386, .T. ) ;
#1151 = FACE_OUTER_BOUND ( 'NONE', #1349, .T. ) ;
#1152 = ORIENTED_EDGE ( 'NONE', *, *, #107, .F. ) ;
#1153 = FACE_OUTER_BOUND ( 'NONE', #1588, .T. ) ;
#1154 = ORIENTED_EDGE ( 'NONE', *, *, #415, .T. ) ;
#1155 = DIRECTION ( 'NONE',  ( 1.000000000000000000, 0.000000000000000000, 0.000000000000000000 ) ) ;
#1156 = CARTESIAN_POINT ( 'NONE',  ( 2.000000000000001776, -45.79999999999999716, -19.50000000000000000 ) ) ;
#1157 = FACE_OUTER_BOUND ( 'NONE', #852, .T. ) ;
#1158 = FACE_BOUND ( 'NONE', #347, .T. ) ;
#1159 = VERTEX_POINT ( 'NONE', #1084 ) ;
#1160 = CARTESIAN_POINT ( 'NONE',  ( 0.04702576145419710280, 48.80000000000000426, -18.69375935589659576 ) ) ;
#1161 = EDGE_CURVE ( 'NONE', #1877, #968, #284, .T. ) ;
#1162 = ORIENTED_EDGE ( 'NONE', *, *, #1363, .T. ) ;
#1163 = EDGE_CURVE ( 'NONE', #1809, #832, #2107, .T. ) ;
#1164 = DIRECTION ( 'NONE',  ( 1.000000000000000000, 0.000000000000000000, 0.000000000000000000 ) ) ;
#1165 = AXIS2_PLACEMENT_3D ( 'NONE', #1569, #1070, #58 ) ;
#1166 = CARTESIAN_POINT ( 'NONE',  ( 19.50000000000000000, -45.79999999999999716, 1.734723475976807883E-15 ) ) ;
#1167 = VECTOR ( 'NONE', #649, 1000.000000000000000 ) ;
#1168 = EDGE_CURVE ( 'NONE', #2008, #92, #367, .T. ) ;
#1169 = DIRECTION ( 'NONE',  ( 0.000000000000000000, 0.000000000000000000, -1.000000000000000000 ) ) ;
#1170 = EDGE_CURVE ( 'NONE', #1967, #2101, #925, .T. ) ;
#1171 = DIRECTION ( 'NONE',  ( 0.000000000000000000, 1.000000000000000000, 0.000000000000000000 ) ) ;
#1172 = CARTESIAN_POINT ( 'NONE',  ( 0.000000000000000000, 48.00000000000000000, 0.000000000000000000 ) ) ;
#1173 = AXIS2_PLACEMENT_3D ( 'NONE', #475, #836, #1324 ) ;
#1174 = VECTOR ( 'NONE', #116, 1000.000000000000000 ) ;
#1175 = ORIENTED_EDGE ( 'NONE', *, *, #488, .T. ) ;
#1176 = DIRECTION ( 'NONE',  ( 1.000000000000000000, 0.000000000000000000, -1.334402673828313093E-16 ) ) ;
#1177 = EDGE_LOOP ( 'NONE', ( #1910, #309, #2200, #2004 ) ) ;
#1178 = DIRECTION ( 'NONE',  ( -1.000000000000000000, 0.000000000000000000, 0.000000000000000000 ) ) ;
#1179 = DIRECTION ( 'NONE',  ( 0.000000000000000000, 0.000000000000000000, 1.000000000000000000 ) ) ;
#1180 = VECTOR ( 'NONE', #2037, 999.9999999999998863 ) ;
#1181 = ORIENTED_EDGE ( 'NONE', *, *, #345, .F. ) ;
#1182 = CARTESIAN_POINT ( 'NONE',  ( 19.89736842105263648, 41.00649942268735515, -2.000000000000001776 ) ) ;
#1183 = DIRECTION ( 'NONE',  ( 0.000000000000000000, 0.000000000000000000, 1.000000000000000000 ) ) ;
#1184 = EDGE_CURVE ( 'NONE', #221, #920, #820, .T. ) ;
#1185 = EDGE_CURVE ( 'NONE', #920, #172, #1819, .T. ) ;
#1186 = VECTOR ( 'NONE', #622, 1000.000000000000000 ) ;
#1187 = EDGE_LOOP ( 'NONE', ( #283, #943, #2169, #1375 ) ) ;
#1188 = DIRECTION ( 'NONE',  ( 0.000000000000000000, 0.000000000000000000, 1.000000000000000000 ) ) ;
#1189 = VERTEX_POINT ( 'NONE', #298 ) ;
#1190 = CARTESIAN_POINT ( 'NONE',  ( 13.49999999999999822, -45.79999999999999716, -18.81190054693401237 ) ) ;
#1191 = CYLINDRICAL_SURFACE ( 'NONE', #508, 1.600000000000000755 ) ;
#1192 = FACE_OUTER_BOUND ( 'NONE', #72, .T. ) ;
#1193 = EDGE_CURVE ( 'NONE', #1688, #1455, #998, .T. ) ;
#1194 = EDGE_CURVE ( 'NONE', #744, #2189, #1470, .T. ) ;
#1195 = DIRECTION ( 'NONE',  ( -0.000000000000000000, -0.000000000000000000, 1.000000000000000000 ) ) ;
#1196 = CARTESIAN_POINT ( 'NONE',  ( 1.000000000000000888, 50.00000000000000000, -8.500000000000000000 ) ) ;
#1197 = ORIENTED_EDGE ( 'NONE', *, *, #1284, .T. ) ;
#1198 = FACE_OUTER_BOUND ( 'NONE', #2090, .T. ) ;
#1199 = EDGE_CURVE ( 'NONE', #1650, #600, #1127, .T. ) ;
#1200 = FACE_OUTER_BOUND ( 'NONE', #240, .T. ) ;
#1201 = ORIENTED_EDGE ( 'NONE', *, *, #1584, .F. ) ;
#1202 = CIRCLE ( 'NONE', #1696, 3.149999999999999911 ) ;
#1203 = EDGE_CURVE ( 'NONE', #2104, #1582, #1956, .T. ) ;
#1204 = DIRECTION ( 'NONE',  ( 0.000000000000000000, 0.000000000000000000, 1.000000000000000000 ) ) ;
#1205 = AXIS2_PLACEMENT_3D ( 'NONE', #73, #2133, #1805 ) ;
#1206 = ORIENTED_EDGE ( 'NONE', *, *, #322, .T. ) ;
#1207 = DIRECTION ( 'NONE',  ( 0.000000000000000000, 0.000000000000000000, 1.000000000000000000 ) ) ;
#1208 = ORIENTED_EDGE ( 'NONE', *, *, #804, .F. ) ;
#1209 = AXIS2_PLACEMENT_3D ( 'NONE', #1166, #489, #1155 ) ;
#1210 = CARTESIAN_POINT ( 'NONE',  ( 2.809483833338030309E-17, 45.79999999999999716, -19.50000000000000000 ) ) ;
#1211 = VECTOR ( 'NONE', #1017, 1000.000000000000000 ) ;
#1212 = ORIENTED_EDGE ( 'NONE', *, *, #234, .F. ) ;
#1213 = EDGE_LOOP ( 'NONE', ( #269, #616, #1399, #834 ) ) ;
#1214 = EDGE_CURVE ( 'NONE', #721, #671, #79, .T. ) ;
#1215 = DIRECTION ( 'NONE',  ( 0.000000000000000000, 0.000000000000000000, -1.000000000000000000 ) ) ;
#1216 = EDGE_LOOP ( 'NONE', ( #314, #1514, #61, #1258 ) ) ;
#1217 = LINE ( 'NONE', #1067, #1702 ) ;
#1218 = AXIS2_PLACEMENT_3D ( 'NONE', #317, #1694, #826 ) ;
#1219 = EDGE_CURVE ( 'NONE', #1503, #1300, #1738, .T. ) ;
#1220 = DIRECTION ( 'NONE',  ( -1.000000000000000000, -0.000000000000000000, 0.000000000000000000 ) ) ;
#1221 = CARTESIAN_POINT ( 'NONE',  ( 18.81190054693401237, 48.80000000000000426, -22.70000000000000639 ) ) ;
#1222 = DIRECTION ( 'NONE',  ( -1.334402673828313093E-16, 0.000000000000000000, -1.000000000000000000 ) ) ;
#1223 = ORIENTED_EDGE ( 'NONE', *, *, #1973, .T. ) ;
#1224 = DIRECTION ( 'NONE',  ( -0.000000000000000000, 0.000000000000000000, -1.000000000000000000 ) ) ;
#1225 = ORIENTED_EDGE ( 'NONE', *, *, #942, .T. ) ;
#1226 = CARTESIAN_POINT ( 'NONE',  ( 18.50000000000000355, -50.00000000000000000, -2.000000000000001776 ) ) ;
#1227 = CARTESIAN_POINT ( 'NONE',  ( 2.000000000000000000, 48.00000000000000000, -1.999999999999999112 ) ) ;
#1228 = ORIENTED_EDGE ( 'NONE', *, *, #190, .F. ) ;
#1229 = CARTESIAN_POINT ( 'NONE',  ( 2.671103263892474034E-17, -48.80000000000000426, -18.53953136438508054 ) ) ;
#1230 = VERTEX_POINT ( 'NONE', #1434 ) ;
#1231 = DIRECTION ( 'NONE',  ( -1.440760940173349434E-18, 0.000000000000000000, 1.000000000000000000 ) ) ;
#1232 = EDGE_CURVE ( 'NONE', #2182, #686, #1460, .T. ) ;
#1233 = ORIENTED_EDGE ( 'NONE', *, *, #733, .T. ) ;
#1234 = DIRECTION ( 'NONE',  ( 0.000000000000000000, 0.000000000000000000, 1.000000000000000000 ) ) ;
#1235 = ORIENTED_EDGE ( 'NONE', *, *, #234, .T. ) ;
#1236 = DIRECTION ( 'NONE',  ( -0.000000000000000000, -0.000000000000000000, -1.000000000000000000 ) ) ;
#1237 = ORIENTED_EDGE ( 'NONE', *, *, #352, .T. ) ;
#1238 = LINE ( 'NONE', #1285, #435 ) ;
#1239 = AXIS2_PLACEMENT_3D ( 'NONE', #2061, #185, #1050 ) ;
#1240 = DIRECTION ( 'NONE',  ( 0.000000000000000000, 0.000000000000000000, -1.000000000000000000 ) ) ;
#1241 = DIRECTION ( 'NONE',  ( 0.000000000000000000, 0.000000000000000000, 1.000000000000000000 ) ) ;
#1242 = VECTOR ( 'NONE', #25, 1000.000000000000000 ) ;
#1243 = VERTEX_POINT ( 'NONE', #1947 ) ;
#1244 = CIRCLE ( 'NONE', #2059, 1.599999999999997202 ) ;
#1245 = DIRECTION ( 'NONE',  ( 0.000000000000000000, 1.000000000000000000, -0.000000000000000000 ) ) ;
#1246 = ORIENTED_EDGE ( 'NONE', *, *, #1170, .T. ) ;
#1247 = FACE_OUTER_BOUND ( 'NONE', #769, .T. ) ;
#1248 = AXIS2_PLACEMENT_3D ( 'NONE', #637, #1171, #645 ) ;
#1249 = CARTESIAN_POINT ( 'NONE',  ( 1.000000000000000000, 49.00000000000000000, -18.50000000000000355 ) ) ;
#1250 = CARTESIAN_POINT ( 'NONE',  ( 0.000000000000000000, -44.00000000000000711, -22.70000000000000639 ) ) ;
#1251 = EDGE_CURVE ( 'NONE', #1455, #1302, #1772, .T. ) ;
#1252 = PLANE ( 'NONE',  #1988 ) ;
#1253 = LINE ( 'NONE', #1955, #102 ) ;
#1254 = MANIFOLD_SOLID_BREP ( 'Mirror2', #372 ) ;
#1255 = CARTESIAN_POINT ( 'NONE',  ( 18.50000000000000355, -50.00000000000000000, -2.000000000000001776 ) ) ;
#1256 = ORIENTED_EDGE ( 'NONE', *, *, #789, .F. ) ;
#1257 = FACE_BOUND ( 'NONE', #397, .T. ) ;
#1258 = ORIENTED_EDGE ( 'NONE', *, *, #1369, .F. ) ;
#1259 = DIRECTION ( 'NONE',  ( 0.000000000000000000, 0.000000000000000000, 1.000000000000000000 ) ) ;
#1260 = DIRECTION ( 'NONE',  ( -1.000000000000000000, 0.000000000000000000, 0.000000000000000000 ) ) ;
#1261 = CARTESIAN_POINT ( 'NONE',  ( 0.000000000000000000, 44.00000000000000711, -22.70000000000000639 ) ) ;
#1262 = ORIENTED_EDGE ( 'NONE', *, *, #1753, .F. ) ;
#1263 = DIRECTION ( 'NONE',  ( 0.000000000000000000, -1.000000000000000000, 0.000000000000000000 ) ) ;
#1264 = VERTEX_POINT ( 'NONE', #796 ) ;
#1265 = DIRECTION ( 'NONE',  ( 1.000000000000000000, 0.000000000000000000, -0.000000000000000000 ) ) ;
#1266 = EDGE_CURVE ( 'NONE', #1902, #671, #597, .T. ) ;
#1267 = ORIENTED_EDGE ( 'NONE', *, *, #811, .T. ) ;
#1268 = CARTESIAN_POINT ( 'NONE',  ( 0.000000000000000000, 44.00000000000000711, -22.70000000000000639 ) ) ;
#1269 = EDGE_LOOP ( 'NONE', ( #1482, #142, #1950, #1256, #593, #1001 ) ) ;
#1270 = DIRECTION ( 'NONE',  ( -1.440760940173348857E-18, 0.000000000000000000, 1.000000000000000000 ) ) ;
#1271 = FACE_OUTER_BOUND ( 'NONE', #750, .T. ) ;
#1272 = DIRECTION ( 'NONE',  ( 0.000000000000000000, 0.000000000000000000, 1.000000000000000000 ) ) ;
#1273 = CIRCLE ( 'NONE', #208, 1.599999999999997202 ) ;
#1274 = ORIENTED_EDGE ( 'NONE', *, *, #1504, .T. ) ;
#1275 = DIRECTION ( 'NONE',  ( 0.000000000000000000, 0.000000000000000000, 1.000000000000000000 ) ) ;
#1276 = CIRCLE ( 'NONE', #366, 1.599999999999997202 ) ;
#1277 = DIRECTION ( 'NONE',  ( 0.000000000000000000, 0.000000000000000000, 1.000000000000000000 ) ) ;
#1278 = VECTOR ( 'NONE', #226, 999.9999999999998863 ) ;
#1279 = EDGE_CURVE ( 'NONE', #851, #1159, #1140, .T. ) ;
#1280 = CARTESIAN_POINT ( 'NONE',  ( 2.809483833338030309E-17, 45.79999999999999716, -19.50000000000000000 ) ) ;
#1281 = VECTOR ( 'NONE', #1169, 1000.000000000000000 ) ;
#1282 = FILL_AREA_STYLE_COLOUR ( '', #781 ) ;
#1283 = CARTESIAN_POINT ( 'NONE',  ( 2.000000000000000000, 48.00000000000000000, -8.500000000000000000 ) ) ;
#1284 = EDGE_CURVE ( 'NONE', #1243, #1813, #1960, .T. ) ;
#1285 = CARTESIAN_POINT ( 'NONE',  ( 17.89999999999999858, -45.79999999999999716, -18.81190054693401237 ) ) ;
#1286 = ORIENTED_EDGE ( 'NONE', *, *, #36, .T. ) ;
#1287 = CARTESIAN_POINT ( 'NONE',  ( 1.224646799147346644E-17, 48.00000000000000000, -8.500000000000000000 ) ) ;
#1288 = VECTOR ( 'NONE', #2011, 1000.000000000000114 ) ;
#1289 = ORIENTED_EDGE ( 'NONE', *, *, #1035, .F. ) ;
#1290 = DIRECTION ( 'NONE',  ( 0.000000000000000000, -0.000000000000000000, 1.000000000000000000 ) ) ;
#1291 = ADVANCED_FACE ( 'NONE', ( #625 ), #806, .F. ) ;
#1292 = CARTESIAN_POINT ( 'NONE',  ( 19.89736842105263648, 41.00649942268735515, 0.000000000000000000 ) ) ;
#1293 = DIRECTION ( 'NONE',  ( -1.000000000000000000, 0.000000000000000000, 0.000000000000000000 ) ) ;
#1294 = EDGE_CURVE ( 'NONE', #544, #420, #458, .T. ) ;
#1295 = PLANE ( 'NONE',  #75 ) ;
#1296 =( NAMED_UNIT ( * ) SI_UNIT ( $, .STERADIAN. ) SOLID_ANGLE_UNIT ( ) );
#1297 = ORIENTED_EDGE ( 'NONE', *, *, #579, .T. ) ;
#1298 = VERTEX_POINT ( 'NONE', #289 ) ;
#1299 = CARTESIAN_POINT ( 'NONE',  ( 18.81190054693401237, 44.00000000000000711, -19.70000000000000639 ) ) ;
#1300 = VERTEX_POINT ( 'NONE', #963 ) ;
#1301 = CARTESIAN_POINT ( 'NONE',  ( 16.35000000000000142, 45.79999999999999716, 1.734723475976807883E-15 ) ) ;
#1302 = VERTEX_POINT ( 'NONE', #1634 ) ;
#1303 = CARTESIAN_POINT ( 'NONE',  ( 18.81190054693401237, -48.80000000000000426, -22.70000000000000639 ) ) ;
#1304 = ORIENTED_EDGE ( 'NONE', *, *, #2150, .T. ) ;
#1305 =( LENGTH_UNIT ( ) NAMED_UNIT ( * ) SI_UNIT ( .MILLI., .METRE. ) );
#1306 = DIRECTION ( 'NONE',  ( 1.000000000000000000, -0.000000000000000000, -0.000000000000000000 ) ) ;
#1307 = ORIENTED_EDGE ( 'NONE', *, *, #1294, .T. ) ;
#1308 = CARTESIAN_POINT ( 'NONE',  ( 2.947864402783587200E-17, 48.80000000000000426, -20.46046863561491946 ) ) ;
#1309 =( GEOMETRIC_REPRESENTATION_CONTEXT ( 3 ) GLOBAL_UNCERTAINTY_ASSIGNED_CONTEXT ( ( #1371 ) ) GLOBAL_UNIT_ASSIGNED_CONTEXT ( ( #1845, #324, #1296 ) ) REPRESENTATION_CONTEXT ( 'NONE', 'WORKASPACE' ) );
#1310 = VECTOR ( 'NONE', #2153, 1000.000000000000000 ) ;
#1311 = AXIS2_PLACEMENT_3D ( 'NONE', #1617, #1275, #104 ) ;
#1312 = CARTESIAN_POINT ( 'NONE',  ( 2.355644137183425508E-17, -45.79999999999999716, -16.35000000000000142 ) ) ;
#1313 = AXIS2_PLACEMENT_3D ( 'NONE', #1708, #561, #1234 ) ;
#1314 = CARTESIAN_POINT ( 'NONE',  ( 0.000000000000000000, -50.00000000000000000, -8.500000000000000000 ) ) ;
#1315 = VECTOR ( 'NONE', #1147, 1000.000000000000000 ) ;
#1316 = LINE ( 'NONE', #2000, #1288 ) ;
#1317 = CARTESIAN_POINT ( 'NONE',  ( 20.69999999999999929, -28.83293040828256082, -18.81190054693401237 ) ) ;
#1318 = ORIENTED_EDGE ( 'NONE', *, *, #1744, .T. ) ;
#1319 = CARTESIAN_POINT ( 'NONE',  ( 19.70000000000000639, 44.00000000000000711, 0.000000000000000000 ) ) ;
#1320 = EDGE_LOOP ( 'NONE', ( #2119, #327, #1154, #1585 ) ) ;
#1321 = CARTESIAN_POINT ( 'NONE',  ( 2.000000000000001776, 44.00000000000000711, -22.70000000000000639 ) ) ;
#1322 = CIRCLE ( 'NONE', #1707, 12.19999999999999929 ) ;
#1323 = VERTEX_POINT ( 'NONE', #477 ) ;
#1324 = DIRECTION ( 'NONE',  ( 0.000000000000000000, 0.000000000000000000, 1.000000000000000000 ) ) ;
#1325 = LINE ( 'NONE', #859, #146 ) ;
#1326 = LINE ( 'NONE', #839, #194 ) ;
#1327 = EDGE_CURVE ( 'NONE', #195, #607, #5, .T. ) ;
#1328 = ORIENTED_EDGE ( 'NONE', *, *, #1668, .T. ) ;
#1329 = DIRECTION ( 'NONE',  ( 1.000000000000000000, 0.000000000000000000, 0.000000000000000000 ) ) ;
#1330 = VERTEX_POINT ( 'NONE', #1030 ) ;
#1331 = DIRECTION ( 'NONE',  ( -1.000000000000000000, -0.000000000000000000, -1.440760940173348857E-18 ) ) ;
#1332 = EDGE_CURVE ( 'NONE', #46, #514, #830, .T. ) ;
#1333 = CARTESIAN_POINT ( 'NONE',  ( 22.70000000000000639, -44.00000000000000711, 0.000000000000000000 ) ) ;
#1334 = CARTESIAN_POINT ( 'NONE',  ( 22.70000000000000639, -44.00000000000000711, -18.81190054693401237 ) ) ;
#1335 = CARTESIAN_POINT ( 'NONE',  ( 19.70000000000000639, 44.00000000000000711, -2.000000000000001776 ) ) ;
#1336 = ORIENTED_EDGE ( 'NONE', *, *, #167, .T. ) ;
#1337 = FACE_OUTER_BOUND ( 'NONE', #929, .T. ) ;
#1338 = VERTEX_POINT ( 'NONE', #1182 ) ;
#1339 = DIRECTION ( 'NONE',  ( 0.000000000000000000, 0.000000000000000000, 1.000000000000000000 ) ) ;
#1340 = AXIS2_PLACEMENT_3D ( 'NONE', #291, #1636, #2012 ) ;
#1341 = CARTESIAN_POINT ( 'NONE',  ( 0.000000000000000000, 49.00000000000000000, -1.000000000000000000 ) ) ;
#1342 = EDGE_CURVE ( 'NONE', #431, #729, #986, .T. ) ;
#1343 = EDGE_CURVE ( 'NONE', #532, #1902, #1652, .T. ) ;
#1344 = VECTOR ( 'NONE', #233, 1000.000000000000000 ) ;
#1345 = CARTESIAN_POINT ( 'NONE',  ( 8.500000000000000000, 50.00000000000000000, 0.000000000000000000 ) ) ;
#1346 = FACE_OUTER_BOUND ( 'NONE', #1769, .T. ) ;
#1347 = VECTOR ( 'NONE', #685, 1000.000000000000000 ) ;
#1348 = CIRCLE ( 'NONE', #651, 2.999999999999999112 ) ;
#1349 = EDGE_LOOP ( 'NONE', ( #250, #480, #1978, #2092 ) ) ;
#1350 = CARTESIAN_POINT ( 'NONE',  ( 8.500000000000000000, 50.00000000000000000, -2.000000000000001776 ) ) ;
#1351 = EDGE_LOOP ( 'NONE', ( #7, #631, #719, #1549, #1364 ) ) ;
#1352 = CIRCLE ( 'NONE', #400, 3.149999999999999911 ) ;
#1353 = CARTESIAN_POINT ( 'NONE',  ( 18.53953136438508764, -48.80000000000000426, 0.000000000000000000 ) ) ;
#1354 = AXIS2_PLACEMENT_3D ( 'NONE', #1080, #1105, #577 ) ;
#1355 = EDGE_CURVE ( 'NONE', #2074, #1230, #1689, .T. ) ;
#1356 = CARTESIAN_POINT ( 'NONE',  ( 18.81190054693401237, -44.00000000000000711, -22.70000000000000639 ) ) ;
#1357 = VECTOR ( 'NONE', #1339, 1000.000000000000000 ) ;
#1358 = EDGE_CURVE ( 'NONE', #915, #1848, #2018, .T. ) ;
#1359 = ORIENTED_EDGE ( 'NONE', *, *, #1440, .F. ) ;
#1360 = CARTESIAN_POINT ( 'NONE',  ( 0.000000000000000000, 45.79999999999999716, -10.30000000000000426 ) ) ;
#1361 = DIRECTION ( 'NONE',  ( 1.000000000000000000, 0.000000000000000000, -1.445602896647339656E-16 ) ) ;
#1362 = VECTOR ( 'NONE', #1948, 1000.000000000000000 ) ;
#1363 = EDGE_CURVE ( 'NONE', #214, #1109, #160, .T. ) ;
#1364 = ORIENTED_EDGE ( 'NONE', *, *, #1342, .F. ) ;
#1365 = EDGE_LOOP ( 'NONE', ( #552, #659, #1630, #174 ) ) ;
#1366 = CARTESIAN_POINT ( 'NONE',  ( 0.000000000000000000, -41.00649942268735515, -19.89736842105263648 ) ) ;
#1367 = ORIENTED_EDGE ( 'NONE', *, *, #706, .F. ) ;
#1368 = DIRECTION ( 'NONE',  ( -1.440760940173349434E-18, 0.000000000000000000, 1.000000000000000000 ) ) ;
#1369 = EDGE_CURVE ( 'NONE', #1013, #650, #136, .T. ) ;
#1370 = CARTESIAN_POINT ( 'NONE',  ( 2.000000000000001776, -41.00649942268735515, -19.89736842105263648 ) ) ;
#1371 = UNCERTAINTY_MEASURE_WITH_UNIT (LENGTH_MEASURE( 1.000000000000000082E-05 ), #1845, 'distance_accuracy_value', 'NONE');
#1372 = PLANE ( 'NONE',  #614 ) ;
#1373 = CARTESIAN_POINT ( 'NONE',  ( 18.81190054693401237, 50.00000000000000000, -8.500000000000000000 ) ) ;
#1374 = LINE ( 'NONE', #354, #470 ) ;
#1375 = ORIENTED_EDGE ( 'NONE', *, *, #1913, .T. ) ;
#1376 = EDGE_CURVE ( 'NONE', #1776, #192, #321, .T. ) ;
#1377 = DIRECTION ( 'NONE',  ( 0.000000000000000000, -0.000000000000000000, 1.000000000000000000 ) ) ;
#1378 = ORIENTED_EDGE ( 'NONE', *, *, #1185, .T. ) ;
#1379 = LINE ( 'NONE', #1901, #1278 ) ;
#1380 = ORIENTED_EDGE ( 'NONE', *, *, #980, .T. ) ;
#1381 = FACE_OUTER_BOUND ( 'NONE', #921, .T. ) ;
#1382 = VECTOR ( 'NONE', #362, 1000.000000000000000 ) ;
#1383 = CARTESIAN_POINT ( 'NONE',  ( 19.50000000000000000, 45.79999999999999716, -18.81190054693401237 ) ) ;
#1384 = FACE_OUTER_BOUND ( 'NONE', #1403, .T. ) ;
#1385 = VECTOR ( 'NONE', #1979, 999.9999999999998863 ) ;
#1386 = FACE_OUTER_BOUND ( 'NONE', #77, .T. ) ;
#1387 = AXIS2_PLACEMENT_3D ( 'NONE', #1711, #1912, #1407 ) ;
#1388 = VERTEX_POINT ( 'NONE', #1360 ) ;
#1389 = CYLINDRICAL_SURFACE ( 'NONE', #2027, 1.000000000000000000 ) ;
#1390 = DIRECTION ( 'NONE',  ( -0.000000000000000000, -0.000000000000000000, 1.000000000000000000 ) ) ;
#1391 = AXIS2_PLACEMENT_3D ( 'NONE', #2016, #844, #1516 ) ;
#1392 = EDGE_CURVE ( 'NONE', #2085, #618, #994, .T. ) ;
#1393 = EDGE_LOOP ( 'NONE', ( #257, #1201, #1053, #1123 ) ) ;
#1394 = CARTESIAN_POINT ( 'NONE',  ( 13.49999999999999822, 45.79999999999999716, 0.000000000000000000 ) ) ;
#1395 = FACE_BOUND ( 'NONE', #1564, .T. ) ;
#1396 = CARTESIAN_POINT ( 'NONE',  ( 8.500000000000000000, 28.83293040828256082, -2.000000000000000000 ) ) ;
#1397 = EDGE_CURVE ( 'NONE', #2101, #1264, #1499, .T. ) ;
#1398 = EDGE_CURVE ( 'NONE', #271, #1388, #1325, .T. ) ;
#1399 = ORIENTED_EDGE ( 'NONE', *, *, #95, .T. ) ;
#1400 = DIRECTION ( 'NONE',  ( 1.000000000000000000, 0.000000000000000000, 0.000000000000000000 ) ) ;
#1401 = ORIENTED_EDGE ( 'NONE', *, *, #621, .T. ) ;
#1402 = CARTESIAN_POINT ( 'NONE',  ( 0.000000000000000000, -48.80000000000000426, -20.46046863561491946 ) ) ;
#1403 = EDGE_LOOP ( 'NONE', ( #876, #1120, #1818, #123 ) ) ;
#1404 = FACE_OUTER_BOUND ( 'NONE', #1216, .T. ) ;
#1405 = PLANE ( 'NONE',  #962 ) ;
#1406 = ORIENTED_EDGE ( 'NONE', *, *, #404, .F. ) ;
#1407 = DIRECTION ( 'NONE',  ( 1.000000000000000000, 0.000000000000000000, 0.000000000000000000 ) ) ;
#1408 = ADVANCED_FACE ( 'NONE', ( #336 ), #1857, .T. ) ;
#1409 = EDGE_CURVE ( 'NONE', #737, #875, #2040, .T. ) ;
#1410 = CARTESIAN_POINT ( 'NONE',  ( 1.550000000000002709, -45.79999999999999716, -19.50000000000000000 ) ) ;
#1411 = DIRECTION ( 'NONE',  ( -0.000000000000000000, 1.000000000000000000, -0.000000000000000000 ) ) ;
#1412 = AXIS2_PLACEMENT_3D ( 'NONE', #1021, #1725, #679 ) ;
#1413 = FACE_OUTER_BOUND ( 'NONE', #837, .T. ) ;
#1414 = DIRECTION ( 'NONE',  ( -1.000000000000000000, -0.000000000000000000, -1.440760940173348857E-18 ) ) ;
#1415 = VECTOR ( 'NONE', #959, 1000.000000000000000 ) ;
#1416 = EDGE_LOOP ( 'NONE', ( #1359, #280 ) ) ;
#1417 = AXIS2_PLACEMENT_3D ( 'NONE', #422, #1088, #1810 ) ;
#1418 = LINE ( 'NONE', #1943, #1485 ) ;
#1419 = ORIENTED_EDGE ( 'NONE', *, *, #2188, .T. ) ;
#1420 = EDGE_CURVE ( 'NONE', #1330, #822, #2198, .T. ) ;
#1421 = LINE ( 'NONE', #1099, #900 ) ;
#1422 = ORIENTED_EDGE ( 'NONE', *, *, #1723, .F. ) ;
#1423 = VECTOR ( 'NONE', #1220, 1000.000000000000000 ) ;
#1424 = CARTESIAN_POINT ( 'NONE',  ( 18.81190054693401237, -45.79999999999999716, -10.30000000000000426 ) ) ;
#1425 = CARTESIAN_POINT ( 'NONE',  ( 22.70000000000000639, 48.80000000000000426, -2.000000000000005329 ) ) ;
#1426 = ORIENTED_EDGE ( 'NONE', *, *, #1847, .F. ) ;
#1427 = DIRECTION ( 'NONE',  ( -0.000000000000000000, -0.000000000000000000, 1.000000000000000000 ) ) ;
#1428 = AXIS2_PLACEMENT_3D ( 'NONE', #1915, #1195, #2060 ) ;
#1429 = FACE_OUTER_BOUND ( 'NONE', #1439, .T. ) ;
#1430 = VECTOR ( 'NONE', #433, 1000.000000000000000 ) ;
#1431 = CARTESIAN_POINT ( 'NONE',  ( 22.70000000000000639, 44.00000000000000711, -18.81190054693401237 ) ) ;
#1432 = EDGE_CURVE ( 'NONE', #192, #832, #674, .T. ) ;
#1433 = ORIENTED_EDGE ( 'NONE', *, *, #765, .T. ) ;
#1434 = CARTESIAN_POINT ( 'NONE',  ( 0.000000000000000000, -50.00000000000000000, -18.50000000000000355 ) ) ;
#1435 = CARTESIAN_POINT ( 'NONE',  ( 2.000000000000001776, 45.79999999999999716, -17.89999999999999858 ) ) ;
#1436 = FACE_OUTER_BOUND ( 'NONE', #396, .T. ) ;
#1437 = ORIENTED_EDGE ( 'NONE', *, *, #2041, .T. ) ;
#1438 = CARTESIAN_POINT ( 'NONE',  ( 8.500000000000000000, -48.00000000000000000, -2.000000000000000000 ) ) ;
#1439 = EDGE_LOOP ( 'NONE', ( #243, #235, #1038, #990, #633, #1873, #1827, #335, #1150, #1612, #187, #370, #1693, #653, #1736, #140, #1575, #376 ) ) ;
#1440 = EDGE_CURVE ( 'NONE', #1388, #514, #1244, .T. ) ;
#1441 = FACE_BOUND ( 'NONE', #44, .T. ) ;
#1442 = VERTEX_POINT ( 'NONE', #529 ) ;
#1443 = ADVANCED_FACE ( 'NONE', ( #1192 ), #1876, .F. ) ;
#1444 = FACE_BOUND ( 'NONE', #1416, .T. ) ;
#1445 = ORIENTED_EDGE ( 'NONE', *, *, #1757, .T. ) ;
#1446 = VECTOR ( 'NONE', #658, 1000.000000000000000 ) ;
#1447 = DIRECTION ( 'NONE',  ( 1.334402673828313093E-16, -0.000000000000000000, 1.000000000000000000 ) ) ;
#1448 = DIRECTION ( 'NONE',  ( 1.000000000000000000, -0.000000000000000000, -0.000000000000000000 ) ) ;
#1449 = ORIENTED_EDGE ( 'NONE', *, *, #1643, .T. ) ;
#1450 = PLANE ( 'NONE',  #1205 ) ;
#1451 = CIRCLE ( 'NONE', #1239, 1.599999999999986766 ) ;
#1452 = ORIENTED_EDGE ( 'NONE', *, *, #351, .F. ) ;
#1453 = DIRECTION ( 'NONE',  ( 0.000000000000000000, 1.000000000000000000, 0.000000000000000000 ) ) ;
#1454 = CONICAL_SURFACE ( 'NONE', #1209, 3.149999999999999911, 0.7853981633974533860 ) ;
#1455 = VERTEX_POINT ( 'NONE', #644 ) ;
#1456 = AXIS2_PLACEMENT_3D ( 'NONE', #311, #360, #1534 ) ;
#1457 = CARTESIAN_POINT ( 'NONE',  ( 2.000000000000000000, 48.00000000000000000, -8.500000000000000000 ) ) ;
#1458 = AXIS2_PLACEMENT_3D ( 'NONE', #944, #933, #1241 ) ;
#1459 = ORIENTED_EDGE ( 'NONE', *, *, #2111, .T. ) ;
#1460 = LINE ( 'NONE', #939, #1174 ) ;
#1461 = CARTESIAN_POINT ( 'NONE',  ( 2.000000000000001776, -45.79999999999999716, -17.89999999999999858 ) ) ;
#1462 = VERTEX_POINT ( 'NONE', #1903 ) ;
#1463 = DIRECTION ( 'NONE',  ( 1.000000000000000000, -0.000000000000000000, -0.000000000000000000 ) ) ;
#1464 = ORIENTED_EDGE ( 'NONE', *, *, #245, .T. ) ;
#1465 = VECTOR ( 'NONE', #1844, 1000.000000000000000 ) ;
#1466 = CARTESIAN_POINT ( 'NONE',  ( 18.81190054693401237, 41.00000000000000000, -8.500000000000000000 ) ) ;
#1467 = ORIENTED_EDGE ( 'NONE', *, *, #1911, .F. ) ;
#1468 = DIRECTION ( 'NONE',  ( -1.000000000000000000, 0.000000000000000000, 0.000000000000000000 ) ) ;
#1469 = EDGE_LOOP ( 'NONE', ( #680, #1642, #871, #1181, #642, #1422, #392 ) ) ;
#1470 = LINE ( 'NONE', #1601, #610 ) ;
#1471 = CARTESIAN_POINT ( 'NONE',  ( 18.50000000000000355, 48.80000000000000426, 0.000000000000000000 ) ) ;
#1472 = ORIENTED_EDGE ( 'NONE', *, *, #773, .F. ) ;
#1473 = LINE ( 'NONE', #1656, #2056 ) ;
#1474 = ORIENTED_EDGE ( 'NONE', *, *, #499, .T. ) ;
#1475 = DIRECTION ( 'NONE',  ( -1.000000000000000000, 0.000000000000000000, 0.000000000000000000 ) ) ;
#1476 = CARTESIAN_POINT ( 'NONE',  ( 18.81190054693401237, 45.79999999999999716, -11.90000000000000036 ) ) ;
#1477 = CARTESIAN_POINT ( 'NONE',  ( 19.17731335851716068, 48.79999999999999005, -0.1501437766924124395 ) ) ;
#1478 = CARTESIAN_POINT ( 'NONE',  ( 0.000000000000000000, 0.000000000000000000, 0.000000000000000000 ) ) ;
#1479 = ORIENTED_EDGE ( 'NONE', *, *, #1508, .T. ) ;
#1480 = DIRECTION ( 'NONE',  ( -1.000000000000000000, 0.000000000000000000, 0.000000000000000000 ) ) ;
#1481 = CARTESIAN_POINT ( 'NONE',  ( 2.355644137183425508E-17, 45.79999999999999716, -16.35000000000000142 ) ) ;
#1482 = ORIENTED_EDGE ( 'NONE', *, *, #663, .T. ) ;
#1483 = VECTOR ( 'NONE', #1751, 1000.000000000000000 ) ;
#1484 = CARTESIAN_POINT ( 'NONE',  ( 8.500000000000000000, 48.00000000000000000, -2.000000000000001776 ) ) ;
#1485 = VECTOR ( 'NONE', #237, 1000.000000000000000 ) ;
#1486 = CARTESIAN_POINT ( 'NONE',  ( 18.81190054693401237, 45.79999999999999716, -13.49999999999999822 ) ) ;
#1487 = AXIS2_PLACEMENT_3D ( 'NONE', #377, #1390, #1883 ) ;
#1488 = ADVANCED_BREP_SHAPE_REPRESENTATION ( 'COLUMN', ( #1254, #771 ), #1309 ) ;
#1489 = DIRECTION ( 'NONE',  ( -1.000000000000000000, 0.000000000000000000, 0.000000000000000000 ) ) ;
#1490 = CARTESIAN_POINT ( 'NONE',  ( 19.50000000000000000, 45.79999999999999716, 1.734723475976807883E-15 ) ) ;
#1491 = ORIENTED_EDGE ( 'NONE', *, *, #1494, .T. ) ;
#1492 = DIRECTION ( 'NONE',  ( 1.000000000000000000, 0.000000000000000000, -1.334402673828313093E-16 ) ) ;
#1493 = ORIENTED_EDGE ( 'NONE', *, *, #1023, .F. ) ;
#1494 = EDGE_CURVE ( 'NONE', #210, #2160, #398, .T. ) ;
#1495 = ADVANCED_FACE ( 'NONE', ( #1247 ), #1372, .F. ) ;
#1496 = CYLINDRICAL_SURFACE ( 'NONE', #549, 1.600000000000000755 ) ;
#1497 = AXIS2_PLACEMENT_3D ( 'NONE', #1839, #14, #1368 ) ;
#1498 = CARTESIAN_POINT ( 'NONE',  ( 1.000000000000000000, 50.00000000000000000, -8.500000000000000000 ) ) ;
#1499 = LINE ( 'NONE', #149, #1281 ) ;
#1500 = CARTESIAN_POINT ( 'NONE',  ( 19.50000000000000000, 45.79999999999999716, 1.734723475976807883E-15 ) ) ;
#1501 = ORIENTED_EDGE ( 'NONE', *, *, #971, .F. ) ;
#1502 = CYLINDRICAL_SURFACE ( 'NONE', #605, 2.999999999999999112 ) ;
#1503 = VERTEX_POINT ( 'NONE', #39 ) ;
#1504 = EDGE_CURVE ( 'NONE', #1967, #875, #1348, .T. ) ;
#1505 = LINE ( 'NONE', #2193, #1357 ) ;
#1506 = EDGE_CURVE ( 'NONE', #1302, #1925, #333, .T. ) ;
#1507 = DIRECTION ( 'NONE',  ( 1.000000000000000000, 0.000000000000000000, -0.000000000000000000 ) ) ;
#1508 = EDGE_CURVE ( 'NONE', #210, #1577, #1885, .T. ) ;
#1509 = CARTESIAN_POINT ( 'NONE',  ( 18.50000000000000355, 50.00000000000000000, -18.81190054693401237 ) ) ;
#1510 = CARTESIAN_POINT ( 'NONE',  ( 18.53953136438508054, 48.80000000000000426, 1.734723475976807883E-15 ) ) ;
#1511 = ORIENTED_EDGE ( 'NONE', *, *, #387, .F. ) ;
#1512 = ORIENTED_EDGE ( 'NONE', *, *, #107, .T. ) ;
#1513 = CARTESIAN_POINT ( 'NONE',  ( 0.08469864113603974010, 48.79999999999999716, -18.85093032220375520 ) ) ;
#1514 = ORIENTED_EDGE ( 'NONE', *, *, #1515, .F. ) ;
#1515 = EDGE_CURVE ( 'NONE', #759, #1338, #545, .T. ) ;
#1516 = DIRECTION ( 'NONE',  ( -1.440760940173349434E-18, 0.000000000000000000, 1.000000000000000000 ) ) ;
#1517 = EDGE_CURVE ( 'NONE', #841, #431, #1217, .T. ) ;
#1518 = FACE_OUTER_BOUND ( 'NONE', #1851, .T. ) ;
#1519 = EDGE_CURVE ( 'NONE', #854, #1442, #893, .T. ) ;
#1520 = ORIENTED_EDGE ( 'NONE', *, *, #985, .F. ) ;
#1521 = VECTOR ( 'NONE', #281, 1000.000000000000000 ) ;
#1522 = DIRECTION ( 'NONE',  ( 0.000000000000000000, -1.000000000000000000, 0.000000000000000000 ) ) ;
#1523 = CARTESIAN_POINT ( 'NONE',  ( 2.000000000000001776, 48.80000000000000426, -18.50000000000000355 ) ) ;
#1524 = VECTOR ( 'NONE', #1179, 1000.000000000000000 ) ;
#1525 = EDGE_LOOP ( 'NONE', ( #1867, #1449, #1162, #1286 ) ) ;
#1526 = VECTOR ( 'NONE', #1236, 1000.000000000000000 ) ;
#1527 = ORIENTED_EDGE ( 'NONE', *, *, #1355, .T. ) ;
#1528 = ORIENTED_EDGE ( 'NONE', *, *, #386, .F. ) ;
#1529 = ORIENTED_EDGE ( 'NONE', *, *, #1584, .T. ) ;
#1530 = LINE ( 'NONE', #1350, #504 ) ;
#1531 = ORIENTED_EDGE ( 'NONE', *, *, #1409, .F. ) ;
#1532 = DIRECTION ( 'NONE',  ( 0.000000000000000000, -0.000000000000000000, 1.000000000000000000 ) ) ;
#1533 = CARTESIAN_POINT ( 'NONE',  ( 18.50000000000000355, -48.80000000000000426, -18.81190054693401237 ) ) ;
#1534 = DIRECTION ( 'NONE',  ( 0.000000000000000000, 0.000000000000000000, 1.000000000000000000 ) ) ;
#1535 = AXIS2_PLACEMENT_3D ( 'NONE', #492, #478, #2177 ) ;
#1536 = VECTOR ( 'NONE', #1822, 1000.000000000000000 ) ;
#1537 = DIRECTION ( 'NONE',  ( 1.334402673828313093E-16, -0.000000000000000000, 1.000000000000000000 ) ) ;
#1538 = CARTESIAN_POINT ( 'NONE',  ( 22.70000000000000639, -48.80000000000000426, -2.000000000000005329 ) ) ;
#1539 = CARTESIAN_POINT ( 'NONE',  ( 19.50000000000000000, -45.79999999999999716, 1.734723475976807883E-15 ) ) ;
#1540 = EDGE_LOOP ( 'NONE', ( #1049, #724, #761, #129 ) ) ;
#1541 = ORIENTED_EDGE ( 'NONE', *, *, #804, .T. ) ;
#1542 = CARTESIAN_POINT ( 'NONE',  ( 22.70000000000000639, -48.80000000000000426, -18.81190054693401237 ) ) ;
#1543 = PRODUCT_DEFINITION_CONTEXT ( 'detailed design', #1094, 'design' ) ;
#1544 = LINE ( 'NONE', #1226, #1665 ) ;
#1545 = ORIENTED_EDGE ( 'NONE', *, *, #147, .T. ) ;
#1546 = DIRECTION ( 'NONE',  ( -1.000000000000000000, 0.000000000000000000, 0.000000000000000000 ) ) ;
#1547 = VERTEX_POINT ( 'NONE', #894 ) ;
#1548 = DIRECTION ( 'NONE',  ( 0.000000000000000000, 1.000000000000000000, 0.000000000000000000 ) ) ;
#1549 = ORIENTED_EDGE ( 'NONE', *, *, #186, .F. ) ;
#1550 = FACE_OUTER_BOUND ( 'NONE', #1767, .T. ) ;
#1551 = ADVANCED_FACE ( 'NONE', ( #1381 ), #1565, .F. ) ;
#1552 = EDGE_CURVE ( 'NONE', #1582, #809, #927, .T. ) ;
#1553 = CARTESIAN_POINT ( 'NONE',  ( 2.000000000000001776, 45.79999999999999716, -21.10000000000000142 ) ) ;
#1554 = AXIS2_PLACEMENT_3D ( 'NONE', #1319, #670, #1329 ) ;
#1555 = VECTOR ( 'NONE', #534, 1000.000000000000000 ) ;
#1556 = ORIENTED_EDGE ( 'NONE', *, *, #1214, .T. ) ;
#1557 = DIRECTION ( 'NONE',  ( 0.000000000000000000, 0.000000000000000000, 1.000000000000000000 ) ) ;
#1558 = ORIENTED_EDGE ( 'NONE', *, *, #1959, .T. ) ;
#1559 = AXIS2_PLACEMENT_3D ( 'NONE', #594, #1934, #259 ) ;
#1560 = FACE_OUTER_BOUND ( 'NONE', #202, .T. ) ;
#1561 = ADVANCED_FACE ( 'NONE', ( #2049 ), #19, .F. ) ;
#1562 = DIRECTION ( 'NONE',  ( 0.000000000000000000, 0.000000000000000000, -1.000000000000000000 ) ) ;
#1563 = VERTEX_POINT ( 'NONE', #196 ) ;
#1564 = EDGE_LOOP ( 'NONE', ( #1066, #2197 ) ) ;
#1565 = CYLINDRICAL_SURFACE ( 'NONE', #1387, 1.599999999999997202 ) ;
#1566 = CIRCLE ( 'NONE', #2038, 2.999999999999999112 ) ;
#1567 = VERTEX_POINT ( 'NONE', #1722 ) ;
#1568 = ORIENTED_EDGE ( 'NONE', *, *, #36, .F. ) ;
#1569 = CARTESIAN_POINT ( 'NONE',  ( 19.50000000000000000, 45.79999999999999716, -2.000000000000001776 ) ) ;
#1570 = DIRECTION ( 'NONE',  ( 0.000000000000000000, 0.000000000000000000, 1.000000000000000000 ) ) ;
#1571 = EDGE_CURVE ( 'NONE', #1145, #1705, #1544, .T. ) ;
#1572 = ORIENTED_EDGE ( 'NONE', *, *, #1392, .T. ) ;
#1573 = EDGE_CURVE ( 'NONE', #24, #1925, #2135, .T. ) ;
#1574 = LINE ( 'NONE', #1054, #608 ) ;
#1575 = ORIENTED_EDGE ( 'NONE', *, *, #1794, .F. ) ;
#1576 = DIRECTION ( 'NONE',  ( 1.000000000000000000, -0.000000000000000000, 1.440760940173348857E-18 ) ) ;
#1577 = VERTEX_POINT ( 'NONE', #1553 ) ;
#1578 = CARTESIAN_POINT ( 'NONE',  ( 0.000000000000000000, -48.80000000000000426, -20.46046863561491946 ) ) ;
#1579 = CARTESIAN_POINT ( 'NONE',  ( 11.90000000000000036, -45.79999999999999716, 0.000000000000000000 ) ) ;
#1580 = CARTESIAN_POINT ( 'NONE',  ( 19.50000000000000000, -45.79999999999999716, -1.549999999999995826 ) ) ;
#1581 = EDGE_CURVE ( 'NONE', #607, #195, #783, .T. ) ;
#1582 = VERTEX_POINT ( 'NONE', #2069 ) ;
#1583 = DIRECTION ( 'NONE',  ( 0.000000000000000000, 0.000000000000000000, -1.000000000000000000 ) ) ;
#1584 = EDGE_CURVE ( 'NONE', #1189, #600, #725, .T. ) ;
#1585 = ORIENTED_EDGE ( 'NONE', *, *, #1801, .F. ) ;
#1586 = DIRECTION ( 'NONE',  ( 1.000000000000000000, -1.927470528863118802E-16, 0.000000000000000000 ) ) ;
#1587 = ADVANCED_FACE ( 'NONE', ( #735 ), #2086, .T. ) ;
#1588 = EDGE_LOOP ( 'NONE', ( #981, #1078, #434, #1472 ) ) ;
#1589 = VECTOR ( 'NONE', #138, 1000.000000000000000 ) ;
#1590 = FACE_OUTER_BOUND ( 'NONE', #1177, .T. ) ;
#1591 = DIRECTION ( 'NONE',  ( -1.440760940173349434E-18, 0.000000000000000000, 1.000000000000000000 ) ) ;
#1592 = CONICAL_SURFACE ( 'NONE', #997, 3.149999999999999911, 0.7853981633974533860 ) ;
#1593 = VERTEX_POINT ( 'NONE', #1079 ) ;
#1594 = CARTESIAN_POINT ( 'NONE',  ( 21.10000000000000142, -45.79999999999999716, -18.81190054693401237 ) ) ;
#1595 = AXIS2_PLACEMENT_3D ( 'NONE', #1095, #1781, #110 ) ;
#1596 = VECTOR ( 'NONE', #1047, 1000.000000000000000 ) ;
#1597 = FACE_OUTER_BOUND ( 'NONE', #355, .T. ) ;
#1598 = DIRECTION ( 'NONE',  ( -1.000000000000000000, -0.000000000000000000, -1.440760940173348857E-18 ) ) ;
#1599 = VERTEX_POINT ( 'NONE', #2147 ) ;
#1600 = ORIENTED_EDGE ( 'NONE', *, *, #1363, .F. ) ;
#1601 = CARTESIAN_POINT ( 'NONE',  ( 2.000000000000001776, -48.80000000000000426, -18.50000000000000355 ) ) ;
#1602 = VECTOR ( 'NONE', #449, 1000.000000000000000 ) ;
#1603 = EDGE_CURVE ( 'NONE', #1625, #988, #109, .T. ) ;
#1604 = CARTESIAN_POINT ( 'NONE',  ( 2.809483833338030309E-17, -45.79999999999999716, -19.50000000000000000 ) ) ;
#1605 = PLANE ( 'NONE',  #1340 ) ;
#1606 = ORIENTED_EDGE ( 'NONE', *, *, #1121, .T. ) ;
#1607 = ORIENTED_EDGE ( 'NONE', *, *, #736, .F. ) ;
#1608 = DIRECTION ( 'NONE',  ( 0.000000000000000000, 0.000000000000000000, 1.000000000000000000 ) ) ;
#1609 = CARTESIAN_POINT ( 'NONE',  ( 20.69999999999999929, -28.83293040828256082, 0.000000000000000000 ) ) ;
#1610 = ORIENTED_EDGE ( 'NONE', *, *, #1343, .F. ) ;
#1611 = CARTESIAN_POINT ( 'NONE',  ( 19.50000000000000000, -45.79999999999999716, -18.81190054693401237 ) ) ;
#1612 = ORIENTED_EDGE ( 'NONE', *, *, #726, .T. ) ;
#1613 = DIRECTION ( 'NONE',  ( -1.000000000000000000, 0.000000000000000000, 0.000000000000000000 ) ) ;
#1614 = CARTESIAN_POINT ( 'NONE',  ( 18.50000000000000355, 49.00000000000000000, -1.000000000000000000 ) ) ;
#1615 = DIRECTION ( 'NONE',  ( 1.000000000000000000, 0.000000000000000000, -0.000000000000000000 ) ) ;
#1616 = ORIENTED_EDGE ( 'NONE', *, *, #95, .F. ) ;
#1617 = CARTESIAN_POINT ( 'NONE',  ( 19.50000000000000000, -45.79999999999999716, -18.81190054693401237 ) ) ;
#1618 = LINE ( 'NONE', #1122, #293 ) ;
#1619 = ORIENTED_EDGE ( 'NONE', *, *, #708, .F. ) ;
#1620 = DIRECTION ( 'NONE',  ( 1.000000000000000000, -0.000000000000000000, 1.440760940173348857E-18 ) ) ;
#1621 = ADVANCED_FACE ( 'NONE', ( #60 ), #93, .T. ) ;
#1622 = PRODUCT_DEFINITION_FORMATION_WITH_SPECIFIED_SOURCE ( 'ANY', '', #2163, .NOT_KNOWN. ) ;
#1623 = CARTESIAN_POINT ( 'NONE',  ( 2.000000000000001776, -48.00000000000000000, -8.500000000000000000 ) ) ;
#1624 = CARTESIAN_POINT ( 'NONE',  ( 2.000000000000001776, -50.00000000000000000, -18.50000000000000355 ) ) ;
#1625 = VERTEX_POINT ( 'NONE', #770 ) ;
#1626 = CARTESIAN_POINT ( 'NONE',  ( 18.50000000000000355, -48.80000000000000426, -2.000000000000001776 ) ) ;
#1627 = CIRCLE ( 'NONE', #676, 1.599999999999997202 ) ;
#1628 = CARTESIAN_POINT ( 'NONE',  ( 0.000000000000000000, 48.00000000000000000, 0.000000000000000000 ) ) ;
#1629 = VECTOR ( 'NONE', #180, 1000.000000000000000 ) ;
#1630 = ORIENTED_EDGE ( 'NONE', *, *, #1170, .F. ) ;
#1631 = VECTOR ( 'NONE', #2142, 1000.000000000000000 ) ;
#1632 = DIRECTION ( 'NONE',  ( 1.334402673828313093E-16, -0.000000000000000000, 1.000000000000000000 ) ) ;
#1633 = ORIENTED_EDGE ( 'NONE', *, *, #1184, .T. ) ;
#1634 = CARTESIAN_POINT ( 'NONE',  ( 1.224646799147346644E-17, -28.83293040828256792, -8.500000000000000000 ) ) ;
#1635 = DIRECTION ( 'NONE',  ( 0.000000000000000000, 0.000000000000000000, -1.000000000000000000 ) ) ;
#1636 = DIRECTION ( 'NONE',  ( -1.000000000000000000, 0.000000000000000000, 0.000000000000000000 ) ) ;
#1637 = CIRCLE ( 'NONE', #2001, 1.000000000000000000 ) ;
#1638 = ORIENTED_EDGE ( 'NONE', *, *, #706, .T. ) ;
#1639 = DIRECTION ( 'NONE',  ( -1.000000000000000000, 0.000000000000000000, 0.000000000000000000 ) ) ;
#1640 = ORIENTED_EDGE ( 'NONE', *, *, #592, .T. ) ;
#1641 = VECTOR ( 'NONE', #1018, 1000.000000000000000 ) ;
#1642 = ORIENTED_EDGE ( 'NONE', *, *, #1997, .T. ) ;
#1643 = EDGE_CURVE ( 'NONE', #1455, #214, #1778, .T. ) ;
#1644 = CARTESIAN_POINT ( 'NONE',  ( 0.000000000000000000, 45.79999999999999716, -11.90000000000000036 ) ) ;
#1645 = CARTESIAN_POINT ( 'NONE',  ( 0.000000000000000000, 48.80000000000000426, -22.70000000000000639 ) ) ;
#1646 = CARTESIAN_POINT ( 'NONE',  ( 18.81190054693401237, -41.00649942268735515, -19.89736842105263648 ) ) ;
#1647 = VERTEX_POINT ( 'NONE', #1438 ) ;
#1648 = VERTEX_POINT ( 'NONE', #2118 ) ;
#1649 = DIRECTION ( 'NONE',  ( 1.000000000000000000, 0.000000000000000000, 0.000000000000000000 ) ) ;
#1650 = VERTEX_POINT ( 'NONE', #1287 ) ;
#1651 = DIRECTION ( 'NONE',  ( 0.000000000000000000, 0.000000000000000000, 1.000000000000000000 ) ) ;
#1652 = LINE ( 'NONE', #183, #1063 ) ;
#1653 = FACE_OUTER_BOUND ( 'NONE', #97, .T. ) ;
#1654 = ADVANCED_FACE ( 'NONE', ( #741 ), #428, .F. ) ;
#1655 = ORIENTED_EDGE ( 'NONE', *, *, #665, .T. ) ;
#1656 = CARTESIAN_POINT ( 'NONE',  ( 18.81190054693401237, -45.79999999999999716, -21.10000000000000142 ) ) ;
#1657 = ORIENTED_EDGE ( 'NONE', *, *, #1643, .F. ) ;
#1658 = VECTOR ( 'NONE', #1667, 1000.000000000000000 ) ;
#1659 = VECTOR ( 'NONE', #1240, 1000.000000000000000 ) ;
#1660 = FACE_OUTER_BOUND ( 'NONE', #801, .T. ) ;
#1661 = CIRCLE ( 'NONE', #707, 1.599999999999997202 ) ;
#1662 = FACE_OUTER_BOUND ( 'NONE', #1138, .T. ) ;
#1663 = VECTOR ( 'NONE', #126, 1000.000000000000114 ) ;
#1664 = DIRECTION ( 'NONE',  ( -0.7071067811865474617, 8.659560562354932858E-17, -0.7071067811865474617 ) ) ;
#1665 = VECTOR ( 'NONE', #49, 1000.000000000000000 ) ;
#1666 = CYLINDRICAL_SURFACE ( 'NONE', #225, 1.600000000000000755 ) ;
#1667 = DIRECTION ( 'NONE',  ( 0.000000000000000000, 0.000000000000000000, 1.000000000000000000 ) ) ;
#1668 = EDGE_CURVE ( 'NONE', #353, #1547, #1352, .T. ) ;
#1669 = ORIENTED_EDGE ( 'NONE', *, *, #1194, .F. ) ;
#1670 = CARTESIAN_POINT ( 'NONE',  ( 0.000000000000000000, 48.80000000000000426, -22.70000000000000639 ) ) ;
#1671 = ORIENTED_EDGE ( 'NONE', *, *, #1739, .T. ) ;
#1672 = DIRECTION ( 'NONE',  ( -1.000000000000000000, 0.000000000000000000, 0.000000000000000000 ) ) ;
#1673 = AXIS2_PLACEMENT_3D ( 'NONE', #856, #331, #1003 ) ;
#1674 = ADVANCED_FACE ( 'NONE', ( #1921 ), #406, .F. ) ;
#1675 = B_SPLINE_CURVE_WITH_KNOTS ( 'NONE', 3,
 ( #1093, #1160, #1513, #342, #306, #1977, #495, #1308 ),
 .UNSPECIFIED., .F., .F.,
 ( 4, 2, 2, 4 ),
 ( 0.005960112606667259880, 0.006439214615960441902, 0.006918316625253623925, 0.007876520643839998378 ),
 .UNSPECIFIED. ) ;
#1676 = DIRECTION ( 'NONE',  ( 0.000000000000000000, 0.000000000000000000, 1.000000000000000000 ) ) ;
#1677 = ORIENTED_EDGE ( 'NONE', *, *, #403, .T. ) ;
#1678 = DIRECTION ( 'NONE',  ( 0.000000000000000000, 0.000000000000000000, -1.000000000000000000 ) ) ;
#1679 = CYLINDRICAL_SURFACE ( 'NONE', #1535, 1.600000000000000755 ) ;
#1680 = EDGE_CURVE ( 'NONE', #1145, #2148, #1253, .T. ) ;
#1681 = ORIENTED_EDGE ( 'NONE', *, *, #1355, .F. ) ;
#1682 = ORIENTED_EDGE ( 'NONE', *, *, #156, .F. ) ;
#1683 = DIRECTION ( 'NONE',  ( -1.000000000000000000, 0.000000000000000000, 0.000000000000000000 ) ) ;
#1684 = ORIENTED_EDGE ( 'NONE', *, *, #1581, .T. ) ;
#1685 = CARTESIAN_POINT ( 'NONE',  ( 20.46046863561491946, -48.80000000000000426, 1.734723475976807883E-15 ) ) ;
#1686 = EDGE_CURVE ( 'NONE', #2085, #2160, #1276, .T. ) ;
#1687 = CARTESIAN_POINT ( 'NONE',  ( 2.000000000000001776, 50.00000000000000000, -18.50000000000000355 ) ) ;
#1688 = VERTEX_POINT ( 'NONE', #751 ) ;
#1689 = LINE ( 'NONE', #1314, #106 ) ;
#1690 = LINE ( 'NONE', #808, #13 ) ;
#1691 = ORIENTED_EDGE ( 'NONE', *, *, #1023, .T. ) ;
#1692 = CARTESIAN_POINT ( 'NONE',  ( 1.224646799147346644E-17, -48.00000000000000000, -8.500000000000000000 ) ) ;
#1693 = ORIENTED_EDGE ( 'NONE', *, *, #167, .F. ) ;
#1694 = DIRECTION ( 'NONE',  ( -0.000000000000000000, 0.000000000000000000, -1.000000000000000000 ) ) ;
#1695 = VECTOR ( 'NONE', #1272, 1000.000000000000000 ) ;
#1696 = AXIS2_PLACEMENT_3D ( 'NONE', #1539, #559, #580 ) ;
#1697 = DIRECTION ( 'NONE',  ( 0.000000000000000000, 0.000000000000000000, 1.000000000000000000 ) ) ;
#1698 = ORIENTED_EDGE ( 'NONE', *, *, #1113, .T. ) ;
#1699 = VECTOR ( 'NONE', #1704, 1000.000000000000000 ) ;
#1700 = DIRECTION ( 'NONE',  ( 1.000000000000000000, 0.000000000000000000, 0.000000000000000000 ) ) ;
#1701 = VECTOR ( 'NONE', #430, 1000.000000000000000 ) ;
#1702 = VECTOR ( 'NONE', #239, 1000.000000000000000 ) ;
#1703 = CARTESIAN_POINT ( 'NONE',  ( 18.50000000000000711, -48.80000000000000426, -2.000000000000001776 ) ) ;
#1704 = DIRECTION ( 'NONE',  ( -0.000000000000000000, 1.000000000000000000, -0.000000000000000000 ) ) ;
#1705 = VERTEX_POINT ( 'NONE', #1626 ) ;
#1706 = CARTESIAN_POINT ( 'NONE',  ( 2.000000000000001776, 44.00000000000000711, -22.70000000000000639 ) ) ;
#1707 = AXIS2_PLACEMENT_3D ( 'NONE', #388, #1058, #219 ) ;
#1708 = CARTESIAN_POINT ( 'NONE',  ( 18.81190054693401237, -45.79999999999999716, -11.90000000000000036 ) ) ;
#1709 = ORIENTED_EDGE ( 'NONE', *, *, #1959, .F. ) ;
#1710 = AXIS2_PLACEMENT_3D ( 'NONE', #938, #2099, #584 ) ;
#1711 = CARTESIAN_POINT ( 'NONE',  ( 11.90000000000000036, 45.79999999999999716, -18.81190054693401237 ) ) ;
#1712 = CIRCLE ( 'NONE', #1428, 1.599999999999986766 ) ;
#1713 = VECTOR ( 'NONE', #1468, 1000.000000000000000 ) ;
#1714 = ORIENTED_EDGE ( 'NONE', *, *, #1508, .F. ) ;
#1715 = DIRECTION ( 'NONE',  ( -0.000000000000000000, -1.000000000000000000, -0.000000000000000000 ) ) ;
#1716 = ORIENTED_EDGE ( 'NONE', *, *, #1397, .T. ) ;
#1717 = DIRECTION ( 'NONE',  ( -1.000000000000000000, 0.000000000000000000, 0.000000000000000000 ) ) ;
#1718 = EDGE_CURVE ( 'NONE', #786, #1599, #1790, .T. ) ;
#1719 = ORIENTED_EDGE ( 'NONE', *, *, #1214, .F. ) ;
#1720 = CARTESIAN_POINT ( 'NONE',  ( 8.500000000000000000, -48.00000000000000000, 0.000000000000000000 ) ) ;
#1721 = ORIENTED_EDGE ( 'NONE', *, *, #1680, .T. ) ;
#1722 = CARTESIAN_POINT ( 'NONE',  ( 18.53953136438508054, 48.80000000000000426, 1.734723475976807883E-15 ) ) ;
#1723 = EDGE_CURVE ( 'NONE', #1647, #50, #1108, .T. ) ;
#1724 = ORIENTED_EDGE ( 'NONE', *, *, #272, .T. ) ;
#1725 = DIRECTION ( 'NONE',  ( -1.000000000000000000, 0.000000000000000000, 0.000000000000000000 ) ) ;
#1726 = EDGE_CURVE ( 'NONE', #1809, #915, #1119, .T. ) ;
#1727 = DIRECTION ( 'NONE',  ( 1.000000000000000000, 0.000000000000000000, 0.000000000000000000 ) ) ;
#1728 = ORIENTED_EDGE ( 'NONE', *, *, #1199, .T. ) ;
#1729 = AXIS2_PLACEMENT_3D ( 'NONE', #1090, #1448, #909 ) ;
#1730 = LINE ( 'NONE', #1542, #1854 ) ;
#1731 = CARTESIAN_POINT ( 'NONE',  ( 2.000000000000001776, 45.79999999999999716, -19.50000000000000000 ) ) ;
#1732 = CIRCLE ( 'NONE', #330, 3.149999999999999911 ) ;
#1733 = CONICAL_SURFACE ( 'NONE', #855, 3.149999999999999911, 0.7853981633974533860 ) ;
#1734 = CARTESIAN_POINT ( 'NONE',  ( 10.30000000000000426, 45.79999999999999716, 0.000000000000000000 ) ) ;
#1735 = DIRECTION ( 'NONE',  ( -1.440760940173348857E-18, 0.000000000000000000, 1.000000000000000000 ) ) ;
#1736 = ORIENTED_EDGE ( 'NONE', *, *, #18, .F. ) ;
#1737 = ADVANCED_FACE ( 'NONE', ( #2106 ), #1450, .T. ) ;
#1738 = CIRCLE ( 'NONE', #683, 1.600000000000000755 ) ;
#1739 = EDGE_CURVE ( 'NONE', #1791, #1688, #1755, .T. ) ;
#1740 = DIRECTION ( 'NONE',  ( 0.000000000000000000, 1.000000000000000000, 0.000000000000000000 ) ) ;
#1741 = VECTOR ( 'NONE', #1463, 1000.000000000000000 ) ;
#1742 = EDGE_LOOP ( 'NONE', ( #566, #1803, #560, #1401 ) ) ;
#1743 = CARTESIAN_POINT ( 'NONE',  ( 22.64999999999999858, -45.79999999999999716, 1.734723475976807883E-15 ) ) ;
#1744 = EDGE_CURVE ( 'NONE', #1159, #729, #1932, .T. ) ;
#1745 = ORIENTED_EDGE ( 'NONE', *, *, #1199, .F. ) ;
#1746 = CARTESIAN_POINT ( 'NONE',  ( 11.90000000000000036, -45.79999999999999716, -18.81190054693401237 ) ) ;
#1747 = B_SPLINE_CURVE_WITH_KNOTS ( 'NONE', 3,
 ( #1685, #166, #694, #1, #682, #1353 ),
 .UNSPECIFIED., .F., .F.,
 ( 4, 2, 4 ),
 ( 0.005254406822297347061, 0.006217065688899252665, 0.007179724555501159136 ),
 .UNSPECIFIED. ) ;
#1748 = AXIS2_PLACEMENT_3D ( 'NONE', #1870, #831, #667 ) ;
#1749 = EDGE_CURVE ( 'NONE', #1567, #172, #1732, .T. ) ;
#1750 = ORIENTED_EDGE ( 'NONE', *, *, #1126, .F. ) ;
#1751 = DIRECTION ( 'NONE',  ( 0.000000000000000000, 0.000000000000000000, 1.000000000000000000 ) ) ;
#1752 = VECTOR ( 'NONE', #757, 1000.000000000000000 ) ;
#1753 = EDGE_CURVE ( 'NONE', #1788, #1599, #776, .T. ) ;
#1754 = CARTESIAN_POINT ( 'NONE',  ( 2.000000000000001776, 48.80000000000000426, -22.70000000000000639 ) ) ;
#1755 = LINE ( 'NONE', #617, #1344 ) ;
#1756 = EDGE_LOOP ( 'NONE', ( #1900, #263, #329, #1942 ) ) ;
#1757 = EDGE_CURVE ( 'NONE', #587, #1243, #1675, .T. ) ;
#1758 = FACE_OUTER_BOUND ( 'NONE', #248, .T. ) ;
#1759 = DIRECTION ( 'NONE',  ( -0.000000000000000000, 1.000000000000000000, -0.000000000000000000 ) ) ;
#1760 = EDGE_CURVE ( 'NONE', #544, #2048, #154, .T. ) ;
#1761 = DIRECTION ( 'NONE',  ( -1.000000000000000000, 0.000000000000000000, 0.000000000000000000 ) ) ;
#1762 = DIRECTION ( 'NONE',  ( 1.000000000000000000, -0.000000000000000000, -0.000000000000000000 ) ) ;
#1763 = EDGE_LOOP ( 'NONE', ( #1262, #713, #1022, #365, #1011, #1520 ) ) ;
#1764 = ORIENTED_EDGE ( 'NONE', *, *, #265, .F. ) ;
#1765 = CARTESIAN_POINT ( 'NONE',  ( 1.550000000000002709, 45.79999999999999716, -19.50000000000000000 ) ) ;
#1766 = CYLINDRICAL_SURFACE ( 'NONE', #542, 1.599999999999997202 ) ;
#1767 = EDGE_LOOP ( 'NONE', ( #1406, #953, #505, #134 ) ) ;
#1768 = DIRECTION ( 'NONE',  ( 1.000000000000000000, 0.000000000000000000, 0.000000000000000000 ) ) ;
#1769 = EDGE_LOOP ( 'NONE', ( #1107, #461, #1045, #316, #1307, #1212 ) ) ;
#1770 = AXIS2_PLACEMENT_3D ( 'NONE', #730, #1920, #373 ) ;
#1771 = EDGE_LOOP ( 'NONE', ( #519, #1545, #1125, #1946 ) ) ;
#1772 = LINE ( 'NONE', #609, #575 ) ;
#1773 = DIRECTION ( 'NONE',  ( 0.000000000000000000, 0.000000000000000000, -1.000000000000000000 ) ) ;
#1774 = CARTESIAN_POINT ( 'NONE',  ( 17.89999999999999858, -45.79999999999999716, -2.000000000000001776 ) ) ;
#1775 = AXIS2_PLACEMENT_3D ( 'NONE', #863, #896, #1188 ) ;
#1776 = VERTEX_POINT ( 'NONE', #629 ) ;
#1777 = ORIENTED_EDGE ( 'NONE', *, *, #503, .T. ) ;
#1778 = LINE ( 'NONE', #760, #1741 ) ;
#1779 = CIRCLE ( 'NONE', #253, 1.599999999999997202 ) ;
#1780 = STYLED_ITEM ( 'NONE', ( #1798 ), #1254 ) ;
#1781 = DIRECTION ( 'NONE',  ( 0.000000000000000000, 0.000000000000000000, 1.000000000000000000 ) ) ;
#1782 = DIRECTION ( 'NONE',  ( -1.440760940173349434E-18, 0.000000000000000000, 1.000000000000000000 ) ) ;
#1783 = ORIENTED_EDGE ( 'NONE', *, *, #731, .F. ) ;
#1784 = CARTESIAN_POINT ( 'NONE',  ( 18.81190054693401237, 48.80000000000000426, -18.50000000000000355 ) ) ;
#1785 = CIRCLE ( 'NONE', #1391, 3.149999999999999911 ) ;
#1786 = DIRECTION ( 'NONE',  ( 0.000000000000000000, -1.000000000000000000, 0.000000000000000000 ) ) ;
#1787 = DIRECTION ( 'NONE',  ( 0.000000000000000000, -0.000000000000000000, 1.000000000000000000 ) ) ;
#1788 = VERTEX_POINT ( 'NONE', #833 ) ;
#1789 = ORIENTED_EDGE ( 'NONE', *, *, #1973, .F. ) ;
#1790 = LINE ( 'NONE', #1594, #850 ) ;
#1791 = VERTEX_POINT ( 'NONE', #982 ) ;
#1792 = EDGE_CURVE ( 'NONE', #1013, #1264, #1861, .T. ) ;
#1793 = CARTESIAN_POINT ( 'NONE',  ( 22.70000000000000639, 44.00000000000000711, -2.000000000000002220 ) ) ;
#1794 = EDGE_CURVE ( 'NONE', #274, #1145, #969, .T. ) ;
#1795 = ORIENTED_EDGE ( 'NONE', *, *, #1358, .T. ) ;
#1796 = FACE_OUTER_BOUND ( 'NONE', #2077, .T. ) ;
#1797 = ORIENTED_EDGE ( 'NONE', *, *, #1185, .F. ) ;
#1798 = PRESENTATION_STYLE_ASSIGNMENT (( #436 ) ) ;
#1799 = CARTESIAN_POINT ( 'NONE',  ( 19.70000000000000639, -44.00000000000000711, -2.000000000000001776 ) ) ;
#1800 = DIRECTION ( 'NONE',  ( -1.000000000000000000, 0.000000000000000000, 0.000000000000000000 ) ) ;
#1801 = EDGE_CURVE ( 'NONE', #798, #690, #2026, .T. ) ;
#1802 = ADVANCED_FACE ( 'NONE', ( #295 ), #1012, .F. ) ;
#1803 = ORIENTED_EDGE ( 'NONE', *, *, #1571, .T. ) ;
#1804 = EDGE_LOOP ( 'NONE', ( #1797, #2053, #1380, #1071, #1206, #2045 ) ) ;
#1805 = DIRECTION ( 'NONE',  ( -0.000000000000000000, 0.000000000000000000, -1.000000000000000000 ) ) ;
#1806 = DIRECTION ( 'NONE',  ( 1.000000000000000000, 0.000000000000000000, 0.000000000000000000 ) ) ;
#1807 = ORIENTED_EDGE ( 'NONE', *, *, #873, .T. ) ;
#1808 = PLANE ( 'NONE',  #814 ) ;
#1809 = VERTEX_POINT ( 'NONE', #328 ) ;
#1810 = DIRECTION ( 'NONE',  ( 1.000000000000000000, 0.000000000000000000, 0.000000000000000000 ) ) ;
#1811 = DIRECTION ( 'NONE',  ( 0.000000000000000000, -0.000000000000000000, 1.000000000000000000 ) ) ;
#1812 = PLANE ( 'NONE',  #390 ) ;
#1813 = VERTEX_POINT ( 'NONE', #1670 ) ;
#1814 = CARTESIAN_POINT ( 'NONE',  ( 8.500000000000001776, -50.00000000000000000, -2.000000000000001776 ) ) ;
#1815 = ADVANCED_FACE ( 'NONE', ( #660 ), #1502, .T. ) ;
#1816 = EDGE_CURVE ( 'NONE', #1563, #227, #1627, .T. ) ;
#1817 = AXIS2_PLACEMENT_3D ( 'NONE', #539, #1715, #1887 ) ;
#1818 = ORIENTED_EDGE ( 'NONE', *, *, #111, .T. ) ;
#1819 = LINE ( 'NONE', #1301, #1385 ) ;
#1820 = VECTOR ( 'NONE', #1224, 1000.000000000000000 ) ;
#1821 = ORIENTED_EDGE ( 'NONE', *, *, #1918, .F. ) ;
#1822 = DIRECTION ( 'NONE',  ( 0.000000000000000000, 1.000000000000000000, 0.000000000000000000 ) ) ;
#1823 = DIRECTION ( 'NONE',  ( 0.000000000000000000, -1.000000000000000000, 0.000000000000000000 ) ) ;
#1824 = CARTESIAN_POINT ( 'NONE',  ( 13.49999999999999822, -45.79999999999999716, -2.000000000000001776 ) ) ;
#1825 = APPLICATION_PROTOCOL_DEFINITION ( 'draft international standard', 'automotive_design', 1998, #1094 ) ;
#1826 = EDGE_CURVE ( 'NONE', #1577, #2085, #823, .T. ) ;
#1827 = ORIENTED_EDGE ( 'NONE', *, *, #1760, .T. ) ;
#1828 = CARTESIAN_POINT ( 'NONE',  ( 8.500000000000000000, 50.00000000000000000, -2.000000000000001776 ) ) ;
#1829 = CIRCLE ( 'NONE', #78, 3.149999999999999911 ) ;
#1830 = CIRCLE ( 'NONE', #229, 2.999999999999999112 ) ;
#1831 = LINE ( 'NONE', #2017, #861 ) ;
#1832 = DIRECTION ( 'NONE',  ( -1.000000000000000000, 0.000000000000000000, 0.000000000000000000 ) ) ;
#1833 = CARTESIAN_POINT ( 'NONE',  ( 1.550000000000002709, 45.79999999999999716, -19.50000000000000000 ) ) ;
#1834 = FACE_OUTER_BOUND ( 'NONE', #1019, .T. ) ;
#1835 = EDGE_LOOP ( 'NONE', ( #1020, #1777, #1935, #1289, #207, #66 ) ) ;
#1836 = CYLINDRICAL_SURFACE ( 'NONE', #924, 1.599999999999997202 ) ;
#1837 = ORIENTED_EDGE ( 'NONE', *, *, #1343, .T. ) ;
#1838 = EDGE_CURVE ( 'NONE', #1264, #878, #2, .T. ) ;
#1839 = CARTESIAN_POINT ( 'NONE',  ( 2.809483833338030309E-17, -45.79999999999999716, -19.50000000000000000 ) ) ;
#1840 = ORIENTED_EDGE ( 'NONE', *, *, #1801, .T. ) ;
#1841 = LINE ( 'NONE', #993, #215 ) ;
#1842 = EDGE_CURVE ( 'NONE', #607, #1298, #1473, .T. ) ;
#1843 = CARTESIAN_POINT ( 'NONE',  ( 8.500000000000000000, 28.83293040828256082, 0.000000000000000000 ) ) ;
#1844 = DIRECTION ( 'NONE',  ( -1.000000000000000000, 0.000000000000000000, 0.000000000000000000 ) ) ;
#1845 =( LENGTH_UNIT ( ) NAMED_UNIT ( * ) SI_UNIT ( .MILLI., .METRE. ) );
#1846 = AXIS2_PLACEMENT_3D ( 'NONE', #231, #1800, #1929 ) ;
#1847 = EDGE_CURVE ( 'NONE', #759, #2182, #1853, .T. ) ;
#1848 = VERTEX_POINT ( 'NONE', #2161 ) ;
#1849 = VERTEX_POINT ( 'NONE', #639 ) ;
#1850 = DIRECTION ( 'NONE',  ( -1.000000000000000000, 0.000000000000000000, 0.000000000000000000 ) ) ;
#1851 = EDGE_LOOP ( 'NONE', ( #678, #153, #162, #1989 ) ) ;
#1852 = CARTESIAN_POINT ( 'NONE',  ( 0.000000000000000000, -48.80000000000000426, -18.50000000000000355 ) ) ;
#1853 = CIRCLE ( 'NONE', #1554, 2.999999999999999112 ) ;
#1854 = VECTOR ( 'NONE', #1697, 1000.000000000000000 ) ;
#1855 = CARTESIAN_POINT ( 'NONE',  ( 18.81190054693401237, -45.79999999999999716, -19.50000000000000000 ) ) ;
#1856 = AXIS2_PLACEMENT_3D ( 'NONE', #228, #203, #879 ) ;
#1857 = PLANE ( 'NONE',  #182 ) ;
#1858 = CARTESIAN_POINT ( 'NONE',  ( 2.000000000000000000, -48.00000000000000000, -8.500000000000000000 ) ) ;
#1859 = DIRECTION ( 'NONE',  ( -0.000000000000000000, -0.000000000000000000, 1.000000000000000000 ) ) ;
#1860 = ORIENTED_EDGE ( 'NONE', *, *, #792, .T. ) ;
#1861 = LINE ( 'NONE', #130, #1167 ) ;
#1862 = VERTEX_POINT ( 'NONE', #1991 ) ;
#1863 = DIRECTION ( 'NONE',  ( 0.000000000000000000, 0.000000000000000000, 1.000000000000000000 ) ) ;
#1864 = PRODUCT_RELATED_PRODUCT_CATEGORY ( 'part', '', ( #2163 ) ) ;
#1865 = CARTESIAN_POINT ( 'NONE',  ( 8.500000000000000000, 48.00000000000000000, 0.000000000000000000 ) ) ;
#1866 = AXIS2_PLACEMENT_3D ( 'NONE', #1383, #1031, #2080 ) ;
#1867 = ORIENTED_EDGE ( 'NONE', *, *, #1251, .F. ) ;
#1868 = AXIS2_PLACEMENT_3D ( 'NONE', #746, #1632, #99 ) ;
#1869 = CARTESIAN_POINT ( 'NONE',  ( 0.000000000000000000, 45.79999999999999716, -11.90000000000000036 ) ) ;
#1870 = CARTESIAN_POINT ( 'NONE',  ( 0.000000000000000000, -45.79999999999999716, -11.90000000000000036 ) ) ;
#1871 = ORIENTED_EDGE ( 'NONE', *, *, #418, .T. ) ;
#1872 = FACE_OUTER_BOUND ( 'NONE', #1804, .T. ) ;
#1873 = ORIENTED_EDGE ( 'NONE', *, *, #2185, .T. ) ;
#1874 = CARTESIAN_POINT ( 'NONE',  ( 0.000000000000000000, 45.79999999999999716, -13.49999999999999822 ) ) ;
#1875 = LINE ( 'NONE', #641, #1524 ) ;
#1876 = CYLINDRICAL_SURFACE ( 'NONE', #1456, 1.599999999999997202 ) ;
#1877 = VERTEX_POINT ( 'NONE', #1828 ) ;
#1878 = DIRECTION ( 'NONE',  ( 0.000000000000000000, 0.000000000000000000, 1.000000000000000000 ) ) ;
#1879 = ORIENTED_EDGE ( 'NONE', *, *, #586, .F. ) ;
#1880 = CARTESIAN_POINT ( 'NONE',  ( 19.70000000000000639, -44.00000000000000711, -18.81190054693401237 ) ) ;
#1881 = CARTESIAN_POINT ( 'NONE',  ( 18.50000000000000355, 50.00000000000000000, -2.000000000000001776 ) ) ;
#1882 = AXIS2_PLACEMENT_3D ( 'NONE', #1221, #716, #379 ) ;
#1883 = DIRECTION ( 'NONE',  ( 1.000000000000000000, 0.000000000000000000, 0.000000000000000000 ) ) ;
#1884 = AXIS2_PLACEMENT_3D ( 'NONE', #2137, #1453, #1290 ) ;
#1885 = CIRCLE ( 'NONE', #474, 1.600000000000000755 ) ;
#1886 = ORIENTED_EDGE ( 'NONE', *, *, #1279, .T. ) ;
#1887 = DIRECTION ( 'NONE',  ( 0.000000000000000000, 0.000000000000000000, 1.000000000000000000 ) ) ;
#1888 = DIRECTION ( 'NONE',  ( 1.000000000000000000, 0.000000000000000000, 0.000000000000000000 ) ) ;
#1889 = ORIENTED_EDGE ( 'NONE', *, *, #2140, .T. ) ;
#1890 = CARTESIAN_POINT ( 'NONE',  ( 1.000000000000000000, 48.00000000000000000, -1.000000000000000000 ) ) ;
#1891 = B_SPLINE_CURVE_WITH_KNOTS ( 'NONE', 3,
 ( #1229, #1906, #389, #1059, #1081, #1916, #758, #1402 ),
 .UNSPECIFIED., .F., .F.,
 ( 4, 2, 2, 4 ),
 ( 0.005960112606667259880, 0.006439214615960441902, 0.006918316625253623925, 0.007876520643839998378 ),
 .UNSPECIFIED. ) ;
#1892 = ORIENTED_EDGE ( 'NONE', *, *, #2070, .F. ) ;
#1893 = ADVANCED_FACE ( 'NONE', ( #1337 ), #2021, .F. ) ;
#1894 = DIRECTION ( 'NONE',  ( -0.000000000000000000, -0.000000000000000000, -1.000000000000000000 ) ) ;
#1895 = ADVANCED_FACE ( 'NONE', ( #1151 ), #1836, .F. ) ;
#1896 = AXIS2_PLACEMENT_3D ( 'NONE', #1280, #1598, #76 ) ;
#1897 = CARTESIAN_POINT ( 'NONE',  ( 2.000000000000001776, 45.79999999999999716, -13.49999999999999822 ) ) ;
#1898 = CARTESIAN_POINT ( 'NONE',  ( 0.000000000000000000, -48.80000000000000426, -18.50000000000000355 ) ) ;
#1899 = DIRECTION ( 'NONE',  ( 1.000000000000000000, 0.000000000000000000, 0.000000000000000000 ) ) ;
#1900 = ORIENTED_EDGE ( 'NONE', *, *, #1332, .F. ) ;
#1901 = CARTESIAN_POINT ( 'NONE',  ( 22.64999999999999858, 45.79999999999999716, 1.734723475976807883E-15 ) ) ;
#1902 = VERTEX_POINT ( 'NONE', #842 ) ;
#1903 = CARTESIAN_POINT ( 'NONE',  ( 0.000000000000000000, -48.80000000000000426, -22.70000000000000639 ) ) ;
#1904 = EDGE_CURVE ( 'NONE', #214, #1791, #1096, .T. ) ;
#1905 = DIRECTION ( 'NONE',  ( -0.000000000000000000, -1.000000000000000000, -0.000000000000000000 ) ) ;
#1906 = CARTESIAN_POINT ( 'NONE',  ( 0.04702576145419710280, -48.80000000000000426, -18.69375935589659576 ) ) ;
#1907 = EDGE_CURVE ( 'NONE', #1442, #2008, #1374, .T. ) ;
#1908 = CARTESIAN_POINT ( 'NONE',  ( 8.500000000000000000, 48.00000000000000000, 0.000000000000000000 ) ) ;
#1909 = CARTESIAN_POINT ( 'NONE',  ( 19.50000000000000000, -45.79999999999999716, 1.734723475976807883E-15 ) ) ;
#1910 = ORIENTED_EDGE ( 'NONE', *, *, #351, .T. ) ;
#1911 = EDGE_CURVE ( 'NONE', #420, #1776, #2044, .T. ) ;
#1912 = DIRECTION ( 'NONE',  ( 0.000000000000000000, 0.000000000000000000, 1.000000000000000000 ) ) ;
#1913 = EDGE_CURVE ( 'NONE', #1599, #1788, #1451, .T. ) ;
#1914 = VECTOR ( 'NONE', #695, 1000.000000000000000 ) ;
#1915 = CARTESIAN_POINT ( 'NONE',  ( 19.50000000000000000, 45.79999999999999716, -1.549999999999995826 ) ) ;
#1916 = CARTESIAN_POINT ( 'NONE',  ( 0.1502158834376856600, -48.80000000000001847, -19.82193264553861312 ) ) ;
#1917 = ORIENTED_EDGE ( 'NONE', *, *, #967, .F. ) ;
#1918 = EDGE_CURVE ( 'NONE', #1230, #451, #173, .T. ) ;
#1919 = VECTOR ( 'NONE', #1998, 1000.000000000000000 ) ;
#1920 = DIRECTION ( 'NONE',  ( 1.334402673828313093E-16, -0.000000000000000000, 1.000000000000000000 ) ) ;
#1921 = FACE_OUTER_BOUND ( 'NONE', #444, .T. ) ;
#1922 = ORIENTED_EDGE ( 'NONE', *, *, #821, .F. ) ;
#1923 = CARTESIAN_POINT ( 'NONE',  ( 2.000000000000001776, 45.79999999999999716, -11.90000000000000036 ) ) ;
#1924 = EDGE_CURVE ( 'NONE', #851, #1877, #1530, .T. ) ;
#1925 = VERTEX_POINT ( 'NONE', #1366 ) ;
#1926 = VECTOR ( 'NONE', #2114, 1000.000000000000000 ) ;
#1927 = DIRECTION ( 'NONE',  ( 1.000000000000000000, 0.000000000000000000, 0.000000000000000000 ) ) ;
#1928 = DIRECTION ( 'NONE',  ( -1.000000000000000000, 0.000000000000000000, 0.000000000000000000 ) ) ;
#1929 = DIRECTION ( 'NONE',  ( 0.000000000000000000, 0.000000000000000000, 1.000000000000000000 ) ) ;
#1930 = CIRCLE ( 'NONE', #523, 1.600000000000000755 ) ;
#1931 = FACE_BOUND ( 'NONE', #2202, .T. ) ;
#1932 = LINE ( 'NONE', #1965, #1521 ) ;
#1933 = CIRCLE ( 'NONE', #70, 1.599999999999997202 ) ;
#1934 = DIRECTION ( 'NONE',  ( 1.334402673828313093E-16, -0.000000000000000000, 1.000000000000000000 ) ) ;
#1935 = ORIENTED_EDGE ( 'NONE', *, *, #213, .T. ) ;
#1936 = DIRECTION ( 'NONE',  ( 1.927470528863118802E-16, 1.000000000000000000, 0.000000000000000000 ) ) ;
#1937 = ORIENTED_EDGE ( 'NONE', *, *, #1744, .F. ) ;
#1938 = FACE_OUTER_BOUND ( 'NONE', #23, .T. ) ;
#1939 = LINE ( 'NONE', #1250, #1984 ) ;
#1940 = EDGE_LOOP ( 'NONE', ( #1714, #1789 ) ) ;
#1941 = DIRECTION ( 'NONE',  ( 1.000000000000000000, 0.000000000000000000, 0.000000000000000000 ) ) ;
#1942 = ORIENTED_EDGE ( 'NONE', *, *, #1440, .T. ) ;
#1943 = CARTESIAN_POINT ( 'NONE',  ( 8.500000000000000000, -50.00000000000000000, -2.000000000000001776 ) ) ;
#1944 = ORIENTED_EDGE ( 'NONE', *, *, #418, .F. ) ;
#1945 = CARTESIAN_POINT ( 'NONE',  ( 0.000000000000000000, -41.00000000000000000, -8.500000000000000000 ) ) ;
#1946 = ORIENTED_EDGE ( 'NONE', *, *, #1983, .F. ) ;
#1947 = CARTESIAN_POINT ( 'NONE',  ( 2.947864402783587200E-17, 48.80000000000000426, -20.46046863561491946 ) ) ;
#1948 = DIRECTION ( 'NONE',  ( -0.000000000000000000, -0.000000000000000000, -1.000000000000000000 ) ) ;
#1949 = DIRECTION ( 'NONE',  ( 1.000000000000000000, 0.000000000000000000, 0.000000000000000000 ) ) ;
#1950 = ORIENTED_EDGE ( 'NONE', *, *, #955, .T. ) ;
#1951 = AXIS2_PLACEMENT_3D ( 'NONE', #51, #1787, #1615 ) ;
#1952 = ADVANCED_FACE ( 'NONE', ( #1872 ), #1592, .F. ) ;
#1953 = ORIENTED_EDGE ( 'NONE', *, *, #980, .F. ) ;
#1954 = ORIENTED_EDGE ( 'NONE', *, *, #1168, .T. ) ;
#1955 = CARTESIAN_POINT ( 'NONE',  ( 18.50000000000000355, -50.00000000000000000, -18.81190054693401237 ) ) ;
#1956 = CIRCLE ( 'NONE', #1417, 3.149999999999999911 ) ;
#1957 = DIRECTION ( 'NONE',  ( 1.000000000000000000, -0.000000000000000000, -0.000000000000000000 ) ) ;
#1958 = CARTESIAN_POINT ( 'NONE',  ( 18.81190054693401237, -44.00000000000000711, -22.70000000000000639 ) ) ;
#1959 = EDGE_CURVE ( 'NONE', #937, #2159, #292, .T. ) ;
#1960 = LINE ( 'NONE', #1645, #857 ) ;
#1961 = AXIS2_PLACEMENT_3D ( 'NONE', #2006, #1222, #1899 ) ;
#1962 = DIRECTION ( 'NONE',  ( -1.000000000000000000, 0.000000000000000000, 0.000000000000000000 ) ) ;
#1963 = FACE_OUTER_BOUND ( 'NONE', #1976, .T. ) ;
#1964 = VERTEX_POINT ( 'NONE', #1196 ) ;
#1965 = CARTESIAN_POINT ( 'NONE',  ( 2.000000000000000000, 48.00000000000000000, -1.999999999999999112 ) ) ;
#1966 = ORIENTED_EDGE ( 'NONE', *, *, #490, .T. ) ;
#1967 = VERTEX_POINT ( 'NONE', #43 ) ;
#1968 = ORIENTED_EDGE ( 'NONE', *, *, #1826, .T. ) ;
#1969 = FACE_BOUND ( 'NONE', #628, .T. ) ;
#1970 = LINE ( 'NONE', #1431, #1430 ) ;
#1971 = EDGE_CURVE ( 'NONE', #2117, #1189, #1042, .T. ) ;
#1972 = DIRECTION ( 'NONE',  ( 0.000000000000000000, 0.000000000000000000, 1.000000000000000000 ) ) ;
#1973 = EDGE_CURVE ( 'NONE', #1577, #210, #143, .T. ) ;
#1974 = CARTESIAN_POINT ( 'NONE',  ( 18.81190054693401237, -50.00000000000000000, -18.50000000000000355 ) ) ;
#1975 = DIRECTION ( 'NONE',  ( 0.000000000000000000, 0.000000000000000000, 1.000000000000000000 ) ) ;
#1976 = EDGE_LOOP ( 'NONE', ( #1426, #2132, #1528, #1638 ) ) ;
#1977 = CARTESIAN_POINT ( 'NONE',  ( 0.1502158834376856600, 48.80000000000001847, -19.82193264553861312 ) ) ;
#1978 = ORIENTED_EDGE ( 'NONE', *, *, #802, .T. ) ;
#1979 = DIRECTION ( 'NONE',  ( -0.7071067811865511255, 8.659560562354978464E-17, 0.7071067811865440200 ) ) ;
#1980 = ORIENTED_EDGE ( 'NONE', *, *, #222, .F. ) ;
#1981 = LINE ( 'NONE', #1945, #1186 ) ;
#1982 = ORIENTED_EDGE ( 'NONE', *, *, #592, .F. ) ;
#1983 = EDGE_CURVE ( 'NONE', #532, #1813, #2201, .T. ) ;
#1984 = VECTOR ( 'NONE', #1411, 1000.000000000000000 ) ;
#1985 = LINE ( 'NONE', #516, #620 ) ;
#1986 = EDGE_CURVE ( 'NONE', #1648, #737, #1032, .T. ) ;
#1987 = APPLICATION_PROTOCOL_DEFINITION ( 'draft international standard', 'automotive_design', 1998, #124 ) ;
#1988 = AXIS2_PLACEMENT_3D ( 'NONE', #189, #1548, #1377 ) ;
#1989 = ORIENTED_EDGE ( 'NONE', *, *, #1376, .F. ) ;
#1990 = ORIENTED_EDGE ( 'NONE', *, *, #1409, .T. ) ;
#1991 = CARTESIAN_POINT ( 'NONE',  ( 1.550000000000002709, -45.79999999999999716, -17.90000000000000213 ) ) ;
#1992 = ADVANCED_FACE ( 'NONE', ( #1384 ), #21, .F. ) ;
#1993 = AXIS2_PLACEMENT_3D ( 'NONE', #698, #1207, #2051 ) ;
#1994 = ORIENTED_EDGE ( 'NONE', *, *, #1193, .F. ) ;
#1995 = AXIS2_PLACEMENT_3D ( 'NONE', #217, #56, #1040 ) ;
#1996 = CARTESIAN_POINT ( 'NONE',  ( 20.46046863561491946, -48.80000000000000426, 1.734723475976807883E-15 ) ) ;
#1997 = EDGE_CURVE ( 'NONE', #915, #1189, #67, .T. ) ;
#1998 = DIRECTION ( 'NONE',  ( -1.000000000000000000, 0.000000000000000000, -0.000000000000000000 ) ) ;
#1999 = ADVANCED_FACE ( 'NONE', ( #371 ), #199, .T. ) ;
#2000 = CARTESIAN_POINT ( 'NONE',  ( 3.263323529492635726E-17, -45.79999999999999716, -22.64999999999999858 ) ) ;
#2001 = AXIS2_PLACEMENT_3D ( 'NONE', #1614, #1089, #1773 ) ;
#2002 = EDGE_LOOP ( 'NONE', ( #1028, #305, #1304, #384 ) ) ;
#2003 = CARTESIAN_POINT ( 'NONE',  ( 11.90000000000000036, -45.79999999999999716, -2.000000000000001776 ) ) ;
#2004 = ORIENTED_EDGE ( 'NONE', *, *, #1517, .F. ) ;
#2005 = AXIS2_PLACEMENT_3D ( 'NONE', #845, #3, #975 ) ;
#2006 = CARTESIAN_POINT ( 'NONE',  ( 11.90000000000000036, 45.79999999999999716, -2.000000000000001776 ) ) ;
#2007 = ADVANCED_FACE ( 'NONE', ( #28 ), #704, .T. ) ;
#2008 = VERTEX_POINT ( 'NONE', #1394 ) ;
#2009 = FACE_OUTER_BOUND ( 'NONE', #1763, .T. ) ;
#2010 = DIRECTION ( 'NONE',  ( 0.000000000000000000, 0.000000000000000000, 1.000000000000000000 ) ) ;
#2011 = DIRECTION ( 'NONE',  ( -0.7071067811865474617, 8.659560562354932858E-17, -0.7071067811865474617 ) ) ;
#2012 = DIRECTION ( 'NONE',  ( 0.000000000000000000, 0.000000000000000000, 1.000000000000000000 ) ) ;
#2013 = ORIENTED_EDGE ( 'NONE', *, *, #1552, .F. ) ;
#2014 = DIRECTION ( 'NONE',  ( 1.000000000000000000, 0.000000000000000000, 0.000000000000000000 ) ) ;
#2015 = ORIENTED_EDGE ( 'NONE', *, *, #1686, .T. ) ;
#2016 = CARTESIAN_POINT ( 'NONE',  ( 2.809483833338030309E-17, 45.79999999999999716, -19.50000000000000000 ) ) ;
#2017 = CARTESIAN_POINT ( 'NONE',  ( 2.665407739320695808E-17, 49.00000000000000000, -18.50000000000000355 ) ) ;
#2018 = LINE ( 'NONE', #687, #1141 ) ;
#2019 = DIRECTION ( 'NONE',  ( -1.334402673828313093E-16, 0.000000000000000000, -1.000000000000000000 ) ) ;
#2020 = VERTEX_POINT ( 'NONE', #558 ) ;
#2021 = CYLINDRICAL_SURFACE ( 'NONE', #178, 12.19999999999999929 ) ;
#2022 = EDGE_CURVE ( 'NONE', #353, #2055, #1891, .T. ) ;
#2023 = ORIENTED_EDGE ( 'NONE', *, *, #955, .F. ) ;
#2024 = EDGE_CURVE ( 'NONE', #878, #1967, #728, .T. ) ;
#2025 = LINE ( 'NONE', #1481, #47 ) ;
#2026 = CIRCLE ( 'NONE', #38, 1.599999999999997202 ) ;
#2027 = AXIS2_PLACEMENT_3D ( 'NONE', #1890, #570, #1039 ) ;
#2028 = CARTESIAN_POINT ( 'NONE',  ( 17.90000000000001279, 45.79999999999999716, -1.549999999999995826 ) ) ;
#2029 = VECTOR ( 'NONE', #1522, 1000.000000000000000 ) ;
#2030 = EDGE_CURVE ( 'NONE', #1813, #684, #749, .T. ) ;
#2031 = CARTESIAN_POINT ( 'NONE',  ( 2.000000000000000000, 48.00000000000000000, -8.500000000000000000 ) ) ;
#2032 = AXIS2_PLACEMENT_3D ( 'NONE', #270, #922, #601 ) ;
#2033 = CARTESIAN_POINT ( 'NONE',  ( 18.81190054693401237, 45.79999999999999716, -19.50000000000000000 ) ) ;
#2034 = ORIENTED_EDGE ( 'NONE', *, *, #288, .T. ) ;
#2035 = DIRECTION ( 'NONE',  ( -0.000000000000000000, -0.000000000000000000, 1.000000000000000000 ) ) ;
#2036 = ORIENTED_EDGE ( 'NONE', *, *, #415, .F. ) ;
#2037 = DIRECTION ( 'NONE',  ( -0.7071067811865511255, 8.659560562354978464E-17, 0.7071067811865440200 ) ) ;
#2038 = AXIS2_PLACEMENT_3D ( 'NONE', #344, #1672, #158 ) ;
#2039 = CARTESIAN_POINT ( 'NONE',  ( 22.70000000000000639, 48.80000000000000426, -2.000000000000005329 ) ) ;
#2040 = LINE ( 'NONE', #1334, #510 ) ;
#2041 = EDGE_CURVE ( 'NONE', #2126, #1788, #1238, .T. ) ;
#2042 = EDGE_CURVE ( 'NONE', #988, #1625, #1661, .T. ) ;
#2043 = EDGE_LOOP ( 'NONE', ( #1966, #1225, #917, #94 ) ) ;
#2044 = LINE ( 'NONE', #11, #1699 ) ;
#2045 = ORIENTED_EDGE ( 'NONE', *, *, #1749, .T. ) ;
#2046 = FACE_OUTER_BOUND ( 'NONE', #507, .T. ) ;
#2047 = DIRECTION ( 'NONE',  ( 0.000000000000000000, 1.000000000000000000, 0.000000000000000000 ) ) ;
#2048 = VERTEX_POINT ( 'NONE', #1425 ) ;
#2049 = FACE_OUTER_BOUND ( 'NONE', #1320, .T. ) ;
#2050 = CARTESIAN_POINT ( 'NONE',  ( 8.500000000000000000, 50.00000000000000000, -1.000000000000000888 ) ) ;
#2051 = DIRECTION ( 'NONE',  ( 1.000000000000000000, 0.000000000000000000, -0.000000000000000000 ) ) ;
#2052 = PLANE ( 'NONE',  #408 ) ;
#2053 = ORIENTED_EDGE ( 'NONE', *, *, #1184, .F. ) ;
#2054 = DIRECTION ( 'NONE',  ( 0.7071067811865511255, 0.000000000000000000, 0.7071067811865440200 ) ) ;
#2055 = VERTEX_POINT ( 'NONE', #1578 ) ;
#2056 = VECTOR ( 'NONE', #1480, 1000.000000000000000 ) ;
#2057 = CARTESIAN_POINT ( 'NONE',  ( 18.81190054693401237, 45.79999999999999716, -17.89999999999999858 ) ) ;
#2058 = AXIS2_PLACEMENT_3D ( 'NONE', #16, #1562, #723 ) ;
#2059 = AXIS2_PLACEMENT_3D ( 'NONE', #1869, #848, #8 ) ;
#2060 = DIRECTION ( 'NONE',  ( 1.000000000000000000, 0.000000000000000000, 0.000000000000000000 ) ) ;
#2061 = CARTESIAN_POINT ( 'NONE',  ( 19.50000000000000000, -45.79999999999999716, -1.549999999999995826 ) ) ;
#2062 = ORIENTED_EDGE ( 'NONE', *, *, #1168, .F. ) ;
#2063 = CARTESIAN_POINT ( 'NONE',  ( 0.000000000000000000, 48.80000000000000426, -18.53953136438508054 ) ) ;
#2064 = EDGE_LOOP ( 'NONE', ( #772, #1657, #1994, #350 ) ) ;
#2065 = ORIENTED_EDGE ( 'NONE', *, *, #663, .F. ) ;
#2066 = ADVANCED_FACE ( 'NONE', ( #2081 ), #279, .F. ) ;
#2067 = CARTESIAN_POINT ( 'NONE',  ( 18.50000000000000355, 50.00000000000000000, -1.000000000000000000 ) ) ;
#2068 = ORIENTED_EDGE ( 'NONE', *, *, #1432, .F. ) ;
#2069 = CARTESIAN_POINT ( 'NONE',  ( 16.35000000000000142, -45.79999999999999716, 1.734723475976807883E-15 ) ) ;
#2070 = EDGE_CURVE ( 'NONE', #1300, #1503, #602, .T. ) ;
#2071 = DIRECTION ( 'NONE',  ( 1.000000000000000000, 0.000000000000000000, 0.000000000000000000 ) ) ;
#2072 = CARTESIAN_POINT ( 'NONE',  ( 19.50000000000000000, 45.79999999999999716, 1.734723475976807883E-15 ) ) ;
#2073 = CARTESIAN_POINT ( 'NONE',  ( 2.000000000000000000, 48.00000000000000000, -1.999999999999999112 ) ) ;
#2074 = VERTEX_POINT ( 'NONE', #738 ) ;
#2075 = ORIENTED_EDGE ( 'NONE', *, *, #1266, .T. ) ;
#2076 = LINE ( 'NONE', #201, #647 ) ;
#2077 = EDGE_LOOP ( 'NONE', ( #958, #2065, #1821, #1681, #1783, #868, #1529, #1745, #1655, #1541, #1556, #1512, #1607, #1619, #1944, #1197, #1076, #1175, #54, #1055, #205, #846, #1087, #2023, #363, #2082 ) ) ;
#2078 = CARTESIAN_POINT ( 'NONE',  ( 8.500000000000000000, -50.00000000000000000, -18.81190054693401237 ) ) ;
#2079 = ADVANCED_FACE ( 'NONE', ( #1963 ), #91, .T. ) ;
#2080 = DIRECTION ( 'NONE',  ( 1.000000000000000000, 0.000000000000000000, 0.000000000000000000 ) ) ;
#2081 = FACE_OUTER_BOUND ( 'NONE', #1525, .T. ) ;
#2082 = ORIENTED_EDGE ( 'NONE', *, *, #792, .F. ) ;
#2083 = DIRECTION ( 'NONE',  ( 0.000000000000000000, 1.000000000000000000, 0.000000000000000000 ) ) ;
#2084 = FACE_OUTER_BOUND ( 'NONE', #1393, .T. ) ;
#2085 = VERTEX_POINT ( 'NONE', #589 ) ;
#2086 = PLANE ( 'NONE',  #511 ) ;
#2087 = AXIS2_PLACEMENT_3D ( 'NONE', #1580, #1083, #1941 ) ;
#2088 = VECTOR ( 'NONE', #1277, 1000.000000000000000 ) ;
#2089 = DIRECTION ( 'NONE',  ( 0.000000000000000000, 0.000000000000000000, 1.000000000000000000 ) ) ;
#2090 = EDGE_LOOP ( 'NONE', ( #2192, #1233, #2110, #2190 ) ) ;
#2091 = CARTESIAN_POINT ( 'NONE',  ( 10.30000000000000426, 45.79999999999999716, -18.81190054693401237 ) ) ;
#2092 = ORIENTED_EDGE ( 'NONE', *, *, #1398, .F. ) ;
#2093 = VECTOR ( 'NONE', #1259, 1000.000000000000000 ) ;
#2094 = CARTESIAN_POINT ( 'NONE',  ( 2.000000000000001776, -45.79999999999999716, -21.10000000000000142 ) ) ;
#2095 = DIRECTION ( 'NONE',  ( -1.440760940173349434E-18, 0.000000000000000000, 1.000000000000000000 ) ) ;
#2096 = EDGE_LOOP ( 'NONE', ( #464, #1152, #1118, #1610, #530, #974 ) ) ;
#2097 = DIRECTION ( 'NONE',  ( 0.000000000000000000, 0.000000000000000000, -1.000000000000000000 ) ) ;
#2098 = AXIS2_PLACEMENT_3D ( 'NONE', #895, #1115, #2089 ) ;
#2099 = DIRECTION ( 'NONE',  ( -1.000000000000000000, -1.927470528863118802E-16, 0.000000000000000000 ) ) ;
#2100 = ORIENTED_EDGE ( 'NONE', *, *, #338, .T. ) ;
#2101 = VERTEX_POINT ( 'NONE', #2115 ) ;
#2102 = LINE ( 'NONE', #1128, #1362 ) ;
#2103 = FACE_OUTER_BOUND ( 'NONE', #1742, .T. ) ;
#2104 = VERTEX_POINT ( 'NONE', #450 ) ;
#2105 = ORIENTED_EDGE ( 'NONE', *, *, #222, .T. ) ;
#2106 = FACE_OUTER_BOUND ( 'NONE', #285, .T. ) ;
#2107 = LINE ( 'NONE', #1628, #1701 ) ;
#2108 = ORIENTED_EDGE ( 'NONE', *, *, #357, .F. ) ;
#2109 = CARTESIAN_POINT ( 'NONE',  ( 2.809483833338030309E-17, 45.79999999999999716, -19.50000000000000000 ) ) ;
#2110 = ORIENTED_EDGE ( 'NONE', *, *, #4, .T. ) ;
#2111 = EDGE_CURVE ( 'NONE', #1462, #24, #1939, .T. ) ;
#2112 = ORIENTED_EDGE ( 'NONE', *, *, #827, .T. ) ;
#2113 = DIRECTION ( 'NONE',  ( 1.440760940173348857E-18, 0.000000000000000000, -1.000000000000000000 ) ) ;
#2114 = DIRECTION ( 'NONE',  ( -1.000000000000000000, 0.000000000000000000, -0.000000000000000000 ) ) ;
#2115 = CARTESIAN_POINT ( 'NONE',  ( 8.500000000000000000, -28.83293040828256792, 0.000000000000000000 ) ) ;
#2116 = ORIENTED_EDGE ( 'NONE', *, *, #2150, .F. ) ;
#2117 = VERTEX_POINT ( 'NONE', #1106 ) ;
#2118 = CARTESIAN_POINT ( 'NONE',  ( 22.70000000000000639, -48.80000000000000426, -2.000000000000002220 ) ) ;
#2119 = ORIENTED_EDGE ( 'NONE', *, *, #811, .F. ) ;
#2120 = ORIENTED_EDGE ( 'NONE', *, *, #1114, .F. ) ;
#2121 = ADVANCED_FACE ( 'NONE', ( #1436 ), #599, .F. ) ;
#2122 = CARTESIAN_POINT ( 'NONE',  ( 11.90000000000000036, -45.79999999999999716, -18.81190054693401237 ) ) ;
#2123 = EDGE_CURVE ( 'NONE', #271, #46, #32, .T. ) ;
#2124 = CONICAL_SURFACE ( 'NONE', #286, 3.149999999999999911, 0.7853981633974482790 ) ;
#2125 = LINE ( 'NONE', #777, #1310 ) ;
#2126 = VERTEX_POINT ( 'NONE', #1774 ) ;
#2127 = DIRECTION ( 'NONE',  ( -0.000000000000000000, -0.000000000000000000, -1.000000000000000000 ) ) ;
#2128 = CARTESIAN_POINT ( 'NONE',  ( 16.35000000000000142, 45.79999999999999716, 1.734723475976807883E-15 ) ) ;
#2129 = CARTESIAN_POINT ( 'NONE',  ( 18.50000000000000355, -50.00000000000000000, 0.000000000000000000 ) ) ;
#2130 = VECTOR ( 'NONE', #1263, 1000.000000000000000 ) ;
#2131 = AXIS2_PLACEMENT_3D ( 'NONE', #1466, #454, #1265 ) ;
#2132 = ORIENTED_EDGE ( 'NONE', *, *, #1515, .T. ) ;
#2133 = DIRECTION ( 'NONE',  ( 1.000000000000000000, 0.000000000000000000, -0.000000000000000000 ) ) ;
#2134 = ORIENTED_EDGE ( 'NONE', *, *, #1924, .F. ) ;
#2135 = CIRCLE ( 'NONE', #1856, 2.999999999999999112 ) ;
#2136 = AXIS2_PLACEMENT_3D ( 'NONE', #452, #84, #591 ) ;
#2137 = CARTESIAN_POINT ( 'NONE',  ( 0.000000000000000000, 48.00000000000000000, 0.000000000000000000 ) ) ;
#2138 = EDGE_CURVE ( 'NONE', #854, #92, #414, .T. ) ;
#2139 = ORIENTED_EDGE ( 'NONE', *, *, #722, .T. ) ;
#2140 = EDGE_CURVE ( 'NONE', #1791, #522, #1057, .T. ) ;
#2141 = DIRECTION ( 'NONE',  ( 1.334402673828313093E-16, -0.000000000000000000, 1.000000000000000000 ) ) ;
#2142 = DIRECTION ( 'NONE',  ( -0.000000000000000000, -1.000000000000000000, -0.000000000000000000 ) ) ;
#2143 = LINE ( 'NONE', #748, #1926 ) ;
#2144 = ADVANCED_FACE ( 'NONE', ( #81 ), #2124, .F. ) ;
#2145 = LINE ( 'NONE', #952, #1658 ) ;
#2146 = ORIENTED_EDGE ( 'NONE', *, *, #177, .T. ) ;
#2147 = CARTESIAN_POINT ( 'NONE',  ( 21.09999999999998721, -45.79999999999999716, -1.549999999999995826 ) ) ;
#2148 = VERTEX_POINT ( 'NONE', #2129 ) ;
#2149 = DIRECTION ( 'NONE',  ( 0.000000000000000000, 0.000000000000000000, 1.000000000000000000 ) ) ;
#2150 = EDGE_CURVE ( 'NONE', #92, #2008, #1273, .T. ) ;
#2151 = ORIENTED_EDGE ( 'NONE', *, *, #2185, .F. ) ;
#2152 = ADVANCED_FACE ( 'NONE', ( #2103 ), #1605, .F. ) ;
#2153 = DIRECTION ( 'NONE',  ( -0.000000000000000000, 0.000000000000000000, -1.000000000000000000 ) ) ;
#2154 = VERTEX_POINT ( 'NONE', #151 ) ;
#2155 = DIRECTION ( 'NONE',  ( 1.000000000000000000, -0.000000000000000000, 1.440760940173348857E-18 ) ) ;
#2156 = EDGE_CURVE ( 'NONE', #172, #2154, #1027, .T. ) ;
#2157 = CARTESIAN_POINT ( 'NONE',  ( 2.000000000000001776, 45.79999999999999716, -10.30000000000000426 ) ) ;
#2158 = CARTESIAN_POINT ( 'NONE',  ( 18.50000000000000355, 48.80000000000000426, 0.000000000000000000 ) ) ;
#2159 = VERTEX_POINT ( 'NONE', #101 ) ;
#2160 = VERTEX_POINT ( 'NONE', #502 ) ;
#2161 = CARTESIAN_POINT ( 'NONE',  ( 8.500000000000000000, -48.00000000000000000, 0.000000000000000000 ) ) ;
#2162 = ADVANCED_FACE ( 'NONE', ( #1158, #460, #1834 ), #1812, .F. ) ;
#2163 = PRODUCT ( 'COLUMN', 'COLUMN', '', ( #627 ) ) ;
#2164 = DIRECTION ( 'NONE',  ( -1.000000000000000000, 0.000000000000000000, 0.000000000000000000 ) ) ;
#2165 = CARTESIAN_POINT ( 'NONE',  ( 18.50000000000000355, 48.80000000000000426, -18.81190054693401237 ) ) ;
#2166 = LINE ( 'NONE', #675, #483 ) ;
#2167 = ORIENTED_EDGE ( 'NONE', *, *, #1794, .T. ) ;
#2168 = DIRECTION ( 'NONE',  ( -1.000000000000000000, 0.000000000000000000, 0.000000000000000000 ) ) ;
#2169 = ORIENTED_EDGE ( 'NONE', *, *, #1718, .T. ) ;
#2170 = VECTOR ( 'NONE', #220, 1000.000000000000000 ) ;
#2171 = CARTESIAN_POINT ( 'NONE',  ( 0.000000000000000000, 49.00000000000000000, -8.500000000000000000 ) ) ;
#2172 = AXIS2_PLACEMENT_3D ( 'NONE', #1609, #1583, #935 ) ;
#2173 = ORIENTED_EDGE ( 'NONE', *, *, #2123, .F. ) ;
#2174 = VECTOR ( 'NONE', #277, 1000.000000000000000 ) ;
#2175 = CARTESIAN_POINT ( 'NONE',  ( 18.53953136438508764, -48.80000000000000426, 0.000000000000000000 ) ) ;
#2176 = DIRECTION ( 'NONE',  ( 0.000000000000000000, 0.000000000000000000, 1.000000000000000000 ) ) ;
#2177 = DIRECTION ( 'NONE',  ( 0.000000000000000000, 0.000000000000000000, 1.000000000000000000 ) ) ;
#2178 = DIRECTION ( 'NONE',  ( 1.000000000000000000, 0.000000000000000000, 0.000000000000000000 ) ) ;
#2179 = AXIS2_PLACEMENT_3D ( 'NONE', #171, #1331, #1036 ) ;
#2180 = ORIENTED_EDGE ( 'NONE', *, *, #733, .F. ) ;
#2181 = DIRECTION ( 'NONE',  ( 0.000000000000000000, 0.000000000000000000, 1.000000000000000000 ) ) ;
#2182 = VERTEX_POINT ( 'NONE', #979 ) ;
#2183 = LINE ( 'NONE', #1190, #1007 ) ;
#2184 = DIRECTION ( 'NONE',  ( 1.000000000000000000, -0.000000000000000000, 0.000000000000000000 ) ) ;
#2185 = EDGE_CURVE ( 'NONE', #968, #544, #1149, .T. ) ;
#2186 = DIRECTION ( 'NONE',  ( 1.000000000000000000, 0.000000000000000000, -0.000000000000000000 ) ) ;
#2187 = CARTESIAN_POINT ( 'NONE',  ( 8.500000000000000000, -50.00000000000000000, -2.000000000000001776 ) ) ;
#2188 = EDGE_CURVE ( 'NONE', #686, #999, #119, .T. ) ;
#2189 = VERTEX_POINT ( 'NONE', #1624 ) ;
#2190 = ORIENTED_EDGE ( 'NONE', *, *, #546, .F. ) ;
#2191 = DIRECTION ( 'NONE',  ( 1.334402673828313093E-16, -0.000000000000000000, 1.000000000000000000 ) ) ;
#2192 = ORIENTED_EDGE ( 'NONE', *, *, #2070, .T. ) ;
#2193 = CARTESIAN_POINT ( 'NONE',  ( 8.500000000000000000, 50.00000000000000000, -18.81190054693401237 ) ) ;
#2194 = ADVANCED_FACE ( 'NONE', ( #493 ), #313, .F. ) ;
#2195 = EDGE_CURVE ( 'NONE', #274, #1593, #2145, .T. ) ;
#2196 = CARTESIAN_POINT ( 'NONE',  ( 1.000000000000000000, -48.00000000000000000, 0.000000000000000000 ) ) ;
#2197 = ORIENTED_EDGE ( 'NONE', *, *, #2042, .T. ) ;
#2198 = LINE ( 'NONE', #515, #1919 ) ;
#2199 = LINE ( 'NONE', #1646, #865 ) ;
#2200 = ORIENTED_EDGE ( 'NONE', *, *, #30, .F. ) ;
#2201 = LINE ( 'NONE', #853, #1382 ) ;
#2202 = EDGE_LOOP ( 'NONE', ( #169, #1684 ) ) ;
ENDSEC;
END-ISO-10303-21;
