ISO-10303-21;
HEADER;
FILE_DESCRIPTION (( 'STEP AP214' ),
    '1' );
FILE_NAME ('X.Y.STEP',
    '2026-08-04T17:01:37',
    ( '' ),
    ( '' ),
    'SwSTEP 2.0',
    'SolidWorks 2026',
    '' );
FILE_SCHEMA (( 'AUTOMOTIVE_DESIGN' ));
ENDSEC;

DATA;
#1 = EDGE_CURVE ( 'NONE', #5024, #4157, #1539, .T. ) ;
#2 = FACE_OUTER_BOUND ( 'NONE', #6267, .T. ) ;
#3 = ADVANCED_FACE ( 'NONE', ( #1578 ), #6782, .T. ) ;
#4 = VERTEX_POINT ( 'NONE', #4872 ) ;
#5 = VERTEX_POINT ( 'NONE', #6824 ) ;
#6 = ORIENTED_EDGE ( 'NONE', *, *, #6526, .T. ) ;
#7 = CARTESIAN_POINT ( 'NONE',  ( 38.10000000000000142, -45.79999999999999005, 2.000000000000000000 ) ) ;
#8 = DIRECTION ( 'NONE',  ( -1.000000000000000000, -3.330669073875469621E-15, -0.000000000000000000 ) ) ;
#9 = DIRECTION ( 'NONE',  ( -1.000000000000000000, 0.000000000000000000, 0.000000000000000000 ) ) ;
#10 = EDGE_CURVE ( 'NONE', #1278, #7850, #750, .T. ) ;
#11 = CARTESIAN_POINT ( 'NONE',  ( -34.06345264191649136, -43.99963065701543741, -0.4000000000000000222 ) ) ;
#12 = ORIENTED_EDGE ( 'NONE', *, *, #6062, .T. ) ;
#13 = VERTEX_POINT ( 'NONE', #8198 ) ;
#14 = ORIENTED_EDGE ( 'NONE', *, *, #3919, .F. ) ;
#15 = LINE ( 'NONE', #63, #6653 ) ;
#16 = AXIS2_PLACEMENT_3D ( 'NONE', #8235, #4910, #8148 ) ;
#17 = CARTESIAN_POINT ( 'NONE',  ( -3.320190528383323958, 41.24999999999985789, -0.4000000000000000222 ) ) ;
#18 = DIRECTION ( 'NONE',  ( 0.4999999999999968359, 0.8660254037844404840, 0.000000000000000000 ) ) ;
#19 = CARTESIAN_POINT ( 'NONE',  ( 39.41389956095143532, 48.99999999999999289, 0.8145677546790770496 ) ) ;
#20 = VECTOR ( 'NONE', #113, 999.9999999999998863 ) ;
#21 = LINE ( 'NONE', #4724, #4976 ) ;
#22 = VERTEX_POINT ( 'NONE', #2119 ) ;
#23 = AXIS2_PLACEMENT_3D ( 'NONE', #8426, #5770, #8473 ) ;
#24 = AXIS2_PLACEMENT_3D ( 'NONE', #5257, #7963, #1885 ) ;
#25 = CARTESIAN_POINT ( 'NONE',  ( 16.31057158514986938, 41.24999999999982947, -0.4000000000000000222 ) ) ;
#26 = CARTESIAN_POINT ( 'NONE',  ( -41.30000000000001137, -49.00000000000000000, 0.4000000000000000222 ) ) ;
#27 = EDGE_CURVE ( 'NONE', #5378, #8459, #4831, .T. ) ;
#28 = DIRECTION ( 'NONE',  ( 0.7071067811865519026, 0.000000000000000000, 0.7071067811865431318 ) ) ;
#29 = ORIENTED_EDGE ( 'NONE', *, *, #1607, .T. ) ;
#30 = LINE ( 'NONE', #5681, #5825 ) ;
#31 = CARTESIAN_POINT ( 'NONE',  ( 8.082690528383295714, -43.99963065701541609, -0.4000000000000000222 ) ) ;
#32 = PLANE ( 'NONE',  #3229 ) ;
#33 = DIRECTION ( 'NONE',  ( -0.5000000000000029976, 0.8660254037844369313, -0.000000000000000000 ) ) ;
#34 = DIRECTION ( 'NONE',  ( -1.000000000000000000, 0.000000000000000000, 0.000000000000000000 ) ) ;
#35 = PLANE ( 'NONE',  #6252 ) ;
#36 = EDGE_LOOP ( 'NONE', ( #7393, #6519, #1470, #273 ) ) ;
#37 = ORIENTED_EDGE ( 'NONE', *, *, #6739, .T. ) ;
#38 = ORIENTED_EDGE ( 'NONE', *, *, #4452, .F. ) ;
#39 = DIRECTION ( 'NONE',  ( 1.000000000000000000, 0.000000000000000000, 0.000000000000000000 ) ) ;
#40 = LINE ( 'NONE', #3279, #5479 ) ;
#41 = VECTOR ( 'NONE', #3931, 1000.000000000000000 ) ;
#42 = EDGE_CURVE ( 'NONE', #674, #7588, #5335, .T. ) ;
#43 = FACE_OUTER_BOUND ( 'NONE', #6783, .T. ) ;
#44 = ORIENTED_EDGE ( 'NONE', *, *, #4492, .T. ) ;
#45 = VECTOR ( 'NONE', #405, 999.9999999999998863 ) ;
#46 = EDGE_CURVE ( 'NONE', #2087, #7900, #1049, .T. ) ;
#47 = VECTOR ( 'NONE', #3436, 1000.000000000000000 ) ;
#48 = EDGE_CURVE ( 'NONE', #6963, #6433, #1669, .T. ) ;
#49 = CARTESIAN_POINT ( 'NONE',  ( 35.65095264191646862, -11.24999999999992717, -0.4000000000000000222 ) ) ;
#50 = ORIENTED_EDGE ( 'NONE', *, *, #5968, .T. ) ;
#51 = ORIENTED_EDGE ( 'NONE', *, *, #3485, .T. ) ;
#52 = EDGE_CURVE ( 'NONE', #6422, #7644, #3087, .T. ) ;
#53 = DIRECTION ( 'NONE',  ( 1.000000000000000000, 0.000000000000000000, 0.000000000000000000 ) ) ;
#54 = CARTESIAN_POINT ( 'NONE',  ( 29.30095264191647075, -3.749999999999982681, -0.4000000000000000222 ) ) ;
#55 = VECTOR ( 'NONE', #827, 999.9999999999998863 ) ;
#56 = DIRECTION ( 'NONE',  ( 0.4999999999999968359, 0.8660254037844404840, 0.000000000000000000 ) ) ;
#57 = EDGE_CURVE ( 'NONE', #5959, #2844, #6461, .T. ) ;
#58 = LINE ( 'NONE', #2755, #3324 ) ;
#59 = ORIENTED_EDGE ( 'NONE', *, *, #6221, .F. ) ;
#60 = EDGE_LOOP ( 'NONE', ( #4020, #59, #2052, #1332 ) ) ;
#61 = EDGE_CURVE ( 'NONE', #2625, #2920, #3131, .T. ) ;
#62 = EDGE_LOOP ( 'NONE', ( #8770, #5339, #4518, #7359 ) ) ;
#63 = CARTESIAN_POINT ( 'NONE',  ( 1.731624327025874877, -39.99999999999993605, -0.4000000000000000222 ) ) ;
#64 = LINE ( 'NONE', #856, #4866 ) ;
#65 = FACE_OUTER_BOUND ( 'NONE', #4380, .T. ) ;
#66 = CARTESIAN_POINT ( 'NONE',  ( -42.63564064605510140, 45.79999999999999005, 2.000000000000000000 ) ) ;
#67 = ORIENTED_EDGE ( 'NONE', *, *, #4229, .T. ) ;
#68 = AXIS2_PLACEMENT_3D ( 'NONE', #1424, #6882, #808 ) ;
#69 = LINE ( 'NONE', #6231, #20 ) ;
#70 = DIRECTION ( 'NONE',  ( -1.000000000000000000, 0.000000000000000000, 0.000000000000000000 ) ) ;
#71 = EDGE_CURVE ( 'NONE', #4938, #7199, #2371, .T. ) ;
#72 = EDGE_LOOP ( 'NONE', ( #6683, #1426, #7328, #106 ) ) ;
#73 = DIRECTION ( 'NONE',  ( 1.000000000000000000, 0.000000000000000000, 0.000000000000000000 ) ) ;
#74 = ORIENTED_EDGE ( 'NONE', *, *, #3220, .T. ) ;
#75 = CARTESIAN_POINT ( 'NONE',  ( -16.31057158514992267, -3.749999999999961808, -0.4000000000000000222 ) ) ;
#76 = CARTESIAN_POINT ( 'NONE',  ( 37.50000000000000000, 2.500000000000024869, -0.4000000000000000222 ) ) ;
#77 = LINE ( 'NONE', #1487, #1666 ) ;
#78 = AXIS2_PLACEMENT_3D ( 'NONE', #7380, #1845, #3969 ) ;
#79 = FACE_OUTER_BOUND ( 'NONE', #4566, .T. ) ;
#80 = ADVANCED_FACE ( 'NONE', ( #295 ), #255, .T. ) ;
#81 = PLANE ( 'NONE',  #8657 ) ;
#82 = EDGE_CURVE ( 'NONE', #7686, #7498, #5838, .T. ) ;
#83 = LINE ( 'NONE', #6240, #8433 ) ;
#84 = VECTOR ( 'NONE', #4668, 1000.000000000000000 ) ;
#85 = CARTESIAN_POINT ( 'NONE',  ( 8.082690528383288608, 38.50036934298425706, -0.4000000000000000222 ) ) ;
#86 = EDGE_LOOP ( 'NONE', ( #6516, #3515, #294, #8448 ) ) ;
#87 = ORIENTED_EDGE ( 'NONE', *, *, #8192, .F. ) ;
#88 = CARTESIAN_POINT ( 'NONE',  ( 34.06345264191645583, -1.000369342984370968, 0.4000000000000000222 ) ) ;
#89 = DIRECTION ( 'NONE',  ( -0.000000000000000000, -0.000000000000000000, -1.000000000000000000 ) ) ;
#90 = VERTEX_POINT ( 'NONE', #6992 ) ;
#91 = VECTOR ( 'NONE', #6820, 1000.000000000000114 ) ;
#92 = LINE ( 'NONE', #7446, #5448 ) ;
#93 = ORIENTED_EDGE ( 'NONE', *, *, #2689, .T. ) ;
#94 = ORIENTED_EDGE ( 'NONE', *, *, #8228, .F. ) ;
#95 = VERTEX_POINT ( 'NONE', #7123 ) ;
#96 = CARTESIAN_POINT ( 'NONE',  ( -37.00888321505954082, -48.99999999999999289, 0.8977526693305709626 ) ) ;
#97 = CARTESIAN_POINT ( 'NONE',  ( -34.06345264191649136, -43.99963065701543741, -0.4000000000000000222 ) ) ;
#98 = VECTOR ( 'NONE', #3172, 1000.000000000000000 ) ;
#99 = EDGE_CURVE ( 'NONE', #5665, #1973, #7696, .T. ) ;
#100 = DIRECTION ( 'NONE',  ( -0.5000000000000029976, 0.8660254037844369313, -0.000000000000000000 ) ) ;
#101 = EDGE_CURVE ( 'NONE', #310, #3444, #2470, .T. ) ;
#102 = CARTESIAN_POINT ( 'NONE',  ( -30.88845264191652973, 43.99963065701543741, 0.4000000000000000222 ) ) ;
#103 = VERTEX_POINT ( 'NONE', #2420 ) ;
#104 = ORIENTED_EDGE ( 'NONE', *, *, #2991, .T. ) ;
#105 = CIRCLE ( 'NONE', #7322, 1.599999999999983435 ) ;
#106 = ORIENTED_EDGE ( 'NONE', *, *, #7442, .T. ) ;
#107 = CARTESIAN_POINT ( 'NONE',  ( 27.56826211353316580, -4.750369342984360088, -0.4000000000000000222 ) ) ;
#108 = DIRECTION ( 'NONE',  ( 0.8660254037844369313, 0.5000000000000029976, 0.000000000000000000 ) ) ;
#109 = FACE_OUTER_BOUND ( 'NONE', #6831, .T. ) ;
#110 = EDGE_CURVE ( 'NONE', #6840, #410, #4288, .T. ) ;
#111 = DIRECTION ( 'NONE',  ( 0.8660254037844369313, 0.5000000000000029976, 0.000000000000000000 ) ) ;
#112 = ORIENTED_EDGE ( 'NONE', *, *, #1370, .T. ) ;
#113 = DIRECTION ( 'NONE',  ( 0.5000000000000032196, -0.8660254037844368202, 0.000000000000000000 ) ) ;
#114 = DIRECTION ( 'NONE',  ( 0.000000000000000000, -1.000000000000000000, 0.000000000000000000 ) ) ;
#115 = EDGE_CURVE ( 'NONE', #7356, #4600, #918, .T. ) ;
#116 = VERTEX_POINT ( 'NONE', #1623 ) ;
#117 = DIRECTION ( 'NONE',  ( 3.663735981263016583E-15, -1.000000000000000000, 0.000000000000000000 ) ) ;
#118 = VERTEX_POINT ( 'NONE', #5744 ) ;
#119 = CARTESIAN_POINT ( 'NONE',  ( 30.88845264191648354, 38.50036934298424285, -0.4000000000000000222 ) ) ;
#120 = VECTOR ( 'NONE', #1086, 1000.000000000000000 ) ;
#121 = LINE ( 'NONE', #5529, #7044 ) ;
#122 = VECTOR ( 'NONE', #8282, 1000.000000000000000 ) ;
#123 = DIRECTION ( 'NONE',  ( -0.8660254037844407060, 0.4999999999999965028, 0.000000000000000000 ) ) ;
#124 = EDGE_CURVE ( 'NONE', #3285, #6111, #5130, .T. ) ;
#125 = ADVANCED_FACE ( 'NONE', ( #5658 ), #7785, .T. ) ;
#126 = LINE ( 'NONE', #5579, #3912 ) ;
#127 = LINE ( 'NONE', #85, #1257 ) ;
#128 = VERTEX_POINT ( 'NONE', #3041 ) ;
#129 = VECTOR ( 'NONE', #6812, 1000.000000000000000 ) ;
#130 = ORIENTED_EDGE ( 'NONE', *, *, #398, .T. ) ;
#131 = DIRECTION ( 'NONE',  ( 0.5000000000000032196, -0.8660254037844368202, 0.000000000000000000 ) ) ;
#132 = ADVANCED_FACE ( 'NONE', ( #2284 ), #4993, .T. ) ;
#133 = LINE ( 'NONE', #7484, #4337 ) ;
#134 = EDGE_CURVE ( 'NONE', #3710, #1823, #4328, .T. ) ;
#135 = DIRECTION ( 'NONE',  ( -1.000000000000000000, -3.330669073875469621E-15, -0.000000000000000000 ) ) ;
#136 = ORIENTED_EDGE ( 'NONE', *, *, #7364, .F. ) ;
#137 = AXIS2_PLACEMENT_3D ( 'NONE', #1084, #5734, #5830 ) ;
#138 = CARTESIAN_POINT ( 'NONE',  ( 9.670190528383276529, 41.24999999999985789, -0.4000000000000000222 ) ) ;
#139 = ORIENTED_EDGE ( 'NONE', *, *, #5580, .T. ) ;
#140 = ORIENTED_EDGE ( 'NONE', *, *, #4356, .F. ) ;
#141 = VERTEX_POINT ( 'NONE', #6415 ) ;
#142 = VECTOR ( 'NONE', #2490, 1000.000000000000000 ) ;
#143 = LINE ( 'NONE', #5416, #7166 ) ;
#144 = DIRECTION ( 'NONE',  ( 1.000000000000000000, 0.000000000000000000, 0.000000000000000000 ) ) ;
#145 = LINE ( 'NONE', #5419, #2049 ) ;
#146 = EDGE_CURVE ( 'NONE', #1458, #1197, #4645, .T. ) ;
#147 = EDGE_LOOP ( 'NONE', ( #1922, #726, #1846, #2468, #5090 ) ) ;
#148 = EDGE_LOOP ( 'NONE', ( #7993, #7002, #8114, #5568, #8307, #8419 ) ) ;
#149 = ORIENTED_EDGE ( 'NONE', *, *, #8254, .F. ) ;
#150 = DIRECTION ( 'NONE',  ( 0.8660254037844369313, 0.5000000000000029976, 0.000000000000000000 ) ) ;
#151 = CARTESIAN_POINT ( 'NONE',  ( 37.50000000000000000, 2.500000000000024869, 0.4000000000000000222 ) ) ;
#152 = DIRECTION ( 'NONE',  ( -0.000000000000000000, -0.000000000000000000, 1.000000000000000000 ) ) ;
#153 = CARTESIAN_POINT ( 'NONE',  ( 4.907690528383295003, -43.99963065701543030, -0.4000000000000000222 ) ) ;
#154 = ORIENTED_EDGE ( 'NONE', *, *, #8179, .T. ) ;
#155 = CARTESIAN_POINT ( 'NONE',  ( 0.000000000000000000, 39.99999999999999289, 0.4000000000000000222 ) ) ;
#156 = VECTOR ( 'NONE', #8193, 1000.000000000000114 ) ;
#157 = CARTESIAN_POINT ( 'NONE',  ( -9.670190528383312056, -41.24999999999985079, 0.4000000000000000222 ) ) ;
#158 = ORIENTED_EDGE ( 'NONE', *, *, #6247, .F. ) ;
#159 = DIRECTION ( 'NONE',  ( -0.7071067811865483499, -0.7071067811865467956, 0.000000000000000000 ) ) ;
#160 = VERTEX_POINT ( 'NONE', #7342 ) ;
#161 = LINE ( 'NONE', #6857, #2455 ) ;
#162 = AXIS2_PLACEMENT_3D ( 'NONE', #7372, #1304, #5342 ) ;
#163 = DIRECTION ( 'NONE',  ( 0.4999999999999968359, 0.8660254037844404840, 0.000000000000000000 ) ) ;
#164 = VECTOR ( 'NONE', #8617, 1000.000000000000000 ) ;
#165 = TOROIDAL_SURFACE ( 'NONE', #2711, 4.535640646055100866, 1.600000000000000089 ) ;
#166 = FACE_OUTER_BOUND ( 'NONE', #3594, .T. ) ;
#167 = DIRECTION ( 'NONE',  ( -1.000000000000000000, 0.000000000000000000, 0.000000000000000000 ) ) ;
#168 = EDGE_CURVE ( 'NONE', #2625, #2870, #1936, .T. ) ;
#169 = CARTESIAN_POINT ( 'NONE',  ( 37.49999999999999289, -14.99999999999993072, 0.4000000000000000222 ) ) ;
#170 = ADVANCED_FACE ( 'NONE', ( #530 ), #5308, .F. ) ;
#171 = ORIENTED_EDGE ( 'NONE', *, *, #2614, .T. ) ;
#172 = VERTEX_POINT ( 'NONE', #5974 ) ;
#173 = CARTESIAN_POINT ( 'NONE',  ( -17.89807158514993191, 43.99963065701543741, -0.4000000000000000222 ) ) ;
#174 = CARTESIAN_POINT ( 'NONE',  ( -34.06345264191652689, -1.000369342984398724, -0.4000000000000000222 ) ) ;
#175 = EDGE_CURVE ( 'NONE', #5779, #6045, #2598, .T. ) ;
#176 = CARTESIAN_POINT ( 'NONE',  ( 8.082690528383263739, 43.99963065701543741, 0.4000000000000000222 ) ) ;
#177 = ORIENTED_EDGE ( 'NONE', *, *, #4280, .F. ) ;
#178 = EDGE_LOOP ( 'NONE', ( #6909, #402, #5167, #851 ) ) ;
#179 = EDGE_LOOP ( 'NONE', ( #4036, #5319, #1226, #3222 ) ) ;
#180 = EDGE_CURVE ( 'NONE', #6764, #1537, #1186, .T. ) ;
#181 = ORIENTED_EDGE ( 'NONE', *, *, #5842, .T. ) ;
#182 = EDGE_CURVE ( 'NONE', #7288, #4163, #6015, .T. ) ;
#183 = LINE ( 'NONE', #3007, #8689 ) ;
#184 = VECTOR ( 'NONE', #4753, 1000.000000000000000 ) ;
#185 = LINE ( 'NONE', #7005, #6268 ) ;
#186 = CARTESIAN_POINT ( 'NONE',  ( -30.88845264191650486, 38.50036934298425706, -0.4000000000000000222 ) ) ;
#187 = VECTOR ( 'NONE', #2874, 1000.000000000000000 ) ;
#188 = ORIENTED_EDGE ( 'NONE', *, *, #7332, .T. ) ;
#189 = EDGE_LOOP ( 'NONE', ( #8739, #7062, #50, #8161 ) ) ;
#190 = ORIENTED_EDGE ( 'NONE', *, *, #3777, .T. ) ;
#191 = DIRECTION ( 'NONE',  ( -0.000000000000000000, -0.000000000000000000, 1.000000000000000000 ) ) ;
#192 = VECTOR ( 'NONE', #5341, 999.9999999999998863 ) ;
#193 = DIRECTION ( 'NONE',  ( -0.000000000000000000, -0.000000000000000000, 1.000000000000000000 ) ) ;
#194 = CARTESIAN_POINT ( 'NONE',  ( -3.175000000000011369, -1.387778780781445676E-14, -0.4000000000000000222 ) ) ;
#195 = AXIS2_PLACEMENT_3D ( 'NONE', #7432, #3357, #6687 ) ;
#196 = LINE ( 'NONE', #8387, #3438 ) ;
#197 = VERTEX_POINT ( 'NONE', #8634 ) ;
#198 = VECTOR ( 'NONE', #7148, 1000.000000000000000 ) ;
#199 = LINE ( 'NONE', #155, #7521 ) ;
#200 = CARTESIAN_POINT ( 'NONE',  ( 39.69999999999999574, -45.79999999999999005, 0.4000000000000000222 ) ) ;
#201 = ORIENTED_EDGE ( 'NONE', *, *, #6190, .F. ) ;
#202 = DIRECTION ( 'NONE',  ( -0.4999999999999965583, -0.8660254037844407060, -0.000000000000000000 ) ) ;
#203 = ORIENTED_EDGE ( 'NONE', *, *, #2911, .F. ) ;
#204 = DIRECTION ( 'NONE',  ( -0.000000000000000000, -0.000000000000000000, -1.000000000000000000 ) ) ;
#205 = CARTESIAN_POINT ( 'NONE',  ( 9.670190528383283635, -41.24999999999982236, 0.4000000000000000222 ) ) ;
#206 = EDGE_CURVE ( 'NONE', #4163, #8080, #5225, .T. ) ;
#207 = ADVANCED_FACE ( 'NONE', ( #7299 ), #8060, .T. ) ;
#208 = CARTESIAN_POINT ( 'NONE',  ( -3.175000000000018030, -37.49999999999986500, -0.4000000000000000222 ) ) ;
#209 = CARTESIAN_POINT ( 'NONE',  ( -8.948502691896315753, 2.500000000000024869, -0.4000000000000000222 ) ) ;
#210 = EDGE_CURVE ( 'NONE', #2457, #5237, #1273, .T. ) ;
#211 = LINE ( 'NONE', #915, #7378 ) ;
#212 = VERTEX_POINT ( 'NONE', #2641 ) ;
#213 = VECTOR ( 'NONE', #1329, 1000.000000000000000 ) ;
#214 = ORIENTED_EDGE ( 'NONE', *, *, #1604, .F. ) ;
#215 = CARTESIAN_POINT ( 'NONE',  ( 1.587500000000002132, -2.749630657015583957, 0.4000000000000000222 ) ) ;
#216 = DIRECTION ( 'NONE',  ( -0.000000000000000000, -0.000000000000000000, 1.000000000000000000 ) ) ;
#217 = EDGE_CURVE ( 'NONE', #5301, #6606, #7926, .T. ) ;
#218 = CARTESIAN_POINT ( 'NONE',  ( 37.49999999999997868, 3.122502256758250246E-14, 0.4000000000000000222 ) ) ;
#219 = EDGE_LOOP ( 'NONE', ( #303, #434, #1860, #6086 ) ) ;
#220 = ORIENTED_EDGE ( 'NONE', *, *, #2392, .F. ) ;
#221 = ORIENTED_EDGE ( 'NONE', *, *, #6897, .F. ) ;
#222 = ORIENTED_EDGE ( 'NONE', *, *, #134, .T. ) ;
#223 = CARTESIAN_POINT ( 'NONE',  ( 40.22048432859594413, -49.00000000000000711, 0.5444877779419097230 ) ) ;
#224 = FACE_BOUND ( 'NONE', #6426, .T. ) ;
#225 = ORIENTED_EDGE ( 'NONE', *, *, #5077, .T. ) ;
#226 = AXIS2_PLACEMENT_3D ( 'NONE', #4782, #876, #6906 ) ;
#227 = ADVANCED_FACE ( 'NONE', ( #8591 ), #4689, .T. ) ;
#228 = EDGE_CURVE ( 'NONE', #4659, #2890, #7385, .T. ) ;
#229 = VECTOR ( 'NONE', #3332, 999.9999999999998863 ) ;
#230 = LINE ( 'NONE', #5674, #639 ) ;
#231 = ORIENTED_EDGE ( 'NONE', *, *, #4865, .F. ) ;
#232 = VERTEX_POINT ( 'NONE', #6641 ) ;
#233 = VERTEX_POINT ( 'NONE', #572 ) ;
#234 = DIRECTION ( 'NONE',  ( 0.4999999999999968359, 0.8660254037844404840, 0.000000000000000000 ) ) ;
#235 = DIRECTION ( 'NONE',  ( -0.000000000000000000, -0.000000000000000000, 1.000000000000000000 ) ) ;
#236 = VECTOR ( 'NONE', #8316, 1000.000000000000000 ) ;
#237 = CARTESIAN_POINT ( 'NONE',  ( -37.50000000000000000, 2.500000000000024869, -0.4000000000000000222 ) ) ;
#238 = VECTOR ( 'NONE', #5586, 1000.000000000000114 ) ;
#239 = ADVANCED_FACE ( 'NONE', ( #3266 ), #4021, .T. ) ;
#240 = DIRECTION ( 'NONE',  ( 0.5000000000000032196, -0.8660254037844368202, 0.000000000000000000 ) ) ;
#241 = EDGE_CURVE ( 'NONE', #1677, #7356, #5888, .T. ) ;
#242 = LINE ( 'NONE', #5563, #4583 ) ;
#243 = EDGE_LOOP ( 'NONE', ( #7586, #3637, #2607, #1776 ) ) ;
#244 = DIRECTION ( 'NONE',  ( 0.5000000000000031086, -0.8660254037844368202, 0.000000000000000000 ) ) ;
#245 = CARTESIAN_POINT ( 'NONE',  ( -17.89807158514991059, 1.000369342984405829, -0.4000000000000000222 ) ) ;
#246 = VERTEX_POINT ( 'NONE', #654 ) ;
#247 = LINE ( 'NONE', #3690, #6081 ) ;
#248 = ORIENTED_EDGE ( 'NONE', *, *, #6114, .T. ) ;
#249 = PLANE ( 'NONE',  #4934 ) ;
#250 = LINE ( 'NONE', #2946, #2417 ) ;
#251 = PLANE ( 'NONE',  #4258 ) ;
#252 = LINE ( 'NONE', #4284, #1638 ) ;
#253 = LINE ( 'NONE', #2074, #4519 ) ;
#254 = ORIENTED_EDGE ( 'NONE', *, *, #751, .T. ) ;
#255 = PLANE ( 'NONE',  #1934 ) ;
#256 = LINE ( 'NONE', #7525, #967 ) ;
#257 = LINE ( 'NONE', #6866, #5904 ) ;
#258 = LINE ( 'NONE', #8454, #1930 ) ;
#259 = LINE ( 'NONE', #1498, #6414 ) ;
#260 = ORIENTED_EDGE ( 'NONE', *, *, #944, .T. ) ;
#261 = VECTOR ( 'NONE', #4022, 1000.000000000000000 ) ;
#262 = ORIENTED_EDGE ( 'NONE', *, *, #71, .T. ) ;
#263 = ORIENTED_EDGE ( 'NONE', *, *, #1132, .F. ) ;
#264 = EDGE_LOOP ( 'NONE', ( #3299, #1585, #1631, #6563 ) ) ;
#265 = DIRECTION ( 'NONE',  ( 1.000000000000000000, 3.663735981263016583E-15, 0.000000000000000000 ) ) ;
#266 = VECTOR ( 'NONE', #202, 1000.000000000000114 ) ;
#267 = CARTESIAN_POINT ( 'NONE',  ( -34.06345264191650557, 38.50036934298424285, 0.4000000000000000222 ) ) ;
#268 = ORIENTED_EDGE ( 'NONE', *, *, #2632, .F. ) ;
#269 = CARTESIAN_POINT ( 'NONE',  ( 8.948502691896329964, 39.99999999999999289, 0.4000000000000000222 ) ) ;
#270 = CIRCLE ( 'NONE', #7492, 4.535640646055099090 ) ;
#271 = ORIENTED_EDGE ( 'NONE', *, *, #1525, .T. ) ;
#272 = ORIENTED_EDGE ( 'NONE', *, *, #8242, .F. ) ;
#273 = ORIENTED_EDGE ( 'NONE', *, *, #8029, .F. ) ;
#274 = CARTESIAN_POINT ( 'NONE',  ( -35.65095264191651836, -3.749999999999996447, 0.4000000000000000222 ) ) ;
#275 = DIRECTION ( 'NONE',  ( -0.000000000000000000, -0.000000000000000000, 1.000000000000000000 ) ) ;
#276 = DIRECTION ( 'NONE',  ( -0.4999999999999965028, -0.8660254037844407060, 0.000000000000000000 ) ) ;
#277 = EDGE_CURVE ( 'NONE', #3592, #3097, #6597, .T. ) ;
#278 = DIRECTION ( 'NONE',  ( -0.8660254037844368202, -0.5000000000000031086, 0.000000000000000000 ) ) ;
#279 = LINE ( 'NONE', #3684, #5279 ) ;
#280 = ORIENTED_EDGE ( 'NONE', *, *, #7954, .F. ) ;
#281 = CARTESIAN_POINT ( 'NONE',  ( 17.89807158514986085, 43.99963065701542320, 0.4000000000000000222 ) ) ;
#282 = CARTESIAN_POINT ( 'NONE',  ( -9.670190528383324491, 3.749999999999975575, 0.4000000000000000222 ) ) ;
#283 = VECTOR ( 'NONE', #1626, 1000.000000000000000 ) ;
#284 = ORIENTED_EDGE ( 'NONE', *, *, #4242, .F. ) ;
#285 = CARTESIAN_POINT ( 'NONE',  ( -25.00000000000000000, 39.99999999999999289, 0.6000000000000000888 ) ) ;
#286 = ADVANCED_FACE ( 'NONE', ( #2684 ), #5391, .F. ) ;
#287 = LINE ( 'NONE', #4321, #6133 ) ;
#288 = DIRECTION ( 'NONE',  ( 0.4999999999999968359, 0.8660254037844404840, 0.000000000000000000 ) ) ;
#289 = CARTESIAN_POINT ( 'NONE',  ( -4.041878364870354901, -2.499999999999981348, 0.4000000000000000222 ) ) ;
#290 = EDGE_CURVE ( 'NONE', #4252, #8047, #3429, .T. ) ;
#291 = CARTESIAN_POINT ( 'NONE',  ( -30.88845264191650486, 1.000369342984412713, -0.4000000000000000222 ) ) ;
#292 = CARTESIAN_POINT ( 'NONE',  ( -36.77622263744061115, 49.00000000000000711, 0.8110561312979474025 ) ) ;
#293 = SURFACE_SIDE_STYLE ('',( #7737 ) ) ;
#294 = ORIENTED_EDGE ( 'NONE', *, *, #6490, .F. ) ;
#295 = FACE_OUTER_BOUND ( 'NONE', #4390, .T. ) ;
#296 = DIRECTION ( 'NONE',  ( 0.5000000000000031086, -0.8660254037844368202, 0.000000000000000000 ) ) ;
#297 = DIRECTION ( 'NONE',  ( 1.000000000000000000, 0.000000000000000000, 0.000000000000000000 ) ) ;
#298 = VECTOR ( 'NONE', #439, 1000.000000000000000 ) ;
#299 = DIRECTION ( 'NONE',  ( 0.000000000000000000, 0.000000000000000000, 1.000000000000000000 ) ) ;
#300 = DIRECTION ( 'NONE',  ( 0.5000000000000032196, -0.8660254037844368202, 0.000000000000000000 ) ) ;
#301 = VERTEX_POINT ( 'NONE', #7720 ) ;
#302 = VECTOR ( 'NONE', #6895, 1000.000000000000114 ) ;
#303 = ORIENTED_EDGE ( 'NONE', *, *, #6084, .F. ) ;
#304 = ORIENTED_EDGE ( 'NONE', *, *, #8330, .F. ) ;
#305 = ORIENTED_EDGE ( 'NONE', *, *, #2336, .F. ) ;
#306 = LINE ( 'NONE', #2341, #7693 ) ;
#307 = DIRECTION ( 'NONE',  ( 1.000000000000000000, 0.000000000000000000, 0.000000000000000000 ) ) ;
#308 = EDGE_CURVE ( 'NONE', #5095, #6721, #3435, .T. ) ;
#309 = LINE ( 'NONE', #2390, #1179 ) ;
#310 = VERTEX_POINT ( 'NONE', #4311 ) ;
#311 = EDGE_CURVE ( 'NONE', #7713, #4341, #8143, .T. ) ;
#312 = DIRECTION ( 'NONE',  ( -0.000000000000000000, -0.000000000000000000, 1.000000000000000000 ) ) ;
#313 = ADVANCED_FACE ( 'NONE', ( #4975 ), #5485, .F. ) ;
#314 = ORIENTED_EDGE ( 'NONE', *, *, #4817, .T. ) ;
#315 = ORIENTED_EDGE ( 'NONE', *, *, #2767, .T. ) ;
#316 = ORIENTED_EDGE ( 'NONE', *, *, #6205, .T. ) ;
#317 = DIRECTION ( 'NONE',  ( 0.4999999999999968359, 0.8660254037844404840, 0.000000000000000000 ) ) ;
#318 = FACE_OUTER_BOUND ( 'NONE', #8013, .T. ) ;
#319 = VECTOR ( 'NONE', #2937, 1000.000000000000000 ) ;
#320 = LINE ( 'NONE', #5724, #5158 ) ;
#321 = DIRECTION ( 'NONE',  ( 0.4999999999999968359, 0.8660254037844404840, 0.000000000000000000 ) ) ;
#322 = VECTOR ( 'NONE', #3974, 1000.000000000000000 ) ;
#323 = CARTESIAN_POINT ( 'NONE',  ( -24.39326211353323259, 40.24963065701546583, 0.4000000000000000222 ) ) ;
#324 = EDGE_CURVE ( 'NONE', #7900, #4688, #3480, .T. ) ;
#325 = EDGE_LOOP ( 'NONE', ( #1437, #4039, #611, #8749 ) ) ;
#326 = VECTOR ( 'NONE', #5987, 1000.000000000000000 ) ;
#327 = CARTESIAN_POINT ( 'NONE',  ( -30.01435348815406456, 34.98564651184594254, -0.4000000000000000222 ) ) ;
#328 = EDGE_CURVE ( 'NONE', #13, #2087, #3395, .T. ) ;
#329 = VECTOR ( 'NONE', #193, 1000.000000000000000 ) ;
#330 = LINE ( 'NONE', #3073, #665 ) ;
#331 = ORIENTED_EDGE ( 'NONE', *, *, #4568, .T. ) ;
#332 = ORIENTED_EDGE ( 'NONE', *, *, #7919, .T. ) ;
#333 = DIRECTION ( 'NONE',  ( 0.000000000000000000, 0.000000000000000000, 1.000000000000000000 ) ) ;
#334 = DIRECTION ( 'NONE',  ( -0.000000000000000000, 0.000000000000000000, 1.000000000000000000 ) ) ;
#335 = VECTOR ( 'NONE', #404, 999.9999999999998863 ) ;
#336 = DIRECTION ( 'NONE',  ( 0.8660254037844404840, -0.4999999999999968359, 0.000000000000000000 ) ) ;
#337 = DIRECTION ( 'NONE',  ( -0.000000000000000000, 0.000000000000000000, 1.000000000000000000 ) ) ;
#338 = ADVANCED_FACE ( 'NONE', ( #7470 ), #6148, .T. ) ;
#339 = CARTESIAN_POINT ( 'NONE',  ( -41.30000000000001137, -49.00000000000000000, 0.4000322408422328224 ) ) ;
#340 = DIRECTION ( 'NONE',  ( 2.775557561562890365E-16, -1.000000000000000000, 0.000000000000000000 ) ) ;
#341 = FILL_AREA_STYLE_COLOUR ( '', #5644 ) ;
#342 = VERTEX_POINT ( 'NONE', #696 ) ;
#343 = CARTESIAN_POINT ( 'NONE',  ( 0.000000000000000000, 39.99999999999999289, 0.4000000000000000222 ) ) ;
#344 = CARTESIAN_POINT ( 'NONE',  ( -11.40288105676663299, 40.24963065701545162, -0.4000000000000000222 ) ) ;
#345 = DIRECTION ( 'NONE',  ( 0.5000000000000031086, -0.8660254037844368202, 0.000000000000000000 ) ) ;
#346 = LINE ( 'NONE', #2956, #7161 ) ;
#347 = EDGE_CURVE ( 'NONE', #1249, #8080, #2933, .T. ) ;
#348 = LINE ( 'NONE', #7129, #2699 ) ;
#349 = ORIENTED_EDGE ( 'NONE', *, *, #7366, .F. ) ;
#350 = VECTOR ( 'NONE', #4755, 1000.000000000000114 ) ;
#351 = EDGE_LOOP ( 'NONE', ( #3857, #8278, #8162, #29 ) ) ;
#352 = ORIENTED_EDGE ( 'NONE', *, *, #8714, .T. ) ;
#353 = ORIENTED_EDGE ( 'NONE', *, *, #4516, .T. ) ;
#354 = DIRECTION ( 'NONE',  ( -1.000000000000000000, -3.330669073875469621E-15, -0.000000000000000000 ) ) ;
#355 = DIRECTION ( 'NONE',  ( 0.5000000000000032196, -0.8660254037844368202, 0.000000000000000000 ) ) ;
#356 = VECTOR ( 'NONE', #7488, 1000.000000000000000 ) ;
#357 = FACE_BOUND ( 'NONE', #4246, .T. ) ;
#358 = VERTEX_POINT ( 'NONE', #2975 ) ;
#359 = CARTESIAN_POINT ( 'NONE',  ( 41.29999999999999005, 47.13467177861561908, 0.8072370686016011598 ) ) ;
#360 = AXIS2_PLACEMENT_3D ( 'NONE', #762, #7535, #1462 ) ;
#361 = EDGE_LOOP ( 'NONE', ( #1425, #2810, #5053, #2802 ) ) ;
#362 = ORIENTED_EDGE ( 'NONE', *, *, #7325, .F. ) ;
#363 = ORIENTED_EDGE ( 'NONE', *, *, #6975, .T. ) ;
#364 = DIRECTION ( 'NONE',  ( -0.000000000000000000, -0.000000000000000000, 1.000000000000000000 ) ) ;
#365 = CARTESIAN_POINT ( 'NONE',  ( -8.082690528383333017, 43.99963065701542320, -0.4000000000000000222 ) ) ;
#366 = LINE ( 'NONE', #7192, #4024 ) ;
#367 = EDGE_CURVE ( 'NONE', #7156, #3017, #6814, .T. ) ;
#368 = DIRECTION ( 'NONE',  ( -0.000000000000000000, -0.000000000000000000, 1.000000000000000000 ) ) ;
#369 = CARTESIAN_POINT ( 'NONE',  ( -9.670190528383312056, -41.24999999999985079, -0.4000000000000000222 ) ) ;
#370 = EDGE_CURVE ( 'NONE', #1514, #5349, #30, .T. ) ;
#371 = VECTOR ( 'NONE', #6440, 1000.000000000000114 ) ;
#372 = ORIENTED_EDGE ( 'NONE', *, *, #1423, .F. ) ;
#373 = CARTESIAN_POINT ( 'NONE',  ( -34.58883720175429488, 43.08963790586416565, 0.4035150215785912042 ) ) ;
#374 = EDGE_CURVE ( 'NONE', #5094, #6764, #2020, .T. ) ;
#375 = AXIS2_PLACEMENT_3D ( 'NONE', #5383, #6139, #4766 ) ;
#376 = CARTESIAN_POINT ( 'NONE',  ( -1.587500000000033218, 40.24963065701545162, -0.4000000000000000222 ) ) ;
#377 = ORIENTED_EDGE ( 'NONE', *, *, #659, .F. ) ;
#378 = ORIENTED_EDGE ( 'NONE', *, *, #3079, .F. ) ;
#379 = CARTESIAN_POINT ( 'NONE',  ( 8.948502691896250028, -2.499999999999981348, 0.4000000000000000222 ) ) ;
#380 = CARTESIAN_POINT ( 'NONE',  ( -14.57788105676659995, -40.24963065701545162, 0.4000000000000000222 ) ) ;
#381 = CARTESIAN_POINT ( 'NONE',  ( 4.907690528383266582, -1.000369342984391841, 0.4000000000000000222 ) ) ;
#382 = VECTOR ( 'NONE', #5085, 1000.000000000000000 ) ;
#383 = AXIS2_PLACEMENT_3D ( 'NONE', #4917, #8365, #4958 ) ;
#384 = LINE ( 'NONE', #5030, #4967 ) ;
#385 = EDGE_CURVE ( 'NONE', #6603, #4144, #2307, .T. ) ;
#386 = DIRECTION ( 'NONE',  ( 0.5000000000000032196, -0.8660254037844368202, 0.000000000000000000 ) ) ;
#387 = DIRECTION ( 'NONE',  ( -0.8660254037844407060, 0.4999999999999965028, 0.000000000000000000 ) ) ;
#388 = CARTESIAN_POINT ( 'NONE',  ( 36.50000000000000711, -45.79999999999999005, -0.4000000000000000222 ) ) ;
#389 = ORIENTED_EDGE ( 'NONE', *, *, #6020, .T. ) ;
#390 = CARTESIAN_POINT ( 'NONE',  ( 11.24999999999996803, 11.25000000000000711, 0.4000000000000000222 ) ) ;
#391 = CARTESIAN_POINT ( 'NONE',  ( 41.29999999999997584, -46.07111605174265634, 1.119055016130133140 ) ) ;
#392 = VECTOR ( 'NONE', #5562, 1000.000000000000000 ) ;
#393 = CARTESIAN_POINT ( 'NONE',  ( 3.174999999999976286, 37.49999999999987921, -0.4000000000000000222 ) ) ;
#394 = ADVANCED_FACE ( 'NONE', ( #2772 ), #3553, .F. ) ;
#395 = DIRECTION ( 'NONE',  ( -1.000000000000000000, 0.000000000000000000, 0.000000000000000000 ) ) ;
#396 = FACE_OUTER_BOUND ( 'NONE', #2476, .T. ) ;
#397 = ORIENTED_EDGE ( 'NONE', *, *, #4720, .F. ) ;
#398 = EDGE_CURVE ( 'NONE', #5235, #1011, #983, .T. ) ;
#399 = ADVANCED_FACE ( 'NONE', ( #318 ), #6100, .F. ) ;
#400 = VERTEX_POINT ( 'NONE', #785 ) ;
#401 = VERTEX_POINT ( 'NONE', #3019 ) ;
#402 = ORIENTED_EDGE ( 'NONE', *, *, #2961, .F. ) ;
#403 = LINE ( 'NONE', #6427, #5999 ) ;
#404 = DIRECTION ( 'NONE',  ( 0.5000000000000032196, -0.8660254037844368202, 0.000000000000000000 ) ) ;
#405 = DIRECTION ( 'NONE',  ( 0.5000000000000032196, -0.8660254037844368202, 0.000000000000000000 ) ) ;
#406 = ORIENTED_EDGE ( 'NONE', *, *, #1043, .T. ) ;
#407 = VECTOR ( 'NONE', #7190, 1000.000000000000000 ) ;
#408 = CARTESIAN_POINT ( 'NONE',  ( -8.082690528383333017, -1.000369342984398724, -0.4000000000000000222 ) ) ;
#409 = EDGE_LOOP ( 'NONE', ( #188, #5212, #8530, #589, #8740, #6323 ) ) ;
#410 = VERTEX_POINT ( 'NONE', #8107 ) ;
#411 = ORIENTED_EDGE ( 'NONE', *, *, #8711, .T. ) ;
#412 = LINE ( 'NONE', #274, #1971 ) ;
#413 = CARTESIAN_POINT ( 'NONE',  ( 37.50000000000001421, -39.99999999999993605, -0.4000000000000000222 ) ) ;
#414 = VECTOR ( 'NONE', #8237, 1000.000000000000000 ) ;
#415 = FACE_OUTER_BOUND ( 'NONE', #3402, .T. ) ;
#416 = CARTESIAN_POINT ( 'NONE',  ( 35.65095264191646862, -11.24999999999992717, -0.4000000000000000222 ) ) ;
#417 = CARTESIAN_POINT ( 'NONE',  ( 22.66057158514987080, 41.24999999999985789, 0.4000000000000000222 ) ) ;
#418 = ORIENTED_EDGE ( 'NONE', *, *, #8092, .T. ) ;
#419 = VECTOR ( 'NONE', #364, 1000.000000000000000 ) ;
#420 = EDGE_CURVE ( 'NONE', #6573, #2221, #4102, .T. ) ;
#421 = LINE ( 'NONE', #3208, #7803 ) ;
#422 = DIRECTION ( 'NONE',  ( 0.000000000000000000, 0.000000000000000000, 1.000000000000000000 ) ) ;
#423 = ORIENTED_EDGE ( 'NONE', *, *, #7861, .T. ) ;
#424 = ORIENTED_EDGE ( 'NONE', *, *, #427, .F. ) ;
#425 = LINE ( 'NONE', #2274, #8766 ) ;
#426 = CARTESIAN_POINT ( 'NONE',  ( 27.56826211353319067, -40.24963065701542320, -0.4000000000000000222 ) ) ;
#427 = EDGE_CURVE ( 'NONE', #6659, #5620, #5437, .T. ) ;
#428 = DIRECTION ( 'NONE',  ( -1.000000000000000000, -3.330669073875469621E-15, -0.000000000000000000 ) ) ;
#429 = EDGE_CURVE ( 'NONE', #5458, #6026, #5816, .T. ) ;
#430 = DIRECTION ( 'NONE',  ( -0.000000000000000000, -0.000000000000000000, 1.000000000000000000 ) ) ;
#431 = LINE ( 'NONE', #953, #799 ) ;
#432 = DIRECTION ( 'NONE',  ( 1.000000000000000000, 3.663735981263016583E-15, 0.000000000000000000 ) ) ;
#433 = DIRECTION ( 'NONE',  ( 0.8660254037844369313, 0.5000000000000029976, 0.000000000000000000 ) ) ;
#434 = ORIENTED_EDGE ( 'NONE', *, *, #7600, .F. ) ;
#435 = DIRECTION ( 'NONE',  ( 0.5000000000000032196, -0.8660254037844368202, 0.000000000000000000 ) ) ;
#436 = DIRECTION ( 'NONE',  ( -0.000000000000000000, -0.000000000000000000, 1.000000000000000000 ) ) ;
#437 = DIRECTION ( 'NONE',  ( -1.000000000000000000, -3.330669073875469621E-15, -0.000000000000000000 ) ) ;
#438 = DIRECTION ( 'NONE',  ( 0.000000000000000000, 0.000000000000000000, -1.000000000000000000 ) ) ;
#439 = DIRECTION ( 'NONE',  ( 0.000000000000000000, 0.000000000000000000, 1.000000000000000000 ) ) ;
#441 = ORIENTED_EDGE ( 'NONE', *, *, #2601, .F. ) ;
#440 = EDGE_CURVE ( 'NONE', #1439, #7638, #7764, .T. ) ;
#442 = ORIENTED_EDGE ( 'NONE', *, *, #693, .T. ) ;
#443 = EDGE_CURVE ( 'NONE', #1559, #5274, #8522, .T. ) ;
#445 = VERTEX_POINT ( 'NONE', #7098 ) ;
#444 = ORIENTED_EDGE ( 'NONE', *, *, #5474, .T. ) ;
#446 = VECTOR ( 'NONE', #2026, 1000.000000000000000 ) ;
#447 = ORIENTED_EDGE ( 'NONE', *, *, #487, .T. ) ;
#448 = VERTEX_POINT ( 'NONE', #5247 ) ;
#449 = FACE_OUTER_BOUND ( 'NONE', #3806, .T. ) ;
#450 = AXIS2_PLACEMENT_3D ( 'NONE', #1615, #4412, #5124 ) ;
#451 = FACE_OUTER_BOUND ( 'NONE', #1105, .T. ) ;
#452 = AXIS2_PLACEMENT_3D ( 'NONE', #3600, #1079, #946 ) ;
#453 = DIRECTION ( 'NONE',  ( -0.7071067811865519026, 8.659560562354987092E-17, 0.7071067811865431318 ) ) ;
#454 = VECTOR ( 'NONE', #8187, 999.9999999999998863 ) ;
#455 = VERTEX_POINT ( 'NONE', #2533 ) ;
#456 = VECTOR ( 'NONE', #476, 1000.000000000000114 ) ;
#457 = EDGE_CURVE ( 'NONE', #2171, #5, #4535, .T. ) ;
#458 = FACE_OUTER_BOUND ( 'NONE', #4999, .T. ) ;
#459 = ORIENTED_EDGE ( 'NONE', *, *, #7789, .F. ) ;
#460 = ORIENTED_EDGE ( 'NONE', *, *, #146, .T. ) ;
#461 = EDGE_LOOP ( 'NONE', ( #1159, #4653, #6973, #2724 ) ) ;
#462 = LINE ( 'NONE', #550, #8618 ) ;
#463 = CARTESIAN_POINT ( 'NONE',  ( -30.88845264191652973, -1.000369342984384957, -0.4000000000000000222 ) ) ;
#464 = DIRECTION ( 'NONE',  ( 1.000000000000000000, 3.663735981263016583E-15, 0.000000000000000000 ) ) ;
#465 = EDGE_CURVE ( 'NONE', #2879, #1819, #6485, .T. ) ;
#466 = FACE_OUTER_BOUND ( 'NONE', #1827, .T. ) ;
#467 = ORIENTED_EDGE ( 'NONE', *, *, #4728, .F. ) ;
#468 = DIRECTION ( 'NONE',  ( 0.000000000000000000, 0.000000000000000000, -1.000000000000000000 ) ) ;
#469 = DIRECTION ( 'NONE',  ( -0.000000000000000000, -0.000000000000000000, 1.000000000000000000 ) ) ;
#470 = ORIENTED_EDGE ( 'NONE', *, *, #3190, .T. ) ;
#471 = ORIENTED_EDGE ( 'NONE', *, *, #1730, .F. ) ;
#472 = LINE ( 'NONE', #2504, #3103 ) ;
#473 = CARTESIAN_POINT ( 'NONE',  ( -21.07307158514991130, 1.000369342984391841, -0.4000000000000000222 ) ) ;
#474 = CARTESIAN_POINT ( 'NONE',  ( 31.00036934298439562, -8.500369342984352983, -0.4000000000000000222 ) ) ;
#475 = VECTOR ( 'NONE', #5511, 1000.000000000000114 ) ;
#476 = DIRECTION ( 'NONE',  ( 0.4999999999999968359, 0.8660254037844404840, 0.000000000000000000 ) ) ;
#477 = PLANE ( 'NONE',  #5338 ) ;
#478 = DIRECTION ( 'NONE',  ( 0.8660254037844369313, 0.5000000000000029976, 0.000000000000000000 ) ) ;
#479 = EDGE_LOOP ( 'NONE', ( #378, #2160, #4177, #3678 ) ) ;
#480 = LINE ( 'NONE', #5742, #5784 ) ;
#481 = EDGE_LOOP ( 'NONE', ( #5812, #3917, #5960, #1147 ) ) ;
#482 = CARTESIAN_POINT ( 'NONE',  ( -8.082690528383313477, 1.000369342984391841, -0.4000000000000000222 ) ) ;
#483 = EDGE_CURVE ( 'NONE', #1747, #2334, #6437, .T. ) ;
#484 = DIRECTION ( 'NONE',  ( -0.5000000000000029976, 0.8660254037844369313, -0.000000000000000000 ) ) ;
#485 = CARTESIAN_POINT ( 'NONE',  ( 22.66057158514988501, -41.24999999999981526, -0.4000000000000000222 ) ) ;
#486 = VECTOR ( 'NONE', #4985, 1000.000000000000000 ) ;
#487 = EDGE_CURVE ( 'NONE', #7075, #5408, #1693, .T. ) ;
#488 = DIRECTION ( 'NONE',  ( -0.000000000000000000, -0.000000000000000000, 1.000000000000000000 ) ) ;
#489 = AXIS2_PLACEMENT_3D ( 'NONE', #8723, #4526, #7223 ) ;
#490 = CARTESIAN_POINT ( 'NONE',  ( -41.30000000000001137, 42.58565153255793945, 0.3999999999999999667 ) ) ;
#491 = EDGE_CURVE ( 'NONE', #4600, #445, #4582, .T. ) ;
#492 = EDGE_LOOP ( 'NONE', ( #6009, #8590, #3940, #8151 ) ) ;
#494 = ORIENTED_EDGE ( 'NONE', *, *, #2778, .T. ) ;
#493 = VERTEX_POINT ( 'NONE', #365 ) ;
#495 = EDGE_LOOP ( 'NONE', ( #5505, #3130, #5591, #4498 ) ) ;
#496 = VERTEX_POINT ( 'NONE', #7280 ) ;
#497 = CARTESIAN_POINT ( 'NONE',  ( -35.65095264191651836, 33.74999999999986500, 0.4000000000000000222 ) ) ;
#498 = EDGE_CURVE ( 'NONE', #2481, #8183, #3844, .T. ) ;
#499 = FACE_BOUND ( 'NONE', #8171, .T. ) ;
#500 = ORIENTED_EDGE ( 'NONE', *, *, #7483, .T. ) ;
#501 = VECTOR ( 'NONE', #1825, 1000.000000000000000 ) ;
#502 = DIRECTION ( 'NONE',  ( -0.5000000000000029976, 0.8660254037844369313, 0.000000000000000000 ) ) ;
#503 = ORIENTED_EDGE ( 'NONE', *, *, #7574, .F. ) ;
#504 = ORIENTED_EDGE ( 'NONE', *, *, #1162, .F. ) ;
#505 = ORIENTED_EDGE ( 'NONE', *, *, #6247, .T. ) ;
#506 = CARTESIAN_POINT ( 'NONE',  ( 14.57788105676658930, -40.24963065701543030, -0.4000000000000000222 ) ) ;
#507 = DIRECTION ( 'NONE',  ( -0.000000000000000000, -0.000000000000000000, 1.000000000000000000 ) ) ;
#508 = AXIS2_PLACEMENT_3D ( 'NONE', #6829, #3991, #2833 ) ;
#509 = CARTESIAN_POINT ( 'NONE',  ( -3.320190528383323958, 41.24999999999985789, 0.4000000000000000222 ) ) ;
#510 = ADVANCED_FACE ( 'NONE', ( #1784 ), #6622, .T. ) ;
#511 = CARTESIAN_POINT ( 'NONE',  ( 37.49999999999999289, -14.99999999999993072, -0.4000000000000000222 ) ) ;
#512 = ADVANCED_FACE ( 'NONE', ( #7812 ), #3065, .T. ) ;
#513 = VECTOR ( 'NONE', #8567, 1000.000000000000000 ) ;
#514 = CARTESIAN_POINT ( 'NONE',  ( 34.06345264191648425, 38.50036934298425706, -0.4000000000000000222 ) ) ;
#515 = ORIENTED_EDGE ( 'NONE', *, *, #857, .T. ) ;
#516 = EDGE_CURVE ( 'NONE', #3495, #5253, #4490, .T. ) ;
#517 = ORIENTED_EDGE ( 'NONE', *, *, #6835, .T. ) ;
#518 = CARTESIAN_POINT ( 'NONE',  ( -27.56826211353322975, -4.750369342984381404, -0.4000000000000000222 ) ) ;
#519 = EDGE_CURVE ( 'NONE', #3366, #5378, #7191, .T. ) ;
#520 = CARTESIAN_POINT ( 'NONE',  ( 22.80576211353317717, 0.000000000000000000, 0.4000000000000000222 ) ) ;
#521 = CARTESIAN_POINT ( 'NONE',  ( -38.10000000000000142, -45.79999999999999005, -0.3499999999999957034 ) ) ;
#522 = CARTESIAN_POINT ( 'NONE',  ( -4.041878364870354901, -2.499999999999981348, -0.4000000000000000222 ) ) ;
#523 = VECTOR ( 'NONE', #2366, 1000.000000000000114 ) ;
#524 = DIRECTION ( 'NONE',  ( 1.000000000000000000, 3.663735981263016583E-15, 0.000000000000000000 ) ) ;
#525 = DIRECTION ( 'NONE',  ( -1.000000000000000000, -3.330669073875469621E-15, -0.000000000000000000 ) ) ;
#526 = VECTOR ( 'NONE', #1832, 1000.000000000000000 ) ;
#527 = VERTEX_POINT ( 'NONE', #3865 ) ;
#528 = CARTESIAN_POINT ( 'NONE',  ( 1.731624327025942156, -2.499999999999980904, -0.4000000000000000222 ) ) ;
#529 = EDGE_LOOP ( 'NONE', ( #1732, #7627, #6299, #6595 ) ) ;
#530 = FACE_OUTER_BOUND ( 'NONE', #2931, .T. ) ;
#531 = CARTESIAN_POINT ( 'NONE',  ( 30.88845264191646223, -38.50036934298423574, 0.4000000000000000222 ) ) ;
#532 = DIRECTION ( 'NONE',  ( -0.4999999999999965028, -0.8660254037844407060, 0.000000000000000000 ) ) ;
#533 = AXIS2_PLACEMENT_3D ( 'NONE', #8481, #6542, #5873 ) ;
#534 = VECTOR ( 'NONE', #216, 1000.000000000000000 ) ;
#535 = CARTESIAN_POINT ( 'NONE',  ( -25.00000000000000000, 39.99999999999999289, -0.4000000000000000222 ) ) ;
#536 = ORIENTED_EDGE ( 'NONE', *, *, #7364, .T. ) ;
#537 = DIRECTION ( 'NONE',  ( 0.000000000000000000, 0.000000000000000000, 1.000000000000000000 ) ) ;
#539 = EDGE_LOOP ( 'NONE', ( #6031, #3986, #4382, #4880 ) ) ;
#538 = ORIENTED_EDGE ( 'NONE', *, *, #7048, .F. ) ;
#540 = ORIENTED_EDGE ( 'NONE', *, *, #1715, .F. ) ;
#541 = ORIENTED_EDGE ( 'NONE', *, *, #6960, .T. ) ;
#542 = CARTESIAN_POINT ( 'NONE',  ( -24.24913778650731544, -39.99999999999993605, -0.4000000000000000222 ) ) ;
#543 = CARTESIAN_POINT ( 'NONE',  ( 0.000000000000000000, -39.99999999999993605, 0.4000000000000000222 ) ) ;
#544 = ORIENTED_EDGE ( 'NONE', *, *, #7373, .T. ) ;
#545 = CARTESIAN_POINT ( 'NONE',  ( 21.07307158514985801, -1.000369342984377852, 0.4000000000000000222 ) ) ;
#546 = ORIENTED_EDGE ( 'NONE', *, *, #8690, .F. ) ;
#547 = ORIENTED_EDGE ( 'NONE', *, *, #7592, .F. ) ;
#548 = VECTOR ( 'NONE', #6941, 1000.000000000000000 ) ;
#549 = ORIENTED_EDGE ( 'NONE', *, *, #5540, .T. ) ;
#550 = CARTESIAN_POINT ( 'NONE',  ( -11.40288105676659924, -40.24963065701543741, 0.4000000000000000222 ) ) ;
#551 = DIRECTION ( 'NONE',  ( -0.8660254037844368202, -0.5000000000000031086, 0.000000000000000000 ) ) ;
#552 = CARTESIAN_POINT ( 'NONE',  ( -35.65095264191650415, -41.24999999999985789, -0.4000000000000000222 ) ) ;
#553 = AXIS2_PLACEMENT_3D ( 'NONE', #960, #4159, #6993 ) ;
#554 = CARTESIAN_POINT ( 'NONE',  ( 1.731624327025942156, -2.499999999999980904, 0.4000000000000000222 ) ) ;
#555 = FACE_OUTER_BOUND ( 'NONE', #5222, .T. ) ;
#556 = EDGE_CURVE ( 'NONE', #6230, #1676, #7146, .T. ) ;
#557 = AXIS2_PLACEMENT_3D ( 'NONE', #2423, #436, #5132 ) ;
#558 = ORIENTED_EDGE ( 'NONE', *, *, #8201, .F. ) ;
#559 = EDGE_CURVE ( 'NONE', #5295, #103, #5205, .T. ) ;
#560 = ORIENTED_EDGE ( 'NONE', *, *, #8431, .T. ) ;
#561 = CARTESIAN_POINT ( 'NONE',  ( -11.40288105676663299, 40.24963065701545162, 0.4000000000000000222 ) ) ;
#562 = DIRECTION ( 'NONE',  ( 1.000000000000000000, 0.000000000000000000, 0.000000000000000000 ) ) ;
#563 = DIRECTION ( 'NONE',  ( -0.000000000000000000, -0.000000000000000000, 1.000000000000000000 ) ) ;
#564 = CARTESIAN_POINT ( 'NONE',  ( -27.56826211353322975, 40.24963065701545162, 0.4000000000000000222 ) ) ;
#565 = LINE ( 'NONE', #3348, #4558 ) ;
#566 = LINE ( 'NONE', #8757, #3330 ) ;
#567 = EDGE_CURVE ( 'NONE', #2251, #8319, #1071, .T. ) ;
#568 = DIRECTION ( 'NONE',  ( 1.000000000000000000, 3.663735981263016583E-15, 0.000000000000000000 ) ) ;
#569 = EDGE_LOOP ( 'NONE', ( #3345, #3826, #8258, #885 ) ) ;
#570 = ADVANCED_FACE ( 'NONE', ( #6532 ), #3773, .T. ) ;
#571 = VECTOR ( 'NONE', #7687, 1000.000000000000000 ) ;
#572 = CARTESIAN_POINT ( 'NONE',  ( 39.69999999999999574, -45.79999999999999005, -0.4000000000000000222 ) ) ;
#573 = CARTESIAN_POINT ( 'NONE',  ( -3.320190528383323958, -3.749999999999968470, -0.4000000000000000222 ) ) ;
#574 = CARTESIAN_POINT ( 'NONE',  ( -41.30000000000001847, -44.47009955363649425, 0.8089026739856025605 ) ) ;
#575 = LINE ( 'NONE', #1855, #4837 ) ;
#576 = ADVANCED_FACE ( 'NONE', ( #6080 ), #6169, .F. ) ;
#577 = LINE ( 'NONE', #2649, #3276 ) ;
#579 = ORIENTED_EDGE ( 'NONE', *, *, #4503, .T. ) ;
#578 = VERTEX_POINT ( 'NONE', #6793 ) ;
#580 = VERTEX_POINT ( 'NONE', #719 ) ;
#581 = ORIENTED_EDGE ( 'NONE', *, *, #57, .T. ) ;
#582 = CONICAL_SURFACE ( 'NONE', #8220, 3.149999999999999911, 0.7853981633974544962 ) ;
#583 = DIRECTION ( 'NONE',  ( -1.000000000000000000, 0.000000000000000000, 0.000000000000000000 ) ) ;
#584 = LINE ( 'NONE', #713, #1455 ) ;
#585 = EDGE_LOOP ( 'NONE', ( #5273, #231, #5525, #7671 ) ) ;
#586 = VECTOR ( 'NONE', #6645, 1000.000000000000000 ) ;
#587 = DIRECTION ( 'NONE',  ( -0.4999999999999965028, -0.8660254037844407060, 0.000000000000000000 ) ) ;
#588 = ORIENTED_EDGE ( 'NONE', *, *, #5077, .F. ) ;
#589 = ORIENTED_EDGE ( 'NONE', *, *, #4883, .T. ) ;
#590 = ORIENTED_EDGE ( 'NONE', *, *, #4780, .T. ) ;
#591 = CARTESIAN_POINT ( 'NONE',  ( -34.92926480542952561, -39.99999999999993605, -0.4000000000000000222 ) ) ;
#592 =( NAMED_UNIT ( * ) PLANE_ANGLE_UNIT ( ) SI_UNIT ( $, .RADIAN. ) );
#593 = EDGE_CURVE ( 'NONE', #3164, #5092, #1333, .T. ) ;
#594 = CARTESIAN_POINT ( 'NONE',  ( 27.56826211353319067, -2.749630657015569746, 0.4000000000000000222 ) ) ;
#595 = VECTOR ( 'NONE', #7650, 1000.000000000000114 ) ;
#596 = EDGE_CURVE ( 'NONE', #5862, #2581, #3951, .T. ) ;
#597 = CARTESIAN_POINT ( 'NONE',  ( -4.041878364870271412, 39.99999999999999289, -0.4000000000000000222 ) ) ;
#598 = EDGE_CURVE ( 'NONE', #3897, #4186, #5371, .T. ) ;
#599 = PLANE ( 'NONE',  #8001 ) ;
#600 = ORIENTED_EDGE ( 'NONE', *, *, #6943, .F. ) ;
#601 = ORIENTED_EDGE ( 'NONE', *, *, #487, .F. ) ;
#602 = FACE_OUTER_BOUND ( 'NONE', #667, .T. ) ;
#603 = DIRECTION ( 'NONE',  ( 0.5000000000000032196, -0.8660254037844368202, 0.000000000000000000 ) ) ;
#604 = FACE_OUTER_BOUND ( 'NONE', #60, .T. ) ;
#605 = EDGE_CURVE ( 'NONE', #2041, #6883, #5415, .T. ) ;
#606 = LINE ( 'NONE', #8053, #6678 ) ;
#607 = VERTEX_POINT ( 'NONE', #4042 ) ;
#608 = CARTESIAN_POINT ( 'NONE',  ( 38.10000000000000142, -45.79999999999999005, -0.4000000000000000222 ) ) ;
#609 = DIRECTION ( 'NONE',  ( -0.4999999999999965583, -0.8660254037844407060, -0.000000000000000000 ) ) ;
#610 = DIRECTION ( 'NONE',  ( 0.5000000000000032196, -0.8660254037844368202, 0.000000000000000000 ) ) ;
#611 = ORIENTED_EDGE ( 'NONE', *, *, #2404, .T. ) ;
#612 = CARTESIAN_POINT ( 'NONE',  ( 29.15576211353317859, 37.49999999999987921, 0.4000000000000000222 ) ) ;
#613 = DIRECTION ( 'NONE',  ( 0.8660254037844369313, 0.5000000000000029976, 0.000000000000000000 ) ) ;
#614 = PLANE ( 'NONE',  #7079 ) ;
#615 = AXIS2_PLACEMENT_3D ( 'NONE', #3289, #6625, #56 ) ;
#616 = CARTESIAN_POINT ( 'NONE',  ( -30.88845264191649420, -43.99963065701542320, 0.4000000000000000222 ) ) ;
#617 = EDGE_CURVE ( 'NONE', #4966, #7850, #4613, .T. ) ;
#618 = CARTESIAN_POINT ( 'NONE',  ( 0.000000000000000000, 2.500000000000024869, 0.4000000000000000222 ) ) ;
#619 = VECTOR ( 'NONE', #1411, 1000.000000000000000 ) ;
#620 = LINE ( 'NONE', #3315, #2425 ) ;
#621 = ORIENTED_EDGE ( 'NONE', *, *, #277, .F. ) ;
#622 = AXIS2_PLACEMENT_3D ( 'NONE', #4635, #1262, #7591 ) ;
#623 = ORIENTED_EDGE ( 'NONE', *, *, #6927, .F. ) ;
#624 = ORIENTED_EDGE ( 'NONE', *, *, #7746, .F. ) ;
#625 = CARTESIAN_POINT ( 'NONE',  ( -11.25875672974076913, 39.99999999999999289, 0.4000000000000000222 ) ) ;
#626 = EDGE_CURVE ( 'NONE', #3709, #5667, #5459, .T. ) ;
#627 = CIRCLE ( 'NONE', #8264, 3.149999999999999911 ) ;
#628 = CARTESIAN_POINT ( 'NONE',  ( 21.07307158514985801, 43.99963065701543741, -0.4000000000000000222 ) ) ;
#629 = ORIENTED_EDGE ( 'NONE', *, *, #8176, .T. ) ;
#630 = VECTOR ( 'NONE', #5911, 1000.000000000000000 ) ;
#631 = CARTESIAN_POINT ( 'NONE',  ( 34.06345264191648425, -43.99963065701540188, -0.4000000000000000222 ) ) ;
#632 = VERTEX_POINT ( 'NONE', #2089 ) ;
#633 = ORIENTED_EDGE ( 'NONE', *, *, #5604, .F. ) ;
#634 = ORIENTED_EDGE ( 'NONE', *, *, #2878, .F. ) ;
#635 = DIRECTION ( 'NONE',  ( 1.000000000000000000, 3.663735981263016583E-15, 0.000000000000000000 ) ) ;
#636 = CARTESIAN_POINT ( 'NONE',  ( -9.670190528383324491, 41.24999999999982947, 0.4000000000000000222 ) ) ;
#637 = CARTESIAN_POINT ( 'NONE',  ( 29.15576211353317859, -7.499999999999944045, -0.4000000000000000222 ) ) ;
#638 = CARTESIAN_POINT ( 'NONE',  ( 33.93698350964250920, -43.99963065701540899, 0.3999999999999999667 ) ) ;
#639 = VECTOR ( 'NONE', #312, 1000.000000000000000 ) ;
#640 = ORIENTED_EDGE ( 'NONE', *, *, #6355, .F. ) ;
#641 = ORIENTED_EDGE ( 'NONE', *, *, #2885, .T. ) ;
#642 = FACE_OUTER_BOUND ( 'NONE', #5718, .T. ) ;
#643 = CARTESIAN_POINT ( 'NONE',  ( 30.88845264191648354, 1.000369342984405829, 0.4000000000000000222 ) ) ;
#644 = EDGE_CURVE ( 'NONE', #3063, #6660, #4798, .T. ) ;
#645 = CARTESIAN_POINT ( 'NONE',  ( 21.07307158514988288, 1.000369342984412713, -0.4000000000000000222 ) ) ;
#646 = CARTESIAN_POINT ( 'NONE',  ( 37.94643205625371962, 48.99999999999999289, 1.117874145900760396 ) ) ;
#647 = DIRECTION ( 'NONE',  ( -1.000000000000000000, 0.000000000000000000, 0.000000000000000000 ) ) ;
#648 = VERTEX_POINT ( 'NONE', #4751 ) ;
#649 = EDGE_CURVE ( 'NONE', #5949, #401, #1378, .T. ) ;
#650 = FACE_OUTER_BOUND ( 'NONE', #6918, .T. ) ;
#651 = CARTESIAN_POINT ( 'NONE',  ( 8.082690528383263739, 43.99963065701543741, -0.4000000000000000222 ) ) ;
#652 = FACE_OUTER_BOUND ( 'NONE', #5980, .T. ) ;
#653 = ORIENTED_EDGE ( 'NONE', *, *, #1968, .F. ) ;
#654 = CARTESIAN_POINT ( 'NONE',  ( -14.72200538379255974, -2.499999999999981348, 0.4000000000000000222 ) ) ;
#655 = CARTESIAN_POINT ( 'NONE',  ( 37.50000000000000000, 27.50000000000002487, -0.4000000000000000222 ) ) ;
#656 = CARTESIAN_POINT ( 'NONE',  ( -41.30000000000001847, -45.25862775880397493, 1.062169268358555740 ) ) ;
#657 = PLANE ( 'NONE',  #195 ) ;
#658 = VECTOR ( 'NONE', #386, 999.9999999999998863 ) ;
#659 = EDGE_CURVE ( 'NONE', #3522, #4144, #1419, .T. ) ;
#660 = LINE ( 'NONE', #4027, #6534 ) ;
#661 = EDGE_CURVE ( 'NONE', #5274, #95, #6749, .T. ) ;
#662 = AXIS2_PLACEMENT_3D ( 'NONE', #7452, #1379, #763 ) ;
#663 = CARTESIAN_POINT ( 'NONE',  ( -29.15576211353321057, -37.49999999999986500, 0.4000000000000000222 ) ) ;
#664 = ORIENTED_EDGE ( 'NONE', *, *, #732, .F. ) ;
#665 = VECTOR ( 'NONE', #5069, 1000.000000000000000 ) ;
#666 = ORIENTED_EDGE ( 'NONE', *, *, #7648, .T. ) ;
#667 = EDGE_LOOP ( 'NONE', ( #4463, #4407, #7708, #4393 ) ) ;
#668 = EDGE_CURVE ( 'NONE', #4030, #7651, #7451, .T. ) ;
#669 = LINE ( 'NONE', #3900, #7884 ) ;
#670 = DIRECTION ( 'NONE',  ( 0.000000000000000000, 0.000000000000000000, -1.000000000000000000 ) ) ;
#671 = ORIENTED_EDGE ( 'NONE', *, *, #2960, .F. ) ;
#672 = FACE_OUTER_BOUND ( 'NONE', #3757, .T. ) ;
#673 = ORIENTED_EDGE ( 'NONE', *, *, #5748, .T. ) ;
#674 = VERTEX_POINT ( 'NONE', #1251 ) ;
#675 = ORIENTED_EDGE ( 'NONE', *, *, #6732, .T. ) ;
#676 = LINE ( 'NONE', #6039, #4185 ) ;
#677 = PLANE ( 'NONE',  #662 ) ;
#678 = CARTESIAN_POINT ( 'NONE',  ( 4.907690528383266582, 43.99963065701542320, 0.4000000000000000222 ) ) ;
#679 = EDGE_CURVE ( 'NONE', #2510, #1104, #6832, .T. ) ;
#680 = LINE ( 'NONE', #2048, #6863 ) ;
#681 = ORIENTED_EDGE ( 'NONE', *, *, #2176, .T. ) ;
#682 = EDGE_LOOP ( 'NONE', ( #7820, #640, #3853, #7448 ) ) ;
#683 = ORIENTED_EDGE ( 'NONE', *, *, #1309, .T. ) ;
#684 = DIRECTION ( 'NONE',  ( -0.4999999999999965028, -0.8660254037844407060, 0.000000000000000000 ) ) ;
#685 = LINE ( 'NONE', #7244, #7268 ) ;
#686 = CARTESIAN_POINT ( 'NONE',  ( 17.89807158514988217, 1.000369342984398724, -0.4000000000000000222 ) ) ;
#687 = CARTESIAN_POINT ( 'NONE',  ( 40.73267271014371005, 49.00000000000000711, 0.4025789739612434803 ) ) ;
#688 = DIRECTION ( 'NONE',  ( -0.000000000000000000, -0.000000000000000000, 1.000000000000000000 ) ) ;
#689 = EDGE_LOOP ( 'NONE', ( #8471, #3771, #6855, #2888, #94, #2836 ) ) ;
#690 = VECTOR ( 'NONE', #3702, 1000.000000000000000 ) ;
#691 = DIRECTION ( 'NONE',  ( -0.000000000000000000, -0.000000000000000000, 1.000000000000000000 ) ) ;
#692 = LINE ( 'NONE', #3392, #8417 ) ;
#693 = EDGE_CURVE ( 'NONE', #5610, #2938, #3286, .T. ) ;
#694 = FACE_OUTER_BOUND ( 'NONE', #7942, .T. ) ;
#695 = VERTEX_POINT ( 'NONE', #2619 ) ;
#696 = CARTESIAN_POINT ( 'NONE',  ( 4.041878364870259865, -39.99999999999993605, -0.4000000000000000222 ) ) ;
#697 = DIRECTION ( 'NONE',  ( 0.5000000000000032196, -0.8660254037844368202, 0.000000000000000000 ) ) ;
#698 = CARTESIAN_POINT ( 'NONE',  ( -34.06345264191652689, -1.000369342984398724, 0.4000000000000000222 ) ) ;
#699 = VECTOR ( 'NONE', #4904, 1000.000000000000114 ) ;
#700 = ADVANCED_FACE ( 'NONE', ( #2576 ), #8082, .T. ) ;
#701 = LINE ( 'NONE', #7848, #335 ) ;
#702 = EDGE_CURVE ( 'NONE', #4220, #6068, #3329, .T. ) ;
#703 = PLANE ( 'NONE',  #3125 ) ;
#704 = CARTESIAN_POINT ( 'NONE',  ( -34.95000000000000284, -45.79999999999999005, 1.200000000000001954 ) ) ;
#705 = VECTOR ( 'NONE', #2803, 1000.000000000000000 ) ;
#706 = DIRECTION ( 'NONE',  ( 1.000000000000000000, 0.000000000000000000, 0.000000000000000000 ) ) ;
#707 = ORIENTED_EDGE ( 'NONE', *, *, #7625, .T. ) ;
#708 = VERTEX_POINT ( 'NONE', #8699 ) ;
#709 = ORIENTED_EDGE ( 'NONE', *, *, #7274, .T. ) ;
#710 = DIRECTION ( 'NONE',  ( 1.000000000000000000, 3.663735981263016583E-15, 0.000000000000000000 ) ) ;
#711 = LINE ( 'NONE', #6116, #3211 ) ;
#712 = EDGE_CURVE ( 'NONE', #2626, #6289, #676, .T. ) ;
#713 = CARTESIAN_POINT ( 'NONE',  ( 17.89807158514986085, -1.000369342984391841, -0.4000000000000000222 ) ) ;
#714 = ORIENTED_EDGE ( 'NONE', *, *, #46, .F. ) ;
#715 = ADVANCED_FACE ( 'NONE', ( #4843 ), #8210, .T. ) ;
#716 = CARTESIAN_POINT ( 'NONE',  ( -37.50000000000000000, 2.500000000000024869, -0.4000000000000000222 ) ) ;
#717 = ORIENTED_EDGE ( 'NONE', *, *, #1475, .T. ) ;
#718 = VERTEX_POINT ( 'NONE', #4169 ) ;
#719 = CARTESIAN_POINT ( 'NONE',  ( 34.06345264191645583, 43.99963065701543741, 0.4041955794042770833 ) ) ;
#720 = CARTESIAN_POINT ( 'NONE',  ( 24.24913778650730123, -39.99999999999993605, 0.4000000000000000222 ) ) ;
#721 = CARTESIAN_POINT ( 'NONE',  ( -3.175000000000011369, -1.387778780781445676E-14, 0.4000000000000000222 ) ) ;
#722 = EDGE_CURVE ( 'NONE', #7604, #5155, #2475, .T. ) ;
#723 = CARTESIAN_POINT ( 'NONE',  ( 17.03225942163685502, -39.99999999999993605, -0.4000000000000000222 ) ) ;
#724 = VERTEX_POINT ( 'NONE', #4330 ) ;
#725 = ORIENTED_EDGE ( 'NONE', *, *, #3973, .F. ) ;
#726 = ORIENTED_EDGE ( 'NONE', *, *, #3257, .T. ) ;
#727 = DIRECTION ( 'NONE',  ( -1.000000000000000000, 0.000000000000000000, 0.000000000000000000 ) ) ;
#728 = VECTOR ( 'NONE', #337, 1000.000000000000000 ) ;
#729 = ADVANCED_FACE ( 'NONE', ( #8405 ), #1811, .T. ) ;
#730 = PLANE ( 'NONE',  #2167 ) ;
#731 = DIRECTION ( 'NONE',  ( -0.4999999999999965583, -0.8660254037844407060, -0.000000000000000000 ) ) ;
#732 = EDGE_CURVE ( 'NONE', #5, #4510, #6417, .T. ) ;
#733 = CARTESIAN_POINT ( 'NONE',  ( -16.16538105676661274, -37.49999999999986500, -0.4000000000000000222 ) ) ;
#734 = AXIS2_PLACEMENT_3D ( 'NONE', #8101, #4900, #4770 ) ;
#735 = VERTEX_POINT ( 'NONE', #5746 ) ;
#736 = CARTESIAN_POINT ( 'NONE',  ( 16.31057158514986938, 3.749999999999982681, -0.4000000000000000222 ) ) ;
#737 = CARTESIAN_POINT ( 'NONE',  ( 25.00000000000000000, -2.499999999999980904, -0.4000000000000000222 ) ) ;
#738 = ORIENTED_EDGE ( 'NONE', *, *, #6205, .F. ) ;
#739 = FACE_OUTER_BOUND ( 'NONE', #2651, .T. ) ;
#740 = ORIENTED_EDGE ( 'NONE', *, *, #868, .F. ) ;
#741 = DIRECTION ( 'NONE',  ( 0.000000000000000000, -0.000000000000000000, -1.000000000000000000 ) ) ;
#742 = LINE ( 'NONE', #2861, #4726 ) ;
#743 = CARTESIAN_POINT ( 'NONE',  ( 4.041878364870216345, 39.99999999999999289, -0.4000000000000000222 ) ) ;
#744 = LINE ( 'NONE', #4106, #7838 ) ;
#745 = CARTESIAN_POINT ( 'NONE',  ( 8.082690528383288608, 38.50036934298425706, -0.4000000000000000222 ) ) ;
#746 = CARTESIAN_POINT ( 'NONE',  ( -41.30000000000001137, -49.00000000000000000, -0.4000000000000000222 ) ) ;
#747 = ADVANCED_FACE ( 'NONE', ( #1098 ), #1143, .T. ) ;
#748 = CARTESIAN_POINT ( 'NONE',  ( 25.00000000000000000, -2.499999999999980904, -0.4000000000000000222 ) ) ;
#749 = ORIENTED_EDGE ( 'NONE', *, *, #8638, .F. ) ;
#750 = LINE ( 'NONE', #6158, #1087 ) ;
#751 = EDGE_CURVE ( 'NONE', #8047, #7267, #1671, .T. ) ;
#752 = CARTESIAN_POINT ( 'NONE',  ( -3.320190528383323958, 41.24999999999985789, -0.4000000000000000222 ) ) ;
#753 = DIRECTION ( 'NONE',  ( 0.000000000000000000, 0.000000000000000000, -1.000000000000000000 ) ) ;
#754 = ADVANCED_FACE ( 'NONE', ( #3751 ), #8453, .T. ) ;
#755 = DIRECTION ( 'NONE',  ( -1.000000000000000000, -3.330669073875469621E-15, 0.000000000000000000 ) ) ;
#756 = ORIENTED_EDGE ( 'NONE', *, *, #6601, .F. ) ;
#757 = AXIS2_PLACEMENT_3D ( 'NONE', #1788, #7236, #3869 ) ;
#758 = AXIS2_PLACEMENT_3D ( 'NONE', #7547, #1519, #2761 ) ;
#759 = DIRECTION ( 'NONE',  ( -0.000000000000000000, -0.000000000000000000, 1.000000000000000000 ) ) ;
#760 = EDGE_LOOP ( 'NONE', ( #3292, #3623, #7105, #7842 ) ) ;
#761 = ORIENTED_EDGE ( 'NONE', *, *, #1422, .F. ) ;
#762 = CARTESIAN_POINT ( 'NONE',  ( 34.06345264191645583, -8.500369342984342325, -0.4000000000000000222 ) ) ;
#763 = DIRECTION ( 'NONE',  ( -0.5000000000000029976, 0.8660254037844369313, 0.000000000000000000 ) ) ;
#764 = VECTOR ( 'NONE', #7404, 1000.000000000000000 ) ;
#765 = CARTESIAN_POINT ( 'NONE',  ( 34.06345264191648425, 1.000369342984419596, -0.4000000000000000222 ) ) ;
#766 = LINE ( 'NONE', #8085, #1479 ) ;
#767 = ORIENTED_EDGE ( 'NONE', *, *, #7897, .F. ) ;
#768 = ORIENTED_EDGE ( 'NONE', *, *, #5302, .T. ) ;
#769 = VERTEX_POINT ( 'NONE', #6556 ) ;
#770 = CARTESIAN_POINT ( 'NONE',  ( 27.56826211353319067, -40.24963065701542320, -0.4000000000000000222 ) ) ;
#771 = ADVANCED_FACE ( 'NONE', ( #1717 ), #6463, .T. ) ;
#772 = CARTESIAN_POINT ( 'NONE',  ( -34.06345264191652689, 36.49963065701545872, -0.4000000000000000222 ) ) ;
#773 = EDGE_CURVE ( 'NONE', #6823, #878, #5793, .T. ) ;
#774 = LINE ( 'NONE', #7548, #3926 ) ;
#775 = DIRECTION ( 'NONE',  ( -0.000000000000000000, -1.000000000000000000, -0.000000000000000000 ) ) ;
#776 = ORIENTED_EDGE ( 'NONE', *, *, #6876, .F. ) ;
#777 = VECTOR ( 'NONE', #3860, 1000.000000000000000 ) ;
#778 = CARTESIAN_POINT ( 'NONE',  ( 34.92926480542945455, 2.500000000000024869, -0.4000000000000000222 ) ) ;
#779 = ADVANCED_FACE ( 'NONE', ( #2424 ), #7835, .T. ) ;
#780 = EDGE_CURVE ( 'NONE', #2679, #2294, #4467, .T. ) ;
#781 = LINE ( 'NONE', #6187, #8594 ) ;
#782 = ORIENTED_EDGE ( 'NONE', *, *, #3834, .F. ) ;
#783 = DIRECTION ( 'NONE',  ( -0.000000000000000000, -0.000000000000000000, 1.000000000000000000 ) ) ;
#784 = ORIENTED_EDGE ( 'NONE', *, *, #1013, .F. ) ;
#785 = CARTESIAN_POINT ( 'NONE',  ( -4.907690528383336748, -1.000369342984384957, 0.4000000000000000222 ) ) ;
#786 = CARTESIAN_POINT ( 'NONE',  ( -16.31057158514992267, 41.24999999999985789, -0.4000000000000000222 ) ) ;
#787 = CARTESIAN_POINT ( 'NONE',  ( 35.65095264191646862, 33.74999999999989342, -0.4000000000000000222 ) ) ;
#788 = VECTOR ( 'NONE', #7875, 1000.000000000000114 ) ;
#789 = PLANE ( 'NONE',  #5112 ) ;
#790 = DIRECTION ( 'NONE',  ( 0.000000000000000000, 0.000000000000000000, -1.000000000000000000 ) ) ;
#791 = VECTOR ( 'NONE', #4624, 1000.000000000000000 ) ;
#792 = LINE ( 'NONE', #6322, #6646 ) ;
#793 = ORIENTED_EDGE ( 'NONE', *, *, #5055, .F. ) ;
#794 = EDGE_LOOP ( 'NONE', ( #7511, #7924, #6482, #4251, #852, #177 ) ) ;
#795 = CARTESIAN_POINT ( 'NONE',  ( 9.670190528383276529, 41.24999999999985789, 0.4000000000000000222 ) ) ;
#796 = DIRECTION ( 'NONE',  ( 0.000000000000000000, 0.000000000000000000, 1.000000000000000000 ) ) ;
#797 = DIRECTION ( 'NONE',  ( 1.000000000000000000, 3.663735981263016583E-15, 0.000000000000000000 ) ) ;
#798 = VERTEX_POINT ( 'NONE', #4375 ) ;
#799 = VECTOR ( 'NONE', #3697, 1000.000000000000000 ) ;
#800 = CARTESIAN_POINT ( 'NONE',  ( 30.88845264191646223, 43.99963065701542320, 0.4000000000000000222 ) ) ;
#801 = EDGE_LOOP ( 'NONE', ( #3649, #5007, #725, #8180 ) ) ;
#802 = ORIENTED_EDGE ( 'NONE', *, *, #1989, .F. ) ;
#803 = ORIENTED_EDGE ( 'NONE', *, *, #3696, .T. ) ;
#804 = VECTOR ( 'NONE', #5702, 1000.000000000000000 ) ;
#805 = FACE_OUTER_BOUND ( 'NONE', #6908, .T. ) ;
#806 = VECTOR ( 'NONE', #2745, 1000.000000000000114 ) ;
#807 = DIRECTION ( 'NONE',  ( 0.4999999999999968359, 0.8660254037844404840, 0.000000000000000000 ) ) ;
#808 = DIRECTION ( 'NONE',  ( -0.5000000000000029976, 0.8660254037844369313, 0.000000000000000000 ) ) ;
#809 = ORIENTED_EDGE ( 'NONE', *, *, #6994, .F. ) ;
#810 = ORIENTED_EDGE ( 'NONE', *, *, #8172, .F. ) ;
#811 = VECTOR ( 'NONE', #6179, 1000.000000000000114 ) ;
#812 = VERTEX_POINT ( 'NONE', #7741 ) ;
#813 = CARTESIAN_POINT ( 'NONE',  ( -35.65095264191651836, 3.749999999999982681, -0.4000000000000000222 ) ) ;
#814 = LINE ( 'NONE', #4894, #1745 ) ;
#815 = DIRECTION ( 'NONE',  ( 0.5000000000000032196, -0.8660254037844368202, 0.000000000000000000 ) ) ;
#816 = PLANE ( 'NONE',  #7973 ) ;
#817 = EDGE_CURVE ( 'NONE', #1499, #5263, #6368, .T. ) ;
#818 = ORIENTED_EDGE ( 'NONE', *, *, #27, .F. ) ;
#819 = EDGE_CURVE ( 'NONE', #5093, #5588, #3134, .T. ) ;
#820 = CARTESIAN_POINT ( 'NONE',  ( 24.24913778650724439, 2.500000000000024425, 0.4000000000000000222 ) ) ;
#821 = EDGE_CURVE ( 'NONE', #4676, #5506, #2998, .T. ) ;
#822 = CARTESIAN_POINT ( 'NONE',  ( -37.50000000000000000, 0.000000000000000000, 0.4000000000000000222 ) ) ;
#823 = ORIENTED_EDGE ( 'NONE', *, *, #4616, .T. ) ;
#824 = PLANE ( 'NONE',  #3659 ) ;
#825 = ADVANCED_FACE ( 'NONE', ( #4995 ), #582, .F. ) ;
#826 = ORIENTED_EDGE ( 'NONE', *, *, #3260, .T. ) ;
#827 = DIRECTION ( 'NONE',  ( 0.5000000000000032196, -0.8660254037844368202, 0.000000000000000000 ) ) ;
#828 = CARTESIAN_POINT ( 'NONE',  ( -28.54971111735629918, 36.45028888264369726, 0.4000000000000000222 ) ) ;
#829 = VECTOR ( 'NONE', #6621, 1000.000000000000000 ) ;
#830 = CARTESIAN_POINT ( 'NONE',  ( -21.07307158514989709, -43.99963065701543030, -0.4000000000000000222 ) ) ;
#831 = ADVANCED_FACE ( 'NONE', ( #3888 ), #614, .T. ) ;
#832 = LINE ( 'NONE', #6944, #7453 ) ;
#833 = EDGE_CURVE ( 'NONE', #4262, #5627, #4691, .T. ) ;
#834 = DIRECTION ( 'NONE',  ( -0.5000000000000029976, 0.8660254037844369313, -0.000000000000000000 ) ) ;
#835 = ORIENTED_EDGE ( 'NONE', *, *, #3892, .T. ) ;
#836 = AXIS2_PLACEMENT_3D ( 'NONE', #8670, #2596, #5306 ) ;
#837 = VERTEX_POINT ( 'NONE', #1188 ) ;
#838 = CARTESIAN_POINT ( 'NONE',  ( 11.25875672974071229, 39.99999999999999289, 0.4000000000000000222 ) ) ;
#839 = LINE ( 'NONE', #3535, #238 ) ;
#840 = EDGE_CURVE ( 'NONE', #1249, #1947, #8593, .T. ) ;
#841 = CARTESIAN_POINT ( 'NONE',  ( 38.10000000000000142, -45.79999999999999005, 1.200000000000001954 ) ) ;
#842 = ORIENTED_EDGE ( 'NONE', *, *, #2217, .T. ) ;
#843 = AXIS2_PLACEMENT_3D ( 'NONE', #2544, #6585, #3294 ) ;
#844 = ORIENTED_EDGE ( 'NONE', *, *, #7903, .T. ) ;
#845 = EDGE_LOOP ( 'NONE', ( #4923, #7350 ) ) ;
#846 = ORIENTED_EDGE ( 'NONE', *, *, #1604, .T. ) ;
#847 = VECTOR ( 'NONE', #5950, 999.9999999999998863 ) ;
#848 = CARTESIAN_POINT ( 'NONE',  ( 22.66057158514987080, -3.749999999999961808, -0.4000000000000000222 ) ) ;
#849 = FACE_BOUND ( 'NONE', #3579, .T. ) ;
#850 = CARTESIAN_POINT ( 'NONE',  ( 25.00000000000000000, 39.99999999999999289, 0.6000000000000000888 ) ) ;
#851 = ORIENTED_EDGE ( 'NONE', *, *, #7954, .T. ) ;
#852 = ORIENTED_EDGE ( 'NONE', *, *, #8490, .F. ) ;
#853 = EDGE_CURVE ( 'NONE', #4208, #3243, #2515, .T. ) ;
#854 = ORIENTED_EDGE ( 'NONE', *, *, #3850, .F. ) ;
#855 = DIRECTION ( 'NONE',  ( -0.000000000000000000, -0.000000000000000000, 1.000000000000000000 ) ) ;
#856 = CARTESIAN_POINT ( 'NONE',  ( -30.88845264191649420, -43.99963065701542320, -0.4000000000000000222 ) ) ;
#857 = EDGE_CURVE ( 'NONE', #4417, #6963, #6729, .T. ) ;
#858 = LINE ( 'NONE', #2099, #6195 ) ;
#859 = LINE ( 'NONE', #7636, #319 ) ;
#860 = EDGE_CURVE ( 'NONE', #7898, #3563, #7301, .T. ) ;
#861 = ORIENTED_EDGE ( 'NONE', *, *, #2801, .F. ) ;
#862 = DIRECTION ( 'NONE',  ( 0.5000000000000032196, -0.8660254037844368202, 0.000000000000000000 ) ) ;
#863 = VECTOR ( 'NONE', #5663, 1000.000000000000000 ) ;
#864 = CARTESIAN_POINT ( 'NONE',  ( 4.907690528383287898, 1.000369342984398724, -0.4000000000000000222 ) ) ;
#865 = ORIENTED_EDGE ( 'NONE', *, *, #5574, .F. ) ;
#866 = LINE ( 'NONE', #6938, #2952 ) ;
#867 = ORIENTED_EDGE ( 'NONE', *, *, #8606, .T. ) ;
#868 = EDGE_CURVE ( 'NONE', #5429, #1713, #6599, .T. ) ;
#869 = CARTESIAN_POINT ( 'NONE',  ( 4.907690528383287898, 1.000369342984398724, -0.4000000000000000222 ) ) ;
#870 = VECTOR ( 'NONE', #3216, 1000.000000000000000 ) ;
#871 = DIRECTION ( 'NONE',  ( 0.4999999999999968359, 0.8660254037844404840, 0.000000000000000000 ) ) ;
#872 = AXIS2_PLACEMENT_3D ( 'NONE', #7206, #5883, #8585 ) ;
#873 = VECTOR ( 'NONE', #1872, 1000.000000000000000 ) ;
#874 = AXIS2_PLACEMENT_3D ( 'NONE', #6109, #6734, #8681 ) ;
#875 = CARTESIAN_POINT ( 'NONE',  ( -1.587500000000033218, 40.24963065701545162, 0.4000000000000000222 ) ) ;
#876 = DIRECTION ( 'NONE',  ( 0.000000000000000000, 0.000000000000000000, 1.000000000000000000 ) ) ;
#877 = DIRECTION ( 'NONE',  ( -0.5000000000000029976, 0.8660254037844369313, -0.000000000000000000 ) ) ;
#878 = VERTEX_POINT ( 'NONE', #5931 ) ;
#879 = EDGE_LOOP ( 'NONE', ( #6219, #3635, #6175, #149, #6220, #2951 ) ) ;
#880 = CARTESIAN_POINT ( 'NONE',  ( -22.66057158514990988, -41.24999999999985079, -0.4000000000000000222 ) ) ;
#881 = CARTESIAN_POINT ( 'NONE',  ( 1.587499999999963940, 40.24963065701546583, -0.4000000000000000222 ) ) ;
#882 = EDGE_CURVE ( 'NONE', #5142, #4962, #8636, .T. ) ;
#883 = EDGE_CURVE ( 'NONE', #5712, #6800, #7972, .T. ) ;
#884 = DIRECTION ( 'NONE',  ( 1.000000000000000000, 0.000000000000000000, 0.000000000000000000 ) ) ;
#885 = ORIENTED_EDGE ( 'NONE', *, *, #3196, .T. ) ;
#886 = EDGE_CURVE ( 'NONE', #3421, #1689, #6017, .T. ) ;
#887 = VERTEX_POINT ( 'NONE', #3397 ) ;
#888 = ORIENTED_EDGE ( 'NONE', *, *, #1898, .F. ) ;
#889 = VERTEX_POINT ( 'NONE', #1229 ) ;
#890 = LINE ( 'NONE', #2388, #1326 ) ;
#891 = AXIS2_PLACEMENT_3D ( 'NONE', #2132, #7667, #2967 ) ;
#892 = CARTESIAN_POINT ( 'NONE',  ( -16.31057158514990846, -41.24999999999982236, -0.4000000000000000222 ) ) ;
#893 = ORIENTED_EDGE ( 'NONE', *, *, #2309, .T. ) ;
#894 = DIRECTION ( 'NONE',  ( -0.4999999999999965583, -0.8660254037844407060, -0.000000000000000000 ) ) ;
#895 = VECTOR ( 'NONE', #7272, 1000.000000000000000 ) ;
#896 = ORIENTED_EDGE ( 'NONE', *, *, #4628, .F. ) ;
#897 = ORIENTED_EDGE ( 'NONE', *, *, #2025, .T. ) ;
#898 = ORIENTED_EDGE ( 'NONE', *, *, #7905, .F. ) ;
#899 = CARTESIAN_POINT ( 'NONE',  ( -34.06345264191650557, -6.499630657015580404, -0.4000000000000000222 ) ) ;
#900 = AXIS2_PLACEMENT_3D ( 'NONE', #995, #2411, #4501 ) ;
#901 = LINE ( 'NONE', #6930, #5290 ) ;
#902 = FACE_OUTER_BOUND ( 'NONE', #1321, .T. ) ;
#903 = AXIS2_PLACEMENT_3D ( 'NONE', #4571, #5190, #5804 ) ;
#904 = CARTESIAN_POINT ( 'NONE',  ( 29.30095264191647075, -3.749999999999982681, 0.4000000000000000222 ) ) ;
#905 = EDGE_LOOP ( 'NONE', ( #8298, #2325, #2398, #225 ) ) ;
#906 = LINE ( 'NONE', #4317, #1156 ) ;
#907 = LINE ( 'NONE', #5689, #2498 ) ;
#908 = ORIENTED_EDGE ( 'NONE', *, *, #6452, .F. ) ;
#909 = CARTESIAN_POINT ( 'NONE',  ( 28.54971111735626721, 36.45028888264373279, -0.4000000000000000222 ) ) ;
#910 = ORIENTED_EDGE ( 'NONE', *, *, #7990, .F. ) ;
#911 = DIRECTION ( 'NONE',  ( -0.000000000000000000, -0.000000000000000000, 1.000000000000000000 ) ) ;
#912 = LINE ( 'NONE', #2235, #3506 ) ;
#913 = PLANE ( 'NONE',  #2271 ) ;
#914 = LINE ( 'NONE', #3126, #6177 ) ;
#915 = CARTESIAN_POINT ( 'NONE',  ( 25.00000000000000000, 39.99999999999999289, -0.4000000000000000222 ) ) ;
#916 = ORIENTED_EDGE ( 'NONE', *, *, #3570, .T. ) ;
#917 = AXIS2_PLACEMENT_3D ( 'NONE', #716, #4164, #8737 ) ;
#918 = LINE ( 'NONE', #1096, #8028 ) ;
#919 = CARTESIAN_POINT ( 'NONE',  ( -4.907690528383298556, -43.99963065701541609, 0.4000000000000000222 ) ) ;
#920 = CARTESIAN_POINT ( 'NONE',  ( 24.24913778650730123, -39.99999999999993605, -0.4000000000000000222 ) ) ;
#921 = CARTESIAN_POINT ( 'NONE',  ( 34.06345264191648425, 31.00036934298429259, -0.4000000000000000222 ) ) ;
#922 = DIRECTION ( 'NONE',  ( 0.4999999999999968359, 0.8660254037844404840, 0.000000000000000000 ) ) ;
#923 = EDGE_LOOP ( 'NONE', ( #5758, #6957, #7368, #5137 ) ) ;
#924 = EDGE_CURVE ( 'NONE', #7151, #2868, #3933, .T. ) ;
#925 = ORIENTED_EDGE ( 'NONE', *, *, #7975, .T. ) ;
#926 = VERTEX_POINT ( 'NONE', #4560 ) ;
#927 = ORIENTED_EDGE ( 'NONE', *, *, #6797, .T. ) ;
#928 = DIRECTION ( 'NONE',  ( -0.8660254037844407060, 0.4999999999999965028, 0.000000000000000000 ) ) ;
#929 = CARTESIAN_POINT ( 'NONE',  ( -30.01435348815406456, 34.98564651184594254, -0.4000000000000000222 ) ) ;
#930 = ORIENTED_EDGE ( 'NONE', *, *, #6871, .F. ) ;
#931 = VECTOR ( 'NONE', #3663, 1000.000000000000000 ) ;
#932 = VECTOR ( 'NONE', #6579, 1000.000000000000000 ) ;
#933 = DIRECTION ( 'NONE',  ( -3.330669073875469621E-15, 1.000000000000000000, 0.000000000000000000 ) ) ;
#934 = ORIENTED_EDGE ( 'NONE', *, *, #853, .F. ) ;
#935 = ORIENTED_EDGE ( 'NONE', *, *, #2156, .F. ) ;
#936 = ORIENTED_EDGE ( 'NONE', *, *, #2451, .F. ) ;
#937 = DIRECTION ( 'NONE',  ( -0.8660254037844368202, -0.5000000000000031086, 0.000000000000000000 ) ) ;
#938 = DIRECTION ( 'NONE',  ( -1.000000000000000000, -3.330669073875469621E-15, -0.000000000000000000 ) ) ;
#939 = VECTOR ( 'NONE', #1081, 1000.000000000000000 ) ;
#940 = CARTESIAN_POINT ( 'NONE',  ( 9.670190528383283635, -41.24999999999982236, -0.4000000000000000222 ) ) ;
#941 = CIRCLE ( 'NONE', #2784, 1.599999999999997202 ) ;
#942 = CARTESIAN_POINT ( 'NONE',  ( -3.320190528383323958, -3.749999999999968470, -0.4000000000000000222 ) ) ;
#943 = FACE_OUTER_BOUND ( 'NONE', #1150, .T. ) ;
#944 = EDGE_CURVE ( 'NONE', #4938, #4047, #4023, .T. ) ;
#945 = ORIENTED_EDGE ( 'NONE', *, *, #5111, .T. ) ;
#946 = DIRECTION ( 'NONE',  ( -1.000000000000000000, 0.000000000000000000, -0.000000000000000000 ) ) ;
#947 = CARTESIAN_POINT ( 'NONE',  ( -17.89807158514989638, -43.99963065701541609, -0.4000000000000000222 ) ) ;
#948 = EDGE_LOOP ( 'NONE', ( #2479, #7225, #7652, #271 ) ) ;
#949 = CARTESIAN_POINT ( 'NONE',  ( 24.24913778650724083, -2.499999999999980904, 0.4000000000000000222 ) ) ;
#950 = DIRECTION ( 'NONE',  ( -0.000000000000000000, -0.000000000000000000, 1.000000000000000000 ) ) ;
#951 = LINE ( 'NONE', #1800, #6536 ) ;
#952 = DIRECTION ( 'NONE',  ( -0.5000000000000029976, 0.8660254037844369313, -0.000000000000000000 ) ) ;
#953 = CARTESIAN_POINT ( 'NONE',  ( 30.88845264191646223, -1.000369342984384957, -0.4000000000000000222 ) ) ;
#954 = CARTESIAN_POINT ( 'NONE',  ( 24.39326211353318996, -40.24963065701543741, 0.4000000000000000222 ) ) ;
#955 = AXIS2_PLACEMENT_3D ( 'NONE', #8109, #2022, #4603 ) ;
#956 = LINE ( 'NONE', #7120, #2534 ) ;
#957 = EDGE_LOOP ( 'NONE', ( #6713, #3804, #4840, #590 ) ) ;
#958 = DIRECTION ( 'NONE',  ( -0.000000000000000000, -0.000000000000000000, 1.000000000000000000 ) ) ;
#959 = EDGE_CURVE ( 'NONE', #2481, #8598, #2886, .T. ) ;
#960 = CARTESIAN_POINT ( 'NONE',  ( -30.88845264191649420, -43.99963065701542320, -0.4000000000000000222 ) ) ;
#961 = DIRECTION ( 'NONE',  ( 0.5000000000000032196, -0.8660254037844368202, 0.000000000000000000 ) ) ;
#962 = EDGE_CURVE ( 'NONE', #3069, #4252, #6207, .T. ) ;
#963 = CARTESIAN_POINT ( 'NONE',  ( 31.00036934298440983, -8.500369342984358312, 0.4000000000000000222 ) ) ;
#964 = LINE ( 'NONE', #5184, #7235 ) ;
#965 = EDGE_CURVE ( 'NONE', #4345, #1012, #4735, .T. ) ;
#966 = VERTEX_POINT ( 'NONE', #1357 ) ;
#967 = VECTOR ( 'NONE', #4289, 1000.000000000000000 ) ;
#968 = ORIENTED_EDGE ( 'NONE', *, *, #2558, .F. ) ;
#969 = ORIENTED_EDGE ( 'NONE', *, *, #5673, .T. ) ;
#970 = ORIENTED_EDGE ( 'NONE', *, *, #6504, .F. ) ;
#971 = PLANE ( 'NONE',  #4018 ) ;
#972 = EDGE_CURVE ( 'NONE', #4, #3572, #5976, .T. ) ;
#973 = CARTESIAN_POINT ( 'NONE',  ( 8.948502691896250028, -2.499999999999981348, -0.4000000000000000222 ) ) ;
#974 = DIRECTION ( 'NONE',  ( 0.000000000000000000, 0.000000000000000000, -1.000000000000000000 ) ) ;
#975 = EDGE_CURVE ( 'NONE', #1964, #1012, #5310, .T. ) ;
#976 = EDGE_LOOP ( 'NONE', ( #2431, #3898, #2101, #4124 ) ) ;
#977 = LINE ( 'NONE', #8468, #2612 ) ;
#978 = VECTOR ( 'NONE', #6629, 1000.000000000000000 ) ;
#979 = ORIENTED_EDGE ( 'NONE', *, *, #6400, .T. ) ;
#980 = ORIENTED_EDGE ( 'NONE', *, *, #8726, .T. ) ;
#981 = ORIENTED_EDGE ( 'NONE', *, *, #6378, .F. ) ;
#982 = CARTESIAN_POINT ( 'NONE',  ( 27.56826211353319067, -2.749630657015569746, -0.4000000000000000222 ) ) ;
#983 = LINE ( 'NONE', #4147, #6110 ) ;
#984 = CARTESIAN_POINT ( 'NONE',  ( 8.082690528383288608, 1.000369342984412713, -0.4000000000000000222 ) ) ;
#985 = LINE ( 'NONE', #6304, #7024 ) ;
#986 = EDGE_CURVE ( 'NONE', #6372, #3897, #1400, .T. ) ;
#987 = LINE ( 'NONE', #4272, #4140 ) ;
#988 = ORIENTED_EDGE ( 'NONE', *, *, #6028, .F. ) ;
#989 = LINE ( 'NONE', #7064, #7953 ) ;
#990 = CARTESIAN_POINT ( 'NONE',  ( -27.71238644055915401, 2.500000000000024869, -0.4000000000000000222 ) ) ;
#991 = AXIS2_PLACEMENT_3D ( 'NONE', #5841, #5087, #2329 ) ;
#992 = ORIENTED_EDGE ( 'NONE', *, *, #4485, .T. ) ;
#993 = DIRECTION ( 'NONE',  ( -0.7071067811865483499, -0.7071067811865467956, 0.000000000000000000 ) ) ;
#994 = EDGE_CURVE ( 'NONE', #648, #8372, #2862, .T. ) ;
#995 = CARTESIAN_POINT ( 'NONE',  ( -38.10000000000000142, -45.79999999999999005, 0.3999999999999999667 ) ) ;
#996 = CARTESIAN_POINT ( 'NONE',  ( -34.06345264191649136, -43.99963065701543741, 0.4041955794042792482 ) ) ;
#997 = DIRECTION ( 'NONE',  ( -0.000000000000000000, -0.000000000000000000, 1.000000000000000000 ) ) ;
#998 = FACE_BOUND ( 'NONE', #409, .T. ) ;
#999 = FACE_OUTER_BOUND ( 'NONE', #1148, .T. ) ;
#1000 = DIRECTION ( 'NONE',  ( -0.000000000000000000, -0.000000000000000000, 1.000000000000000000 ) ) ;
#1001 = VERTEX_POINT ( 'NONE', #8190 ) ;
#1002 = DIRECTION ( 'NONE',  ( 1.000000000000000000, 0.000000000000000000, 0.000000000000000000 ) ) ;
#1003 = DIRECTION ( 'NONE',  ( -0.8660254037844368202, -0.5000000000000031086, 0.000000000000000000 ) ) ;
#1004 = DIRECTION ( 'NONE',  ( 0.8660254037844369313, 0.5000000000000029976, 0.000000000000000000 ) ) ;
#1005 = AXIS2_PLACEMENT_3D ( 'NONE', #1101, #1815, #3000 ) ;
#1006 = CARTESIAN_POINT ( 'NONE',  ( 24.39326211353316864, 40.24963065701545162, -0.4000000000000000222 ) ) ;
#1007 = DIRECTION ( 'NONE',  ( 1.000000000000000000, 0.000000000000000000, 0.000000000000000000 ) ) ;
#1008 = ORIENTED_EDGE ( 'NONE', *, *, #6321, .F. ) ;
#1009 = ADVANCED_FACE ( 'NONE', ( #5615 ), #5572, .T. ) ;
#1010 = ORIENTED_EDGE ( 'NONE', *, *, #4452, .T. ) ;
#1011 = VERTEX_POINT ( 'NONE', #828 ) ;
#1012 = VERTEX_POINT ( 'NONE', #7560 ) ;
#1013 = EDGE_CURVE ( 'NONE', #5093, #4890, #6102, .T. ) ;
#1014 = CARTESIAN_POINT ( 'NONE',  ( -11.40288105676660813, -2.749630657015576851, -0.4000000000000000222 ) ) ;
#1015 = LINE ( 'NONE', #8291, #1039 ) ;
#1016 = FACE_BOUND ( 'NONE', #7181, .T. ) ;
#1017 = ORIENTED_EDGE ( 'NONE', *, *, #2904, .F. ) ;
#1018 = CARTESIAN_POINT ( 'NONE',  ( 0.000000000000000000, 2.500000000000024869, 0.4000000000000000222 ) ) ;
#1019 = ORIENTED_EDGE ( 'NONE', *, *, #82, .F. ) ;
#1020 = ORIENTED_EDGE ( 'NONE', *, *, #2387, .T. ) ;
#1021 = ORIENTED_EDGE ( 'NONE', *, *, #7405, .T. ) ;
#1022 = FACE_OUTER_BOUND ( 'NONE', #361, .T. ) ;
#1023 = CARTESIAN_POINT ( 'NONE',  ( -30.88845264191652973, 36.49963065701547293, -0.4000000000000000222 ) ) ;
#1024 = VECTOR ( 'NONE', #1960, 1000.000000000000000 ) ;
#1025 = CARTESIAN_POINT ( 'NONE',  ( 8.082690528383263739, 43.99963065701543741, -0.4000000000000000222 ) ) ;
#1026 = DIRECTION ( 'NONE',  ( -0.000000000000000000, -0.000000000000000000, 1.000000000000000000 ) ) ;
#1027 = EDGE_CURVE ( 'NONE', #3001, #1330, #121, .T. ) ;
#1028 = FACE_OUTER_BOUND ( 'NONE', #1527, .T. ) ;
#1029 = ORIENTED_EDGE ( 'NONE', *, *, #7227, .F. ) ;
#1030 = VECTOR ( 'NONE', #5453, 1000.000000000000000 ) ;
#1031 = CARTESIAN_POINT ( 'NONE',  ( 17.03225942163688345, 2.500000000000024869, -0.4000000000000000222 ) ) ;
#1032 = VECTOR ( 'NONE', #4545, 1000.000000000000000 ) ;
#1033 = CARTESIAN_POINT ( 'NONE',  ( -41.30000000000001137, 49.00000000000000000, 0.4000000000000000222 ) ) ;
#1034 = ORIENTED_EDGE ( 'NONE', *, *, #8139, .F. ) ;
#1035 = ADVANCED_FACE ( 'NONE', ( #4196 ), #5921, .F. ) ;
#1036 = VERTEX_POINT ( 'NONE', #787 ) ;
#1037 = CARTESIAN_POINT ( 'NONE',  ( 29.30095264191647075, 41.24999999999982947, 0.4000000000000000222 ) ) ;
#1038 = CARTESIAN_POINT ( 'NONE',  ( -8.082690528383299267, -43.99963065701543030, -0.4000000000000000222 ) ) ;
#1039 = VECTOR ( 'NONE', #8331, 1000.000000000000114 ) ;
#1040 = CARTESIAN_POINT ( 'NONE',  ( -3.175000000000011369, -1.387778780781445676E-14, 0.4000000000000000222 ) ) ;
#1041 = VECTOR ( 'NONE', #1694, 1000.000000000000000 ) ;
#1042 = CARTESIAN_POINT ( 'NONE',  ( 17.03225942163680884, 39.99999999999999289, -0.4000000000000000222 ) ) ;
#1043 = EDGE_CURVE ( 'NONE', #141, #2597, #7473, .T. ) ;
#1044 = EDGE_CURVE ( 'NONE', #6095, #6230, #912, .T. ) ;
#1045 = CARTESIAN_POINT ( 'NONE',  ( 38.10000000000000142, 45.79999999999999005, -0.4000000000000000222 ) ) ;
#1046 = DIRECTION ( 'NONE',  ( -0.8660254037844368202, -0.5000000000000031086, 0.000000000000000000 ) ) ;
#1047 = CARTESIAN_POINT ( 'NONE',  ( -14.57788105676663015, 40.24963065701543741, -0.4000000000000000222 ) ) ;
#1048 = VERTEX_POINT ( 'NONE', #2903 ) ;
#1049 = LINE ( 'NONE', #3749, #7176 ) ;
#1050 = FACE_OUTER_BOUND ( 'NONE', #1848, .T. ) ;
#1051 = DIRECTION ( 'NONE',  ( -0.8660254037844368202, -0.5000000000000031086, 0.000000000000000000 ) ) ;
#1052 = CARTESIAN_POINT ( 'NONE',  ( -36.50000000000002132, 45.79999999999999005, -0.3499999999999957034 ) ) ;
#1053 = DIRECTION ( 'NONE',  ( 0.000000000000000000, 0.000000000000000000, -1.000000000000000000 ) ) ;
#1054 = ORIENTED_EDGE ( 'NONE', *, *, #2238, .T. ) ;
#1055 = VECTOR ( 'NONE', #4848, 1000.000000000000000 ) ;
#1056 = VERTEX_POINT ( 'NONE', #1569 ) ;
#1057 = ORIENTED_EDGE ( 'NONE', *, *, #110, .F. ) ;
#1058 = VERTEX_POINT ( 'NONE', #3567 ) ;
#1059 = CARTESIAN_POINT ( 'NONE',  ( -14.57788105676659995, -40.24963065701545162, -0.4000000000000000222 ) ) ;
#1060 = CARTESIAN_POINT ( 'NONE',  ( 36.77622263744061115, -49.00000000000000711, 0.8110561312979449600 ) ) ;
#1061 = VECTOR ( 'NONE', #1351, 1000.000000000000000 ) ;
#1062 = ADVANCED_FACE ( 'NONE', ( #2066 ), #32, .T. ) ;
#1063 = FACE_BOUND ( 'NONE', #4931, .T. ) ;
#1064 = ORIENTED_EDGE ( 'NONE', *, *, #1413, .F. ) ;
#1065 = B_SPLINE_CURVE_WITH_KNOTS ( 'NONE', 3,
 ( #1700, #8480, #1560, #373, #5731, #3025 ),
 .UNSPECIFIED., .F., .F.,
 ( 4, 2, 4 ),
 ( 0.000000000000000000, 0.0007880754063680604641, 0.001576150812736120928 ),
 .UNSPECIFIED. ) ;
#1066 = DIRECTION ( 'NONE',  ( -0.8660254037844407060, 0.4999999999999965028, 0.000000000000000000 ) ) ;
#1067 = ORIENTED_EDGE ( 'NONE', *, *, #7957, .T. ) ;
#1068 = VERTEX_POINT ( 'NONE', #3482 ) ;
#1069 = VERTEX_POINT ( 'NONE', #1531 ) ;
#1070 = CARTESIAN_POINT ( 'NONE',  ( 22.66057158514988501, -41.24999999999981526, -0.4000000000000000222 ) ) ;
#1071 = LINE ( 'NONE', #1830, #6877 ) ;
#1072 = CARTESIAN_POINT ( 'NONE',  ( 21.93888374866285318, 2.500000000000024869, -0.4000000000000000222 ) ) ;
#1073 = EDGE_CURVE ( 'NONE', #4644, #1765, #4239, .T. ) ;
#1074 = CARTESIAN_POINT ( 'NONE',  ( 34.06345264191645583, -8.500369342984342325, 0.4000000000000000222 ) ) ;
#1075 = VECTOR ( 'NONE', #488, 1000.000000000000000 ) ;
#1076 = CARTESIAN_POINT ( 'NONE',  ( 0.000000000000000000, 39.99999999999999289, 0.4000000000000000222 ) ) ;
#1077 = VECTOR ( 'NONE', #6919, 1000.000000000000000 ) ;
#1078 = ORIENTED_EDGE ( 'NONE', *, *, #457, .T. ) ;
#1079 = DIRECTION ( 'NONE',  ( 0.000000000000000000, 0.000000000000000000, -1.000000000000000000 ) ) ;
#1080 = CIRCLE ( 'NONE', #2209, 1.600000000000000089 ) ;
#1081 = DIRECTION ( 'NONE',  ( -0.5000000000000029976, 0.8660254037844369313, -0.000000000000000000 ) ) ;
#1082 = ORIENTED_EDGE ( 'NONE', *, *, #567, .T. ) ;
#1083 = ORIENTED_EDGE ( 'NONE', *, *, #5809, .F. ) ;
#1084 = CARTESIAN_POINT ( 'NONE',  ( 8.082690528383288608, 1.000369342984412713, -0.4000000000000000222 ) ) ;
#1085 = CARTESIAN_POINT ( 'NONE',  ( -37.50000000000000000, 2.500000000000024869, -0.4000000000000000222 ) ) ;
#1086 = DIRECTION ( 'NONE',  ( -1.000000000000000000, -3.330669073875469621E-15, -0.000000000000000000 ) ) ;
#1087 = VECTOR ( 'NONE', #5495, 1000.000000000000000 ) ;
#1088 = EDGE_CURVE ( 'NONE', #735, #8469, #6275, .T. ) ;
#1089 = CARTESIAN_POINT ( 'NONE',  ( 21.07307158514985801, 43.99963065701543741, 0.4000000000000000222 ) ) ;
#1090 = EDGE_CURVE ( 'NONE', #4348, #8372, #77, .T. ) ;
#1091 = CARTESIAN_POINT ( 'NONE',  ( 9.815381056766575796, -37.49999999999985789, 0.4000000000000000222 ) ) ;
#1092 = ADVANCED_FACE ( 'NONE', ( #2151 ), #5487, .T. ) ;
#1093 = CARTESIAN_POINT ( 'NONE',  ( -34.88565153255794371, 49.00000000000000000, 0.3999999999999999667 ) ) ;
#1094 = LINE ( 'NONE', #1047, #3095 ) ;
#1095 = ORIENTED_EDGE ( 'NONE', *, *, #3970, .T. ) ;
#1096 = CARTESIAN_POINT ( 'NONE',  ( -11.40288105676660813, -2.749630657015576851, 0.4000000000000000222 ) ) ;
#1097 = LINE ( 'NONE', #3795, #3511 ) ;
#1098 = FACE_OUTER_BOUND ( 'NONE', #7863, .T. ) ;
#1099 = CARTESIAN_POINT ( 'NONE',  ( -41.30000000000001137, -46.07659093646545756, 1.104898046422866598 ) ) ;
#1100 = EDGE_CURVE ( 'NONE', #5610, #632, #6150, .T. ) ;
#1101 = CARTESIAN_POINT ( 'NONE',  ( -8.082690528383333017, 43.99963065701542320, -0.4000000000000000222 ) ) ;
#1102 = ORIENTED_EDGE ( 'NONE', *, *, #7549, .T. ) ;
#1104 = VERTEX_POINT ( 'NONE', #2734 ) ;
#1103 = VERTEX_POINT ( 'NONE', #4282 ) ;
#1105 = EDGE_LOOP ( 'NONE', ( #5307, #2606, #666, #5236 ) ) ;
#1106 = EDGE_LOOP ( 'NONE', ( #3199, #1029, #4132, #8409, #7982, #1152 ) ) ;
#1107 = DIRECTION ( 'NONE',  ( 3.663735981263016583E-15, -1.000000000000000000, 0.000000000000000000 ) ) ;
#1108 = DIRECTION ( 'NONE',  ( -0.000000000000000000, -0.000000000000000000, 1.000000000000000000 ) ) ;
#1109 = DIRECTION ( 'NONE',  ( 0.8660254037844404840, -0.4999999999999968359, 0.000000000000000000 ) ) ;
#1110 = VERTEX_POINT ( 'NONE', #6816 ) ;
#1111 = VECTOR ( 'NONE', #1829, 1000.000000000000114 ) ;
#1112 = CARTESIAN_POINT ( 'NONE',  ( -34.06345264191652689, 36.49963065701545872, -0.4000000000000000222 ) ) ;
#1113 = ORIENTED_EDGE ( 'NONE', *, *, #6601, .T. ) ;
#1114 = ORIENTED_EDGE ( 'NONE', *, *, #42, .F. ) ;
#1115 = VERTEX_POINT ( 'NONE', #743 ) ;
#1116 = CARTESIAN_POINT ( 'NONE',  ( -37.49999999999998579, -39.99999999999993605, 0.6000000000000000888 ) ) ;
#1117 = DIRECTION ( 'NONE',  ( -1.000000000000000000, 0.000000000000000000, 0.000000000000000000 ) ) ;
#1118 = VECTOR ( 'NONE', #1492, 1000.000000000000000 ) ;
#1119 = CARTESIAN_POINT ( 'NONE',  ( 11.40288105676658859, -40.24963065701544451, -0.4000000000000000222 ) ) ;
#1120 = CARTESIAN_POINT ( 'NONE',  ( 35.65095264191646862, 41.24999999999985789, -0.4000000000000000222 ) ) ;
#1121 = DIRECTION ( 'NONE',  ( -0.5000000000000029976, 0.8660254037844369313, 0.000000000000000000 ) ) ;
#1122 = ORIENTED_EDGE ( 'NONE', *, *, #3476, .F. ) ;
#1123 = VECTOR ( 'NONE', #3726, 1000.000000000000114 ) ;
#1124 = ADVANCED_FACE ( 'NONE', ( #2774 ), #2277, .T. ) ;
#1125 = CARTESIAN_POINT ( 'NONE',  ( 17.03225942163690476, -2.499999999999980904, 0.4000000000000000222 ) ) ;
#1126 = CARTESIAN_POINT ( 'NONE',  ( 11.25875672974064123, -2.499999999999980904, 0.4000000000000000222 ) ) ;
#1127 = VERTEX_POINT ( 'NONE', #1659 ) ;
#1128 = EDGE_CURVE ( 'NONE', #6916, #3366, #7025, .T. ) ;
#1129 = VERTEX_POINT ( 'NONE', #996 ) ;
#1130 = DIRECTION ( 'NONE',  ( -0.000000000000000000, -0.000000000000000000, 1.000000000000000000 ) ) ;
#1131 = LINE ( 'NONE', #426, #3581 ) ;
#1132 = EDGE_CURVE ( 'NONE', #1596, #1742, #2412, .T. ) ;
#1133 = DIRECTION ( 'NONE',  ( -0.000000000000000000, -0.000000000000000000, 1.000000000000000000 ) ) ;
#1134 = LINE ( 'NONE', #6590, #5118 ) ;
#1135 = DIRECTION ( 'NONE',  ( 0.000000000000000000, 0.000000000000000000, 1.000000000000000000 ) ) ;
#1136 = ADVANCED_FACE ( 'NONE', ( #4322 ), #2319, .T. ) ;
#1137 = CARTESIAN_POINT ( 'NONE',  ( -28.00251171378237558, -5.502511713782361369, 0.4000000000000000222 ) ) ;
#1138 = ORIENTED_EDGE ( 'NONE', *, *, #3965, .T. ) ;
#1139 = LINE ( 'NONE', #3699, #7917 ) ;
#1140 = ORIENTED_EDGE ( 'NONE', *, *, #7495, .T. ) ;
#1141 = CARTESIAN_POINT ( 'NONE',  ( -30.02264047840353456, 2.500000000000024869, -0.4000000000000000222 ) ) ;
#1142 = LINE ( 'NONE', #3842, #8466 ) ;
#1143 = PLANE ( 'NONE',  #4109 ) ;
#1144 = CARTESIAN_POINT ( 'NONE',  ( 37.53614220548930547, 49.00000000000000711, 1.051777256292303564 ) ) ;
#1145 = LINE ( 'NONE', #5708, #298 ) ;
#1146 = ORIENTED_EDGE ( 'NONE', *, *, #7574, .T. ) ;
#1148 = EDGE_LOOP ( 'NONE', ( #5743, #4520, #7180, #4924 ) ) ;
#1147 = ORIENTED_EDGE ( 'NONE', *, *, #2426, .F. ) ;
#1149 = VECTOR ( 'NONE', #952, 1000.000000000000000 ) ;
#1150 = EDGE_LOOP ( 'NONE', ( #2963, #1372, #38, #2573 ) ) ;
#1151 = EDGE_CURVE ( 'NONE', #95, #5201, #8486, .T. ) ;
#1152 = ORIENTED_EDGE ( 'NONE', *, *, #4881, .F. ) ;
#1153 = EDGE_CURVE ( 'NONE', #2249, #1985, #3740, .T. ) ;
#1154 = CARTESIAN_POINT ( 'NONE',  ( -34.06345264191650557, 31.00036934298427838, -0.4000000000000000222 ) ) ;
#1155 = LINE ( 'NONE', #8764, #2462 ) ;
#1156 = VECTOR ( 'NONE', #3686, 1000.000000000000000 ) ;
#1157 = CARTESIAN_POINT ( 'NONE',  ( -24.39326211353323259, 40.24963065701546583, 0.4000000000000000222 ) ) ;
#1158 = VECTOR ( 'NONE', #3727, 1000.000000000000000 ) ;
#1159 = ORIENTED_EDGE ( 'NONE', *, *, #3242, .F. ) ;
#1160 = VECTOR ( 'NONE', #8754, 1000.000000000000000 ) ;
#1161 = EDGE_CURVE ( 'NONE', #400, #6095, #3787, .T. ) ;
#1162 = EDGE_CURVE ( 'NONE', #1036, #1366, #951, .T. ) ;
#1163 = CARTESIAN_POINT ( 'NONE',  ( -38.10000000000000142, -45.79999999999999005, 1.200000000000001954 ) ) ;
#1164 = VERTEX_POINT ( 'NONE', #3123 ) ;
#1165 = ORIENTED_EDGE ( 'NONE', *, *, #4814, .T. ) ;
#1166 = ORIENTED_EDGE ( 'NONE', *, *, #367, .F. ) ;
#1167 = DIRECTION ( 'NONE',  ( -0.000000000000000000, -0.000000000000000000, 1.000000000000000000 ) ) ;
#1168 = DIRECTION ( 'NONE',  ( 0.000000000000000000, 0.000000000000000000, 1.000000000000000000 ) ) ;
#1169 = APPLICATION_PROTOCOL_DEFINITION ( 'draft international standard', 'automotive_design', 1998, #5073 ) ;
#1170 = CARTESIAN_POINT ( 'NONE',  ( -27.56826211353322975, 40.24963065701545162, -0.4000000000000000222 ) ) ;
#1171 = PLANE ( 'NONE',  #757 ) ;
#1172 = FACE_OUTER_BOUND ( 'NONE', #351, .T. ) ;
#1173 = VERTEX_POINT ( 'NONE', #6360 ) ;
#1174 = VERTEX_POINT ( 'NONE', #381 ) ;
#1175 = CARTESIAN_POINT ( 'NONE',  ( 35.65095264191646862, -3.749999999999954703, 0.4000000000000000222 ) ) ;
#1176 = AXIS2_PLACEMENT_3D ( 'NONE', #1849, #6727, #3177 ) ;
#1177 = PLANE ( 'NONE',  #7691 ) ;
#1178 = CARTESIAN_POINT ( 'NONE',  ( -29.30095264191650273, -41.24999999999982947, 0.4000000000000000222 ) ) ;
#1179 = VECTOR ( 'NONE', #5807, 1000.000000000000000 ) ;
#1180 = LINE ( 'NONE', #2633, #1160 ) ;
#1181 = CIRCLE ( 'NONE', #900, 4.535640646055099090 ) ;
#1182 = DIRECTION ( 'NONE',  ( 0.000000000000000000, 0.000000000000000000, 1.000000000000000000 ) ) ;
#1183 = ORIENTED_EDGE ( 'NONE', *, *, #853, .T. ) ;
#1184 = CARTESIAN_POINT ( 'NONE',  ( 0.000000000000000000, 2.500000000000024869, 0.4000000000000000222 ) ) ;
#1185 = ORIENTED_EDGE ( 'NONE', *, *, #5489, .F. ) ;
#1186 = LINE ( 'NONE', #6684, #7974 ) ;
#1187 = DIRECTION ( 'NONE',  ( -0.4999999999999965583, -0.8660254037844407060, -0.000000000000000000 ) ) ;
#1188 = CARTESIAN_POINT ( 'NONE',  ( 3.320190528383275108, 41.24999999999982947, 0.4000000000000000222 ) ) ;
#1189 =( GEOMETRIC_REPRESENTATION_CONTEXT ( 3 ) GLOBAL_UNCERTAINTY_ASSIGNED_CONTEXT ( ( #7092 ) ) GLOBAL_UNIT_ASSIGNED_CONTEXT ( ( #6578, #592, #4711 ) ) REPRESENTATION_CONTEXT ( 'NONE', 'WORKASPACE' ) );
#1190 = LINE ( 'NONE', #4094, #6033 ) ;
#1191 = CARTESIAN_POINT ( 'NONE',  ( -41.30000000000001137, 45.52338555349927418, 1.104930340505780872 ) ) ;
#1192 = AXIS2_PLACEMENT_3D ( 'NONE', #5062, #7813, #276 ) ;
#1193 = CARTESIAN_POINT ( 'NONE',  ( -29.15576211353322122, 0.000000000000000000, 0.4000000000000000222 ) ) ;
#1195 = VERTEX_POINT ( 'NONE', #5693 ) ;
#1194 = ORIENTED_EDGE ( 'NONE', *, *, #4270, .F. ) ;
#1196 = ORIENTED_EDGE ( 'NONE', *, *, #6631, .F. ) ;
#1197 = VERTEX_POINT ( 'NONE', #1040 ) ;
#1198 = CARTESIAN_POINT ( 'NONE',  ( -30.02264047840348127, -39.99999999999993605, 0.4000000000000000222 ) ) ;
#1199 = LINE ( 'NONE', #1242, #7122 ) ;
#1200 = VERTEX_POINT ( 'NONE', #4502 ) ;
#1201 = AXIS2_PLACEMENT_3D ( 'NONE', #4347, #2258, #3721 ) ;
#1202 = EDGE_CURVE ( 'NONE', #6737, #4166, #6675, .T. ) ;
#1203 = DIRECTION ( 'NONE',  ( 0.8660254037844369313, 0.5000000000000029976, 0.000000000000000000 ) ) ;
#1204 = VERTEX_POINT ( 'NONE', #7159 ) ;
#1205 = ORIENTED_EDGE ( 'NONE', *, *, #661, .F. ) ;
#1206 = ORIENTED_EDGE ( 'NONE', *, *, #1639, .T. ) ;
#1207 = CARTESIAN_POINT ( 'NONE',  ( -24.24913778650731544, -39.99999999999993605, -0.4000000000000000222 ) ) ;
#1208 = DIRECTION ( 'NONE',  ( -1.000000000000000000, 0.000000000000000000, 0.000000000000000000 ) ) ;
#1209 = VECTOR ( 'NONE', #2856, 1000.000000000000000 ) ;
#1210 = LINE ( 'NONE', #8571, #3621 ) ;
#1211 = DIRECTION ( 'NONE',  ( 0.5000000000000031086, -0.8660254037844368202, 0.000000000000000000 ) ) ;
#1212 = ADVANCED_FACE ( 'NONE', ( #3606 ), #6404, .T. ) ;
#1213 = VECTOR ( 'NONE', #7321, 1000.000000000000000 ) ;
#1214 = DIRECTION ( 'NONE',  ( -0.5000000000000029976, 0.8660254037844369313, 0.000000000000000000 ) ) ;
#1215 = ORIENTED_EDGE ( 'NONE', *, *, #3218, .T. ) ;
#1216 = ORIENTED_EDGE ( 'NONE', *, *, #8440, .F. ) ;
#1217 = DIRECTION ( 'NONE',  ( 0.4999999999999968359, 0.8660254037844404840, 0.000000000000000000 ) ) ;
#1218 = CARTESIAN_POINT ( 'NONE',  ( 9.815381056766575796, -37.49999999999985789, -0.4000000000000000222 ) ) ;
#1219 = ADVANCED_FACE ( 'NONE', ( #8441 ), #3652, .T. ) ;
#1220 = LINE ( 'NONE', #3258, #870 ) ;
#1221 = CARTESIAN_POINT ( 'NONE',  ( 22.66057158514987080, 41.24999999999985789, -0.4000000000000000222 ) ) ;
#1222 = AXIS2_PLACEMENT_3D ( 'NONE', #1045, #6455, #1710 ) ;
#1223 = LINE ( 'NONE', #2592, #6615 ) ;
#1224 = FACE_OUTER_BOUND ( 'NONE', #7566, .T. ) ;
#1225 = FACE_OUTER_BOUND ( 'NONE', #7890, .T. ) ;
#1226 = ORIENTED_EDGE ( 'NONE', *, *, #8045, .T. ) ;
#1227 = CARTESIAN_POINT ( 'NONE',  ( 27.56826211353316580, 40.24963065701546583, 0.4000000000000000222 ) ) ;
#1228 = CARTESIAN_POINT ( 'NONE',  ( -34.06345264191649136, -43.99963065701543741, -0.4000000000000000222 ) ) ;
#1229 = CARTESIAN_POINT ( 'NONE',  ( 29.30095264191647075, -41.24999999999983658, 0.4000000000000000222 ) ) ;
#1230 = VECTOR ( 'NONE', #8687, 1000.000000000000000 ) ;
#1231 = DIRECTION ( 'NONE',  ( -1.000000000000000000, 0.000000000000000000, 0.000000000000000000 ) ) ;
#1232 = ADVANCED_FACE ( 'NONE', ( #3031 ), #8396, .T. ) ;
#1233 = VECTOR ( 'NONE', #731, 1000.000000000000114 ) ;
#1234 = CARTESIAN_POINT ( 'NONE',  ( -34.06345264191652689, 43.99963065701542320, 0.4041955794042810246 ) ) ;
#1236 = VERTEX_POINT ( 'NONE', #7778 ) ;
#1235 = EDGE_LOOP ( 'NONE', ( #2186, #6618, #1166, #5403 ) ) ;
#1237 = VERTEX_POINT ( 'NONE', #5832 ) ;
#1238 = ORIENTED_EDGE ( 'NONE', *, *, #6395, .T. ) ;
#1239 = EDGE_CURVE ( 'NONE', #4341, #4524, #7113, .T. ) ;
#1240 = DIRECTION ( 'NONE',  ( 0.5000000000000032196, -0.8660254037844368202, 0.000000000000000000 ) ) ;
#1241 = EDGE_CURVE ( 'NONE', #6966, #1249, #3080, .T. ) ;
#1242 = CARTESIAN_POINT ( 'NONE',  ( -30.88845264191650486, -6.499630657015566193, -0.4000000000000000222 ) ) ;
#1243 = ORIENTED_EDGE ( 'NONE', *, *, #4728, .T. ) ;
#1244 = CARTESIAN_POINT ( 'NONE',  ( -27.56826211353322975, 40.24963065701545162, -0.4000000000000000222 ) ) ;
#1245 = EDGE_CURVE ( 'NONE', #6700, #6260, #250, .T. ) ;
#1246 = VERTEX_POINT ( 'NONE', #3296 ) ;
#1247 = ORIENTED_EDGE ( 'NONE', *, *, #6466, .F. ) ;
#1248 = VECTOR ( 'NONE', #1980, 1000.000000000000000 ) ;
#1249 = VERTEX_POINT ( 'NONE', #3924 ) ;
#1250 = CARTESIAN_POINT ( 'NONE',  ( 11.24999999999996803, 11.25000000000000711, 0.4000000000000000222 ) ) ;
#1251 = CARTESIAN_POINT ( 'NONE',  ( -39.69999999999998863, -45.79999999999999005, -0.3499999999999957034 ) ) ;
#1252 = EDGE_CURVE ( 'NONE', #2334, #3278, #5880, .T. ) ;
#1253 = DIRECTION ( 'NONE',  ( 0.8660254037844404840, -0.4999999999999968359, 0.000000000000000000 ) ) ;
#1254 = VECTOR ( 'NONE', #3396, 1000.000000000000114 ) ;
#1255 = CARTESIAN_POINT ( 'NONE',  ( -29.30095264191650273, -41.24999999999982947, -0.4000000000000000222 ) ) ;
#1256 = CARTESIAN_POINT ( 'NONE',  ( 30.88845264191648354, -43.99963065701541609, -0.4000000000000000222 ) ) ;
#1257 = VECTOR ( 'NONE', #3571, 1000.000000000000114 ) ;
#1258 = ORIENTED_EDGE ( 'NONE', *, *, #4523, .F. ) ;
#1259 = EDGE_LOOP ( 'NONE', ( #7596, #2147, #7843, #8671 ) ) ;
#1260 = PLANE ( 'NONE',  #843 ) ;
#1261 = EDGE_CURVE ( 'NONE', #4666, #7668, #8093, .T. ) ;
#1262 = DIRECTION ( 'NONE',  ( 0.8660254037844404840, -0.4999999999999968359, 0.000000000000000000 ) ) ;
#1263 = DIRECTION ( 'NONE',  ( -0.7071067811865487940, 0.7071067811865463515, 0.000000000000000000 ) ) ;
#1264 = VECTOR ( 'NONE', #2053, 1000.000000000000000 ) ;
#1265 = DIRECTION ( 'NONE',  ( 1.000000000000000000, 0.000000000000000000, 0.000000000000000000 ) ) ;
#1266 = ORIENTED_EDGE ( 'NONE', *, *, #8533, .T. ) ;
#1267 = LINE ( 'NONE', #1804, #7454 ) ;
#1268 = EDGE_CURVE ( 'NONE', #7588, #674, #7801, .T. ) ;
#1269 = LINE ( 'NONE', #6681, #8007 ) ;
#1270 = CARTESIAN_POINT ( 'NONE',  ( 33.93698350964250210, 43.99963065701543741, 0.3999999999999999667 ) ) ;
#1271 = ORIENTED_EDGE ( 'NONE', *, *, #429, .F. ) ;
#1272 = VECTOR ( 'NONE', #5286, 999.9999999999998863 ) ;
#1273 = LINE ( 'NONE', #3840, #1584 ) ;
#1274 = FACE_OUTER_BOUND ( 'NONE', #243, .T. ) ;
#1275 = CARTESIAN_POINT ( 'NONE',  ( 27.56826211353319067, 34.75036934298428548, -0.4000000000000000222 ) ) ;
#1276 = CARTESIAN_POINT ( 'NONE',  ( 11.40288105676658859, -40.24963065701544451, -0.4000000000000000222 ) ) ;
#1277 = CARTESIAN_POINT ( 'NONE',  ( -34.02136538605232374, 43.99963065701542320, 0.4014065064983243780 ) ) ;
#1278 = VERTEX_POINT ( 'NONE', #4681 ) ;
#1279 = VERTEX_POINT ( 'NONE', #1970 ) ;
#1280 = ORIENTED_EDGE ( 'NONE', *, *, #4758, .T. ) ;
#1281 = CARTESIAN_POINT ( 'NONE',  ( 8.082690528383295714, -43.99963065701541609, -0.4000000000000000222 ) ) ;
#1282 = LINE ( 'NONE', #1990, #326 ) ;
#1283 = VERTEX_POINT ( 'NONE', #6007 ) ;
#1284 = VECTOR ( 'NONE', #5041, 1000.000000000000000 ) ;
#1285 = CARTESIAN_POINT ( 'NONE',  ( 16.16538105676657722, 2.775557561562891351E-14, 0.4000000000000000222 ) ) ;
#1286 = EDGE_CURVE ( 'NONE', #103, #8137, #1220, .T. ) ;
#1287 = ORIENTED_EDGE ( 'NONE', *, *, #840, .T. ) ;
#1288 = ORIENTED_EDGE ( 'NONE', *, *, #8078, .T. ) ;
#1289 = VECTOR ( 'NONE', #288, 1000.000000000000114 ) ;
#1290 = EDGE_LOOP ( 'NONE', ( #8650, #517, #460, #4665 ) ) ;
#1291 = CARTESIAN_POINT ( 'NONE',  ( -32.49999999999996447, 32.50000000000004263, 0.4000000000000000222 ) ) ;
#1292 = CARTESIAN_POINT ( 'NONE',  ( -17.03225942163693318, 2.500000000000024869, -0.4000000000000000222 ) ) ;
#1293 = CIRCLE ( 'NONE', #3132, 1.599999999999997202 ) ;
#1294 = ADVANCED_FACE ( 'NONE', ( #604 ), #3128, .F. ) ;
#1295 = CARTESIAN_POINT ( 'NONE',  ( 39.69999999999999574, 45.79999999999999005, -0.4000000000000000222 ) ) ;
#1296 = VECTOR ( 'NONE', #3895, 1000.000000000000000 ) ;
#1297 = DIRECTION ( 'NONE',  ( -1.000000000000000000, 0.000000000000000000, 0.000000000000000000 ) ) ;
#1298 = DIRECTION ( 'NONE',  ( -0.4999999999999965028, -0.8660254037844407060, 0.000000000000000000 ) ) ;
#1299 = EDGE_LOOP ( 'NONE', ( #4651, #6537, #2231, #3949 ) ) ;
#1300 = ORIENTED_EDGE ( 'NONE', *, *, #7961, .F. ) ;
#1301 = FACE_OUTER_BOUND ( 'NONE', #8098, .T. ) ;
#1302 = CARTESIAN_POINT ( 'NONE',  ( 41.29999999999997584, 45.52764156791302952, 1.119055016130132474 ) ) ;
#1303 = ADVANCED_FACE ( 'NONE', ( #6049 ), #4547, .T. ) ;
#1304 = DIRECTION ( 'NONE',  ( -0.8660254037844407060, 0.4999999999999965028, 0.000000000000000000 ) ) ;
#1305 = ADVANCED_FACE ( 'NONE', ( #8581 ), #4637, .T. ) ;
#1306 = LINE ( 'NONE', #5882, #7662 ) ;
#1307 = VERTEX_POINT ( 'NONE', #8052 ) ;
#1308 = DIRECTION ( 'NONE',  ( 0.5000000000000032196, -0.8660254037844368202, 0.000000000000000000 ) ) ;
#1309 = EDGE_CURVE ( 'NONE', #455, #3017, #4008, .T. ) ;
#1310 = LINE ( 'NONE', #6012, #3463 ) ;
#1311 = PLANE ( 'NONE',  #1683 ) ;
#1312 = EDGE_LOOP ( 'NONE', ( #3094, #2771, #1586, #4349 ) ) ;
#1313 = CARTESIAN_POINT ( 'NONE',  ( 17.89807158514986085, 43.99963065701542320, 0.4000000000000000222 ) ) ;
#1314 = CARTESIAN_POINT ( 'NONE',  ( -21.93888374866288871, -2.499999999999980904, -0.4000000000000000222 ) ) ;
#1315 = DIRECTION ( 'NONE',  ( -0.000000000000000000, -0.000000000000000000, -1.000000000000000000 ) ) ;
#1316 = VECTOR ( 'NONE', #2185, 999.9999999999998863 ) ;
#1317 = DIRECTION ( 'NONE',  ( -0.4999999999999965028, -0.8660254037844407060, 0.000000000000000000 ) ) ;
#1318 = CARTESIAN_POINT ( 'NONE',  ( -1.731624327025900856, -39.99999999999993605, -0.4000000000000000222 ) ) ;
#1319 = VECTOR ( 'NONE', #3903, 1000.000000000000000 ) ;
#1320 = DIRECTION ( 'NONE',  ( 0.000000000000000000, 0.000000000000000000, 1.000000000000000000 ) ) ;
#1321 = EDGE_LOOP ( 'NONE', ( #7556, #1122, #2942, #2889 ) ) ;
#1322 = VECTOR ( 'NONE', #2054, 999.9999999999998863 ) ;
#1323 = ORIENTED_EDGE ( 'NONE', *, *, #5388, .T. ) ;
#1324 = ORIENTED_EDGE ( 'NONE', *, *, #8440, .T. ) ;
#1325 = CARTESIAN_POINT ( 'NONE',  ( -8.082690528383333017, -1.000369342984398724, 0.4000000000000000222 ) ) ;
#1326 = VECTOR ( 'NONE', #307, 1000.000000000000000 ) ;
#1327 = FACE_OUTER_BOUND ( 'NONE', #8483, .T. ) ;
#1328 = ORIENTED_EDGE ( 'NONE', *, *, #2984, .T. ) ;
#1329 = DIRECTION ( 'NONE',  ( -0.000000000000000000, -0.000000000000000000, 1.000000000000000000 ) ) ;
#1330 = VERTEX_POINT ( 'NONE', #3170 ) ;
#1331 = EDGE_LOOP ( 'NONE', ( #3941, #1054, #5457, #4361 ) ) ;
#1332 = ORIENTED_EDGE ( 'NONE', *, *, #617, .T. ) ;
#1333 = LINE ( 'NONE', #5951, #1630 ) ;
#1334 = EDGE_CURVE ( 'NONE', #6045, #6111, #3830, .T. ) ;
#1335 = DIRECTION ( 'NONE',  ( -0.000000000000000000, -0.000000000000000000, 1.000000000000000000 ) ) ;
#1336 = CARTESIAN_POINT ( 'NONE',  ( 30.88845264191646223, 43.99963065701542320, -0.4000000000000000222 ) ) ;
#1337 = EDGE_CURVE ( 'NONE', #3010, #5179, #8665, .T. ) ;
#1338 = CARTESIAN_POINT ( 'NONE',  ( -11.24999999999996803, 11.25000000000000711, 0.4000000000000000222 ) ) ;
#1339 = VECTOR ( 'NONE', #1910, 1000.000000000000000 ) ;
#1340 = ORIENTED_EDGE ( 'NONE', *, *, #3641, .F. ) ;
#1341 = EDGE_LOOP ( 'NONE', ( #377, #2995, #7946, #5001 ) ) ;
#1342 = EDGE_CURVE ( 'NONE', #2542, #7151, #5920, .T. ) ;
#1343 = ORIENTED_EDGE ( 'NONE', *, *, #5410, .F. ) ;
#1344 = CARTESIAN_POINT ( 'NONE',  ( 41.29999999999999005, -45.79999999999999005, 1.119055016130132918 ) ) ;
#1345 = CARTESIAN_POINT ( 'NONE',  ( 35.65095264191646862, -11.24999999999992717, -0.4000000000000000222 ) ) ;
#1346 = LINE ( 'NONE', #1387, #811 ) ;
#1347 = CARTESIAN_POINT ( 'NONE',  ( 35.96869675459454641, 48.99999999999999289, 0.5412492783741725821 ) ) ;
#1348 = PLANE ( 'NONE',  #3985 ) ;
#1349 = ORIENTED_EDGE ( 'NONE', *, *, #1686, .F. ) ;
#1350 = CARTESIAN_POINT ( 'NONE',  ( -4.907690528383311879, 38.50036934298425706, -0.4000000000000000222 ) ) ;
#1351 = DIRECTION ( 'NONE',  ( -0.000000000000000000, -0.000000000000000000, -1.000000000000000000 ) ) ;
#1352 = CARTESIAN_POINT ( 'NONE',  ( 3.174999999999990496, 1.387778780781445676E-14, 0.4000000000000000222 ) ) ;
#1353 = EDGE_CURVE ( 'NONE', #3522, #1514, #8623, .T. ) ;
#1354 = EDGE_LOOP ( 'NONE', ( #3538, #4146, #1529, #203 ) ) ;
#1355 = DIRECTION ( 'NONE',  ( 0.000000000000000000, -1.000000000000000000, 0.000000000000000000 ) ) ;
#1356 = DIRECTION ( 'NONE',  ( -0.000000000000000000, -0.000000000000000000, 1.000000000000000000 ) ) ;
#1357 = CARTESIAN_POINT ( 'NONE',  ( 3.320190528383275108, 41.24999999999982947, -0.4000000000000000222 ) ) ;
#1358 = CARTESIAN_POINT ( 'NONE',  ( 4.041878364870218121, 39.99999999999999289, 0.4000000000000000222 ) ) ;
#1359 = EDGE_CURVE ( 'NONE', #6422, #3937, #2546, .T. ) ;
#1360 = AXIS2_PLACEMENT_3D ( 'NONE', #3426, #111, #2722 ) ;
#1361 = DIRECTION ( 'NONE',  ( -0.7071067811865483499, 0.7071067811865467956, 0.000000000000000000 ) ) ;
#1362 = VECTOR ( 'NONE', #3867, 1000.000000000000000 ) ;
#1363 = LINE ( 'NONE', #7436, #7091 ) ;
#1364 = VERTEX_POINT ( 'NONE', #4594 ) ;
#1365 = VECTOR ( 'NONE', #70, 1000.000000000000000 ) ;
#1366 = VERTEX_POINT ( 'NONE', #6547 ) ;
#1367 = VERTEX_POINT ( 'NONE', #7291 ) ;
#1368 = VECTOR ( 'NONE', #5452, 1000.000000000000000 ) ;
#1369 = LINE ( 'NONE', #6070, #1230 ) ;
#1370 = EDGE_CURVE ( 'NONE', #7486, #1499, #5216, .T. ) ;
#1371 = PLANE ( 'NONE',  #5146 ) ;
#1372 = ORIENTED_EDGE ( 'NONE', *, *, #5497, .F. ) ;
#1373 = EDGE_CURVE ( 'NONE', #3737, #7797, #7915, .T. ) ;
#1374 = DIRECTION ( 'NONE',  ( 0.4999999999999968359, 0.8660254037844404840, 0.000000000000000000 ) ) ;
#1375 = ORIENTED_EDGE ( 'NONE', *, *, #4273, .T. ) ;
#1376 = ORIENTED_EDGE ( 'NONE', *, *, #819, .F. ) ;
#1377 = ORIENTED_EDGE ( 'NONE', *, *, #3218, .F. ) ;
#1378 = LINE ( 'NONE', #1957, #7298 ) ;
#1379 = DIRECTION ( 'NONE',  ( 0.8660254037844369313, 0.5000000000000029976, 0.000000000000000000 ) ) ;
#1380 = CARTESIAN_POINT ( 'NONE',  ( 14.72200538379243540, 39.99999999999999289, 0.4000000000000000222 ) ) ;
#1381 = CARTESIAN_POINT ( 'NONE',  ( 8.082690528383288608, 1.000369342984412713, 0.4000000000000000222 ) ) ;
#1382 = ORIENTED_EDGE ( 'NONE', *, *, #7965, .T. ) ;
#1383 = ORIENTED_EDGE ( 'NONE', *, *, #6108, .F. ) ;
#1384 = ORIENTED_EDGE ( 'NONE', *, *, #4236, .T. ) ;
#1385 = CARTESIAN_POINT ( 'NONE',  ( 1.587499999999963940, 40.24963065701546583, -0.4000000000000000222 ) ) ;
#1386 = FACE_OUTER_BOUND ( 'NONE', #8612, .T. ) ;
#1387 = CARTESIAN_POINT ( 'NONE',  ( 34.06345264191648425, 1.000369342984419596, -0.4000000000000000222 ) ) ;
#1388 = CARTESIAN_POINT ( 'NONE',  ( -34.06345264191652689, 36.49963065701545872, -0.4000000000000000222 ) ) ;
#1389 = EDGE_CURVE ( 'NONE', #7668, #4611, #5382, .T. ) ;
#1390 = VERTEX_POINT ( 'NONE', #6806 ) ;
#1391 = EDGE_CURVE ( 'NONE', #6332, #3238, #6137, .T. ) ;
#1392 = PLANE ( 'NONE',  #4971 ) ;
#1393 = FACE_OUTER_BOUND ( 'NONE', #4168, .T. ) ;
#1394 = EDGE_CURVE ( 'NONE', #6721, #6332, #774, .T. ) ;
#1395 = ORIENTED_EDGE ( 'NONE', *, *, #3743, .F. ) ;
#1396 = CARTESIAN_POINT ( 'NONE',  ( -25.00000000000000000, 39.99999999999999289, 0.6000000000000000888 ) ) ;
#1397 = ORIENTED_EDGE ( 'NONE', *, *, #4227, .T. ) ;
#1398 = DIRECTION ( 'NONE',  ( -0.000000000000000000, -0.000000000000000000, -1.000000000000000000 ) ) ;
#1399 = DIRECTION ( 'NONE',  ( -0.8660254037844407060, 0.4999999999999965028, 0.000000000000000000 ) ) ;
#1400 = LINE ( 'NONE', #2819, #2798 ) ;
#1401 = VECTOR ( 'NONE', #1536, 1000.000000000000000 ) ;
#1402 = DIRECTION ( 'NONE',  ( -1.000000000000000000, -3.330669073875469621E-15, 0.000000000000000000 ) ) ;
#1403 = CARTESIAN_POINT ( 'NONE',  ( -21.07307158514991841, -38.50036934298424995, 0.4000000000000000222 ) ) ;
#1404 = CARTESIAN_POINT ( 'NONE',  ( -36.50000000000000711, 45.79999999999999005, 0.4000000000000000222 ) ) ;
#1405 = VECTOR ( 'NONE', #4409, 1000.000000000000000 ) ;
#1406 = CARTESIAN_POINT ( 'NONE',  ( -1.587500000000005684, -40.24963065701545162, -0.4000000000000000222 ) ) ;
#1407 = ORIENTED_EDGE ( 'NONE', *, *, #1239, .T. ) ;
#1408 = ORIENTED_EDGE ( 'NONE', *, *, #4297, .T. ) ;
#1409 = CARTESIAN_POINT ( 'NONE',  ( 9.670190528383283635, -41.24999999999982236, -0.4000000000000000222 ) ) ;
#1410 = DIRECTION ( 'NONE',  ( -0.4999999999999965583, -0.8660254037844407060, -0.000000000000000000 ) ) ;
#1411 = DIRECTION ( 'NONE',  ( 0.000000000000000000, 0.000000000000000000, -1.000000000000000000 ) ) ;
#1412 = ORIENTED_EDGE ( 'NONE', *, *, #4619, .T. ) ;
#1413 = EDGE_CURVE ( 'NONE', #7021, #8374, #2893, .T. ) ;
#1414 = FACE_OUTER_BOUND ( 'NONE', #8713, .T. ) ;
#1415 = EDGE_CURVE ( 'NONE', #4899, #5429, #105, .T. ) ;
#1416 = VECTOR ( 'NONE', #437, 1000.000000000000000 ) ;
#1417 = ORIENTED_EDGE ( 'NONE', *, *, #4386, .T. ) ;
#1418 = ORIENTED_EDGE ( 'NONE', *, *, #3343, .T. ) ;
#1419 = LINE ( 'NONE', #591, #6596 ) ;
#1420 = CARTESIAN_POINT ( 'NONE',  ( 25.00000000000000000, -2.499999999999980904, -0.4000000000000000222 ) ) ;
#1421 = CARTESIAN_POINT ( 'NONE',  ( -14.72200538379249402, -39.99999999999993605, -0.4000000000000000222 ) ) ;
#1422 = EDGE_CURVE ( 'NONE', #3908, #4417, #858, .T. ) ;
#1423 = EDGE_CURVE ( 'NONE', #3896, #5949, #6890, .T. ) ;
#1424 = CARTESIAN_POINT ( 'NONE',  ( -22.66057158514992409, 3.749999999999975575, -0.4000000000000000222 ) ) ;
#1425 = ORIENTED_EDGE ( 'NONE', *, *, #7332, .F. ) ;
#1426 = ORIENTED_EDGE ( 'NONE', *, *, #5388, .F. ) ;
#1427 = ORIENTED_EDGE ( 'NONE', *, *, #2337, .F. ) ;
#1428 = CARTESIAN_POINT ( 'NONE',  ( 41.29999999999999005, -42.58565153255791813, 0.3999999999999999667 ) ) ;
#1429 = VECTOR ( 'NONE', #3891, 1000.000000000000000 ) ;
#1430 = LINE ( 'NONE', #2719, #5575 ) ;
#1431 = PLANE ( 'NONE',  #5344 ) ;
#1432 = CARTESIAN_POINT ( 'NONE',  ( -25.00000000000000000, -2.499999999999980904, -0.4000000000000000222 ) ) ;
#1433 = VECTOR ( 'NONE', #2939, 1000.000000000000114 ) ;
#1434 = ORIENTED_EDGE ( 'NONE', *, *, #7769, .F. ) ;
#1435 = CARTESIAN_POINT ( 'NONE',  ( 38.10000000000000142, -45.79999999999999005, 0.3999999999999999667 ) ) ;
#1436 = CARTESIAN_POINT ( 'NONE',  ( 0.000000000000000000, 0.000000000000000000, 0.4000000000000000222 ) ) ;
#1437 = ORIENTED_EDGE ( 'NONE', *, *, #3106, .F. ) ;
#1438 = LINE ( 'NONE', #8230, #2381 ) ;
#1439 = VERTEX_POINT ( 'NONE', #6226 ) ;
#1440 = B_SPLINE_CURVE_WITH_KNOTS ( 'NONE', 3,
 ( #4054, #3471, #1347, #6761, #7216, #3180, #1144, #7259, #646, #7463, #6180, #5428, #19, #8596, #687, #5891 ),
 .UNSPECIFIED., .F., .F.,
 ( 4, 2, 2, 2, 2, 2, 2, 4 ),
 ( 0.000000000000000000, 0.001635127160260476439, 0.002452690740390714875, 0.002861472530455833659, 0.003270254320520952877, 0.004087817900651190446, 0.004905381480781429750, 0.006540508641041904020 ),
 .UNSPECIFIED. ) ;
#1441 = DIRECTION ( 'NONE',  ( 0.5000000000000032196, -0.8660254037844368202, 0.000000000000000000 ) ) ;
#1442 = DIRECTION ( 'NONE',  ( -1.000000000000000000, 0.000000000000000000, 0.000000000000000000 ) ) ;
#1443 = DIRECTION ( 'NONE',  ( 1.000000000000000000, 0.000000000000000000, 0.000000000000000000 ) ) ;
#1444 = CARTESIAN_POINT ( 'NONE',  ( -4.907690528383336748, 43.99963065701543741, -0.4000000000000000222 ) ) ;
#1445 = DIRECTION ( 'NONE',  ( -0.000000000000000000, -1.000000000000000000, -0.000000000000000000 ) ) ;
#1446 = CARTESIAN_POINT ( 'NONE',  ( -37.49999999999998579, -39.99999999999993605, -0.4000000000000000222 ) ) ;
#1447 = ORIENTED_EDGE ( 'NONE', *, *, #7759, .F. ) ;
#1448 = VECTOR ( 'NONE', #5605, 1000.000000000000114 ) ;
#1449 = DIRECTION ( 'NONE',  ( 0.000000000000000000, -1.000000000000000000, 0.000000000000000000 ) ) ;
#1450 = CARTESIAN_POINT ( 'NONE',  ( 34.95000000000000284, 45.79999999999999005, 1.200000000000001954 ) ) ;
#1451 = DIRECTION ( 'NONE',  ( -0.000000000000000000, -0.000000000000000000, 1.000000000000000000 ) ) ;
#1452 = VECTOR ( 'NONE', #1894, 1000.000000000000000 ) ;
#1453 = LINE ( 'NONE', #4162, #8366 ) ;
#1454 = ORIENTED_EDGE ( 'NONE', *, *, #5366, .T. ) ;
#1455 = VECTOR ( 'NONE', #3407, 1000.000000000000114 ) ;
#1456 = AXIS2_PLACEMENT_3D ( 'NONE', #5571, #1399, #4822 ) ;
#1457 = CARTESIAN_POINT ( 'NONE',  ( -16.16538105676662340, -6.938893903907228378E-15, -0.4000000000000000222 ) ) ;
#1458 = VERTEX_POINT ( 'NONE', #194 ) ;
#1459 = ORIENTED_EDGE ( 'NONE', *, *, #3476, .T. ) ;
#1460 = ORIENTED_EDGE ( 'NONE', *, *, #1802, .F. ) ;
#1461 = CIRCLE ( 'NONE', #3877, 4.535640646055099090 ) ;
#1462 = DIRECTION ( 'NONE',  ( 1.000000000000000000, 3.663735981263016583E-15, 0.000000000000000000 ) ) ;
#1463 = CARTESIAN_POINT ( 'NONE',  ( 37.50000000000000000, 2.500000000000024869, -0.4000000000000000222 ) ) ;
#1464 = EDGE_CURVE ( 'NONE', #7195, #2127, #8303, .T. ) ;
#1465 = CARTESIAN_POINT ( 'NONE',  ( 4.041878364870259865, -39.99999999999993605, 0.4000000000000000222 ) ) ;
#1466 = ADVANCED_FACE ( 'NONE', ( #4808 ), #3470, .T. ) ;
#1467 = EDGE_CURVE ( 'NONE', #160, #5163, #1346, .T. ) ;
#1468 = LINE ( 'NONE', #1513, #2320 ) ;
#1469 = EDGE_LOOP ( 'NONE', ( #8003, #4756, #4339, #7707 ) ) ;
#1470 = ORIENTED_EDGE ( 'NONE', *, *, #1477, .T. ) ;
#1471 = ORIENTED_EDGE ( 'NONE', *, *, #1789, .T. ) ;
#1472 = CARTESIAN_POINT ( 'NONE',  ( 25.00000000000000000, 39.99999999999999289, -0.4000000000000000222 ) ) ;
#1473 = DIRECTION ( 'NONE',  ( 1.000000000000000000, 0.000000000000000000, 0.000000000000000000 ) ) ;
#1474 = LINE ( 'NONE', #7593, #1943 ) ;
#1475 = EDGE_CURVE ( 'NONE', #2356, #5404, #4895, .T. ) ;
#1476 = DIRECTION ( 'NONE',  ( 0.4999999999999968359, 0.8660254037844404840, 0.000000000000000000 ) ) ;
#1477 = EDGE_CURVE ( 'NONE', #5186, #496, #1474, .T. ) ;
#1478 = ORIENTED_EDGE ( 'NONE', *, *, #4117, .T. ) ;
#1479 = VECTOR ( 'NONE', #3505, 1000.000000000000114 ) ;
#1480 = CARTESIAN_POINT ( 'NONE',  ( -27.56826211353319778, -40.24963065701545162, 0.4000000000000000222 ) ) ;
#1481 = DIRECTION ( 'NONE',  ( -0.000000000000000000, -0.000000000000000000, 1.000000000000000000 ) ) ;
#1482 = ADVANCED_FACE ( 'NONE', ( #109 ), #3425, .T. ) ;
#1483 = ORIENTED_EDGE ( 'NONE', *, *, #1507, .F. ) ;
#1484 = CARTESIAN_POINT ( 'NONE',  ( 27.56826211353319067, -40.24963065701542320, 0.4000000000000000222 ) ) ;
#1485 = ORIENTED_EDGE ( 'NONE', *, *, #7420, .T. ) ;
#1486 = CARTESIAN_POINT ( 'NONE',  ( 34.06345264191648425, -6.499630657015551982, -0.4000000000000000222 ) ) ;
#1487 = CARTESIAN_POINT ( 'NONE',  ( -11.24999999999996803, 11.25000000000000711, 0.4000000000000000222 ) ) ;
#1488 = VECTOR ( 'NONE', #1711, 1000.000000000000000 ) ;
#1489 = CARTESIAN_POINT ( 'NONE',  ( -41.30000000000001137, 47.12351605439201307, 0.8111846166765223076 ) ) ;
#1490 = B_SPLINE_CURVE_WITH_KNOTS ( 'NONE', 3,
 ( #1428, #6223, #7417, #5560, #6842, #6929, #4134, #4760, #6176, #1344 ),
 .UNSPECIFIED., .F., .F.,
 ( 4, 2, 2, 2, 4 ),
 ( 0.000000000000000000, 0.001643720327985742505, 0.002465580491978603891, 0.002876510573975034693, 0.003287440655971465495 ),
 .UNSPECIFIED. ) ;
#1491 = CARTESIAN_POINT ( 'NONE',  ( -16.16538105676662340, -6.938893903907228378E-15, 0.4000000000000000222 ) ) ;
#1492 = DIRECTION ( 'NONE',  ( 1.000000000000000000, 0.000000000000000000, 0.000000000000000000 ) ) ;
#1493 = ORIENTED_EDGE ( 'NONE', *, *, #3053, .F. ) ;
#1494 = EDGE_LOOP ( 'NONE', ( #2216, #2433 ) ) ;
#1495 = CYLINDRICAL_SURFACE ( 'NONE', #6492, 1.599999999999997202 ) ;
#1496 = CARTESIAN_POINT ( 'NONE',  ( 27.56826211353316580, 40.24963065701546583, -0.4000000000000000222 ) ) ;
#1497 = VECTOR ( 'NONE', #4354, 1000.000000000000000 ) ;
#1498 = CARTESIAN_POINT ( 'NONE',  ( -37.49999999999998579, -39.99999999999993605, -0.4000000000000000222 ) ) ;
#1499 = VERTEX_POINT ( 'NONE', #2762 ) ;
#1500 = EDGE_CURVE ( 'NONE', #6694, #2036, #2807, .T. ) ;
#1501 = AXIS2_PLACEMENT_3D ( 'NONE', #6154, #4154, #6860 ) ;
#1502 = ADVANCED_FACE ( 'NONE', ( #65 ), #1431, .T. ) ;
#1503 = CARTESIAN_POINT ( 'NONE',  ( 11.25875672974071229, 39.99999999999999289, -0.4000000000000000222 ) ) ;
#1504 = ORIENTED_EDGE ( 'NONE', *, *, #4628, .T. ) ;
#1505 = VERTEX_POINT ( 'NONE', #2721 ) ;
#1506 = ORIENTED_EDGE ( 'NONE', *, *, #4793, .T. ) ;
#1507 = EDGE_CURVE ( 'NONE', #2526, #2077, #4136, .T. ) ;
#1508 = VECTOR ( 'NONE', #7833, 1000.000000000000000 ) ;
#1509 = DIRECTION ( 'NONE',  ( 0.000000000000000000, 0.000000000000000000, -1.000000000000000000 ) ) ;
#1510 = AXIS2_PLACEMENT_3D ( 'NONE', #8073, #5321, #4742 ) ;
#1511 = LINE ( 'NONE', #3460, #4715 ) ;
#1512 = EDGE_CURVE ( 'NONE', #8696, #2249, #8135, .T. ) ;
#1513 = CARTESIAN_POINT ( 'NONE',  ( -30.88845264191650486, 38.50036934298425706, -0.4000000000000000222 ) ) ;
#1514 = VERTEX_POINT ( 'NONE', #7462 ) ;
#1515 = ORIENTED_EDGE ( 'NONE', *, *, #5140, .F. ) ;
#1516 = VECTOR ( 'NONE', #4764, 1000.000000000000000 ) ;
#1517 = ORIENTED_EDGE ( 'NONE', *, *, #3378, .F. ) ;
#1518 = PLANE ( 'NONE',  #2824 ) ;
#1519 = DIRECTION ( 'NONE',  ( 0.8660254037844404840, -0.4999999999999968359, 0.000000000000000000 ) ) ;
#1520 = DIRECTION ( 'NONE',  ( -0.8660254037844407060, 0.4999999999999965028, 0.000000000000000000 ) ) ;
#1521 = FACE_OUTER_BOUND ( 'NONE', #2220, .T. ) ;
#1522 = EDGE_LOOP ( 'NONE', ( #8683, #8130, #7642, #8769 ) ) ;
#1523 = CARTESIAN_POINT ( 'NONE',  ( 25.00000000000000000, 39.99999999999999289, -0.4000000000000000222 ) ) ;
#1524 = LINE ( 'NONE', #864, #1209 ) ;
#1525 = EDGE_CURVE ( 'NONE', #5907, #578, #6844, .T. ) ;
#1526 = ADVANCED_FACE ( 'NONE', ( #2142 ), #3775, .T. ) ;
#1527 = EDGE_LOOP ( 'NONE', ( #6483, #7047, #8610, #934 ) ) ;
#1528 = PLANE ( 'NONE',  #5076 ) ;
#1529 = ORIENTED_EDGE ( 'NONE', *, *, #3722, .F. ) ;
#1530 = FACE_OUTER_BOUND ( 'NONE', #4476, .T. ) ;
#1531 = CARTESIAN_POINT ( 'NONE',  ( -4.041878364870280294, -39.99999999999993605, -0.4000000000000000222 ) ) ;
#1532 = VECTOR ( 'NONE', #3615, 1000.000000000000114 ) ;
#1533 = CARTESIAN_POINT ( 'NONE',  ( -41.30000000000001847, 45.66300963658372325, 1.119055016130100944 ) ) ;
#1534 = ADVANCED_FACE ( 'NONE', ( #1696 ), #6970, .T. ) ;
#1535 = CARTESIAN_POINT ( 'NONE',  ( -9.670190528383324491, 41.24999999999982947, 0.4000000000000000222 ) ) ;
#1536 = DIRECTION ( 'NONE',  ( -0.7071067811865483499, 0.7071067811865467956, 0.000000000000000000 ) ) ;
#1537 = VERTEX_POINT ( 'NONE', #7678 ) ;
#1538 = CIRCLE ( 'NONE', #3380, 1.599999999999997202 ) ;
#1539 = LINE ( 'NONE', #8239, #6043 ) ;
#1540 = FACE_OUTER_BOUND ( 'NONE', #495, .T. ) ;
#1541 = CARTESIAN_POINT ( 'NONE',  ( -34.06345264191651268, -38.50036934298425706, 0.4000000000000000222 ) ) ;
#1542 = DIRECTION ( 'NONE',  ( -0.4999999999999965583, -0.8660254037844407060, -0.000000000000000000 ) ) ;
#1543 = EDGE_LOOP ( 'NONE', ( #2439, #1034, #5711, #5981 ) ) ;
#1544 = AXIS2_PLACEMENT_3D ( 'NONE', #7811, #6344, #1597 ) ;
#1545 = ORIENTED_EDGE ( 'NONE', *, *, #2252, .F. ) ;
#1546 = EDGE_LOOP ( 'NONE', ( #8505, #4394, #4805, #1704 ) ) ;
#1547 = VERTEX_POINT ( 'NONE', #4313 ) ;
#1548 = FACE_OUTER_BOUND ( 'NONE', #1808, .T. ) ;
#1549 = DIRECTION ( 'NONE',  ( -1.000000000000000000, -3.330669073875469621E-15, -0.000000000000000000 ) ) ;
#1550 = ORIENTED_EDGE ( 'NONE', *, *, #1664, .T. ) ;
#1551 = DIRECTION ( 'NONE',  ( 0.5000000000000032196, -0.8660254037844368202, 0.000000000000000000 ) ) ;
#1552 = ORIENTED_EDGE ( 'NONE', *, *, #2309, .F. ) ;
#1553 = ORIENTED_EDGE ( 'NONE', *, *, #975, .F. ) ;
#1554 = VERTEX_POINT ( 'NONE', #3597 ) ;
#1555 = CARTESIAN_POINT ( 'NONE',  ( -38.10000000000000142, 45.79999999999999005, 0.3999999999999999667 ) ) ;
#1556 = DIRECTION ( 'NONE',  ( -0.000000000000000000, -0.000000000000000000, 1.000000000000000000 ) ) ;
#1557 = DIRECTION ( 'NONE',  ( 0.000000000000000000, 0.000000000000000000, 1.000000000000000000 ) ) ;
#1558 = CARTESIAN_POINT ( 'NONE',  ( -11.40288105676659924, -40.24963065701543741, -0.4000000000000000222 ) ) ;
#1559 = VERTEX_POINT ( 'NONE', #6487 ) ;
#1560 = CARTESIAN_POINT ( 'NONE',  ( -34.32614863764216295, 43.54462784547374099, 0.4066471204072674150 ) ) ;
#1561 = AXIS2_PLACEMENT_3D ( 'NONE', #3526, #3568, #5577 ) ;
#1562 = DIRECTION ( 'NONE',  ( -0.000000000000000000, 0.000000000000000000, 1.000000000000000000 ) ) ;
#1563 = EDGE_CURVE ( 'NONE', #4220, #4234, #985, .T. ) ;
#1564 = ORIENTED_EDGE ( 'NONE', *, *, #2701, .F. ) ;
#1565 = DIRECTION ( 'NONE',  ( 0.000000000000000000, 0.000000000000000000, 1.000000000000000000 ) ) ;
#1566 = EDGE_LOOP ( 'NONE', ( #3589, #5100, #6292, #908, #6397, #7664 ) ) ;
#1567 = CARTESIAN_POINT ( 'NONE',  ( 16.31057158514988359, -41.24999999999984368, 0.4000000000000000222 ) ) ;
#1568 = VECTOR ( 'NONE', #2676, 1000.000000000000000 ) ;
#1569 = CARTESIAN_POINT ( 'NONE',  ( 8.948502691896258909, 2.500000000000024869, 0.4000000000000000222 ) ) ;
#1570 = VECTOR ( 'NONE', #3161, 1000.000000000000114 ) ;
#1571 = AXIS2_PLACEMENT_3D ( 'NONE', #2678, #6548, #647 ) ;
#1572 = LINE ( 'NONE', #208, #6950 ) ;
#1573 = ADVANCED_FACE ( 'NONE', ( #902 ), #2935, .T. ) ;
#1574 = B_SPLINE_CURVE_WITH_KNOTS ( 'NONE', 3,
 ( #6024, #4029, #1277, #1234 ),
 .UNSPECIFIED., .F., .F.,
 ( 4, 4 ),
 ( 0.000000000000000000, 0.0001265387067449392784 ),
 .UNSPECIFIED. ) ;
#1575 = CARTESIAN_POINT ( 'NONE',  ( 34.06345264191648425, -43.99963065701540188, 0.4041955794042776384 ) ) ;
#1576 = DIRECTION ( 'NONE',  ( -1.000000000000000000, -3.330669073875469621E-15, 0.000000000000000000 ) ) ;
#1577 = ORIENTED_EDGE ( 'NONE', *, *, #3310, .F. ) ;
#1578 = FACE_OUTER_BOUND ( 'NONE', #3947, .T. ) ;
#1579 = DIRECTION ( 'NONE',  ( 1.000000000000000000, 3.663735981263016583E-15, 0.000000000000000000 ) ) ;
#1580 = CARTESIAN_POINT ( 'NONE',  ( 24.39326211353316864, 40.24963065701545162, -0.4000000000000000222 ) ) ;
#1581 = CARTESIAN_POINT ( 'NONE',  ( 35.65095264191646862, -3.749999999999954703, -0.4000000000000000222 ) ) ;
#1582 = CARTESIAN_POINT ( 'NONE',  ( -17.89807158514991059, 38.50036934298425706, 0.4000000000000000222 ) ) ;
#1583 = ORIENTED_EDGE ( 'NONE', *, *, #1887, .F. ) ;
#1584 = VECTOR ( 'NONE', #8720, 1000.000000000000000 ) ;
#1585 = ORIENTED_EDGE ( 'NONE', *, *, #7114, .F. ) ;
#1586 = ORIENTED_EDGE ( 'NONE', *, *, #2330, .T. ) ;
#1587 = ORIENTED_EDGE ( 'NONE', *, *, #6470, .T. ) ;
#1588 = EDGE_CURVE ( 'NONE', #4510, #3709, #4445, .T. ) ;
#1589 = CARTESIAN_POINT ( 'NONE',  ( -4.907690528383311879, 1.000369342984405829, -0.4000000000000000222 ) ) ;
#1590 = AXIS2_PLACEMENT_3D ( 'NONE', #4885, #2215, #1591 ) ;
#1591 = DIRECTION ( 'NONE',  ( 0.4999999999999968359, 0.8660254037844404840, 0.000000000000000000 ) ) ;
#1592 = VERTEX_POINT ( 'NONE', #416 ) ;
#1593 = FACE_OUTER_BOUND ( 'NONE', #8334, .T. ) ;
#1594 = ORIENTED_EDGE ( 'NONE', *, *, #8516, .T. ) ;
#1595 = ORIENTED_EDGE ( 'NONE', *, *, #593, .T. ) ;
#1596 = VERTEX_POINT ( 'NONE', #6348 ) ;
#1597 = DIRECTION ( 'NONE',  ( -0.5000000000000029976, 0.8660254037844369313, 0.000000000000000000 ) ) ;
#1598 = DIRECTION ( 'NONE',  ( -1.000000000000000000, 0.000000000000000000, 0.000000000000000000 ) ) ;
#1599 = AXIS2_PLACEMENT_3D ( 'NONE', #6149, #4906, #1442 ) ;
#1600 = FACE_OUTER_BOUND ( 'NONE', #4203, .T. ) ;
#1601 = DIRECTION ( 'NONE',  ( 0.7071067811865487940, 0.7071067811865463515, 0.000000000000000000 ) ) ;
#1602 = VECTOR ( 'NONE', #3147, 1000.000000000000114 ) ;
#1603 = DIRECTION ( 'NONE',  ( -0.5000000000000029976, 0.8660254037844369313, -0.000000000000000000 ) ) ;
#1604 = EDGE_CURVE ( 'NONE', #7142, #2171, #2977, .T. ) ;
#1605 = ORIENTED_EDGE ( 'NONE', *, *, #4158, .T. ) ;
#1606 = VECTOR ( 'NONE', #5817, 1000.000000000000000 ) ;
#1607 = EDGE_CURVE ( 'NONE', #4345, #3760, #7102, .T. ) ;
#1608 = FACE_OUTER_BOUND ( 'NONE', #479, .T. ) ;
#1609 = PLANE ( 'NONE',  #2918 ) ;
#1610 = EDGE_CURVE ( 'NONE', #2958, #5667, #5683, .T. ) ;
#1611 = ORIENTED_EDGE ( 'NONE', *, *, #924, .F. ) ;
#1612 = CARTESIAN_POINT ( 'NONE',  ( -30.88845264191650486, -6.499630657015566193, 0.4000000000000000222 ) ) ;
#1613 = CARTESIAN_POINT ( 'NONE',  ( -4.907690528383298556, -43.99963065701541609, -0.4000000000000000222 ) ) ;
#1614 = EDGE_CURVE ( 'NONE', #7578, #3361, #6394, .T. ) ;
#1615 = CARTESIAN_POINT ( 'NONE',  ( -27.56826211353319778, -40.24963065701545162, -0.4000000000000000222 ) ) ;
#1616 = VECTOR ( 'NONE', #1374, 1000.000000000000114 ) ;
#1617 = CARTESIAN_POINT ( 'NONE',  ( 0.000000000000000000, -2.499999999999980904, 0.4000000000000000222 ) ) ;
#1618 = DIRECTION ( 'NONE',  ( 1.000000000000000000, 3.663735981263016583E-15, 0.000000000000000000 ) ) ;
#1619 = EDGE_CURVE ( 'NONE', #5992, #6442, #5016, .T. ) ;
#1620 = DIRECTION ( 'NONE',  ( 0.000000000000000000, 0.000000000000000000, -1.000000000000000000 ) ) ;
#1621 = ORIENTED_EDGE ( 'NONE', *, *, #3632, .T. ) ;
#1622 = VECTOR ( 'NONE', #6935, 1000.000000000000114 ) ;
#1623 = CARTESIAN_POINT ( 'NONE',  ( -1.731624327025900634, -39.99999999999993605, 0.4000000000000000222 ) ) ;
#1624 = DIRECTION ( 'NONE',  ( 1.000000000000000000, 3.663735981263016583E-15, 0.000000000000000000 ) ) ;
#1625 = EDGE_CURVE ( 'NONE', #2095, #7009, #3067, .T. ) ;
#1626 = DIRECTION ( 'NONE',  ( 1.000000000000000000, 3.663735981263016583E-15, 0.000000000000000000 ) ) ;
#1627 = LINE ( 'NONE', #7038, #2628 ) ;
#1628 = LINE ( 'NONE', #7039, #5962 ) ;
#1629 = ORIENTED_EDGE ( 'NONE', *, *, #134, .F. ) ;
#1630 = VECTOR ( 'NONE', #2042, 1000.000000000000114 ) ;
#1631 = ORIENTED_EDGE ( 'NONE', *, *, #1610, .F. ) ;
#1632 = ORIENTED_EDGE ( 'NONE', *, *, #5796, .F. ) ;
#1633 = EDGE_CURVE ( 'NONE', #8435, #1537, #1651, .T. ) ;
#1634 = ORIENTED_EDGE ( 'NONE', *, *, #5324, .T. ) ;
#1635 = DIRECTION ( 'NONE',  ( 0.4999999999999968359, 0.8660254037844404840, 0.000000000000000000 ) ) ;
#1636 = CARTESIAN_POINT ( 'NONE',  ( 0.000000000000000000, 0.000000000000000000, -0.4000000000000000222 ) ) ;
#1637 = ORIENTED_EDGE ( 'NONE', *, *, #7252, .T. ) ;
#1638 = VECTOR ( 'NONE', #7118, 1000.000000000000000 ) ;
#1639 = EDGE_CURVE ( 'NONE', #6573, #1236, #5772, .T. ) ;
#1640 = EDGE_CURVE ( 'NONE', #4611, #3908, #7149, .T. ) ;
#1641 = VECTOR ( 'NONE', #3953, 999.9999999999998863 ) ;
#1642 = PLANE ( 'NONE',  #7858 ) ;
#1643 = ORIENTED_EDGE ( 'NONE', *, *, #2941, .T. ) ;
#1644 = EDGE_LOOP ( 'NONE', ( #4786, #304, #3994, #1816 ) ) ;
#1645 = ORIENTED_EDGE ( 'NONE', *, *, #27, .T. ) ;
#1646 = FACE_OUTER_BOUND ( 'NONE', #682, .T. ) ;
#1647 = DIRECTION ( 'NONE',  ( -0.000000000000000000, -0.000000000000000000, 1.000000000000000000 ) ) ;
#1648 = TOROIDAL_SURFACE ( 'NONE', #533, 4.535640646055100866, 1.600000000000000089 ) ;
#1649 = LINE ( 'NONE', #1072, #3445 ) ;
#1650 = VECTOR ( 'NONE', #6722, 1000.000000000000000 ) ;
#1651 = LINE ( 'NONE', #8428, #8587 ) ;
#1652 = CARTESIAN_POINT ( 'NONE',  ( -29.30095264191651694, -3.749999999999968470, 0.4000000000000000222 ) ) ;
#1653 = ORIENTED_EDGE ( 'NONE', *, *, #8552, .F. ) ;
#1654 = LINE ( 'NONE', #2229, #1433 ) ;
#1655 = CARTESIAN_POINT ( 'NONE',  ( 34.85152525621064967, 42.63464884900428586, 0.3999999999999999667 ) ) ;
#1656 = ORIENTED_EDGE ( 'NONE', *, *, #8579, .F. ) ;
#1657 = CARTESIAN_POINT ( 'NONE',  ( -25.00000000000000000, 39.99999999999999289, -0.4000000000000000222 ) ) ;
#1658 = LINE ( 'NONE', #4411, #7836 ) ;
#1659 = CARTESIAN_POINT ( 'NONE',  ( -8.948502691896333516, -39.99999999999993605, -0.4000000000000000222 ) ) ;
#1660 = EDGE_CURVE ( 'NONE', #7831, #2800, #8476, .T. ) ;
#1661 = EDGE_CURVE ( 'NONE', #212, #7748, #8524, .T. ) ;
#1662 = CARTESIAN_POINT ( 'NONE',  ( -30.02264047840353456, 2.500000000000024425, 0.4000000000000000222 ) ) ;
#1663 = DIRECTION ( 'NONE',  ( 0.000000000000000000, 0.000000000000000000, -1.000000000000000000 ) ) ;
#1664 = EDGE_CURVE ( 'NONE', #4688, #8039, #4936, .T. ) ;
#1665 = CARTESIAN_POINT ( 'NONE',  ( 25.24963065701559728, -2.749630657015580848, -0.4000000000000000222 ) ) ;
#1666 = VECTOR ( 'NONE', #4104, 1000.000000000000000 ) ;
#1667 = DIRECTION ( 'NONE',  ( -0.5000000000000029976, 0.8660254037844369313, 0.000000000000000000 ) ) ;
#1668 = ORIENTED_EDGE ( 'NONE', *, *, #241, .T. ) ;
#1669 = LINE ( 'NONE', #390, #3768 ) ;
#1670 = DIRECTION ( 'NONE',  ( -1.000000000000000000, -3.330669073875469621E-15, -0.000000000000000000 ) ) ;
#1671 = LINE ( 'NONE', #7788, #4826 ) ;
#1672 = VECTOR ( 'NONE', #3932, 1000.000000000000000 ) ;
#1673 = CARTESIAN_POINT ( 'NONE',  ( -1.587500000000019451, 2.749630657015583957, 0.4000000000000000222 ) ) ;
#1674 = LINE ( 'NONE', #7175, #5258 ) ;
#1675 = ORIENTED_EDGE ( 'NONE', *, *, #6470, .F. ) ;
#1676 = VERTEX_POINT ( 'NONE', #3683 ) ;
#1677 = VERTEX_POINT ( 'NONE', #3022 ) ;
#1678 = EDGE_LOOP ( 'NONE', ( #621, #8025, #6351, #768 ) ) ;
#1679 = ORIENTED_EDGE ( 'NONE', *, *, #7792, .T. ) ;
#1680 = EDGE_CURVE ( 'NONE', #3285, #1818, #1210, .T. ) ;
#1681 = CARTESIAN_POINT ( 'NONE',  ( -3.175000000000011369, -1.387778780781445676E-14, -0.4000000000000000222 ) ) ;
#1682 = CARTESIAN_POINT ( 'NONE',  ( 4.907690528383287898, 1.000369342984398724, -0.4000000000000000222 ) ) ;
#1683 = AXIS2_PLACEMENT_3D ( 'NONE', #2553, #6724, #8589 ) ;
#1684 = FACE_BOUND ( 'NONE', #6839, .T. ) ;
#1685 = ORIENTED_EDGE ( 'NONE', *, *, #182, .F. ) ;
#1686 = EDGE_CURVE ( 'NONE', #3306, #5862, #5206, .T. ) ;
#1687 = LINE ( 'NONE', #3591, #3033 ) ;
#1688 = VECTOR ( 'NONE', #1130, 1000.000000000000000 ) ;
#1689 = VERTEX_POINT ( 'NONE', #3820 ) ;
#1690 = VERTEX_POINT ( 'NONE', #6665 ) ;
#1691 = ORIENTED_EDGE ( 'NONE', *, *, #6452, .T. ) ;
#1692 = DIRECTION ( 'NONE',  ( -0.4999999999999965583, -0.8660254037844407060, -0.000000000000000000 ) ) ;
#1693 = LINE ( 'NONE', #3112, #7661 ) ;
#1694 = DIRECTION ( 'NONE',  ( -0.000000000000000000, -0.000000000000000000, -1.000000000000000000 ) ) ;
#1695 = EDGE_CURVE ( 'NONE', #4600, #1996, #1958, .T. ) ;
#1696 = FACE_OUTER_BOUND ( 'NONE', #8037, .T. ) ;
#1697 = ADVANCED_FACE ( 'NONE', ( #4585 ), #5867, .T. ) ;
#1698 = CARTESIAN_POINT ( 'NONE',  ( -37.49999999999998579, -39.99999999999993605, -0.4000000000000000222 ) ) ;
#1699 = VERTEX_POINT ( 'NONE', #7323 ) ;
#1700 = CARTESIAN_POINT ( 'NONE',  ( -34.06345264191652689, 43.99963065701542320, 0.4041955794042810246 ) ) ;
#1701 = LINE ( 'NONE', #1033, #6751 ) ;
#1702 = ORIENTED_EDGE ( 'NONE', *, *, #1153, .T. ) ;
#1703 = VECTOR ( 'NONE', #8722, 1000.000000000000114 ) ;
#1704 = ORIENTED_EDGE ( 'NONE', *, *, #1680, .F. ) ;
#1705 = CARTESIAN_POINT ( 'NONE',  ( 27.56826211353316580, 40.24963065701546583, -0.4000000000000000222 ) ) ;
#1706 = CARTESIAN_POINT ( 'NONE',  ( 24.24913778650731189, 39.99999999999999289, -0.4000000000000000222 ) ) ;
#1707 = DIRECTION ( 'NONE',  ( 0.4999999999999968359, 0.8660254037844404840, 0.000000000000000000 ) ) ;
#1708 = LINE ( 'NONE', #4366, #8503 ) ;
#1709 = VECTOR ( 'NONE', #6559, 1000.000000000000000 ) ;
#1710 = DIRECTION ( 'NONE',  ( -1.000000000000000000, 0.000000000000000000, 0.000000000000000000 ) ) ;
#1711 = DIRECTION ( 'NONE',  ( 0.000000000000000000, 0.000000000000000000, 1.000000000000000000 ) ) ;
#1712 = DIRECTION ( 'NONE',  ( 0.5000000000000031086, -0.8660254037844368202, 0.000000000000000000 ) ) ;
#1713 = VERTEX_POINT ( 'NONE', #1295 ) ;
#1714 = DIRECTION ( 'NONE',  ( 0.8660254037844404840, -0.4999999999999968359, 0.000000000000000000 ) ) ;
#1715 = EDGE_CURVE ( 'NONE', #2944, #3498, #6707, .T. ) ;
#1716 = DIRECTION ( 'NONE',  ( -1.000000000000000000, 0.000000000000000000, 0.000000000000000000 ) ) ;
#1717 = FACE_OUTER_BOUND ( 'NONE', #6046, .T. ) ;
#1718 = VECTOR ( 'NONE', #1320, 1000.000000000000000 ) ;
#1719 = LINE ( 'NONE', #7127, #4761 ) ;
#1720 = DIRECTION ( 'NONE',  ( -0.4999999999999965583, -0.8660254037844407060, -0.000000000000000000 ) ) ;
#1721 = ORIENTED_EDGE ( 'NONE', *, *, #1252, .T. ) ;
#1722 = ORIENTED_EDGE ( 'NONE', *, *, #6253, .T. ) ;
#1723 = VERTEX_POINT ( 'NONE', #7193 ) ;
#1724 = ORIENTED_EDGE ( 'NONE', *, *, #8677, .F. ) ;
#1725 = DIRECTION ( 'NONE',  ( -0.000000000000000000, -0.000000000000000000, 1.000000000000000000 ) ) ;
#1726 = CARTESIAN_POINT ( 'NONE',  ( 41.29999999999999005, -49.00000000000000000, -0.4000000000000000222 ) ) ;
#1727 = CARTESIAN_POINT ( 'NONE',  ( -41.25000000000000000, -45.79999999999999005, 1.200000000000001954 ) ) ;
#1728 = ORIENTED_EDGE ( 'NONE', *, *, #498, .T. ) ;
#1729 = CARTESIAN_POINT ( 'NONE',  ( -11.40288105676663299, 40.24963065701545162, -0.4000000000000000222 ) ) ;
#1730 = EDGE_CURVE ( 'NONE', #2489, #4341, #7362, .T. ) ;
#1731 = ORIENTED_EDGE ( 'NONE', *, *, #7304, .T. ) ;
#1732 = ORIENTED_EDGE ( 'NONE', *, *, #8090, .F. ) ;
#1733 = EDGE_LOOP ( 'NONE', ( #2085, #3061, #4772, #2469 ) ) ;
#1734 = CARTESIAN_POINT ( 'NONE',  ( -27.56826211353322975, -4.750369342984381404, -0.4000000000000000222 ) ) ;
#1735 = CARTESIAN_POINT ( 'NONE',  ( 32.49999999999996447, 32.50000000000004263, 0.4000000000000000222 ) ) ;
#1736 = EDGE_CURVE ( 'NONE', #7797, #4640, #6533, .T. ) ;
#1737 = AXIS2_PLACEMENT_3D ( 'NONE', #6971, #3514, #8305 ) ;
#1738 = DIRECTION ( 'NONE',  ( 3.663735981263016583E-15, -1.000000000000000000, 0.000000000000000000 ) ) ;
#1739 = DIRECTION ( 'NONE',  ( 1.000000000000000000, 3.663735981263016583E-15, 0.000000000000000000 ) ) ;
#1740 = DIRECTION ( 'NONE',  ( 0.8660254037844369313, 0.5000000000000029976, 0.000000000000000000 ) ) ;
#1741 = EDGE_CURVE ( 'NONE', #8642, #1103, #7234, .T. ) ;
#1742 = VERTEX_POINT ( 'NONE', #7904 ) ;
#1743 = VECTOR ( 'NONE', #5587, 1000.000000000000000 ) ;
#1744 = FACE_OUTER_BOUND ( 'NONE', #7218, .T. ) ;
#1745 = VECTOR ( 'NONE', #4180, 1000.000000000000114 ) ;
#1746 = LINE ( 'NONE', #7865, #4909 ) ;
#1747 = VERTEX_POINT ( 'NONE', #6624 ) ;
#1748 = ORIENTED_EDGE ( 'NONE', *, *, #559, .F. ) ;
#1749 = CARTESIAN_POINT ( 'NONE',  ( 0.000000000000000000, 39.99999999999999289, 0.4000000000000000222 ) ) ;
#1750 = EDGE_CURVE ( 'NONE', #3421, #1797, #3158, .T. ) ;
#1751 = DIRECTION ( 'NONE',  ( -1.000000000000000000, 0.000000000000000000, 0.000000000000000000 ) ) ;
#1752 = AXIS2_PLACEMENT_3D ( 'NONE', #2482, #4385, #5851 ) ;
#1753 = CARTESIAN_POINT ( 'NONE',  ( -3.320190528383323958, -3.749999999999968470, 0.4000000000000000222 ) ) ;
#1754 = EDGE_CURVE ( 'NONE', #6603, #5477, #6040, .T. ) ;
#1755 = CARTESIAN_POINT ( 'NONE',  ( -34.19480164366505903, -43.77212751246349853, 0.4061756055450805314 ) ) ;
#1756 = CARTESIAN_POINT ( 'NONE',  ( 35.65095264191646862, -11.24999999999992717, 0.4000000000000000222 ) ) ;
#1757 = DIRECTION ( 'NONE',  ( -0.5000000000000029976, 0.8660254037844369313, 0.000000000000000000 ) ) ;
#1758 = CARTESIAN_POINT ( 'NONE',  ( 8.082690528383263739, -1.000369342984377852, 0.4000000000000000222 ) ) ;
#1759 = ORIENTED_EDGE ( 'NONE', *, *, #1715, .T. ) ;
#1760 = DIRECTION ( 'NONE',  ( -0.8660254037844407060, 0.4999999999999965028, 0.000000000000000000 ) ) ;
#1761 = FACE_OUTER_BOUND ( 'NONE', #2442, .T. ) ;
#1762 = DIRECTION ( 'NONE',  ( -0.8660254037844407060, 0.4999999999999965028, 0.000000000000000000 ) ) ;
#1763 = CARTESIAN_POINT ( 'NONE',  ( -35.65095264191651836, 33.74999999999986500, 0.4000000000000000222 ) ) ;
#1764 = CARTESIAN_POINT ( 'NONE',  ( 9.815381056766575796, 0.000000000000000000, -0.4000000000000000222 ) ) ;
#1765 = VERTEX_POINT ( 'NONE', #3204 ) ;
#1766 = ORIENTED_EDGE ( 'NONE', *, *, #5444, .T. ) ;
#1767 = AXIS2_PLACEMENT_3D ( 'NONE', #1112, #5456, #1994 ) ;
#1769 = EDGE_LOOP ( 'NONE', ( #3120, #3198, #4358, #7912 ) ) ;
#1768 = ORIENTED_EDGE ( 'NONE', *, *, #8304, .T. ) ;
#1770 = ORIENTED_EDGE ( 'NONE', *, *, #5198, .T. ) ;
#1771 = ORIENTED_EDGE ( 'NONE', *, *, #4034, .T. ) ;
#1772 = DIRECTION ( 'NONE',  ( -0.000000000000000000, -0.000000000000000000, 1.000000000000000000 ) ) ;
#1773 = LINE ( 'NONE', #3809, #1602 ) ;
#1774 = ADVANCED_FACE ( 'NONE', ( #4625 ), #1917, .T. ) ;
#1775 = FACE_BOUND ( 'NONE', #845, .T. ) ;
#1776 = ORIENTED_EDGE ( 'NONE', *, *, #5934, .T. ) ;
#1777 = ADVANCED_FACE ( 'NONE', ( #2577 ), #3249, .T. ) ;
#1778 = DIRECTION ( 'NONE',  ( 1.000000000000000000, 0.000000000000000000, 0.000000000000000000 ) ) ;
#1779 = EDGE_CURVE ( 'NONE', #8563, #5358, #8042, .T. ) ;
#1780 = EDGE_LOOP ( 'NONE', ( #8266, #6293, #4228, #2126, #1935, #2583, #1668, #6162, #4427, #2370, #675, #7980, #4716, #8249 ) ) ;
#1781 = EDGE_LOOP ( 'NONE', ( #3047, #3593, #5469, #5467 ) ) ;
#1782 = ORIENTED_EDGE ( 'NONE', *, *, #3814, .T. ) ;
#1783 = CARTESIAN_POINT ( 'NONE',  ( 29.15576211353317859, -7.499999999999944045, 0.4000000000000000222 ) ) ;
#1784 = FACE_OUTER_BOUND ( 'NONE', #6873, .T. ) ;
#1785 = DIRECTION ( 'NONE',  ( 0.4999999999999968359, 0.8660254037844404840, 0.000000000000000000 ) ) ;
#1786 = DIRECTION ( 'NONE',  ( -0.4999999999999965583, -0.8660254037844407060, -0.000000000000000000 ) ) ;
#1787 = VECTOR ( 'NONE', #6719, 1000.000000000000000 ) ;
#1788 = CARTESIAN_POINT ( 'NONE',  ( 29.15576211353317859, 2.775557561562891351E-14, -0.4000000000000000222 ) ) ;
#1789 = EDGE_CURVE ( 'NONE', #455, #246, #5248, .T. ) ;
#1790 = VECTOR ( 'NONE', #8221, 1000.000000000000000 ) ;
#1791 = ORIENTED_EDGE ( 'NONE', *, *, #702, .F. ) ;
#1792 = LINE ( 'NONE', #7327, #164 ) ;
#1793 = VECTOR ( 'NONE', #3601, 1000.000000000000000 ) ;
#1794 = LINE ( 'NONE', #2940, #4483 ) ;
#1795 = ORIENTED_EDGE ( 'NONE', *, *, #48, .F. ) ;
#1796 = VECTOR ( 'NONE', #6245, 1000.000000000000000 ) ;
#1797 = VERTEX_POINT ( 'NONE', #7950 ) ;
#1798 = DIRECTION ( 'NONE',  ( -1.000000000000000000, 0.000000000000000000, 0.000000000000000000 ) ) ;
#1799 = DIRECTION ( 'NONE',  ( 0.000000000000000000, 0.000000000000000000, -1.000000000000000000 ) ) ;
#1800 = CARTESIAN_POINT ( 'NONE',  ( 34.06345264191648425, 31.00036934298429259, -0.4000000000000000222 ) ) ;
#1801 = CARTESIAN_POINT ( 'NONE',  ( 8.082690528383295714, -43.99963065701541609, -0.4000000000000000222 ) ) ;
#1802 = EDGE_CURVE ( 'NONE', #8651, #1499, #1874, .T. ) ;
#1803 = EDGE_CURVE ( 'NONE', #4919, #7021, #3288, .T. ) ;
#1804 = CARTESIAN_POINT ( 'NONE',  ( 14.57788105676656443, 40.24963065701546583, -0.4000000000000000222 ) ) ;
#1805 = CARTESIAN_POINT ( 'NONE',  ( -37.56758380258163754, 49.00000000000001421, 1.064392434080412286 ) ) ;
#1806 = ORIENTED_EDGE ( 'NONE', *, *, #7163, .F. ) ;
#1807 = CARTESIAN_POINT ( 'NONE',  ( -9.670190528383312056, -41.24999999999985079, 0.4000000000000000222 ) ) ;
#1808 = EDGE_LOOP ( 'NONE', ( #4554, #6413, #6868, #4567 ) ) ;
#1809 = DIRECTION ( 'NONE',  ( 0.8660254037844404840, -0.4999999999999968359, 0.000000000000000000 ) ) ;
#1810 = DIRECTION ( 'NONE',  ( 0.4999999999999968359, 0.8660254037844404840, 0.000000000000000000 ) ) ;
#1811 = PLANE ( 'NONE',  #991 ) ;
#1812 = EDGE_CURVE ( 'NONE', #2031, #724, #4493, .T. ) ;
#1813 = DIRECTION ( 'NONE',  ( -0.000000000000000000, -0.000000000000000000, 1.000000000000000000 ) ) ;
#1814 = ADVANCED_FACE ( 'NONE', ( #6795 ), #6082, .T. ) ;
#1815 = DIRECTION ( 'NONE',  ( 0.8660254037844404840, -0.4999999999999968359, 0.000000000000000000 ) ) ;
#1817 = ORIENTED_EDGE ( 'NONE', *, *, #6199, .T. ) ;
#1816 = ORIENTED_EDGE ( 'NONE', *, *, #821, .T. ) ;
#1818 = VERTEX_POINT ( 'NONE', #6878 ) ;
#1819 = VERTEX_POINT ( 'NONE', #3458 ) ;
#1820 = LINE ( 'NONE', #3855, #3168 ) ;
#1821 = PLANE ( 'NONE',  #489 ) ;
#1822 = DIRECTION ( 'NONE',  ( 0.000000000000000000, 0.000000000000000000, -1.000000000000000000 ) ) ;
#1823 = VERTEX_POINT ( 'NONE', #720 ) ;
#1824 = VECTOR ( 'NONE', #7653, 1000.000000000000000 ) ;
#1825 = DIRECTION ( 'NONE',  ( 1.000000000000000000, 3.663735981263016583E-15, 0.000000000000000000 ) ) ;
#1826 = ORIENTED_EDGE ( 'NONE', *, *, #1802, .T. ) ;
#1827 = EDGE_LOOP ( 'NONE', ( #4930, #1859, #2703, #4813 ) ) ;
#1828 = ORIENTED_EDGE ( 'NONE', *, *, #6385, .T. ) ;
#1829 = DIRECTION ( 'NONE',  ( -0.4999999999999965583, -0.8660254037844407060, -0.000000000000000000 ) ) ;
#1830 = CARTESIAN_POINT ( 'NONE',  ( -14.57788105676659995, -40.24963065701545162, -0.4000000000000000222 ) ) ;
#1831 = AXIS2_PLACEMENT_3D ( 'NONE', #8012, #3971, #7603 ) ;
#1832 = DIRECTION ( 'NONE',  ( -0.5000000000000029976, 0.8660254037844369313, -0.000000000000000000 ) ) ;
#1833 = CARTESIAN_POINT ( 'NONE',  ( -1.731624327025889976, 39.99999999999999289, -0.4000000000000000222 ) ) ;
#1834 = ORIENTED_EDGE ( 'NONE', *, *, #1394, .T. ) ;
#1835 = VECTOR ( 'NONE', #855, 1000.000000000000000 ) ;
#1836 = FACE_OUTER_BOUND ( 'NONE', #7399, .T. ) ;
#1837 = ORIENTED_EDGE ( 'NONE', *, *, #5299, .T. ) ;
#1838 = ORIENTED_EDGE ( 'NONE', *, *, #8029, .T. ) ;
#1839 = DIRECTION ( 'NONE',  ( -1.000000000000000000, 0.000000000000000000, 0.000000000000000000 ) ) ;
#1840 = LINE ( 'NONE', #2629, #4436 ) ;
#1841 = CARTESIAN_POINT ( 'NONE',  ( -14.57788105676663015, 2.749630657015590618, 0.4000000000000000222 ) ) ;
#1842 = CARTESIAN_POINT ( 'NONE',  ( 1.587499999999963940, 40.24963065701546583, 0.4000000000000000222 ) ) ;
#1843 = DIRECTION ( 'NONE',  ( -0.000000000000000000, -0.000000000000000000, 1.000000000000000000 ) ) ;
#1844 = VECTOR ( 'NONE', #5227, 1000.000000000000000 ) ;
#1845 = DIRECTION ( 'NONE',  ( 0.8660254037844369313, 0.5000000000000029976, 0.000000000000000000 ) ) ;
#1846 = ORIENTED_EDGE ( 'NONE', *, *, #8516, .F. ) ;
#1847 = DIRECTION ( 'NONE',  ( -0.000000000000000000, -0.000000000000000000, 1.000000000000000000 ) ) ;
#1848 = EDGE_LOOP ( 'NONE', ( #5802, #4193, #2158, #6701 ) ) ;
#1849 = CARTESIAN_POINT ( 'NONE',  ( -21.07307158514992906, 43.99963065701542320, -0.4000000000000000222 ) ) ;
#1850 = CARTESIAN_POINT ( 'NONE',  ( -21.07307158514992906, 43.99963065701542320, -0.4000000000000000222 ) ) ;
#1851 = B_SPLINE_CURVE_WITH_KNOTS ( 'NONE', 3,
 ( #6294, #3671, #223, #3056, #5761, #2883, #2214, #8463, #5098, #7802, #4431, #7135, #1060, #2253, #4964, #5592 ),
 .UNSPECIFIED., .F., .F.,
 ( 4, 2, 2, 2, 2, 2, 2, 4 ),
 ( 0.000000000000000000, 0.001630705997523201499, 0.002446058996284812548, 0.002853735495665617964, 0.003261411995046423380, 0.004076764993808013396, 0.004892117992569603412, 0.006522823990092762626 ),
 .UNSPECIFIED. ) ;
#1852 = CARTESIAN_POINT ( 'NONE',  ( -30.88845264191650486, -6.499630657015566193, -0.4000000000000000222 ) ) ;
#1853 = ADVANCED_FACE ( 'NONE', ( #7536 ), #2795, .T. ) ;
#1854 = DIRECTION ( 'NONE',  ( 0.000000000000000000, 0.000000000000000000, -1.000000000000000000 ) ) ;
#1855 = CARTESIAN_POINT ( 'NONE',  ( 3.174999999999990496, 1.387778780781445676E-14, -0.4000000000000000222 ) ) ;
#1857 = ORIENTED_EDGE ( 'NONE', *, *, #8032, .F. ) ;
#1856 = ORIENTED_EDGE ( 'NONE', *, *, #8192, .T. ) ;
#1858 = VECTOR ( 'NONE', #7116, 1000.000000000000000 ) ;
#1859 = ORIENTED_EDGE ( 'NONE', *, *, #5444, .F. ) ;
#1860 = ORIENTED_EDGE ( 'NONE', *, *, #2312, .T. ) ;
#1861 = DIRECTION ( 'NONE',  ( -0.5000000000000029976, 0.8660254037844369313, -0.000000000000000000 ) ) ;
#1862 = ADVANCED_FACE ( 'NONE', ( #2044 ), #3415, .T. ) ;
#1863 = VECTOR ( 'NONE', #3474, 1000.000000000000000 ) ;
#1864 = CARTESIAN_POINT ( 'NONE',  ( 38.10000000000000142, 45.79999999999999005, -0.3499999999999957034 ) ) ;
#1865 = ORIENTED_EDGE ( 'NONE', *, *, #2984, .F. ) ;
#1866 = LINE ( 'NONE', #3195, #501 ) ;
#1867 = ADVANCED_FACE ( 'NONE', ( #7406 ), #2131, .T. ) ;
#1868 = ORIENTED_EDGE ( 'NONE', *, *, #5696, .F. ) ;
#1869 = ORIENTED_EDGE ( 'NONE', *, *, #8506, .T. ) ;
#1870 = ORIENTED_EDGE ( 'NONE', *, *, #6623, .F. ) ;
#1871 = LINE ( 'NONE', #1250, #829 ) ;
#1872 = DIRECTION ( 'NONE',  ( -0.000000000000000000, -0.000000000000000000, 1.000000000000000000 ) ) ;
#1873 = ADVANCED_BREP_SHAPE_REPRESENTATION ( 'X.Y', ( #6630, #2174 ), #1189 ) ;
#1874 = LINE ( 'NONE', #594, #5475 ) ;
#1875 = DIRECTION ( 'NONE',  ( 0.8660254037844369313, 0.5000000000000029976, 0.000000000000000000 ) ) ;
#1876 = LINE ( 'NONE', #8527, #5398 ) ;
#1877 = ORIENTED_EDGE ( 'NONE', *, *, #4754, .F. ) ;
#1878 = ORIENTED_EDGE ( 'NONE', *, *, #4921, .T. ) ;
#1879 = LINE ( 'NONE', #8088, #1688 ) ;
#1880 = VECTOR ( 'NONE', #235, 1000.000000000000000 ) ;
#1881 = LINE ( 'NONE', #6632, #4586 ) ;
#1882 = DIRECTION ( 'NONE',  ( -0.4999999999999965583, -0.8660254037844407060, -0.000000000000000000 ) ) ;
#1883 = VECTOR ( 'NONE', #2894, 1000.000000000000000 ) ;
#1884 = EDGE_CURVE ( 'NONE', #5105, #7831, #6125, .T. ) ;
#1885 = DIRECTION ( 'NONE',  ( 1.000000000000000000, 3.663735981263016583E-15, 0.000000000000000000 ) ) ;
#1886 = VECTOR ( 'NONE', #334, 1000.000000000000000 ) ;
#1887 = EDGE_CURVE ( 'NONE', #3816, #1174, #4882, .T. ) ;
#1888 = CARTESIAN_POINT ( 'NONE',  ( -27.25036934298440627, -4.750369342984377852, -0.4000000000000000222 ) ) ;
#1889 = CARTESIAN_POINT ( 'NONE',  ( 41.29999999999999005, 49.00000000000000000, 0.4000000000000000222 ) ) ;
#1891 = ORIENTED_EDGE ( 'NONE', *, *, #7625, .F. ) ;
#1890 = EDGE_CURVE ( 'NONE', #1747, #5034, #5509, .T. ) ;
#1892 = PLANE ( 'NONE',  #7345 ) ;
#1893 = ORIENTED_EDGE ( 'NONE', *, *, #2518, .T. ) ;
#1894 = DIRECTION ( 'NONE',  ( 0.000000000000000000, 0.000000000000000000, 1.000000000000000000 ) ) ;
#1895 = CYLINDRICAL_SURFACE ( 'NONE', #3375, 1.599999999999997202 ) ;
#1896 = CARTESIAN_POINT ( 'NONE',  ( -41.30000000000001137, -43.15265376142519216, 0.3999999999998966604 ) ) ;
#1897 = PLANE ( 'NONE',  #3833 ) ;
#1898 = EDGE_CURVE ( 'NONE', #6967, #2031, #8212, .T. ) ;
#1899 = EDGE_CURVE ( 'NONE', #7831, #2782, #2709, .T. ) ;
#1900 = CARTESIAN_POINT ( 'NONE',  ( -8.948502691896287331, -2.499999999999980904, -0.4000000000000000222 ) ) ;
#1902 = ORIENTED_EDGE ( 'NONE', *, *, #7936, .T. ) ;
#1901 = ORIENTED_EDGE ( 'NONE', *, *, #5805, .F. ) ;
#1903 = ORIENTED_EDGE ( 'NONE', *, *, #6608, .F. ) ;
#1904 = ORIENTED_EDGE ( 'NONE', *, *, #1334, .T. ) ;
#1905 = LINE ( 'NONE', #8116, #2079 ) ;
#1906 = DIRECTION ( 'NONE',  ( -0.000000000000000000, -0.000000000000000000, 1.000000000000000000 ) ) ;
#1907 = ORIENTED_EDGE ( 'NONE', *, *, #2312, .F. ) ;
#1908 = VECTOR ( 'NONE', #894, 1000.000000000000114 ) ;
#1909 = ADVANCED_FACE ( 'NONE', ( #805 ), #4712, .T. ) ;
#1910 = DIRECTION ( 'NONE',  ( 1.000000000000000000, 0.000000000000000000, 0.000000000000000000 ) ) ;
#1911 = ORIENTED_EDGE ( 'NONE', *, *, #6032, .F. ) ;
#1912 = ORIENTED_EDGE ( 'NONE', *, *, #5596, .T. ) ;
#1913 = ORIENTED_EDGE ( 'NONE', *, *, #8274, .T. ) ;
#1914 = LINE ( 'NONE', #3818, #7354 ) ;
#1915 = DIRECTION ( 'NONE',  ( 0.000000000000000000, 0.000000000000000000, 1.000000000000000000 ) ) ;
#1916 = AXIS2_PLACEMENT_3D ( 'NONE', #4415, #1046, #3881 ) ;
#1917 = PLANE ( 'NONE',  #5900 ) ;
#1918 = PLANE ( 'NONE',  #615 ) ;
#1919 = ADVANCED_FACE ( 'NONE', ( #2752 ), #3542, .T. ) ;
#1920 = VECTOR ( 'NONE', #1915, 1000.000000000000000 ) ;
#1921 = CARTESIAN_POINT ( 'NONE',  ( 21.93888374866292068, -39.99999999999993605, 0.4000000000000000222 ) ) ;
#1922 = ORIENTED_EDGE ( 'NONE', *, *, #751, .F. ) ;
#1923 = ORIENTED_EDGE ( 'NONE', *, *, #1965, .T. ) ;
#1924 = DIRECTION ( 'NONE',  ( 0.000000000000000000, 0.000000000000000000, 1.000000000000000000 ) ) ;
#1925 = CARTESIAN_POINT ( 'NONE',  ( 25.00000000000000000, 39.99999999999999289, -0.4000000000000000222 ) ) ;
#1926 = DIRECTION ( 'NONE',  ( -0.4999999999999965583, -0.8660254037844407060, -0.000000000000000000 ) ) ;
#1927 = AXIS2_PLACEMENT_3D ( 'NONE', #1463, #8083, #4127 ) ;
#1928 = DIRECTION ( 'NONE',  ( -0.4999999999999965583, -0.8660254037844407060, -0.000000000000000000 ) ) ;
#1929 = ORIENTED_EDGE ( 'NONE', *, *, #4680, .F. ) ;
#1930 = VECTOR ( 'NONE', #6512, 1000.000000000000000 ) ;
#1931 = DIRECTION ( 'NONE',  ( 0.7071067811865463515, 0.7071067811865487940, -0.000000000000000000 ) ) ;
#1932 = CARTESIAN_POINT ( 'NONE',  ( 29.30095264191647075, -41.24999999999983658, -0.4000000000000000222 ) ) ;
#1933 = CARTESIAN_POINT ( 'NONE',  ( 34.06345264191645583, 43.99963065701543741, 0.4041955794042770833 ) ) ;
#1934 = AXIS2_PLACEMENT_3D ( 'NONE', #2996, #1760, #3701 ) ;
#1935 = ORIENTED_EDGE ( 'NONE', *, *, #4085, .T. ) ;
#1936 = LINE ( 'NONE', #4511, #322 ) ;
#1937 = DIRECTION ( 'NONE',  ( 1.000000000000000000, 0.000000000000000000, 0.000000000000000000 ) ) ;
#1938 = CARTESIAN_POINT ( 'NONE',  ( -8.082690528383313477, 1.000369342984391841, 0.4000000000000000222 ) ) ;
#1939 = VECTOR ( 'NONE', #4290, 1000.000000000000000 ) ;
#1940 = EDGE_CURVE ( 'NONE', #5057, #5557, #143, .T. ) ;
#1941 = DIRECTION ( 'NONE',  ( -0.4999999999999965583, -0.8660254037844407060, -0.000000000000000000 ) ) ;
#1942 = EDGE_CURVE ( 'NONE', #7659, #3243, #8744, .T. ) ;
#1943 = VECTOR ( 'NONE', #152, 1000.000000000000000 ) ;
#1944 = DIRECTION ( 'NONE',  ( 0.4999999999999968359, 0.8660254037844404840, 0.000000000000000000 ) ) ;
#1946 = VERTEX_POINT ( 'NONE', #4043 ) ;
#1945 = ORIENTED_EDGE ( 'NONE', *, *, #5442, .T. ) ;
#1947 = VERTEX_POINT ( 'NONE', #6750 ) ;
#1948 = ORIENTED_EDGE ( 'NONE', *, *, #7769, .T. ) ;
#1949 = DIRECTION ( 'NONE',  ( -0.5000000000000029976, 0.8660254037844369313, -0.000000000000000000 ) ) ;
#1950 = CARTESIAN_POINT ( 'NONE',  ( -37.49999999999998579, -39.99999999999993605, 0.6000000000000000888 ) ) ;
#1951 = ORIENTED_EDGE ( 'NONE', *, *, #6776, .T. ) ;
#1952 = ADVANCED_FACE ( 'NONE', ( #6833 ), #677, .T. ) ;
#1953 = CARTESIAN_POINT ( 'NONE',  ( -35.65095264191651836, 33.74999999999986500, -0.4000000000000000222 ) ) ;
#1954 = VERTEX_POINT ( 'NONE', #6170 ) ;
#1955 = VERTEX_POINT ( 'NONE', #7710 ) ;
#1956 = ORIENTED_EDGE ( 'NONE', *, *, #6051, .T. ) ;
#1957 = CARTESIAN_POINT ( 'NONE',  ( 16.31057158514986938, 3.749999999999982681, 0.4000000000000000222 ) ) ;
#1958 = LINE ( 'NONE', #8656, #5191 ) ;
#1959 = VECTOR ( 'NONE', #2514, 1000.000000000000000 ) ;
#1960 = DIRECTION ( 'NONE',  ( -1.000000000000000000, -3.330669073875469621E-15, -0.000000000000000000 ) ) ;
#1961 = EDGE_CURVE ( 'NONE', #5320, #6840, #6336, .T. ) ;
#1962 = LINE ( 'NONE', #7365, #5014 ) ;
#1963 = VECTOR ( 'NONE', #2867, 1000.000000000000000 ) ;
#1964 = VERTEX_POINT ( 'NONE', #4303 ) ;
#1965 = EDGE_CURVE ( 'NONE', #1127, #1069, #890, .T. ) ;
#1966 = ORIENTED_EDGE ( 'NONE', *, *, #6395, .F. ) ;
#1967 = DIRECTION ( 'NONE',  ( 3.663735981263016583E-15, -1.000000000000000000, 0.000000000000000000 ) ) ;
#1968 = EDGE_CURVE ( 'NONE', #118, #8518, #183, .T. ) ;
#1969 = LINE ( 'NONE', #7418, #2300 ) ;
#1970 = CARTESIAN_POINT ( 'NONE',  ( 35.65095264191646862, -3.749999999999954703, -0.4000000000000000222 ) ) ;
#1971 = VECTOR ( 'NONE', #2350, 1000.000000000000000 ) ;
#1972 = DIRECTION ( 'NONE',  ( -0.000000000000000000, -0.000000000000000000, 1.000000000000000000 ) ) ;
#1973 = VERTEX_POINT ( 'NONE', #7003 ) ;
#1974 = CARTESIAN_POINT ( 'NONE',  ( 21.93888374866292068, -39.99999999999993605, -0.4000000000000000222 ) ) ;
#1975 = DIRECTION ( 'NONE',  ( -0.000000000000000000, -0.000000000000000000, 1.000000000000000000 ) ) ;
#1976 = DIRECTION ( 'NONE',  ( 0.000000000000000000, 0.000000000000000000, 1.000000000000000000 ) ) ;
#1977 = EDGE_LOOP ( 'NONE', ( #349, #5626, #3372 ) ) ;
#1978 = DIRECTION ( 'NONE',  ( -1.000000000000000000, 0.000000000000000000, -0.000000000000000000 ) ) ;
#1979 = CARTESIAN_POINT ( 'NONE',  ( 0.000000000000000000, 39.99999999999999289, 0.4000000000000000222 ) ) ;
#1980 = DIRECTION ( 'NONE',  ( -1.000000000000000000, 0.000000000000000000, 0.000000000000000000 ) ) ;
#1981 = FACE_OUTER_BOUND ( 'NONE', #4944, .T. ) ;
#1982 = DIRECTION ( 'NONE',  ( 1.000000000000000000, 0.000000000000000000, 0.000000000000000000 ) ) ;
#1983 = EDGE_CURVE ( 'NONE', #6913, #7713, #7623, .T. ) ;
#1984 = CARTESIAN_POINT ( 'NONE',  ( -21.07307158514992906, -1.000369342984391841, 0.4000000000000000222 ) ) ;
#1985 = VERTEX_POINT ( 'NONE', #2924 ) ;
#1986 = EDGE_LOOP ( 'NONE', ( #1196, #8768, #8123, #1594, #1828 ) ) ;
#1987 = ORIENTED_EDGE ( 'NONE', *, *, #4680, .T. ) ;
#1988 = LINE ( 'NONE', #6784, #7028 ) ;
#1989 = EDGE_CURVE ( 'NONE', #6339, #7682, #5714, .T. ) ;
#1990 = CARTESIAN_POINT ( 'NONE',  ( -1.587500000000005684, -40.24963065701545162, 0.4000000000000000222 ) ) ;
#1991 = ORIENTED_EDGE ( 'NONE', *, *, #3781, .F. ) ;
#1992 = ADVANCED_FACE ( 'NONE', ( #6257 ), #4343, .T. ) ;
#1993 = VECTOR ( 'NONE', #3705, 1000.000000000000000 ) ;
#1994 = DIRECTION ( 'NONE',  ( 0.4999999999999968359, 0.8660254037844404840, 0.000000000000000000 ) ) ;
#1995 = ORIENTED_EDGE ( 'NONE', *, *, #182, .T. ) ;
#1996 = VERTEX_POINT ( 'NONE', #8416 ) ;
#1997 = VERTEX_POINT ( 'NONE', #2342 ) ;
#1998 = DIRECTION ( 'NONE',  ( 0.000000000000000000, 0.000000000000000000, -1.000000000000000000 ) ) ;
#1999 = VECTOR ( 'NONE', #7639, 1000.000000000000000 ) ;
#2000 = CARTESIAN_POINT ( 'NONE',  ( 9.815381056766575796, 0.000000000000000000, -0.4000000000000000222 ) ) ;
#2001 = VECTOR ( 'NONE', #275, 1000.000000000000000 ) ;
#2002 = VECTOR ( 'NONE', #7918, 1000.000000000000000 ) ;
#2003 = LINE ( 'NONE', #2667, #184 ) ;
#2004 = ADVANCED_FACE ( 'NONE', ( #1548 ), #7753, .T. ) ;
#2005 = LINE ( 'NONE', #5512, #4171 ) ;
#2006 = ORIENTED_EDGE ( 'NONE', *, *, #4425, .F. ) ;
#2007 = EDGE_CURVE ( 'NONE', #197, #2844, #4387, .T. ) ;
#2008 = EDGE_LOOP ( 'NONE', ( #3849, #2564, #8424, #2233 ) ) ;
#2009 = DIRECTION ( 'NONE',  ( 1.000000000000000000, 0.000000000000000000, 0.000000000000000000 ) ) ;
#2010 = LINE ( 'NONE', #2505, #3718 ) ;
#2011 = DIRECTION ( 'NONE',  ( -0.4999999999999965028, -0.8660254037844407060, 0.000000000000000000 ) ) ;
#2012 = CARTESIAN_POINT ( 'NONE',  ( 27.71238644055906164, -39.99999999999993605, -0.4000000000000000222 ) ) ;
#2013 = CARTESIAN_POINT ( 'NONE',  ( 21.93888374866284252, -2.499999999999981348, -0.4000000000000000222 ) ) ;
#2014 = ORIENTED_EDGE ( 'NONE', *, *, #2043, .T. ) ;
#2015 = DIRECTION ( 'NONE',  ( 0.000000000000000000, 0.000000000000000000, 1.000000000000000000 ) ) ;
#2016 = FACE_OUTER_BOUND ( 'NONE', #4750, .T. ) ;
#2017 = EDGE_CURVE ( 'NONE', #7090, #2379, #3587, .T. ) ;
#2018 = CARTESIAN_POINT ( 'NONE',  ( -14.72200538379255974, -2.499999999999981348, -0.4000000000000000222 ) ) ;
#2019 = ORIENTED_EDGE ( 'NONE', *, *, #7284, .T. ) ;
#2020 = LINE ( 'NONE', #2064, #8099 ) ;
#2021 = DIRECTION ( 'NONE',  ( -0.5000000000000029976, 0.8660254037844369313, 0.000000000000000000 ) ) ;
#2022 = DIRECTION ( 'NONE',  ( 0.000000000000000000, 0.000000000000000000, -1.000000000000000000 ) ) ;
#2023 = VECTOR ( 'NONE', #7626, 1000.000000000000000 ) ;
#2024 = CARTESIAN_POINT ( 'NONE',  ( 16.16538105676657722, 2.775557561562891351E-14, -0.4000000000000000222 ) ) ;
#2025 = EDGE_CURVE ( 'NONE', #5988, #7360, #1015, .T. ) ;
#2026 = DIRECTION ( 'NONE',  ( 0.000000000000000000, 0.000000000000000000, -1.000000000000000000 ) ) ;
#2027 = AXIS2_PLACEMENT_3D ( 'NONE', #4614, #670, #2035 ) ;
#2028 = CARTESIAN_POINT ( 'NONE',  ( 30.88845264191648354, 31.00036934298427838, -0.4000000000000000222 ) ) ;
#2029 = VERTEX_POINT ( 'NONE', #7045 ) ;
#2030 = VECTOR ( 'NONE', #6449, 1000.000000000000000 ) ;
#2031 = VERTEX_POINT ( 'NONE', #973 ) ;
#2032 = ORIENTED_EDGE ( 'NONE', *, *, #5218, .T. ) ;
#2033 = FACE_OUTER_BOUND ( 'NONE', #8500, .T. ) ;
#2034 = VECTOR ( 'NONE', #8602, 1000.000000000000114 ) ;
#2035 = DIRECTION ( 'NONE',  ( -1.000000000000000000, 0.000000000000000000, -0.000000000000000000 ) ) ;
#2036 = VERTEX_POINT ( 'NONE', #3713 ) ;
#2037 = VECTOR ( 'NONE', #5159, 1000.000000000000000 ) ;
#2038 = CARTESIAN_POINT ( 'NONE',  ( 0.000000000000000000, 2.500000000000024869, 0.4000000000000000222 ) ) ;
#2039 = ORIENTED_EDGE ( 'NONE', *, *, #3527, .F. ) ;
#2040 = ORIENTED_EDGE ( 'NONE', *, *, #712, .F. ) ;
#2041 = VERTEX_POINT ( 'NONE', #6428 ) ;
#2042 = DIRECTION ( 'NONE',  ( -0.4999999999999965583, -0.8660254037844407060, -0.000000000000000000 ) ) ;
#2043 = EDGE_CURVE ( 'NONE', #7319, #3069, #1851, .T. ) ;
#2044 = FACE_OUTER_BOUND ( 'NONE', #7935, .T. ) ;
#2045 = ADVANCED_FACE ( 'NONE', ( #4926 ), #7666, .T. ) ;
#2046 = CARTESIAN_POINT ( 'NONE',  ( 38.10000000000000142, 45.79999999999999005, 0.3999999999999999667 ) ) ;
#2047 = EDGE_CURVE ( 'NONE', #5620, #1195, #1155, .T. ) ;
#2048 = CARTESIAN_POINT ( 'NONE',  ( 9.670190528383276529, -3.749999999999961808, 0.4000000000000000222 ) ) ;
#2049 = VECTOR ( 'NONE', #6085, 1000.000000000000000 ) ;
#2050 = ORIENTED_EDGE ( 'NONE', *, *, #1044, .F. ) ;
#2051 = ORIENTED_EDGE ( 'NONE', *, *, #8584, .F. ) ;
#2052 = ORIENTED_EDGE ( 'NONE', *, *, #7990, .T. ) ;
#2053 = DIRECTION ( 'NONE',  ( -1.000000000000000000, 0.000000000000000000, 0.000000000000000000 ) ) ;
#2054 = DIRECTION ( 'NONE',  ( 0.5000000000000032196, -0.8660254037844368202, 0.000000000000000000 ) ) ;
#2055 = CARTESIAN_POINT ( 'NONE',  ( 8.082690528383288608, 1.000369342984412713, -0.4000000000000000222 ) ) ;
#2056 = PRODUCT_RELATED_PRODUCT_CATEGORY ( 'part', '', ( #4561 ) ) ;
#2057 = EDGE_CURVE ( 'NONE', #358, #8423, #1461, .T. ) ;
#2058 = DIRECTION ( 'NONE',  ( -1.000000000000000000, 0.000000000000000000, 0.000000000000000000 ) ) ;
#2059 = ORIENTED_EDGE ( 'NONE', *, *, #5109, .F. ) ;
#2060 = LINE ( 'NONE', #7465, #3414 ) ;
#2061 = CARTESIAN_POINT ( 'NONE',  ( -21.07307158514991130, 1.000369342984391841, 0.4000000000000000222 ) ) ;
#2062 = LINE ( 'NONE', #4278, #4381 ) ;
#2063 = VERTEX_POINT ( 'NONE', #2437 ) ;
#2064 = CARTESIAN_POINT ( 'NONE',  ( 3.174999999999976286, 37.49999999999987921, 0.4000000000000000222 ) ) ;
#2065 = LINE ( 'NONE', #4777, #7618 ) ;
#2066 = FACE_OUTER_BOUND ( 'NONE', #3959, .T. ) ;
#2067 = CARTESIAN_POINT ( 'NONE',  ( 0.000000000000000000, 2.500000000000024869, 0.4000000000000000222 ) ) ;
#2068 = CIRCLE ( 'NONE', #2776, 4.535640646055099090 ) ;
#2069 = EDGE_CURVE ( 'NONE', #7151, #7770, #7183, .T. ) ;
#2070 = DIRECTION ( 'NONE',  ( -0.5000000000000029976, 0.8660254037844369313, 0.000000000000000000 ) ) ;
#2071 = EDGE_CURVE ( 'NONE', #2714, #8560, #701, .T. ) ;
#2072 = AXIS2_PLACEMENT_3D ( 'NONE', #2536, #1253, #2622 ) ;
#2073 = CARTESIAN_POINT ( 'NONE',  ( -8.082690528383333017, -1.000369342984398724, -0.4000000000000000222 ) ) ;
#2074 = CARTESIAN_POINT ( 'NONE',  ( 30.88845264191646223, 43.99963065701542320, -0.4000000000000000222 ) ) ;
#2075 = ORIENTED_EDGE ( 'NONE', *, *, #1027, .T. ) ;
#2076 = VECTOR ( 'NONE', #3688, 1000.000000000000000 ) ;
#2077 = VERTEX_POINT ( 'NONE', #7388 ) ;
#2078 = VERTEX_POINT ( 'NONE', #5353 ) ;
#2079 = VECTOR ( 'NONE', #6695, 1000.000000000000114 ) ;
#2080 = CARTESIAN_POINT ( 'NONE',  ( 8.082690528383263739, -1.000369342984377852, 0.4000000000000000222 ) ) ;
#2081 = EDGE_CURVE ( 'NONE', #2129, #3572, #6019, .T. ) ;
#2082 = DIRECTION ( 'NONE',  ( -1.000000000000000000, -3.330669073875469621E-15, -0.000000000000000000 ) ) ;
#2083 = EDGE_CURVE ( 'NONE', #6390, #8696, #8147, .T. ) ;
#2084 = CARTESIAN_POINT ( 'NONE',  ( 30.88845264191648354, -43.99963065701541609, -0.4000000000000000222 ) ) ;
#2085 = ORIENTED_EDGE ( 'NONE', *, *, #5728, .F. ) ;
#2086 = PLANE ( 'NONE',  #917 ) ;
#2087 = VERTEX_POINT ( 'NONE', #3102 ) ;
#2088 = ORIENTED_EDGE ( 'NONE', *, *, #4542, .T. ) ;
#2089 = CARTESIAN_POINT ( 'NONE',  ( -37.50000000000000000, 27.50000000000002487, 0.6000000000000000888 ) ) ;
#2090 = DIRECTION ( 'NONE',  ( -3.330669073875469621E-15, 1.000000000000000000, 0.000000000000000000 ) ) ;
#2091 = DIRECTION ( 'NONE',  ( 0.5000000000000032196, -0.8660254037844368202, 0.000000000000000000 ) ) ;
#2092 = DIRECTION ( 'NONE',  ( -0.5000000000000029976, 0.8660254037844369313, -0.000000000000000000 ) ) ;
#2093 = VECTOR ( 'NONE', #871, 1000.000000000000114 ) ;
#2094 = EDGE_LOOP ( 'NONE', ( #6939, #3837, #5719, #896, #5271, #7040 ) ) ;
#2095 = VERTEX_POINT ( 'NONE', #5394 ) ;
#2096 = ORIENTED_EDGE ( 'NONE', *, *, #8176, .F. ) ;
#2097 = LINE ( 'NONE', #3552, #4095 ) ;
#2098 = DIRECTION ( 'NONE',  ( -0.000000000000000000, -0.000000000000000000, 1.000000000000000000 ) ) ;
#2099 = CARTESIAN_POINT ( 'NONE',  ( 35.65095264191646862, -11.24999999999992717, 0.4000000000000000222 ) ) ;
#2100 = CARTESIAN_POINT ( 'NONE',  ( 35.65095264191646862, -3.749999999999954703, 0.4000000000000000222 ) ) ;
#2101 = ORIENTED_EDGE ( 'NONE', *, *, #4298, .F. ) ;
#2102 = VECTOR ( 'NONE', #484, 1000.000000000000000 ) ;
#2103 = DIRECTION ( 'NONE',  ( 0.000000000000000000, 0.000000000000000000, -1.000000000000000000 ) ) ;
#2104 = DIRECTION ( 'NONE',  ( 0.8660254037844404840, -0.4999999999999968359, 0.000000000000000000 ) ) ;
#2105 = ORIENTED_EDGE ( 'NONE', *, *, #679, .F. ) ;
#2106 = DIRECTION ( 'NONE',  ( -0.5000000000000029976, 0.8660254037844369313, -0.000000000000000000 ) ) ;
#2107 = ORIENTED_EDGE ( 'NONE', *, *, #644, .T. ) ;
#2108 = DIRECTION ( 'NONE',  ( 0.000000000000000000, 0.000000000000000000, 1.000000000000000000 ) ) ;
#2109 = DIRECTION ( 'NONE',  ( 0.8660254037844369313, 0.5000000000000029976, 0.000000000000000000 ) ) ;
#2110 = DIRECTION ( 'NONE',  ( -0.000000000000000000, -0.000000000000000000, 1.000000000000000000 ) ) ;
#2111 = STYLED_ITEM ( 'NONE', ( #5082 ), #6630 ) ;
#2112 = DIRECTION ( 'NONE',  ( -0.5000000000000029976, 0.8660254037844369313, -0.000000000000000000 ) ) ;
#2113 = DIRECTION ( 'NONE',  ( 1.000000000000000000, 0.000000000000000000, 0.000000000000000000 ) ) ;
#2114 = CARTESIAN_POINT ( 'NONE',  ( -29.30095264191651694, -3.749999999999968470, -0.4000000000000000222 ) ) ;
#2115 = VECTOR ( 'NONE', #1839, 1000.000000000000000 ) ;
#2116 = CARTESIAN_POINT ( 'NONE',  ( 22.66057158514987080, -3.749999999999961808, -0.4000000000000000222 ) ) ;
#2117 = EDGE_CURVE ( 'NONE', #3961, #7794, #2687, .T. ) ;
#2118 = ORIENTED_EDGE ( 'NONE', *, *, #217, .F. ) ;
#2119 = CARTESIAN_POINT ( 'NONE',  ( 17.03225942163690476, -2.499999999999980904, -0.4000000000000000222 ) ) ;
#2120 = LINE ( 'NONE', #173, #3797 ) ;
#2121 = ADVANCED_FACE ( 'NONE', ( #451 ), #8110, .T. ) ;
#2122 = CARTESIAN_POINT ( 'NONE',  ( -4.907690528383311879, 1.000369342984405829, -0.4000000000000000222 ) ) ;
#2123 = LINE ( 'NONE', #1582, #7541 ) ;
#2124 = EDGE_LOOP ( 'NONE', ( #8573, #6027, #7082, #1020 ) ) ;
#2125 = CARTESIAN_POINT ( 'NONE',  ( 8.082690528383263739, 43.99963065701543741, -0.4000000000000000222 ) ) ;
#2126 = ORIENTED_EDGE ( 'NONE', *, *, #975, .T. ) ;
#2127 = VERTEX_POINT ( 'NONE', #2736 ) ;
#2128 = EDGE_CURVE ( 'NONE', #2170, #358, #5192, .T. ) ;
#2129 = VERTEX_POINT ( 'NONE', #4779 ) ;
#2130 = CARTESIAN_POINT ( 'NONE',  ( -34.88565153255794371, -49.00000000000000000, 0.3999999999999999667 ) ) ;
#2131 = PLANE ( 'NONE',  #6881 ) ;
#2132 = CARTESIAN_POINT ( 'NONE',  ( -3.320190528383309747, -41.24999999999982236, -0.4000000000000000222 ) ) ;
#2133 = VECTOR ( 'NONE', #6600, 1000.000000000000000 ) ;
#2134 = EDGE_CURVE ( 'NONE', #2875, #3700, #5441, .T. ) ;
#2135 = CARTESIAN_POINT ( 'NONE',  ( -34.06345264191650557, 31.00036934298427838, 0.4000000000000000222 ) ) ;
#2136 = ORIENTED_EDGE ( 'NONE', *, *, #4338, .T. ) ;
#2137 = ORIENTED_EDGE ( 'NONE', *, *, #3611, .T. ) ;
#2138 = ORIENTED_EDGE ( 'NONE', *, *, #1812, .T. ) ;
#2139 = CARTESIAN_POINT ( 'NONE',  ( 30.88845264191648354, -43.99963065701541609, 0.4000000000000000222 ) ) ;
#2140 = VECTOR ( 'NONE', #1720, 1000.000000000000114 ) ;
#2141 = DIRECTION ( 'NONE',  ( -1.000000000000000000, 0.000000000000000000, 0.000000000000000000 ) ) ;
#2142 = FACE_OUTER_BOUND ( 'NONE', #4879, .T. ) ;
#2143 = LINE ( 'NONE', #7061, #1883 ) ;
#2144 = VERTEX_POINT ( 'NONE', #6063 ) ;
#2145 = LINE ( 'NONE', #8267, #2708 ) ;
#2146 = LINE ( 'NONE', #4233, #4175 ) ;
#2147 = ORIENTED_EDGE ( 'NONE', *, *, #2436, .F. ) ;
#2148 = CARTESIAN_POINT ( 'NONE',  ( 8.082690528383263739, 43.99963065701543741, -0.4000000000000000222 ) ) ;
#2149 = VERTEX_POINT ( 'NONE', #1358 ) ;
#2150 = CARTESIAN_POINT ( 'NONE',  ( 0.000000000000000000, 0.000000000000000000, 0.6000000000000000888 ) ) ;
#2151 = FACE_OUTER_BOUND ( 'NONE', #7457, .T. ) ;
#2152 = ADVANCED_FACE ( 'NONE', ( #6731 ), #657, .T. ) ;
#2153 = EDGE_CURVE ( 'NONE', #695, #1110, #4066, .T. ) ;
#2154 = CARTESIAN_POINT ( 'NONE',  ( -41.30000000000001137, 46.86456600521874094, 0.9070787253975411968 ) ) ;
#2155 = LINE ( 'NONE', #746, #8724 ) ;
#2156 = EDGE_CURVE ( 'NONE', #2063, #342, #1773, .T. ) ;
#2157 = LINE ( 'NONE', #5656, #8515 ) ;
#2158 = ORIENTED_EDGE ( 'NONE', *, *, #7789, .T. ) ;
#2159 = VECTOR ( 'NONE', #6126, 1000.000000000000000 ) ;
#2160 = ORIENTED_EDGE ( 'NONE', *, *, #7520, .F. ) ;
#2161 = LINE ( 'NONE', #4873, #4514 ) ;
#2162 = DIRECTION ( 'NONE',  ( -1.000000000000000000, 0.000000000000000000, 0.000000000000000000 ) ) ;
#2163 = ADVANCED_FACE ( 'NONE', ( #7893 ), #1821, .T. ) ;
#2164 = DIRECTION ( 'NONE',  ( -0.8660254037844368202, -0.5000000000000031086, 0.000000000000000000 ) ) ;
#2165 = EDGE_LOOP ( 'NONE', ( #7944, #4335, #7086, #6014 ) ) ;
#2166 = TOROIDAL_SURFACE ( 'NONE', #3714, 4.535640646055100866, 1.600000000000000089 ) ;
#2167 = AXIS2_PLACEMENT_3D ( 'NONE', #5472, #108, #2182 ) ;
#2168 = CARTESIAN_POINT ( 'NONE',  ( -37.49999999999999289, -14.99999999999993072, 0.6000000000000000888 ) ) ;
#2169 = ORIENTED_EDGE ( 'NONE', *, *, #7527, .F. ) ;
#2170 = VERTEX_POINT ( 'NONE', #616 ) ;
#2171 = VERTEX_POINT ( 'NONE', #4692 ) ;
#2172 = VECTOR ( 'NONE', #5145, 1000.000000000000114 ) ;
#2173 = CARTESIAN_POINT ( 'NONE',  ( 4.907690528383266582, -1.000369342984391841, -0.4000000000000000222 ) ) ;
#2174 = AXIS2_PLACEMENT_3D ( 'NONE', #8569, #6706, #2664 ) ;
#2175 = DIRECTION ( 'NONE',  ( -1.000000000000000000, 0.000000000000000000, 0.000000000000000000 ) ) ;
#2176 = EDGE_CURVE ( 'NONE', #1237, #8183, #627, .T. ) ;
#2177 = LINE ( 'NONE', #102, #4884 ) ;
#2178 = ORIENTED_EDGE ( 'NONE', *, *, #8224, .T. ) ;
#2179 = ORIENTED_EDGE ( 'NONE', *, *, #4137, .T. ) ;
#2180 = ORIENTED_EDGE ( 'NONE', *, *, #5811, .T. ) ;
#2181 = LINE ( 'NONE', #3510, #7347 ) ;
#2182 = DIRECTION ( 'NONE',  ( -0.5000000000000029976, 0.8660254037844369313, 0.000000000000000000 ) ) ;
#2183 = DIRECTION ( 'NONE',  ( -0.000000000000000000, -0.000000000000000000, 1.000000000000000000 ) ) ;
#2184 = ADVANCED_FACE ( 'NONE', ( #1981 ), #2775, .T. ) ;
#2185 = DIRECTION ( 'NONE',  ( 0.5000000000000032196, -0.8660254037844368202, 0.000000000000000000 ) ) ;
#2186 = ORIENTED_EDGE ( 'NONE', *, *, #4898, .F. ) ;
#2187 = VECTOR ( 'NONE', #7992, 1000.000000000000000 ) ;
#2188 = DIRECTION ( 'NONE',  ( -0.5000000000000029976, 0.8660254037844369313, -0.000000000000000000 ) ) ;
#2189 = CARTESIAN_POINT ( 'NONE',  ( -14.72200538379256152, -2.499999999999980904, -0.4000000000000000222 ) ) ;
#2190 = ORIENTED_EDGE ( 'NONE', *, *, #649, .F. ) ;
#2191 = CARTESIAN_POINT ( 'NONE',  ( 16.16538105676657722, 37.49999999999987921, -0.4000000000000000222 ) ) ;
#2192 = ORIENTED_EDGE ( 'NONE', *, *, #2961, .T. ) ;
#2193 = DIRECTION ( 'NONE',  ( -1.000000000000000000, 0.000000000000000000, 0.000000000000000000 ) ) ;
#2194 = DIRECTION ( 'NONE',  ( 0.000000000000000000, 0.000000000000000000, -1.000000000000000000 ) ) ;
#2195 = VECTOR ( 'NONE', #6915, 999.9999999999998863 ) ;
#2196 = CARTESIAN_POINT ( 'NONE',  ( -4.041878364870280294, -39.99999999999993605, 0.4000000000000000222 ) ) ;
#2197 = LINE ( 'NONE', #3400, #8730 ) ;
#2198 = CARTESIAN_POINT ( 'NONE',  ( 34.92926480542951140, -39.99999999999993605, -0.4000000000000000222 ) ) ;
#2199 = ORIENTED_EDGE ( 'NONE', *, *, #3196, .F. ) ;
#2200 = ORIENTED_EDGE ( 'NONE', *, *, #2535, .T. ) ;
#2201 = LINE ( 'NONE', #4248, #1824 ) ;
#2202 = DIRECTION ( 'NONE',  ( -0.000000000000000000, -0.000000000000000000, 1.000000000000000000 ) ) ;
#2203 = VECTOR ( 'NONE', #5794, 1000.000000000000000 ) ;
#2204 = EDGE_CURVE ( 'NONE', #8319, #5018, #744, .T. ) ;
#2205 = AXIS2_PLACEMENT_3D ( 'NONE', #8165, #2090, #5374 ) ;
#2206 = DIRECTION ( 'NONE',  ( 8.326672684688672081E-16, -1.000000000000000000, 0.000000000000000000 ) ) ;
#2207 = ORIENTED_EDGE ( 'NONE', *, *, #1415, .F. ) ;
#2208 = ADVANCED_FACE ( 'NONE', ( #79 ), #3439, .T. ) ;
#2209 = AXIS2_PLACEMENT_3D ( 'NONE', #5492, #1445, #2906 ) ;
#2210 = VERTEX_POINT ( 'NONE', #6521 ) ;
#2211 = ORIENTED_EDGE ( 'NONE', *, *, #1983, .T. ) ;
#2212 = EDGE_LOOP ( 'NONE', ( #14, #7253, #7085, #4076 ) ) ;
#2213 = AXIS2_PLACEMENT_3D ( 'NONE', #8449, #2327, #1002 ) ;
#2214 = CARTESIAN_POINT ( 'NONE',  ( 38.65732170256683986, -48.99999999999999289, 1.053312423782792440 ) ) ;
#2215 = DIRECTION ( 'NONE',  ( 0.8660254037844404840, -0.4999999999999968359, 0.000000000000000000 ) ) ;
#2216 = ORIENTED_EDGE ( 'NONE', *, *, #4244, .T. ) ;
#2217 = EDGE_CURVE ( 'NONE', #6447, #5120, #3761, .T. ) ;
#2218 = EDGE_CURVE ( 'NONE', #6130, #4892, #4525, .T. ) ;
#2219 = DIRECTION ( 'NONE',  ( -1.000000000000000000, 0.000000000000000000, 0.000000000000000000 ) ) ;
#2220 = EDGE_LOOP ( 'NONE', ( #5364, #6692, #6898, #5709 ) ) ;
#2221 = VERTEX_POINT ( 'NONE', #3054 ) ;
#2222 = EDGE_LOOP ( 'NONE', ( #793, #8388, #7775, #5780 ) ) ;
#2223 = CARTESIAN_POINT ( 'NONE',  ( 34.06345264191648425, 1.000369342984419596, 0.4000000000000000222 ) ) ;
#2224 = LINE ( 'NONE', #6804, #2741 ) ;
#2225 = ADVANCED_FACE ( 'NONE', ( #2434 ), #971, .T. ) ;
#2226 = CARTESIAN_POINT ( 'NONE',  ( 21.07307158514988288, 38.50036934298425706, -0.4000000000000000222 ) ) ;
#2227 = CARTESIAN_POINT ( 'NONE',  ( -11.40288105676659924, -40.24963065701543741, -0.4000000000000000222 ) ) ;
#2228 = ORIENTED_EDGE ( 'NONE', *, *, #1373, .F. ) ;
#2229 = CARTESIAN_POINT ( 'NONE',  ( 14.57788105676658930, -2.749630657015569746, 0.4000000000000000222 ) ) ;
#2230 = DIRECTION ( 'NONE',  ( -0.000000000000000000, -0.000000000000000000, -1.000000000000000000 ) ) ;
#2231 = ORIENTED_EDGE ( 'NONE', *, *, #1512, .T. ) ;
#2232 = LINE ( 'NONE', #4945, #7487 ) ;
#2233 = ORIENTED_EDGE ( 'NONE', *, *, #4297, .F. ) ;
#2234 = CARTESIAN_POINT ( 'NONE',  ( -17.03225942163693318, 2.500000000000024869, -0.4000000000000000222 ) ) ;
#2235 = CARTESIAN_POINT ( 'NONE',  ( -4.041878364870354901, -2.499999999999980904, -0.4000000000000000222 ) ) ;
#2236 = VECTOR ( 'NONE', #4832, 1000.000000000000114 ) ;
#2237 = CARTESIAN_POINT ( 'NONE',  ( -41.30000000000001137, 45.79999999999999005, 1.119055016130100944 ) ) ;
#2238 = EDGE_CURVE ( 'NONE', #4565, #6311, #3720, .T. ) ;
#2239 = CARTESIAN_POINT ( 'NONE',  ( 25.00000000000000000, 39.99999999999999289, -0.4000000000000000222 ) ) ;
#2240 = DIRECTION ( 'NONE',  ( -1.000000000000000000, 0.000000000000000000, 0.000000000000000000 ) ) ;
#2241 = ORIENTED_EDGE ( 'NONE', *, *, #1202, .F. ) ;
#2242 = VECTOR ( 'NONE', #877, 1000.000000000000000 ) ;
#2243 = ORIENTED_EDGE ( 'NONE', *, *, #3558, .F. ) ;
#2244 = LINE ( 'NONE', #6948, #5932 ) ;
#2245 = CARTESIAN_POINT ( 'NONE',  ( -29.15576211353322122, 37.49999999999985079, -0.4000000000000000222 ) ) ;
#2246 = CARTESIAN_POINT ( 'NONE',  ( 22.66057158514987080, 41.24999999999985789, -0.4000000000000000222 ) ) ;
#2247 = ORIENTED_EDGE ( 'NONE', *, *, #2593, .F. ) ;
#2248 = VECTOR ( 'NONE', #191, 1000.000000000000000 ) ;
#2249 = VERTEX_POINT ( 'NONE', #5760 ) ;
#2250 = ORIENTED_EDGE ( 'NONE', *, *, #8254, .T. ) ;
#2251 = VERTEX_POINT ( 'NONE', #1059 ) ;
#2252 = EDGE_CURVE ( 'NONE', #1985, #8719, #7134, .T. ) ;
#2253 = CARTESIAN_POINT ( 'NONE',  ( 35.98757281403687358, -48.99999999999999289, 0.5466397033448696652 ) ) ;
#2254 = EDGE_CURVE ( 'NONE', #1279, #7075, #403, .T. ) ;
#2255 = DIRECTION ( 'NONE',  ( 1.000000000000000000, 3.663735981263016583E-15, 0.000000000000000000 ) ) ;
#2256 = ORIENTED_EDGE ( 'NONE', *, *, #4896, .F. ) ;
#2257 = ADVANCED_FACE ( 'NONE', ( #7799 ), #5144, .T. ) ;
#2258 = DIRECTION ( 'NONE',  ( 0.8660254037844404840, -0.4999999999999968359, 0.000000000000000000 ) ) ;
#2259 = ORIENTED_EDGE ( 'NONE', *, *, #3347, .T. ) ;
#2260 = EDGE_LOOP ( 'NONE', ( #7716, #7313, #3052, #214 ) ) ;
#2261 = ORIENTED_EDGE ( 'NONE', *, *, #347, .T. ) ;
#2262 = PLANE ( 'NONE',  #1544 ) ;
#2263 = DIRECTION ( 'NONE',  ( -1.000000000000000000, 0.000000000000000000, 0.000000000000000000 ) ) ;
#2264 = CARTESIAN_POINT ( 'NONE',  ( -16.31057158514992267, 41.24999999999985789, 0.4000000000000000222 ) ) ;
#2265 = DIRECTION ( 'NONE',  ( -0.4999999999999965028, -0.8660254037844407060, 0.000000000000000000 ) ) ;
#2266 = DIRECTION ( 'NONE',  ( -0.000000000000000000, -0.000000000000000000, 1.000000000000000000 ) ) ;
#2267 = ADVANCED_FACE ( 'NONE', ( #449 ), #5859, .F. ) ;
#2268 = ORIENTED_EDGE ( 'NONE', *, *, #5152, .F. ) ;
#2269 = DIRECTION ( 'NONE',  ( -0.5000000000000029976, 0.8660254037844369313, -0.000000000000000000 ) ) ;
#2270 = EDGE_CURVE ( 'NONE', #4448, #4508, #8557, .T. ) ;
#2271 = AXIS2_PLACEMENT_3D ( 'NONE', #8488, #2413, #2321 ) ;
#2272 = CARTESIAN_POINT ( 'NONE',  ( 27.56826211353316580, 40.24963065701546583, 0.4000000000000000222 ) ) ;
#2273 = ORIENTED_EDGE ( 'NONE', *, *, #6199, .F. ) ;
#2274 = CARTESIAN_POINT ( 'NONE',  ( 9.670190528383276529, 41.24999999999985789, -0.4000000000000000222 ) ) ;
#2275 = ORIENTED_EDGE ( 'NONE', *, *, #7846, .T. ) ;
#2276 = CARTESIAN_POINT ( 'NONE',  ( -35.65095264191650415, -41.24999999999985789, -0.4000000000000000222 ) ) ;
#2277 = PLANE ( 'NONE',  #3935 ) ;
#2278 = AXIS2_PLACEMENT_3D ( 'NONE', #6850, #5386, #7554 ) ;
#2279 = VECTOR ( 'NONE', #1208, 1000.000000000000000 ) ;
#2280 = DIRECTION ( 'NONE',  ( -0.000000000000000000, -0.000000000000000000, 1.000000000000000000 ) ) ;
#2281 = EDGE_CURVE ( 'NONE', #401, #4, #3191, .T. ) ;
#2282 = CARTESIAN_POINT ( 'NONE',  ( -29.15576211353322122, 37.49999999999985079, 0.4000000000000000222 ) ) ;
#2283 = ORIENTED_EDGE ( 'NONE', *, *, #2422, .F. ) ;
#2284 = FACE_OUTER_BOUND ( 'NONE', #5917, .T. ) ;
#2285 = CARTESIAN_POINT ( 'NONE',  ( -11.40288105676663299, 40.24963065701545162, -0.4000000000000000222 ) ) ;
#2286 = CARTESIAN_POINT ( 'NONE',  ( -34.06345264191652689, 36.49963065701545872, -0.4000000000000000222 ) ) ;
#2287 = EDGE_CURVE ( 'NONE', #4157, #8588, #3006, .T. ) ;
#2288 = LINE ( 'NONE', #1673, #8159 ) ;
#2289 = EDGE_CURVE ( 'NONE', #4166, #6737, #6279, .T. ) ;
#2290 = CARTESIAN_POINT ( 'NONE',  ( -27.25036934298441338, -4.750369342984379628, 0.4000000000000000222 ) ) ;
#2291 = ORIENTED_EDGE ( 'NONE', *, *, #2936, .F. ) ;
#2292 = AXIS2_PLACEMENT_3D ( 'NONE', #482, #5264, #6554 ) ;
#2293 = ORIENTED_EDGE ( 'NONE', *, *, #3922, .F. ) ;
#2294 = VERTEX_POINT ( 'NONE', #8507 ) ;
#2295 = ORIENTED_EDGE ( 'NONE', *, *, #7247, .F. ) ;
#2296 = DIRECTION ( 'NONE',  ( -1.000000000000000000, -3.330669073875469621E-15, 0.000000000000000000 ) ) ;
#2297 = VECTOR ( 'NONE', #4979, 1000.000000000000000 ) ;
#2298 = FACE_BOUND ( 'NONE', #1546, .T. ) ;
#2299 = ORIENTED_EDGE ( 'NONE', *, *, #7984, .F. ) ;
#2300 = VECTOR ( 'NONE', #8708, 1000.000000000000000 ) ;
#2301 = DIRECTION ( 'NONE',  ( 0.000000000000000000, 0.000000000000000000, 1.000000000000000000 ) ) ;
#2302 = VERTEX_POINT ( 'NONE', #8415 ) ;
#2303 = ORIENTED_EDGE ( 'NONE', *, *, #6673, .T. ) ;
#2304 = EDGE_CURVE ( 'NONE', #3086, #6442, #7892, .T. ) ;
#2305 = ORIENTED_EDGE ( 'NONE', *, *, #817, .F. ) ;
#2306 = CARTESIAN_POINT ( 'NONE',  ( 9.670190528383276529, 41.24999999999985789, -0.4000000000000000222 ) ) ;
#2307 = LINE ( 'NONE', #5013, #4974 ) ;
#2308 = PLANE ( 'NONE',  #8693 ) ;
#2309 = EDGE_CURVE ( 'NONE', #4219, #4448, #7847, .T. ) ;
#2310 = CARTESIAN_POINT ( 'NONE',  ( -11.24999999999996803, 11.25000000000000711, 0.4000000000000000222 ) ) ;
#2311 = DIRECTION ( 'NONE',  ( 0.4999999999999968359, 0.8660254037844404840, 0.000000000000000000 ) ) ;
#2312 = EDGE_CURVE ( 'NONE', #5163, #6694, #1820, .T. ) ;
#2313 = EDGE_LOOP ( 'NONE', ( #4675, #7464, #8069, #2487 ) ) ;
#2314 = DIRECTION ( 'NONE',  ( -0.4999999999999965583, -0.8660254037844407060, -0.000000000000000000 ) ) ;
#2315 = DIRECTION ( 'NONE',  ( 0.4999999999999968359, 0.8660254037844404840, 0.000000000000000000 ) ) ;
#2316 = VERTEX_POINT ( 'NONE', #6379 ) ;
#2317 = CARTESIAN_POINT ( 'NONE',  ( 1.731624327025907739, 2.500000000000024869, -0.4000000000000000222 ) ) ;
#2318 = CARTESIAN_POINT ( 'NONE',  ( 25.00000000000000000, -2.499999999999980904, -0.4000000000000000222 ) ) ;
#2319 = PLANE ( 'NONE',  #2705 ) ;
#2320 = VECTOR ( 'NONE', #4174, 1000.000000000000000 ) ;
#2321 = DIRECTION ( 'NONE',  ( -1.000000000000000000, -3.330669073875469621E-15, 0.000000000000000000 ) ) ;
#2322 = CARTESIAN_POINT ( 'NONE',  ( 34.06345264191645583, -8.500369342984342325, -0.4000000000000000222 ) ) ;
#2323 = CARTESIAN_POINT ( 'NONE',  ( -8.082690528383333017, -1.000369342984398724, -0.4000000000000000222 ) ) ;
#2324 = CARTESIAN_POINT ( 'NONE',  ( -35.65095264191651836, 41.24999999999982947, -0.4000000000000000222 ) ) ;
#2325 = ORIENTED_EDGE ( 'NONE', *, *, #7517, .F. ) ;
#2326 = AXIS2_PLACEMENT_3D ( 'NONE', #3745, #3127, #432 ) ;
#2327 = DIRECTION ( 'NONE',  ( -0.000000000000000000, -0.000000000000000000, 1.000000000000000000 ) ) ;
#2328 = LINE ( 'NONE', #2471, #2102 ) ;
#2329 = DIRECTION ( 'NONE',  ( -0.4999999999999965028, -0.8660254037844407060, 0.000000000000000000 ) ) ;
#2330 = EDGE_CURVE ( 'NONE', #7612, #6332, #306, .T. ) ;
#2331 = ADVANCED_FACE ( 'NONE', ( #5049 ), #7750, .T. ) ;
#2332 = DIRECTION ( 'NONE',  ( 0.5000000000000032196, -0.8660254037844368202, 0.000000000000000000 ) ) ;
#2333 = CARTESIAN_POINT ( 'NONE',  ( 17.89807158514989638, -43.99963065701542320, 0.4000000000000000222 ) ) ;
#2334 = VERTEX_POINT ( 'NONE', #1198 ) ;
#2335 = VECTOR ( 'NONE', #3373, 1000.000000000000000 ) ;
#2336 = EDGE_CURVE ( 'NONE', #3626, #7444, #669, .T. ) ;
#2337 = EDGE_CURVE ( 'NONE', #7142, #2144, #4656, .T. ) ;
#2338 = ORIENTED_EDGE ( 'NONE', *, *, #8324, .F. ) ;
#2339 = ORIENTED_EDGE ( 'NONE', *, *, #3431, .T. ) ;
#2340 = VERTEX_POINT ( 'NONE', #542 ) ;
#2341 = CARTESIAN_POINT ( 'NONE',  ( 14.57788105676658930, -40.24963065701543030, -0.4000000000000000222 ) ) ;
#2342 = CARTESIAN_POINT ( 'NONE',  ( -27.56826211353321199, -2.749630657015583957, -0.4000000000000000222 ) ) ;
#2343 = FACE_OUTER_BOUND ( 'NONE', #2921, .T. ) ;
#2344 = ORIENTED_EDGE ( 'NONE', *, *, #886, .F. ) ;
#2345 = VECTOR ( 'NONE', #299, 1000.000000000000000 ) ;
#2346 = DIRECTION ( 'NONE',  ( 0.4999999999999968359, 0.8660254037844404840, 0.000000000000000000 ) ) ;
#2347 = ORIENTED_EDGE ( 'NONE', *, *, #4376, .F. ) ;
#2348 = ORIENTED_EDGE ( 'NONE', *, *, #6495, .T. ) ;
#2349 = VERTEX_POINT ( 'NONE', #3406 ) ;
#2350 = DIRECTION ( 'NONE',  ( -0.5000000000000029976, 0.8660254037844369313, -0.000000000000000000 ) ) ;
#2351 = CARTESIAN_POINT ( 'NONE',  ( -34.06345264191650557, 38.50036934298424285, -0.4000000000000000222 ) ) ;
#2352 = LINE ( 'NONE', #7766, #1041 ) ;
#2353 = VECTOR ( 'NONE', #5541, 1000.000000000000114 ) ;
#2354 = DIRECTION ( 'NONE',  ( -0.4999999999999965583, -0.8660254037844407060, -0.000000000000000000 ) ) ;
#2355 = DIRECTION ( 'NONE',  ( -0.7071067811865487940, 0.7071067811865463515, 0.000000000000000000 ) ) ;
#2356 = VERTEX_POINT ( 'NONE', #2566 ) ;
#2357 = VECTOR ( 'NONE', #5427, 999.9999999999998863 ) ;
#2358 = CARTESIAN_POINT ( 'NONE',  ( -3.320190528383309747, -41.24999999999982236, -0.4000000000000000222 ) ) ;
#2359 = LINE ( 'NONE', #2982, #2076 ) ;
#2360 = ORIENTED_EDGE ( 'NONE', *, *, #8584, .T. ) ;
#2361 = VERTEX_POINT ( 'NONE', #1325 ) ;
#2362 = CARTESIAN_POINT ( 'NONE',  ( 35.65095264191646862, 33.74999999999989342, -0.4000000000000000222 ) ) ;
#2363 = DIRECTION ( 'NONE',  ( -0.000000000000000000, 0.000000000000000000, 1.000000000000000000 ) ) ;
#2364 = DIRECTION ( 'NONE',  ( 0.4999999999999968359, 0.8660254037844404840, 0.000000000000000000 ) ) ;
#2365 = CARTESIAN_POINT ( 'NONE',  ( -34.85152525621073494, -42.63464884900420770, 0.3999999999999999667 ) ) ;
#2366 = DIRECTION ( 'NONE',  ( -0.4999999999999965583, -0.8660254037844407060, -0.000000000000000000 ) ) ;
#2367 = DIRECTION ( 'NONE',  ( -0.000000000000000000, -0.000000000000000000, 1.000000000000000000 ) ) ;
#2368 = VECTOR ( 'NONE', #2600, 999.9999999999998863 ) ;
#2369 = LINE ( 'NONE', #5699, #4087 ) ;
#2370 = ORIENTED_EDGE ( 'NONE', *, *, #2809, .T. ) ;
#2371 = LINE ( 'NONE', #2953, #382 ) ;
#2372 = LINE ( 'NONE', #7834, #6346 ) ;
#2373 = CARTESIAN_POINT ( 'NONE',  ( -35.65095264191651836, -11.24999999999996092, -0.4000000000000000222 ) ) ;
#2374 = AXIS2_PLACEMENT_3D ( 'NONE', #2912, #4916, #6285 ) ;
#2375 = CARTESIAN_POINT ( 'NONE',  ( 11.40288105676656727, 40.24963065701545162, 0.4000000000000000222 ) ) ;
#2376 = LINE ( 'NONE', #7217, #863 ) ;
#2378 = ORIENTED_EDGE ( 'NONE', *, *, #7284, .F. ) ;
#2377 = EDGE_CURVE ( 'NONE', #926, #8312, #5275, .T. ) ;
#2379 = VERTEX_POINT ( 'NONE', #625 ) ;
#2380 = EDGE_CURVE ( 'NONE', #6562, #2800, #6738, .T. ) ;
#2381 = VECTOR ( 'NONE', #783, 1000.000000000000000 ) ;
#2382 = EDGE_CURVE ( 'NONE', #7255, #8598, #3942, .T. ) ;
#2383 = ORIENTED_EDGE ( 'NONE', *, *, #2330, .F. ) ;
#2384 = ORIENTED_EDGE ( 'NONE', *, *, #817, .T. ) ;
#2385 = ORIENTED_EDGE ( 'NONE', *, *, #7247, .T. ) ;
#2386 = DIRECTION ( 'NONE',  ( -0.8660254037844407060, 0.4999999999999965028, 0.000000000000000000 ) ) ;
#2387 = EDGE_CURVE ( 'NONE', #493, #4524, #1369, .T. ) ;
#2388 = CARTESIAN_POINT ( 'NONE',  ( -37.49999999999998579, -39.99999999999993605, -0.4000000000000000222 ) ) ;
#2389 = VECTOR ( 'NONE', #159, 1000.000000000000000 ) ;
#2390 = CARTESIAN_POINT ( 'NONE',  ( -35.65095264191651836, 3.749999999999982681, -0.4000000000000000222 ) ) ;
#2391 = EDGE_LOOP ( 'NONE', ( #2228, #4818, #7414, #4521 ) ) ;
#2392 = EDGE_CURVE ( 'NONE', #410, #6823, #5362, .T. ) ;
#2393 = PLANE ( 'NONE',  #6438 ) ;
#2394 = EDGE_CURVE ( 'NONE', #5635, #5253, #8646, .T. ) ;
#2395 = AXIS2_PLACEMENT_3D ( 'NONE', #1070, #937, #6484 ) ;
#2396 = VERTEX_POINT ( 'NONE', #2695 ) ;
#2397 = VERTEX_POINT ( 'NONE', #5942 ) ;
#2398 = ORIENTED_EDGE ( 'NONE', *, *, #7329, .F. ) ;
#2399 = DIRECTION ( 'NONE',  ( -0.5000000000000029976, 0.8660254037844369313, 0.000000000000000000 ) ) ;
#2400 = CARTESIAN_POINT ( 'NONE',  ( 21.07307158514985801, 43.99963065701543741, -0.4000000000000000222 ) ) ;
#2401 = DIRECTION ( 'NONE',  ( -0.5000000000000029976, 0.8660254037844369313, -0.000000000000000000 ) ) ;
#2402 = CARTESIAN_POINT ( 'NONE',  ( -9.670190528383324491, 3.749999999999975575, -0.4000000000000000222 ) ) ;
#2403 = CARTESIAN_POINT ( 'NONE',  ( 41.29999999999999005, 45.79999999999999005, 1.119055016130133140 ) ) ;
#2404 = EDGE_CURVE ( 'NONE', #1723, #6130, #4074, .T. ) ;
#2405 = ORIENTED_EDGE ( 'NONE', *, *, #4216, .F. ) ;
#2406 = CARTESIAN_POINT ( 'NONE',  ( -29.30095264191651694, -3.749999999999968470, -0.4000000000000000222 ) ) ;
#2407 = FACE_OUTER_BOUND ( 'NONE', #8697, .T. ) ;
#2408 = ORIENTED_EDGE ( 'NONE', *, *, #7245, .F. ) ;
#2409 = ORIENTED_EDGE ( 'NONE', *, *, #3466, .T. ) ;
#2410 = LINE ( 'NONE', #1037, #7629 ) ;
#2411 = DIRECTION ( 'NONE',  ( 0.000000000000000000, 0.000000000000000000, -1.000000000000000000 ) ) ;
#2412 = LINE ( 'NONE', #4364, #7374 ) ;
#2413 = DIRECTION ( 'NONE',  ( -3.330669073875469621E-15, 1.000000000000000000, 0.000000000000000000 ) ) ;
#2414 = TOROIDAL_SURFACE ( 'NONE', #5395, 4.535640646055100866, 1.600000000000000089 ) ;
#2415 = FACE_OUTER_BOUND ( 'NONE', #5915, .T. ) ;
#2416 = LINE ( 'NONE', #2323, #788 ) ;
#2417 = VECTOR ( 'NONE', #8006, 1000.000000000000000 ) ;
#2418 =( NAMED_UNIT ( * ) PLANE_ANGLE_UNIT ( ) SI_UNIT ( $, .RADIAN. ) );
#2419 = ORIENTED_EDGE ( 'NONE', *, *, #6321, .T. ) ;
#2420 = CARTESIAN_POINT ( 'NONE',  ( 16.31057158514988359, -41.24999999999984368, -0.4000000000000000222 ) ) ;
#2421 = VECTOR ( 'NONE', #4981, 1000.000000000000000 ) ;
#2422 = EDGE_CURVE ( 'NONE', #7208, #1997, #3988, .T. ) ;
#2423 = CARTESIAN_POINT ( 'NONE',  ( -38.10000000000000142, 45.79999999999999005, -0.3499999999999957034 ) ) ;
#2424 = FACE_OUTER_BOUND ( 'NONE', #325, .T. ) ;
#2425 = VECTOR ( 'NONE', #8728, 1000.000000000000000 ) ;
#2426 = EDGE_CURVE ( 'NONE', #2868, #6813, #1905, .T. ) ;
#2427 = CARTESIAN_POINT ( 'NONE',  ( -41.30000000000001847, -45.93709188310943858, 1.119055016130100944 ) ) ;
#2428 = LINE ( 'NONE', #8065, #6818 ) ;
#2429 = ADVANCED_FACE ( 'NONE', ( #2033 ), #2653, .T. ) ;
#2430 = ORIENTED_EDGE ( 'NONE', *, *, #7384, .T. ) ;
#2431 = ORIENTED_EDGE ( 'NONE', *, *, #7699, .F. ) ;
#2432 = ORIENTED_EDGE ( 'NONE', *, *, #7984, .T. ) ;
#2433 = ORIENTED_EDGE ( 'NONE', *, *, #4410, .T. ) ;
#2434 = FACE_OUTER_BOUND ( 'NONE', #1290, .T. ) ;
#2435 = EDGE_CURVE ( 'NONE', #7686, #5808, #1988, .T. ) ;
#2436 = EDGE_CURVE ( 'NONE', #4047, #1699, #3319, .T. ) ;
#2437 = CARTESIAN_POINT ( 'NONE',  ( 3.320190528383282214, -41.24999999999985079, -0.4000000000000000222 ) ) ;
#2438 = PLANE ( 'NONE',  #4150 ) ;
#2439 = ORIENTED_EDGE ( 'NONE', *, *, #6975, .F. ) ;
#2440 = DIRECTION ( 'NONE',  ( -1.000000000000000000, 0.000000000000000000, 0.000000000000000000 ) ) ;
#2441 = ORIENTED_EDGE ( 'NONE', *, *, #7029, .T. ) ;
#2442 = EDGE_LOOP ( 'NONE', ( #6745, #4178, #1504, #4667 ) ) ;
#2443 = ORIENTED_EDGE ( 'NONE', *, *, #3079, .T. ) ;
#2444 = DIRECTION ( 'NONE',  ( -0.4999999999999965583, -0.8660254037844407060, -0.000000000000000000 ) ) ;
#2445 = CARTESIAN_POINT ( 'NONE',  ( -11.25875672974067321, -2.499999999999980904, -0.4000000000000000222 ) ) ;
#2446 = VECTOR ( 'NONE', #1603, 1000.000000000000000 ) ;
#2447 = LINE ( 'NONE', #3113, #8551 ) ;
#2448 = CARTESIAN_POINT ( 'NONE',  ( 21.07307158514988288, 1.000369342984412713, -0.4000000000000000222 ) ) ;
#2449 = EDGE_CURVE ( 'NONE', #2397, #1246, #711, .T. ) ;
#2450 = CARTESIAN_POINT ( 'NONE',  ( 16.16538105676657722, 2.775557561562891351E-14, -0.4000000000000000222 ) ) ;
#2451 = EDGE_CURVE ( 'NONE', #5237, #2129, #40, .T. ) ;
#2452 = ORIENTED_EDGE ( 'NONE', *, *, #2451, .T. ) ;
#2453 = AXIS2_PLACEMENT_3D ( 'NONE', #841, #3578, #4250 ) ;
#2454 = FACE_OUTER_BOUND ( 'NONE', #6551, .T. ) ;
#2455 = VECTOR ( 'NONE', #7645, 1000.000000000000000 ) ;
#2456 = FACE_OUTER_BOUND ( 'NONE', #7497, .T. ) ;
#2457 = VERTEX_POINT ( 'NONE', #4612 ) ;
#2458 = ORIENTED_EDGE ( 'NONE', *, *, #2821, .T. ) ;
#2459 = DIRECTION ( 'NONE',  ( -0.000000000000000000, -0.000000000000000000, 1.000000000000000000 ) ) ;
#2460 = ADVANCED_FACE ( 'NONE', ( #7311 ), #8155, .T. ) ;
#2461 = CARTESIAN_POINT ( 'NONE',  ( -22.66057158514990988, -41.24999999999985079, -0.4000000000000000222 ) ) ;
#2462 = VECTOR ( 'NONE', #3398, 1000.000000000000000 ) ;
#2463 = DIRECTION ( 'NONE',  ( 1.000000000000000000, 3.663735981263016583E-15, 0.000000000000000000 ) ) ;
#2464 = VECTOR ( 'NONE', #5866, 999.9999999999998863 ) ;
#2465 = CARTESIAN_POINT ( 'NONE',  ( -21.07307158514992906, -1.000369342984391841, -0.4000000000000000222 ) ) ;
#2466 = LINE ( 'NONE', #5126, #6464 ) ;
#2467 = CARTESIAN_POINT ( 'NONE',  ( 35.65095264191646862, 41.24999999999985789, -0.4000000000000000222 ) ) ;
#2468 = ORIENTED_EDGE ( 'NONE', *, *, #6608, .T. ) ;
#2469 = ORIENTED_EDGE ( 'NONE', *, *, #679, .T. ) ;
#2470 = LINE ( 'NONE', #7880, #2639 ) ;
#2471 = CARTESIAN_POINT ( 'NONE',  ( 29.30095264191647075, -41.24999999999983658, 0.4000000000000000222 ) ) ;
#2472 = DIRECTION ( 'NONE',  ( -0.5000000000000029976, 0.8660254037844369313, 0.000000000000000000 ) ) ;
#2473 = CARTESIAN_POINT ( 'NONE',  ( 27.56826211353316580, 40.24963065701546583, -0.4000000000000000222 ) ) ;
#2474 = DIRECTION ( 'NONE',  ( -1.000000000000000000, 0.000000000000000000, -0.000000000000000000 ) ) ;
#2475 = B_SPLINE_CURVE_WITH_KNOTS ( 'NONE', 3,
 ( #2130, #3457, #6168, #2794, #96, #5508, #3796, #5704, #7171, #5182, #4420, #7214, #3043, #3662, #8545, #5890 ),
 .UNSPECIFIED., .F., .F.,
 ( 4, 2, 2, 2, 2, 2, 2, 4 ),
 ( 0.000000000000000000, 0.001635127160260466030, 0.002452690740390708370, 0.002861472530455829756, 0.003270254320520951576, 0.004087817900651193916, 0.004905381480781437556, 0.006540508641041924837 ),
 .UNSPECIFIED. ) ;
#2476 = EDGE_LOOP ( 'NONE', ( #8381, #2137, #5967, #1702, #7042, #673, #7889, #707, #1956, #8209, #7529, #6786, #5983, #1183 ) ) ;
#2477 = VECTOR ( 'NONE', #3419, 1000.000000000000114 ) ;
#2479 = ORIENTED_EDGE ( 'NONE', *, *, #4227, .F. ) ;
#2478 = EDGE_LOOP ( 'NONE', ( #7738, #140, #5803, #4732 ) ) ;
#2480 = ORIENTED_EDGE ( 'NONE', *, *, #6852, .F. ) ;
#2481 = VERTEX_POINT ( 'NONE', #6826 ) ;
#2482 = CARTESIAN_POINT ( 'NONE',  ( -38.10000000000000142, -45.79999999999999005, 1.200000000000001954 ) ) ;
#2483 = CARTESIAN_POINT ( 'NONE',  ( 21.07307158514985801, -1.000369342984377852, -0.4000000000000000222 ) ) ;
#2484 = CARTESIAN_POINT ( 'NONE',  ( 35.65095264191646862, -41.24999999999980815, 0.4000000000000000222 ) ) ;
#2485 = ORIENTED_EDGE ( 'NONE', *, *, #8044, .T. ) ;
#2486 = DIRECTION ( 'NONE',  ( 0.5000000000000032196, -0.8660254037844368202, 0.000000000000000000 ) ) ;
#2487 = ORIENTED_EDGE ( 'NONE', *, *, #3955, .F. ) ;
#2488 = EDGE_LOOP ( 'NONE', ( #4488, #865, #4286, #6300 ) ) ;
#2489 = VERTEX_POINT ( 'NONE', #6327 ) ;
#2490 = DIRECTION ( 'NONE',  ( 1.000000000000000000, 3.663735981263016583E-15, 0.000000000000000000 ) ) ;
#2491 = DIRECTION ( 'NONE',  ( -0.4999999999999965583, -0.8660254037844407060, -0.000000000000000000 ) ) ;
#2492 = CARTESIAN_POINT ( 'NONE',  ( 11.40288105676656727, 40.24963065701545162, -0.4000000000000000222 ) ) ;
#2493 = AXIS2_PLACEMENT_3D ( 'NONE', #5175, #4325, #7694 ) ;
#2494 = DIRECTION ( 'NONE',  ( 0.4999999999999968359, 0.8660254037844404840, 0.000000000000000000 ) ) ;
#2495 = VECTOR ( 'NONE', #4536, 999.9999999999998863 ) ;
#2496 = VERTEX_POINT ( 'NONE', #2245 ) ;
#2497 = PLANE ( 'NONE',  #2568 ) ;
#2498 = VECTOR ( 'NONE', #6493, 1000.000000000000000 ) ;
#2499 = CARTESIAN_POINT ( 'NONE',  ( -29.30095264191651694, -3.749999999999968470, -0.4000000000000000222 ) ) ;
#2500 = ORIENTED_EDGE ( 'NONE', *, *, #2017, .T. ) ;
#2501 = AXIS2_PLACEMENT_3D ( 'NONE', #2636, #7920, #8628 ) ;
#2502 = EDGE_CURVE ( 'NONE', #3563, #1819, #257, .T. ) ;
#2503 = ORIENTED_EDGE ( 'NONE', *, *, #1128, .T. ) ;
#2504 = CARTESIAN_POINT ( 'NONE',  ( -1.587500000000019451, 2.749630657015583957, -0.4000000000000000222 ) ) ;
#2505 = CARTESIAN_POINT ( 'NONE',  ( 16.16538105676657722, 37.49999999999987921, 0.4000000000000000222 ) ) ;
#2506 = CARTESIAN_POINT ( 'NONE',  ( 35.65095264191646862, -41.24999999999980815, -0.4000000000000000222 ) ) ;
#2507 = LINE ( 'NONE', #5217, #2002 ) ;
#2508 = DIRECTION ( 'NONE',  ( 0.000000000000000000, 0.000000000000000000, -1.000000000000000000 ) ) ;
#2509 = CARTESIAN_POINT ( 'NONE',  ( 34.85152525621062125, -42.63464884900432139, 0.3999999999999999667 ) ) ;
#2510 = VERTEX_POINT ( 'NONE', #5623 ) ;
#2511 = DIRECTION ( 'NONE',  ( 1.000000000000000000, 0.000000000000000000, 0.000000000000000000 ) ) ;
#2512 = ORIENTED_EDGE ( 'NONE', *, *, #6943, .T. ) ;
#2513 = CARTESIAN_POINT ( 'NONE',  ( -3.175000000000011369, -1.387778780781445676E-14, -0.4000000000000000222 ) ) ;
#2514 = DIRECTION ( 'NONE',  ( 1.000000000000000000, 3.663735981263016583E-15, 0.000000000000000000 ) ) ;
#2515 = LINE ( 'NONE', #7344, #5531 ) ;
#2516 = CARTESIAN_POINT ( 'NONE',  ( -9.670190528383312056, -41.24999999999985079, -0.4000000000000000222 ) ) ;
#2517 = LINE ( 'NONE', #618, #2133 ) ;
#2518 = EDGE_CURVE ( 'NONE', #3408, #6254, #3493, .T. ) ;
#2519 = ORIENTED_EDGE ( 'NONE', *, *, #1989, .T. ) ;
#2521 = ORIENTED_EDGE ( 'NONE', *, *, #1507, .T. ) ;
#2520 = VERTEX_POINT ( 'NONE', #7614 ) ;
#2522 = EDGE_LOOP ( 'NONE', ( #272, #6233, #1008, #540, #3465, #5973 ) ) ;
#2523 = ORIENTED_EDGE ( 'NONE', *, *, #2632, .T. ) ;
#2524 = CARTESIAN_POINT ( 'NONE',  ( 14.57788105676656443, 40.24963065701546583, -0.4000000000000000222 ) ) ;
#2525 = FACE_BOUND ( 'NONE', #2094, .T. ) ;
#2526 = VERTEX_POINT ( 'NONE', #2913 ) ;
#2527 = AXIS2_PLACEMENT_3D ( 'NONE', #5930, #613, #6101 ) ;
#2528 = DIRECTION ( 'NONE',  ( -0.000000000000000000, -0.000000000000000000, 1.000000000000000000 ) ) ;
#2529 = ORIENTED_EDGE ( 'NONE', *, *, #7751, .F. ) ;
#2530 = ORIENTED_EDGE ( 'NONE', *, *, #5418, .F. ) ;
#2531 = EDGE_LOOP ( 'NONE', ( #4487, #3464, #7330, #3509 ) ) ;
#2532 = CARTESIAN_POINT ( 'NONE',  ( -21.07307158514991130, 1.000369342984391841, 0.4000000000000000222 ) ) ;
#2533 = CARTESIAN_POINT ( 'NONE',  ( -17.03225942163694739, -2.499999999999981348, 0.4000000000000000222 ) ) ;
#2534 = VECTOR ( 'NONE', #3657, 1000.000000000000000 ) ;
#2535 = EDGE_CURVE ( 'NONE', #5477, #3522, #4249, .T. ) ;
#2536 = CARTESIAN_POINT ( 'NONE',  ( 4.907690528383273687, -38.50036934298424995, -0.4000000000000000222 ) ) ;
#2537 = EDGE_CURVE ( 'NONE', #2740, #769, #7526, .T. ) ;
#2538 = DIRECTION ( 'NONE',  ( 1.000000000000000000, 3.663735981263016583E-15, 0.000000000000000000 ) ) ;
#2539 = EDGE_CURVE ( 'NONE', #5295, #4099, #2955, .T. ) ;
#2540 = VECTOR ( 'NONE', #3111, 1000.000000000000000 ) ;
#2541 = DIRECTION ( 'NONE',  ( -1.224646799147353207E-16, 1.000000000000000000, 0.000000000000000000 ) ) ;
#2542 = VERTEX_POINT ( 'NONE', #7654 ) ;
#2543 = ORIENTED_EDGE ( 'NONE', *, *, #370, .F. ) ;
#2544 = CARTESIAN_POINT ( 'NONE',  ( -22.66057158514990988, -41.24999999999985079, -0.4000000000000000222 ) ) ;
#2545 = CARTESIAN_POINT ( 'NONE',  ( -33.56435935394490144, -45.79999999999999005, 0.3999999999999999667 ) ) ;
#2546 = LINE ( 'NONE', #2506, #8451 ) ;
#2547 = ADVANCED_FACE ( 'NONE', ( #4833 ), #4206, .F. ) ;
#2548 = EDGE_CURVE ( 'NONE', #22, #3086, #5660, .T. ) ;
#2549 = FACE_OUTER_BOUND ( 'NONE', #7438, .T. ) ;
#2550 = AXIS2_PLACEMENT_3D ( 'NONE', #2373, #1004, #2472 ) ;
#2551 = CARTESIAN_POINT ( 'NONE',  ( 34.06345264191645583, -1.000369342984370968, -0.4000000000000000222 ) ) ;
#2552 = VERTEX_POINT ( 'NONE', #2122 ) ;
#2553 = CARTESIAN_POINT ( 'NONE',  ( 17.89807158514987506, -38.50036934298424285, -0.4000000000000000222 ) ) ;
#2554 = ORIENTED_EDGE ( 'NONE', *, *, #1625, .F. ) ;
#2555 = DIRECTION ( 'NONE',  ( 0.4999999999999968359, 0.8660254037844404840, 0.000000000000000000 ) ) ;
#2556 = DIRECTION ( 'NONE',  ( -0.4999999999999965583, -0.8660254037844407060, -0.000000000000000000 ) ) ;
#2557 = DIRECTION ( 'NONE',  ( -0.4999999999999965583, -0.8660254037844407060, -0.000000000000000000 ) ) ;
#2558 = EDGE_CURVE ( 'NONE', #4047, #8435, #4116, .T. ) ;
#2559 = LINE ( 'NONE', #8111, #3409 ) ;
#2560 = CARTESIAN_POINT ( 'NONE',  ( 34.58883720175419541, -43.08963790586425091, 0.4035150215785892613 ) ) ;
#2562 = ORIENTED_EDGE ( 'NONE', *, *, #8637, .T. ) ;
#2561 = ORIENTED_EDGE ( 'NONE', *, *, #1680, .T. ) ;
#2563 = VECTOR ( 'NONE', #4198, 999.9999999999998863 ) ;
#2564 = ORIENTED_EDGE ( 'NONE', *, *, #1245, .T. ) ;
#2565 = ORIENTED_EDGE ( 'NONE', *, *, #4270, .T. ) ;
#2566 = CARTESIAN_POINT ( 'NONE',  ( 37.50000000000001421, -39.99999999999993605, 0.4000000000000000222 ) ) ;
#2567 = ADVANCED_FACE ( 'NONE', ( #8200 ), #3577, .T. ) ;
#2568 = AXIS2_PLACEMENT_3D ( 'NONE', #3871, #2579, #8703 ) ;
#2569 = CARTESIAN_POINT ( 'NONE',  ( 28.00251171378222992, -5.502511713782201497, -0.4000000000000000222 ) ) ;
#2570 = EDGE_LOOP ( 'NONE', ( #5847, #7808, #3140, #254, #1948, #2432, #629, #6528, #835, #222, #1770, #2107, #5379, #1912, #5548, #3187, #4538, #1834, #3116, #992, #3707, #5241, #3784, #3093, #5185, #6243, #4955, #1595, #4841, #8577, #7810, #5413, #171, #1280, #1095, #500, #4395, #7760, #5621, #5385, #1634, #1838, #7749, #1397, #4980, #4123, #3825, #7095, #8297, #6342, #4309, #1721, #6333, #3724, #7795, #2178 ) ) ;
#2571 = PLANE ( 'NONE',  #5455 ) ;
#2572 = ORIENTED_EDGE ( 'NONE', *, *, #833, .F. ) ;
#2573 = ORIENTED_EDGE ( 'NONE', *, *, #882, .T. ) ;
#2574 = VERTEX_POINT ( 'NONE', #1580 ) ;
#2575 = CARTESIAN_POINT ( 'NONE',  ( 37.49999999999999289, -14.99999999999993072, 0.6000000000000000888 ) ) ;
#2576 = FACE_OUTER_BOUND ( 'NONE', #4705, .T. ) ;
#2577 = FACE_OUTER_BOUND ( 'NONE', #6802, .T. ) ;
#2578 = LINE ( 'NONE', #8084, #3002 ) ;
#2579 = DIRECTION ( 'NONE',  ( -0.8660254037844407060, 0.4999999999999965028, 0.000000000000000000 ) ) ;
#2580 = VECTOR ( 'NONE', #6305, 1000.000000000000114 ) ;
#2581 = VERTEX_POINT ( 'NONE', #6995 ) ;
#2582 = EDGE_CURVE ( 'NONE', #1823, #7900, #6204, .T. ) ;
#2583 = ORIENTED_EDGE ( 'NONE', *, *, #7851, .T. ) ;
#2584 = CARTESIAN_POINT ( 'NONE',  ( -34.06345264191650557, -6.499630657015580404, -0.4000000000000000222 ) ) ;
#2585 = CARTESIAN_POINT ( 'NONE',  ( 11.25875672974064123, -2.499999999999980904, -0.4000000000000000222 ) ) ;
#2586 = EDGE_CURVE ( 'NONE', #7744, #8555, #4769, .T. ) ;
#2587 = CARTESIAN_POINT ( 'NONE',  ( 11.40288105676656727, 40.24963065701545162, -0.4000000000000000222 ) ) ;
#2588 = AXIS2_PLACEMENT_3D ( 'NONE', #2246, #2164, #4790 ) ;
#2589 = CARTESIAN_POINT ( 'NONE',  ( -41.30000000000001137, 45.79999999999999005, 1.119055016130100944 ) ) ;
#2590 = ORIENTED_EDGE ( 'NONE', *, *, #6408, .F. ) ;
#2591 = VECTOR ( 'NONE', #3692, 1000.000000000000000 ) ;
#2592 = CARTESIAN_POINT ( 'NONE',  ( 0.000000000000000000, -39.99999999999993605, 0.4000000000000000222 ) ) ;
#2593 = EDGE_CURVE ( 'NONE', #6111, #7450, #6286, .T. ) ;
#2594 = DIRECTION ( 'NONE',  ( -0.000000000000000000, -0.000000000000000000, 1.000000000000000000 ) ) ;
#2595 = AXIS2_PLACEMENT_3D ( 'NONE', #5488, #4824, #8191 ) ;
#2596 = DIRECTION ( 'NONE',  ( 0.8660254037844404840, -0.4999999999999968359, 0.000000000000000000 ) ) ;
#2597 = VERTEX_POINT ( 'NONE', #174 ) ;
#2598 = LINE ( 'NONE', #1141, #1452 ) ;
#2599 = LINE ( 'NONE', #531, #1254 ) ;
#2600 = DIRECTION ( 'NONE',  ( 0.5000000000000032196, -0.8660254037844368202, 0.000000000000000000 ) ) ;
#2601 = EDGE_CURVE ( 'NONE', #3278, #2170, #133, .T. ) ;
#2602 = CARTESIAN_POINT ( 'NONE',  ( 37.50000000000000000, 27.50000000000002487, 0.6000000000000000888 ) ) ;
#2603 = FACE_OUTER_BOUND ( 'NONE', #6619, .T. ) ;
#2605 = EDGE_LOOP ( 'NONE', ( #546, #5283, #4532, #4804 ) ) ;
#2604 = ORIENTED_EDGE ( 'NONE', *, *, #6253, .F. ) ;
#2606 = ORIENTED_EDGE ( 'NONE', *, *, #1619, .F. ) ;
#2607 = ORIENTED_EDGE ( 'NONE', *, *, #6960, .F. ) ;
#2608 = EDGE_CURVE ( 'NONE', #4856, #2029, #2829, .T. ) ;
#2609 = DIRECTION ( 'NONE',  ( 0.8660254037844404840, -0.4999999999999968359, 0.000000000000000000 ) ) ;
#2610 = DIRECTION ( 'NONE',  ( -1.000000000000000000, 0.000000000000000000, 0.000000000000000000 ) ) ;
#2611 = ORIENTED_EDGE ( 'NONE', *, *, #1779, .F. ) ;
#2612 = VECTOR ( 'NONE', #3545, 1000.000000000000000 ) ;
#2613 = EDGE_CURVE ( 'NONE', #6966, #4163, #7569, .T. ) ;
#2614 = EDGE_CURVE ( 'NONE', #812, #7632, #839, .T. ) ;
#2615 = CARTESIAN_POINT ( 'NONE',  ( 21.07307158514988288, 38.50036934298425706, -0.4000000000000000222 ) ) ;
#2616 = EDGE_LOOP ( 'NONE', ( #5570, #6424, #1902, #3323, #7907 ) ) ;
#2617 = VERTEX_POINT ( 'NONE', #3968 ) ;
#2618 = ORIENTED_EDGE ( 'NONE', *, *, #4943, .T. ) ;
#2619 = CARTESIAN_POINT ( 'NONE',  ( 30.88845264191646223, 36.49963065701545872, -0.4000000000000000222 ) ) ;
#2620 = VECTOR ( 'NONE', #4368, 1000.000000000000000 ) ;
#2621 = DIRECTION ( 'NONE',  ( -1.000000000000000000, 0.000000000000000000, 0.000000000000000000 ) ) ;
#2622 = DIRECTION ( 'NONE',  ( 0.4999999999999968359, 0.8660254037844404840, 0.000000000000000000 ) ) ;
#2623 = CARTESIAN_POINT ( 'NONE',  ( 17.03225942163685502, -39.99999999999993605, 0.4000000000000000222 ) ) ;
#2624 = CARTESIAN_POINT ( 'NONE',  ( 34.06345264191648425, 1.000369342984419596, -0.4000000000000000222 ) ) ;
#2625 = VERTEX_POINT ( 'NONE', #5259 ) ;
#2626 = VERTEX_POINT ( 'NONE', #7964 ) ;
#2627 = CARTESIAN_POINT ( 'NONE',  ( -1.731624327025889087, 39.99999999999999289, 0.4000000000000000222 ) ) ;
#2628 = VECTOR ( 'NONE', #5749, 1000.000000000000000 ) ;
#2629 = CARTESIAN_POINT ( 'NONE',  ( 21.07307158514989709, -43.99963065701540899, 0.4000000000000000222 ) ) ;
#2630 = CARTESIAN_POINT ( 'NONE',  ( 38.10000000000000142, -45.79999999999999005, 1.200000000000001954 ) ) ;
#2631 = AXIS2_PLACEMENT_3D ( 'NONE', #4082, #8125, #4844 ) ;
#2632 = EDGE_CURVE ( 'NONE', #2890, #6026, #5346, .T. ) ;
#2633 = CARTESIAN_POINT ( 'NONE',  ( 25.00000000000000000, 39.99999999999999289, -0.4000000000000000222 ) ) ;
#2634 = ORIENTED_EDGE ( 'NONE', *, *, #5023, .F. ) ;
#2635 = AXIS2_PLACEMENT_3D ( 'NONE', #8399, #4414, #7031 ) ;
#2636 = CARTESIAN_POINT ( 'NONE',  ( 27.56826211353319067, 34.75036934298428548, -0.4000000000000000222 ) ) ;
#2637 = CARTESIAN_POINT ( 'NONE',  ( 27.56826211353319067, -2.749630657015569746, -0.4000000000000000222 ) ) ;
#2638 = LINE ( 'NONE', #7296, #8474 ) ;
#2639 = VECTOR ( 'NONE', #958, 1000.000000000000000 ) ;
#2640 = ORIENTED_EDGE ( 'NONE', *, *, #2238, .F. ) ;
#2641 = CARTESIAN_POINT ( 'NONE',  ( -22.66057158514992409, 41.24999999999982947, -0.4000000000000000222 ) ) ;
#2642 = PLANE ( 'NONE',  #2804 ) ;
#2643 = DIRECTION ( 'NONE',  ( -0.5000000000000029976, 0.8660254037844369313, -0.000000000000000000 ) ) ;
#2644 = AXIS2_PLACEMENT_3D ( 'NONE', #6160, #89, #2162 ) ;
#2645 = ADVANCED_FACE ( 'NONE', ( #5923 ), #7314, .F. ) ;
#2646 = DIRECTION ( 'NONE',  ( -0.000000000000000000, -0.000000000000000000, 1.000000000000000000 ) ) ;
#2647 = LINE ( 'NONE', #2602, #7516 ) ;
#2648 = VECTOR ( 'NONE', #1882, 1000.000000000000114 ) ;
#2649 = CARTESIAN_POINT ( 'NONE',  ( -37.50000000000000000, 2.500000000000024869, -0.4000000000000000222 ) ) ;
#2650 = EDGE_LOOP ( 'NONE', ( #5657, #2452, #3565, #5625 ) ) ;
#2651 = EDGE_LOOP ( 'NONE', ( #784, #7187, #3284, #4176 ) ) ;
#2652 = ORIENTED_EDGE ( 'NONE', *, *, #4376, .T. ) ;
#2653 = PLANE ( 'NONE',  #1510 ) ;
#2654 = EDGE_CURVE ( 'NONE', #7208, #4279, #6591, .T. ) ;
#2655 = DIRECTION ( 'NONE',  ( 0.8660254037844404840, -0.4999999999999968359, 0.000000000000000000 ) ) ;
#2656 = EDGE_LOOP ( 'NONE', ( #3944, #1067, #4213, #5767 ) ) ;
#2657 = ADVANCED_FACE ( 'NONE', ( #8010 ), #3219, .T. ) ;
#2658 = PLANE ( 'NONE',  #508 ) ;
#2659 = EDGE_CURVE ( 'NONE', #1283, #1390, #1267, .T. ) ;
#2660 = EDGE_LOOP ( 'NONE', ( #2051, #1545, #4878, #5991 ) ) ;
#2661 = ORIENTED_EDGE ( 'NONE', *, *, #7381, .T. ) ;
#2662 = ORIENTED_EDGE ( 'NONE', *, *, #2377, .F. ) ;
#2663 = DIRECTION ( 'NONE',  ( 0.000000000000000000, 1.000000000000000000, 0.000000000000000000 ) ) ;
#2664 = DIRECTION ( 'NONE',  ( 1.000000000000000000, 0.000000000000000000, 0.000000000000000000 ) ) ;
#2665 = DIRECTION ( 'NONE',  ( 0.5000000000000031086, -0.8660254037844368202, 0.000000000000000000 ) ) ;
#2666 = VECTOR ( 'NONE', #8721, 1000.000000000000000 ) ;
#2667 = CARTESIAN_POINT ( 'NONE',  ( 21.93888374866292068, -39.99999999999993605, -0.4000000000000000222 ) ) ;
#2668 = ADVANCED_FACE ( 'NONE', ( #2549 ), #477, .T. ) ;
#2669 = EDGE_CURVE ( 'NONE', #4859, #3233, #1223, .T. ) ;
#2670 = LINE ( 'NONE', #5377, #5311 ) ;
#2671 = AXIS2_PLACEMENT_3D ( 'NONE', #3351, #6057, #6769 ) ;
#2672 = ORIENTED_EDGE ( 'NONE', *, *, #4925, .T. ) ;
#2673 = ORIENTED_EDGE ( 'NONE', *, *, #3633, .F. ) ;
#2674 = LINE ( 'NONE', #8578, #4949 ) ;
#2675 = CARTESIAN_POINT ( 'NONE',  ( -29.30095264191651694, 33.74999999999989342, -0.4000000000000000222 ) ) ;
#2676 = DIRECTION ( 'NONE',  ( 0.000000000000000000, 0.000000000000000000, -1.000000000000000000 ) ) ;
#2677 = VECTOR ( 'NONE', #234, 1000.000000000000114 ) ;
#2678 = CARTESIAN_POINT ( 'NONE',  ( 42.63564064605510140, 45.79999999999999005, 2.000000000000000000 ) ) ;
#2679 = VERTEX_POINT ( 'NONE', #1974 ) ;
#2680 = DIRECTION ( 'NONE',  ( 0.000000000000000000, 0.000000000000000000, -1.000000000000000000 ) ) ;
#2681 = DIRECTION ( 'NONE',  ( -0.4999999999999965583, -0.8660254037844407060, -0.000000000000000000 ) ) ;
#2682 = CARTESIAN_POINT ( 'NONE',  ( 22.66057158514988501, -41.24999999999981526, 0.4000000000000000222 ) ) ;
#2683 = ORIENTED_EDGE ( 'NONE', *, *, #8330, .T. ) ;
#2684 = FACE_OUTER_BOUND ( 'NONE', #8354, .T. ) ;
#2685 = DIRECTION ( 'NONE',  ( -0.4999999999999965583, -0.8660254037844407060, -0.000000000000000000 ) ) ;
#2686 = CARTESIAN_POINT ( 'NONE',  ( -41.30000000000001137, -42.58565153255793945, 0.3999999999999999667 ) ) ;
#2687 = LINE ( 'NONE', #6103, #6846 ) ;
#2688 = LINE ( 'NONE', #7434, #6383 ) ;
#2689 = EDGE_CURVE ( 'NONE', #5686, #1164, #7250, .T. ) ;
#2690 = CARTESIAN_POINT ( 'NONE',  ( -39.69999999999998863, 45.79999999999999005, -0.3499999999999957034 ) ) ;
#2691 = ORIENTED_EDGE ( 'NONE', *, *, #3915, .T. ) ;
#2692 = ORIENTED_EDGE ( 'NONE', *, *, #1588, .F. ) ;
#2693 = EDGE_LOOP ( 'NONE', ( #8054, #8038, #6780, #5753 ) ) ;
#2694 = ADVANCED_FACE ( 'NONE', ( #3835 ), #5303, .T. ) ;
#2695 = CARTESIAN_POINT ( 'NONE',  ( 29.30095264191647075, -41.24999999999983658, -0.4000000000000000222 ) ) ;
#2696 = EDGE_CURVE ( 'NONE', #233, #6583, #941, .T. ) ;
#2697 = CARTESIAN_POINT ( 'NONE',  ( 0.000000000000000000, 2.500000000000024869, 0.4000000000000000222 ) ) ;
#2698 = ORIENTED_EDGE ( 'NONE', *, *, #1090, .F. ) ;
#2699 = VECTOR ( 'NONE', #6467, 1000.000000000000000 ) ;
#2700 = DIRECTION ( 'NONE',  ( -0.4999999999999965583, -0.8660254037844407060, -0.000000000000000000 ) ) ;
#2701 = EDGE_CURVE ( 'NONE', #3404, #1677, #4506, .T. ) ;
#2702 = EDGE_CURVE ( 'NONE', #1946, #5143, #3927, .T. ) ;
#2703 = ORIENTED_EDGE ( 'NONE', *, *, #6905, .T. ) ;
#2704 = ORIENTED_EDGE ( 'NONE', *, *, #2287, .T. ) ;
#2705 = AXIS2_PLACEMENT_3D ( 'NONE', #5171, #6450, #2364 ) ;
#2706 = ORIENTED_EDGE ( 'NONE', *, *, #3257, .F. ) ;
#2707 = DIRECTION ( 'NONE',  ( -1.000000000000000000, 0.000000000000000000, 0.000000000000000000 ) ) ;
#2708 = VECTOR ( 'NONE', #5523, 1000.000000000000000 ) ;
#2709 = LINE ( 'NONE', #4215, #1077 ) ;
#2710 = AXIS2_PLACEMENT_3D ( 'NONE', #4733, #1647, #4352 ) ;
#2711 = AXIS2_PLACEMENT_3D ( 'NONE', #7376, #7293, #3832 ) ;
#2712 = CARTESIAN_POINT ( 'NONE',  ( 25.00000000000000000, 39.99999999999999289, -0.4000000000000000222 ) ) ;
#2713 = DIRECTION ( 'NONE',  ( -0.4999999999999965583, -0.8660254037844407060, -0.000000000000000000 ) ) ;
#2714 = VERTEX_POINT ( 'NONE', #3880 ) ;
#2715 = ORIENTED_EDGE ( 'NONE', *, *, #8508, .F. ) ;
#2716 = ORIENTED_EDGE ( 'NONE', *, *, #6062, .F. ) ;
#2717 = DIRECTION ( 'NONE',  ( 1.000000000000000000, 0.000000000000000000, 0.000000000000000000 ) ) ;
#2718 = EDGE_CURVE ( 'NONE', #4090, #6372, #565, .T. ) ;
#2719 = CARTESIAN_POINT ( 'NONE',  ( 0.000000000000000000, 39.99999999999999289, 0.4000000000000000222 ) ) ;
#2720 = EDGE_CURVE ( 'NONE', #6963, #4666, #4016, .T. ) ;
#2721 = CARTESIAN_POINT ( 'NONE',  ( 28.00251171378226900, -5.502511713782252123, 0.4000000000000000222 ) ) ;
#2722 = DIRECTION ( 'NONE',  ( -0.5000000000000029976, 0.8660254037844369313, 0.000000000000000000 ) ) ;
#2723 = CARTESIAN_POINT ( 'NONE',  ( -17.89807158514989638, -43.99963065701541609, 0.4000000000000000222 ) ) ;
#2724 = ORIENTED_EDGE ( 'NONE', *, *, #5550, .T. ) ;
#2725 = DIRECTION ( 'NONE',  ( -0.5000000000000029976, 0.8660254037844369313, -0.000000000000000000 ) ) ;
#2726 = EDGE_CURVE ( 'NONE', #5458, #7195, #4684, .T. ) ;
#2727 = ADVANCED_FACE ( 'NONE', ( #650 ), #7874, .T. ) ;
#2728 = VECTOR ( 'NONE', #8760, 1000.000000000000000 ) ;
#2729 = DIRECTION ( 'NONE',  ( 0.000000000000000000, -0.000000000000000000, 1.000000000000000000 ) ) ;
#2730 = CARTESIAN_POINT ( 'NONE',  ( -8.948502691896385031, 39.99999999999999289, -0.4000000000000000222 ) ) ;
#2731 = VERTEX_POINT ( 'NONE', #5220 ) ;
#2732 = CARTESIAN_POINT ( 'NONE',  ( -9.670190528383324491, 41.24999999999982947, -0.4000000000000000222 ) ) ;
#2733 = LINE ( 'NONE', #8144, #6209 ) ;
#2734 = CARTESIAN_POINT ( 'NONE',  ( -35.65095264191651836, 41.24999999999982947, 0.4000000000000000222 ) ) ;
#2735 = AXIS2_PLACEMENT_3D ( 'NONE', #1636, #974, #7804 ) ;
#2736 = CARTESIAN_POINT ( 'NONE',  ( 21.93888374866292423, 39.99999999999999289, -0.4000000000000000222 ) ) ;
#2737 = CARTESIAN_POINT ( 'NONE',  ( 38.10000000000000142, -45.79999999999999005, -0.4000000000000000222 ) ) ;
#2738 = DIRECTION ( 'NONE',  ( 0.4999999999999968359, 0.8660254037844404840, 0.000000000000000000 ) ) ;
#2739 = DIRECTION ( 'NONE',  ( -1.000000000000000000, -3.330669073875469621E-15, 0.000000000000000000 ) ) ;
#2740 = VERTEX_POINT ( 'NONE', #7598 ) ;
#2741 = VECTOR ( 'NONE', #2098, 1000.000000000000000 ) ;
#2742 = ORIENTED_EDGE ( 'NONE', *, *, #5023, .T. ) ;
#2743 = ORIENTED_EDGE ( 'NONE', *, *, #1389, .T. ) ;
#2744 = LINE ( 'NONE', #752, #5777 ) ;
#2745 = DIRECTION ( 'NONE',  ( -0.4999999999999965583, -0.8660254037844407060, -0.000000000000000000 ) ) ;
#2746 = CARTESIAN_POINT ( 'NONE',  ( 1.731624327025942156, -2.499999999999980904, -0.4000000000000000222 ) ) ;
#2747 = ORIENTED_EDGE ( 'NONE', *, *, #7975, .F. ) ;
#2748 = DIRECTION ( 'NONE',  ( -0.5000000000000029976, 0.8660254037844369313, -0.000000000000000000 ) ) ;
#2749 = EDGE_LOOP ( 'NONE', ( #761, #8173, #3673, #3245 ) ) ;
#2750 = ORIENTED_EDGE ( 'NONE', *, *, #598, .F. ) ;
#2751 = DIRECTION ( 'NONE',  ( 0.000000000000000000, 0.000000000000000000, -1.000000000000000000 ) ) ;
#2752 = FACE_OUTER_BOUND ( 'NONE', #948, .T. ) ;
#2753 = CONICAL_SURFACE ( 'NONE', #4746, 3.149999999999999911, 0.7853981633974544962 ) ;
#2754 = CARTESIAN_POINT ( 'NONE',  ( 1.587499999999963940, 40.24963065701546583, 0.4000000000000000222 ) ) ;
#2755 = CARTESIAN_POINT ( 'NONE',  ( -22.66057158514990988, -41.24999999999985079, 0.4000000000000000222 ) ) ;
#2756 = VECTOR ( 'NONE', #2748, 1000.000000000000000 ) ;
#2757 = ORIENTED_EDGE ( 'NONE', *, *, #2548, .F. ) ;
#2758 = ORIENTED_EDGE ( 'NONE', *, *, #5839, .F. ) ;
#2759 = EDGE_LOOP ( 'NONE', ( #2521, #3275, #1140, #4569, #6507, #8158 ) ) ;
#2760 = DIRECTION ( 'NONE',  ( 0.000000000000000000, 0.000000000000000000, 1.000000000000000000 ) ) ;
#2761 = DIRECTION ( 'NONE',  ( 0.4999999999999968359, 0.8660254037844404840, 0.000000000000000000 ) ) ;
#2762 = CARTESIAN_POINT ( 'NONE',  ( 27.56826211353319067, -2.749630657015569746, 0.4000000000000000222 ) ) ;
#2763 = CARTESIAN_POINT ( 'NONE',  ( 34.95515568358389658, -12.45515568358384328, -0.4000000000000000222 ) ) ;
#2764 = AXIS2_PLACEMENT_3D ( 'NONE', #413, #5865, #8040 ) ;
#2765 = ORIENTED_EDGE ( 'NONE', *, *, #2254, .F. ) ;
#2766 = CARTESIAN_POINT ( 'NONE',  ( 29.30095264191647075, 41.24999999999982947, -0.4000000000000000222 ) ) ;
#2767 = EDGE_CURVE ( 'NONE', #6068, #8651, #4097, .T. ) ;
#2768 = DIRECTION ( 'NONE',  ( 0.4999999999999968359, 0.8660254037844404840, 0.000000000000000000 ) ) ;
#2769 = EDGE_LOOP ( 'NONE', ( #3907, #7855, #248, #220 ) ) ;
#2770 = CARTESIAN_POINT ( 'NONE',  ( 8.082690528383263739, -1.000369342984377852, -0.4000000000000000222 ) ) ;
#2771 = ORIENTED_EDGE ( 'NONE', *, *, #7699, .T. ) ;
#2772 = FACE_OUTER_BOUND ( 'NONE', #3899, .T. ) ;
#2773 = CARTESIAN_POINT ( 'NONE',  ( 29.15576211353317859, 37.49999999999987921, 0.4000000000000000222 ) ) ;
#2774 = FACE_OUTER_BOUND ( 'NONE', #4470, .T. ) ;
#2775 = PLANE ( 'NONE',  #2595 ) ;
#2776 = AXIS2_PLACEMENT_3D ( 'NONE', #7649, #790, #167 ) ;
#2777 = DIRECTION ( 'NONE',  ( 0.000000000000000000, 0.000000000000000000, 1.000000000000000000 ) ) ;
#2778 = EDGE_CURVE ( 'NONE', #769, #8412, #2145, .T. ) ;
#2779 = VECTOR ( 'NONE', #3501, 1000.000000000000000 ) ;
#2780 = LINE ( 'NONE', #4953, #236 ) ;
#2781 = DIRECTION ( 'NONE',  ( -1.000000000000000000, 0.000000000000000000, 0.000000000000000000 ) ) ;
#2782 = VERTEX_POINT ( 'NONE', #5431 ) ;
#2783 = ORIENTED_EDGE ( 'NONE', *, *, #5543, .T. ) ;
#2784 = AXIS2_PLACEMENT_3D ( 'NONE', #608, #1135, #7379 ) ;
#2785 = LINE ( 'NONE', #2871, #2236 ) ;
#2786 = DIRECTION ( 'NONE',  ( 1.000000000000000000, 3.663735981263016583E-15, 0.000000000000000000 ) ) ;
#2787 = ADVANCED_FACE ( 'NONE', ( #8138 ), #3391, .T. ) ;
#2788 = FACE_OUTER_BOUND ( 'NONE', #7478, .T. ) ;
#2789 = ORIENTED_EDGE ( 'NONE', *, *, #2669, .F. ) ;
#2790 = DIRECTION ( 'NONE',  ( -0.000000000000000000, -0.000000000000000000, 1.000000000000000000 ) ) ;
#2791 = EDGE_LOOP ( 'NONE', ( #1517, #988, #7534, #4428 ) ) ;
#2792 = ORIENTED_EDGE ( 'NONE', *, *, #2863, .T. ) ;
#2793 = ORIENTED_EDGE ( 'NONE', *, *, #5675, .F. ) ;
#2794 = CARTESIAN_POINT ( 'NONE',  ( -36.75077173514568329, -48.99999999999998579, 0.8020842177013048913 ) ) ;
#2795 = PLANE ( 'NONE',  #2631 ) ;
#2796 = LINE ( 'NONE', #2925, #8535 ) ;
#2797 = DIRECTION ( 'NONE',  ( -1.000000000000000000, 0.000000000000000000, 0.000000000000000000 ) ) ;
#2798 = VECTOR ( 'NONE', #4908, 1000.000000000000114 ) ;
#2799 = ORIENTED_EDGE ( 'NONE', *, *, #175, .T. ) ;
#2800 = VERTEX_POINT ( 'NONE', #1480 ) ;
#2801 = EDGE_CURVE ( 'NONE', #8339, #3665, #2060, .T. ) ;
#2802 = ORIENTED_EDGE ( 'NONE', *, *, #3049, .T. ) ;
#2803 = DIRECTION ( 'NONE',  ( 1.000000000000000000, 0.000000000000000000, 0.000000000000000000 ) ) ;
#2804 = AXIS2_PLACEMENT_3D ( 'NONE', #6728, #5351, #2021 ) ;
#2805 = DIRECTION ( 'NONE',  ( 0.000000000000000000, -0.000000000000000000, -1.000000000000000000 ) ) ;
#2806 = EDGE_CURVE ( 'NONE', #3896, #7000, #4231, .T. ) ;
#2807 = LINE ( 'NONE', #4225, #392 ) ;
#2808 = DIRECTION ( 'NONE',  ( 1.000000000000000000, 0.000000000000000000, 0.000000000000000000 ) ) ;
#2809 = EDGE_CURVE ( 'NONE', #1996, #2361, #4857, .T. ) ;
#2810 = ORIENTED_EDGE ( 'NONE', *, *, #7442, .F. ) ;
#2811 = CIRCLE ( 'NONE', #6501, 3.149999999999999911 ) ;
#2812 = FACE_OUTER_BOUND ( 'NONE', #2478, .T. ) ;
#2813 = DIRECTION ( 'NONE',  ( 0.000000000000000000, 0.000000000000000000, -1.000000000000000000 ) ) ;
#2814 = ORIENTED_EDGE ( 'NONE', *, *, #4010, .F. ) ;
#2815 = FACE_OUTER_BOUND ( 'NONE', #6188, .T. ) ;
#2816 = EDGE_CURVE ( 'NONE', #1946, #7199, #199, .T. ) ;
#2817 = ORIENTED_EDGE ( 'NONE', *, *, #7048, .T. ) ;
#2818 = FACE_OUTER_BOUND ( 'NONE', #6965, .T. ) ;
#2819 = CARTESIAN_POINT ( 'NONE',  ( -27.56826211353322975, 2.749630657015597723, 0.4000000000000000222 ) ) ;
#2820 = AXIS2_PLACEMENT_3D ( 'NONE', #8300, #5425, #2847 ) ;
#2821 = EDGE_CURVE ( 'NONE', #8280, #5948, #3694, .T. ) ;
#2822 = DIRECTION ( 'NONE',  ( -0.8660254037844368202, -0.5000000000000031086, 0.000000000000000000 ) ) ;
#2823 = DIRECTION ( 'NONE',  ( -0.5000000000000029976, 0.8660254037844369313, -0.000000000000000000 ) ) ;
#2824 = AXIS2_PLACEMENT_3D ( 'NONE', #813, #150, #6803 ) ;
#2825 = PLANE ( 'NONE',  #4939 ) ;
#2826 = ORIENTED_EDGE ( 'NONE', *, *, #6306, .T. ) ;
#2827 = VERTEX_POINT ( 'NONE', #2855 ) ;
#2828 = DIRECTION ( 'NONE',  ( -0.000000000000000000, -0.000000000000000000, -1.000000000000000000 ) ) ;
#2829 = LINE ( 'NONE', #8241, #534 ) ;
#2830 = EDGE_CURVE ( 'NONE', #8632, #5186, #69, .T. ) ;
#2831 = CARTESIAN_POINT ( 'NONE',  ( 17.03225942163680884, 39.99999999999999289, 0.4000000000000000222 ) ) ;
#2832 = ORIENTED_EDGE ( 'NONE', *, *, #4120, .T. ) ;
#2833 = DIRECTION ( 'NONE',  ( -0.4999999999999965028, -0.8660254037844407060, 0.000000000000000000 ) ) ;
#2834 = ADVANCED_FACE ( 'NONE', ( #3517 ), #1392, .T. ) ;
#2835 = ORIENTED_EDGE ( 'NONE', *, *, #3203, .T. ) ;
#2836 = ORIENTED_EDGE ( 'NONE', *, *, #7800, .F. ) ;
#2837 = VERTEX_POINT ( 'NONE', #5480 ) ;
#2838 = DIRECTION ( 'NONE',  ( -0.8660254037844368202, -0.5000000000000031086, 0.000000000000000000 ) ) ;
#2839 = CARTESIAN_POINT ( 'NONE',  ( 25.24963065701561149, -2.749630657015583957, 0.4000000000000000222 ) ) ;
#2840 = VECTOR ( 'NONE', #135, 1000.000000000000000 ) ;
#2841 = CARTESIAN_POINT ( 'NONE',  ( 9.815381056766575796, 0.000000000000000000, 0.4000000000000000222 ) ) ;
#2842 = VECTOR ( 'NONE', #6316, 1000.000000000000114 ) ;
#2843 = EDGE_LOOP ( 'NONE', ( #8288, #3224, #4440, #1907 ) ) ;
#2844 = VERTEX_POINT ( 'NONE', #6934 ) ;
#2845 = AXIS2_PLACEMENT_3D ( 'NONE', #5164, #8574, #4496 ) ;
#2846 = ORIENTED_EDGE ( 'NONE', *, *, #3973, .T. ) ;
#2847 = DIRECTION ( 'NONE',  ( -1.000000000000000000, 0.000000000000000000, 0.000000000000000000 ) ) ;
#2848 = AXIS2_PLACEMENT_3D ( 'NONE', #3879, #7335, #3966 ) ;
#2849 = DIRECTION ( 'NONE',  ( 0.4999999999999968359, 0.8660254037844404840, 0.000000000000000000 ) ) ;
#2850 = DIRECTION ( 'NONE',  ( 0.5000000000000031086, -0.8660254037844368202, 0.000000000000000000 ) ) ;
#2851 = B_SPLINE_CURVE_WITH_KNOTS ( 'NONE', 3,
 ( #2365, #6406, #7734, #4413, #1755, #6502 ),
 .UNSPECIFIED., .F., .F.,
 ( 4, 2, 4 ),
 ( 0.000000000000000000, 0.0007880754063680562357, 0.001576150812736112471 ),
 .UNSPECIFIED. ) ;
#2852 = LINE ( 'NONE', #904, #2446 ) ;
#2853 = ORIENTED_EDGE ( 'NONE', *, *, #7815, .T. ) ;
#2854 = ADVANCED_FACE ( 'NONE', ( #2812 ), #4727, .T. ) ;
#2855 = CARTESIAN_POINT ( 'NONE',  ( -34.06345264191652689, 43.99963065701542320, -0.4000000000000000222 ) ) ;
#2856 = DIRECTION ( 'NONE',  ( -1.000000000000000000, -3.330669073875469621E-15, -0.000000000000000000 ) ) ;
#2857 = EDGE_CURVE ( 'NONE', #4471, #2972, #4059, .T. ) ;
#2858 = EDGE_LOOP ( 'NONE', ( #2275, #7220, #4408, #4327, #7718, #7933, #5558, #3676 ) ) ;
#2859 = PLANE ( 'NONE',  #3251 ) ;
#2860 = ORIENTED_EDGE ( 'NONE', *, *, #4189, .F. ) ;
#2861 = CARTESIAN_POINT ( 'NONE',  ( -16.31057158514992267, -3.749999999999961808, 0.4000000000000000222 ) ) ;
#2862 = LINE ( 'NONE', #4823, #8189 ) ;
#2863 = EDGE_CURVE ( 'NONE', #4508, #5506, #3428, .T. ) ;
#2864 = PLANE ( 'NONE',  #1561 ) ;
#2865 = EDGE_CURVE ( 'NONE', #1068, #448, #7506, .T. ) ;
#2866 = LINE ( 'NONE', #1491, #4474 ) ;
#2867 = DIRECTION ( 'NONE',  ( -1.000000000000000000, -3.330669073875469621E-15, -0.000000000000000000 ) ) ;
#2868 = VERTEX_POINT ( 'NONE', #5566 ) ;
#2869 = VECTOR ( 'NONE', #2355, 999.9999999999998863 ) ;
#2870 = VERTEX_POINT ( 'NONE', #8181 ) ;
#2871 = CARTESIAN_POINT ( 'NONE',  ( 14.57788105676658930, -40.24963065701543030, -0.4000000000000000222 ) ) ;
#2872 = CARTESIAN_POINT ( 'NONE',  ( 17.89807158514989638, -43.99963065701542320, -0.4000000000000000222 ) ) ;
#2873 = EDGE_CURVE ( 'NONE', #3874, #2626, #4126, .T. ) ;
#2874 = DIRECTION ( 'NONE',  ( -0.000000000000000000, -0.000000000000000000, 1.000000000000000000 ) ) ;
#2875 = VERTEX_POINT ( 'NONE', #820 ) ;
#2876 = VECTOR ( 'NONE', #2610, 1000.000000000000000 ) ;
#2877 = VECTOR ( 'NONE', #2141, 1000.000000000000000 ) ;
#2878 = EDGE_CURVE ( 'NONE', #160, #5599, #4141, .T. ) ;
#2879 = VERTEX_POINT ( 'NONE', #6184 ) ;
#2880 = ORIENTED_EDGE ( 'NONE', *, *, #626, .T. ) ;
#2881 = ORIENTED_EDGE ( 'NONE', *, *, #8738, .T. ) ;
#2882 = VECTOR ( 'NONE', #3101, 1000.000000000000000 ) ;
#2883 = CARTESIAN_POINT ( 'NONE',  ( 38.78979954651073569, -49.00000000000001421, 1.018477168745970829 ) ) ;
#2884 = CARTESIAN_POINT ( 'NONE',  ( 4.907690528383295003, -43.99963065701543030, 0.4000000000000000222 ) ) ;
#2885 = EDGE_CURVE ( 'NONE', #2078, #6038, #1065, .T. ) ;
#2886 = B_SPLINE_CURVE_WITH_KNOTS ( 'NONE', 3,
 ( #3355, #6686, #656, #6061, #574, #8762, #1896, #2686 ),
 .UNSPECIFIED., .F., .F.,
 ( 4, 2, 2, 4 ),
 ( 0.003272304414060484001, 0.004084934308068558645, 0.004897564202076633288, 0.006522823990092782576 ),
 .UNSPECIFIED. ) ;
#2887 = CARTESIAN_POINT ( 'NONE',  ( 25.00000000000000000, -2.499999999999980904, -0.4000000000000000222 ) ) ;
#2888 = ORIENTED_EDGE ( 'NONE', *, *, #1245, .F. ) ;
#2889 = ORIENTED_EDGE ( 'NONE', *, *, #6108, .T. ) ;
#2890 = VERTEX_POINT ( 'NONE', #281 ) ;
#2891 = LINE ( 'NONE', #770, #1835 ) ;
#2892 = CARTESIAN_POINT ( 'NONE',  ( 9.670190528383283635, -41.24999999999982236, 0.4000000000000000222 ) ) ;
#2893 = LINE ( 'NONE', #4183, #6903 ) ;
#2894 = DIRECTION ( 'NONE',  ( 0.000000000000000000, 0.000000000000000000, -1.000000000000000000 ) ) ;
#2895 = ORIENTED_EDGE ( 'NONE', *, *, #440, .T. ) ;
#2896 = VECTOR ( 'NONE', #2528, 1000.000000000000000 ) ;
#2897 = FACE_OUTER_BOUND ( 'NONE', #1780, .T. ) ;
#2898 = PLANE ( 'NONE',  #6163 ) ;
#2899 = ORIENTED_EDGE ( 'NONE', *, *, #2873, .F. ) ;
#2900 = DIRECTION ( 'NONE',  ( -0.5000000000000029976, 0.8660254037844369313, -0.000000000000000000 ) ) ;
#2901 = ORIENTED_EDGE ( 'NONE', *, *, #8359, .T. ) ;
#2902 = DIRECTION ( 'NONE',  ( 0.5000000000000032196, -0.8660254037844368202, 0.000000000000000000 ) ) ;
#2903 = CARTESIAN_POINT ( 'NONE',  ( 4.041878364870292728, 2.500000000000024869, -0.4000000000000000222 ) ) ;
#2904 = EDGE_CURVE ( 'NONE', #401, #7000, #7818, .T. ) ;
#2905 = CARTESIAN_POINT ( 'NONE',  ( 35.65095264191646862, 41.24999999999985789, -0.4000000000000000222 ) ) ;
#2906 = DIRECTION ( 'NONE',  ( 0.000000000000000000, 0.000000000000000000, -1.000000000000000000 ) ) ;
#2907 = ADVANCED_FACE ( 'NONE', ( #1744 ), #5607, .T. ) ;
#2908 = CARTESIAN_POINT ( 'NONE',  ( -37.50000000000000000, 2.500000000000024869, -0.4000000000000000222 ) ) ;
#2909 = ORIENTED_EDGE ( 'NONE', *, *, #6835, .F. ) ;
#2910 = ORIENTED_EDGE ( 'NONE', *, *, #7325, .T. ) ;
#2911 = EDGE_CURVE ( 'NONE', #4348, #2077, #6976, .T. ) ;
#2912 = CARTESIAN_POINT ( 'NONE',  ( 30.88845264191648354, 38.50036934298424285, -0.4000000000000000222 ) ) ;
#2913 = CARTESIAN_POINT ( 'NONE',  ( -25.00000000000000000, -2.499999999999980904, 0.6000000000000000888 ) ) ;
#2914 = VECTOR ( 'NONE', #8489, 1000.000000000000000 ) ;
#2915 = VECTOR ( 'NONE', #5818, 1000.000000000000114 ) ;
#2916 = CARTESIAN_POINT ( 'NONE',  ( -34.06345264191652689, 36.49963065701545872, 0.4000000000000000222 ) ) ;
#2917 = ORIENTED_EDGE ( 'NONE', *, *, #7001, .F. ) ;
#2918 = AXIS2_PLACEMENT_3D ( 'NONE', #4318, #7107, #3026 ) ;
#2919 = VECTOR ( 'NONE', #583, 1000.000000000000000 ) ;
#2920 = VERTEX_POINT ( 'NONE', #8432 ) ;
#2921 = EDGE_LOOP ( 'NONE', ( #802, #3153, #3602, #4062 ) ) ;
#2922 = VERTEX_POINT ( 'NONE', #5687 ) ;
#2923 = EDGE_CURVE ( 'NONE', #1547, #812, #989, .T. ) ;
#2924 = CARTESIAN_POINT ( 'NONE',  ( 4.907690528383287898, 1.000369342984398724, 0.4000000000000000222 ) ) ;
#2925 = CARTESIAN_POINT ( 'NONE',  ( -37.50000000000000000, 2.500000000000024869, -0.4000000000000000222 ) ) ;
#2926 = ADVANCED_FACE ( 'NONE', ( #5776 ), #6353, .T. ) ;
#2927 = ORIENTED_EDGE ( 'NONE', *, *, #8562, .T. ) ;
#2928 = CARTESIAN_POINT ( 'NONE',  ( 41.29999999999999005, 49.00000000000000000, 0.4000322408422330445 ) ) ;
#2929 = ORIENTED_EDGE ( 'NONE', *, *, #6374, .F. ) ;
#2930 = ORIENTED_EDGE ( 'NONE', *, *, #7490, .F. ) ;
#2931 = EDGE_LOOP ( 'NONE', ( #6946, #8437, #5370, #4435, #7620, #331, #581, #5649, #4307, #979, #7273, #418, #1471, #1408 ) ) ;
#2932 = CARTESIAN_POINT ( 'NONE',  ( -34.06345264191650557, 1.000369342984398724, 0.4000000000000000222 ) ) ;
#2933 = LINE ( 'NONE', #7675, #2001 ) ;
#2934 = CARTESIAN_POINT ( 'NONE',  ( -3.175000000000018030, -37.49999999999986500, 0.4000000000000000222 ) ) ;
#2935 = PLANE ( 'NONE',  #5328 ) ;
#2936 = EDGE_CURVE ( 'NONE', #1069, #1547, #5645, .T. ) ;
#2937 = DIRECTION ( 'NONE',  ( 1.000000000000000000, 0.000000000000000000, 0.000000000000000000 ) ) ;
#2938 = VERTEX_POINT ( 'NONE', #4275 ) ;
#2939 = DIRECTION ( 'NONE',  ( -0.4999999999999965583, -0.8660254037844407060, -0.000000000000000000 ) ) ;
#2940 = CARTESIAN_POINT ( 'NONE',  ( -35.65095264191651836, -11.24999999999996092, 0.4000000000000000222 ) ) ;
#2941 = EDGE_CURVE ( 'NONE', #4510, #5202, #3072, .T. ) ;
#2942 = ORIENTED_EDGE ( 'NONE', *, *, #4839, .T. ) ;
#2943 = LINE ( 'NONE', #6497, #7771 ) ;
#2944 = VERTEX_POINT ( 'NONE', #5117 ) ;
#2945 = DIRECTION ( 'NONE',  ( -0.000000000000000000, -0.000000000000000000, 1.000000000000000000 ) ) ;
#2946 = CARTESIAN_POINT ( 'NONE',  ( -16.16538105676662340, -6.938893903907228378E-15, -0.4000000000000000222 ) ) ;
#2947 = AXIS2_PLACEMENT_3D ( 'NONE', #5745, #1003, #5840 ) ;
#2948 = DIRECTION ( 'NONE',  ( 0.8660254037844404840, -0.4999999999999968359, 0.000000000000000000 ) ) ;
#2949 = FACE_OUTER_BOUND ( 'NONE', #1522, .T. ) ;
#2950 = CARTESIAN_POINT ( 'NONE',  ( 24.39326211353318996, -40.24963065701543741, -0.4000000000000000222 ) ) ;
#2951 = ORIENTED_EDGE ( 'NONE', *, *, #3260, .F. ) ;
#2952 = VECTOR ( 'NONE', #2106, 1000.000000000000000 ) ;
#2953 = CARTESIAN_POINT ( 'NONE',  ( -1.731624327025889087, 39.99999999999999289, -0.4000000000000000222 ) ) ;
#2954 = CARTESIAN_POINT ( 'NONE',  ( 38.10000000000000142, 45.79999999999999005, 0.4000000000000000222 ) ) ;
#2955 = LINE ( 'NONE', #2872, #1939 ) ;
#2956 = CARTESIAN_POINT ( 'NONE',  ( -9.815381056766620205, 2.081668171172168513E-14, -0.4000000000000000222 ) ) ;
#2957 = LINE ( 'NONE', #3046, #4121 ) ;
#2958 = VERTEX_POINT ( 'NONE', #6491 ) ;
#2959 = VECTOR ( 'NONE', #5060, 1000.000000000000000 ) ;
#2960 = EDGE_CURVE ( 'NONE', #2496, #4482, #7684, .T. ) ;
#2961 = EDGE_CURVE ( 'NONE', #3572, #2740, #1654, .T. ) ;
#2962 = ORIENTED_EDGE ( 'NONE', *, *, #4663, .T. ) ;
#2963 = ORIENTED_EDGE ( 'NONE', *, *, #4886, .F. ) ;
#2964 = ORIENTED_EDGE ( 'NONE', *, *, #605, .F. ) ;
#2965 = EDGE_CURVE ( 'NONE', #2379, #4101, #906, .T. ) ;
#2966 = DIRECTION ( 'NONE',  ( 3.663735981263016583E-15, -1.000000000000000000, 0.000000000000000000 ) ) ;
#2967 = DIRECTION ( 'NONE',  ( 0.5000000000000031086, -0.8660254037844368202, 0.000000000000000000 ) ) ;
#2968 = ORIENTED_EDGE ( 'NONE', *, *, #5954, .T. ) ;
#2969 = VECTOR ( 'NONE', #8018, 1000.000000000000000 ) ;
#2970 = CARTESIAN_POINT ( 'NONE',  ( 41.29999999999998295, 46.48142023739497120, 1.020780611286735473 ) ) ;
#2971 = ORIENTED_EDGE ( 'NONE', *, *, #8246, .T. ) ;
#2972 = VERTEX_POINT ( 'NONE', #7018 ) ;
#2973 = ORIENTED_EDGE ( 'NONE', *, *, #6221, .T. ) ;
#2974 = DIRECTION ( 'NONE',  ( 1.000000000000000000, 3.663735981263016583E-15, 0.000000000000000000 ) ) ;
#2975 = CARTESIAN_POINT ( 'NONE',  ( -33.93698350964250210, -43.99963065701543741, 0.3999999999999999667 ) ) ;
#2976 = LINE ( 'NONE', #237, #6283 ) ;
#2977 = LINE ( 'NONE', #7767, #2915 ) ;
#2978 = DIRECTION ( 'NONE',  ( 0.5000000000000032196, -0.8660254037844368202, 0.000000000000000000 ) ) ;
#2979 = ORIENTED_EDGE ( 'NONE', *, *, #2816, .T. ) ;
#2980 = DIRECTION ( 'NONE',  ( -1.000000000000000000, -3.330669073875469621E-15, 0.000000000000000000 ) ) ;
#2981 = VECTOR ( 'NONE', #2280, 1000.000000000000000 ) ;
#2982 = CARTESIAN_POINT ( 'NONE',  ( 17.89807158514988217, 1.000369342984398724, -0.4000000000000000222 ) ) ;
#2983 = ADVANCED_FACE ( 'NONE', ( #2897 ), #4449, .F. ) ;
#2984 = EDGE_CURVE ( 'NONE', #1200, #6659, #8308, .T. ) ;
#2985 = ORIENTED_EDGE ( 'NONE', *, *, #1268, .T. ) ;
#2986 = CARTESIAN_POINT ( 'NONE',  ( 25.00000000000000000, 39.99999999999999289, -0.4000000000000000222 ) ) ;
#2987 = CARTESIAN_POINT ( 'NONE',  ( 11.25875672974064123, -2.499999999999980904, -0.4000000000000000222 ) ) ;
#2988 = DIRECTION ( 'NONE',  ( 0.000000000000000000, 0.000000000000000000, 1.000000000000000000 ) ) ;
#2989 = AXIS2_PLACEMENT_3D ( 'NONE', #4940, #4359, #2980 ) ;
#2990 = CARTESIAN_POINT ( 'NONE',  ( -4.907690528383336748, -1.000369342984384957, -0.4000000000000000222 ) ) ;
#2991 = EDGE_CURVE ( 'NONE', #7450, #3592, #4404, .T. ) ;
#2992 = ADVANCED_FACE ( 'NONE', ( #1608 ), #3647, .T. ) ;
#2993 = DIRECTION ( 'NONE',  ( -0.000000000000000000, -0.000000000000000000, 1.000000000000000000 ) ) ;
#2994 = DIRECTION ( 'NONE',  ( -0.4999999999999965028, -0.8660254037844407060, 0.000000000000000000 ) ) ;
#2995 = ORIENTED_EDGE ( 'NONE', *, *, #2535, .F. ) ;
#2996 = CARTESIAN_POINT ( 'NONE',  ( -11.40288105676659924, -40.24963065701543741, -0.4000000000000000222 ) ) ;
#2997 = CARTESIAN_POINT ( 'NONE',  ( -29.30095264191650273, -41.24999999999982947, -0.4000000000000000222 ) ) ;
#2998 = LINE ( 'NONE', #2286, #3674 ) ;
#2999 = LINE ( 'NONE', #4468, #2203 ) ;
#3000 = DIRECTION ( 'NONE',  ( 0.4999999999999968359, 0.8660254037844404840, 0.000000000000000000 ) ) ;
#3001 = VERTEX_POINT ( 'NONE', #327 ) ;
#3002 = VECTOR ( 'NONE', #3954, 1000.000000000000000 ) ;
#3003 = ORIENTED_EDGE ( 'NONE', *, *, #516, .T. ) ;
#3004 = ORIENTED_EDGE ( 'NONE', *, *, #5775, .T. ) ;
#3005 = EDGE_LOOP ( 'NONE', ( #3244, #5243, #8422, #3582, #7491, #1300, #5863, #7396, #51, #4961 ) ) ;
#3006 = LINE ( 'NONE', #3712, #2882 ) ;
#3007 = CARTESIAN_POINT ( 'NONE',  ( 24.39326211353316864, 2.749630657015597723, -0.4000000000000000222 ) ) ;
#3008 = AXIS2_PLACEMENT_3D ( 'NONE', #8658, #6666, #6709 ) ;
#3009 = FACE_BOUND ( 'NONE', #8216, .T. ) ;
#3010 = VERTEX_POINT ( 'NONE', #3252 ) ;
#3011 = AXIS2_PLACEMENT_3D ( 'NONE', #2675, #3876, #6717 ) ;
#3012 = VECTOR ( 'NONE', #4255, 1000.000000000000000 ) ;
#3013 = LINE ( 'NONE', #186, #1908 ) ;
#3014 = VECTOR ( 'NONE', #938, 1000.000000000000000 ) ;
#3015 = EDGE_LOOP ( 'NONE', ( #854, #8323, #4785, #4556 ) ) ;
#3016 = ORIENTED_EDGE ( 'NONE', *, *, #3691, .T. ) ;
#3017 = VERTEX_POINT ( 'NONE', #5958 ) ;
#3018 = CARTESIAN_POINT ( 'NONE',  ( 27.56826211353316580, -4.750369342984360088, 0.4000000000000000222 ) ) ;
#3019 = CARTESIAN_POINT ( 'NONE',  ( 17.03225942163688345, 2.500000000000024869, 0.4000000000000000222 ) ) ;
#3020 = AXIS2_PLACEMENT_3D ( 'NONE', #7949, #3202, #2621 ) ;
#3021 = PLANE ( 'NONE',  #5440 ) ;
#3022 = CARTESIAN_POINT ( 'NONE',  ( -11.25875672974069808, 2.500000000000024869, 0.4000000000000000222 ) ) ;
#3023 = CARTESIAN_POINT ( 'NONE',  ( 33.99963065701572162, 31.00036934298429259, -0.4000000000000000222 ) ) ;
#3024 = ORIENTED_EDGE ( 'NONE', *, *, #962, .F. ) ;
#3025 = CARTESIAN_POINT ( 'NONE',  ( -34.85152525621075625, 42.63464884900417928, 0.3999999999999999667 ) ) ;
#3026 = DIRECTION ( 'NONE',  ( -0.4999999999999965028, -0.8660254037844407060, 0.000000000000000000 ) ) ;
#3027 = EDGE_LOOP ( 'NONE', ( #3362, #1427, #846, #1078 ) ) ;
#3028 = ORIENTED_EDGE ( 'NONE', *, *, #3868, .F. ) ;
#3029 = DIRECTION ( 'NONE',  ( -0.5000000000000029976, 0.8660254037844369313, 0.000000000000000000 ) ) ;
#3030 = PLANE ( 'NONE',  #4151 ) ;
#3031 = FACE_OUTER_BOUND ( 'NONE', #492, .T. ) ;
#3032 = ADVANCED_FACE ( 'NONE', ( #1172 ), #5914, .T. ) ;
#3033 = VECTOR ( 'NONE', #2346, 1000.000000000000114 ) ;
#3034 = DIRECTION ( 'NONE',  ( -0.5000000000000029976, 0.8660254037844369313, -0.000000000000000000 ) ) ;
#3035 = ADVANCED_FACE ( 'NONE', ( #555 ), #7239, .T. ) ;
#3036 = LINE ( 'NONE', #5079, #658 ) ;
#3037 = ADVANCED_FACE ( 'NONE', ( #2454 ), #5293, .T. ) ;
#3038 = PLANE ( 'NONE',  #8710 ) ;
#3039 = EDGE_LOOP ( 'NONE', ( #1460, #600, #7041, #112 ) ) ;
#3040 = AXIS2_PLACEMENT_3D ( 'NONE', #5971, #8629, #5884 ) ;
#3041 = CARTESIAN_POINT ( 'NONE',  ( -17.89807158514993191, 43.99963065701543741, -0.4000000000000000222 ) ) ;
#3042 = DIRECTION ( 'NONE',  ( -0.4999999999999965583, -0.8660254037844407060, -0.000000000000000000 ) ) ;
#3043 = CARTESIAN_POINT ( 'NONE',  ( -39.41389956095144953, -48.99999999999999289, 0.8145677546790726087 ) ) ;
#3044 = DIRECTION ( 'NONE',  ( 0.5000000000000032196, -0.8660254037844368202, 0.000000000000000000 ) ) ;
#3045 = ADVANCED_FACE ( 'NONE', ( #1836 ), #2497, .T. ) ;
#3046 = CARTESIAN_POINT ( 'NONE',  ( 30.88845264191648354, 31.00036934298427838, -0.4000000000000000222 ) ) ;
#3047 = ORIENTED_EDGE ( 'NONE', *, *, #7688, .F. ) ;
#3048 = VECTOR ( 'NONE', #3247, 1000.000000000000114 ) ;
#3049 = EDGE_CURVE ( 'NONE', #141, #7898, #421, .T. ) ;
#3050 = ORIENTED_EDGE ( 'NONE', *, *, #6972, .F. ) ;
#3051 = ORIENTED_EDGE ( 'NONE', *, *, #6905, .F. ) ;
#3052 = ORIENTED_EDGE ( 'NONE', *, *, #4743, .F. ) ;
#3053 = EDGE_CURVE ( 'NONE', #5679, #5143, #5872, .T. ) ;
#3054 = CARTESIAN_POINT ( 'NONE',  ( 30.88845264191648354, -6.499630657015566193, 0.4000000000000000222 ) ) ;
#3055 = AXIS2_PLACEMENT_3D ( 'NONE', #942, #278, #4399 ) ;
#3056 = CARTESIAN_POINT ( 'NONE',  ( 39.44072068727017211, -49.00000000000000711, 0.8051115478267696357 ) ) ;
#3057 = PLANE ( 'NONE',  #2735 ) ;
#3058 = ORIENTED_EDGE ( 'NONE', *, *, #1477, .F. ) ;
#3059 = AXIS2_PLACEMENT_3D ( 'NONE', #3846, #1854, #2058 ) ;
#3060 = CARTESIAN_POINT ( 'NONE',  ( 41.29999999999999005, 46.34841340826343981, 1.055436487949268587 ) ) ;
#3061 = ORIENTED_EDGE ( 'NONE', *, *, #516, .F. ) ;
#3062 = ORIENTED_EDGE ( 'NONE', *, *, #2696, .T. ) ;
#3063 = VERTEX_POINT ( 'NONE', #1921 ) ;
#3064 = LINE ( 'NONE', #7763, #1123 ) ;
#3065 = PLANE ( 'NONE',  #23 ) ;
#3066 = LINE ( 'NONE', #1119, #198 ) ;
#3067 = LINE ( 'NONE', #4978, #8163 ) ;
#3068 = CARTESIAN_POINT ( 'NONE',  ( -24.39326211353323259, 40.24963065701546583, -0.4000000000000000222 ) ) ;
#3069 = VERTEX_POINT ( 'NONE', #5336 ) ;
#3070 = EDGE_CURVE ( 'NONE', #5627, #7189, #1792, .T. ) ;
#3071 = VECTOR ( 'NONE', #3340, 1000.000000000000000 ) ;
#3072 = LINE ( 'NONE', #7772, #2421 ) ;
#3073 = CARTESIAN_POINT ( 'NONE',  ( -16.16538105676661274, -37.49999999999986500, -0.4000000000000000222 ) ) ;
#3074 = EDGE_LOOP ( 'NONE', ( #4133, #1417, #3685, #6284 ) ) ;
#3075 = EDGE_CURVE ( 'NONE', #7228, #4966, #1293, .T. ) ;
#3076 = ORIENTED_EDGE ( 'NONE', *, *, #228, .T. ) ;
#3077 = DIRECTION ( 'NONE',  ( 0.5000000000000031086, -0.8660254037844368202, 0.000000000000000000 ) ) ;
#3078 = PLANE ( 'NONE',  #6984 ) ;
#3079 = EDGE_CURVE ( 'NONE', #8142, #2457, #7955, .T. ) ;
#3080 = LINE ( 'NONE', #5783, #5114 ) ;
#3081 = LINE ( 'NONE', #1042, #728 ) ;
#3082 = CARTESIAN_POINT ( 'NONE',  ( 8.948502691896329964, 39.99999999999999289, -0.4000000000000000222 ) ) ;
#3083 = EDGE_CURVE ( 'NONE', #2029, #8319, #4630, .T. ) ;
#3084 = DIRECTION ( 'NONE',  ( 1.000000000000000000, 3.663735981263016583E-15, 0.000000000000000000 ) ) ;
#3085 = CARTESIAN_POINT ( 'NONE',  ( 34.06345264191645583, 36.49963065701547293, 0.4000000000000000222 ) ) ;
#3086 = VERTEX_POINT ( 'NONE', #1125 ) ;
#3087 = LINE ( 'NONE', #6366, #4912 ) ;
#3088 = CARTESIAN_POINT ( 'NONE',  ( 41.29999999999999005, -46.33785712939791779, 1.062973319153855067 ) ) ;
#3089 = DIRECTION ( 'NONE',  ( -0.8660254037844368202, -0.5000000000000031086, 0.000000000000000000 ) ) ;
#3090 = VECTOR ( 'NONE', #1356, 1000.000000000000000 ) ;
#3091 = LINE ( 'NONE', #2473, #931 ) ;
#3092 = CARTESIAN_POINT ( 'NONE',  ( 35.65095264191646862, 33.74999999999989342, -0.4000000000000000222 ) ) ;
#3093 = ORIENTED_EDGE ( 'NONE', *, *, #443, .T. ) ;
#3094 = ORIENTED_EDGE ( 'NONE', *, *, #6325, .F. ) ;
#3095 = VECTOR ( 'NONE', #6552, 1000.000000000000000 ) ;
#3096 = VERTEX_POINT ( 'NONE', #1256 ) ;
#3097 = VERTEX_POINT ( 'NONE', #6000 ) ;
#3098 = EDGE_CURVE ( 'NONE', #6222, #1307, #1876, .T. ) ;
#3099 = EDGE_LOOP ( 'NONE', ( #2930, #3154, #4609, #4654 ) ) ;
#3100 = EDGE_CURVE ( 'NONE', #1955, #1964, #3823, .T. ) ;
#3101 = DIRECTION ( 'NONE',  ( 1.000000000000000000, 0.000000000000000000, 0.000000000000000000 ) ) ;
#3102 = CARTESIAN_POINT ( 'NONE',  ( 24.39326211353318996, -40.24963065701543741, -0.4000000000000000222 ) ) ;
#3103 = VECTOR ( 'NONE', #6716, 1000.000000000000114 ) ;
#3104 = FACE_BOUND ( 'NONE', #879, .T. ) ;
#3105 = ORIENTED_EDGE ( 'NONE', *, *, #2613, .T. ) ;
#3106 = EDGE_CURVE ( 'NONE', #8469, #1559, #7285, .T. ) ;
#3107 = CARTESIAN_POINT ( 'NONE',  ( -25.00000000000000000, 39.99999999999999289, -0.4000000000000000222 ) ) ;
#3108 = ORIENTED_EDGE ( 'NONE', *, *, #8102, .T. ) ;
#3109 = ORIENTED_EDGE ( 'NONE', *, *, #6656, .F. ) ;
#3110 = ORIENTED_EDGE ( 'NONE', *, *, #2873, .T. ) ;
#3111 = DIRECTION ( 'NONE',  ( -0.000000000000000000, -0.000000000000000000, 1.000000000000000000 ) ) ;
#3112 = CARTESIAN_POINT ( 'NONE',  ( 34.06345264191648425, -6.499630657015551982, 0.4000000000000000222 ) ) ;
#3113 = CARTESIAN_POINT ( 'NONE',  ( 41.29999999999999005, -49.00000000000000000, 0.4000000000000000222 ) ) ;
#3114 = CARTESIAN_POINT ( 'NONE',  ( -27.56826211353319778, -40.24963065701545162, -0.4000000000000000222 ) ) ;
#3115 = DIRECTION ( 'NONE',  ( -3.330669073875469621E-15, 1.000000000000000000, 0.000000000000000000 ) ) ;
#3116 = ORIENTED_EDGE ( 'NONE', *, *, #1391, .T. ) ;
#3117 = CARTESIAN_POINT ( 'NONE',  ( 1.731624327025874877, -39.99999999999993605, 0.4000000000000000222 ) ) ;
#3118 = CARTESIAN_POINT ( 'NONE',  ( -37.49999999999998579, -39.99999999999993605, -0.4000000000000000222 ) ) ;
#3119 = ORIENTED_EDGE ( 'NONE', *, *, #5576, .T. ) ;
#3120 = ORIENTED_EDGE ( 'NONE', *, *, #7252, .F. ) ;
#3121 = LINE ( 'NONE', #909, #571 ) ;
#3122 = CARTESIAN_POINT ( 'NONE',  ( -28.54971111735629918, 36.45028888264369726, -0.4000000000000000222 ) ) ;
#3123 = CARTESIAN_POINT ( 'NONE',  ( -27.25036934298441338, -4.750369342984379628, -0.4000000000000000222 ) ) ;
#3124 = LINE ( 'NONE', #7692, #3544 ) ;
#3125 = AXIS2_PLACEMENT_3D ( 'NONE', #8275, #6278, #2070 ) ;
#3126 = CARTESIAN_POINT ( 'NONE',  ( -17.89807158514993191, -1.000369342984377852, 0.4000000000000000222 ) ) ;
#3127 = DIRECTION ( 'NONE',  ( 3.663735981263016583E-15, -1.000000000000000000, 0.000000000000000000 ) ) ;
#3128 = CONICAL_SURFACE ( 'NONE', #8095, 3.149999999999999911, 0.7853981633974544962 ) ;
#3129 = DIRECTION ( 'NONE',  ( 0.000000000000000000, 0.000000000000000000, -1.000000000000000000 ) ) ;
#3130 = ORIENTED_EDGE ( 'NONE', *, *, #168, .F. ) ;
#3131 = LINE ( 'NONE', #6324, #804 ) ;
#3132 = AXIS2_PLACEMENT_3D ( 'NONE', #7196, #2541, #8046 ) ;
#3133 = LINE ( 'NONE', #7787, #690 ) ;
#3134 = LINE ( 'NONE', #3179, #3262 ) ;
#3135 = VECTOR ( 'NONE', #3201, 1000.000000000000000 ) ;
#3136 = VECTOR ( 'NONE', #5357, 1000.000000000000000 ) ;
#3137 = LINE ( 'NONE', #1581, #8294 ) ;
#3138 = PLANE ( 'NONE',  #7084 ) ;
#3139 = ORIENTED_EDGE ( 'NONE', *, *, #3892, .F. ) ;
#3140 = ORIENTED_EDGE ( 'NONE', *, *, #290, .T. ) ;
#3142 = ORIENTED_EDGE ( 'NONE', *, *, #7905, .T. ) ;
#3141 = ORIENTED_EDGE ( 'NONE', *, *, #3287, .F. ) ;
#3143 = ORIENTED_EDGE ( 'NONE', *, *, #1803, .F. ) ;
#3144 = ORIENTED_EDGE ( 'NONE', *, *, #465, .F. ) ;
#3145 = ADVANCED_FACE ( 'NONE', ( #6626 ), #599, .T. ) ;
#3146 = CARTESIAN_POINT ( 'NONE',  ( 0.000000000000000000, 2.500000000000024869, 0.4000000000000000222 ) ) ;
#3147 = DIRECTION ( 'NONE',  ( 0.4999999999999968359, 0.8660254037844404840, 0.000000000000000000 ) ) ;
#3148 = CARTESIAN_POINT ( 'NONE',  ( -1.587500000000005684, -40.24963065701545162, -0.4000000000000000222 ) ) ;
#3149 = ORIENTED_EDGE ( 'NONE', *, *, #5169, .F. ) ;
#3150 = EDGE_CURVE ( 'NONE', #7879, #4101, #1962, .T. ) ;
#3151 = CARTESIAN_POINT ( 'NONE',  ( -16.31057158514992267, 41.24999999999985789, 0.4000000000000000222 ) ) ;
#3152 = ORIENTED_EDGE ( 'NONE', *, *, #6338, .F. ) ;
#3153 = ORIENTED_EDGE ( 'NONE', *, *, #4373, .F. ) ;
#3154 = ORIENTED_EDGE ( 'NONE', *, *, #7916, .T. ) ;
#3155 = DIRECTION ( 'NONE',  ( 0.000000000000000000, 0.000000000000000000, -1.000000000000000000 ) ) ;
#3156 = CARTESIAN_POINT ( 'NONE',  ( -9.815381056766620205, 2.081668171172168513E-14, -0.4000000000000000222 ) ) ;
#3157 = VECTOR ( 'NONE', #2538, 1000.000000000000000 ) ;
#3158 = LINE ( 'NONE', #1170, #932 ) ;
#3159 = LINE ( 'NONE', #369, #6128 ) ;
#3160 = EDGE_LOOP ( 'NONE', ( #6165, #1194, #8048, #968 ) ) ;
#3161 = DIRECTION ( 'NONE',  ( -0.4999999999999965583, -0.8660254037844407060, -0.000000000000000000 ) ) ;
#3162 = VECTOR ( 'NONE', #2902, 999.9999999999998863 ) ;
#3163 = CARTESIAN_POINT ( 'NONE',  ( 38.10000000000000142, 45.79999999999999005, 1.200000000000001954 ) ) ;
#3164 = VERTEX_POINT ( 'NONE', #3117 ) ;
#3165 = VERTEX_POINT ( 'NONE', #5824 ) ;
#3166 = FACE_OUTER_BOUND ( 'NONE', #1678, .T. ) ;
#3167 = DIRECTION ( 'NONE',  ( -0.4999999999999965583, -0.8660254037844407060, -0.000000000000000000 ) ) ;
#3168 = VECTOR ( 'NONE', #3670, 1000.000000000000000 ) ;
#3169 = EDGE_CURVE ( 'NONE', #527, #1129, #3462, .T. ) ;
#3170 = CARTESIAN_POINT ( 'NONE',  ( -33.99963065701573584, 31.00036934298427838, -0.4000000000000000222 ) ) ;
#3171 = LINE ( 'NONE', #564, #456 ) ;
#3172 = DIRECTION ( 'NONE',  ( 0.000000000000000000, 0.000000000000000000, 1.000000000000000000 ) ) ;
#3173 = PLANE ( 'NONE',  #5730 ) ;
#3174 = VERTEX_POINT ( 'NONE', #6172 ) ;
#3175 = CARTESIAN_POINT ( 'NONE',  ( 11.40288105676656727, 2.749630657015597723, -0.4000000000000000222 ) ) ;
#3176 = EDGE_LOOP ( 'NONE', ( #314, #74, #5083, #7052, #447, #7469 ) ) ;
#3177 = DIRECTION ( 'NONE',  ( 0.4999999999999968359, 0.8660254037844404840, 0.000000000000000000 ) ) ;
#3178 = LINE ( 'NONE', #3661, #7056 ) ;
#3179 = CARTESIAN_POINT ( 'NONE',  ( 0.000000000000000000, 39.99999999999999289, 0.4000000000000000222 ) ) ;
#3180 = CARTESIAN_POINT ( 'NONE',  ( 37.40334356336498445, 49.00000000000000711, 1.016597612054452648 ) ) ;
#3181 = CARTESIAN_POINT ( 'NONE',  ( -41.30000000000001137, 43.14111566946407805, 0.3999999999999996891 ) ) ;
#3182 = EDGE_CURVE ( 'NONE', #6222, #1955, #6754, .T. ) ;
#3183 = ORIENTED_EDGE ( 'NONE', *, *, #7101, .F. ) ;
#3184 = AXIS2_PLACEMENT_3D ( 'NONE', #7852, #1778, #8607 ) ;
#3185 = EDGE_CURVE ( 'NONE', #6606, #6967, #680, .T. ) ;
#3187 = ORIENTED_EDGE ( 'NONE', *, *, #8452, .T. ) ;
#3186 = EDGE_LOOP ( 'NONE', ( #8520, #2973, #3108, #6242 ) ) ;
#3188 = VERTEX_POINT ( 'NONE', #5556 ) ;
#3189 = ORIENTED_EDGE ( 'NONE', *, *, #4881, .T. ) ;
#3190 = EDGE_CURVE ( 'NONE', #2316, #5665, #2177, .T. ) ;
#3191 = LINE ( 'NONE', #3146, #6710 ) ;
#3192 = B_SPLINE_CURVE_WITH_KNOTS ( 'NONE', 3,
 ( #4419, #391, #3088, #5792, #5309, #6772, #6642, #8017 ),
 .UNSPECIFIED., .F., .F.,
 ( 4, 2, 2, 4 ),
 ( 0.003287440655971465495, 0.004100707652239086835, 0.004913974648506708176, 0.006540508641041931776 ),
 .UNSPECIFIED. ) ;
#3193 = FACE_BOUND ( 'NONE', #1566, .T. ) ;
#3194 = ORIENTED_EDGE ( 'NONE', *, *, #2287, .F. ) ;
#3195 = CARTESIAN_POINT ( 'NONE',  ( -24.39326211353323259, -4.750369342984367194, -0.4000000000000000222 ) ) ;
#3196 = EDGE_CURVE ( 'NONE', #4741, #1127, #766, .T. ) ;
#3197 = ORIENTED_EDGE ( 'NONE', *, *, #2593, .T. ) ;
#3198 = ORIENTED_EDGE ( 'NONE', *, *, #3922, .T. ) ;
#3199 = ORIENTED_EDGE ( 'NONE', *, *, #2865, .F. ) ;
#3200 = FACE_OUTER_BOUND ( 'NONE', #3627, .T. ) ;
#3201 = DIRECTION ( 'NONE',  ( -0.000000000000000000, -0.000000000000000000, 1.000000000000000000 ) ) ;
#3202 = DIRECTION ( 'NONE',  ( -1.224646799147353207E-16, 1.000000000000000000, 0.000000000000000000 ) ) ;
#3203 = EDGE_CURVE ( 'NONE', #695, #7631, #2005, .T. ) ;
#3204 = CARTESIAN_POINT ( 'NONE',  ( -34.88565153255794371, 49.00000000000000000, 0.3999999999999999667 ) ) ;
#3205 = VECTOR ( 'NONE', #2993, 1000.000000000000000 ) ;
#3206 = LINE ( 'NONE', #511, #2869 ) ;
#3207 = VECTOR ( 'NONE', #7860, 1000.000000000000000 ) ;
#3208 = CARTESIAN_POINT ( 'NONE',  ( -35.65095264191651836, -3.749999999999996447, -0.4000000000000000222 ) ) ;
#3209 = AXIS2_PLACEMENT_3D ( 'NONE', #947, #4982, #3735 ) ;
#3210 = ORIENTED_EDGE ( 'NONE', *, *, #6335, .T. ) ;
#3211 = VECTOR ( 'NONE', #6652, 1000.000000000000000 ) ;
#3212 = ORIENTED_EDGE ( 'NONE', *, *, #7302, .F. ) ;
#3213 = CARTESIAN_POINT ( 'NONE',  ( 0.000000000000000000, -39.99999999999993605, 0.4000000000000000222 ) ) ;
#3214 = EDGE_CURVE ( 'NONE', #5686, #4279, #8214, .T. ) ;
#3215 = FACE_OUTER_BOUND ( 'NONE', #2749, .T. ) ;
#3216 = DIRECTION ( 'NONE',  ( -0.000000000000000000, -0.000000000000000000, 1.000000000000000000 ) ) ;
#3217 = FACE_OUTER_BOUND ( 'NONE', #6261, .T. ) ;
#3218 = EDGE_CURVE ( 'NONE', #2938, #4448, #3379, .T. ) ;
#3219 = PLANE ( 'NONE',  #2501 ) ;
#3220 = EDGE_CURVE ( 'NONE', #1204, #4030, #7540, .T. ) ;
#3221 = CARTESIAN_POINT ( 'NONE',  ( -41.25000000000000000, 45.79999999999999005, 1.200000000000001954 ) ) ;
#3222 = ORIENTED_EDGE ( 'NONE', *, *, #4425, .T. ) ;
#3223 = DIRECTION ( 'NONE',  ( -0.8660254037844407060, 0.4999999999999965028, 0.000000000000000000 ) ) ;
#3224 = ORIENTED_EDGE ( 'NONE', *, *, #6022, .F. ) ;
#3225 = CARTESIAN_POINT ( 'NONE',  ( -9.815381056766620205, 2.081668171172168513E-14, 0.4000000000000000222 ) ) ;
#3226 = DIRECTION ( 'NONE',  ( 0.7071067811865519026, 0.000000000000000000, 0.7071067811865431318 ) ) ;
#3227 = CARTESIAN_POINT ( 'NONE',  ( 14.57788105676658930, -40.24963065701543030, -0.4000000000000000222 ) ) ;
#3228 = CARTESIAN_POINT ( 'NONE',  ( -1.587500000000005684, -40.24963065701545162, 0.4000000000000000222 ) ) ;
#3229 = AXIS2_PLACEMENT_3D ( 'NONE', #6858, #7606, #5439 ) ;
#3230 = DIRECTION ( 'NONE',  ( -0.5000000000000029976, 0.8660254037844369313, -0.000000000000000000 ) ) ;
#3232 = VERTEX_POINT ( 'NONE', #723 ) ;
#3231 = ORIENTED_EDGE ( 'NONE', *, *, #668, .F. ) ;
#3233 = VERTEX_POINT ( 'NONE', #4888 ) ;
#3234 = ORIENTED_EDGE ( 'NONE', *, *, #168, .T. ) ;
#3235 = DIRECTION ( 'NONE',  ( -0.000000000000000000, -1.000000000000000000, -0.000000000000000000 ) ) ;
#3236 = EDGE_CURVE ( 'NONE', #6388, #5635, #1468, .T. ) ;
#3237 = DIRECTION ( 'NONE',  ( 0.000000000000000000, 0.000000000000000000, -1.000000000000000000 ) ) ;
#3238 = VERTEX_POINT ( 'NONE', #7496 ) ;
#3239 = VECTOR ( 'NONE', #697, 999.9999999999998863 ) ;
#3240 = ADVANCED_FACE ( 'NONE', ( #4130 ), #6217, .T. ) ;
#3241 = PLANE ( 'NONE',  #6730 ) ;
#3242 = EDGE_CURVE ( 'NONE', #2041, #3336, #145, .T. ) ;
#3243 = VERTEX_POINT ( 'NONE', #2841 ) ;
#3244 = ORIENTED_EDGE ( 'NONE', *, *, #883, .F. ) ;
#3245 = ORIENTED_EDGE ( 'NONE', *, *, #3584, .T. ) ;
#3246 = CARTESIAN_POINT ( 'NONE',  ( -34.88565153255794371, -49.00000000000000000, 0.3999999999999999667 ) ) ;
#3247 = DIRECTION ( 'NONE',  ( 0.4999999999999968359, 0.8660254037844404840, 0.000000000000000000 ) ) ;
#3248 = VECTOR ( 'NONE', #2781, 1000.000000000000000 ) ;
#3249 = PLANE ( 'NONE',  #2072 ) ;
#3250 = FACE_OUTER_BOUND ( 'NONE', #5468, .T. ) ;
#3251 = AXIS2_PLACEMENT_3D ( 'NONE', #2362, #5122, #3077 ) ;
#3252 = CARTESIAN_POINT ( 'NONE',  ( 21.93888374866285318, 2.500000000000024869, -0.4000000000000000222 ) ) ;
#3253 = VERTEX_POINT ( 'NONE', #7456 ) ;
#3254 = ORIENTED_EDGE ( 'NONE', *, *, #4617, .T. ) ;
#3255 = FACE_OUTER_BOUND ( 'NONE', #3669, .T. ) ;
#3256 = FACE_OUTER_BOUND ( 'NONE', #6564, .T. ) ;
#3257 = EDGE_CURVE ( 'NONE', #8047, #4384, #7508, .T. ) ;
#3258 = CARTESIAN_POINT ( 'NONE',  ( 16.31057158514988359, -41.24999999999984368, -0.4000000000000000222 ) ) ;
#3259 = DIRECTION ( 'NONE',  ( 0.8660254037844404840, -0.4999999999999968359, 0.000000000000000000 ) ) ;
#3260 = EDGE_CURVE ( 'NONE', #5186, #3408, #8129, .T. ) ;
#3261 = DIRECTION ( 'NONE',  ( -1.000000000000000000, 0.000000000000000000, 0.000000000000000000 ) ) ;
#3262 = VECTOR ( 'NONE', #297, 1000.000000000000000 ) ;
#3263 = PLANE ( 'NONE',  #3748 ) ;
#3264 = FACE_OUTER_BOUND ( 'NONE', #5369, .T. ) ;
#3265 = VERTEX_POINT ( 'NONE', #8747 ) ;
#3266 = FACE_OUTER_BOUND ( 'NONE', #3450, .T. ) ;
#3267 = CARTESIAN_POINT ( 'NONE',  ( -24.39326211353319707, -40.24963065701543741, -0.4000000000000000222 ) ) ;
#3268 = DIRECTION ( 'NONE',  ( -0.000000000000000000, -0.000000000000000000, 1.000000000000000000 ) ) ;
#3269 = EDGE_CURVE ( 'NONE', #3265, #2334, #2670, .T. ) ;
#3270 = EDGE_CURVE ( 'NONE', #1056, #2249, #4045, .T. ) ;
#3271 = AXIS2_PLACEMENT_3D ( 'NONE', #2737, #2777, #2113 ) ;
#3272 = DIRECTION ( 'NONE',  ( -1.000000000000000000, -3.330669073875469621E-15, -0.000000000000000000 ) ) ;
#3273 = CARTESIAN_POINT ( 'NONE',  ( 34.85152525621062125, -42.63464884900432139, 0.3999999999999999667 ) ) ;
#3275 = ORIENTED_EDGE ( 'NONE', *, *, #3722, .T. ) ;
#3274 = ORIENTED_EDGE ( 'NONE', *, *, #3643, .F. ) ;
#3276 = VECTOR ( 'NONE', #706, 1000.000000000000000 ) ;
#3277 = ORIENTED_EDGE ( 'NONE', *, *, #4817, .F. ) ;
#3278 = VERTEX_POINT ( 'NONE', #6127 ) ;
#3279 = CARTESIAN_POINT ( 'NONE',  ( 16.16538105676657722, 2.775557561562891351E-14, -0.4000000000000000222 ) ) ;
#3280 = CARTESIAN_POINT ( 'NONE',  ( -8.082690528383313477, 1.000369342984391841, -0.4000000000000000222 ) ) ;
#3281 = ORIENTED_EDGE ( 'NONE', *, *, #1073, .F. ) ;
#3282 = DIRECTION ( 'NONE',  ( -0.000000000000000000, -0.000000000000000000, 1.000000000000000000 ) ) ;
#3283 = ORIENTED_EDGE ( 'NONE', *, *, #1633, .T. ) ;
#3284 = ORIENTED_EDGE ( 'NONE', *, *, #2659, .F. ) ;
#3285 = VERTEX_POINT ( 'NONE', #8169 ) ;
#3286 = LINE ( 'NONE', #1291, #791 ) ;
#3287 = EDGE_CURVE ( 'NONE', #578, #7498, #58, .T. ) ;
#3288 = LINE ( 'NONE', #5996, #6610 ) ;
#3289 = CARTESIAN_POINT ( 'NONE',  ( 24.39326211353316864, 2.749630657015597723, -0.4000000000000000222 ) ) ;
#3290 = DIRECTION ( 'NONE',  ( -0.8660254037844407060, 0.4999999999999965028, 0.000000000000000000 ) ) ;
#3291 = VECTOR ( 'NONE', #3644, 1000.000000000000000 ) ;
#3292 = ORIENTED_EDGE ( 'NONE', *, *, #1415, .T. ) ;
#3293 = ORIENTED_EDGE ( 'NONE', *, *, #6290, .T. ) ;
#3294 = DIRECTION ( 'NONE',  ( -0.5000000000000029976, 0.8660254037844369313, 0.000000000000000000 ) ) ;
#3295 = CARTESIAN_POINT ( 'NONE',  ( 41.29999999999999005, 42.58565153255791813, 0.3999999999999999667 ) ) ;
#3296 = CARTESIAN_POINT ( 'NONE',  ( 30.02264047840343864, -39.99999999999993605, -0.4000000000000000222 ) ) ;
#3297 = VECTOR ( 'NONE', #7615, 1000.000000000000000 ) ;
#3298 = DIRECTION ( 'NONE',  ( -0.8660254037844368202, -0.5000000000000031086, 0.000000000000000000 ) ) ;
#3299 = ORIENTED_EDGE ( 'NONE', *, *, #2689, .F. ) ;
#3300 = VECTOR ( 'NONE', #2945, 1000.000000000000000 ) ;
#3301 = DIRECTION ( 'NONE',  ( -0.5000000000000029976, 0.8660254037844369313, -0.000000000000000000 ) ) ;
#3302 = CARTESIAN_POINT ( 'NONE',  ( 34.06345264191645583, -8.500369342984342325, 0.4000000000000000222 ) ) ;
#3303 = VECTOR ( 'NONE', #8510, 1000.000000000000000 ) ;
#3304 = FACE_OUTER_BOUND ( 'NONE', #529, .T. ) ;
#3305 = EDGE_CURVE ( 'NONE', #2210, #5002, #4342, .T. ) ;
#3306 = VERTEX_POINT ( 'NONE', #5008 ) ;
#3307 = DIRECTION ( 'NONE',  ( -0.000000000000000000, -0.000000000000000000, 1.000000000000000000 ) ) ;
#3308 = CARTESIAN_POINT ( 'NONE',  ( 24.24913778650730123, -39.99999999999993605, -0.4000000000000000222 ) ) ;
#3309 = CARTESIAN_POINT ( 'NONE',  ( -17.89807158514991059, 38.50036934298425706, -0.4000000000000000222 ) ) ;
#3310 = EDGE_CURVE ( 'NONE', #3592, #2349, #8337, .T. ) ;
#3311 = CARTESIAN_POINT ( 'NONE',  ( -38.10000000000000142, -45.79999999999999005, 1.200000000000001954 ) ) ;
#3312 = EDGE_CURVE ( 'NONE', #4046, #6813, #230, .T. ) ;
#3313 = LINE ( 'NONE', #535, #1429 ) ;
#3314 = EDGE_CURVE ( 'NONE', #1364, #5424, #5632, .T. ) ;
#3315 = CARTESIAN_POINT ( 'NONE',  ( -30.88845264191652973, 36.49963065701547293, 0.4000000000000000222 ) ) ;
#3316 = ORIENTED_EDGE ( 'NONE', *, *, #4846, .F. ) ;
#3317 = ORIENTED_EDGE ( 'NONE', *, *, #1132, .T. ) ;
#3318 = ORIENTED_EDGE ( 'NONE', *, *, #3312, .F. ) ;
#3319 = LINE ( 'NONE', #6029, #1368 ) ;
#3320 = ADVANCED_FACE ( 'NONE', ( #4306 ), #5765, .T. ) ;
#3321 = EDGE_CURVE ( 'NONE', #4048, #6388, #3013, .T. ) ;
#3322 = FACE_OUTER_BOUND ( 'NONE', #7616, .T. ) ;
#3323 = ORIENTED_EDGE ( 'NONE', *, *, #3169, .T. ) ;
#3324 = VECTOR ( 'NONE', #2092, 1000.000000000000000 ) ;
#3325 = PLANE ( 'NONE',  #6295 ) ;
#3326 = EDGE_LOOP ( 'NONE', ( #8705, #4633, #2899, #6649, #2706, #5360, #8329, #4745 ) ) ;
#3327 = EDGE_LOOP ( 'NONE', ( #8741, #6181, #6122, #7877 ) ) ;
#3328 = ORIENTED_EDGE ( 'NONE', *, *, #2654, .F. ) ;
#3329 = LINE ( 'NONE', #4081, #1920 ) ;
#3330 = VECTOR ( 'NONE', #4729, 1000.000000000000000 ) ;
#3331 = APPLICATION_PROTOCOL_DEFINITION ( 'draft international standard', 'automotive_design', 1998, #5532 ) ;
#3332 = DIRECTION ( 'NONE',  ( -0.7071067811865487940, 0.7071067811865463515, 0.000000000000000000 ) ) ;
#3333 = CARTESIAN_POINT ( 'NONE',  ( -24.24913778650729768, 2.500000000000024869, -0.4000000000000000222 ) ) ;
#3334 = CARTESIAN_POINT ( 'NONE',  ( 30.88845264191646223, -1.000369342984384957, 0.4000000000000000222 ) ) ;
#3335 = ORIENTED_EDGE ( 'NONE', *, *, #2449, .F. ) ;
#3336 = VERTEX_POINT ( 'NONE', #5717 ) ;
#3337 = LINE ( 'NONE', #6047, #5239 ) ;
#3338 = VECTOR ( 'NONE', #4460, 1000.000000000000000 ) ;
#3339 = CARTESIAN_POINT ( 'NONE',  ( 41.29999999999999005, 44.47009955363648714, 0.8089026739856161052 ) ) ;
#3340 = DIRECTION ( 'NONE',  ( -1.000000000000000000, 0.000000000000000000, 0.000000000000000000 ) ) ;
#3341 = VECTOR ( 'NONE', #8615, 1000.000000000000000 ) ;
#3342 = DIRECTION ( 'NONE',  ( 0.000000000000000000, 0.000000000000000000, -1.000000000000000000 ) ) ;
#3343 = EDGE_CURVE ( 'NONE', #2496, #3421, #1687, .T. ) ;
#3344 = DIRECTION ( 'NONE',  ( -1.000000000000000000, -0.000000000000000000, -0.000000000000000000 ) ) ;
#3345 = ORIENTED_EDGE ( 'NONE', *, *, #4574, .F. ) ;
#3346 = CIRCLE ( 'NONE', #226, 1.599999999999997202 ) ;
#3347 = EDGE_CURVE ( 'NONE', #7486, #3306, #8420, .T. ) ;
#3348 = CARTESIAN_POINT ( 'NONE',  ( -29.15576211353322122, 0.000000000000000000, 0.4000000000000000222 ) ) ;
#3349 = PLANE ( 'NONE',  #4889 ) ;
#3350 = ADVANCED_FACE ( 'NONE', ( #1593 ), #2393, .T. ) ;
#3351 = CARTESIAN_POINT ( 'NONE',  ( 1.587500000000002132, -2.749630657015583957, -0.4000000000000000222 ) ) ;
#3352 = EDGE_LOOP ( 'NONE', ( #1857, #8553, #1806, #2715 ) ) ;
#3353 = CARTESIAN_POINT ( 'NONE',  ( -34.92926480542951140, 2.500000000000024869, -0.4000000000000000222 ) ) ;
#3354 = LINE ( 'NONE', #1979, #6914 ) ;
#3355 = CARTESIAN_POINT ( 'NONE',  ( -41.30000000000001137, -45.79999999999999005, 1.119055016130101166 ) ) ;
#3356 = PRODUCT_DEFINITION_SHAPE ( 'NONE', 'NONE',  #4165 ) ;
#3357 = DIRECTION ( 'NONE',  ( -0.8660254037844368202, -0.5000000000000031086, 0.000000000000000000 ) ) ;
#3358 = EDGE_CURVE ( 'NONE', #8229, #6800, #977, .T. ) ;
#3359 = ADVANCED_FACE ( 'NONE', ( #7807 ), #5597, .T. ) ;
#3360 = LINE ( 'NONE', #3401, #8100 ) ;
#3361 = VERTEX_POINT ( 'NONE', #269 ) ;
#3362 = ORIENTED_EDGE ( 'NONE', *, *, #6006, .F. ) ;
#3363 = VERTEX_POINT ( 'NONE', #7714 ) ;
#3364 = CARTESIAN_POINT ( 'NONE',  ( -41.30000000000001137, -49.00000000000000000, 0.4000000000000000222 ) ) ;
#3365 = LINE ( 'NONE', #4658, #6983 ) ;
#3366 = VERTEX_POINT ( 'NONE', #4218 ) ;
#3367 = ADVANCED_FACE ( 'NONE', ( #5056 ), #1642, .T. ) ;
#3368 = CARTESIAN_POINT ( 'NONE',  ( 38.10000000000000142, 45.79999999999999005, 1.200000000000001954 ) ) ;
#3369 = EDGE_CURVE ( 'NONE', #8576, #6958, #6923, .T. ) ;
#3370 = EDGE_LOOP ( 'NONE', ( #6156, #5516, #3189, #916 ) ) ;
#3371 = ORIENTED_EDGE ( 'NONE', *, *, #5739, .F. ) ;
#3372 = ORIENTED_EDGE ( 'NONE', *, *, #3451, .F. ) ;
#3373 = DIRECTION ( 'NONE',  ( 1.000000000000000000, 0.000000000000000000, 0.000000000000000000 ) ) ;
#3374 = CARTESIAN_POINT ( 'NONE',  ( -29.30095264191650273, -41.24999999999982947, -0.4000000000000000222 ) ) ;
#3375 = AXIS2_PLACEMENT_3D ( 'NONE', #4602, #204, #7605 ) ;
#3376 = LINE ( 'NONE', #721, #7397 ) ;
#3377 = EDGE_CURVE ( 'NONE', #1283, #4890, #4929, .T. ) ;
#3378 = EDGE_CURVE ( 'NONE', #90, #5949, #4259, .T. ) ;
#3379 = LINE ( 'NONE', #2135, #1055 ) ;
#3380 = AXIS2_PLACEMENT_3D ( 'NONE', #5262, #1976, #8105 ) ;
#3381 = EDGE_LOOP ( 'NONE', ( #3139, #362, #6474, #8208 ) ) ;
#3382 = ORIENTED_EDGE ( 'NONE', *, *, #7688, .T. ) ;
#3383 = ORIENTED_EDGE ( 'NONE', *, *, #3358, .F. ) ;
#3384 = LINE ( 'NONE', #107, #419 ) ;
#3385 = CARTESIAN_POINT ( 'NONE',  ( -29.30095264191651694, 41.24999999999985789, -0.4000000000000000222 ) ) ;
#3386 = DIRECTION ( 'NONE',  ( -0.4999999999999965028, -0.8660254037844407060, 0.000000000000000000 ) ) ;
#3387 = PLANE ( 'NONE',  #4331 ) ;
#3388 = VECTOR ( 'NONE', #727, 1000.000000000000000 ) ;
#3389 = DIRECTION ( 'NONE',  ( -0.000000000000000000, 0.000000000000000000, 1.000000000000000000 ) ) ;
#3390 = ORIENTED_EDGE ( 'NONE', *, *, #4073, .T. ) ;
#3391 = PLANE ( 'NONE',  #2278 ) ;
#3392 = CARTESIAN_POINT ( 'NONE',  ( -33.99963065701573584, 31.00036934298427838, -0.4000000000000000222 ) ) ;
#3393 = DIRECTION ( 'NONE',  ( 0.5000000000000031086, -0.8660254037844368202, 0.000000000000000000 ) ) ;
#3394 = ORIENTED_EDGE ( 'NONE', *, *, #4570, .F. ) ;
#3395 = LINE ( 'NONE', #4821, #3014 ) ;
#3396 = DIRECTION ( 'NONE',  ( 0.4999999999999968359, 0.8660254037844404840, 0.000000000000000000 ) ) ;
#3397 = CARTESIAN_POINT ( 'NONE',  ( -9.815381056766620205, 2.081668171172168513E-14, -0.4000000000000000222 ) ) ;
#3398 = DIRECTION ( 'NONE',  ( -0.000000000000000000, 0.000000000000000000, 1.000000000000000000 ) ) ;
#3399 = CARTESIAN_POINT ( 'NONE',  ( 22.66057158514988501, -41.24999999999981526, -0.4000000000000000222 ) ) ;
#3400 = CARTESIAN_POINT ( 'NONE',  ( -14.72200538379247803, 39.99999999999999289, -0.4000000000000000222 ) ) ;
#3401 = CARTESIAN_POINT ( 'NONE',  ( 0.000000000000000000, -39.99999999999993605, 0.4000000000000000222 ) ) ;
#3402 = EDGE_LOOP ( 'NONE', ( #136, #2673, #6620, #7051, #3723 ) ) ;
#3403 = CARTESIAN_POINT ( 'NONE',  ( 16.31057158514986938, 41.24999999999982947, -0.4000000000000000222 ) ) ;
#3404 = VERTEX_POINT ( 'NONE', #5860 ) ;
#3405 = CARTESIAN_POINT ( 'NONE',  ( 0.000000000000000000, 0.000000000000000000, 0.6000000000000000888 ) ) ;
#3406 = CARTESIAN_POINT ( 'NONE',  ( -37.50000000000000000, 2.500000000000024869, 0.4000000000000000222 ) ) ;
#3407 = DIRECTION ( 'NONE',  ( 0.4999999999999968359, 0.8660254037844404840, 0.000000000000000000 ) ) ;
#3408 = VERTEX_POINT ( 'NONE', #4577 ) ;
#3409 = VECTOR ( 'NONE', #8725, 1000.000000000000114 ) ;
#3410 = CARTESIAN_POINT ( 'NONE',  ( -29.15576211353322122, 37.49999999999985079, 0.4000000000000000222 ) ) ;
#3411 = ORIENTED_EDGE ( 'NONE', *, *, #7745, .F. ) ;
#3412 = ORIENTED_EDGE ( 'NONE', *, *, #972, .T. ) ;
#3413 = CARTESIAN_POINT ( 'NONE',  ( 25.00000000000000000, -2.499999999999980904, -0.4000000000000000222 ) ) ;
#3414 = VECTOR ( 'NONE', #2188, 1000.000000000000000 ) ;
#3415 = PLANE ( 'NONE',  #1927 ) ;
#3416 = AXIS2_PLACEMENT_3D ( 'NONE', #4397, #3910, #7857 ) ;
#3417 = LINE ( 'NONE', #637, #3866 ) ;
#3418 = EDGE_CURVE ( 'NONE', #648, #7142, #3813, .T. ) ;
#3419 = DIRECTION ( 'NONE',  ( -0.4999999999999965583, -0.8660254037844407060, -0.000000000000000000 ) ) ;
#3420 = ORIENTED_EDGE ( 'NONE', *, *, #5101, .F. ) ;
#3421 = VERTEX_POINT ( 'NONE', #1244 ) ;
#3422 = ORIENTED_EDGE ( 'NONE', *, *, #101, .F. ) ;
#3423 = DIRECTION ( 'NONE',  ( 1.000000000000000000, 3.663735981263016583E-15, 0.000000000000000000 ) ) ;
#3424 = FACE_OUTER_BOUND ( 'NONE', #8081, .T. ) ;
#3425 = PLANE ( 'NONE',  #8041 ) ;
#3426 = CARTESIAN_POINT ( 'NONE',  ( -35.65095264191651836, 33.74999999999986500, -0.4000000000000000222 ) ) ;
#3427 = ORIENTED_EDGE ( 'NONE', *, *, #8172, .T. ) ;
#3428 = LINE ( 'NONE', #6096, #302 ) ;
#3429 = CIRCLE ( 'NONE', #5695, 4.535640646055099090 ) ;
#3430 = LINE ( 'NONE', #157, #7172 ) ;
#3431 = EDGE_CURVE ( 'NONE', #8518, #4220, #6527, .T. ) ;
#3432 = ORIENTED_EDGE ( 'NONE', *, *, #180, .T. ) ;
#3433 = CARTESIAN_POINT ( 'NONE',  ( -30.88845264191652973, 36.49963065701547293, -0.4000000000000000222 ) ) ;
#3434 = ORIENTED_EDGE ( 'NONE', *, *, #8324, .T. ) ;
#3435 = LINE ( 'NONE', #8343, #7679 ) ;
#3436 = DIRECTION ( 'NONE',  ( -0.000000000000000000, -0.000000000000000000, -1.000000000000000000 ) ) ;
#3437 = DIRECTION ( 'NONE',  ( 0.000000000000000000, 0.000000000000000000, -1.000000000000000000 ) ) ;
#3438 = VECTOR ( 'NONE', #4355, 1000.000000000000000 ) ;
#3439 = PLANE ( 'NONE',  #3586 ) ;
#3440 = AXIS2_PLACEMENT_3D ( 'NONE', #1218, #7960, #4051 ) ;
#3441 = DIRECTION ( 'NONE',  ( -0.8660254037844407060, 0.4999999999999965028, 0.000000000000000000 ) ) ;
#3442 = DIRECTION ( 'NONE',  ( 1.000000000000000000, 0.000000000000000000, 0.000000000000000000 ) ) ;
#3443 = LINE ( 'NONE', #2908, #414 ) ;
#3444 = VERTEX_POINT ( 'NONE', #545 ) ;
#3445 = VECTOR ( 'NONE', #4977, 1000.000000000000000 ) ;
#3446 = ORIENTED_EDGE ( 'NONE', *, *, #3534, .T. ) ;
#3447 = LINE ( 'NONE', #7482, #6229 ) ;
#3448 = DIRECTION ( 'NONE',  ( 1.000000000000000000, 3.663735981263016583E-15, 0.000000000000000000 ) ) ;
#3449 = LINE ( 'NONE', #6161, #7832 ) ;
#3450 = EDGE_LOOP ( 'NONE', ( #7934, #5272, #5789, #5895 ) ) ;
#3451 = EDGE_CURVE ( 'NONE', #2958, #1164, #1866, .T. ) ;
#3452 = ADVANCED_FACE ( 'NONE', ( #458 ), #2571, .T. ) ;
#3453 = LINE ( 'NONE', #1457, #7711 ) ;
#3454 = ORIENTED_EDGE ( 'NONE', *, *, #1373, .T. ) ;
#3455 = ORIENTED_EDGE ( 'NONE', *, *, #5800, .F. ) ;
#3456 = ADVANCED_FACE ( 'NONE', ( #6657 ), #3241, .T. ) ;
#3457 = CARTESIAN_POINT ( 'NONE',  ( -35.43821177126892508, -48.99999999999999289, 0.3999999999999995226 ) ) ;
#3458 = CARTESIAN_POINT ( 'NONE',  ( -30.88845264191652973, -1.000369342984384957, 0.4000000000000000222 ) ) ;
#3459 = VECTOR ( 'NONE', #2219, 1000.000000000000000 ) ;
#3460 = CARTESIAN_POINT ( 'NONE',  ( -29.30095264191651694, -3.749999999999968470, -0.4000000000000000222 ) ) ;
#3461 = ADVANCED_FACE ( 'NONE', ( #4618 ), #6480, .T. ) ;
#3462 = LINE ( 'NONE', #11, #7286 ) ;
#3463 = VECTOR ( 'NONE', #4017, 1000.000000000000000 ) ;
#3464 = ORIENTED_EDGE ( 'NONE', *, *, #4575, .T. ) ;
#3465 = ORIENTED_EDGE ( 'NONE', *, *, #3886, .F. ) ;
#3466 = EDGE_CURVE ( 'NONE', #1001, #8619, #5990, .T. ) ;
#3467 = ORIENTED_EDGE ( 'NONE', *, *, #5299, .F. ) ;
#3468 = CARTESIAN_POINT ( 'NONE',  ( -30.88845264191650486, -6.499630657015566193, -0.4000000000000000222 ) ) ;
#3469 = LINE ( 'NONE', #17, #6708 ) ;
#3470 = PLANE ( 'NONE',  #6477 ) ;
#3471 = CARTESIAN_POINT ( 'NONE',  ( 35.43821177126893218, 49.00000000000000711, 0.3999999999999995226 ) ) ;
#3472 = AXIS2_PLACEMENT_3D ( 'NONE', #7, #2751, #2707 ) ;
#3473 = ORIENTED_EDGE ( 'NONE', *, *, #5952, .F. ) ;
#3474 = DIRECTION ( 'NONE',  ( 0.000000000000000000, 0.000000000000000000, 1.000000000000000000 ) ) ;
#3475 = DIRECTION ( 'NONE',  ( 0.000000000000000000, 0.000000000000000000, 1.000000000000000000 ) ) ;
#3476 = EDGE_CURVE ( 'NONE', #4265, #2361, #8561, .T. ) ;
#3477 = ORIENTED_EDGE ( 'NONE', *, *, #5595, .F. ) ;
#3478 = DIRECTION ( 'NONE',  ( -0.000000000000000000, -0.000000000000000000, 1.000000000000000000 ) ) ;
#3479 = ORIENTED_EDGE ( 'NONE', *, *, #3347, .F. ) ;
#3480 = LINE ( 'NONE', #6771, #6848 ) ;
#3481 = LINE ( 'NONE', #4862, #5000 ) ;
#3482 = CARTESIAN_POINT ( 'NONE',  ( 17.03225942163680884, 39.99999999999999289, -0.4000000000000000222 ) ) ;
#3483 = VECTOR ( 'NONE', #34, 1000.000000000000000 ) ;
#3484 = CARTESIAN_POINT ( 'NONE',  ( 17.89807158514986085, -1.000369342984391841, -0.4000000000000000222 ) ) ;
#3485 = EDGE_CURVE ( 'NONE', #5010, #8229, #7943, .T. ) ;
#3486 = DIRECTION ( 'NONE',  ( -0.5000000000000029976, 0.8660254037844369313, -0.000000000000000000 ) ) ;
#3487 = CLOSED_SHELL ( 'NONE', ( #394, #3590, #6798, #2267, #4655, #5878, #4188, #2645, #313, #7640, #7617, #286, #8051, #8034, #4379, #3960, #5376, #5688, #2983, #2429, #8185, #1232, #4181, #5534, #6637, #3547, #5433, #8326, #2567, #4657, #6121, #7117, #7215, #6765, #6743, #2926, #7326, #512, #7433, #8467, #1992, #6611, #5957, #8446, #3789, #729, #2907, #1853, #7139, #6880, #239, #1124, #6705, #4789, #6936, #3619, #4952, #3240, #8675, #7104, #2152, #5313, #3682, #754, #1212, #2694, #4459, #132, #510, #2331, #6587, #5654, #3560, #6349, #2854, #7991, #2045, #227, #3032, #4028, #1573, #1534, #1136, #5160, #771, #1092, #5845, #6688, #2225, #5916, #3848, #3576, #5985, #7411, #7007, #2004, #8543, #5461, #6790, #6197, #6287, #2257, #6777, #2992, #5004, #1303, #5020, #3320, #700, #5465, #3461, #3, #1774, #3359, #4988, #6090, #2121, #1814, #125, #8358, #1482, #2657, #5047, #4942, #5965, #2208, #3037, #1697, #2787, #6762, #6499, #6429, #831, #5027, #8436, #3731, #6520, #7940, #80, #5406, #4763, #7060, #1219, #7348, #5174, #8603, #5875, #3035, #7622, #3715, #2727, #6235, #6922, #3045, #6328, #3145, #8695, #3829, #6134, #7174, #7757, #8608, #3456, #1909, #715, #8398, #1502, #1062, #747, #1305, #2163, #3452, #6725, #7440, #8067, #4827, #1952, #1777, #7567, #779, #6075, #3890, #207, #5208, #1526, #8253, #3367, #2460, #338, #4173, #1919, #7099, #170, #5276, #6714, #399, #3536, #4009, #4546, #2547, #8156, #1867, #7700, #7867, #1466, #7570, #2668, #3350, #3859, #8496, #3831, #570, #8036, #3608, #1009, #2834, #7049, #2184, #1862, #576, #6182, #5852, #5499, #1035, #1294, #5032, #825 ) ) ;
#3488 = CARTESIAN_POINT ( 'NONE',  ( 37.50000000000000000, 27.50000000000002487, -0.4000000000000000222 ) ) ;
#3489 = ORIENTED_EDGE ( 'NONE', *, *, #2586, .F. ) ;
#3490 = ORIENTED_EDGE ( 'NONE', *, *, #6451, .F. ) ;
#3491 = VECTOR ( 'NONE', #3235, 1000.000000000000000 ) ;
#3492 = CARTESIAN_POINT ( 'NONE',  ( 3.320190528383275108, 41.24999999999982947, -0.4000000000000000222 ) ) ;
#3493 = LINE ( 'NONE', #5498, #8033 ) ;
#3494 = LINE ( 'NONE', #6206, #2840 ) ;
#3495 = VERTEX_POINT ( 'NONE', #5199 ) ;
#3496 = VECTOR ( 'NONE', #4093, 1000.000000000000000 ) ;
#3497 = CARTESIAN_POINT ( 'NONE',  ( -4.907690528383336748, 43.99963065701543741, -0.4000000000000000222 ) ) ;
#3498 = VERTEX_POINT ( 'NONE', #4530 ) ;
#3499 = ORIENTED_EDGE ( 'NONE', *, *, #5839, .T. ) ;
#3500 = ORIENTED_EDGE ( 'NONE', *, *, #4389, .F. ) ;
#3501 = DIRECTION ( 'NONE',  ( -1.000000000000000000, 0.000000000000000000, 0.000000000000000000 ) ) ;
#3502 = EDGE_CURVE ( 'NONE', #3444, #4919, #7316, .T. ) ;
#3503 = DIRECTION ( 'NONE',  ( 0.5000000000000032196, -0.8660254037844368202, 0.000000000000000000 ) ) ;
#3504 = EDGE_CURVE ( 'NONE', #8183, #1237, #4604, .T. ) ;
#3505 = DIRECTION ( 'NONE',  ( 0.4999999999999968359, 0.8660254037844404840, 0.000000000000000000 ) ) ;
#3506 = VECTOR ( 'NONE', #3437, 1000.000000000000000 ) ;
#3507 = ORIENTED_EDGE ( 'NONE', *, *, #5218, .F. ) ;
#3508 = ORIENTED_EDGE ( 'NONE', *, *, #4774, .T. ) ;
#3509 = ORIENTED_EDGE ( 'NONE', *, *, #4137, .F. ) ;
#3510 = CARTESIAN_POINT ( 'NONE',  ( -30.88845264191652973, -1.000369342984384957, -0.4000000000000000222 ) ) ;
#3511 = VECTOR ( 'NONE', #7124, 999.9999999999998863 ) ;
#3512 = DIRECTION ( 'NONE',  ( 0.5000000000000032196, -0.8660254037844368202, 0.000000000000000000 ) ) ;
#3513 = CARTESIAN_POINT ( 'NONE',  ( 37.50000000000001421, -39.99999999999993605, -0.4000000000000000222 ) ) ;
#3514 = DIRECTION ( 'NONE',  ( -0.8660254037844407060, 0.4999999999999965028, 0.000000000000000000 ) ) ;
#3515 = ORIENTED_EDGE ( 'NONE', *, *, #3997, .F. ) ;
#3516 = VECTOR ( 'NONE', #6200, 999.9999999999998863 ) ;
#3517 = FACE_OUTER_BOUND ( 'NONE', #8641, .T. ) ;
#3518 = FACE_OUTER_BOUND ( 'NONE', #2570, .T. ) ;
#3519 = EDGE_CURVE ( 'NONE', #7879, #7090, #5242, .T. ) ;
#3520 = ORIENTED_EDGE ( 'NONE', *, *, #180, .F. ) ;
#3521 = CARTESIAN_POINT ( 'NONE',  ( 38.10000000000000142, -45.79999999999999005, 1.200000000000001954 ) ) ;
#3522 = VERTEX_POINT ( 'NONE', #4438 ) ;
#3523 = LINE ( 'NONE', #8272, #7407 ) ;
#3524 = DIRECTION ( 'NONE',  ( 0.7071067811865467956, 0.7071067811865483499, -0.000000000000000000 ) ) ;
#3525 = VECTOR ( 'NONE', #6263, 1000.000000000000114 ) ;
#3526 = CARTESIAN_POINT ( 'NONE',  ( 4.907690528383266582, 43.99963065701542320, -0.4000000000000000222 ) ) ;
#3527 = EDGE_CURVE ( 'NONE', #6828, #6958, #7140, .T. ) ;
#3528 = CARTESIAN_POINT ( 'NONE',  ( -25.24963065701560438, -2.749630657015579072, 0.4000000000000000222 ) ) ;
#3529 = VECTOR ( 'NONE', #4115, 1000.000000000000000 ) ;
#3530 = FACE_OUTER_BOUND ( 'NONE', #8132, .T. ) ;
#3531 = ORIENTED_EDGE ( 'NONE', *, *, #1754, .T. ) ;
#3532 = ORIENTED_EDGE ( 'NONE', *, *, #4264, .T. ) ;
#3533 = DIRECTION ( 'NONE',  ( 1.000000000000000000, 3.663735981263016583E-15, 0.000000000000000000 ) ) ;
#3534 = EDGE_CURVE ( 'NONE', #718, #3363, #4457, .T. ) ;
#3535 = CARTESIAN_POINT ( 'NONE',  ( -4.907690528383298556, -43.99963065701541609, 0.4000000000000000222 ) ) ;
#3536 = ADVANCED_FACE ( 'NONE', ( #6572 ), #5905, .F. ) ;
#3537 = CARTESIAN_POINT ( 'NONE',  ( -35.65095264191650415, -41.24999999999985789, 0.4000000000000000222 ) ) ;
#3538 = ORIENTED_EDGE ( 'NONE', *, *, #7823, .F. ) ;
#3539 = ORIENTED_EDGE ( 'NONE', *, *, #443, .F. ) ;
#3540 = ORIENTED_EDGE ( 'NONE', *, *, #3570, .F. ) ;
#3541 = ORIENTED_EDGE ( 'NONE', *, *, #1241, .T. ) ;
#3542 = PLANE ( 'NONE',  #2205 ) ;
#3543 = FACE_BOUND ( 'NONE', #4315, .T. ) ;
#3544 = VECTOR ( 'NONE', #7827, 1000.000000000000000 ) ;
#3545 = DIRECTION ( 'NONE',  ( 0.000000000000000000, 0.000000000000000000, 1.000000000000000000 ) ) ;
#3546 = VECTOR ( 'NONE', #428, 1000.000000000000000 ) ;
#3547 = ADVANCED_FACE ( 'NONE', ( #7186 ), #4484, .T. ) ;
#3548 = ORIENTED_EDGE ( 'NONE', *, *, #2582, .T. ) ;
#3549 = ORIENTED_EDGE ( 'NONE', *, *, #559, .T. ) ;
#3550 = VECTOR ( 'NONE', #5970, 1000.000000000000000 ) ;
#3551 = ORIENTED_EDGE ( 'NONE', *, *, #4847, .F. ) ;
#3552 = CARTESIAN_POINT ( 'NONE',  ( -3.320190528383309747, -41.24999999999982236, 0.4000000000000000222 ) ) ;
#3553 = CONICAL_SURFACE ( 'NONE', #2710, 3.149999999999999911, 0.7853981633974544962 ) ;
#3554 = VECTOR ( 'NONE', #3344, 1000.000000000000000 ) ;
#3555 = CARTESIAN_POINT ( 'NONE',  ( 35.65095264191646862, 41.24999999999985789, 0.4000000000000000222 ) ) ;
#3556 = DIRECTION ( 'NONE',  ( -0.5000000000000029976, 0.8660254037844369313, -0.000000000000000000 ) ) ;
#3557 = CARTESIAN_POINT ( 'NONE',  ( 17.89807158514987506, -38.50036934298424285, -0.4000000000000000222 ) ) ;
#3558 = EDGE_CURVE ( 'NONE', #3937, #1690, #4662, .T. ) ;
#3559 = ORIENTED_EDGE ( 'NONE', *, *, #7746, .T. ) ;
#3560 = ADVANCED_FACE ( 'NONE', ( #1414 ), #3325, .T. ) ;
#3561 = DIRECTION ( 'NONE',  ( 1.000000000000000000, 0.000000000000000000, 0.000000000000000000 ) ) ;
#3562 = LINE ( 'NONE', #737, #1365 ) ;
#3563 = VERTEX_POINT ( 'NONE', #6034 ) ;
#3564 = CARTESIAN_POINT ( 'NONE',  ( -25.00000000000000000, 39.99999999999999289, -0.4000000000000000222 ) ) ;
#3565 = ORIENTED_EDGE ( 'NONE', *, *, #2081, .T. ) ;
#3566 = DIRECTION ( 'NONE',  ( -0.000000000000000000, -0.000000000000000000, 1.000000000000000000 ) ) ;
#3567 = CARTESIAN_POINT ( 'NONE',  ( -25.00000000000000000, -2.499999999999980904, -0.4000000000000000222 ) ) ;
#3568 = DIRECTION ( 'NONE',  ( 0.8660254037844404840, -0.4999999999999968359, 0.000000000000000000 ) ) ;
#3569 = CARTESIAN_POINT ( 'NONE',  ( 33.56435935394490144, -45.79999999999999005, 0.3999999999999999667 ) ) ;
#3570 = EDGE_CURVE ( 'NONE', #5710, #2890, #7357, .T. ) ;
#3571 = DIRECTION ( 'NONE',  ( -0.4999999999999965583, -0.8660254037844407060, -0.000000000000000000 ) ) ;
#3572 = VERTEX_POINT ( 'NONE', #1285 ) ;
#3573 = CIRCLE ( 'NONE', #5989, 4.535640646055099090 ) ;
#3574 = DIRECTION ( 'NONE',  ( -0.4999999999999965583, -0.8660254037844407060, -0.000000000000000000 ) ) ;
#3575 = FACE_OUTER_BOUND ( 'NONE', #760, .T. ) ;
#3576 = ADVANCED_FACE ( 'NONE', ( #2 ), #4706, .T. ) ;
#3577 = PLANE ( 'NONE',  #383 ) ;
#3578 = DIRECTION ( 'NONE',  ( -0.000000000000000000, -0.000000000000000000, 1.000000000000000000 ) ) ;
#3579 = EDGE_LOOP ( 'NONE', ( #5390, #6460, #2747, #6661 ) ) ;
#3580 = VECTOR ( 'NONE', #2206, 1000.000000000000000 ) ;
#3581 = VECTOR ( 'NONE', #3167, 1000.000000000000114 ) ;
#3582 = ORIENTED_EDGE ( 'NONE', *, *, #6876, .T. ) ;
#3583 = VERTEX_POINT ( 'NONE', #1953 ) ;
#3584 = EDGE_CURVE ( 'NONE', #1592, #4417, #4122, .T. ) ;
#3585 = ORIENTED_EDGE ( 'NONE', *, *, #7101, .T. ) ;
#3586 = AXIS2_PLACEMENT_3D ( 'NONE', #6817, #6152, #1402 ) ;
#3587 = LINE ( 'NONE', #5005, #5434 ) ;
#3588 = FACE_OUTER_BOUND ( 'NONE', #5764, .T. ) ;
#3589 = ORIENTED_EDGE ( 'NONE', *, *, #1890, .F. ) ;
#3590 = ADVANCED_FACE ( 'NONE', ( #672 ), #2753, .F. ) ;
#3591 = CARTESIAN_POINT ( 'NONE',  ( -27.56826211353322975, 40.24963065701545162, -0.4000000000000000222 ) ) ;
#3592 = VERTEX_POINT ( 'NONE', #8205 ) ;
#3593 = ORIENTED_EDGE ( 'NONE', *, *, #1261, .F. ) ;
#3594 = EDGE_LOOP ( 'NONE', ( #6375, #7572, #4441, #1759, #5643 ) ) ;
#3595 = LINE ( 'NONE', #3772, #8633 ) ;
#3596 = DIRECTION ( 'NONE',  ( 0.000000000000000000, -1.000000000000000000, 0.000000000000000000 ) ) ;
#3597 = CARTESIAN_POINT ( 'NONE',  ( -17.89807158514993191, -1.000369342984377852, 0.4000000000000000222 ) ) ;
#3598 = CARTESIAN_POINT ( 'NONE',  ( -4.907690528383336748, -1.000369342984384957, -0.4000000000000000222 ) ) ;
#3599 = ORIENTED_EDGE ( 'NONE', *, *, #5536, .F. ) ;
#3600 = CARTESIAN_POINT ( 'NONE',  ( 0.000000000000000000, 0.000000000000000000, 0.4000000000000000222 ) ) ;
#3601 = DIRECTION ( 'NONE',  ( -1.000000000000000000, -3.330669073875469621E-15, -0.000000000000000000 ) ) ;
#3602 = ORIENTED_EDGE ( 'NONE', *, *, #7846, .F. ) ;
#3603 = DIRECTION ( 'NONE',  ( -0.000000000000000000, -0.000000000000000000, 1.000000000000000000 ) ) ;
#3604 = ORIENTED_EDGE ( 'NONE', *, *, #5739, .T. ) ;
#3605 = CARTESIAN_POINT ( 'NONE',  ( 33.93698350964250920, -43.99963065701540899, 0.3999999999999999667 ) ) ;
#3606 = FACE_OUTER_BOUND ( 'NONE', #3327, .T. ) ;
#3607 = EDGE_CURVE ( 'NONE', #448, #4659, #5411, .T. ) ;
#3608 = ADVANCED_FACE ( 'NONE', ( #5367 ), #2086, .T. ) ;
#3609 = LINE ( 'NONE', #8444, #8089 ) ;
#3610 = CARTESIAN_POINT ( 'NONE',  ( -39.69999999999999574, -45.79999999999999005, 0.4000000000000000222 ) ) ;
#3611 = EDGE_CURVE ( 'NONE', #8142, #1056, #4077, .T. ) ;
#3612 = CARTESIAN_POINT ( 'NONE',  ( 4.907690528383266582, 43.99963065701542320, -0.4000000000000000222 ) ) ;
#3613 = ORIENTED_EDGE ( 'NONE', *, *, #5305, .T. ) ;
#3614 = DIRECTION ( 'NONE',  ( 0.5000000000000032196, -0.8660254037844368202, 0.000000000000000000 ) ) ;
#3615 = DIRECTION ( 'NONE',  ( -0.4999999999999965583, -0.8660254037844407060, -0.000000000000000000 ) ) ;
#3616 = DIRECTION ( 'NONE',  ( 1.000000000000000000, 0.000000000000000000, 0.000000000000000000 ) ) ;
#3617 = VECTOR ( 'NONE', #5706, 1000.000000000000114 ) ;
#3618 = CARTESIAN_POINT ( 'NONE',  ( -17.03225942163687989, -39.99999999999993605, -0.4000000000000000222 ) ) ;
#3619 = ADVANCED_FACE ( 'NONE', ( #4747 ), #2658, .T. ) ;
#3620 = EDGE_CURVE ( 'NONE', #6694, #8339, #92, .T. ) ;
#3621 = VECTOR ( 'NONE', #8701, 1000.000000000000000 ) ;
#3622 = CARTESIAN_POINT ( 'NONE',  ( -38.10000000000000142, 45.79999999999999005, 2.000000000000000000 ) ) ;
#3623 = ORIENTED_EDGE ( 'NONE', *, *, #868, .T. ) ;
#3624 = VECTOR ( 'NONE', #2230, 1000.000000000000000 ) ;
#3625 = VECTOR ( 'NONE', #2786, 1000.000000000000000 ) ;
#3626 = VERTEX_POINT ( 'NONE', #2125 ) ;
#3627 = EDGE_LOOP ( 'NONE', ( #1987, #6423, #5801, #6613 ) ) ;
#3628 = ORIENTED_EDGE ( 'NONE', *, *, #5193, .F. ) ;
#3629 = DIRECTION ( 'NONE',  ( -0.5000000000000029976, 0.8660254037844369313, -0.000000000000000000 ) ) ;
#3630 = LINE ( 'NONE', #4172, #475 ) ;
#3631 = VERTEX_POINT ( 'NONE', #800 ) ;
#3632 = EDGE_CURVE ( 'NONE', #966, #6447, #8077, .T. ) ;
#3633 = EDGE_CURVE ( 'NONE', #5045, #3631, #7531, .T. ) ;
#3634 = DIRECTION ( 'NONE',  ( -1.000000000000000000, -3.330669073875469621E-15, 0.000000000000000000 ) ) ;
#3635 = ORIENTED_EDGE ( 'NONE', *, *, #4925, .F. ) ;
#3636 = ORIENTED_EDGE ( 'NONE', *, *, #4232, .F. ) ;
#3637 = ORIENTED_EDGE ( 'NONE', *, *, #8688, .F. ) ;
#3638 = LINE ( 'NONE', #1734, #2677 ) ;
#3639 = DIRECTION ( 'NONE',  ( -0.8660254037844368202, -0.5000000000000031086, 0.000000000000000000 ) ) ;
#3640 = CARTESIAN_POINT ( 'NONE',  ( -14.57788105676663015, 40.24963065701543741, -0.4000000000000000222 ) ) ;
#3641 = EDGE_CURVE ( 'NONE', #1011, #4482, #4838, .T. ) ;
#3642 = CARTESIAN_POINT ( 'NONE',  ( -4.907690528383336748, -1.000369342984384957, -0.4000000000000000222 ) ) ;
#3643 = EDGE_CURVE ( 'NONE', #6260, #2542, #3453, .T. ) ;
#3644 = DIRECTION ( 'NONE',  ( 1.000000000000000000, 3.663735981263016583E-15, 0.000000000000000000 ) ) ;
#3645 = VECTOR ( 'NONE', #7258, 1000.000000000000114 ) ;
#3646 = ORIENTED_EDGE ( 'NONE', *, *, #722, .F. ) ;
#3647 = PLANE ( 'NONE',  #6954 ) ;
#3648 = LINE ( 'NONE', #282, #939 ) ;
#3649 = ORIENTED_EDGE ( 'NONE', *, *, #1309, .F. ) ;
#3650 = LINE ( 'NONE', #2986, #4240 ) ;
#3651 = CARTESIAN_POINT ( 'NONE',  ( -30.88845264191649420, -43.99963065701542320, -0.4000000000000000222 ) ) ;
#3652 = PLANE ( 'NONE',  #450 ) ;
#3653 = AXIS2_PLACEMENT_3D ( 'NONE', #1409, #3864, #7901 ) ;
#3654 = CARTESIAN_POINT ( 'NONE',  ( 17.89807158514986085, -1.000369342984391841, -0.4000000000000000222 ) ) ;
#3655 = DIRECTION ( 'NONE',  ( 0.4999999999999968359, 0.8660254037844404840, 0.000000000000000000 ) ) ;
#3656 = LINE ( 'NONE', #2467, #6443 ) ;
#3657 = DIRECTION ( 'NONE',  ( -1.000000000000000000, -3.330669073875469621E-15, -0.000000000000000000 ) ) ;
#3658 = ORIENTED_EDGE ( 'NONE', *, *, #328, .F. ) ;
#3659 = AXIS2_PLACEMENT_3D ( 'NONE', #6854, #117, #4192 ) ;
#3660 = DIRECTION ( 'NONE',  ( -0.000000000000000000, -0.000000000000000000, 1.000000000000000000 ) ) ;
#3661 = CARTESIAN_POINT ( 'NONE',  ( -21.07307158514989709, -43.99963065701543030, -0.4000000000000000222 ) ) ;
#3662 = CARTESIAN_POINT ( 'NONE',  ( -40.20092599592282312, -49.00000000000000711, 0.5501078906019928327 ) ) ;
#3663 = DIRECTION ( 'NONE',  ( 1.000000000000000000, 3.663735981263016583E-15, 0.000000000000000000 ) ) ;
#3664 = CARTESIAN_POINT ( 'NONE',  ( 28.54971111735626721, 36.45028888264373279, 0.4000000000000000222 ) ) ;
#3665 = VERTEX_POINT ( 'NONE', #6210 ) ;
#3666 = AXIS2_PLACEMENT_3D ( 'NONE', #7012, #8472, #2399 ) ;
#3667 = ORIENTED_EDGE ( 'NONE', *, *, #3781, .T. ) ;
#3668 = ORIENTED_EDGE ( 'NONE', *, *, #5805, .T. ) ;
#3669 = EDGE_LOOP ( 'NONE', ( #3231, #2006, #4842, #6757 ) ) ;
#3670 = DIRECTION ( 'NONE',  ( -1.000000000000000000, -3.330669073875469621E-15, -0.000000000000000000 ) ) ;
#3671 = CARTESIAN_POINT ( 'NONE',  ( 40.74897359820285914, -48.99999999999999289, 0.4025057992484615266 ) ) ;
#3672 = FACE_BOUND ( 'NONE', #4453, .T. ) ;
#3673 = ORIENTED_EDGE ( 'NONE', *, *, #3719, .T. ) ;
#3674 = VECTOR ( 'NONE', #7078, 1000.000000000000000 ) ;
#3675 = CARTESIAN_POINT ( 'NONE',  ( 17.89807158514988217, 1.000369342984398724, -0.4000000000000000222 ) ) ;
#3676 = ORIENTED_EDGE ( 'NONE', *, *, #4161, .T. ) ;
#3677 = ORIENTED_EDGE ( 'NONE', *, *, #2778, .F. ) ;
#3678 = ORIENTED_EDGE ( 'NONE', *, *, #6570, .T. ) ;
#3679 = FACE_OUTER_BOUND ( 'NONE', #7297, .T. ) ;
#3680 = DIRECTION ( 'NONE',  ( 0.000000000000000000, 0.000000000000000000, -1.000000000000000000 ) ) ;
#3681 = FACE_OUTER_BOUND ( 'NONE', #2165, .T. ) ;
#3682 = ADVANCED_FACE ( 'NONE', ( #8035 ), #6411, .T. ) ;
#3683 = CARTESIAN_POINT ( 'NONE',  ( -8.948502691896287331, -2.499999999999980460, -0.4000000000000000222 ) ) ;
#3684 = CARTESIAN_POINT ( 'NONE',  ( 9.670190528383276529, -3.749999999999961808, -0.4000000000000000222 ) ) ;
#3685 = ORIENTED_EDGE ( 'NONE', *, *, #124, .T. ) ;
#3686 = DIRECTION ( 'NONE',  ( 0.000000000000000000, 0.000000000000000000, -1.000000000000000000 ) ) ;
#3687 = VECTOR ( 'NONE', #4067, 1000.000000000000000 ) ;
#3688 = DIRECTION ( 'NONE',  ( -1.000000000000000000, -3.330669073875469621E-15, -0.000000000000000000 ) ) ;
#3689 = EDGE_LOOP ( 'NONE', ( #8470, #3152, #3183, #2909, #424, #1865 ) ) ;
#3690 = CARTESIAN_POINT ( 'NONE',  ( -1.587500000000005684, -40.24963065701545162, -0.4000000000000000222 ) ) ;
#3691 = EDGE_CURVE ( 'NONE', #1069, #5887, #6550, .T. ) ;
#3692 = DIRECTION ( 'NONE',  ( 0.000000000000000000, -0.000000000000000000, 1.000000000000000000 ) ) ;
#3693 = DIRECTION ( 'NONE',  ( -1.000000000000000000, 0.000000000000000000, 0.000000000000000000 ) ) ;
#3694 = CIRCLE ( 'NONE', #734, 4.535640646055099090 ) ;
#3695 = CARTESIAN_POINT ( 'NONE',  ( -22.66057158514992409, 41.24999999999982947, -0.4000000000000000222 ) ) ;
#3696 = EDGE_CURVE ( 'NONE', #6066, #7156, #5127, .T. ) ;
#3697 = DIRECTION ( 'NONE',  ( -0.000000000000000000, -0.000000000000000000, 1.000000000000000000 ) ) ;
#3698 = CARTESIAN_POINT ( 'NONE',  ( -4.041878364870280294, -39.99999999999993605, -0.4000000000000000222 ) ) ;
#3699 = CARTESIAN_POINT ( 'NONE',  ( 30.02264047840348837, 2.500000000000024869, -0.4000000000000000222 ) ) ;
#3700 = VERTEX_POINT ( 'NONE', #7829 ) ;
#3701 = DIRECTION ( 'NONE',  ( -0.4999999999999965028, -0.8660254037844407060, 0.000000000000000000 ) ) ;
#3702 = DIRECTION ( 'NONE',  ( -2.775557561562890365E-16, 1.000000000000000000, 0.000000000000000000 ) ) ;
#3703 = DIRECTION ( 'NONE',  ( -0.000000000000000000, -0.000000000000000000, 1.000000000000000000 ) ) ;
#3704 = DIRECTION ( 'NONE',  ( -0.000000000000000000, -0.000000000000000000, 1.000000000000000000 ) ) ;
#3705 = DIRECTION ( 'NONE',  ( -0.5000000000000029976, 0.8660254037844369313, -0.000000000000000000 ) ) ;
#3706 = ORIENTED_EDGE ( 'NONE', *, *, #42, .T. ) ;
#3707 = ORIENTED_EDGE ( 'NONE', *, *, #5640, .T. ) ;
#3708 = AXIS2_PLACEMENT_3D ( 'NONE', #2450, #8429, #1211 ) ;
#3709 = VERTEX_POINT ( 'NONE', #1137 ) ;
#3710 = VERTEX_POINT ( 'NONE', #954 ) ;
#3711 = ORIENTED_EDGE ( 'NONE', *, *, #1736, .F. ) ;
#3712 = CARTESIAN_POINT ( 'NONE',  ( 0.000000000000000000, 39.99999999999999289, 0.4000000000000000222 ) ) ;
#3713 = CARTESIAN_POINT ( 'NONE',  ( 30.02264047840348127, 2.500000000000024869, -0.4000000000000000222 ) ) ;
#3714 = AXIS2_PLACEMENT_3D ( 'NONE', #3622, #6288, #5500 ) ;
#3715 = ADVANCED_FACE ( 'NONE', ( #4877 ), #8491, .T. ) ;
#3716 = FACE_BOUND ( 'NONE', #1106, .T. ) ;
#3717 = ORIENTED_EDGE ( 'NONE', *, *, #1899, .F. ) ;
#3718 = VECTOR ( 'NONE', #603, 999.9999999999998863 ) ;
#3719 = EDGE_CURVE ( 'NONE', #301, #1592, #6364, .T. ) ;
#3720 = CIRCLE ( 'NONE', #5150, 1.599999999999983435 ) ;
#3721 = DIRECTION ( 'NONE',  ( 0.4999999999999968359, 0.8660254037844404840, 0.000000000000000000 ) ) ;
#3722 = EDGE_CURVE ( 'NONE', #2077, #5349, #6505, .T. ) ;
#3723 = ORIENTED_EDGE ( 'NONE', *, *, #6768, .T. ) ;
#3724 = ORIENTED_EDGE ( 'NONE', *, *, #2128, .T. ) ;
#3725 = ORIENTED_EDGE ( 'NONE', *, *, #5315, .F. ) ;
#3726 = DIRECTION ( 'NONE',  ( 0.4999999999999968359, 0.8660254037844404840, 0.000000000000000000 ) ) ;
#3727 = DIRECTION ( 'NONE',  ( 0.000000000000000000, 0.000000000000000000, -1.000000000000000000 ) ) ;
#3728 = DIRECTION ( 'NONE',  ( -1.000000000000000000, -3.330669073875469621E-15, 0.000000000000000000 ) ) ;
#3729 = DIRECTION ( 'NONE',  ( 3.663735981263016583E-15, -1.000000000000000000, 0.000000000000000000 ) ) ;
#3730 = CARTESIAN_POINT ( 'NONE',  ( -21.07307158514992906, -1.000369342984391841, -0.4000000000000000222 ) ) ;
#3731 = ADVANCED_FACE ( 'NONE', ( #7165 ), #3038, .T. ) ;
#3732 = ORIENTED_EDGE ( 'NONE', *, *, #3970, .F. ) ;
#3733 = CARTESIAN_POINT ( 'NONE',  ( -29.15576211353322122, 37.49999999999985079, -0.4000000000000000222 ) ) ;
#3734 = EDGE_CURVE ( 'NONE', #4340, #1765, #4661, .T. ) ;
#3735 = DIRECTION ( 'NONE',  ( -0.4999999999999965028, -0.8660254037844407060, 0.000000000000000000 ) ) ;
#3736 = ORIENTED_EDGE ( 'NONE', *, *, #1090, .T. ) ;
#3737 = VERTEX_POINT ( 'NONE', #1503 ) ;
#3738 = CARTESIAN_POINT ( 'NONE',  ( 34.95515568358389658, -12.45515568358384328, 0.4000000000000000222 ) ) ;
#3739 = DIRECTION ( 'NONE',  ( -0.000000000000000000, -0.000000000000000000, 1.000000000000000000 ) ) ;
#3740 = LINE ( 'NONE', #7690, #3546 ) ;
#3741 = VECTOR ( 'NONE', #3282, 1000.000000000000000 ) ;
#3742 = LINE ( 'NONE', #5785, #4693 ) ;
#3743 = EDGE_CURVE ( 'NONE', #3498, #8560, #3656, .T. ) ;
#3744 = FACE_BOUND ( 'NONE', #3176, .T. ) ;
#3745 = CARTESIAN_POINT ( 'NONE',  ( -30.88845264191652973, -8.500369342984349430, -0.4000000000000000222 ) ) ;
#3746 = FILL_AREA_STYLE ('',( #341 ) ) ;
#3747 = ORIENTED_EDGE ( 'NONE', *, *, #2801, .T. ) ;
#3748 = AXIS2_PLACEMENT_3D ( 'NONE', #651, #5221, #7966 ) ;
#3749 = CARTESIAN_POINT ( 'NONE',  ( 22.80576211353317717, -37.49999999999985079, -0.4000000000000000222 ) ) ;
#3750 = CARTESIAN_POINT ( 'NONE',  ( 11.25875672974069630, -39.99999999999993605, -0.4000000000000000222 ) ) ;
#3751 = FACE_OUTER_BOUND ( 'NONE', #3920, .T. ) ;
#3752 = CYLINDRICAL_SURFACE ( 'NONE', #8024, 1.599999999999997202 ) ;
#3753 = EDGE_CURVE ( 'NONE', #1676, #4265, #2416, .T. ) ;
#3754 = LINE ( 'NONE', #1764, #1284 ) ;
#3755 = ORIENTED_EDGE ( 'NONE', *, *, #2659, .T. ) ;
#3756 = ORIENTED_EDGE ( 'NONE', *, *, #649, .T. ) ;
#3757 = EDGE_LOOP ( 'NONE', ( #2207, #2136, #8456, #3051 ) ) ;
#3758 = VECTOR ( 'NONE', #1813, 1000.000000000000000 ) ;
#3759 = ORIENTED_EDGE ( 'NONE', *, *, #8350, .F. ) ;
#3760 = VERTEX_POINT ( 'NONE', #4507 ) ;
#3761 = LINE ( 'NONE', #5238, #8548 ) ;
#3762 = VECTOR ( 'NONE', #4752, 999.9999999999998863 ) ;
#3763 = DIRECTION ( 'NONE',  ( 0.000000000000000000, 0.000000000000000000, -1.000000000000000000 ) ) ;
#3764 = FACE_BOUND ( 'NONE', #2260, .T. ) ;
#3765 = EDGE_LOOP ( 'NONE', ( #7888, #6343, #5902, #1288, #5224, #5278, #1577, #6874, #5850, #2799, #2530, #5582, #2971, #945, #5042, #353, #2826, #980, #1611, #6926, #2348, #8565, #4499, #3532, #2385, #7377, #6560, #7956, #6677, #2817, #3851, #2360, #1324, #5939, #5700, #2443, #7121, #1782, #5195, #6494, #4383, #6113, #7310, #3668, #2339, #6376, #6365, #1113 ) ) ;
#3766 = VECTOR ( 'NONE', #8194, 1000.000000000000000 ) ;
#3767 = CARTESIAN_POINT ( 'NONE',  ( 30.88845264191648354, -6.499630657015566193, -0.4000000000000000222 ) ) ;
#3768 = VECTOR ( 'NONE', #6509, 1000.000000000000000 ) ;
#3769 = ORIENTED_EDGE ( 'NONE', *, *, #4107, .F. ) ;
#3770 = VERTEX_POINT ( 'NONE', #7207 ) ;
#3771 = ORIENTED_EDGE ( 'NONE', *, *, #6495, .F. ) ;
#3772 = CARTESIAN_POINT ( 'NONE',  ( -21.07307158514992906, 43.99963065701542320, -0.4000000000000000222 ) ) ;
#3773 = PLANE ( 'NONE',  #2764 ) ;
#3774 = DIRECTION ( 'NONE',  ( -0.000000000000000000, -0.000000000000000000, -1.000000000000000000 ) ) ;
#3775 = PLANE ( 'NONE',  #4195 ) ;
#3776 = CARTESIAN_POINT ( 'NONE',  ( 16.31057158514986938, 3.749999999999982681, -0.4000000000000000222 ) ) ;
#3777 = EDGE_CURVE ( 'NONE', #4856, #2251, #3836, .T. ) ;
#3778 = ORIENTED_EDGE ( 'NONE', *, *, #4793, .F. ) ;
#3779 = VECTOR ( 'NONE', #563, 1000.000000000000000 ) ;
#3780 = DIRECTION ( 'NONE',  ( 0.5000000000000032196, -0.8660254037844368202, 0.000000000000000000 ) ) ;
#3781 = EDGE_CURVE ( 'NONE', #5263, #3306, #5033, .T. ) ;
#3782 = CARTESIAN_POINT ( 'NONE',  ( -29.30095264191651694, 41.24999999999985789, -0.4000000000000000222 ) ) ;
#3783 = ORIENTED_EDGE ( 'NONE', *, *, #4292, .T. ) ;
#3784 = ORIENTED_EDGE ( 'NONE', *, *, #3106, .T. ) ;
#3785 = DIRECTION ( 'NONE',  ( 0.8660254037844369313, 0.5000000000000029976, 0.000000000000000000 ) ) ;
#3786 = LINE ( 'NONE', #5074, #5430 ) ;
#3787 = LINE ( 'NONE', #1753, #3981 ) ;
#3788 = DIRECTION ( 'NONE',  ( -0.000000000000000000, -0.000000000000000000, 1.000000000000000000 ) ) ;
#3789 = ADVANCED_FACE ( 'NONE', ( #999 ), #5081, .T. ) ;
#3790 = PLANE ( 'NONE',  #2493 ) ;
#3791 = CARTESIAN_POINT ( 'NONE',  ( 29.30095264191647075, 41.24999999999982947, -0.4000000000000000222 ) ) ;
#3792 = DIRECTION ( 'NONE',  ( -0.5000000000000029976, 0.8660254037844369313, 0.000000000000000000 ) ) ;
#3793 = ORIENTED_EDGE ( 'NONE', *, *, #7897, .T. ) ;
#3794 = DIRECTION ( 'NONE',  ( -0.5000000000000029976, 0.8660254037844369313, -0.000000000000000000 ) ) ;
#3795 = CARTESIAN_POINT ( 'NONE',  ( -25.00000000000000000, -2.499999999999980904, -0.4000000000000000222 ) ) ;
#3796 = CARTESIAN_POINT ( 'NONE',  ( -37.53614220548930547, -49.00000000000000000, 1.051777256292306451 ) ) ;
#3797 = VECTOR ( 'NONE', #1624, 1000.000000000000000 ) ;
#3798 = EDGE_CURVE ( 'NONE', #4234, #7486, #8716, .T. ) ;
#3799 = CARTESIAN_POINT ( 'NONE',  ( -21.93888374866291358, 2.500000000000024869, -0.4000000000000000222 ) ) ;
#3800 = DIRECTION ( 'NONE',  ( -0.000000000000000000, -0.000000000000000000, 1.000000000000000000 ) ) ;
#3801 = ORIENTED_EDGE ( 'NONE', *, *, #4356, .T. ) ;
#3802 = ORIENTED_EDGE ( 'NONE', *, *, #4292, .F. ) ;
#3803 = AXIS2_PLACEMENT_3D ( 'NONE', #2770, #4860, #4235 ) ;
#3805 = VERTEX_POINT ( 'NONE', #6767 ) ;
#3804 = ORIENTED_EDGE ( 'NONE', *, *, #6290, .F. ) ;
#3806 = EDGE_LOOP ( 'NONE', ( #1114, #7237, #3990, #3636 ) ) ;
#3807 = ORIENTED_EDGE ( 'NONE', *, *, #7029, .F. ) ;
#3808 = DIRECTION ( 'NONE',  ( -0.5000000000000029976, 0.8660254037844369313, 0.000000000000000000 ) ) ;
#3809 = CARTESIAN_POINT ( 'NONE',  ( 4.907690528383273687, -38.50036934298424995, -0.4000000000000000222 ) ) ;
#3810 = VECTOR ( 'NONE', #2974, 1000.000000000000000 ) ;
#3811 = FACE_BOUND ( 'NONE', #4796, .T. ) ;
#3812 = ORIENTED_EDGE ( 'NONE', *, *, #1965, .F. ) ;
#3813 = LINE ( 'NONE', #8649, #8410 ) ;
#3814 = EDGE_CURVE ( 'NONE', #5237, #4, #566, .T. ) ;
#3815 = ORIENTED_EDGE ( 'NONE', *, *, #986, .F. ) ;
#3816 = VERTEX_POINT ( 'NONE', #6055 ) ;
#3817 = EDGE_LOOP ( 'NONE', ( #767, #4956, #7188, #284, #3024, #3862 ) ) ;
#3818 = CARTESIAN_POINT ( 'NONE',  ( -17.89807158514993191, 43.99963065701543741, 0.4000000000000000222 ) ) ;
#3819 = CARTESIAN_POINT ( 'NONE',  ( 16.31057158514988359, -41.24999999999984368, -0.4000000000000000222 ) ) ;
#3820 = CARTESIAN_POINT ( 'NONE',  ( -24.39326211353323259, 40.24963065701546583, -0.4000000000000000222 ) ) ;
#3821 = DIRECTION ( 'NONE',  ( -3.330669073875469621E-15, 1.000000000000000000, 0.000000000000000000 ) ) ;
#3822 = ORIENTED_EDGE ( 'NONE', *, *, #5868, .F. ) ;
#3823 = LINE ( 'NONE', #4588, #1570 ) ;
#3824 = CARTESIAN_POINT ( 'NONE',  ( 11.40288105676656727, 40.24963065701545162, 0.4000000000000000222 ) ) ;
#3825 = ORIENTED_EDGE ( 'NONE', *, *, #2669, .T. ) ;
#3826 = ORIENTED_EDGE ( 'NONE', *, *, #7483, .F. ) ;
#3827 = DIRECTION ( 'NONE',  ( 1.000000000000000000, 3.663735981263016583E-15, 0.000000000000000000 ) ) ;
#3828 = LINE ( 'NONE', #2987, #8126 ) ;
#3829 = ADVANCED_FACE ( 'NONE', ( #4060 ), #3173, .T. ) ;
#3830 = LINE ( 'NONE', #5964, #7607 ) ;
#3831 = ADVANCED_FACE ( 'NONE', ( #5304 ), #5387, .T. ) ;
#3832 = DIRECTION ( 'NONE',  ( -1.000000000000000000, 0.000000000000000000, 0.000000000000000000 ) ) ;
#3833 = AXIS2_PLACEMENT_3D ( 'NONE', #6690, #8765, #7346 ) ;
#3834 = EDGE_CURVE ( 'NONE', #2396, #889, #5260, .T. ) ;
#3835 = FACE_OUTER_BOUND ( 'NONE', #6702, .T. ) ;
#3836 = LINE ( 'NONE', #8245, #5314 ) ;
#3837 = ORIENTED_EDGE ( 'NONE', *, *, #5580, .F. ) ;
#3838 = CARTESIAN_POINT ( 'NONE',  ( -22.80576211353321980, 37.49999999999987921, -0.4000000000000000222 ) ) ;
#3839 = ORIENTED_EDGE ( 'NONE', *, *, #4232, .T. ) ;
#3840 = CARTESIAN_POINT ( 'NONE',  ( -37.50000000000000000, 2.500000000000024869, -0.4000000000000000222 ) ) ;
#3841 = VECTOR ( 'NONE', #3780, 999.9999999999998863 ) ;
#3842 = CARTESIAN_POINT ( 'NONE',  ( 0.000000000000000000, 2.500000000000024869, 0.4000000000000000222 ) ) ;
#3843 = DIRECTION ( 'NONE',  ( 0.5000000000000031086, -0.8660254037844368202, 0.000000000000000000 ) ) ;
#3844 = CIRCLE ( 'NONE', #3416, 1.600000000000000089 ) ;
#3845 = AXIS2_PLACEMENT_3D ( 'NONE', #6008, #3298, #8712 ) ;
#3846 = CARTESIAN_POINT ( 'NONE',  ( -38.10000000000000142, 45.79999999999999005, 2.000000000000000000 ) ) ;
#3847 = CARTESIAN_POINT ( 'NONE',  ( -37.50000000000000000, 27.50000000000002487, 0.4000000000000000222 ) ) ;
#3848 = ADVANCED_FACE ( 'NONE', ( #8104 ), #3263, .T. ) ;
#3849 = ORIENTED_EDGE ( 'NONE', *, *, #3980, .F. ) ;
#3850 = EDGE_CURVE ( 'NONE', #2520, #1955, #7425, .T. ) ;
#3852 = VERTEX_POINT ( 'NONE', #8669 ) ;
#3851 = ORIENTED_EDGE ( 'NONE', *, *, #5748, .F. ) ;
#3853 = ORIENTED_EDGE ( 'NONE', *, *, #1660, .F. ) ;
#3854 = ORIENTED_EDGE ( 'NONE', *, *, #773, .T. ) ;
#3855 = CARTESIAN_POINT ( 'NONE',  ( 30.88845264191648354, 1.000369342984405829, -0.4000000000000000222 ) ) ;
#3856 = FACE_BOUND ( 'NONE', #4350, .T. ) ;
#3857 = ORIENTED_EDGE ( 'NONE', *, *, #4264, .F. ) ;
#3858 = VECTOR ( 'NONE', #4601, 999.9999999999998863 ) ;
#3859 = ADVANCED_FACE ( 'NONE', ( #2016 ), #3349, .T. ) ;
#3860 = DIRECTION ( 'NONE',  ( 0.000000000000000000, 0.000000000000000000, 1.000000000000000000 ) ) ;
#3861 = ORIENTED_EDGE ( 'NONE', *, *, #8414, .F. ) ;
#3862 = ORIENTED_EDGE ( 'NONE', *, *, #2043, .F. ) ;
#3863 = EDGE_LOOP ( 'NONE', ( #6301, #260, #4214, #3473 ) ) ;
#3864 = DIRECTION ( 'NONE',  ( -0.8660254037844368202, -0.5000000000000031086, 0.000000000000000000 ) ) ;
#3865 = CARTESIAN_POINT ( 'NONE',  ( -34.06345264191649136, -43.99963065701543741, -0.4000000000000000222 ) ) ;
#3866 = VECTOR ( 'NONE', #2091, 999.9999999999998863 ) ;
#3867 = DIRECTION ( 'NONE',  ( -0.000000000000000000, -0.000000000000000000, 1.000000000000000000 ) ) ;
#3868 = EDGE_CURVE ( 'NONE', #2210, #7682, #8586, .T. ) ;
#3869 = DIRECTION ( 'NONE',  ( 0.5000000000000031086, -0.8660254037844368202, 0.000000000000000000 ) ) ;
#3870 = EDGE_CURVE ( 'NONE', #5557, #7651, #7339, .T. ) ;
#3871 = CARTESIAN_POINT ( 'NONE',  ( 34.06345264191648425, 31.00036934298429259, -0.4000000000000000222 ) ) ;
#3872 = VECTOR ( 'NONE', #8005, 1000.000000000000000 ) ;
#3873 = ORIENTED_EDGE ( 'NONE', *, *, #1961, .F. ) ;
#3874 = VERTEX_POINT ( 'NONE', #2509 ) ;
#3875 = CARTESIAN_POINT ( 'NONE',  ( -34.06345264191650557, 1.000369342984398724, -0.4000000000000000222 ) ) ;
#3876 = DIRECTION ( 'NONE',  ( -0.8660254037844368202, -0.5000000000000031086, 0.000000000000000000 ) ) ;
#3877 = AXIS2_PLACEMENT_3D ( 'NONE', #6522, #3763, #4479 ) ;
#3878 = CARTESIAN_POINT ( 'NONE',  ( 27.56826211353319067, -2.749630657015569746, -0.4000000000000000222 ) ) ;
#3879 = CARTESIAN_POINT ( 'NONE',  ( -30.88845264191650486, 1.000369342984412713, -0.4000000000000000222 ) ) ;
#3880 = CARTESIAN_POINT ( 'NONE',  ( 34.85152525621064967, 42.63464884900428586, 0.3999999999999999667 ) ) ;
#3881 = DIRECTION ( 'NONE',  ( 0.5000000000000031086, -0.8660254037844368202, 0.000000000000000000 ) ) ;
#3882 = ORIENTED_EDGE ( 'NONE', *, *, #1100, .T. ) ;
#3883 = FACE_OUTER_BOUND ( 'NONE', #585, .T. ) ;
#3884 = ORIENTED_EDGE ( 'NONE', *, *, #8562, .F. ) ;
#3885 = CARTESIAN_POINT ( 'NONE',  ( -8.082690528383320583, -38.50036934298424995, -0.4000000000000000222 ) ) ;
#3886 = EDGE_CURVE ( 'NONE', #5045, #2944, #7295, .T. ) ;
#3887 = LINE ( 'NONE', #6685, #4800 ) ;
#3888 = FACE_OUTER_BOUND ( 'NONE', #1312, .T. ) ;
#3889 = VECTOR ( 'NONE', #6386, 1000.000000000000000 ) ;
#3890 = ADVANCED_FACE ( 'NONE', ( #1224 ), #3928, .T. ) ;
#3891 = DIRECTION ( 'NONE',  ( -0.7071067811865483499, -0.7071067811865467956, 0.000000000000000000 ) ) ;
#3892 = EDGE_CURVE ( 'NONE', #6862, #3710, #4553, .T. ) ;
#3893 = VERTEX_POINT ( 'NONE', #3221 ) ;
#3894 = VECTOR ( 'NONE', #3475, 1000.000000000000000 ) ;
#3895 = DIRECTION ( 'NONE',  ( -0.000000000000000000, -0.000000000000000000, 1.000000000000000000 ) ) ;
#3897 = VERTEX_POINT ( 'NONE', #6638 ) ;
#3896 = VERTEX_POINT ( 'NONE', #5924 ) ;
#3898 = ORIENTED_EDGE ( 'NONE', *, *, #3314, .F. ) ;
#3899 = EDGE_LOOP ( 'NONE', ( #1447, #7010, #1951, #8257 ) ) ;
#3900 = CARTESIAN_POINT ( 'NONE',  ( 9.670190528383276529, 41.24999999999985789, -0.4000000000000000222 ) ) ;
#3901 = EDGE_CURVE ( 'NONE', #496, #6254, #1269, .T. ) ;
#3902 = VECTOR ( 'NONE', #8742, 999.9999999999998863 ) ;
#3903 = DIRECTION ( 'NONE',  ( -1.000000000000000000, -3.330669073875469621E-15, -0.000000000000000000 ) ) ;
#3904 = ORIENTED_EDGE ( 'NONE', *, *, #2392, .T. ) ;
#3905 = CARTESIAN_POINT ( 'NONE',  ( 29.30095264191647075, -41.24999999999983658, -0.4000000000000000222 ) ) ;
#3906 = ORIENTED_EDGE ( 'NONE', *, *, #7495, .F. ) ;
#3907 = ORIENTED_EDGE ( 'NONE', *, *, #6020, .F. ) ;
#3908 = VERTEX_POINT ( 'NONE', #3302 ) ;
#3909 = CARTESIAN_POINT ( 'NONE',  ( -29.15576211353322122, 0.000000000000000000, -0.4000000000000000222 ) ) ;
#3910 = DIRECTION ( 'NONE',  ( -0.000000000000000000, -1.000000000000000000, -0.000000000000000000 ) ) ;
#3911 = DIRECTION ( 'NONE',  ( -0.000000000000000000, -0.000000000000000000, 1.000000000000000000 ) ) ;
#3912 = VECTOR ( 'NONE', #2823, 1000.000000000000000 ) ;
#3913 = EDGE_CURVE ( 'NONE', #2740, #3086, #1310, .T. ) ;
#3914 = LINE ( 'NONE', #323, #3157 ) ;
#3915 = EDGE_CURVE ( 'NONE', #7317, #3709, #7641, .T. ) ;
#3916 = DIRECTION ( 'NONE',  ( -0.4999999999999965583, -0.8660254037844407060, -0.000000000000000000 ) ) ;
#3917 = ORIENTED_EDGE ( 'NONE', *, *, #8032, .T. ) ;
#3918 = AXIS2_PLACEMENT_3D ( 'NONE', #4596, #7338, #8756 ) ;
#3919 = EDGE_CURVE ( 'NONE', #2617, #8692, #8227, .T. ) ;
#3920 = EDGE_LOOP ( 'NONE', ( #6058, #5947, #5294, #6073 ) ) ;
#3921 = CARTESIAN_POINT ( 'NONE',  ( -22.66057158514992409, 3.749999999999975575, -0.4000000000000000222 ) ) ;
#3922 = EDGE_CURVE ( 'NONE', #3805, #607, #2146, .T. ) ;
#3923 = CARTESIAN_POINT ( 'NONE',  ( -27.56826211353321199, -2.749630657015583957, 0.4000000000000000222 ) ) ;
#3924 = CARTESIAN_POINT ( 'NONE',  ( 29.15576211353317859, 37.49999999999987921, -0.4000000000000000222 ) ) ;
#3925 = DIRECTION ( 'NONE',  ( 1.000000000000000000, 3.663735981263016583E-15, 0.000000000000000000 ) ) ;
#3926 = VECTOR ( 'NONE', #8177, 1000.000000000000114 ) ;
#3927 = LINE ( 'NONE', #6636, #5044 ) ;
#3928 = PLANE ( 'NONE',  #78 ) ;
#3929 = CARTESIAN_POINT ( 'NONE',  ( -36.50000000000000711, -45.79999999999999005, -0.4000000000000000222 ) ) ;
#3930 = ORIENTED_EDGE ( 'NONE', *, *, #3214, .F. ) ;
#3931 = DIRECTION ( 'NONE',  ( -0.000000000000000000, -0.000000000000000000, 1.000000000000000000 ) ) ;
#3932 = DIRECTION ( 'NONE',  ( 0.000000000000000000, 0.000000000000000000, 1.000000000000000000 ) ) ;
#3933 = LINE ( 'NONE', #7928, #1248 ) ;
#3934 = FACE_OUTER_BOUND ( 'NONE', #5606, .T. ) ;
#3935 = AXIS2_PLACEMENT_3D ( 'NONE', #7871, #4986, #2463 ) ;
#3936 = DIRECTION ( 'NONE',  ( -0.5000000000000029976, 0.8660254037844369313, -0.000000000000000000 ) ) ;
#3938 = ORIENTED_EDGE ( 'NONE', *, *, #821, .F. ) ;
#3937 = VERTEX_POINT ( 'NONE', #6232 ) ;
#3939 = VECTOR ( 'NONE', #1167, 1000.000000000000000 ) ;
#3940 = ORIENTED_EDGE ( 'NONE', *, *, #8350, .T. ) ;
#3941 = ORIENTED_EDGE ( 'NONE', *, *, #4346, .F. ) ;
#3942 = LINE ( 'NONE', #3364, #3491 ) ;
#3943 = CARTESIAN_POINT ( 'NONE',  ( 37.50000000000001421, -39.99999999999993605, 0.6000000000000000888 ) ) ;
#3944 = ORIENTED_EDGE ( 'NONE', *, *, #7887, .F. ) ;
#3945 = CIRCLE ( 'NONE', #1831, 3.149999999999999911 ) ;
#3946 = DIRECTION ( 'NONE',  ( -3.330669073875469621E-15, 1.000000000000000000, 0.000000000000000000 ) ) ;
#3947 = EDGE_LOOP ( 'NONE', ( #6953, #4891, #5928, #970 ) ) ;
#3948 = ORIENTED_EDGE ( 'NONE', *, *, #6776, .F. ) ;
#3949 = ORIENTED_EDGE ( 'NONE', *, *, #3270, .F. ) ;
#3950 = CARTESIAN_POINT ( 'NONE',  ( -4.907690528383311879, 1.000369342984405829, -0.4000000000000000222 ) ) ;
#3951 = LINE ( 'NONE', #3413, #8421 ) ;
#3952 = VECTOR ( 'NONE', #4984, 1000.000000000000000 ) ;
#3953 = DIRECTION ( 'NONE',  ( 0.5000000000000032196, -0.8660254037844368202, 0.000000000000000000 ) ) ;
#3954 = DIRECTION ( 'NONE',  ( -0.000000000000000000, -0.000000000000000000, 1.000000000000000000 ) ) ;
#3955 = EDGE_CURVE ( 'NONE', #3816, #5301, #5609, .T. ) ;
#3956 = VECTOR ( 'NONE', #8613, 1000.000000000000000 ) ;
#3957 = CARTESIAN_POINT ( 'NONE',  ( 8.082690528383295714, -43.99963065701541609, 0.4000000000000000222 ) ) ;
#3958 = EDGE_CURVE ( 'NONE', #8696, #4032, #1524, .T. ) ;
#3959 = EDGE_LOOP ( 'NONE', ( #3335, #2299, #782, #7447 ) ) ;
#3960 = ADVANCED_FACE ( 'NONE', ( #3518 ), #2898, .F. ) ;
#3961 = VERTEX_POINT ( 'NONE', #2061 ) ;
#3962 = LINE ( 'NONE', #3213, #2115 ) ;
#3963 = LINE ( 'NONE', #3923, #3872 ) ;
#3964 = DIRECTION ( 'NONE',  ( -0.000000000000000000, -0.000000000000000000, 1.000000000000000000 ) ) ;
#3965 = EDGE_CURVE ( 'NONE', #1330, #2938, #692, .T. ) ;
#3966 = DIRECTION ( 'NONE',  ( -0.4999999999999965028, -0.8660254037844407060, 0.000000000000000000 ) ) ;
#3967 = ORIENTED_EDGE ( 'NONE', *, *, #2071, .T. ) ;
#3968 = CARTESIAN_POINT ( 'NONE',  ( -14.72200538379247980, 39.99999999999999289, -0.4000000000000000222 ) ) ;
#3969 = DIRECTION ( 'NONE',  ( -0.5000000000000029976, 0.8660254037844369313, 0.000000000000000000 ) ) ;
#3970 = EDGE_CURVE ( 'NONE', #5059, #6628, #3430, .T. ) ;
#3971 = DIRECTION ( 'NONE',  ( -0.000000000000000000, -0.000000000000000000, 1.000000000000000000 ) ) ;
#3972 = ORIENTED_EDGE ( 'NONE', *, *, #3519, .T. ) ;
#3973 = EDGE_CURVE ( 'NONE', #7156, #1554, #4190, .T. ) ;
#3974 = DIRECTION ( 'NONE',  ( -0.000000000000000000, -0.000000000000000000, 1.000000000000000000 ) ) ;
#3975 = LINE ( 'NONE', #1228, #2666 ) ;
#3976 = DIRECTION ( 'NONE',  ( -0.8660254037844407060, 0.4999999999999965028, 0.000000000000000000 ) ) ;
#3977 = DIRECTION ( 'NONE',  ( -1.000000000000000000, -3.330669073875469621E-15, -0.000000000000000000 ) ) ;
#3978 = VECTOR ( 'NONE', #8322, 1000.000000000000000 ) ;
#3979 = CARTESIAN_POINT ( 'NONE',  ( -41.30000000000000426, 43.67426600727964114, 0.5427755800207463288 ) ) ;
#3980 = EDGE_CURVE ( 'NONE', #6700, #246, #6144, .T. ) ;
#3981 = VECTOR ( 'NONE', #5028, 999.9999999999998863 ) ;
#3982 = VECTOR ( 'NONE', #5210, 1000.000000000000114 ) ;
#3983 = DIRECTION ( 'NONE',  ( 1.000000000000000000, 0.000000000000000000, 0.000000000000000000 ) ) ;
#3984 = ORIENTED_EDGE ( 'NONE', *, *, #3632, .F. ) ;
#3985 = AXIS2_PLACEMENT_3D ( 'NONE', #4055, #6763, #1944 ) ;
#3986 = ORIENTED_EDGE ( 'NONE', *, *, #8736, .F. ) ;
#3987 = ORIENTED_EDGE ( 'NONE', *, *, #6988, .F. ) ;
#3988 = LINE ( 'NONE', #7985, #6471 ) ;
#3989 = DIRECTION ( 'NONE',  ( 1.000000000000000000, 3.663735981263016583E-15, 0.000000000000000000 ) ) ;
#3990 = ORIENTED_EDGE ( 'NONE', *, *, #3504, .T. ) ;
#3991 = DIRECTION ( 'NONE',  ( -0.8660254037844407060, 0.4999999999999965028, 0.000000000000000000 ) ) ;
#3992 = ORIENTED_EDGE ( 'NONE', *, *, #994, .T. ) ;
#3993 = EDGE_LOOP ( 'NONE', ( #4212, #5752, #893, #1377 ) ) ;
#3994 = ORIENTED_EDGE ( 'NONE', *, *, #8490, .T. ) ;
#3995 = CARTESIAN_POINT ( 'NONE',  ( 3.320190528383282214, -41.24999999999985079, 0.4000000000000000222 ) ) ;
#3996 = LINE ( 'NONE', #7233, #2464 ) ;
#3997 = EDGE_CURVE ( 'NONE', #6271, #22, #3562, .T. ) ;
#3998 = CARTESIAN_POINT ( 'NONE',  ( 27.56826211353316580, -4.750369342984360088, -0.4000000000000000222 ) ) ;
#3999 = EDGE_CURVE ( 'NONE', #2349, #5610, #8309, .T. ) ;
#4000 = CARTESIAN_POINT ( 'NONE',  ( -8.082690528383299267, -43.99963065701543030, 0.4000000000000000222 ) ) ;
#4001 = EDGE_CURVE ( 'NONE', #2302, #233, #6270, .T. ) ;
#4002 = DIRECTION ( 'NONE',  ( 0.5000000000000032196, -0.8660254037844368202, 0.000000000000000000 ) ) ;
#4003 = AXIS2_PLACEMENT_3D ( 'NONE', #4713, #5594, #2255 ) ;
#4004 = ORIENTED_EDGE ( 'NONE', *, *, #2720, .T. ) ;
#4005 = ORIENTED_EDGE ( 'NONE', *, *, #7919, .F. ) ;
#4006 = FACE_OUTER_BOUND ( 'NONE', #3099, .T. ) ;
#4007 = CARTESIAN_POINT ( 'NONE',  ( 41.29999999999999005, 45.25862775880396782, 1.062169268358584162 ) ) ;
#4008 = LINE ( 'NONE', #6718, #1568 ) ;
#4009 = ADVANCED_FACE ( 'NONE', ( #4941 ), #4858, .F. ) ;
#4010 = EDGE_CURVE ( 'NONE', #8229, #695, #6896, .T. ) ;
#4011 = CARTESIAN_POINT ( 'NONE',  ( -8.082690528383299267, -43.99963065701543030, 0.4000000000000000222 ) ) ;
#4012 = VECTOR ( 'NONE', #3989, 1000.000000000000000 ) ;
#4013 = PLANE ( 'NONE',  #2848 ) ;
#4014 = ORIENTED_EDGE ( 'NONE', *, *, #4539, .T. ) ;
#4015 = VECTOR ( 'NONE', #911, 1000.000000000000000 ) ;
#4016 = LINE ( 'NONE', #4550, #3550 ) ;
#4017 = DIRECTION ( 'NONE',  ( 1.000000000000000000, 0.000000000000000000, 0.000000000000000000 ) ) ;
#4018 = AXIS2_PLACEMENT_3D ( 'NONE', #1681, #6566, #3808 ) ;
#4019 = DIRECTION ( 'NONE',  ( 1.000000000000000000, 3.663735981263016583E-15, 0.000000000000000000 ) ) ;
#4020 = ORIENTED_EDGE ( 'NONE', *, *, #10, .F. ) ;
#4021 = PLANE ( 'NONE',  #1176 ) ;
#4022 = DIRECTION ( 'NONE',  ( 1.000000000000000000, 3.663735981263016583E-15, 0.000000000000000000 ) ) ;
#4023 = LINE ( 'NONE', #6643, #3645 ) ;
#4024 = VECTOR ( 'NONE', #4444, 1000.000000000000114 ) ;
#4025 = DIRECTION ( 'NONE',  ( 1.000000000000000000, 3.663735981263016583E-15, 0.000000000000000000 ) ) ;
#4026 = EDGE_CURVE ( 'NONE', #4899, #3253, #8140, .T. ) ;
#4027 = CARTESIAN_POINT ( 'NONE',  ( 25.00000000000000000, -2.499999999999980904, -0.4000000000000000222 ) ) ;
#4028 = ADVANCED_FACE ( 'NONE', ( #1393 ), #5481, .T. ) ;
#4029 = CARTESIAN_POINT ( 'NONE',  ( -33.97916307855748386, 43.99963065701542320, 0.3999999999999999667 ) ) ;
#4030 = VERTEX_POINT ( 'NONE', #7507 ) ;
#4031 = EDGE_LOOP ( 'NONE', ( #4740, #2295, #4963, #1343 ) ) ;
#4032 = VERTEX_POINT ( 'NONE', #4143 ) ;
#4033 = CARTESIAN_POINT ( 'NONE',  ( -27.56826211353319778, -40.24963065701545162, 0.4000000000000000222 ) ) ;
#4034 = EDGE_CURVE ( 'NONE', #632, #8698, #781, .T. ) ;
#4035 = CARTESIAN_POINT ( 'NONE',  ( 34.06345264191648425, 31.00036934298429259, 0.4000000000000000222 ) ) ;
#4036 = ORIENTED_EDGE ( 'NONE', *, *, #3220, .F. ) ;
#4037 = VECTOR ( 'NONE', #2700, 1000.000000000000114 ) ;
#4038 = DIRECTION ( 'NONE',  ( 0.5000000000000031086, -0.8660254037844368202, 0.000000000000000000 ) ) ;
#4039 = ORIENTED_EDGE ( 'NONE', *, *, #4663, .F. ) ;
#4040 = ORIENTED_EDGE ( 'NONE', *, *, #7249, .F. ) ;
#4041 = EDGE_LOOP ( 'NONE', ( #1791, #5647, #2512, #6693 ) ) ;
#4042 = CARTESIAN_POINT ( 'NONE',  ( 1.587499999999995248, -40.24963065701543741, -0.4000000000000000222 ) ) ;
#4043 = CARTESIAN_POINT ( 'NONE',  ( -4.041878364870269635, 39.99999999999999289, 0.4000000000000000222 ) ) ;
#4044 = LINE ( 'NONE', #8745, #2159 ) ;
#4045 = LINE ( 'NONE', #1381, #2477 ) ;
#4046 = VERTEX_POINT ( 'NONE', #245 ) ;
#4047 = VERTEX_POINT ( 'NONE', #376 ) ;
#4048 = VERTEX_POINT ( 'NONE', #3782 ) ;
#4049 = FACE_OUTER_BOUND ( 'NONE', #7094, .T. ) ;
#4050 = VECTOR ( 'NONE', #395, 1000.000000000000000 ) ;
#4051 = DIRECTION ( 'NONE',  ( -0.5000000000000029976, 0.8660254037844369313, 0.000000000000000000 ) ) ;
#4052 = CARTESIAN_POINT ( 'NONE',  ( 29.15576211353317859, 37.49999999999987921, -0.4000000000000000222 ) ) ;
#4053 = VECTOR ( 'NONE', #321, 1000.000000000000114 ) ;
#4054 = CARTESIAN_POINT ( 'NONE',  ( 34.88565153255794371, 49.00000000000000000, 0.3999999999999999667 ) ) ;
#4055 = CARTESIAN_POINT ( 'NONE',  ( 11.40288105676656727, 40.24963065701545162, -0.4000000000000000222 ) ) ;
#4056 = ORIENTED_EDGE ( 'NONE', *, *, #2382, .T. ) ;
#4057 = VECTOR ( 'NONE', #7910, 1000.000000000000000 ) ;
#4058 = VECTOR ( 'NONE', #4874, 1000.000000000000000 ) ;
#4059 = LINE ( 'NONE', #2766, #6389 ) ;
#4060 = FACE_OUTER_BOUND ( 'NONE', #8526, .T. ) ;
#4061 = PLANE ( 'NONE',  #2671 ) ;
#4062 = ORIENTED_EDGE ( 'NONE', *, *, #6136, .F. ) ;
#4063 = DIRECTION ( 'NONE',  ( -0.000000000000000000, -0.000000000000000000, 1.000000000000000000 ) ) ;
#4064 = PLANE ( 'NONE',  #2527 ) ;
#4065 = DIRECTION ( 'NONE',  ( 1.000000000000000000, 0.000000000000000000, 0.000000000000000000 ) ) ;
#4066 = LINE ( 'NONE', #7474, #3303 ) ;
#4067 = DIRECTION ( 'NONE',  ( 0.000000000000000000, 0.000000000000000000, -1.000000000000000000 ) ) ;
#4068 = CARTESIAN_POINT ( 'NONE',  ( 34.95000000000000284, 45.79999999999999005, 1.200000000000001954 ) ) ;
#4069 = LINE ( 'NONE', #6779, #3136 ) ;
#4070 = ORIENTED_EDGE ( 'NONE', *, *, #1359, .F. ) ;
#4071 = ORIENTED_EDGE ( 'NONE', *, *, #8431, .F. ) ;
#4072 = ORIENTED_EDGE ( 'NONE', *, *, #2806, .F. ) ;
#4073 = EDGE_CURVE ( 'NONE', #8372, #2144, #1794, .T. ) ;
#4074 = LINE ( 'NONE', #1281, #806 ) ;
#4075 = DIRECTION ( 'NONE',  ( 3.663735981263016583E-15, -1.000000000000000000, 0.000000000000000000 ) ) ;
#4076 = ORIENTED_EDGE ( 'NONE', *, *, #7705, .F. ) ;
#4077 = LINE ( 'NONE', #2038, #4316 ) ;
#4078 = ORIENTED_EDGE ( 'NONE', *, *, #5491, .F. ) ;
#4079 = ORIENTED_EDGE ( 'NONE', *, *, #48, .T. ) ;
#4080 = ORIENTED_EDGE ( 'NONE', *, *, #427, .T. ) ;
#4081 = CARTESIAN_POINT ( 'NONE',  ( 27.71238644055910072, 2.500000000000024869, -0.4000000000000000222 ) ) ;
#4082 = CARTESIAN_POINT ( 'NONE',  ( -29.15576211353322122, 0.000000000000000000, -0.4000000000000000222 ) ) ;
#4083 = VECTOR ( 'NONE', #5392, 999.9999999999998863 ) ;
#4084 = DIRECTION ( 'NONE',  ( 0.000000000000000000, 0.000000000000000000, -1.000000000000000000 ) ) ;
#4085 = EDGE_CURVE ( 'NONE', #1012, #6297, #3648, .T. ) ;
#4086 = DIRECTION ( 'NONE',  ( -0.000000000000000000, -0.000000000000000000, 1.000000000000000000 ) ) ;
#4087 = VECTOR ( 'NONE', #6459, 1000.000000000000114 ) ;
#4088 = ORIENTED_EDGE ( 'NONE', *, *, #4574, .T. ) ;
#4089 = ORIENTED_EDGE ( 'NONE', *, *, #8103, .T. ) ;
#4090 = VERTEX_POINT ( 'NONE', #6977 ) ;
#4091 = CARTESIAN_POINT ( 'NONE',  ( -4.907690528383336748, 43.99963065701543741, -0.4000000000000000222 ) ) ;
#4092 = CARTESIAN_POINT ( 'NONE',  ( 21.07307158514989709, -43.99963065701540899, -0.4000000000000000222 ) ) ;
#4093 = DIRECTION ( 'NONE',  ( 0.000000000000000000, 0.000000000000000000, 1.000000000000000000 ) ) ;
#4094 = CARTESIAN_POINT ( 'NONE',  ( -30.88845264191652973, -8.500369342984349430, -0.4000000000000000222 ) ) ;
#4095 = VECTOR ( 'NONE', #4179, 999.9999999999998863 ) ;
#4096 = ORIENTED_EDGE ( 'NONE', *, *, #3502, .F. ) ;
#4097 = LINE ( 'NONE', #6269, #5823 ) ;
#4098 = DIRECTION ( 'NONE',  ( 1.000000000000000000, 3.663735981263016583E-15, 0.000000000000000000 ) ) ;
#4099 = VERTEX_POINT ( 'NONE', #7154 ) ;
#4100 = CARTESIAN_POINT ( 'NONE',  ( -22.66057158514992409, 41.24999999999982947, 0.4000000000000000222 ) ) ;
#4101 = VERTEX_POINT ( 'NONE', #6354 ) ;
#4102 = LINE ( 'NONE', #7428, #6540 ) ;
#4103 = DIRECTION ( 'NONE',  ( -1.000000000000000000, -3.330669073875469621E-15, -0.000000000000000000 ) ) ;
#4104 = DIRECTION ( 'NONE',  ( 0.7071067811865487940, 0.7071067811865463515, 0.000000000000000000 ) ) ;
#4105 = EDGE_CURVE ( 'NONE', #7588, #6737, #4450, .T. ) ;
#4106 = CARTESIAN_POINT ( 'NONE',  ( -16.16538105676661274, -37.49999999999986500, 0.4000000000000000222 ) ) ;
#4107 = EDGE_CURVE ( 'NONE', #2087, #3710, #907, .T. ) ;
#4108 = DIRECTION ( 'NONE',  ( 0.4999999999999968359, 0.8660254037844404840, 0.000000000000000000 ) ) ;
#4109 = AXIS2_PLACEMENT_3D ( 'NONE', #5133, #1051, #3843 ) ;
#4110 = CARTESIAN_POINT ( 'NONE',  ( -4.907690528383311879, 38.50036934298425706, 0.4000000000000000222 ) ) ;
#4111 = EDGE_CURVE ( 'NONE', #5179, #3896, #2359, .T. ) ;
#4112 = DIRECTION ( 'NONE',  ( -3.330669073875469621E-15, 1.000000000000000000, 0.000000000000000000 ) ) ;
#4113 = ORIENTED_EDGE ( 'NONE', *, *, #7408, .T. ) ;
#4114 = ORIENTED_EDGE ( 'NONE', *, *, #6325, .T. ) ;
#4115 = DIRECTION ( 'NONE',  ( 0.000000000000000000, 0.000000000000000000, 1.000000000000000000 ) ) ;
#4116 = LINE ( 'NONE', #881, #3625 ) ;
#4117 = EDGE_CURVE ( 'NONE', #2349, #8698, #1746, .T. ) ;
#4118 = LINE ( 'NONE', #4875, #6704 ) ;
#4119 = ORIENTED_EDGE ( 'NONE', *, *, #8206, .F. ) ;
#4120 = EDGE_CURVE ( 'NONE', #4144, #1747, #7020, .T. ) ;
#4121 = VECTOR ( 'NONE', #7839, 1000.000000000000000 ) ;
#4122 = LINE ( 'NONE', #49, #8146 ) ;
#4123 = ORIENTED_EDGE ( 'NONE', *, *, #5977, .T. ) ;
#4124 = ORIENTED_EDGE ( 'NONE', *, *, #5853, .F. ) ;
#4125 = CARTESIAN_POINT ( 'NONE',  ( 34.06345264191645583, -1.000369342984370968, 0.4000000000000000222 ) ) ;
#4126 = CIRCLE ( 'NONE', #5678, 4.535640646055099090 ) ;
#4127 = DIRECTION ( 'NONE',  ( 0.000000000000000000, 0.000000000000000000, -1.000000000000000000 ) ) ;
#4128 = LINE ( 'NONE', #5670, #6561 ) ;
#4129 = EDGE_CURVE ( 'NONE', #2251, #5564, #330, .T. ) ;
#4130 = FACE_OUTER_BOUND ( 'NONE', #7179, .T. ) ;
#4131 = ORIENTED_EDGE ( 'NONE', *, *, #4480, .F. ) ;
#4132 = ORIENTED_EDGE ( 'NONE', *, *, #1464, .F. ) ;
#4133 = ORIENTED_EDGE ( 'NONE', *, *, #175, .F. ) ;
#4134 = CARTESIAN_POINT ( 'NONE',  ( 41.29999999999999005, -45.25019727846304818, 1.055146923021167638 ) ) ;
#4135 = CARTESIAN_POINT ( 'NONE',  ( -17.03225942163687989, -39.99999999999993605, 0.4000000000000000222 ) ) ;
#4136 = LINE ( 'NONE', #8263, #2357 ) ;
#4137 = EDGE_CURVE ( 'NONE', #8588, #7288, #5646, .T. ) ;
#4138 = DIRECTION ( 'NONE',  ( -0.7071067811865487940, -0.7071067811865463515, 0.000000000000000000 ) ) ;
#4139 = ORIENTED_EDGE ( 'NONE', *, *, #1353, .F. ) ;
#4140 = VECTOR ( 'NONE', #1476, 1000.000000000000114 ) ;
#4141 = LINE ( 'NONE', #778, #1863 ) ;
#4142 = AXIS2_PLACEMENT_3D ( 'NONE', #5035, #1714, #7739 ) ;
#4143 = CARTESIAN_POINT ( 'NONE',  ( 4.907690528383287898, 1.000369342984398724, -0.4000000000000000222 ) ) ;
#4144 = VERTEX_POINT ( 'NONE', #5827 ) ;
#4145 = CARTESIAN_POINT ( 'NONE',  ( 34.06345264191648425, 31.00036934298429259, 0.4000000000000000222 ) ) ;
#4146 = ORIENTED_EDGE ( 'NONE', *, *, #370, .T. ) ;
#4147 = CARTESIAN_POINT ( 'NONE',  ( -32.49999999999996447, 32.50000000000004263, 0.4000000000000000222 ) ) ;
#4148 = CARTESIAN_POINT ( 'NONE',  ( 4.041878364870307827, -2.499999999999980904, 0.4000000000000000222 ) ) ;
#4149 = DIRECTION ( 'NONE',  ( 0.000000000000000000, -0.000000000000000000, 1.000000000000000000 ) ) ;
#4150 = AXIS2_PLACEMENT_3D ( 'NONE', #7849, #1109, #4528 ) ;
#4151 = AXIS2_PLACEMENT_3D ( 'NONE', #4455, #5831, #8395 ) ;
#4152 = FACE_OUTER_BOUND ( 'NONE', #4701, .T. ) ;
#4153 = AXIS2_PLACEMENT_3D ( 'NONE', #1682, #5668, #2296 ) ;
#4154 = DIRECTION ( 'NONE',  ( -0.000000000000000000, -1.000000000000000000, -0.000000000000000000 ) ) ;
#4155 = CARTESIAN_POINT ( 'NONE',  ( 22.80576211353317717, -37.49999999999985079, -0.4000000000000000222 ) ) ;
#4156 = ORIENTED_EDGE ( 'NONE', *, *, #5576, .F. ) ;
#4157 = VERTEX_POINT ( 'NONE', #8528 ) ;
#4158 = EDGE_CURVE ( 'NONE', #2870, #7277, #8349, .T. ) ;
#4159 = DIRECTION ( 'NONE',  ( -0.8660254037844407060, 0.4999999999999965028, 0.000000000000000000 ) ) ;
#4160 = CARTESIAN_POINT ( 'NONE',  ( -34.06345264191650557, 1.000369342984398724, 0.4000000000000000222 ) ) ;
#4161 = EDGE_CURVE ( 'NONE', #4340, #7724, #1701, .T. ) ;
#4162 = CARTESIAN_POINT ( 'NONE',  ( -4.907690528383336748, 43.99963065701543741, 0.4000000000000000222 ) ) ;
#4163 = VERTEX_POINT ( 'NONE', #2272 ) ;
#4164 = DIRECTION ( 'NONE',  ( 0.000000000000000000, -1.000000000000000000, 0.000000000000000000 ) ) ;
#4165 = PRODUCT_DEFINITION ( 'UNKNOWN', '', #5583, #6384 ) ;
#4166 = VERTEX_POINT ( 'NONE', #5022 ) ;
#4167 = ORIENTED_EDGE ( 'NONE', *, *, #6373, .F. ) ;
#4168 = EDGE_LOOP ( 'NONE', ( #981, #7755, #1459, #8519 ) ) ;
#4169 = CARTESIAN_POINT ( 'NONE',  ( -33.56435935394490144, 45.79999999999999005, 0.3999999999999999667 ) ) ;
#4170 = CARTESIAN_POINT ( 'NONE',  ( 8.948502691896250028, -2.499999999999980904, -0.4000000000000000222 ) ) ;
#4171 = VECTOR ( 'NONE', #4086, 1000.000000000000000 ) ;
#4172 = CARTESIAN_POINT ( 'NONE',  ( -24.39326211353321128, -2.749630657015569746, 0.4000000000000000222 ) ) ;
#4173 = ADVANCED_FACE ( 'NONE', ( #2456 ), #5165, .T. ) ;
#4174 = DIRECTION ( 'NONE',  ( -0.000000000000000000, -0.000000000000000000, 1.000000000000000000 ) ) ;
#4175 = VECTOR ( 'NONE', #4276, 1000.000000000000114 ) ;
#4176 = ORIENTED_EDGE ( 'NONE', *, *, #3377, .T. ) ;
#4177 = ORIENTED_EDGE ( 'NONE', *, *, #1942, .F. ) ;
#4178 = ORIENTED_EDGE ( 'NONE', *, *, #3870, .F. ) ;
#4179 = DIRECTION ( 'NONE',  ( 0.5000000000000032196, -0.8660254037844368202, 0.000000000000000000 ) ) ;
#4180 = DIRECTION ( 'NONE',  ( 0.4999999999999968359, 0.8660254037844404840, 0.000000000000000000 ) ) ;
#4181 = ADVANCED_FACE ( 'NONE', ( #7685 ), #1609, .T. ) ;
#4182 = EDGE_CURVE ( 'NONE', #2714, #580, #5986, .T. ) ;
#4183 = CARTESIAN_POINT ( 'NONE',  ( 22.80576211353317717, 0.000000000000000000, 0.4000000000000000222 ) ) ;
#4184 = CARTESIAN_POINT ( 'NONE',  ( 14.72200538379243540, 39.99999999999999289, -0.4000000000000000222 ) ) ;
#4185 = VECTOR ( 'NONE', #2663, 1000.000000000000000 ) ;
#4186 = VERTEX_POINT ( 'NONE', #990 ) ;
#4187 = DIRECTION ( 'NONE',  ( -0.8660254037844407060, 0.4999999999999965028, 0.000000000000000000 ) ) ;
#4188 = ADVANCED_FACE ( 'NONE', ( #2407 ), #1648, .F. ) ;
#4189 = EDGE_CURVE ( 'NONE', #7670, #4640, #8434, .T. ) ;
#4190 = LINE ( 'NONE', #4902, #4768 ) ;
#4191 = ORIENTED_EDGE ( 'NONE', *, *, #8103, .F. ) ;
#4192 = DIRECTION ( 'NONE',  ( 1.000000000000000000, 3.663735981263016583E-15, 0.000000000000000000 ) ) ;
#4193 = ORIENTED_EDGE ( 'NONE', *, *, #1890, .T. ) ;
#4194 = LINE ( 'NONE', #6901, #55 ) ;
#4195 = AXIS2_PLACEMENT_3D ( 'NONE', #8345, #7015, #2265 ) ;
#4196 = FACE_OUTER_BOUND ( 'NONE', #5003, .T. ) ;
#4197 = VECTOR ( 'NONE', #7701, 1000.000000000000000 ) ;
#4198 = DIRECTION ( 'NONE',  ( -0.7071067811865487940, -0.7071067811865463515, 0.000000000000000000 ) ) ;
#4199 = DIRECTION ( 'NONE',  ( -0.000000000000000000, -0.000000000000000000, 1.000000000000000000 ) ) ;
#4200 = AXIS2_PLACEMENT_3D ( 'NONE', #3403, #5449, #8152 ) ;
#4201 = LINE ( 'NONE', #6945, #1963 ) ;
#4202 = ORIENTED_EDGE ( 'NONE', *, *, #1968, .T. ) ;
#4203 = EDGE_LOOP ( 'NONE', ( #601, #2765, #579, #4089 ) ) ;
#4204 = AXIS2_PLACEMENT_3D ( 'NONE', #8668, #2508, #3261 ) ;
#4205 = DIRECTION ( 'NONE',  ( -1.000000000000000000, 0.000000000000000000, 0.000000000000000000 ) ) ;
#4206 = CYLINDRICAL_SURFACE ( 'NONE', #2644, 1.599999999999997202 ) ;
#4207 = LINE ( 'NONE', #2084, #1743 ) ;
#4208 = VERTEX_POINT ( 'NONE', #1126 ) ;
#4209 = EDGE_CURVE ( 'NONE', #8555, #7744, #5616, .T. ) ;
#4210 = VECTOR ( 'NONE', #5298, 1000.000000000000000 ) ;
#4211 = DIRECTION ( 'NONE',  ( -1.000000000000000000, -3.330669073875469621E-15, -0.000000000000000000 ) ) ;
#4212 = ORIENTED_EDGE ( 'NONE', *, *, #3965, .F. ) ;
#4213 = ORIENTED_EDGE ( 'NONE', *, *, #7329, .T. ) ;
#4214 = ORIENTED_EDGE ( 'NONE', *, *, #2436, .T. ) ;
#4215 = CARTESIAN_POINT ( 'NONE',  ( -29.15576211353321057, -37.49999999999986500, -0.4000000000000000222 ) ) ;
#4216 = EDGE_CURVE ( 'NONE', #4262, #2095, #4497, .T. ) ;
#4217 = LINE ( 'NONE', #6337, #5420 ) ;
#4218 = CARTESIAN_POINT ( 'NONE',  ( 33.99963065701572162, 31.00036934298428903, 0.4000000000000000222 ) ) ;
#4219 = VERTEX_POINT ( 'NONE', #7198 ) ;
#4220 = VERTEX_POINT ( 'NONE', #6198 ) ;
#4221 = EDGE_LOOP ( 'NONE', ( #4439, #1771, #411, #8362, #7817, #5876 ) ) ;
#4222 = CARTESIAN_POINT ( 'NONE',  ( 0.000000000000000000, -2.499999999999980904, 0.4000000000000000222 ) ) ;
#4223 = CIRCLE ( 'NONE', #557, 1.599999999999983435 ) ;
#4224 = CARTESIAN_POINT ( 'NONE',  ( 34.06345264191648425, -43.99963065701540188, -0.4000000000000000222 ) ) ;
#4225 = CARTESIAN_POINT ( 'NONE',  ( 29.30095264191647075, 3.749999999999989342, -0.4000000000000000222 ) ) ;
#4226 = DIRECTION ( 'NONE',  ( -3.330669073875469621E-15, 1.000000000000000000, 0.000000000000000000 ) ) ;
#4227 = EDGE_CURVE ( 'NONE', #6254, #578, #2780, .T. ) ;
#4228 = ORIENTED_EDGE ( 'NONE', *, *, #3100, .T. ) ;
#4229 = EDGE_CURVE ( 'NONE', #1110, #2922, #832, .T. ) ;
#4230 = VECTOR ( 'NONE', #4019, 1000.000000000000000 ) ;
#4231 = LINE ( 'NONE', #736, #8370 ) ;
#4232 = EDGE_CURVE ( 'NONE', #7588, #1237, #6106, .T. ) ;
#4233 = CARTESIAN_POINT ( 'NONE',  ( 1.587499999999995248, -40.24963065701543741, -0.4000000000000000222 ) ) ;
#4234 = VERTEX_POINT ( 'NONE', #4869 ) ;
#4235 = DIRECTION ( 'NONE',  ( 1.000000000000000000, 3.663735981263016583E-15, 0.000000000000000000 ) ) ;
#4236 = EDGE_CURVE ( 'NONE', #2617, #5988, #2197, .T. ) ;
#4237 = EDGE_LOOP ( 'NONE', ( #7459, #2256, #588 ) ) ;
#4238 = CARTESIAN_POINT ( 'NONE',  ( -34.06345264191650557, -6.499630657015580404, 0.4000000000000000222 ) ) ;
#4239 = LINE ( 'NONE', #8233, #548 ) ;
#4240 = VECTOR ( 'NONE', #5168, 1000.000000000000000 ) ;
#4241 = LINE ( 'NONE', #875, #156 ) ;
#4242 = EDGE_CURVE ( 'NONE', #4252, #7850, #1080, .T. ) ;
#4243 = DIRECTION ( 'NONE',  ( -0.5000000000000029976, 0.8660254037844369313, -0.000000000000000000 ) ) ;
#4244 = EDGE_CURVE ( 'NONE', #3253, #1713, #3346, .T. ) ;
#4245 = LINE ( 'NONE', #4913, #3516 ) ;
#4246 = EDGE_LOOP ( 'NONE', ( #5104, #6529 ) ) ;
#4247 = ORIENTED_EDGE ( 'NONE', *, *, #6407, .F. ) ;
#4248 = CARTESIAN_POINT ( 'NONE',  ( -8.948502691896383254, 39.99999999999999289, -0.4000000000000000222 ) ) ;
#4249 = LINE ( 'NONE', #1541, #2353 ) ;
#4250 = DIRECTION ( 'NONE',  ( 1.000000000000000000, 0.000000000000000000, 0.000000000000000000 ) ) ;
#4251 = ORIENTED_EDGE ( 'NONE', *, *, #6845, .F. ) ;
#4252 = VERTEX_POINT ( 'NONE', #3569 ) ;
#4253 = ORIENTED_EDGE ( 'NONE', *, *, #6456, .T. ) ;
#4254 = ORIENTED_EDGE ( 'NONE', *, *, #2117, .F. ) ;
#4255 = DIRECTION ( 'NONE',  ( -0.000000000000000000, -0.000000000000000000, 1.000000000000000000 ) ) ;
#4256 = CARTESIAN_POINT ( 'NONE',  ( 14.72200538379250112, 2.500000000000024869, -0.4000000000000000222 ) ) ;
#4257 = EDGE_LOOP ( 'NONE', ( #634, #7995, #8540, #6514 ) ) ;
#4258 = AXIS2_PLACEMENT_3D ( 'NONE', #3654, #2948, #6362 ) ;
#4259 = LINE ( 'NONE', #6964, #6018 ) ;
#4260 = AXIS2_PLACEMENT_3D ( 'NONE', #6633, #7334, #2011 ) ;
#4261 = ORIENTED_EDGE ( 'NONE', *, *, #82, .T. ) ;
#4262 = VERTEX_POINT ( 'NONE', #2114 ) ;
#4263 = VECTOR ( 'NONE', #7864, 1000.000000000000000 ) ;
#4264 = EDGE_CURVE ( 'NONE', #6297, #3760, #6280, .T. ) ;
#4265 = VERTEX_POINT ( 'NONE', #2073 ) ;
#4266 = FACE_OUTER_BOUND ( 'NONE', #189, .T. ) ;
#4267 = VECTOR ( 'NONE', #7948, 1000.000000000000000 ) ;
#4268 = VECTOR ( 'NONE', #3936, 1000.000000000000000 ) ;
#4269 = CARTESIAN_POINT ( 'NONE',  ( 41.25000000000000000, 45.79999999999999005, 1.200000000000001954 ) ) ;
#4270 = EDGE_CURVE ( 'NONE', #1537, #4938, #4828, .T. ) ;
#4271 = CARTESIAN_POINT ( 'NONE',  ( -27.56826211353322975, -4.750369342984381404, -0.4000000000000000222 ) ) ;
#4272 = CARTESIAN_POINT ( 'NONE',  ( 4.907690528383266582, -1.000369342984391841, 0.4000000000000000222 ) ) ;
#4273 = EDGE_CURVE ( 'NONE', #5948, #7744, #6742, .T. ) ;
#4274 = ORIENTED_EDGE ( 'NONE', *, *, #146, .F. ) ;
#4275 = CARTESIAN_POINT ( 'NONE',  ( -33.99963065701572873, 31.00036934298427838, 0.4000000000000000222 ) ) ;
#4276 = DIRECTION ( 'NONE',  ( -0.4999999999999965583, -0.8660254037844407060, -0.000000000000000000 ) ) ;
#4277 = ORIENTED_EDGE ( 'NONE', *, *, #2304, .F. ) ;
#4278 = CARTESIAN_POINT ( 'NONE',  ( -27.56826211353322975, 2.749630657015597723, -0.4000000000000000222 ) ) ;
#4279 = VERTEX_POINT ( 'NONE', #3528 ) ;
#4280 = EDGE_CURVE ( 'NONE', #4219, #3583, #83, .T. ) ;
#4281 = LINE ( 'NONE', #76, #5997 ) ;
#4282 = CARTESIAN_POINT ( 'NONE',  ( 37.50000000000000000, 27.50000000000002487, 0.6000000000000000888 ) ) ;
#4283 = CARTESIAN_POINT ( 'NONE',  ( 27.71238644055910072, 2.500000000000024869, 0.4000000000000000222 ) ) ;
#4284 = CARTESIAN_POINT ( 'NONE',  ( 4.041878364870259865, -39.99999999999993605, -0.4000000000000000222 ) ) ;
#4285 = CARTESIAN_POINT ( 'NONE',  ( 16.31057158514986938, 41.24999999999982947, 0.4000000000000000222 ) ) ;
#4286 = ORIENTED_EDGE ( 'NONE', *, *, #5080, .T. ) ;
#4287 = VECTOR ( 'NONE', #100, 1000.000000000000000 ) ;
#4288 = LINE ( 'NONE', #343, #7595 ) ;
#4289 = DIRECTION ( 'NONE',  ( 1.000000000000000000, 3.663735981263016583E-15, 0.000000000000000000 ) ) ;
#4290 = DIRECTION ( 'NONE',  ( -0.000000000000000000, -0.000000000000000000, 1.000000000000000000 ) ) ;
#4291 = EDGE_CURVE ( 'NONE', #6260, #7770, #5618, .T. ) ;
#4292 = EDGE_CURVE ( 'NONE', #718, #2316, #2068, .T. ) ;
#4293 = CARTESIAN_POINT ( 'NONE',  ( -8.082690528383333017, 43.99963065701542320, 0.4000000000000000222 ) ) ;
#4294 = DIRECTION ( 'NONE',  ( -0.4999999999999965583, -0.8660254037844407060, -0.000000000000000000 ) ) ;
#4295 = ORIENTED_EDGE ( 'NONE', *, *, #3310, .T. ) ;
#4296 = VECTOR ( 'NONE', #6359, 1000.000000000000000 ) ;
#4297 = EDGE_CURVE ( 'NONE', #246, #2542, #2866, .T. ) ;
#4298 = EDGE_CURVE ( 'NONE', #708, #1364, #126, .T. ) ;
#4299 = ORIENTED_EDGE ( 'NONE', *, *, #7141, .F. ) ;
#4300 = ORIENTED_EDGE ( 'NONE', *, *, #6143, .T. ) ;
#4301 = ORIENTED_EDGE ( 'NONE', *, *, #6051, .F. ) ;
#4302 = AXIS2_PLACEMENT_3D ( 'NONE', #2483, #6476, #4025 ) ;
#4303 = CARTESIAN_POINT ( 'NONE',  ( -4.907690528383311879, 1.000369342984405829, 0.4000000000000000222 ) ) ;
#4304 = LINE ( 'NONE', #7538, #4287 ) ;
#4305 = EDGE_LOOP ( 'NONE', ( #3141, #6123, #2250, #4261 ) ) ;
#4306 = FACE_OUTER_BOUND ( 'NONE', #3370, .T. ) ;
#4307 = ORIENTED_EDGE ( 'NONE', *, *, #605, .T. ) ;
#4308 = ORIENTED_EDGE ( 'NONE', *, *, #4920, .T. ) ;
#4309 = ORIENTED_EDGE ( 'NONE', *, *, #3269, .T. ) ;
#4310 = PLANE ( 'NONE',  #2395 ) ;
#4311 = CARTESIAN_POINT ( 'NONE',  ( 21.07307158514985801, -1.000369342984377852, -0.4000000000000000222 ) ) ;
#4312 = CARTESIAN_POINT ( 'NONE',  ( 37.50000000000000000, 2.500000000000024869, 0.6000000000000000888 ) ) ;
#4313 = CARTESIAN_POINT ( 'NONE',  ( -3.320190528383309747, -41.24999999999982236, -0.4000000000000000222 ) ) ;
#4314 = LINE ( 'NONE', #3598, #8389 ) ;
#4315 = EDGE_LOOP ( 'NONE', ( #8244, #2662, #1247, #5318, #5166, #7266 ) ) ;
#4316 = VECTOR ( 'NONE', #6699, 1000.000000000000000 ) ;
#4317 = CARTESIAN_POINT ( 'NONE',  ( -11.25875672974076913, 39.99999999999999289, -0.4000000000000000222 ) ) ;
#4318 = CARTESIAN_POINT ( 'NONE',  ( -30.88845264191650486, 38.50036934298425706, -0.4000000000000000222 ) ) ;
#4319 = ORIENTED_EDGE ( 'NONE', *, *, #1151, .F. ) ;
#4320 = DIRECTION ( 'NONE',  ( -0.5000000000000029976, 0.8660254037844369313, -0.000000000000000000 ) ) ;
#4321 = CARTESIAN_POINT ( 'NONE',  ( -30.88845264191652973, 43.99963065701543741, -0.4000000000000000222 ) ) ;
#4322 = FACE_OUTER_BOUND ( 'NONE', #3863, .T. ) ;
#4323 = AXIS2_PLACEMENT_3D ( 'NONE', #8124, #5994, #53 ) ;
#4324 = LINE ( 'NONE', #4458, #7370 ) ;
#4325 = DIRECTION ( 'NONE',  ( 0.000000000000000000, 0.000000000000000000, -1.000000000000000000 ) ) ;
#4326 =( NAMED_UNIT ( * ) SI_UNIT ( $, .STERADIAN. ) SOLID_ANGLE_UNIT ( ) );
#4327 = ORIENTED_EDGE ( 'NONE', *, *, #959, .T. ) ;
#4328 = LINE ( 'NONE', #7035, #7260 ) ;
#4329 = CARTESIAN_POINT ( 'NONE',  ( -9.670190528383324491, 41.24999999999982947, -0.4000000000000000222 ) ) ;
#4330 = CARTESIAN_POINT ( 'NONE',  ( 4.041878364870307827, -2.499999999999980904, -0.4000000000000000222 ) ) ;
#4331 = AXIS2_PLACEMENT_3D ( 'NONE', #733, #8136, #8222 ) ;
#4332 = CARTESIAN_POINT ( 'NONE',  ( 38.10000000000000142, 45.79999999999999005, 0.4000000000000000222 ) ) ;
#4333 = AXIS2_PLACEMENT_3D ( 'NONE', #3998, #4671, #464 ) ;
#4334 = CARTESIAN_POINT ( 'NONE',  ( 0.000000000000000000, 0.000000000000000000, 0.4000000000000000222 ) ) ;
#4335 = ORIENTED_EDGE ( 'NONE', *, *, #4898, .T. ) ;
#4336 = AXIS2_PLACEMENT_3D ( 'NONE', #8182, #2104, #4816 ) ;
#4337 = VECTOR ( 'NONE', #1410, 1000.000000000000114 ) ;
#4338 = EDGE_CURVE ( 'NONE', #4899, #7744, #5533, .T. ) ;
#4339 = ORIENTED_EDGE ( 'NONE', *, *, #3321, .T. ) ;
#4340 = VERTEX_POINT ( 'NONE', #8236 ) ;
#4341 = VERTEX_POINT ( 'NONE', #1535 ) ;
#4342 = B_SPLINE_CURVE_WITH_KNOTS ( 'NONE', 3,
 ( #2928, #7758, #4968, #359, #7050, #2970, #3060, #8296, #6259, #6298 ),
 .UNSPECIFIED., .F., .F.,
 ( 4, 2, 2, 2, 4 ),
 ( 0.000000000000000000, 0.001636152207030235495, 0.002454228310545363001, 0.002863266362302926537, 0.003272304414060490507 ),
 .UNSPECIFIED. ) ;
#4343 = PLANE ( 'NONE',  #4868 ) ;
#4344 = FACE_BOUND ( 'NONE', #2522, .T. ) ;
#4345 = VERTEX_POINT ( 'NONE', #6778 ) ;
#4346 = EDGE_CURVE ( 'NONE', #4565, #6025, #8276, .T. ) ;
#4347 = CARTESIAN_POINT ( 'NONE',  ( 17.89807158514986085, 43.99963065701542320, -0.4000000000000000222 ) ) ;
#4348 = VERTEX_POINT ( 'NONE', #8149 ) ;
#4349 = ORIENTED_EDGE ( 'NONE', *, *, #1394, .F. ) ;
#4350 = EDGE_LOOP ( 'NONE', ( #6853, #2273, #1675, #305, #930, #3984 ) ) ;
#4351 = CARTESIAN_POINT ( 'NONE',  ( -21.07307158514991130, 1.000369342984391841, -0.4000000000000000222 ) ) ;
#4352 = DIRECTION ( 'NONE',  ( 1.000000000000000000, 0.000000000000000000, 0.000000000000000000 ) ) ;
#4353 = PLANE ( 'NONE',  #1192 ) ;
#4354 = DIRECTION ( 'NONE',  ( -0.000000000000000000, -0.000000000000000000, 1.000000000000000000 ) ) ;
#4355 = DIRECTION ( 'NONE',  ( -0.000000000000000000, -0.000000000000000000, 1.000000000000000000 ) ) ;
#4356 = EDGE_CURVE ( 'NONE', #5358, #1946, #7609, .T. ) ;
#4357 = VECTOR ( 'NONE', #8273, 1000.000000000000000 ) ;
#4358 = ORIENTED_EDGE ( 'NONE', *, *, #6788, .T. ) ;
#4359 = DIRECTION ( 'NONE',  ( -3.330669073875469621E-15, 1.000000000000000000, 0.000000000000000000 ) ) ;
#4360 = CARTESIAN_POINT ( 'NONE',  ( 34.32614863764207769, 43.54462784547376941, 0.4066471204072631407 ) ) ;
#4361 = ORIENTED_EDGE ( 'NONE', *, *, #6689, .F. ) ;
#4362 = DIRECTION ( 'NONE',  ( -0.7071067811865467956, 0.7071067811865483499, 0.000000000000000000 ) ) ;
#4363 = LINE ( 'NONE', #5026, #8261 ) ;
#4364 = CARTESIAN_POINT ( 'NONE',  ( -11.25875672974071939, -39.99999999999993605, -0.4000000000000000222 ) ) ;
#4365 = VECTOR ( 'NONE', #1810, 1000.000000000000114 ) ;
#4366 = CARTESIAN_POINT ( 'NONE',  ( 21.07307158514988288, 1.000369342984412713, -0.4000000000000000222 ) ) ;
#4367 = CARTESIAN_POINT ( 'NONE',  ( 34.06345264191648425, -6.499630657015551982, -0.4000000000000000222 ) ) ;
#4368 = DIRECTION ( 'NONE',  ( 0.000000000000000000, 0.000000000000000000, -1.000000000000000000 ) ) ;
#4369 = LINE ( 'NONE', #7074, #7204 ) ;
#4370 = ORIENTED_EDGE ( 'NONE', *, *, #7490, .T. ) ;
#4371 = AXIS2_PLACEMENT_3D ( 'NONE', #2324, #433, #1667 ) ;
#4372 = CARTESIAN_POINT ( 'NONE',  ( -30.88845264191650486, 1.000369342984412713, -0.4000000000000000222 ) ) ;
#4373 = EDGE_CURVE ( 'NONE', #3770, #6339, #2155, .T. ) ;
#4374 = DIRECTION ( 'NONE',  ( -0.8660254037844368202, -0.5000000000000031086, 0.000000000000000000 ) ) ;
#4375 = CARTESIAN_POINT ( 'NONE',  ( -34.06345264191650557, -6.499630657015580404, 0.4000000000000000222 ) ) ;
#4376 = EDGE_CURVE ( 'NONE', #2510, #2827, #2466, .T. ) ;
#4377 = DIRECTION ( 'NONE',  ( 0.4999999999999968359, 0.8660254037844404840, 0.000000000000000000 ) ) ;
#4378 = CARTESIAN_POINT ( 'NONE',  ( 34.92926480542945455, 2.500000000000024869, 0.4000000000000000222 ) ) ;
#4379 = ADVANCED_FACE ( 'NONE', ( #998, #3744, #2415 ), #3790, .F. ) ;
#4380 = EDGE_LOOP ( 'NONE', ( #4610, #7383, #5401, #927 ) ) ;
#4381 = VECTOR ( 'NONE', #6979, 1000.000000000000114 ) ;
#4382 = ORIENTED_EDGE ( 'NONE', *, *, #440, .F. ) ;
#4383 = ORIENTED_EDGE ( 'NONE', *, *, #5193, .T. ) ;
#4384 = VERTEX_POINT ( 'NONE', #1575 ) ;
#4385 = DIRECTION ( 'NONE',  ( -0.000000000000000000, -0.000000000000000000, 1.000000000000000000 ) ) ;
#4386 = EDGE_CURVE ( 'NONE', #5779, #3285, #7828, .T. ) ;
#4387 = LINE ( 'NONE', #7088, #3012 ) ;
#4388 = FACE_BOUND ( 'NONE', #2843, .T. ) ;
#4389 = EDGE_CURVE ( 'NONE', #5201, #342, #252, .T. ) ;
#4390 = EDGE_LOOP ( 'NONE', ( #263, #8605, #5527, #547 ) ) ;
#4391 = VECTOR ( 'NONE', #2557, 1000.000000000000114 ) ;
#4392 = CARTESIAN_POINT ( 'NONE',  ( -9.670190528383312056, -41.24999999999985079, -0.4000000000000000222 ) ) ;
#4393 = ORIENTED_EDGE ( 'NONE', *, *, #626, .F. ) ;
#4394 = ORIENTED_EDGE ( 'NONE', *, *, #8679, .F. ) ;
#4395 = ORIENTED_EDGE ( 'NONE', *, *, #7141, .T. ) ;
#4396 = LINE ( 'NONE', #3018, #3810 ) ;
#4397 = CARTESIAN_POINT ( 'NONE',  ( -42.63564064605510140, -45.79999999999999005, 2.000000000000000000 ) ) ;
#4398 = LINE ( 'NONE', #1025, #764 ) ;
#4399 = DIRECTION ( 'NONE',  ( 0.5000000000000031086, -0.8660254037844368202, 0.000000000000000000 ) ) ;
#4400 = AXIS2_PLACEMENT_3D ( 'NONE', #745, #3441, #6153 ) ;
#4401 = EDGE_CURVE ( 'NONE', #674, #4166, #6987, .T. ) ;
#4402 = FACE_OUTER_BOUND ( 'NONE', #4041, .T. ) ;
#4403 = ORIENTED_EDGE ( 'NONE', *, *, #5673, .F. ) ;
#4404 = LINE ( 'NONE', #8348, #7375 ) ;
#4405 = VECTOR ( 'NONE', #3230, 1000.000000000000000 ) ;
#4406 = DIRECTION ( 'NONE',  ( -0.000000000000000000, -0.000000000000000000, -1.000000000000000000 ) ) ;
#4407 = ORIENTED_EDGE ( 'NONE', *, *, #7366, .T. ) ;
#4408 = ORIENTED_EDGE ( 'NONE', *, *, #4505, .T. ) ;
#4409 = DIRECTION ( 'NONE',  ( -1.000000000000000000, -3.330669073875469621E-15, -0.000000000000000000 ) ) ;
#4410 = EDGE_CURVE ( 'NONE', #1713, #3253, #7873, .T. ) ;
#4411 = CARTESIAN_POINT ( 'NONE',  ( 35.65095264191646862, 33.74999999999989342, -0.4000000000000000222 ) ) ;
#4412 = DIRECTION ( 'NONE',  ( -3.330669073875469621E-15, 1.000000000000000000, 0.000000000000000000 ) ) ;
#4413 = CARTESIAN_POINT ( 'NONE',  ( -34.32614863764213453, -43.54462784547375520, 0.4066471204072658052 ) ) ;
#4414 = DIRECTION ( 'NONE',  ( -0.8660254037844368202, -0.5000000000000031086, 0.000000000000000000 ) ) ;
#4415 = CARTESIAN_POINT ( 'NONE',  ( -22.80576211353321980, 2.775557561562891351E-14, -0.4000000000000000222 ) ) ;
#4416 = CARTESIAN_POINT ( 'NONE',  ( 30.88845264191648354, -6.499630657015566193, -0.4000000000000000222 ) ) ;
#4417 = VERTEX_POINT ( 'NONE', #1756 ) ;
#4418 = CARTESIAN_POINT ( 'NONE',  ( 24.39326211353316864, 40.24963065701545162, -0.4000000000000000222 ) ) ;
#4419 = CARTESIAN_POINT ( 'NONE',  ( 41.29999999999999005, -45.79999999999999005, 1.119055016130132918 ) ) ;
#4420 = CARTESIAN_POINT ( 'NONE',  ( -38.62378368755924640, -49.00000000000000000, 1.066438909323833784 ) ) ;
#4421 = CARTESIAN_POINT ( 'NONE',  ( -31.00036934298439206, -8.500369342984349430, 0.4000000000000000222 ) ) ;
#4422 = DIRECTION ( 'NONE',  ( -1.000000000000000000, -3.330669073875469621E-15, -0.000000000000000000 ) ) ;
#4423 = ORIENTED_EDGE ( 'NONE', *, *, #1391, .F. ) ;
#4424 = AXIS2_PLACEMENT_3D ( 'NONE', #3776, #1875, #8525 ) ;
#4425 = EDGE_CURVE ( 'NONE', #5057, #4030, #431, .T. ) ;
#4426 = ORIENTED_EDGE ( 'NONE', *, *, #6378, .T. ) ;
#4427 = ORIENTED_EDGE ( 'NONE', *, *, #1695, .T. ) ;
#4428 = ORIENTED_EDGE ( 'NONE', *, *, #1423, .T. ) ;
#4429 = EDGE_CURVE ( 'NONE', #5885, #197, #3036, .T. ) ;
#4430 = DIRECTION ( 'NONE',  ( 1.000000000000000000, 0.000000000000000000, 0.000000000000000000 ) ) ;
#4431 = CARTESIAN_POINT ( 'NONE',  ( 37.56758380258161623, -49.00000000000000711, 1.064392434080409622 ) ) ;
#4432 = AXIS2_PLACEMENT_3D ( 'NONE', #8734, #2655, #922 ) ;
#4433 = FACE_BOUND ( 'NONE', #4237, .T. ) ;
#4434 = EDGE_CURVE ( 'NONE', #2837, #1554, #914, .T. ) ;
#4435 = ORIENTED_EDGE ( 'NONE', *, *, #7599, .T. ) ;
#4436 = VECTOR ( 'NONE', #5381, 1000.000000000000114 ) ;
#4437 = VECTOR ( 'NONE', #5899, 1000.000000000000000 ) ;
#4438 = CARTESIAN_POINT ( 'NONE',  ( -34.92926480542952561, -39.99999999999993605, 0.4000000000000000222 ) ) ;
#4439 = ORIENTED_EDGE ( 'NONE', *, *, #6885, .T. ) ;
#4440 = ORIENTED_EDGE ( 'NONE', *, *, #1500, .F. ) ;
#4441 = ORIENTED_EDGE ( 'NONE', *, *, #6225, .F. ) ;
#4442 = DIRECTION ( 'NONE',  ( 0.000000000000000000, 0.000000000000000000, -1.000000000000000000 ) ) ;
#4443 = DIRECTION ( 'NONE',  ( 0.7071067811865483499, -0.7071067811865467956, 0.000000000000000000 ) ) ;
#4444 = DIRECTION ( 'NONE',  ( 0.4999999999999968359, 0.8660254037844404840, 0.000000000000000000 ) ) ;
#4445 = LINE ( 'NONE', #2310, #4478 ) ;
#4446 = EDGE_CURVE ( 'NONE', #3361, #3852, #5834, .T. ) ;
#4447 = LINE ( 'NONE', #5869, #7537 ) ;
#4448 = VERTEX_POINT ( 'NONE', #8537 ) ;
#4449 = PLANE ( 'NONE',  #452 ) ;
#4450 = LINE ( 'NONE', #7819, #6041 ) ;
#4451 = VERTEX_POINT ( 'NONE', #5697 ) ;
#4452 = EDGE_CURVE ( 'NONE', #5142, #8619, #5786, .T. ) ;
#4453 = EDGE_LOOP ( 'NONE', ( #7043, #4928, #2572, #4591, #2408, #7840 ) ) ;
#4454 = LINE ( 'NONE', #5691, #6794 ) ;
#4455 = CARTESIAN_POINT ( 'NONE',  ( -30.88845264191652973, 43.99963065701543741, -0.4000000000000000222 ) ) ;
#4456 = DIRECTION ( 'NONE',  ( 0.5000000000000032196, -0.8660254037844368202, 0.000000000000000000 ) ) ;
#4457 = CIRCLE ( 'NONE', #5593, 1.599999999999997202 ) ;
#4458 = CARTESIAN_POINT ( 'NONE',  ( -21.93888374866298108, 39.99999999999999289, -0.4000000000000000222 ) ) ;
#4459 = ADVANCED_FACE ( 'NONE', ( #2949 ), #5655, .T. ) ;
#4460 = DIRECTION ( 'NONE',  ( -0.000000000000000000, -0.000000000000000000, 1.000000000000000000 ) ) ;
#4461 = CARTESIAN_POINT ( 'NONE',  ( 35.65095264191646862, -11.24999999999992717, -0.4000000000000000222 ) ) ;
#4462 = DIRECTION ( 'NONE',  ( 0.8660254037844369313, 0.5000000000000029976, 0.000000000000000000 ) ) ;
#4463 = ORIENTED_EDGE ( 'NONE', *, *, #3915, .F. ) ;
#4464 = VECTOR ( 'NONE', #525, 1000.000000000000000 ) ;
#4465 = DIRECTION ( 'NONE',  ( -0.4999999999999965583, -0.8660254037844407060, -0.000000000000000000 ) ) ;
#4466 = CARTESIAN_POINT ( 'NONE',  ( -38.10000000000000142, -45.79999999999999005, 0.3999999999999999667 ) ) ;
#4467 = LINE ( 'NONE', #485, #5250 ) ;
#4468 = CARTESIAN_POINT ( 'NONE',  ( -1.587500000000005684, -40.24963065701545162, -0.4000000000000000222 ) ) ;
#4469 = PLANE ( 'NONE',  #1005 ) ;
#4470 = EDGE_LOOP ( 'NONE', ( #6069, #7958, #7230, #5188 ) ) ;
#4471 = VERTEX_POINT ( 'NONE', #5740 ) ;
#4473 = ORIENTED_EDGE ( 'NONE', *, *, #3620, .F. ) ;
#4472 = ORIENTED_EDGE ( 'NONE', *, *, #7751, .T. ) ;
#4474 = VECTOR ( 'NONE', #3486, 1000.000000000000000 ) ;
#4475 = ORIENTED_EDGE ( 'NONE', *, *, #5756, .F. ) ;
#4476 = EDGE_LOOP ( 'NONE', ( #7133, #5261, #2019, #1869 ) ) ;
#4477 = CARTESIAN_POINT ( 'NONE',  ( -38.10000000000000142, 45.79999999999999005, -0.3499999999999957034 ) ) ;
#4478 = VECTOR ( 'NONE', #1601, 1000.000000000000000 ) ;
#4479 = DIRECTION ( 'NONE',  ( -1.000000000000000000, 0.000000000000000000, 0.000000000000000000 ) ) ;
#4480 = EDGE_CURVE ( 'NONE', #2396, #1246, #7164, .T. ) ;
#4481 = LINE ( 'NONE', #1727, #7683 ) ;
#4482 = VERTEX_POINT ( 'NONE', #2282 ) ;
#4483 = VECTOR ( 'NONE', #5119, 1000.000000000000000 ) ;
#4484 = PLANE ( 'NONE',  #1767 ) ;
#4485 = EDGE_CURVE ( 'NONE', #3238, #5671, #5031, .T. ) ;
#4486 = ORIENTED_EDGE ( 'NONE', *, *, #8460, .T. ) ;
#4487 = ORIENTED_EDGE ( 'NONE', *, *, #6228, .F. ) ;
#4488 = ORIENTED_EDGE ( 'NONE', *, *, #4758, .F. ) ;
#4489 = LINE ( 'NONE', #3950, #1111 ) ;
#4490 = LINE ( 'NONE', #2351, #7240 ) ;
#4491 = CARTESIAN_POINT ( 'NONE',  ( 11.24999999999996803, 11.25000000000000711, 0.4000000000000000222 ) ) ;
#4492 = EDGE_CURVE ( 'NONE', #301, #3908, #6363, .T. ) ;
#4493 = LINE ( 'NONE', #1420, #2779 ) ;
#4494 = PLANE ( 'NONE',  #4992 ) ;
#4495 = ORIENTED_EDGE ( 'NONE', *, *, #2614, .F. ) ;
#4496 = DIRECTION ( 'NONE',  ( -0.5000000000000029976, 0.8660254037844369313, 0.000000000000000000 ) ) ;
#4497 = LINE ( 'NONE', #2499, #4057 ) ;
#4498 = ORIENTED_EDGE ( 'NONE', *, *, #8139, .T. ) ;
#4499 = ORIENTED_EDGE ( 'NONE', *, *, #7851, .F. ) ;
#4500 = CARTESIAN_POINT ( 'NONE',  ( 17.03225942163687989, 2.500000000000024869, -0.4000000000000000222 ) ) ;
#4501 = DIRECTION ( 'NONE',  ( -1.000000000000000000, 0.000000000000000000, 0.000000000000000000 ) ) ;
#4502 = CARTESIAN_POINT ( 'NONE',  ( 3.174999999999990496, 1.387778780781445676E-14, -0.4000000000000000222 ) ) ;
#4503 = EDGE_CURVE ( 'NONE', #1279, #1367, #7735, .T. ) ;
#4504 = FACE_OUTER_BOUND ( 'NONE', #179, .T. ) ;
#4505 = EDGE_CURVE ( 'NONE', #5155, #2481, #6186, .T. ) ;
#4506 = LINE ( 'NONE', #7294, #98 ) ;
#4507 = CARTESIAN_POINT ( 'NONE',  ( -8.948502691896315753, 2.500000000000024869, -0.4000000000000000222 ) ) ;
#4508 = VERTEX_POINT ( 'NONE', #1763 ) ;
#4509 = LINE ( 'NONE', #3175, #6074 ) ;
#4510 = VERTEX_POINT ( 'NONE', #4421 ) ;
#4511 = CARTESIAN_POINT ( 'NONE',  ( 34.06345264191648425, 38.50036934298425706, -0.4000000000000000222 ) ) ;
#4512 = DIRECTION ( 'NONE',  ( -0.000000000000000000, -1.000000000000000000, -0.000000000000000000 ) ) ;
#4513 = CARTESIAN_POINT ( 'NONE',  ( -30.88845264191652973, -8.500369342984349430, 0.4000000000000000222 ) ) ;
#4514 = VECTOR ( 'NONE', #1579, 1000.000000000000000 ) ;
#4515 = CARTESIAN_POINT ( 'NONE',  ( 9.670190528383283635, -41.24999999999982236, -0.4000000000000000222 ) ) ;
#4516 = EDGE_CURVE ( 'NONE', #7794, #172, #7790, .T. ) ;
#4517 = CARTESIAN_POINT ( 'NONE',  ( -30.88845264191650486, 38.50036934298425706, 0.4000000000000000222 ) ) ;
#4518 = ORIENTED_EDGE ( 'NONE', *, *, #6518, .T. ) ;
#4519 = VECTOR ( 'NONE', #4783, 1000.000000000000114 ) ;
#4521 = ORIENTED_EDGE ( 'NONE', *, *, #5423, .F. ) ;
#4520 = ORIENTED_EDGE ( 'NONE', *, *, #4429, .T. ) ;
#4522 = ORIENTED_EDGE ( 'NONE', *, *, #6656, .T. ) ;
#4523 = EDGE_CURVE ( 'NONE', #607, #5285, #2999, .T. ) ;
#4524 = VERTEX_POINT ( 'NONE', #4293 ) ;
#4525 = LINE ( 'NONE', #7182, #7550 ) ;
#4526 = DIRECTION ( 'NONE',  ( -3.330669073875469621E-15, 1.000000000000000000, 0.000000000000000000 ) ) ;
#4527 = AXIS2_PLACEMENT_3D ( 'NONE', #5961, #8663, #3827 ) ;
#4528 = DIRECTION ( 'NONE',  ( 0.4999999999999968359, 0.8660254037844404840, 0.000000000000000000 ) ) ;
#4529 = ORIENTED_EDGE ( 'NONE', *, *, #1887, .T. ) ;
#4530 = CARTESIAN_POINT ( 'NONE',  ( 35.65095264191646862, 41.24999999999985789, -0.4000000000000000222 ) ) ;
#4531 = ORIENTED_EDGE ( 'NONE', *, *, #1413, .T. ) ;
#4532 = ORIENTED_EDGE ( 'NONE', *, *, #6028, .T. ) ;
#4533 = ORIENTED_EDGE ( 'NONE', *, *, #5037, .T. ) ;
#4534 = LINE ( 'NONE', #2532, #407 ) ;
#4535 = LINE ( 'NONE', #5157, #4267 ) ;
#4536 = DIRECTION ( 'NONE',  ( 0.5000000000000032196, -0.8660254037844368202, 0.000000000000000000 ) ) ;
#4537 = LINE ( 'NONE', #3068, #5846 ) ;
#4538 = ORIENTED_EDGE ( 'NONE', *, *, #308, .T. ) ;
#4539 = EDGE_CURVE ( 'NONE', #6433, #6568, #1719, .T. ) ;
#4540 = CARTESIAN_POINT ( 'NONE',  ( -9.670190528383324491, 3.749999999999975575, -0.4000000000000000222 ) ) ;
#4541 = ORIENTED_EDGE ( 'NONE', *, *, #1803, .T. ) ;
#4542 = EDGE_CURVE ( 'NONE', #1366, #6916, #6419, .T. ) ;
#4543 = ORIENTED_EDGE ( 'NONE', *, *, #2582, .F. ) ;
#4544 = CARTESIAN_POINT ( 'NONE',  ( 8.082690528383263739, 43.99963065701543741, 0.4000000000000000222 ) ) ;
#4545 = DIRECTION ( 'NONE',  ( -0.000000000000000000, -0.000000000000000000, 1.000000000000000000 ) ) ;
#4546 = ADVANCED_FACE ( 'NONE', ( #7837 ), #3752, .F. ) ;
#4547 = PLANE ( 'NONE',  #162 ) ;
#4548 = CARTESIAN_POINT ( 'NONE',  ( -41.30000000000001137, 49.00000000000000000, -0.4000000000000000222 ) ) ;
#4549 = VECTOR ( 'NONE', #7081, 1000.000000000000000 ) ;
#4550 = CARTESIAN_POINT ( 'NONE',  ( 34.95515568358389658, -12.45515568358384506, -0.4000000000000000222 ) ) ;
#4551 = EDGE_CURVE ( 'NONE', #2149, #837, #1627, .T. ) ;
#4552 = B_SPLINE_CURVE_WITH_KNOTS ( 'NONE', 3,
 ( #7305, #5937, #8640, #2560, #5270, #3273 ),
 .UNSPECIFIED., .F., .F.,
 ( 4, 2, 4 ),
 ( 0.000000000000000000, 0.0007880754063679658132, 0.001576150812735931626 ),
 .UNSPECIFIED. ) ;
#4553 = LINE ( 'NONE', #6592, #4464 ) ;
#4554 = ORIENTED_EDGE ( 'NONE', *, *, #1153, .F. ) ;
#4555 = FACE_OUTER_BOUND ( 'NONE', #4759, .T. ) ;
#4556 = ORIENTED_EDGE ( 'NONE', *, *, #3100, .F. ) ;
#4557 = CARTESIAN_POINT ( 'NONE',  ( -38.10000000000000142, 45.79999999999999005, 0.4000000000000000222 ) ) ;
#4558 = VECTOR ( 'NONE', #3301, 1000.000000000000000 ) ;
#4559 = PLANE ( 'NONE',  #5068 ) ;
#4560 = CARTESIAN_POINT ( 'NONE',  ( 25.00000000000000000, 39.99999999999999289, -0.4000000000000000222 ) ) ;
#4561 = PRODUCT ( 'X.Y', 'X.Y', '', ( #4584 ) ) ;
#4562 = FACE_OUTER_BOUND ( 'NONE', #6669, .T. ) ;
#4563 = CARTESIAN_POINT ( 'NONE',  ( -41.30000000000001137, 45.11656336606732509, 1.020246828106339265 ) ) ;
#4564 = CARTESIAN_POINT ( 'NONE',  ( 41.29999999999999005, 42.58565153255791813, 0.3999999999999999667 ) ) ;
#4566 = EDGE_LOOP ( 'NONE', ( #1991, #2305, #5203, #2259 ) ) ;
#4565 = VERTEX_POINT ( 'NONE', #1052 ) ;
#4567 = ORIENTED_EDGE ( 'NONE', *, *, #8074, .T. ) ;
#4568 = EDGE_CURVE ( 'NONE', #7794, #5959, #8367, .T. ) ;
#4569 = ORIENTED_EDGE ( 'NONE', *, *, #8351, .T. ) ;
#4570 = EDGE_CURVE ( 'NONE', #3096, #2396, #258, .T. ) ;
#4571 = CARTESIAN_POINT ( 'NONE',  ( -38.10000000000000142, -45.79999999999999005, -0.4000000000000000222 ) ) ;
#4572 = LINE ( 'NONE', #543, #2876 ) ;
#4573 = ORIENTED_EDGE ( 'NONE', *, *, #8290, .T. ) ;
#4574 = EDGE_CURVE ( 'NONE', #3165, #1127, #5134, .T. ) ;
#4575 = EDGE_CURVE ( 'NONE', #8312, #2574, #8498, .T. ) ;
#4576 = VECTOR ( 'NONE', #3307, 1000.000000000000000 ) ;
#4577 = CARTESIAN_POINT ( 'NONE',  ( -17.89807158514989638, -43.99963065701541609, -0.4000000000000000222 ) ) ;
#4578 = ORIENTED_EDGE ( 'NONE', *, *, #1261, .T. ) ;
#4579 = EDGE_LOOP ( 'NONE', ( #6648, #3807, #1493, #3884, #6112, #1653 ) ) ;
#4580 = EDGE_LOOP ( 'NONE', ( #7911, #5797, #6191, #8413 ) ) ;
#4581 = LINE ( 'NONE', #7856, #142 ) ;
#4582 = LINE ( 'NONE', #2445, #1158 ) ;
#4583 = VECTOR ( 'NONE', #5017, 1000.000000000000114 ) ;
#4584 = PRODUCT_CONTEXT ( 'NONE', #5532, 'mechanical' ) ;
#4585 = FACE_OUTER_BOUND ( 'NONE', #2656, .T. ) ;
#4586 = VECTOR ( 'NONE', #562, 1000.000000000000000 ) ;
#4587 = FACE_OUTER_BOUND ( 'NONE', #2650, .T. ) ;
#4588 = CARTESIAN_POINT ( 'NONE',  ( -4.907690528383311879, 1.000369342984405829, 0.4000000000000000222 ) ) ;
#4589 = AXIS2_PLACEMENT_3D ( 'NONE', #7676, #1738, #5639 ) ;
#4590 = ORIENTED_EDGE ( 'NONE', *, *, #1664, .F. ) ;
#4591 = ORIENTED_EDGE ( 'NONE', *, *, #5200, .F. ) ;
#4592 = LINE ( 'NONE', #7369, #978 ) ;
#4593 = CARTESIAN_POINT ( 'NONE',  ( 27.56826211353316580, 40.24963065701546583, -0.4000000000000000222 ) ) ;
#4594 = CARTESIAN_POINT ( 'NONE',  ( 11.25875672974069630, -39.99999999999993605, -0.4000000000000000222 ) ) ;
#4595 = LINE ( 'NONE', #1221, #6956 ) ;
#4596 = CARTESIAN_POINT ( 'NONE',  ( -11.40288105676663299, 40.24963065701545162, -0.4000000000000000222 ) ) ;
#4597 = DIRECTION ( 'NONE',  ( -0.7071067811865463515, 0.7071067811865487940, 0.000000000000000000 ) ) ;
#4598 = ORIENTED_EDGE ( 'NONE', *, *, #4291, .T. ) ;
#4599 = DIRECTION ( 'NONE',  ( -1.000000000000000000, 0.000000000000000000, 0.000000000000000000 ) ) ;
#4600 = VERTEX_POINT ( 'NONE', #8406 ) ;
#4601 = DIRECTION ( 'NONE',  ( 0.5000000000000032196, -0.8660254037844368202, 0.000000000000000000 ) ) ;
#4602 = CARTESIAN_POINT ( 'NONE',  ( 38.10000000000000142, -45.79999999999999005, 0.4000000000000000222 ) ) ;
#4603 = DIRECTION ( 'NONE',  ( -1.000000000000000000, 0.000000000000000000, 0.000000000000000000 ) ) ;
#4604 = CIRCLE ( 'NONE', #8279, 3.149999999999999911 ) ;
#4605 = LINE ( 'NONE', #4648, #7796 ) ;
#4606 = VECTOR ( 'NONE', #340, 1000.000000000000000 ) ;
#4607 = LINE ( 'NONE', #7390, #1718 ) ;
#4609 = ORIENTED_EDGE ( 'NONE', *, *, #5491, .T. ) ;
#4608 = ORIENTED_EDGE ( 'NONE', *, *, #1359, .T. ) ;
#4610 = ORIENTED_EDGE ( 'NONE', *, *, #2720, .F. ) ;
#4611 = VERTEX_POINT ( 'NONE', #963 ) ;
#4612 = CARTESIAN_POINT ( 'NONE',  ( 11.25875672974064479, 2.500000000000024869, -0.4000000000000000222 ) ) ;
#4613 = CIRCLE ( 'NONE', #4323, 3.149999999999999911 ) ;
#4614 = CARTESIAN_POINT ( 'NONE',  ( 0.000000000000000000, 0.000000000000000000, 0.4000000000000000222 ) ) ;
#4615 = ORIENTED_EDGE ( 'NONE', *, *, #5131, .F. ) ;
#4616 = EDGE_CURVE ( 'NONE', #2574, #6966, #3091, .T. ) ;
#4617 = EDGE_CURVE ( 'NONE', #8632, #8461, #7657, .T. ) ;
#4618 = FACE_OUTER_BOUND ( 'NONE', #7138, .T. ) ;
#4619 = EDGE_CURVE ( 'NONE', #3404, #887, #346, .T. ) ;
#4620 = ORIENTED_EDGE ( 'NONE', *, *, #2083, .F. ) ;
#4621 = ORIENTED_EDGE ( 'NONE', *, *, #7549, .F. ) ;
#4622 = ORIENTED_EDGE ( 'NONE', *, *, #3242, .T. ) ;
#4623 = PLANE ( 'NONE',  #8055 ) ;
#4624 = DIRECTION ( 'NONE',  ( 0.7071067811865483499, 0.7071067811865467956, 0.000000000000000000 ) ) ;
#4625 = FACE_OUTER_BOUND ( 'NONE', #2605, .T. ) ;
#4626 = VECTOR ( 'NONE', #6503, 1000.000000000000114 ) ;
#4627 = LINE ( 'NONE', #3333, #7115 ) ;
#4628 = EDGE_CURVE ( 'NONE', #5557, #1279, #3137, .T. ) ;
#4629 = EDGE_CURVE ( 'NONE', #1197, #6222, #2288, .T. ) ;
#4630 = LINE ( 'NONE', #5251, #4263 ) ;
#4631 = ORIENTED_EDGE ( 'NONE', *, *, #1268, .F. ) ;
#4632 = VECTOR ( 'NONE', #753, 1000.000000000000000 ) ;
#4633 = ORIENTED_EDGE ( 'NONE', *, *, #7315, .F. ) ;
#4634 = DIRECTION ( 'NONE',  ( -1.000000000000000000, -3.330669073875469621E-15, 0.000000000000000000 ) ) ;
#4635 = CARTESIAN_POINT ( 'NONE',  ( -27.56826211353322975, 2.749630657015597723, -0.4000000000000000222 ) ) ;
#4636 = EDGE_CURVE ( 'NONE', #2574, #7288, #7080, .T. ) ;
#4637 = PLANE ( 'NONE',  #4260 ) ;
#4638 = DIRECTION ( 'NONE',  ( -0.000000000000000000, -0.000000000000000000, 1.000000000000000000 ) ) ;
#4639 = VECTOR ( 'NONE', #6265, 1000.000000000000000 ) ;
#4640 = VERTEX_POINT ( 'NONE', #2375 ) ;
#4641 = DIRECTION ( 'NONE',  ( -0.7071067811865487940, 0.7071067811865463515, 0.000000000000000000 ) ) ;
#4642 = DIRECTION ( 'NONE',  ( -0.7071067811865487940, -0.7071067811865463515, 0.000000000000000000 ) ) ;
#4643 = CARTESIAN_POINT ( 'NONE',  ( 34.02136538605228822, 43.99963065701543741, 0.4014065064983228792 ) ) ;
#4644 = VERTEX_POINT ( 'NONE', #5088 ) ;
#4645 = LINE ( 'NONE', #2513, #4576 ) ;
#4646 = CARTESIAN_POINT ( 'NONE',  ( 14.57788105676658930, -2.749630657015569746, -0.4000000000000000222 ) ) ;
#4647 = DIRECTION ( 'NONE',  ( -0.4999999999999965583, -0.8660254037844407060, -0.000000000000000000 ) ) ;
#4648 = CARTESIAN_POINT ( 'NONE',  ( 0.000000000000000000, -2.499999999999980904, 0.4000000000000000222 ) ) ;
#4649 = EDGE_CURVE ( 'NONE', #6131, #3893, #6605, .T. ) ;
#4650 = CARTESIAN_POINT ( 'NONE',  ( -8.948502691896315753, 2.500000000000024425, 0.4000000000000000222 ) ) ;
#4651 = ORIENTED_EDGE ( 'NONE', *, *, #5685, .F. ) ;
#4652 = VECTOR ( 'NONE', #3042, 1000.000000000000114 ) ;
#4653 = ORIENTED_EDGE ( 'NONE', *, *, #5229, .F. ) ;
#4654 = ORIENTED_EDGE ( 'NONE', *, *, #6185, .F. ) ;
#4655 = ADVANCED_FACE ( 'NONE', ( #5476 ), #7308, .F. ) ;
#4656 = LINE ( 'NONE', #7441, #7733 ) ;
#4657 = ADVANCED_FACE ( 'NONE', ( #4562 ), #8094, .T. ) ;
#4658 = CARTESIAN_POINT ( 'NONE',  ( -30.88845264191649420, -43.99963065701542320, -0.4000000000000000222 ) ) ;
#4659 = VERTEX_POINT ( 'NONE', #6557 ) ;
#4660 = CONICAL_SURFACE ( 'NONE', #8763, 3.149999999999999911, 0.7853981633974544962 ) ;
#4661 = B_SPLINE_CURVE_WITH_KNOTS ( 'NONE', 3,
 ( #8447, #6457, #7782, #5741, #5787, #5835, #8538, #7073, #7119, #5698, #1805, #5547, #292, #7736, #8400, #1093 ),
 .UNSPECIFIED., .F., .F.,
 ( 4, 2, 2, 2, 2, 2, 2, 4 ),
 ( 0.000000000000000000, 0.001630705997523155528, 0.002446058996284742725, 0.002853735495665536432, 0.003261411995046330572, 0.004076764993807938803, 0.004892117992569546166, 0.006522823990092782576 ),
 .UNSPECIFIED. ) ;
#4662 = LINE ( 'NONE', #631, #4037 ) ;
#4663 = EDGE_CURVE ( 'NONE', #1723, #8469, #7504, .T. ) ;
#4664 = B_SPLINE_CURVE_WITH_KNOTS ( 'NONE', 3,
 ( #6196, #5530, #7561, #2154, #1489, #7780, #7872, #7160 ),
 .UNSPECIFIED., .F., .F.,
 ( 4, 2, 2, 4 ),
 ( 0.003287440655971431668, 0.004100707652239050406, 0.004913974648506668277, 0.006540508641041923969 ),
 .UNSPECIFIED. ) ;
#4665 = ORIENTED_EDGE ( 'NONE', *, *, #5096, .F. ) ;
#4666 = VERTEX_POINT ( 'NONE', #2763 ) ;
#4667 = ORIENTED_EDGE ( 'NONE', *, *, #2254, .T. ) ;
#4668 = DIRECTION ( 'NONE',  ( -0.5000000000000029976, 0.8660254037844369313, -0.000000000000000000 ) ) ;
#4669 = VECTOR ( 'NONE', #1798, 1000.000000000000000 ) ;
#4670 = CARTESIAN_POINT ( 'NONE',  ( -27.71238644055909006, -39.99999999999993605, -0.4000000000000000222 ) ) ;
#4671 = DIRECTION ( 'NONE',  ( 3.663735981263016583E-15, -1.000000000000000000, 0.000000000000000000 ) ) ;
#4672 = CARTESIAN_POINT ( 'NONE',  ( -41.30000000000001137, -49.00000000000000000, 0.4000322408422328224 ) ) ;
#4673 = VECTOR ( 'NONE', #6115, 1000.000000000000000 ) ;
#4674 = DIRECTION ( 'NONE',  ( -0.4999999999999965028, -0.8660254037844407060, 0.000000000000000000 ) ) ;
#4675 = ORIENTED_EDGE ( 'NONE', *, *, #7384, .F. ) ;
#4676 = VERTEX_POINT ( 'NONE', #1388 ) ;
#4677 = CARTESIAN_POINT ( 'NONE',  ( -17.89807158514993191, -1.000369342984377852, -0.4000000000000000222 ) ) ;
#4678 = EDGE_CURVE ( 'NONE', #7651, #7075, #6093, .T. ) ;
#4679 = DIRECTION ( 'NONE',  ( 1.000000000000000000, 3.663735981263016583E-15, 0.000000000000000000 ) ) ;
#4680 = EDGE_CURVE ( 'NONE', #1278, #2302, #8583, .T. ) ;
#4681 = CARTESIAN_POINT ( 'NONE',  ( 36.50000000000002132, -45.79999999999999005, -0.3499999999999957034 ) ) ;
#4682 = DIRECTION ( 'NONE',  ( 1.000000000000000000, 0.000000000000000000, 0.000000000000000000 ) ) ;
#4683 = ORIENTED_EDGE ( 'NONE', *, *, #5640, .F. ) ;
#4684 = LINE ( 'NONE', #8715, #6251 ) ;
#4685 = EDGE_CURVE ( 'NONE', #3937, #6517, #4722, .T. ) ;
#4686 = CARTESIAN_POINT ( 'NONE',  ( -4.041878364870337137, 2.500000000000024869, -0.4000000000000000222 ) ) ;
#4687 = CARTESIAN_POINT ( 'NONE',  ( 30.88845264191648354, 1.000369342984405829, -0.4000000000000000222 ) ) ;
#4688 = VERTEX_POINT ( 'NONE', #2012 ) ;
#4689 = PLANE ( 'NONE',  #2292 ) ;
#4690 = DIRECTION ( 'NONE',  ( 0.5000000000000032196, -0.8660254037844368202, 0.000000000000000000 ) ) ;
#4691 = LINE ( 'NONE', #1852, #6369 ) ;
#4692 = CARTESIAN_POINT ( 'NONE',  ( -34.06345264191652689, -8.500369342984363641, -0.4000000000000000222 ) ) ;
#4693 = VECTOR ( 'NONE', #430, 1000.000000000000000 ) ;
#4694 = DIRECTION ( 'NONE',  ( 0.000000000000000000, 0.000000000000000000, -1.000000000000000000 ) ) ;
#4695 = VECTOR ( 'NONE', #8709, 999.9999999999998863 ) ;
#4696 = AXIS2_PLACEMENT_3D ( 'NONE', #4540, #7908, #1214 ) ;
#4697 = CARTESIAN_POINT ( 'NONE',  ( 14.57788105676658930, -40.24963065701543030, 0.4000000000000000222 ) ) ;
#4698 = VECTOR ( 'NONE', #5910, 1000.000000000000000 ) ;
#4699 = ORIENTED_EDGE ( 'NONE', *, *, #1389, .F. ) ;
#4700 = CIRCLE ( 'NONE', #5826, 1.599999999999983435 ) ;
#4701 = EDGE_LOOP ( 'NONE', ( #8170, #7006, #3050, #1587 ) ) ;
#4702 = EDGE_LOOP ( 'NONE', ( #7287, #2211, #5759, #471 ) ) ;
#4703 = DIRECTION ( 'NONE',  ( 0.4999999999999968359, 0.8660254037844404840, 0.000000000000000000 ) ) ;
#4704 = DIRECTION ( 'NONE',  ( -0.000000000000000000, -0.000000000000000000, 1.000000000000000000 ) ) ;
#4705 = EDGE_LOOP ( 'NONE', ( #268, #3540, #7017, #8393 ) ) ;
#4706 = PLANE ( 'NONE',  #5172 ) ;
#4707 = ORIENTED_EDGE ( 'NONE', *, *, #6845, .T. ) ;
#4708 = VERTEX_POINT ( 'NONE', #7421 ) ;
#4709 = ORIENTED_EDGE ( 'NONE', *, *, #819, .T. ) ;
#4710 = DIRECTION ( 'NONE',  ( 0.000000000000000000, 0.000000000000000000, -1.000000000000000000 ) ) ;
#4711 =( NAMED_UNIT ( * ) SI_UNIT ( $, .STERADIAN. ) SOLID_ANGLE_UNIT ( ) );
#4712 = PLANE ( 'NONE',  #6037 ) ;
#4713 = CARTESIAN_POINT ( 'NONE',  ( 1.587499999999963940, 40.24963065701546583, -0.4000000000000000222 ) ) ;
#4714 = DIRECTION ( 'NONE',  ( -1.000000000000000000, 0.000000000000000000, 0.000000000000000000 ) ) ;
#4715 = VECTOR ( 'NONE', #3503, 999.9999999999998863 ) ;
#4716 = ORIENTED_EDGE ( 'NONE', *, *, #5800, .T. ) ;
#4717 = ORIENTED_EDGE ( 'NONE', *, *, #1013, .T. ) ;
#4718 = DIRECTION ( 'NONE',  ( 1.000000000000000000, 3.663735981263016583E-15, 0.000000000000000000 ) ) ;
#4719 = FACE_OUTER_BOUND ( 'NONE', #4580, .T. ) ;
#4720 = EDGE_CURVE ( 'NONE', #1058, #7208, #4809, .T. ) ;
#4721 = CARTESIAN_POINT ( 'NONE',  ( 0.000000000000000000, -39.99999999999993605, 0.4000000000000000222 ) ) ;
#4722 = LINE ( 'NONE', #6847, #1075 ) ;
#4723 = VECTOR ( 'NONE', #5944, 1000.000000000000114 ) ;
#4724 = CARTESIAN_POINT ( 'NONE',  ( 4.041878364870218121, 39.99999999999999289, -0.4000000000000000222 ) ) ;
#4725 = ORIENTED_EDGE ( 'NONE', *, *, #7599, .F. ) ;
#4726 = VECTOR ( 'NONE', #6314, 999.9999999999998863 ) ;
#4727 = PLANE ( 'NONE',  #8511 ) ;
#4728 = EDGE_CURVE ( 'NONE', #4644, #2210, #1440, .T. ) ;
#4729 = DIRECTION ( 'NONE',  ( 0.000000000000000000, 0.000000000000000000, 1.000000000000000000 ) ) ;
#4730 = AXIS2_PLACEMENT_3D ( 'NONE', #1589, #928, #1317 ) ;
#4731 = DIRECTION ( 'NONE',  ( -0.8660254037844368202, -0.5000000000000031086, 0.000000000000000000 ) ) ;
#4732 = ORIENTED_EDGE ( 'NONE', *, *, #3053, .T. ) ;
#4733 = CARTESIAN_POINT ( 'NONE',  ( -38.10000000000000142, 45.79999999999999005, 1.200000000000001954 ) ) ;
#4734 = LINE ( 'NONE', #7386, #261 ) ;
#4735 = LINE ( 'NONE', #7430, #4791 ) ;
#4736 = CARTESIAN_POINT ( 'NONE',  ( -34.06345264191649136, -43.99963065701543741, 0.4000000000000000222 ) ) ;
#4737 = CARTESIAN_POINT ( 'NONE',  ( 38.10000000000000142, 45.79999999999999005, 2.000000000000000000 ) ) ;
#4738 = DIRECTION ( 'NONE',  ( -3.330669073875469621E-15, 1.000000000000000000, 0.000000000000000000 ) ) ;
#4739 = VERTEX_POINT ( 'NONE', #5183 ) ;
#4740 = ORIENTED_EDGE ( 'NONE', *, *, #7582, .F. ) ;
#4741 = VERTEX_POINT ( 'NONE', #2516 ) ;
#4742 = DIRECTION ( 'NONE',  ( 0.4999999999999968359, 0.8660254037844404840, 0.000000000000000000 ) ) ;
#4743 = EDGE_CURVE ( 'NONE', #2171, #5202, #1190, .T. ) ;
#4744 = LINE ( 'NONE', #2569, #895 ) ;
#4745 = ORIENTED_EDGE ( 'NONE', *, *, #617, .F. ) ;
#4746 = AXIS2_PLACEMENT_3D ( 'NONE', #3368, #2790, #6789 ) ;
#4747 = FACE_OUTER_BOUND ( 'NONE', #481, .T. ) ;
#4748 = ORIENTED_EDGE ( 'NONE', *, *, #3913, .F. ) ;
#4749 = ORIENTED_EDGE ( 'NONE', *, *, #722, .T. ) ;
#4750 = EDGE_LOOP ( 'NONE', ( #2853, #3992, #2698, #6145, #1483, #8759, #6735, #8644, #3930, #93, #2968, #2691, #2692, #1643 ) ) ;
#4751 = CARTESIAN_POINT ( 'NONE',  ( -34.95515568358393921, -12.45515568358387704, -0.4000000000000000222 ) ) ;
#4752 = DIRECTION ( 'NONE',  ( 0.5000000000000032196, -0.8660254037844368202, 0.000000000000000000 ) ) ;
#4753 = DIRECTION ( 'NONE',  ( 0.000000000000000000, 0.000000000000000000, 1.000000000000000000 ) ) ;
#4754 = EDGE_CURVE ( 'NONE', #4032, #1048, #5230, .T. ) ;
#4755 = DIRECTION ( 'NONE',  ( 0.4999999999999968359, 0.8660254037844404840, 0.000000000000000000 ) ) ;
#4756 = ORIENTED_EDGE ( 'NONE', *, *, #8335, .F. ) ;
#4757 = ORIENTED_EDGE ( 'NONE', *, *, #7672, .F. ) ;
#4758 = EDGE_CURVE ( 'NONE', #7632, #5059, #7929, .T. ) ;
#4759 = EDGE_LOOP ( 'NONE', ( #4590, #7994, #2910, #2480 ) ) ;
#4760 = CARTESIAN_POINT ( 'NONE',  ( 41.29999999999999005, -45.52338555349928129, 1.104930340505812847 ) ) ;
#4761 = VECTOR ( 'NONE', #7742, 1000.000000000000000 ) ;
#4762 = CARTESIAN_POINT ( 'NONE',  ( 0.000000000000000000, -39.99999999999993605, 0.4000000000000000222 ) ) ;
#4763 = ADVANCED_FACE ( 'NONE', ( #8753 ), #3387, .T. ) ;
#4764 = DIRECTION ( 'NONE',  ( -0.000000000000000000, -0.000000000000000000, 1.000000000000000000 ) ) ;
#4765 = VECTOR ( 'NONE', #368, 1000.000000000000000 ) ;
#4766 = DIRECTION ( 'NONE',  ( 1.000000000000000000, 0.000000000000000000, 0.000000000000000000 ) ) ;
#4767 = ORIENTED_EDGE ( 'NONE', *, *, #883, .T. ) ;
#4768 = VECTOR ( 'NONE', #1481, 1000.000000000000000 ) ;
#4769 = CIRCLE ( 'NONE', #8167, 3.149999999999999911 ) ;
#4770 = DIRECTION ( 'NONE',  ( -1.000000000000000000, 0.000000000000000000, 0.000000000000000000 ) ) ;
#4771 = CARTESIAN_POINT ( 'NONE',  ( 36.50000000000000711, 45.79999999999999005, 0.4000000000000000222 ) ) ;
#4772 = ORIENTED_EDGE ( 'NONE', *, *, #6408, .T. ) ;
#4773 = FACE_OUTER_BOUND ( 'NONE', #7509, .T. ) ;
#4774 = EDGE_CURVE ( 'NONE', #4708, #3805, #859, .T. ) ;
#4775 = ORIENTED_EDGE ( 'NONE', *, *, #2449, .T. ) ;
#4776 = CARTESIAN_POINT ( 'NONE',  ( 38.10000000000000142, -45.79999999999999005, 0.3999999999999999667 ) ) ;
#4777 = CARTESIAN_POINT ( 'NONE',  ( -17.89807158514991059, 1.000369342984405829, -0.4000000000000000222 ) ) ;
#4778 = DIRECTION ( 'NONE',  ( 0.8660254037844404840, -0.4999999999999968359, 0.000000000000000000 ) ) ;
#4779 = CARTESIAN_POINT ( 'NONE',  ( 16.16538105676657722, 2.775557561562891351E-14, -0.4000000000000000222 ) ) ;
#4780 = EDGE_CURVE ( 'NONE', #3188, #6372, #196, .T. ) ;
#4781 = LINE ( 'NONE', #1403, #8226 ) ;
#4782 = CARTESIAN_POINT ( 'NONE',  ( 38.10000000000000142, 45.79999999999999005, -0.4000000000000000222 ) ) ;
#4783 = DIRECTION ( 'NONE',  ( 0.4999999999999968359, 0.8660254037844404840, 0.000000000000000000 ) ) ;
#4784 = ORIENTED_EDGE ( 'NONE', *, *, #860, .F. ) ;
#4785 = ORIENTED_EDGE ( 'NONE', *, *, #6374, .T. ) ;
#4786 = ORIENTED_EDGE ( 'NONE', *, *, #2863, .F. ) ;
#4787 = LINE ( 'NONE', #2080, #4673 ) ;
#4788 = CARTESIAN_POINT ( 'NONE',  ( 38.10000000000000142, 45.79999999999999005, 1.200000000000001954 ) ) ;
#4789 = ADVANCED_FACE ( 'NONE', ( #943 ), #6227, .T. ) ;
#4790 = DIRECTION ( 'NONE',  ( 0.5000000000000031086, -0.8660254037844368202, 0.000000000000000000 ) ) ;
#4791 = VECTOR ( 'NONE', #3268, 1000.000000000000000 ) ;
#4792 = EDGE_LOOP ( 'NONE', ( #4621, #3711, #7774, #3755 ) ) ;
#4793 = EDGE_CURVE ( 'NONE', #5564, #1596, #6891, .T. ) ;
#4794 = CARTESIAN_POINT ( 'NONE',  ( 4.907690528383266582, 43.99963065701542320, -0.4000000000000000222 ) ) ;
#4795 = EDGE_CURVE ( 'NONE', #5710, #5458, #6396, .T. ) ;
#4796 = EDGE_LOOP ( 'NONE', ( #3316, #3778, #6849, #7066 ) ) ;
#4797 = ORIENTED_EDGE ( 'NONE', *, *, #3190, .F. ) ;
#4798 = LINE ( 'NONE', #6663, #3902 ) ;
#4799 = DIRECTION ( 'NONE',  ( -1.000000000000000000, -3.330669073875469621E-15, 0.000000000000000000 ) ) ;
#4800 = VECTOR ( 'NONE', #6060, 1000.000000000000000 ) ;
#4801 = CARTESIAN_POINT ( 'NONE',  ( -33.97916307855746965, -43.99963065701543741, 0.4000000000000000222 ) ) ;
#4802 = CARTESIAN_POINT ( 'NONE',  ( 0.000000000000000000, 2.500000000000024869, 0.4000000000000000222 ) ) ;
#4803 = VERTEX_POINT ( 'NONE', #6350 ) ;
#4804 = ORIENTED_EDGE ( 'NONE', *, *, #4834, .F. ) ;
#4805 = ORIENTED_EDGE ( 'NONE', *, *, #5302, .F. ) ;
#4806 = LINE ( 'NONE', #4091, #6218 ) ;
#4807 = DIRECTION ( 'NONE',  ( 0.4999999999999968359, 0.8660254037844404840, 0.000000000000000000 ) ) ;
#4808 = FACE_OUTER_BOUND ( 'NONE', #1341, .T. ) ;
#4809 = LINE ( 'NONE', #1432, #5896 ) ;
#4810 = B_SPLINE_CURVE_WITH_KNOTS ( 'NONE', 3,
 ( #5215, #1302, #4007, #8622, #3339, #6048, #7914, #3295 ),
 .UNSPECIFIED., .F., .F.,
 ( 4, 2, 2, 4 ),
 ( 0.003272304414060490507, 0.004084934308068574257, 0.004897564202076657575, 0.006522823990092805127 ),
 .UNSPECIFIED. ) ;
#4811 = VECTOR ( 'NONE', #333, 1000.000000000000000 ) ;
#4812 = EDGE_CURVE ( 'NONE', #4099, #8137, #7594, .T. ) ;
#4813 = ORIENTED_EDGE ( 'NONE', *, *, #4209, .T. ) ;
#4814 = EDGE_CURVE ( 'NONE', #5301, #2031, #279, .T. ) ;
#4815 = DIRECTION ( 'NONE',  ( -1.000000000000000000, 0.000000000000000000, 0.000000000000000000 ) ) ;
#4816 = DIRECTION ( 'NONE',  ( 0.4999999999999968359, 0.8660254037844404840, 0.000000000000000000 ) ) ;
#4817 = EDGE_CURVE ( 'NONE', #2221, #1204, #2852, .T. ) ;
#4818 = ORIENTED_EDGE ( 'NONE', *, *, #5037, .F. ) ;
#4819 = LINE ( 'NONE', #1396, #2389 ) ;
#4820 = ORIENTED_EDGE ( 'NONE', *, *, #5574, .T. ) ;
#4821 = CARTESIAN_POINT ( 'NONE',  ( 24.39326211353318996, -40.24963065701543741, -0.4000000000000000222 ) ) ;
#4822 = DIRECTION ( 'NONE',  ( -0.4999999999999965028, -0.8660254037844407060, 0.000000000000000000 ) ) ;
#4823 = CARTESIAN_POINT ( 'NONE',  ( -34.95515568358393210, -12.45515568358387704, -0.4000000000000000222 ) ) ;
#4824 = DIRECTION ( 'NONE',  ( -1.000000000000000000, 0.000000000000000000, 0.000000000000000000 ) ) ;
#4825 = FACE_OUTER_BOUND ( 'NONE', #3039, .T. ) ;
#4826 = VECTOR ( 'NONE', #7125, 1000.000000000000000 ) ;
#4827 = ADVANCED_FACE ( 'NONE', ( #1521 ), #816, .T. ) ;
#4828 = LINE ( 'NONE', #2239, #3483 ) ;
#4829 = DIRECTION ( 'NONE',  ( 0.8660254037844369313, 0.5000000000000029976, 0.000000000000000000 ) ) ;
#4830 = EDGE_LOOP ( 'NONE', ( #1929, #5327, #2783, #910 ) ) ;
#4831 = LINE ( 'NONE', #7524, #5751 ) ;
#4832 = DIRECTION ( 'NONE',  ( -0.4999999999999965583, -0.8660254037844407060, -0.000000000000000000 ) ) ;
#4833 = FACE_OUTER_BOUND ( 'NONE', #7602, .T. ) ;
#4834 = EDGE_CURVE ( 'NONE', #3700, #90, #4937, .T. ) ;
#4835 = FACE_OUTER_BOUND ( 'NONE', #8086, .T. ) ;
#4836 = ORIENTED_EDGE ( 'NONE', *, *, #4111, .F. ) ;
#4837 = VECTOR ( 'NONE', #6021, 999.9999999999998863 ) ;
#4838 = LINE ( 'NONE', #3410, #2756 ) ;
#4839 = EDGE_CURVE ( 'NONE', #4265, #5766, #4314, .T. ) ;
#4840 = ORIENTED_EDGE ( 'NONE', *, *, #7539, .T. ) ;
#4841 = ORIENTED_EDGE ( 'NONE', *, *, #5409, .T. ) ;
#4842 = ORIENTED_EDGE ( 'NONE', *, *, #1940, .T. ) ;
#4843 = FACE_OUTER_BOUND ( 'NONE', #8430, .T. ) ;
#4844 = DIRECTION ( 'NONE',  ( -0.5000000000000029976, 0.8660254037844369313, 0.000000000000000000 ) ) ;
#4845 = LINE ( 'NONE', #4927, #6974 ) ;
#4846 = EDGE_CURVE ( 'NONE', #1596, #4856, #7016, .T. ) ;
#4847 = EDGE_CURVE ( 'NONE', #103, #3232, #5684, .T. ) ;
#4848 = DIRECTION ( 'NONE',  ( -1.000000000000000000, -3.330669073875469621E-15, -0.000000000000000000 ) ) ;
#4849 = ORIENTED_EDGE ( 'NONE', *, *, #3169, .F. ) ;
#4850 = ORIENTED_EDGE ( 'NONE', *, *, #210, .F. ) ;
#4851 = ORIENTED_EDGE ( 'NONE', *, *, #8224, .F. ) ;
#4852 = CARTESIAN_POINT ( 'NONE',  ( -41.30000000000001137, 42.58565153255793945, 0.3999999999999999667 ) ) ;
#4853 = CARTESIAN_POINT ( 'NONE',  ( 4.041878364870289175, 2.500000000000024869, -0.4000000000000000222 ) ) ;
#4854 = DIRECTION ( 'NONE',  ( -0.000000000000000000, -0.000000000000000000, 1.000000000000000000 ) ) ;
#4855 = CARTESIAN_POINT ( 'NONE',  ( 21.07307158514985801, 43.99963065701543741, -0.4000000000000000222 ) ) ;
#4856 = VERTEX_POINT ( 'NONE', #1558 ) ;
#4857 = LINE ( 'NONE', #8225, #7238 ) ;
#4858 = PLANE ( 'NONE',  #5903 ) ;
#4859 = VERTEX_POINT ( 'NONE', #8346 ) ;
#4860 = DIRECTION ( 'NONE',  ( 3.663735981263016583E-15, -1.000000000000000000, 0.000000000000000000 ) ) ;
#4861 = ORIENTED_EDGE ( 'NONE', *, *, #498, .F. ) ;
#4862 = CARTESIAN_POINT ( 'NONE',  ( 30.88845264191646223, -1.000369342984384957, -0.4000000000000000222 ) ) ;
#4863 = CARTESIAN_POINT ( 'NONE',  ( -34.06345264191652689, -1.000369342984398724, -0.4000000000000000222 ) ) ;
#4864 = VECTOR ( 'NONE', #7754, 1000.000000000000114 ) ;
#4865 = EDGE_CURVE ( 'NONE', #2597, #3563, #7723, .T. ) ;
#4866 = VECTOR ( 'NONE', #6178, 1000.000000000000114 ) ;
#4867 = CARTESIAN_POINT ( 'NONE',  ( 27.56826211353319067, -2.749630657015569746, -0.4000000000000000222 ) ) ;
#4868 = AXIS2_PLACEMENT_3D ( 'NONE', #6961, #2966, #265 ) ;
#4869 = CARTESIAN_POINT ( 'NONE',  ( 29.15576211353317859, 2.775557561562891351E-14, -0.4000000000000000222 ) ) ;
#4870 = PLANE ( 'NONE',  #7765 ) ;
#4871 = ORIENTED_EDGE ( 'NONE', *, *, #2923, .F. ) ;
#4872 = CARTESIAN_POINT ( 'NONE',  ( 14.72200538379250290, 2.500000000000024869, 0.4000000000000000222 ) ) ;
#4873 = CARTESIAN_POINT ( 'NONE',  ( 21.07307158514985801, -1.000369342984377852, 0.4000000000000000222 ) ) ;
#4874 = DIRECTION ( 'NONE',  ( 0.000000000000000000, 0.000000000000000000, -1.000000000000000000 ) ) ;
#4875 = CARTESIAN_POINT ( 'NONE',  ( -24.39326211353321128, -2.749630657015569746, -0.4000000000000000222 ) ) ;
#4876 = EDGE_LOOP ( 'NONE', ( #8729, #664, #6434, #7532 ) ) ;
#4877 = FACE_OUTER_BOUND ( 'NONE', #1543, .T. ) ;
#4878 = ORIENTED_EDGE ( 'NONE', *, *, #8074, .F. ) ;
#4879 = EDGE_LOOP ( 'NONE', ( #4495, #4871, #8667, #4820 ) ) ;
#4880 = ORIENTED_EDGE ( 'NONE', *, *, #8570, .T. ) ;
#4881 = EDGE_CURVE ( 'NONE', #448, #5710, #242, .T. ) ;
#4882 = LINE ( 'NONE', #2173, #7584 ) ;
#4883 = EDGE_CURVE ( 'NONE', #1819, #2095, #6266, .T. ) ;
#4884 = VECTOR ( 'NONE', #6799, 1000.000000000000000 ) ;
#4885 = CARTESIAN_POINT ( 'NONE',  ( 30.88845264191646223, 43.99963065701542320, -0.4000000000000000222 ) ) ;
#4886 = EDGE_CURVE ( 'NONE', #1954, #4962, #2143, .T. ) ;
#4887 = EDGE_CURVE ( 'NONE', #8071, #1174, #987, .T. ) ;
#4888 = CARTESIAN_POINT ( 'NONE',  ( -24.24913778650731544, -39.99999999999993605, 0.4000000000000000222 ) ) ;
#4889 = AXIS2_PLACEMENT_3D ( 'NONE', #6723, #4597, #4642 ) ;
#4890 = VERTEX_POINT ( 'NONE', #4184 ) ;
#4891 = ORIENTED_EDGE ( 'NONE', *, *, #2865, .T. ) ;
#4892 = VERTEX_POINT ( 'NONE', #153 ) ;
#4893 = LINE ( 'NONE', #1385, #2248 ) ;
#4894 = CARTESIAN_POINT ( 'NONE',  ( -8.082690528383333017, 43.99963065701542320, -0.4000000000000000222 ) ) ;
#4895 = LINE ( 'NONE', #3513, #3496 ) ;
#4896 = EDGE_CURVE ( 'NONE', #8706, #7821, #3206, .T. ) ;
#4897 = CARTESIAN_POINT ( 'NONE',  ( -37.49999999999998579, -39.99999999999993605, -0.4000000000000000222 ) ) ;
#4898 = EDGE_CURVE ( 'NONE', #6604, #6066, #5913, .T. ) ;
#4899 = VERTEX_POINT ( 'NONE', #5064 ) ;
#4900 = DIRECTION ( 'NONE',  ( 0.000000000000000000, 0.000000000000000000, -1.000000000000000000 ) ) ;
#4901 = VECTOR ( 'NONE', #438, 1000.000000000000000 ) ;
#4902 = CARTESIAN_POINT ( 'NONE',  ( -17.89807158514993191, -1.000369342984377852, -0.4000000000000000222 ) ) ;
#4903 = ORIENTED_EDGE ( 'NONE', *, *, #2270, .F. ) ;
#4904 = DIRECTION ( 'NONE',  ( -0.4999999999999965583, -0.8660254037844407060, -0.000000000000000000 ) ) ;
#4905 = ORIENTED_EDGE ( 'NONE', *, *, #5853, .T. ) ;
#4906 = DIRECTION ( 'NONE',  ( -0.000000000000000000, -0.000000000000000000, -1.000000000000000000 ) ) ;
#4907 = VECTOR ( 'NONE', #3911, 1000.000000000000000 ) ;
#4908 = DIRECTION ( 'NONE',  ( 0.4999999999999968359, 0.8660254037844404840, 0.000000000000000000 ) ) ;
#4909 = VECTOR ( 'NONE', #422, 1000.000000000000000 ) ;
#4910 = DIRECTION ( 'NONE',  ( 0.000000000000000000, 0.000000000000000000, -1.000000000000000000 ) ) ;
#4911 = DIRECTION ( 'NONE',  ( -0.000000000000000000, -0.000000000000000000, -1.000000000000000000 ) ) ;
#4912 = VECTOR ( 'NONE', #7169, 1000.000000000000000 ) ;
#4913 = CARTESIAN_POINT ( 'NONE',  ( 35.65095264191646862, 33.74999999999989342, 0.4000000000000000222 ) ) ;
#4914 = ORIENTED_EDGE ( 'NONE', *, *, #8627, .T. ) ;
#4915 = ORIENTED_EDGE ( 'NONE', *, *, #8351, .F. ) ;
#4916 = DIRECTION ( 'NONE',  ( -3.330669073875469621E-15, 1.000000000000000000, 0.000000000000000000 ) ) ;
#4917 = CARTESIAN_POINT ( 'NONE',  ( -34.06345264191650557, 31.00036934298427838, -0.4000000000000000222 ) ) ;
#4918 = DIRECTION ( 'NONE',  ( -0.000000000000000000, -0.000000000000000000, 1.000000000000000000 ) ) ;
#4919 = VERTEX_POINT ( 'NONE', #5207 ) ;
#4920 = EDGE_CURVE ( 'NONE', #232, #4741, #3159, .T. ) ;
#4921 = EDGE_CURVE ( 'NONE', #1689, #5320, #4537, .T. ) ;
#4922 = EDGE_LOOP ( 'NONE', ( #4119, #2032, #5545, #1340 ) ) ;
#4923 = ORIENTED_EDGE ( 'NONE', *, *, #2289, .T. ) ;
#4924 = ORIENTED_EDGE ( 'NONE', *, *, #57, .F. ) ;
#4925 = EDGE_CURVE ( 'NONE', #5808, #8632, #4447, .T. ) ;
#4926 = FACE_OUTER_BOUND ( 'NONE', #3015, .T. ) ;
#4927 = CARTESIAN_POINT ( 'NONE',  ( 30.88845264191646223, 36.49963065701545872, 0.4000000000000000222 ) ) ;
#4928 = ORIENTED_EDGE ( 'NONE', *, *, #3070, .F. ) ;
#4929 = LINE ( 'NONE', #7628, #6582 ) ;
#4930 = ORIENTED_EDGE ( 'NONE', *, *, #4338, .F. ) ;
#4931 = EDGE_LOOP ( 'NONE', ( #5871, #6928, #3551, #1748, #3490, #2378 ) ) ;
#4932 = EDGE_LOOP ( 'NONE', ( #1017, #2190, #372, #6801 ) ) ;
#4933 = PLANE ( 'NONE',  #7925 ) ;
#4934 = AXIS2_PLACEMENT_3D ( 'NONE', #2150, #6981, #2193 ) ;
#4935 = LINE ( 'NONE', #5602, #6569 ) ;
#4936 = LINE ( 'NONE', #7635, #6315 ) ;
#4937 = LINE ( 'NONE', #5642, #1448 ) ;
#4938 = VERTEX_POINT ( 'NONE', #1833 ) ;
#4939 = AXIS2_PLACEMENT_3D ( 'NONE', #1406, #4112, #5535 ) ;
#4940 = CARTESIAN_POINT ( 'NONE',  ( -27.56826211353321199, -2.749630657015583957, -0.4000000000000000222 ) ) ;
#4941 = FACE_OUTER_BOUND ( 'NONE', #5631, .T. ) ;
#4942 = ADVANCED_FACE ( 'NONE', ( #4402 ), #1171, .T. ) ;
#4943 = EDGE_CURVE ( 'NONE', #2782, #2340, #8572, .T. ) ;
#4944 = EDGE_LOOP ( 'NONE', ( #5897, #1478, #6167, #6079 ) ) ;
#4945 = CARTESIAN_POINT ( 'NONE',  ( 25.00000000000000000, 39.99999999999999289, -0.4000000000000000222 ) ) ;
#4946 = ORIENTED_EDGE ( 'NONE', *, *, #6032, .T. ) ;
#4947 = CARTESIAN_POINT ( 'NONE',  ( 27.71238644055906164, -39.99999999999993605, 0.4000000000000000222 ) ) ;
#4948 = CARTESIAN_POINT ( 'NONE',  ( -37.50000000000000000, 27.50000000000002487, -0.4000000000000000222 ) ) ;
#4949 = VECTOR ( 'NONE', #6545, 1000.000000000000000 ) ;
#4950 = CARTESIAN_POINT ( 'NONE',  ( -24.24913778650729768, 2.500000000000024869, 0.4000000000000000222 ) ) ;
#4951 = EDGE_CURVE ( 'NONE', #1797, #5320, #3914, .T. ) ;
#4952 = ADVANCED_FACE ( 'NONE', ( #5162 ), #5773, .T. ) ;
#4953 = CARTESIAN_POINT ( 'NONE',  ( -21.07307158514989709, -43.99963065701543030, 0.4000000000000000222 ) ) ;
#4954 = DIRECTION ( 'NONE',  ( 0.5000000000000032196, -0.8660254037844368202, 0.000000000000000000 ) ) ;
#4955 = ORIENTED_EDGE ( 'NONE', *, *, #5140, .T. ) ;
#4956 = ORIENTED_EDGE ( 'NONE', *, *, #3075, .T. ) ;
#4957 = CARTESIAN_POINT ( 'NONE',  ( 41.29999999999999005, 49.00000000000000000, -0.4000000000000000222 ) ) ;
#4958 = DIRECTION ( 'NONE',  ( -1.000000000000000000, -3.330669073875469621E-15, 0.000000000000000000 ) ) ;
#4959 = CARTESIAN_POINT ( 'NONE',  ( 34.06345264191648425, 1.000369342984419596, 0.4000000000000000222 ) ) ;
#4960 = ORIENTED_EDGE ( 'NONE', *, *, #4865, .T. ) ;
#4961 = ORIENTED_EDGE ( 'NONE', *, *, #3358, .T. ) ;
#4962 = VERTEX_POINT ( 'NONE', #7768 ) ;
#4963 = ORIENTED_EDGE ( 'NONE', *, *, #1607, .F. ) ;
#4964 = CARTESIAN_POINT ( 'NONE',  ( 35.45455377332000779, -48.99999999999999289, 0.3999999999998968825 ) ) ;
#4965 = CARTESIAN_POINT ( 'NONE',  ( 21.07307158514988288, 1.000369342984412713, -0.4000000000000000222 ) ) ;
#4966 = VERTEX_POINT ( 'NONE', #7103 ) ;
#4967 = VECTOR ( 'NONE', #5738, 1000.000000000000114 ) ;
#4968 = CARTESIAN_POINT ( 'NONE',  ( 41.29999999999998295, 47.91695750518615426, 0.5454621139630470017 ) ) ;
#4969 = EDGE_LOOP ( 'NONE', ( #5213, #5732, #221, #5538, #2283, #397, #1083, #5436 ) ) ;
#4970 = ORIENTED_EDGE ( 'NONE', *, *, #3504, .F. ) ;
#4971 = AXIS2_PLACEMENT_3D ( 'NONE', #1523, #6766, #2015 ) ;
#4972 = ORIENTED_EDGE ( 'NONE', *, *, #8044, .F. ) ;
#4973 = CARTESIAN_POINT ( 'NONE',  ( 3.320190528383275108, 41.24999999999982947, -0.4000000000000000222 ) ) ;
#4974 = VECTOR ( 'NONE', #5637, 1000.000000000000114 ) ;
#4975 = FACE_OUTER_BOUND ( 'NONE', #6236, .T. ) ;
#4976 = VECTOR ( 'NONE', #3389, 1000.000000000000000 ) ;
#4977 = DIRECTION ( 'NONE',  ( 0.000000000000000000, 0.000000000000000000, 1.000000000000000000 ) ) ;
#4978 = CARTESIAN_POINT ( 'NONE',  ( -30.88845264191650486, -6.499630657015566193, 0.4000000000000000222 ) ) ;
#4979 = DIRECTION ( 'NONE',  ( -0.5000000000000029976, 0.8660254037844369313, -0.000000000000000000 ) ) ;
#4980 = ORIENTED_EDGE ( 'NONE', *, *, #3287, .T. ) ;
#4981 = DIRECTION ( 'NONE',  ( 0.000000000000000000, 0.000000000000000000, -1.000000000000000000 ) ) ;
#4982 = DIRECTION ( 'NONE',  ( -0.8660254037844407060, 0.4999999999999965028, 0.000000000000000000 ) ) ;
#4983 = EDGE_LOOP ( 'NONE', ( #8735, #4078, #8023, #5861 ) ) ;
#4984 = DIRECTION ( 'NONE',  ( 1.000000000000000000, 0.000000000000000000, 0.000000000000000000 ) ) ;
#4985 = DIRECTION ( 'NONE',  ( -0.000000000000000000, -0.000000000000000000, 1.000000000000000000 ) ) ;
#4986 = DIRECTION ( 'NONE',  ( 3.663735981263016583E-15, -1.000000000000000000, 0.000000000000000000 ) ) ;
#4987 = LINE ( 'NONE', #5078, #1149 ) ;
#4988 = ADVANCED_FACE ( 'NONE', ( #5820 ), #7952, .T. ) ;
#4989 = AXIS2_PLACEMENT_3D ( 'NONE', #4557, #7256, #1598 ) ;
#4990 = DIRECTION ( 'NONE',  ( -0.5000000000000029976, 0.8660254037844369313, -0.000000000000000000 ) ) ;
#4991 = EDGE_LOOP ( 'NONE', ( #8196, #316, #3489, #6543, #5071, #8482, #6884, #2059 ) ) ;
#4992 = AXIS2_PLACEMENT_3D ( 'NONE', #7194, #3821, #6535 ) ;
#4993 = PLANE ( 'NONE',  #4142 ) ;
#4994 = CARTESIAN_POINT ( 'NONE',  ( 9.815381056766575796, 0.000000000000000000, -0.4000000000000000222 ) ) ;
#4995 = FACE_OUTER_BOUND ( 'NONE', #5774, .T. ) ;
#4996 = VECTOR ( 'NONE', #950, 1000.000000000000000 ) ;
#4997 = CARTESIAN_POINT ( 'NONE',  ( -41.30000000000001137, -46.48142023739497830, 1.020780611286709272 ) ) ;
#4998 = CARTESIAN_POINT ( 'NONE',  ( -1.731624327025954146, -2.499999999999980904, -0.4000000000000000222 ) ) ;
#4999 = EDGE_LOOP ( 'NONE', ( #1434, #3599, #5729, #5628 ) ) ;
#5000 = VECTOR ( 'NONE', #7471, 1000.000000000000114 ) ;
#5001 = ORIENTED_EDGE ( 'NONE', *, *, #385, .T. ) ;
#5002 = VERTEX_POINT ( 'NONE', #2403 ) ;
#5003 = EDGE_LOOP ( 'NONE', ( #7854, #4631, #3839, #681 ) ) ;
#5004 = ADVANCED_FACE ( 'NONE', ( #4587 ), #7283, .T. ) ;
#5005 = CARTESIAN_POINT ( 'NONE',  ( -9.815381056766620205, 37.49999999999986500, 0.4000000000000000222 ) ) ;
#5006 = FACE_BOUND ( 'NONE', #3160, .T. ) ;
#5007 = ORIENTED_EDGE ( 'NONE', *, *, #8092, .F. ) ;
#5008 = CARTESIAN_POINT ( 'NONE',  ( 25.24963065701561149, -2.749630657015583957, -0.4000000000000000222 ) ) ;
#5009 = EDGE_LOOP ( 'NONE', ( #623, #5600, #2962, #5317 ) ) ;
#5010 = VERTEX_POINT ( 'NONE', #3023 ) ;
#5011 = EDGE_LOOP ( 'NONE', ( #936, #4850, #5361, #633, #3677, #280 ) ) ;
#5012 = CARTESIAN_POINT ( 'NONE',  ( -8.082690528383320583, -38.50036934298424995, 0.4000000000000000222 ) ) ;
#5013 = CARTESIAN_POINT ( 'NONE',  ( -34.06345264191651268, -38.50036934298425706, -0.4000000000000000222 ) ) ;
#5014 = VECTOR ( 'NONE', #4002, 999.9999999999998863 ) ;
#5015 = CARTESIAN_POINT ( 'NONE',  ( 30.88845264191648354, 1.000369342984405829, -0.4000000000000000222 ) ) ;
#5016 = LINE ( 'NONE', #7722, #4765 ) ;
#5017 = DIRECTION ( 'NONE',  ( 0.4999999999999968359, 0.8660254037844404840, 0.000000000000000000 ) ) ;
#5018 = VERTEX_POINT ( 'NONE', #5727 ) ;
#5019 = VECTOR ( 'NONE', #7921, 1000.000000000000000 ) ;
#5020 = ADVANCED_FACE ( 'NONE', ( #1028 ), #5113, .T. ) ;
#5021 = DIRECTION ( 'NONE',  ( 0.8660254037844404840, -0.4999999999999968359, 0.000000000000000000 ) ) ;
#5022 = CARTESIAN_POINT ( 'NONE',  ( -39.69999999999999574, -45.79999999999999005, -0.4000000000000000222 ) ) ;
#5023 = EDGE_CURVE ( 'NONE', #6764, #2149, #7150, .T. ) ;
#5024 = VERTEX_POINT ( 'NONE', #417 ) ;
#5025 = FACE_OUTER_BOUND ( 'NONE', #5664, .T. ) ;
#5026 = CARTESIAN_POINT ( 'NONE',  ( 21.93888374866292423, 39.99999999999999289, -0.4000000000000000222 ) ) ;
#5027 = ADVANCED_FACE ( 'NONE', ( #7862 ), #4494, .T. ) ;
#5028 = DIRECTION ( 'NONE',  ( 0.5000000000000032196, -0.8660254037844368202, 0.000000000000000000 ) ) ;
#5029 = VECTOR ( 'NONE', #5330, 1000.000000000000000 ) ;
#5030 = CARTESIAN_POINT ( 'NONE',  ( -34.06345264191652689, -8.500369342984363641, 0.4000000000000000222 ) ) ;
#5031 = LINE ( 'NONE', #1091, #7581 ) ;
#5032 = ADVANCED_FACE ( 'NONE', ( #466 ), #7826, .F. ) ;
#5033 = LINE ( 'NONE', #1665, #2620 ) ;
#5034 = VERTEX_POINT ( 'NONE', #1255 ) ;
#5035 = CARTESIAN_POINT ( 'NONE',  ( -14.57788105676663015, 2.749630657015590618, -0.4000000000000000222 ) ) ;
#5036 = LINE ( 'NONE', #3750, #5359 ) ;
#5037 = EDGE_CURVE ( 'NONE', #4890, #3737, #8702, .T. ) ;
#5038 = DIRECTION ( 'NONE',  ( -0.4999999999999965028, -0.8660254037844407060, 0.000000000000000000 ) ) ;
#5039 = VECTOR ( 'NONE', #7562, 1000.000000000000000 ) ;
#5040 = CARTESIAN_POINT ( 'NONE',  ( 0.000000000000000000, 2.500000000000024869, 0.4000000000000000222 ) ) ;
#5041 = DIRECTION ( 'NONE',  ( -0.5000000000000029976, 0.8660254037844369313, -0.000000000000000000 ) ) ;
#5042 = ORIENTED_EDGE ( 'NONE', *, *, #4568, .F. ) ;
#5043 = ORIENTED_EDGE ( 'NONE', *, *, #5356, .T. ) ;
#5044 = VECTOR ( 'NONE', #2680, 1000.000000000000000 ) ;
#5045 = VERTEX_POINT ( 'NONE', #1336 ) ;
#5046 = ORIENTED_EDGE ( 'NONE', *, *, #99, .T. ) ;
#5047 = ADVANCED_FACE ( 'NONE', ( #3250 ), #1918, .T. ) ;
#5048 = ORIENTED_EDGE ( 'NONE', *, *, #46, .T. ) ;
#5049 = FACE_OUTER_BOUND ( 'NONE', #2693, .T. ) ;
#5050 = DIRECTION ( 'NONE',  ( 0.000000000000000000, 1.000000000000000000, 0.000000000000000000 ) ) ;
#5051 = VECTOR ( 'NONE', #4854, 1000.000000000000000 ) ;
#5052 = LINE ( 'NONE', #8512, #4864 ) ;
#5053 = ORIENTED_EDGE ( 'NONE', *, *, #6010, .T. ) ;
#5054 = UNCERTAINTY_MEASURE_WITH_UNIT (LENGTH_MEASURE( 1.000000000000000082E-05 ), #8539, 'distance_accuracy_value', 'NONE');
#5055 = EDGE_CURVE ( 'NONE', #5018, #5564, #5417, .T. ) ;
#5056 = FACE_OUTER_BOUND ( 'NONE', #5522, .T. ) ;
#5057 = VERTEX_POINT ( 'NONE', #5375 ) ;
#5058 = VERTEX_POINT ( 'NONE', #5291 ) ;
#5059 = VERTEX_POINT ( 'NONE', #4000 ) ;
#5060 = DIRECTION ( 'NONE',  ( 1.000000000000000000, 3.663735981263016583E-15, 0.000000000000000000 ) ) ;
#5061 = DIRECTION ( 'NONE',  ( -0.000000000000000000, -0.000000000000000000, 1.000000000000000000 ) ) ;
#5062 = CARTESIAN_POINT ( 'NONE',  ( 34.06345264191648425, -6.499630657015551982, -0.4000000000000000222 ) ) ;
#5063 = DIRECTION ( 'NONE',  ( -0.5000000000000029976, 0.8660254037844369313, -0.000000000000000000 ) ) ;
#5064 = CARTESIAN_POINT ( 'NONE',  ( 36.50000000000002132, 45.79999999999999005, -0.3499999999999957034 ) ) ;
#5065 = VECTOR ( 'NONE', #2194, 1000.000000000000000 ) ;
#5066 = ORIENTED_EDGE ( 'NONE', *, *, #324, .T. ) ;
#5067 = CARTESIAN_POINT ( 'NONE',  ( 1.587500000000002132, -2.749630657015583957, -0.4000000000000000222 ) ) ;
#5068 = AXIS2_PLACEMENT_3D ( 'NONE', #7257, #4374, #296 ) ;
#5069 = DIRECTION ( 'NONE',  ( -0.5000000000000029976, 0.8660254037844369313, -0.000000000000000000 ) ) ;
#5070 = VERTEX_POINT ( 'NONE', #554 ) ;
#5071 = ORIENTED_EDGE ( 'NONE', *, *, #2821, .F. ) ;
#5072 = CARTESIAN_POINT ( 'NONE',  ( -34.06345264191650557, 31.00036934298427838, -0.4000000000000000222 ) ) ;
#5073 = APPLICATION_CONTEXT ( 'automotive_design' ) ;
#5074 = CARTESIAN_POINT ( 'NONE',  ( -25.00000000000000000, -2.499999999999980904, -0.4000000000000000222 ) ) ;
#5075 = DIRECTION ( 'NONE',  ( 0.000000000000000000, 0.000000000000000000, 1.000000000000000000 ) ) ;
#5076 = AXIS2_PLACEMENT_3D ( 'NONE', #2191, #8311, #3393 ) ;
#5077 = EDGE_CURVE ( 'NONE', #3174, #8706, #3417, .T. ) ;
#5078 = CARTESIAN_POINT ( 'NONE',  ( -35.65095264191651836, -3.749999999999996447, -0.4000000000000000222 ) ) ;
#5079 = CARTESIAN_POINT ( 'NONE',  ( -22.80576211353321980, 2.775557561562891351E-14, -0.4000000000000000222 ) ) ;
#5080 = EDGE_CURVE ( 'NONE', #8259, #232, #8168, .T. ) ;
#5081 = PLANE ( 'NONE',  #1916 ) ;
#5082 = PRESENTATION_STYLE_ASSIGNMENT (( #5836 ) ) ;
#5083 = ORIENTED_EDGE ( 'NONE', *, *, #668, .T. ) ;
#5084 = CIRCLE ( 'NONE', #5521, 1.599999999999997202 ) ;
#5085 = DIRECTION ( 'NONE',  ( 0.000000000000000000, 0.000000000000000000, 1.000000000000000000 ) ) ;
#5086 = DIRECTION ( 'NONE',  ( 0.000000000000000000, 0.000000000000000000, 1.000000000000000000 ) ) ;
#5087 = DIRECTION ( 'NONE',  ( -0.8660254037844407060, 0.4999999999999965028, 0.000000000000000000 ) ) ;
#5088 = CARTESIAN_POINT ( 'NONE',  ( 34.88565153255794371, 49.00000000000000000, 0.3999999999999999667 ) ) ;
#5089 = LINE ( 'NONE', #8408, #4549 ) ;
#5090 = ORIENTED_EDGE ( 'NONE', *, *, #5536, .T. ) ;
#5091 = VECTOR ( 'NONE', #39, 1000.000000000000000 ) ;
#5092 = VERTEX_POINT ( 'NONE', #8127 ) ;
#5093 = VERTEX_POINT ( 'NONE', #1380 ) ;
#5094 = VERTEX_POINT ( 'NONE', #2754 ) ;
#5095 = VERTEX_POINT ( 'NONE', #2623 ) ;
#5096 = EDGE_CURVE ( 'NONE', #1195, #1197, #3376, .T. ) ;
#5097 = DIRECTION ( 'NONE',  ( 1.000000000000000000, 3.663735981263016583E-15, 0.000000000000000000 ) ) ;
#5098 = CARTESIAN_POINT ( 'NONE',  ( 38.24764603714537969, -49.00000000000000711, 1.118317186258154905 ) ) ;
#5099 = FACE_BOUND ( 'NONE', #5484, .T. ) ;
#5100 = ORIENTED_EDGE ( 'NONE', *, *, #4120, .F. ) ;
#5101 = EDGE_CURVE ( 'NONE', #6066, #2837, #2578, .T. ) ;
#5102 = DIRECTION ( 'NONE',  ( -1.000000000000000000, -3.330669073875469621E-15, -0.000000000000000000 ) ) ;
#5103 = ORIENTED_EDGE ( 'NONE', *, *, #4401, .T. ) ;
#5104 = ORIENTED_EDGE ( 'NONE', *, *, #7058, .T. ) ;
#5105 = VERTEX_POINT ( 'NONE', #5955 ) ;
#5106 = DIRECTION ( 'NONE',  ( -0.000000000000000000, -0.000000000000000000, 1.000000000000000000 ) ) ;
#5107 = CARTESIAN_POINT ( 'NONE',  ( 4.907690528383295003, -43.99963065701543030, 0.4000000000000000222 ) ) ;
#5108 = LINE ( 'NONE', #4491, #2037 ) ;
#5109 = EDGE_CURVE ( 'NONE', #6289, #2714, #3573, .T. ) ;
#5110 = DIRECTION ( 'NONE',  ( 0.5000000000000032196, -0.8660254037844368202, 0.000000000000000000 ) ) ;
#5111 = EDGE_CURVE ( 'NONE', #5885, #5959, #4627, .T. ) ;
#5112 = AXIS2_PLACEMENT_3D ( 'NONE', #4867, #123, #7518 ) ;
#5113 = PLANE ( 'NONE',  #8676 ) ;
#5114 = VECTOR ( 'NONE', #4456, 999.9999999999998863 ) ;
#5115 = ORIENTED_EDGE ( 'NONE', *, *, #4920, .F. ) ;
#5116 = VECTOR ( 'NONE', #8390, 1000.000000000000000 ) ;
#5117 = CARTESIAN_POINT ( 'NONE',  ( 34.06345264191645583, 43.99963065701543741, -0.4000000000000000222 ) ) ;
#5118 = VECTOR ( 'NONE', #1265, 1000.000000000000000 ) ;
#5119 = DIRECTION ( 'NONE',  ( -0.5000000000000029976, 0.8660254037844369313, -0.000000000000000000 ) ) ;
#5120 = VERTEX_POINT ( 'NONE', #678 ) ;
#5121 = VERTEX_POINT ( 'NONE', #6042 ) ;
#5122 = DIRECTION ( 'NONE',  ( -0.8660254037844368202, -0.5000000000000031086, 0.000000000000000000 ) ) ;
#5123 = DIRECTION ( 'NONE',  ( -1.000000000000000000, 0.000000000000000000, 0.000000000000000000 ) ) ;
#5124 = DIRECTION ( 'NONE',  ( -1.000000000000000000, -3.330669073875469621E-15, 0.000000000000000000 ) ) ;
#5125 = DIRECTION ( 'NONE',  ( -1.000000000000000000, -3.330669073875469621E-15, -0.000000000000000000 ) ) ;
#5126 = CARTESIAN_POINT ( 'NONE',  ( -34.06345264191652689, 43.99963065701542320, -0.4000000000000000222 ) ) ;
#5127 = LINE ( 'NONE', #7575, #6023 ) ;
#5128 = PLANE ( 'NONE',  #4371 ) ;
#5129 = ORIENTED_EDGE ( 'NONE', *, *, #2422, .T. ) ;
#5130 = LINE ( 'NONE', #4372, #1508 ) ;
#5131 = EDGE_CURVE ( 'NONE', #3737, #7670, #4044, .T. ) ;
#5132 = DIRECTION ( 'NONE',  ( 1.000000000000000000, 0.000000000000000000, 0.000000000000000000 ) ) ;
#5133 = CARTESIAN_POINT ( 'NONE',  ( 35.65095264191646862, -41.24999999999980815, -0.4000000000000000222 ) ) ;
#5134 = LINE ( 'NONE', #8547, #4901 ) ;
#5135 = CARTESIAN_POINT ( 'NONE',  ( 3.174999999999990496, 1.387778780781445676E-14, 0.4000000000000000222 ) ) ;
#5136 = EDGE_CURVE ( 'NONE', #2679, #3063, #2003, .T. ) ;
#5137 = ORIENTED_EDGE ( 'NONE', *, *, #5595, .T. ) ;
#5138 = ORIENTED_EDGE ( 'NONE', *, *, #5409, .F. ) ;
#5139 = VECTOR ( 'NONE', #5998, 1000.000000000000000 ) ;
#5140 = EDGE_CURVE ( 'NONE', #5201, #3164, #7455, .T. ) ;
#5141 = ORIENTED_EDGE ( 'NONE', *, *, #4229, .F. ) ;
#5142 = VERTEX_POINT ( 'NONE', #5464 ) ;
#5143 = VERTEX_POINT ( 'NONE', #597 ) ;
#5144 = PLANE ( 'NONE',  #6571 ) ;
#5145 = DIRECTION ( 'NONE',  ( -0.4999999999999965583, -0.8660254037844407060, -0.000000000000000000 ) ) ;
#5146 = AXIS2_PLACEMENT_3D ( 'NONE', #8117, #4075, #5322 ) ;
#5147 = FACE_BOUND ( 'NONE', #5011, .T. ) ;
#5148 = ORIENTED_EDGE ( 'NONE', *, *, #4026, .T. ) ;
#5149 = VECTOR ( 'NONE', #6889, 1000.000000000000000 ) ;
#5150 = AXIS2_PLACEMENT_3D ( 'NONE', #4477, #1725, #4430 ) ;
#5151 = DIRECTION ( 'NONE',  ( -0.000000000000000000, -0.000000000000000000, 1.000000000000000000 ) ) ;
#5152 = EDGE_CURVE ( 'NONE', #1129, #358, #8015, .T. ) ;
#5153 = ORIENTED_EDGE ( 'NONE', *, *, #6335, .F. ) ;
#5154 = EDGE_LOOP ( 'NONE', ( #5676, #7523, #190, #1082 ) ) ;
#5155 = VERTEX_POINT ( 'NONE', #4672 ) ;
#5156 = LINE ( 'NONE', #7231, #3939 ) ;
#5157 = CARTESIAN_POINT ( 'NONE',  ( -34.06345264191652689, -8.500369342984363641, -0.4000000000000000222 ) ) ;
#5158 = VECTOR ( 'NONE', #8427, 1000.000000000000000 ) ;
#5159 = DIRECTION ( 'NONE',  ( 0.7071067811865487940, -0.7071067811865463515, 0.000000000000000000 ) ) ;
#5160 = ADVANCED_FACE ( 'NONE', ( #7363 ), #7494, .T. ) ;
#5161 = CARTESIAN_POINT ( 'NONE',  ( 0.000000000000000000, -2.499999999999980904, 0.4000000000000000222 ) ) ;
#5162 = FACE_OUTER_BOUND ( 'NONE', #5837, .T. ) ;
#5163 = VERTEX_POINT ( 'NONE', #765 ) ;
#5164 = CARTESIAN_POINT ( 'NONE',  ( 22.80576211353317717, 0.000000000000000000, -0.4000000000000000222 ) ) ;
#5165 = PLANE ( 'NONE',  #3209 ) ;
#5166 = ORIENTED_EDGE ( 'NONE', *, *, #1241, .F. ) ;
#5167 = ORIENTED_EDGE ( 'NONE', *, *, #2081, .F. ) ;
#5168 = DIRECTION ( 'NONE',  ( -1.000000000000000000, 0.000000000000000000, 0.000000000000000000 ) ) ;
#5169 = EDGE_CURVE ( 'NONE', #6800, #7631, #4845, .T. ) ;
#5170 = FACE_OUTER_BOUND ( 'NONE', #7242, .T. ) ;
#5171 = CARTESIAN_POINT ( 'NONE',  ( -1.587500000000033218, 40.24963065701545162, -0.4000000000000000222 ) ) ;
#5172 = AXIS2_PLACEMENT_3D ( 'NONE', #138, #7398, #4038 ) ;
#5173 = LINE ( 'NONE', #1617, #1858 ) ;
#5174 = ADVANCED_FACE ( 'NONE', ( #6171 ), #6258, .T. ) ;
#5175 = CARTESIAN_POINT ( 'NONE',  ( 0.000000000000000000, 0.000000000000000000, 0.4000000000000000222 ) ) ;
#5176 = CARTESIAN_POINT ( 'NONE',  ( 1.587499999999995248, -40.24963065701543741, -0.4000000000000000222 ) ) ;
#5177 = ORIENTED_EDGE ( 'NONE', *, *, #8508, .T. ) ;
#5178 = CARTESIAN_POINT ( 'NONE',  ( -16.16538105676662340, -6.938893903907228378E-15, -0.4000000000000000222 ) ) ;
#5179 = VERTEX_POINT ( 'NONE', #4965 ) ;
#5180 = DIRECTION ( 'NONE',  ( 0.4999999999999968359, 0.8660254037844404840, 0.000000000000000000 ) ) ;
#5181 = CARTESIAN_POINT ( 'NONE',  ( -27.56826211353319778, -40.24963065701545162, -0.4000000000000000222 ) ) ;
#5182 = CARTESIAN_POINT ( 'NONE',  ( -38.35555293010605737, -48.99999999999998579, 1.121206657494834502 ) ) ;
#5183 = CARTESIAN_POINT ( 'NONE',  ( -21.93888374866297752, 39.99999999999999289, -0.4000000000000000222 ) ) ;
#5184 = CARTESIAN_POINT ( 'NONE',  ( -41.30000000000001137, -49.00000000000000000, 0.4000000000000000222 ) ) ;
#5186 = VERTEX_POINT ( 'NONE', #892 ) ;
#5185 = ORIENTED_EDGE ( 'NONE', *, *, #661, .T. ) ;
#5187 = AXIS2_PLACEMENT_3D ( 'NONE', #66, #775, #3342 ) ;
#5188 = ORIENTED_EDGE ( 'NONE', *, *, #5675, .T. ) ;
#5189 = ORIENTED_EDGE ( 'NONE', *, *, #5463, .F. ) ;
#5190 = DIRECTION ( 'NONE',  ( 0.000000000000000000, 0.000000000000000000, 1.000000000000000000 ) ) ;
#5191 = VECTOR ( 'NONE', #7998, 1000.000000000000000 ) ;
#5192 = LINE ( 'NONE', #4736, #6420 ) ;
#5193 = EDGE_CURVE ( 'NONE', #7000, #3010, #2796, .T. ) ;
#5194 = FACE_BOUND ( 'NONE', #4579, .T. ) ;
#5195 = ORIENTED_EDGE ( 'NONE', *, *, #2281, .F. ) ;
#5196 = VECTOR ( 'NONE', #1562, 1000.000000000000000 ) ;
#5197 = VECTOR ( 'NONE', #2082, 1000.000000000000000 ) ;
#5198 = EDGE_CURVE ( 'NONE', #1823, #3063, #185, .T. ) ;
#5199 = CARTESIAN_POINT ( 'NONE',  ( -34.06345264191650557, 38.50036934298424285, -0.4000000000000000222 ) ) ;
#5200 = EDGE_CURVE ( 'NONE', #2879, #4262, #1511, .T. ) ;
#5201 = VERTEX_POINT ( 'NONE', #1465 ) ;
#5202 = VERTEX_POINT ( 'NONE', #8213 ) ;
#5203 = ORIENTED_EDGE ( 'NONE', *, *, #1370, .F. ) ;
#5204 = PLANE ( 'NONE',  #3653 ) ;
#5205 = LINE ( 'NONE', #3819, #513 ) ;
#5206 = LINE ( 'NONE', #5289, #229 ) ;
#5207 = CARTESIAN_POINT ( 'NONE',  ( 21.93888374866284252, -2.499999999999981348, 0.4000000000000000222 ) ) ;
#5208 = ADVANCED_FACE ( 'NONE', ( #3588 ), #7712, .T. ) ;
#5209 = ORIENTED_EDGE ( 'NONE', *, *, #2936, .T. ) ;
#5210 = DIRECTION ( 'NONE',  ( -0.4999999999999965583, -0.8660254037844407060, -0.000000000000000000 ) ) ;
#5211 = DIRECTION ( 'NONE',  ( 0.4999999999999968359, 0.8660254037844404840, 0.000000000000000000 ) ) ;
#5212 = ORIENTED_EDGE ( 'NONE', *, *, #860, .T. ) ;
#5213 = ORIENTED_EDGE ( 'NONE', *, *, #4429, .F. ) ;
#5214 = FACE_OUTER_BOUND ( 'NONE', #4305, .T. ) ;
#5215 = CARTESIAN_POINT ( 'NONE',  ( 41.29999999999999005, 45.79999999999999005, 1.119055016130133140 ) ) ;
#5216 = LINE ( 'NONE', #3878, #3779 ) ;
#5217 = CARTESIAN_POINT ( 'NONE',  ( 24.24913778650731189, 39.99999999999999289, -0.4000000000000000222 ) ) ;
#5218 = EDGE_CURVE ( 'NONE', #6978, #2496, #4304, .T. ) ;
#5219 = EDGE_CURVE ( 'NONE', #5235, #3001, #7580, .T. ) ;
#5220 = CARTESIAN_POINT ( 'NONE',  ( 35.65095264191646862, 33.74999999999989342, 0.4000000000000000222 ) ) ;
#5221 = DIRECTION ( 'NONE',  ( 3.663735981263016583E-15, -1.000000000000000000, 0.000000000000000000 ) ) ;
#5222 = EDGE_LOOP ( 'NONE', ( #4475, #1395, #2419, #3234 ) ) ;
#5223 = PLANE ( 'NONE',  #7624 ) ;
#5224 = ORIENTED_EDGE ( 'NONE', *, *, #8711, .F. ) ;
#5225 = LINE ( 'NONE', #612, #3858 ) ;
#5226 = LINE ( 'NONE', #6555, #4652 ) ;
#5227 = DIRECTION ( 'NONE',  ( 0.7071067811865483499, -0.7071067811865467956, 0.000000000000000000 ) ) ;
#5228 = AXIS2_PLACEMENT_3D ( 'NONE', #5909, #7947, #7279 ) ;
#5229 = EDGE_CURVE ( 'NONE', #2844, #2041, #3630, .T. ) ;
#5230 = LINE ( 'NONE', #7885, #5608 ) ;
#5231 = EDGE_CURVE ( 'NONE', #6388, #3495, #4217, .T. ) ;
#5232 = CARTESIAN_POINT ( 'NONE',  ( 27.56826211353319067, 34.75036934298428548, 0.4000000000000000222 ) ) ;
#5233 = VECTOR ( 'NONE', #2900, 1000.000000000000000 ) ;
#5235 = VERTEX_POINT ( 'NONE', #6879 ) ;
#5234 = ORIENTED_EDGE ( 'NONE', *, *, #6117, .T. ) ;
#5236 = ORIENTED_EDGE ( 'NONE', *, *, #101, .T. ) ;
#5237 = VERTEX_POINT ( 'NONE', #4256 ) ;
#5238 = CARTESIAN_POINT ( 'NONE',  ( 4.907690528383266582, 43.99963065701542320, -0.4000000000000000222 ) ) ;
#5239 = VECTOR ( 'NONE', #8004, 1000.000000000000000 ) ;
#5240 = FACE_BOUND ( 'NONE', #7611, .T. ) ;
#5241 = ORIENTED_EDGE ( 'NONE', *, *, #1088, .T. ) ;
#5242 = LINE ( 'NONE', #1729, #2896 ) ;
#5243 = ORIENTED_EDGE ( 'NONE', *, *, #7001, .T. ) ;
#5244 = VERTEX_POINT ( 'NONE', #6216 ) ;
#5245 = ORIENTED_EDGE ( 'NONE', *, *, #2816, .F. ) ;
#5246 = CYLINDRICAL_SURFACE ( 'NONE', #5228, 1.599999999999997202 ) ;
#5247 = CARTESIAN_POINT ( 'NONE',  ( 16.31057158514986938, 41.24999999999982947, -0.4000000000000000222 ) ) ;
#5248 = LINE ( 'NONE', #5161, #3207 ) ;
#5249 = CARTESIAN_POINT ( 'NONE',  ( -21.07307158514991130, 1.000369342984391841, -0.4000000000000000222 ) ) ;
#5250 = VECTOR ( 'NONE', #961, 999.9999999999998863 ) ;
#5251 = CARTESIAN_POINT ( 'NONE',  ( -14.57788105676659995, -40.24963065701545162, 0.4000000000000000222 ) ) ;
#5252 = ORIENTED_EDGE ( 'NONE', *, *, #3203, .F. ) ;
#5253 = VERTEX_POINT ( 'NONE', #267 ) ;
#5254 = DIRECTION ( 'NONE',  ( -3.330669073875469621E-15, 1.000000000000000000, 0.000000000000000000 ) ) ;
#5255 = CARTESIAN_POINT ( 'NONE',  ( -29.30095264191651694, 41.24999999999985789, -0.4000000000000000222 ) ) ;
#5256 = DIRECTION ( 'NONE',  ( 1.000000000000000000, 0.000000000000000000, 0.000000000000000000 ) ) ;
#5257 = CARTESIAN_POINT ( 'NONE',  ( 34.06345264191645583, 36.49963065701547293, -0.4000000000000000222 ) ) ;
#5258 = VECTOR ( 'NONE', #3800, 1000.000000000000000 ) ;
#5259 = CARTESIAN_POINT ( 'NONE',  ( 34.06345264191648425, 38.50036934298425706, -0.4000000000000000222 ) ) ;
#5260 = LINE ( 'NONE', #1932, #7573 ) ;
#5261 = ORIENTED_EDGE ( 'NONE', *, *, #5968, .F. ) ;
#5262 = CARTESIAN_POINT ( 'NONE',  ( -38.10000000000000142, 45.79999999999999005, -0.4000000000000000222 ) ) ;
#5263 = VERTEX_POINT ( 'NONE', #2839 ) ;
#5264 = DIRECTION ( 'NONE',  ( -3.330669073875469621E-15, 1.000000000000000000, 0.000000000000000000 ) ) ;
#5265 = AXIS2_PLACEMENT_3D ( 'NONE', #2406, #6398, #244 ) ;
#5266 = FACE_OUTER_BOUND ( 'NONE', #4702, .T. ) ;
#5267 = DIRECTION ( 'NONE',  ( -0.4999999999999965583, -0.8660254037844407060, -0.000000000000000000 ) ) ;
#5268 = EDGE_CURVE ( 'NONE', #232, #5059, #4128, .T. ) ;
#5269 = CARTESIAN_POINT ( 'NONE',  ( -21.93888374866293134, -39.99999999999993605, -0.4000000000000000222 ) ) ;
#5270 = CARTESIAN_POINT ( 'NONE',  ( 34.72017888980202116, -42.86214742901358932, 0.4000000000000000222 ) ) ;
#5272 = ORIENTED_EDGE ( 'NONE', *, *, #6114, .F. ) ;
#5271 = ORIENTED_EDGE ( 'NONE', *, *, #1940, .F. ) ;
#5273 = ORIENTED_EDGE ( 'NONE', *, *, #2502, .F. ) ;
#5274 = VERTEX_POINT ( 'NONE', #2884 ) ;
#5275 = LINE ( 'NONE', #6609, #2919 ) ;
#5276 = ADVANCED_FACE ( 'NONE', ( #2298, #5630, #8292, #6834, #6296, #6962, #849, #5006, #224, #8333, #5554, #8252, #6921, #3543, #4433, #1684, #6567, #3009, #3811, #5099, #1016, #4388, #7137, #5901, #499, #6523, #5194, #3856, #3716, #5715, #5147, #7089, #6430, #5763, #3764, #8559, #1063, #7184, #7046, #3104, #3193, #1775, #357, #2343, #8604, #8418, #2525, #4344, #3672, #5240 ), #3057, .T. ) ;
#5277 = CARTESIAN_POINT ( 'NONE',  ( -14.57788105676659995, -40.24963065701545162, -0.4000000000000000222 ) ) ;
#5278 = ORIENTED_EDGE ( 'NONE', *, *, #4117, .F. ) ;
#5279 = VECTOR ( 'NONE', #2978, 999.9999999999998863 ) ;
#5280 = VECTOR ( 'NONE', #7970, 1000.000000000000000 ) ;
#5281 = CARTESIAN_POINT ( 'NONE',  ( 37.50000000000000000, 27.50000000000002487, -0.4000000000000000222 ) ) ;
#5282 = EDGE_CURVE ( 'NONE', #674, #8183, #4481, .T. ) ;
#5283 = ORIENTED_EDGE ( 'NONE', *, *, #1337, .T. ) ;
#5284 = EDGE_LOOP ( 'NONE', ( #1870, #3873, #6893, #3142 ) ) ;
#5285 = VERTEX_POINT ( 'NONE', #3148 ) ;
#5286 = DIRECTION ( 'NONE',  ( -0.7071067811865487940, 0.7071067811865463515, 0.000000000000000000 ) ) ;
#5287 = DIRECTION ( 'NONE',  ( 3.663735981263016583E-15, -1.000000000000000000, 0.000000000000000000 ) ) ;
#5288 = VECTOR ( 'NONE', #7988, 1000.000000000000000 ) ;
#5289 = CARTESIAN_POINT ( 'NONE',  ( 37.49999999999999289, -14.99999999999993072, -0.4000000000000000222 ) ) ;
#5290 = VECTOR ( 'NONE', #6135, 1000.000000000000000 ) ;
#5291 = CARTESIAN_POINT ( 'NONE',  ( -30.88845264191652973, 43.99963065701543741, -0.4000000000000000222 ) ) ;
#5292 = VECTOR ( 'NONE', #5050, 1000.000000000000000 ) ;
#5293 = PLANE ( 'NONE',  #2845 ) ;
#5294 = ORIENTED_EDGE ( 'NONE', *, *, #2337, .T. ) ;
#5295 = VERTEX_POINT ( 'NONE', #6478 ) ;
#5296 = PLANE ( 'NONE',  #8338 ) ;
#5297 = DIRECTION ( 'NONE',  ( 0.5000000000000031086, -0.8660254037844368202, 0.000000000000000000 ) ) ;
#5298 = DIRECTION ( 'NONE',  ( 0.000000000000000000, 0.000000000000000000, 1.000000000000000000 ) ) ;
#5299 = EDGE_CURVE ( 'NONE', #7644, #6517, #8464, .T. ) ;
#5300 = DIRECTION ( 'NONE',  ( 0.000000000000000000, 0.000000000000000000, -1.000000000000000000 ) ) ;
#5301 = VERTEX_POINT ( 'NONE', #6381 ) ;
#5302 = EDGE_CURVE ( 'NONE', #1818, #3097, #309, .T. ) ;
#5303 = PLANE ( 'NONE',  #3918 ) ;
#5304 = FACE_OUTER_BOUND ( 'NONE', #1354, .T. ) ;
#5305 = EDGE_CURVE ( 'NONE', #2972, #3631, #5052, .T. ) ;
#5306 = DIRECTION ( 'NONE',  ( 0.4999999999999968359, 0.8660254037844404840, 0.000000000000000000 ) ) ;
#5307 = ORIENTED_EDGE ( 'NONE', *, *, #7656, .F. ) ;
#5308 = PLANE ( 'NONE',  #8386 ) ;
#5309 = CARTESIAN_POINT ( 'NONE',  ( 41.29999999999999005, -47.12351605439199886, 0.8111846166765409594 ) ) ;
#5310 = LINE ( 'NONE', #1938, #4357 ) ;
#5311 = VECTOR ( 'NONE', #4714, 1000.000000000000000 ) ;
#5312 = CARTESIAN_POINT ( 'NONE',  ( -21.93888374866293134, -39.99999999999993605, -0.4000000000000000222 ) ) ;
#5313 = ADVANCED_FACE ( 'NONE', ( #7894 ), #2438, .T. ) ;
#5314 = VECTOR ( 'NONE', #4211, 1000.000000000000000 ) ;
#5315 = EDGE_CURVE ( 'NONE', #6038, #7255, #5855, .T. ) ;
#5316 = CARTESIAN_POINT ( 'NONE',  ( -4.907690528383311879, 1.000369342984405829, -0.4000000000000000222 ) ) ;
#5318 = ORIENTED_EDGE ( 'NONE', *, *, #840, .F. ) ;
#5317 = ORIENTED_EDGE ( 'NONE', *, *, #1088, .F. ) ;
#5319 = ORIENTED_EDGE ( 'NONE', *, *, #8179, .F. ) ;
#5320 = VERTEX_POINT ( 'NONE', #1157 ) ;
#5321 = DIRECTION ( 'NONE',  ( 0.8660254037844404840, -0.4999999999999968359, 0.000000000000000000 ) ) ;
#5322 = DIRECTION ( 'NONE',  ( 1.000000000000000000, 3.663735981263016583E-15, 0.000000000000000000 ) ) ;
#5323 = ORIENTED_EDGE ( 'NONE', *, *, #7759, .T. ) ;
#5324 = EDGE_CURVE ( 'NONE', #5018, #8461, #4572, .T. ) ;
#5325 = DIRECTION ( 'NONE',  ( 1.000000000000000000, 0.000000000000000000, 0.000000000000000000 ) ) ;
#5326 = EDGE_LOOP ( 'NONE', ( #2757, #1945, #6129, #4277 ) ) ;
#5327 = ORIENTED_EDGE ( 'NONE', *, *, #10, .T. ) ;
#5328 = AXIS2_PLACEMENT_3D ( 'NONE', #3642, #3729, #1739 ) ;
#5329 = ORIENTED_EDGE ( 'NONE', *, *, #3269, .F. ) ;
#5330 = DIRECTION ( 'NONE',  ( -0.000000000000000000, -0.000000000000000000, 1.000000000000000000 ) ) ;
#5331 = DIRECTION ( 'NONE',  ( 1.000000000000000000, 0.000000000000000000, 0.000000000000000000 ) ) ;
#5332 = VECTOR ( 'NONE', #8445, 1000.000000000000114 ) ;
#5333 = DIRECTION ( 'NONE',  ( 0.000000000000000000, 0.000000000000000000, 1.000000000000000000 ) ) ;
#5334 = EDGE_CURVE ( 'NONE', #5070, #6659, #8030, .T. ) ;
#5335 = CIRCLE ( 'NONE', #2213, 1.599999999999983435 ) ;
#5336 = CARTESIAN_POINT ( 'NONE',  ( 34.88565153255794371, -49.00000000000000000, 0.3999999999999999667 ) ) ;
#5337 = ORIENTED_EDGE ( 'NONE', *, *, #7111, .T. ) ;
#5338 = AXIS2_PLACEMENT_3D ( 'NONE', #8056, #1931, #4641 ) ;
#5339 = ORIENTED_EDGE ( 'NONE', *, *, #2857, .F. ) ;
#5340 = CARTESIAN_POINT ( 'NONE',  ( -35.65095264191651836, -11.24999999999996092, -0.4000000000000000222 ) ) ;
#5341 = DIRECTION ( 'NONE',  ( 0.5000000000000032196, -0.8660254037844368202, 0.000000000000000000 ) ) ;
#5342 = DIRECTION ( 'NONE',  ( -0.4999999999999965028, -0.8660254037844407060, 0.000000000000000000 ) ) ;
#5343 = CARTESIAN_POINT ( 'NONE',  ( 38.10000000000000142, -45.79999999999999005, -0.3499999999999957034 ) ) ;
#5344 = AXIS2_PLACEMENT_3D ( 'NONE', #5473, #1520, #3386 ) ;
#5345 = ORIENTED_EDGE ( 'NONE', *, *, #1162, .T. ) ;
#5346 = LINE ( 'NONE', #6011, #6318 ) ;
#5347 = CARTESIAN_POINT ( 'NONE',  ( 29.30095264191647075, 3.749999999999989342, -0.4000000000000000222 ) ) ;
#5348 = CARTESIAN_POINT ( 'NONE',  ( -38.10000000000000142, 45.79999999999999005, 1.200000000000001954 ) ) ;
#5349 = VERTEX_POINT ( 'NONE', #1950 ) ;
#5350 = CARTESIAN_POINT ( 'NONE',  ( 8.082690528383263739, -1.000369342984377852, -0.4000000000000000222 ) ) ;
#5351 = DIRECTION ( 'NONE',  ( 0.8660254037844369313, 0.5000000000000029976, 0.000000000000000000 ) ) ;
#5352 = CARTESIAN_POINT ( 'NONE',  ( 32.49999999999996447, 32.50000000000004263, 0.4000000000000000222 ) ) ;
#5353 = CARTESIAN_POINT ( 'NONE',  ( -34.06345264191652689, 43.99963065701542320, 0.4041955794042810246 ) ) ;
#5354 = LINE ( 'NONE', #5312, #3687 ) ;
#5355 = EDGE_CURVE ( 'NONE', #2731, #6916, #8647, .T. ) ;
#5356 = EDGE_CURVE ( 'NONE', #8318, #2170, #3365, .T. ) ;
#5357 = DIRECTION ( 'NONE',  ( -0.000000000000000000, -0.000000000000000000, 1.000000000000000000 ) ) ;
#5358 = VERTEX_POINT ( 'NONE', #5363 ) ;
#5359 = VECTOR ( 'NONE', #7740, 1000.000000000000000 ) ;
#5360 = ORIENTED_EDGE ( 'NONE', *, *, #290, .F. ) ;
#5361 = ORIENTED_EDGE ( 'NONE', *, *, #6570, .F. ) ;
#5362 = LINE ( 'NONE', #7353, #8443 ) ;
#5363 = CARTESIAN_POINT ( 'NONE',  ( -3.320190528383323958, 41.24999999999985789, 0.4000000000000000222 ) ) ;
#5364 = ORIENTED_EDGE ( 'NONE', *, *, #5596, .F. ) ;
#5365 = VECTOR ( 'NONE', #5389, 1000.000000000000000 ) ;
#5366 = EDGE_CURVE ( 'NONE', #1505, #8706, #4744, .T. ) ;
#5367 = FACE_OUTER_BOUND ( 'NONE', #3765, .T. ) ;
#5368 = ORIENTED_EDGE ( 'NONE', *, *, #4516, .F. ) ;
#5369 = EDGE_LOOP ( 'NONE', ( #4784, #6937, #406, #4960 ) ) ;
#5370 = ORIENTED_EDGE ( 'NONE', *, *, #2426, .T. ) ;
#5371 = LINE ( 'NONE', #6703, #7715 ) ;
#5372 = VECTOR ( 'NONE', #2717, 1000.000000000000000 ) ;
#5373 = CARTESIAN_POINT ( 'NONE',  ( 4.041878364870289175, 2.500000000000024869, 0.4000000000000000222 ) ) ;
#5374 = DIRECTION ( 'NONE',  ( -1.000000000000000000, -3.330669073875469621E-15, 0.000000000000000000 ) ) ;
#5375 = CARTESIAN_POINT ( 'NONE',  ( 30.88845264191646223, -1.000369342984384957, -0.4000000000000000222 ) ) ;
#5376 = ADVANCED_FACE ( 'NONE', ( #43 ), #6740, .F. ) ;
#5377 = CARTESIAN_POINT ( 'NONE',  ( 0.000000000000000000, -39.99999999999993605, 0.4000000000000000222 ) ) ;
#5378 = VERTEX_POINT ( 'NONE', #7312 ) ;
#5379 = ORIENTED_EDGE ( 'NONE', *, *, #8336, .T. ) ;
#5380 = PLANE ( 'NONE',  #5790 ) ;
#5381 = DIRECTION ( 'NONE',  ( -0.4999999999999965583, -0.8660254037844407060, -0.000000000000000000 ) ) ;
#5382 = LINE ( 'NONE', #474, #4210 ) ;
#5383 = CARTESIAN_POINT ( 'NONE',  ( 38.10000000000000142, -45.79999999999999005, -0.3499999999999957034 ) ) ;
#5384 = CARTESIAN_POINT ( 'NONE',  ( -1.731624327025934384, 2.500000000000024869, 0.4000000000000000222 ) ) ;
#5385 = ORIENTED_EDGE ( 'NONE', *, *, #2204, .T. ) ;
#5386 = DIRECTION ( 'NONE',  ( -0.8660254037844368202, -0.5000000000000031086, 0.000000000000000000 ) ) ;
#5387 = PLANE ( 'NONE',  #3040 ) ;
#5388 = EDGE_CURVE ( 'NONE', #5627, #7009, #1199, .T. ) ;
#5389 = DIRECTION ( 'NONE',  ( -1.000000000000000000, 0.000000000000000000, 0.000000000000000000 ) ) ;
#5390 = ORIENTED_EDGE ( 'NONE', *, *, #3753, .F. ) ;
#5391 = CYLINDRICAL_SURFACE ( 'NONE', #4989, 1.599999999999997202 ) ;
#5392 = DIRECTION ( 'NONE',  ( 0.5000000000000032196, -0.8660254037844368202, 0.000000000000000000 ) ) ;
#5393 = DIRECTION ( 'NONE',  ( -0.4999999999999965583, -0.8660254037844407060, -0.000000000000000000 ) ) ;
#5394 = CARTESIAN_POINT ( 'NONE',  ( -29.30095264191651694, -3.749999999999968470, 0.4000000000000000222 ) ) ;
#5395 = AXIS2_PLACEMENT_3D ( 'NONE', #4737, #4694, #1231 ) ;
#5396 = LINE ( 'NONE', #8639, #446 ) ;
#5397 = AXIS2_PLACEMENT_3D ( 'NONE', #521, #1133, #6674 ) ;
#5398 = VECTOR ( 'NONE', #468, 1000.000000000000000 ) ;
#5399 = LINE ( 'NONE', #7978, #4268 ) ;
#5400 = AXIS2_PLACEMENT_3D ( 'NONE', #6856, #1355, #741 ) ;
#5401 = ORIENTED_EDGE ( 'NONE', *, *, #3584, .F. ) ;
#5402 = VECTOR ( 'NONE', #537, 1000.000000000000000 ) ;
#5403 = ORIENTED_EDGE ( 'NONE', *, *, #3696, .F. ) ;
#5404 = VERTEX_POINT ( 'NONE', #3943 ) ;
#5405 = DIRECTION ( 'NONE',  ( -1.000000000000000000, -3.330669073875469621E-15, -0.000000000000000000 ) ) ;
#5406 = ADVANCED_FACE ( 'NONE', ( #7443 ), #6654, .T. ) ;
#5407 = CARTESIAN_POINT ( 'NONE',  ( 27.56826211353316580, -4.750369342984360088, 0.4000000000000000222 ) ) ;
#5408 = VERTEX_POINT ( 'NONE', #8075 ) ;
#5409 = EDGE_CURVE ( 'NONE', #5092, #5799, #1282, .T. ) ;
#5410 = EDGE_CURVE ( 'NONE', #2552, #4345, #6785, .T. ) ;
#5411 = LINE ( 'NONE', #6120, #8568 ) ;
#5412 = ORIENTED_EDGE ( 'NONE', *, *, #1337, .F. ) ;
#5413 = ORIENTED_EDGE ( 'NONE', *, *, #7302, .T. ) ;
#5414 = ORIENTED_EDGE ( 'NONE', *, *, #374, .F. ) ;
#5415 = LINE ( 'NONE', #6124, #2335 ) ;
#5416 = CARTESIAN_POINT ( 'NONE',  ( 34.06345264191645583, -1.000369342984370968, -0.4000000000000000222 ) ) ;
#5417 = LINE ( 'NONE', #1421, #5139 ) ;
#5418 = EDGE_CURVE ( 'NONE', #3897, #6045, #7941, .T. ) ;
#5419 = CARTESIAN_POINT ( 'NONE',  ( -24.24913778650727636, -2.499999999999980904, -0.4000000000000000222 ) ) ;
#5420 = VECTOR ( 'NONE', #1549, 1000.000000000000000 ) ;
#5421 = ORIENTED_EDGE ( 'NONE', *, *, #7706, .T. ) ;
#5422 = VERTEX_POINT ( 'NONE', #5407 ) ;
#5423 = EDGE_CURVE ( 'NONE', #7797, #1283, #6612, .T. ) ;
#5424 = VERTEX_POINT ( 'NONE', #7395 ) ;
#5425 = DIRECTION ( 'NONE',  ( 0.000000000000000000, 0.000000000000000000, -1.000000000000000000 ) ) ;
#5426 = CARTESIAN_POINT ( 'NONE',  ( 24.24913778650724439, 2.500000000000024869, -0.4000000000000000222 ) ) ;
#5427 = DIRECTION ( 'NONE',  ( -0.7071067811865487940, -0.7071067811865463515, 0.000000000000000000 ) ) ;
#5428 = CARTESIAN_POINT ( 'NONE',  ( 39.15358810771930820, 48.99999999999997868, 0.9109956172423149257 ) ) ;
#5429 = VERTEX_POINT ( 'NONE', #8691 ) ;
#5430 = VECTOR ( 'NONE', #7777, 1000.000000000000000 ) ;
#5431 = CARTESIAN_POINT ( 'NONE',  ( -27.71238644055909006, -39.99999999999993605, -0.4000000000000000222 ) ) ;
#5432 = CARTESIAN_POINT ( 'NONE',  ( 30.88845264191646223, 36.49963065701545872, -0.4000000000000000222 ) ) ;
#5433 = ADVANCED_FACE ( 'NONE', ( #1327 ), #1371, .T. ) ;
#5434 = VECTOR ( 'NONE', #355, 999.9999999999998863 ) ;
#5435 = FACE_OUTER_BOUND ( 'NONE', #264, .T. ) ;
#5436 = ORIENTED_EDGE ( 'NONE', *, *, #5550, .F. ) ;
#5437 = LINE ( 'NONE', #8614, #2279 ) ;
#5438 = LINE ( 'NONE', #573, #4083 ) ;
#5439 = DIRECTION ( 'NONE',  ( 0.4999999999999968359, 0.8660254037844404840, 0.000000000000000000 ) ) ;
#5440 = AXIS2_PLACEMENT_3D ( 'NONE', #7014, #6347, #1785 ) ;
#5441 = LINE ( 'NONE', #2067, #7986 ) ;
#5442 = EDGE_CURVE ( 'NONE', #22, #5992, #584, .T. ) ;
#5443 = FACE_OUTER_BOUND ( 'NONE', #7621, .T. ) ;
#5444 = EDGE_CURVE ( 'NONE', #5429, #4899, #5995, .T. ) ;
#5445 = DIRECTION ( 'NONE',  ( -0.7071067811865519026, 8.659560562354987092E-17, 0.7071067811865431318 ) ) ;
#5446 = LINE ( 'NONE', #5316, #1296 ) ;
#5447 = ORIENTED_EDGE ( 'NONE', *, *, #8717, .T. ) ;
#5448 = VECTOR ( 'NONE', #759, 1000.000000000000000 ) ;
#5449 = DIRECTION ( 'NONE',  ( 0.8660254037844369313, 0.5000000000000029976, 0.000000000000000000 ) ) ;
#5450 = ORIENTED_EDGE ( 'NONE', *, *, #6454, .F. ) ;
#5451 = LINE ( 'NONE', #1116, #5091 ) ;
#5452 = DIRECTION ( 'NONE',  ( -0.000000000000000000, -0.000000000000000000, 1.000000000000000000 ) ) ;
#5453 = DIRECTION ( 'NONE',  ( -1.000000000000000000, 0.000000000000000000, 0.000000000000000000 ) ) ;
#5454 = ORIENTED_EDGE ( 'NONE', *, *, #3527, .T. ) ;
#5455 = AXIS2_PLACEMENT_3D ( 'NONE', #3905, #1203, #502 ) ;
#5456 = DIRECTION ( 'NONE',  ( 0.8660254037844404840, -0.4999999999999968359, 0.000000000000000000 ) ) ;
#5457 = ORIENTED_EDGE ( 'NONE', *, *, #5747, .T. ) ;
#5458 = VERTEX_POINT ( 'NONE', #628 ) ;
#5459 = LINE ( 'NONE', #8164, #3048 ) ;
#5460 = VECTOR ( 'NONE', #1117, 1000.000000000000000 ) ;
#5461 = ADVANCED_FACE ( 'NONE', ( #3322 ), #6030, .T. ) ;
#5462 = DIRECTION ( 'NONE',  ( 0.8660254037844369313, 0.5000000000000029976, 0.000000000000000000 ) ) ;
#5463 = EDGE_CURVE ( 'NONE', #342, #5666, #259, .T. ) ;
#5464 = CARTESIAN_POINT ( 'NONE',  ( -16.31057158514992267, 41.24999999999985789, -0.4000000000000000222 ) ) ;
#5465 = ADVANCED_FACE ( 'NONE', ( #4835 ), #6867, .T. ) ;
#5466 = DIRECTION ( 'NONE',  ( 0.7071067811865487940, 0.7071067811865463515, 0.000000000000000000 ) ) ;
#5467 = ORIENTED_EDGE ( 'NONE', *, *, #3719, .F. ) ;
#5468 = EDGE_LOOP ( 'NONE', ( #1901, #6574, #809, #4202 ) ) ;
#5469 = ORIENTED_EDGE ( 'NONE', *, *, #6797, .F. ) ;
#5470 = CARTESIAN_POINT ( 'NONE',  ( 24.39326211353316864, 40.24963065701545162, 0.4000000000000000222 ) ) ;
#5471 = VECTOR ( 'NONE', #4911, 1000.000000000000000 ) ;
#5472 = CARTESIAN_POINT ( 'NONE',  ( 3.320190528383275108, 3.749999999999982681, -0.4000000000000000222 ) ) ;
#5473 = CARTESIAN_POINT ( 'NONE',  ( 34.06345264191648425, -13.99963065701552445, -0.4000000000000000222 ) ) ;
#5474 = EDGE_CURVE ( 'NONE', #4101, #2617, #8243, .T. ) ;
#5475 = VECTOR ( 'NONE', #1786, 1000.000000000000114 ) ;
#5476 = FACE_OUTER_BOUND ( 'NONE', #7989, .T. ) ;
#5477 = VERTEX_POINT ( 'NONE', #3537 ) ;
#5478 = VECTOR ( 'NONE', #5524, 1000.000000000000000 ) ;
#5479 = VECTOR ( 'NONE', #5984, 999.9999999999998863 ) ;
#5480 = CARTESIAN_POINT ( 'NONE',  ( -21.07307158514992906, -1.000369342984391841, 0.4000000000000000222 ) ) ;
#5481 = PLANE ( 'NONE',  #4336 ) ;
#5482 = VERTEX_POINT ( 'NONE', #4959 ) ;
#5483 = CARTESIAN_POINT ( 'NONE',  ( 34.06345264191648425, -13.99963065701552445, -0.4000000000000000222 ) ) ;
#5484 = EDGE_LOOP ( 'NONE', ( #6035, #8379, #3717, #5515 ) ) ;
#5485 = CYLINDRICAL_SURFACE ( 'NONE', #7552, 1.599999999999997202 ) ;
#5486 = LINE ( 'NONE', #4238, #7126 ) ;
#5487 = PLANE ( 'NONE',  #6634 ) ;
#5488 = CARTESIAN_POINT ( 'NONE',  ( -37.50000000000000000, 27.50000000000002487, -0.4000000000000000222 ) ) ;
#5489 = EDGE_CURVE ( 'NONE', #5120, #7178, #6912, .T. ) ;
#5490 = LINE ( 'NONE', #7475, #2563 ) ;
#5491 = EDGE_CURVE ( 'NONE', #5105, #6562, #8157, .T. ) ;
#5492 = CARTESIAN_POINT ( 'NONE',  ( 33.56435935394490144, -45.79999999999999005, 2.000000000000000000 ) ) ;
#5493 = LINE ( 'NONE', #1446, #1118 ) ;
#5494 = ORIENTED_EDGE ( 'NONE', *, *, #6994, .T. ) ;
#5495 = DIRECTION ( 'NONE',  ( -0.7071067811865519026, 8.659560562354987092E-17, 0.7071067811865431318 ) ) ;
#5496 = PLANE ( 'NONE',  #2374 ) ;
#5497 = EDGE_CURVE ( 'NONE', #8619, #1954, #2123, .T. ) ;
#5498 = CARTESIAN_POINT ( 'NONE',  ( -17.89807158514989638, -43.99963065701541609, -0.4000000000000000222 ) ) ;
#5499 = ADVANCED_FACE ( 'NONE', ( #6827 ), #2166, .F. ) ;
#5500 = DIRECTION ( 'NONE',  ( -1.000000000000000000, 0.000000000000000000, 0.000000000000000000 ) ) ;
#5501 = VECTOR ( 'NONE', #6238, 999.9999999999998863 ) ;
#5502 = ORIENTED_EDGE ( 'NONE', *, *, #8206, .T. ) ;
#5503 = VECTOR ( 'NONE', #1187, 1000.000000000000114 ) ;
#5504 = CARTESIAN_POINT ( 'NONE',  ( 17.89807158514986085, 43.99963065701542320, -0.4000000000000000222 ) ) ;
#5505 = ORIENTED_EDGE ( 'NONE', *, *, #4158, .F. ) ;
#5506 = VERTEX_POINT ( 'NONE', #2916 ) ;
#5507 = EDGE_LOOP ( 'NONE', ( #4543, #1629, #3769, #5048 ) ) ;
#5508 = CARTESIAN_POINT ( 'NONE',  ( -37.40334356336499155, -48.99999999999999289, 1.016597612054456423 ) ) ;
#5509 = LINE ( 'NONE', #3374, #3762 ) ;
#5510 = VECTOR ( 'NONE', #4512, 1000.000000000000000 ) ;
#5511 = DIRECTION ( 'NONE',  ( -0.4999999999999965583, -0.8660254037844407060, -0.000000000000000000 ) ) ;
#5512 = CARTESIAN_POINT ( 'NONE',  ( 30.88845264191646223, 36.49963065701545872, -0.4000000000000000222 ) ) ;
#5513 = AXIS2_PLACEMENT_3D ( 'NONE', #8058, #4599, #8758 ) ;
#5514 = ORIENTED_EDGE ( 'NONE', *, *, #5669, .T. ) ;
#5515 = ORIENTED_EDGE ( 'NONE', *, *, #1884, .F. ) ;
#5516 = ORIENTED_EDGE ( 'NONE', *, *, #3607, .F. ) ;
#5517 = DIRECTION ( 'NONE',  ( -0.8660254037844407060, 0.4999999999999965028, 0.000000000000000000 ) ) ;
#5518 = CARTESIAN_POINT ( 'NONE',  ( -29.30095264191651694, 33.74999999999989342, -0.4000000000000000222 ) ) ;
#5519 = CARTESIAN_POINT ( 'NONE',  ( -21.07307158514989709, -43.99963065701543030, -0.4000000000000000222 ) ) ;
#5520 = CARTESIAN_POINT ( 'NONE',  ( -34.06345264191652689, -1.000369342984398724, -0.4000000000000000222 ) ) ;
#5521 = AXIS2_PLACEMENT_3D ( 'NONE', #6402, #1924, #2009 ) ;
#5522 = EDGE_LOOP ( 'NONE', ( #3732, #5589, #4308, #8285 ) ) ;
#5523 = DIRECTION ( 'NONE',  ( -1.000000000000000000, 0.000000000000000000, 0.000000000000000000 ) ) ;
#5524 = DIRECTION ( 'NONE',  ( 0.000000000000000000, 1.000000000000000000, 0.000000000000000000 ) ) ;
#5525 = ORIENTED_EDGE ( 'NONE', *, *, #7245, .T. ) ;
#5526 = LINE ( 'NONE', #5483, #699 ) ;
#5527 = ORIENTED_EDGE ( 'NONE', *, *, #2608, .T. ) ;
#5528 = PLANE ( 'NONE',  #6418 ) ;
#5529 = CARTESIAN_POINT ( 'NONE',  ( -25.00000000000000000, 39.99999999999999289, -0.4000000000000000222 ) ) ;
#5530 = CARTESIAN_POINT ( 'NONE',  ( -41.30000000000001847, 46.07111605174266344, 1.119055016130100944 ) ) ;
#5531 = VECTOR ( 'NONE', #2643, 1000.000000000000000 ) ;
#5532 = APPLICATION_CONTEXT ( 'automotive_design' ) ;
#5533 = LINE ( 'NONE', #4068, #7590 ) ;
#5534 = ADVANCED_FACE ( 'NONE', ( #2788 ), #7571, .T. ) ;
#5535 = DIRECTION ( 'NONE',  ( -1.000000000000000000, -3.330669073875469621E-15, 0.000000000000000000 ) ) ;
#5536 = EDGE_CURVE ( 'NONE', #3096, #7267, #4207, .T. ) ;
#5537 = ORIENTED_EDGE ( 'NONE', *, *, #8090, .T. ) ;
#5538 = ORIENTED_EDGE ( 'NONE', *, *, #7539, .F. ) ;
#5539 = CARTESIAN_POINT ( 'NONE',  ( -30.88845264191652973, 36.49963065701547293, 0.4000000000000000222 ) ) ;
#5540 = EDGE_CURVE ( 'NONE', #4919, #6271, #6997, .T. ) ;
#5541 = DIRECTION ( 'NONE',  ( 0.4999999999999968359, 0.8660254037844404840, 0.000000000000000000 ) ) ;
#5542 = VECTOR ( 'NONE', #1941, 1000.000000000000114 ) ;
#5543 = EDGE_CURVE ( 'NONE', #7850, #4966, #5573, .T. ) ;
#5544 = CARTESIAN_POINT ( 'NONE',  ( -34.06345264191650557, 38.50036934298424285, -0.4000000000000000222 ) ) ;
#5545 = ORIENTED_EDGE ( 'NONE', *, *, #2960, .T. ) ;
#5546 = VECTOR ( 'NONE', #7349, 1000.000000000000114 ) ;
#5547 = CARTESIAN_POINT ( 'NONE',  ( -37.03701595496824694, 49.00000000000000711, 0.9077357247525238426 ) ) ;
#5548 = ORIENTED_EDGE ( 'NONE', *, *, #4812, .T. ) ;
#5549 = ORIENTED_EDGE ( 'NONE', *, *, #3343, .F. ) ;
#5550 = EDGE_CURVE ( 'NONE', #197, #3336, #4118, .T. ) ;
#5551 = ORIENTED_EDGE ( 'NONE', *, *, #5131, .T. ) ;
#5552 = EDGE_CURVE ( 'NONE', #6433, #2356, #8284, .T. ) ;
#5553 = DIRECTION ( 'NONE',  ( 1.000000000000000000, 3.663735981263016583E-15, 0.000000000000000000 ) ) ;
#5554 = FACE_BOUND ( 'NONE', #2391, .T. ) ;
#5555 = EDGE_CURVE ( 'NONE', #1818, #7450, #3449, .T. ) ;
#5556 = CARTESIAN_POINT ( 'NONE',  ( -29.15576211353322122, 0.000000000000000000, -0.4000000000000000222 ) ) ;
#5557 = VERTEX_POINT ( 'NONE', #6951 ) ;
#5558 = ORIENTED_EDGE ( 'NONE', *, *, #6002, .T. ) ;
#5559 = ORIENTED_EDGE ( 'NONE', *, *, #965, .T. ) ;
#5560 = CARTESIAN_POINT ( 'NONE',  ( 41.29999999999999716, -44.46031628377217260, 0.8054369933077186738 ) ) ;
#5561 = PLANE ( 'NONE',  #7981 ) ;
#5562 = DIRECTION ( 'NONE',  ( -0.5000000000000029976, 0.8660254037844369313, -0.000000000000000000 ) ) ;
#5563 = CARTESIAN_POINT ( 'NONE',  ( 17.89807158514986085, 43.99963065701542320, -0.4000000000000000222 ) ) ;
#5564 = VERTEX_POINT ( 'NONE', #5624 ) ;
#5565 = VECTOR ( 'NONE', #6083, 1000.000000000000000 ) ;
#5566 = CARTESIAN_POINT ( 'NONE',  ( -17.03225942163693318, 2.500000000000024869, 0.4000000000000000222 ) ) ;
#5567 = CARTESIAN_POINT ( 'NONE',  ( -28.00251171378232584, -5.502511713782296532, -0.4000000000000000222 ) ) ;
#5568 = ORIENTED_EDGE ( 'NONE', *, *, #6002, .F. ) ;
#5569 = CARTESIAN_POINT ( 'NONE',  ( -17.89807158514991059, 1.000369342984405829, 0.4000000000000000222 ) ) ;
#5570 = ORIENTED_EDGE ( 'NONE', *, *, #2128, .F. ) ;
#5571 = CARTESIAN_POINT ( 'NONE',  ( 21.07307158514989709, -43.99963065701540899, -0.4000000000000000222 ) ) ;
#5572 = PLANE ( 'NONE',  #8611 ) ;
#5573 = CIRCLE ( 'NONE', #2453, 3.149999999999999911 ) ;
#5574 = EDGE_CURVE ( 'NONE', #8259, #7632, #8202, .T. ) ;
#5575 = VECTOR ( 'NONE', #1473, 1000.000000000000000 ) ;
#5576 = EDGE_CURVE ( 'NONE', #4524, #8563, #1453, .T. ) ;
#5577 = DIRECTION ( 'NONE',  ( 0.4999999999999968359, 0.8660254037844404840, 0.000000000000000000 ) ) ;
#5578 = VECTOR ( 'NONE', #1861, 1000.000000000000000 ) ;
#5579 = CARTESIAN_POINT ( 'NONE',  ( 9.815381056766575796, -37.49999999999985789, -0.4000000000000000222 ) ) ;
#5580 = EDGE_CURVE ( 'NONE', #1367, #6573, #3494, .T. ) ;
#5581 = DIRECTION ( 'NONE',  ( -0.5000000000000029976, 0.8660254037844369313, 0.000000000000000000 ) ) ;
#5582 = ORIENTED_EDGE ( 'NONE', *, *, #598, .T. ) ;
#5583 = PRODUCT_DEFINITION_FORMATION_WITH_SPECIFIED_SOURCE ( 'ANY', '', #4561, .NOT_KNOWN. ) ;
#5584 = ORIENTED_EDGE ( 'NONE', *, *, #5977, .F. ) ;
#5585 = FACE_OUTER_BOUND ( 'NONE', #8299, .T. ) ;
#5586 = DIRECTION ( 'NONE',  ( -0.4999999999999965583, -0.8660254037844407060, -0.000000000000000000 ) ) ;
#5587 = DIRECTION ( 'NONE',  ( -0.000000000000000000, -0.000000000000000000, 1.000000000000000000 ) ) ;
#5588 = VERTEX_POINT ( 'NONE', #2831 ) ;
#5589 = ORIENTED_EDGE ( 'NONE', *, *, #5268, .F. ) ;
#5590 = ORIENTED_EDGE ( 'NONE', *, *, #519, .T. ) ;
#5591 = ORIENTED_EDGE ( 'NONE', *, *, #61, .T. ) ;
#5592 = CARTESIAN_POINT ( 'NONE',  ( 34.88565153255794371, -49.00000000000000000, 0.3999999999999999667 ) ) ;
#5593 = AXIS2_PLACEMENT_3D ( 'NONE', #5810, #8517, #2440 ) ;
#5594 = DIRECTION ( 'NONE',  ( 3.663735981263016583E-15, -1.000000000000000000, 0.000000000000000000 ) ) ;
#5595 = EDGE_CURVE ( 'NONE', #1366, #5010, #2957, .T. ) ;
#5596 = EDGE_CURVE ( 'NONE', #6173, #4099, #5750, .T. ) ;
#5597 = PLANE ( 'NONE',  #6157 ) ;
#5598 = ORIENTED_EDGE ( 'NONE', *, *, #5952, .T. ) ;
#5599 = VERTEX_POINT ( 'NONE', #4378 ) ;
#5600 = ORIENTED_EDGE ( 'NONE', *, *, #8677, .T. ) ;
#5601 = PLANE ( 'NONE',  #8479 ) ;
#5602 = CARTESIAN_POINT ( 'NONE',  ( 17.89807158514987506, -38.50036934298424285, 0.4000000000000000222 ) ) ;
#5603 = DIRECTION ( 'NONE',  ( 1.000000000000000000, 0.000000000000000000, 0.000000000000000000 ) ) ;
#5604 = EDGE_CURVE ( 'NONE', #8412, #7659, #3754, .T. ) ;
#5605 = DIRECTION ( 'NONE',  ( -0.4999999999999965583, -0.8660254037844407060, -0.000000000000000000 ) ) ;
#5606 = EDGE_LOOP ( 'NONE', ( #538, #181, #12, #5716 ) ) ;
#5607 = PLANE ( 'NONE',  #2989 ) ;
#5608 = VECTOR ( 'NONE', #6050, 1000.000000000000000 ) ;
#5609 = LINE ( 'NONE', #7601, #6589 ) ;
#5610 = VERTEX_POINT ( 'NONE', #3847 ) ;
#5611 = LINE ( 'NONE', #2148, #6352 ) ;
#5612 = ORIENTED_EDGE ( 'NONE', *, *, #4887, .F. ) ;
#5613 = CARTESIAN_POINT ( 'NONE',  ( 36.50000000000000711, -45.79999999999999005, 0.4000000000000000222 ) ) ;
#5614 = VECTOR ( 'NONE', #5629, 999.9999999999998863 ) ;
#5615 = FACE_OUTER_BOUND ( 'NONE', #3005, .T. ) ;
#5616 = CIRCLE ( 'NONE', #6614, 3.149999999999999911 ) ;
#5617 = DIRECTION ( 'NONE',  ( 0.5000000000000031086, -0.8660254037844368202, 0.000000000000000000 ) ) ;
#5618 = LINE ( 'NONE', #7476, #7726 ) ;
#5619 = PLANE ( 'NONE',  #6787 ) ;
#5620 = VERTEX_POINT ( 'NONE', #4998 ) ;
#5621 = ORIENTED_EDGE ( 'NONE', *, *, #3083, .T. ) ;
#5622 = CARTESIAN_POINT ( 'NONE',  ( 34.92926480542951140, -39.99999999999993605, 0.4000000000000000222 ) ) ;
#5623 = CARTESIAN_POINT ( 'NONE',  ( -35.65095264191651836, 41.24999999999982947, -0.4000000000000000222 ) ) ;
#5624 = CARTESIAN_POINT ( 'NONE',  ( -14.72200538379249402, -39.99999999999993605, -0.4000000000000000222 ) ) ;
#5625 = ORIENTED_EDGE ( 'NONE', *, *, #972, .F. ) ;
#5626 = ORIENTED_EDGE ( 'NONE', *, *, #5954, .F. ) ;
#5627 = VERTEX_POINT ( 'NONE', #6371 ) ;
#5628 = ORIENTED_EDGE ( 'NONE', *, *, #3834, .T. ) ;
#5629 = DIRECTION ( 'NONE',  ( 0.5000000000000032196, -0.8660254037844368202, 0.000000000000000000 ) ) ;
#5630 = FACE_BOUND ( 'NONE', #1977, .T. ) ;
#5631 = EDGE_LOOP ( 'NONE', ( #8122, #7866, #2014, #8601, #4749, #352 ) ) ;
#5632 = LINE ( 'NONE', #8378, #5881 ) ;
#5633 = ORIENTED_EDGE ( 'NONE', *, *, #241, .F. ) ;
#5634 = VERTEX_POINT ( 'NONE', #5135 ) ;
#5635 = VERTEX_POINT ( 'NONE', #8499 ) ;
#5636 = CARTESIAN_POINT ( 'NONE',  ( -14.57788105676663015, 40.24963065701543741, 0.4000000000000000222 ) ) ;
#5637 = DIRECTION ( 'NONE',  ( 0.4999999999999968359, 0.8660254037844404840, 0.000000000000000000 ) ) ;
#5638 = VECTOR ( 'NONE', #7036, 1000.000000000000000 ) ;
#5639 = DIRECTION ( 'NONE',  ( 1.000000000000000000, 3.663735981263016583E-15, 0.000000000000000000 ) ) ;
#5640 = EDGE_CURVE ( 'NONE', #5671, #735, #2376, .T. ) ;
#5641 = DIRECTION ( 'NONE',  ( -0.5000000000000029976, 0.8660254037844369313, -0.000000000000000000 ) ) ;
#5642 = CARTESIAN_POINT ( 'NONE',  ( 21.07307158514988288, 1.000369342984412713, 0.4000000000000000222 ) ) ;
#5643 = ORIENTED_EDGE ( 'NONE', *, *, #3743, .T. ) ;
#5644 = COLOUR_RGB ( '',0.7921568627450980005, 0.8196078431372548767, 0.9333333333333333481 ) ;
#5645 = LINE ( 'NONE', #2358, #3841 ) ;
#5646 = LINE ( 'NONE', #7773, #7027 ) ;
#5647 = ORIENTED_EDGE ( 'NONE', *, *, #1563, .T. ) ;
#5648 = DIRECTION ( 'NONE',  ( -0.000000000000000000, -0.000000000000000000, 1.000000000000000000 ) ) ;
#5649 = ORIENTED_EDGE ( 'NONE', *, *, #5229, .T. ) ;
#5650 = FACE_OUTER_BOUND ( 'NONE', #1331, .T. ) ;
#5651 = CARTESIAN_POINT ( 'NONE',  ( 4.907690528383273687, -38.50036934298424995, 0.4000000000000000222 ) ) ;
#5652 = VECTOR ( 'NONE', #317, 1000.000000000000114 ) ;
#5653 = LINE ( 'NONE', #2990, #5672 ) ;
#5654 = ADVANCED_FACE ( 'NONE', ( #8455 ), #4469, .T. ) ;
#5655 = PLANE ( 'NONE',  #2635 ) ;
#5656 = CARTESIAN_POINT ( 'NONE',  ( -35.65095264191651836, 41.24999999999982947, -0.4000000000000000222 ) ) ;
#5657 = ORIENTED_EDGE ( 'NONE', *, *, #3814, .F. ) ;
#5658 = FACE_OUTER_BOUND ( 'NONE', #2531, .T. ) ;
#5659 = LINE ( 'NONE', #3492, #8325 ) ;
#5660 = LINE ( 'NONE', #8321, #7597 ) ;
#5661 = VECTOR ( 'NONE', #5393, 1000.000000000000114 ) ;
#5662 = CARTESIAN_POINT ( 'NONE',  ( -41.30000000000001847, -46.87638141612937659, 0.9029412900520451535 ) ) ;
#5663 = DIRECTION ( 'NONE',  ( -1.000000000000000000, 0.000000000000000000, 0.000000000000000000 ) ) ;
#5664 = EDGE_LOOP ( 'NONE', ( #2075, #1138, #7922, #3882, #6811, #2039, #3004, #5502, #7665, #8076 ) ) ;
#5665 = VERTEX_POINT ( 'NONE', #8549 ) ;
#5666 = VERTEX_POINT ( 'NONE', #7791 ) ;
#5667 = VERTEX_POINT ( 'NONE', #5844 ) ;
#5668 = DIRECTION ( 'NONE',  ( -3.330669073875469621E-15, 1.000000000000000000, 0.000000000000000000 ) ) ;
#5669 = EDGE_CURVE ( 'NONE', #1973, #5635, #7743, .T. ) ;
#5670 = CARTESIAN_POINT ( 'NONE',  ( -8.082690528383299267, -43.99963065701543030, -0.4000000000000000222 ) ) ;
#5671 = VERTEX_POINT ( 'NONE', #6513 ) ;
#5672 = VECTOR ( 'NONE', #997, 1000.000000000000000 ) ;
#5673 = EDGE_CURVE ( 'NONE', #1110, #1036, #7702, .T. ) ;
#5674 = CARTESIAN_POINT ( 'NONE',  ( -17.89807158514991059, 1.000369342984405829, -0.4000000000000000222 ) ) ;
#5675 = EDGE_CURVE ( 'NONE', #128, #1001, #1674, .T. ) ;
#5676 = ORIENTED_EDGE ( 'NONE', *, *, #3083, .F. ) ;
#5677 = ORIENTED_EDGE ( 'NONE', *, *, #7315, .T. ) ;
#5678 = AXIS2_PLACEMENT_3D ( 'NONE', #1435, #2103, #4815 ) ;
#5679 = VERTEX_POINT ( 'NONE', #8368 ) ;
#5680 = LINE ( 'NONE', #2223, #7211 ) ;
#5681 = CARTESIAN_POINT ( 'NONE',  ( -37.49999999999998579, -39.99999999999993605, -0.4000000000000000222 ) ) ;
#5682 = DIRECTION ( 'NONE',  ( 1.000000000000000000, 0.000000000000000000, 0.000000000000000000 ) ) ;
#5683 = LINE ( 'NONE', #4271, #7876 ) ;
#5684 = LINE ( 'NONE', #3557, #6698 ) ;
#5685 = EDGE_CURVE ( 'NONE', #6390, #1056, #1145, .T. ) ;
#5686 = VERTEX_POINT ( 'NONE', #2290 ) ;
#5687 = CARTESIAN_POINT ( 'NONE',  ( 34.06345264191645583, 36.49963065701547293, 0.4000000000000000222 ) ) ;
#5688 = ADVANCED_FACE ( 'NONE', ( #396 ), #3138, .F. ) ;
#5689 = CARTESIAN_POINT ( 'NONE',  ( 24.39326211353318996, -40.24963065701543741, -0.4000000000000000222 ) ) ;
#5690 = EDGE_LOOP ( 'NONE', ( #1724, #5189, #935, #7798, #6998, #8341 ) ) ;
#5691 = CARTESIAN_POINT ( 'NONE',  ( 22.80576211353317717, 0.000000000000000000, -0.4000000000000000222 ) ) ;
#5692 = LINE ( 'NONE', #1085, #4296 ) ;
#5693 = CARTESIAN_POINT ( 'NONE',  ( -1.731624327025954146, -2.499999999999980904, 0.4000000000000000222 ) ) ;
#5694 = LINE ( 'NONE', #3695, #2981 ) ;
#5695 = AXIS2_PLACEMENT_3D ( 'NONE', #4776, #3680, #2263 ) ;
#5696 = EDGE_CURVE ( 'NONE', #5408, #2221, #1628, .T. ) ;
#5697 = CARTESIAN_POINT ( 'NONE',  ( 21.07307158514989709, -43.99963065701540899, -0.4000000000000000222 ) ) ;
#5698 = CARTESIAN_POINT ( 'NONE',  ( -37.83757069948897112, 49.00000000000000711, 1.120445397930548648 ) ) ;
#5699 = CARTESIAN_POINT ( 'NONE',  ( 34.06345264191648425, -43.99963065701540188, 0.4000000000000000222 ) ) ;
#5700 = ORIENTED_EDGE ( 'NONE', *, *, #3611, .F. ) ;
#5701 = VECTOR ( 'NONE', #2494, 1000.000000000000114 ) ;
#5702 = DIRECTION ( 'NONE',  ( -1.000000000000000000, -3.330669073875469621E-15, -0.000000000000000000 ) ) ;
#5703 = CARTESIAN_POINT ( 'NONE',  ( -30.88845264191652973, 43.99963065701543741, -0.4000000000000000222 ) ) ;
#5704 = CARTESIAN_POINT ( 'NONE',  ( -37.80747234535106571, -48.99999999999999289, 1.102754021319733102 ) ) ;
#5705 = VECTOR ( 'NONE', #2849, 1000.000000000000114 ) ;
#5706 = DIRECTION ( 'NONE',  ( 0.4999999999999968359, 0.8660254037844404840, 0.000000000000000000 ) ) ;
#5707 = EDGE_CURVE ( 'NONE', #7604, #3069, #964, .T. ) ;
#5708 = CARTESIAN_POINT ( 'NONE',  ( 8.948502691896258909, 2.500000000000024869, -0.4000000000000000222 ) ) ;
#5709 = ORIENTED_EDGE ( 'NONE', *, *, #2539, .T. ) ;
#5710 = VERTEX_POINT ( 'NONE', #7886 ) ;
#5711 = ORIENTED_EDGE ( 'NONE', *, *, #8242, .T. ) ;
#5712 = VERTEX_POINT ( 'NONE', #3664 ) ;
#5713 = CARTESIAN_POINT ( 'NONE',  ( 17.89807158514986085, -1.000369342984391841, 0.4000000000000000222 ) ) ;
#5714 = LINE ( 'NONE', #1726, #5292 ) ;
#5715 = FACE_BOUND ( 'NONE', #7229, .T. ) ;
#5716 = ORIENTED_EDGE ( 'NONE', *, *, #6680, .F. ) ;
#5717 = CARTESIAN_POINT ( 'NONE',  ( -24.24913778650727636, -2.499999999999980460, -0.4000000000000000222 ) ) ;
#5718 = EDGE_LOOP ( 'NONE', ( #6715, #3420, #803, #2846 ) ) ;
#5719 = ORIENTED_EDGE ( 'NONE', *, *, #4503, .F. ) ;
#5720 = ORIENTED_EDGE ( 'NONE', *, *, #4189, .T. ) ;
#5721 = DIRECTION ( 'NONE',  ( 0.8660254037844369313, 0.5000000000000029976, 0.000000000000000000 ) ) ;
#5722 = DIRECTION ( 'NONE',  ( 0.5000000000000031086, -0.8660254037844368202, 0.000000000000000000 ) ) ;
#5723 = VECTOR ( 'NONE', #5466, 1000.000000000000000 ) ;
#5724 = CARTESIAN_POINT ( 'NONE',  ( -37.50000000000000000, 2.500000000000024869, 0.6000000000000000888 ) ) ;
#5725 = EDGE_CURVE ( 'NONE', #4741, #6628, #5089, .T. ) ;
#5726 = DIRECTION ( 'NONE',  ( 1.000000000000000000, 3.663735981263016583E-15, 0.000000000000000000 ) ) ;
#5727 = CARTESIAN_POINT ( 'NONE',  ( -14.72200538379249402, -39.99999999999993605, 0.4000000000000000222 ) ) ;
#5728 = EDGE_CURVE ( 'NONE', #5253, #1104, #5795, .T. ) ;
#5729 = ORIENTED_EDGE ( 'NONE', *, *, #4570, .T. ) ;
#5730 = AXIS2_PLACEMENT_3D ( 'NONE', #5347, #8057, #7251 ) ;
#5731 = CARTESIAN_POINT ( 'NONE',  ( -34.72017888980212774, 42.86214742901348984, 0.4000000000000000222 ) ) ;
#5732 = ORIENTED_EDGE ( 'NONE', *, *, #8246, .F. ) ;
#5733 = ORIENTED_EDGE ( 'NONE', *, *, #8550, .F. ) ;
#5734 = DIRECTION ( 'NONE',  ( -0.8660254037844407060, 0.4999999999999965028, 0.000000000000000000 ) ) ;
#5735 = DIRECTION ( 'NONE',  ( -3.330669073875469621E-15, 1.000000000000000000, 0.000000000000000000 ) ) ;
#5736 = CARTESIAN_POINT ( 'NONE',  ( -29.30095264191651694, 41.24999999999985789, -0.4000000000000000222 ) ) ;
#5737 = VECTOR ( 'NONE', #4443, 1000.000000000000000 ) ;
#5738 = DIRECTION ( 'NONE',  ( 0.4999999999999968359, 0.8660254037844404840, 0.000000000000000000 ) ) ;
#5739 = EDGE_CURVE ( 'NONE', #5244, #118, #348, .T. ) ;
#5740 = CARTESIAN_POINT ( 'NONE',  ( 29.30095264191647075, 41.24999999999982947, -0.4000000000000000222 ) ) ;
#5741 = CARTESIAN_POINT ( 'NONE',  ( -39.44072068727018632, 49.00000000000000000, 0.8051115478267649728 ) ) ;
#5742 = CARTESIAN_POINT ( 'NONE',  ( -24.24913778650736162, 39.99999999999999289, -0.4000000000000000222 ) ) ;
#5743 = ORIENTED_EDGE ( 'NONE', *, *, #5111, .F. ) ;
#5744 = CARTESIAN_POINT ( 'NONE',  ( 22.80576211353317717, 0.000000000000000000, -0.4000000000000000222 ) ) ;
#5745 = CARTESIAN_POINT ( 'NONE',  ( 35.65095264191646862, -3.749999999999954703, -0.4000000000000000222 ) ) ;
#5746 = CARTESIAN_POINT ( 'NONE',  ( 8.948502691896313976, -39.99999999999993605, 0.4000000000000000222 ) ) ;
#5747 = EDGE_CURVE ( 'NONE', #6311, #6255, #2428, .T. ) ;
#5748 = EDGE_CURVE ( 'NONE', #8719, #6925, #2517, .T. ) ;
#5749 = DIRECTION ( 'NONE',  ( -0.5000000000000029976, 0.8660254037844369313, -0.000000000000000000 ) ) ;
#5750 = LINE ( 'NONE', #2333, #1709 ) ;
#5751 = VECTOR ( 'NONE', #1449, 1000.000000000000000 ) ;
#5752 = ORIENTED_EDGE ( 'NONE', *, *, #7026, .T. ) ;
#5753 = ORIENTED_EDGE ( 'NONE', *, *, #7800, .T. ) ;
#5754 = AXIS2_PLACEMENT_3D ( 'NONE', #7271, #2609, #8283 ) ;
#5755 = EDGE_CURVE ( 'NONE', #1103, #8576, #2647, .T. ) ;
#5756 = EDGE_CURVE ( 'NONE', #8560, #2870, #2559, .T. ) ;
#5757 = ORIENTED_EDGE ( 'NONE', *, *, #1500, .T. ) ;
#5758 = ORIENTED_EDGE ( 'NONE', *, *, #6142, .F. ) ;
#5759 = ORIENTED_EDGE ( 'NONE', *, *, #311, .T. ) ;
#5760 = CARTESIAN_POINT ( 'NONE',  ( 8.082690528383288608, 1.000369342984412713, 0.4000000000000000222 ) ) ;
#5761 = CARTESIAN_POINT ( 'NONE',  ( 39.18328237485489041, -49.00000000000001421, 0.9004708439157673716 ) ) ;
#5762 = VECTOR ( 'NONE', #7246, 1000.000000000000114 ) ;
#5763 = FACE_BOUND ( 'NONE', #4969, .T. ) ;
#5764 = EDGE_LOOP ( 'NONE', ( #7034, #5209, #7467, #3212 ) ) ;
#5765 = PLANE ( 'NONE',  #1201 ) ;
#5766 = VERTEX_POINT ( 'NONE', #5933 ) ;
#5767 = ORIENTED_EDGE ( 'NONE', *, *, #7373, .F. ) ;
#5768 = ORIENTED_EDGE ( 'NONE', *, *, #3185, .F. ) ;
#5769 = PLANE ( 'NONE',  #3666 ) ;
#5770 = DIRECTION ( 'NONE',  ( -3.330669073875469621E-15, 1.000000000000000000, 0.000000000000000000 ) ) ;
#5771 = LINE ( 'NONE', #8475, #1606 ) ;
#5772 = LINE ( 'NONE', #7814, #6747 ) ;
#5773 = PLANE ( 'NONE',  #8119 ) ;
#5774 = EDGE_LOOP ( 'NONE', ( #4757, #2640, #6262, #37 ) ) ;
#5775 = EDGE_CURVE ( 'NONE', #6828, #6978, #3313, .T. ) ;
#5776 = FACE_OUTER_BOUND ( 'NONE', #6651, .T. ) ;
#5777 = VECTOR ( 'NONE', #8521, 1000.000000000000000 ) ;
#5778 = CARTESIAN_POINT ( 'NONE',  ( 34.19480164366500929, 43.77212751246351274, 0.4061756055450777558 ) ) ;
#5779 = VERTEX_POINT ( 'NONE', #6064 ) ;
#5780 = ORIENTED_EDGE ( 'NONE', *, *, #4129, .T. ) ;
#5781 = CARTESIAN_POINT ( 'NONE',  ( -22.66057158514992409, 41.24999999999982947, -0.4000000000000000222 ) ) ;
#5782 = CARTESIAN_POINT ( 'NONE',  ( 24.24913778650724083, -2.499999999999980904, -0.4000000000000000222 ) ) ;
#5783 = CARTESIAN_POINT ( 'NONE',  ( 29.15576211353317859, 37.49999999999987921, -0.4000000000000000222 ) ) ;
#5784 = VECTOR ( 'NONE', #3129, 1000.000000000000000 ) ;
#5785 = CARTESIAN_POINT ( 'NONE',  ( 3.174999999999990496, 1.387778780781445676E-14, -0.4000000000000000222 ) ) ;
#5786 = LINE ( 'NONE', #6320, #3338 ) ;
#5787 = CARTESIAN_POINT ( 'NONE',  ( -39.18328237485489751, 49.00000000000000711, 0.9004708439157631528 ) ) ;
#5788 = FACE_OUTER_BOUND ( 'NONE', #5284, .T. ) ;
#5789 = ORIENTED_EDGE ( 'NONE', *, *, #1661, .T. ) ;
#5790 = AXIS2_PLACEMENT_3D ( 'NONE', #518, #7913, #1217 ) ;
#5791 = CARTESIAN_POINT ( 'NONE',  ( -22.80576211353321980, 2.775557561562891351E-14, 0.4000000000000000222 ) ) ;
#5792 = CARTESIAN_POINT ( 'NONE',  ( 41.29999999999999005, -46.86456600521875515, 0.9070787253975605147 ) ) ;
#5793 = LINE ( 'NONE', #7037, #7502 ) ;
#5794 = DIRECTION ( 'NONE',  ( -1.000000000000000000, -3.330669073875469621E-15, -0.000000000000000000 ) ) ;
#5795 = LINE ( 'NONE', #6421, #1993 ) ;
#5797 = ORIENTED_EDGE ( 'NONE', *, *, #4485, .F. ) ;
#5796 = EDGE_CURVE ( 'NONE', #4859, #5808, #5354, .T. ) ;
#5798 = VECTOR ( 'NONE', #7719, 1000.000000000000114 ) ;
#5799 = VERTEX_POINT ( 'NONE', #3228 ) ;
#5800 = EDGE_CURVE ( 'NONE', #6095, #1195, #4605, .T. ) ;
#5801 = ORIENTED_EDGE ( 'NONE', *, *, #5925, .F. ) ;
#5802 = ORIENTED_EDGE ( 'NONE', *, *, #483, .F. ) ;
#5803 = ORIENTED_EDGE ( 'NONE', *, *, #7583, .F. ) ;
#5804 = DIRECTION ( 'NONE',  ( -1.000000000000000000, 0.000000000000000000, 0.000000000000000000 ) ) ;
#5805 = EDGE_CURVE ( 'NONE', #2875, #8518, #5396, .T. ) ;
#5806 = DIRECTION ( 'NONE',  ( -1.000000000000000000, 0.000000000000000000, 0.000000000000000000 ) ) ;
#5807 = DIRECTION ( 'NONE',  ( -0.5000000000000029976, 0.8660254037844369313, -0.000000000000000000 ) ) ;
#5808 = VERTEX_POINT ( 'NONE', #5269 ) ;
#5809 = EDGE_CURVE ( 'NONE', #3336, #1058, #660, .T. ) ;
#5810 = CARTESIAN_POINT ( 'NONE',  ( -33.56435935394490144, 45.79999999999999005, 2.000000000000000000 ) ) ;
#5811 = EDGE_CURVE ( 'NONE', #116, #4708, #7976, .T. ) ;
#5812 = ORIENTED_EDGE ( 'NONE', *, *, #8726, .F. ) ;
#5813 = ORIENTED_EDGE ( 'NONE', *, *, #6373, .T. ) ;
#5814 = ORIENTED_EDGE ( 'NONE', *, *, #3734, .T. ) ;
#5815 = CARTESIAN_POINT ( 'NONE',  ( -9.815381056766620205, 2.081668171172168513E-14, 0.4000000000000000222 ) ) ;
#5816 = LINE ( 'NONE', #2400, #8513 ) ;
#5817 = DIRECTION ( 'NONE',  ( -1.000000000000000000, 0.000000000000000000, 0.000000000000000000 ) ) ;
#5818 = DIRECTION ( 'NONE',  ( 0.4999999999999968359, 0.8660254037844404840, 0.000000000000000000 ) ) ;
#5819 = VECTOR ( 'NONE', #3034, 1000.000000000000000 ) ;
#5820 = FACE_OUTER_BOUND ( 'NONE', #4932, .T. ) ;
#5821 = AXIS2_PLACEMENT_3D ( 'NONE', #5736, #7825, #7732 ) ;
#5822 = EDGE_LOOP ( 'NONE', ( #2291, #3812, #2199, #5115, #7200, #3822 ) ) ;
#5823 = VECTOR ( 'NONE', #862, 999.9999999999998863 ) ;
#5824 = CARTESIAN_POINT ( 'NONE',  ( -8.948502691896333516, -39.99999999999993605, 0.4000000000000000222 ) ) ;
#5825 = VECTOR ( 'NONE', #2108, 1000.000000000000000 ) ;
#5826 = AXIS2_PLACEMENT_3D ( 'NONE', #5343, #1972, #4682 ) ;
#5827 = CARTESIAN_POINT ( 'NONE',  ( -34.92926480542952561, -39.99999999999993605, -0.4000000000000000222 ) ) ;
#5828 = ORIENTED_EDGE ( 'NONE', *, *, #4896, .T. ) ;
#5829 = ORIENTED_EDGE ( 'NONE', *, *, #6084, .T. ) ;
#5830 = DIRECTION ( 'NONE',  ( -0.4999999999999965028, -0.8660254037844407060, 0.000000000000000000 ) ) ;
#5831 = DIRECTION ( 'NONE',  ( 3.663735981263016583E-15, -1.000000000000000000, 0.000000000000000000 ) ) ;
#5832 = CARTESIAN_POINT ( 'NONE',  ( -34.95000000000000284, -45.79999999999999005, 1.200000000000001954 ) ) ;
#5833 = CARTESIAN_POINT ( 'NONE',  ( -22.66057158514992409, 41.24999999999982947, -0.4000000000000000222 ) ) ;
#5834 = LINE ( 'NONE', #3082, #7019 ) ;
#5835 = CARTESIAN_POINT ( 'NONE',  ( -38.78979954651074280, 49.00000000000000000, 1.018477168745967942 ) ) ;
#5836 = SURFACE_STYLE_USAGE ( .BOTH. , #293 ) ;
#5837 = EDGE_LOOP ( 'NONE', ( #4725, #3318, #5177, #6479 ) ) ;
#5838 = LINE ( 'NONE', #8542, #8442 ) ;
#5839 = EDGE_CURVE ( 'NONE', #8080, #5712, #8019, .T. ) ;
#5840 = DIRECTION ( 'NONE',  ( 0.5000000000000031086, -0.8660254037844368202, 0.000000000000000000 ) ) ;
#5841 = CARTESIAN_POINT ( 'NONE',  ( -24.39326211353321128, -2.749630657015569746, -0.4000000000000000222 ) ) ;
#5842 = EDGE_CURVE ( 'NONE', #4803, #1200, #575, .T. ) ;
#5843 = CARTESIAN_POINT ( 'NONE',  ( -41.30000000000001847, -46.34841340826343270, 1.055436487949240165 ) ) ;
#5844 = CARTESIAN_POINT ( 'NONE',  ( -27.56826211353322975, -4.750369342984381404, 0.4000000000000000222 ) ) ;
#5845 = ADVANCED_FACE ( 'NONE', ( #3934 ), #1897, .T. ) ;
#5846 = VECTOR ( 'NONE', #7906, 1000.000000000000000 ) ;
#5848 = ORIENTED_EDGE ( 'NONE', *, *, #4446, .T. ) ;
#5847 = ORIENTED_EDGE ( 'NONE', *, *, #5707, .T. ) ;
#5849 = ORIENTED_EDGE ( 'NONE', *, *, #2304, .T. ) ;
#5850 = ORIENTED_EDGE ( 'NONE', *, *, #8679, .T. ) ;
#5851 = DIRECTION ( 'NONE',  ( 1.000000000000000000, 0.000000000000000000, 0.000000000000000000 ) ) ;
#5852 = ADVANCED_FACE ( 'NONE', ( #6733 ), #2414, .F. ) ;
#5853 = EDGE_CURVE ( 'NONE', #7612, #708, #7303, .T. ) ;
#5854 = CARTESIAN_POINT ( 'NONE',  ( -14.72200538379254908, 2.500000000000024869, -0.4000000000000000222 ) ) ;
#5855 = CIRCLE ( 'NONE', #8680, 4.535640646055099090 ) ;
#5856 = CARTESIAN_POINT ( 'NONE',  ( -38.10000000000000142, 45.79999999999999005, 0.3999999999999999667 ) ) ;
#5857 = ORIENTED_EDGE ( 'NONE', *, *, #308, .F. ) ;
#5858 = VECTOR ( 'NONE', #5123, 1000.000000000000000 ) ;
#5859 = CONICAL_SURFACE ( 'NONE', #1752, 3.149999999999999911, 0.7853981633974544962 ) ;
#5860 = CARTESIAN_POINT ( 'NONE',  ( -11.25875672974069985, 2.500000000000024869, -0.4000000000000000222 ) ) ;
#5861 = ORIENTED_EDGE ( 'NONE', *, *, #1660, .T. ) ;
#5862 = VERTEX_POINT ( 'NONE', #7932 ) ;
#5863 = ORIENTED_EDGE ( 'NONE', *, *, #519, .F. ) ;
#5864 = FACE_OUTER_BOUND ( 'NONE', #5009, .T. ) ;
#5865 = DIRECTION ( 'NONE',  ( 1.000000000000000000, 8.326672684688672081E-16, -0.000000000000000000 ) ) ;
#5866 = DIRECTION ( 'NONE',  ( 0.5000000000000032196, -0.8660254037844368202, 0.000000000000000000 ) ) ;
#5867 = PLANE ( 'NONE',  #4333 ) ;
#5868 = EDGE_CURVE ( 'NONE', #1547, #8259, #2688, .T. ) ;
#5869 = CARTESIAN_POINT ( 'NONE',  ( -37.49999999999998579, -39.99999999999993605, -0.4000000000000000222 ) ) ;
#5870 = EDGE_CURVE ( 'NONE', #7255, #6131, #6138, .T. ) ;
#5871 = ORIENTED_EDGE ( 'NONE', *, *, #780, .F. ) ;
#5872 = LINE ( 'NONE', #6581, #3982 ) ;
#5873 = DIRECTION ( 'NONE',  ( -1.000000000000000000, 0.000000000000000000, 0.000000000000000000 ) ) ;
#5874 = ORIENTED_EDGE ( 'NONE', *, *, #3798, .F. ) ;
#5875 = ADVANCED_FACE ( 'NONE', ( #166 ), #81, .T. ) ;
#5876 = ORIENTED_EDGE ( 'NONE', *, *, #3369, .T. ) ;
#5877 = CARTESIAN_POINT ( 'NONE',  ( -24.39326211353319707, -40.24963065701543741, -0.4000000000000000222 ) ) ;
#5878 = ADVANCED_FACE ( 'NONE', ( #6904 ), #6246, .F. ) ;
#5879 = LINE ( 'NONE', #2318, #5858 ) ;
#5880 = LINE ( 'NONE', #1178, #4695 ) ;
#5881 = VECTOR ( 'NONE', #7669, 1000.000000000000000 ) ;
#5882 = CARTESIAN_POINT ( 'NONE',  ( 34.06345264191645583, 43.99963065701543741, -0.4000000000000000222 ) ) ;
#5883 = DIRECTION ( 'NONE',  ( 0.8660254037844404840, -0.4999999999999968359, 0.000000000000000000 ) ) ;
#5884 = DIRECTION ( 'NONE',  ( 2.775557561562890365E-16, -1.000000000000000000, 0.000000000000000000 ) ) ;
#5885 = VERTEX_POINT ( 'NONE', #8315 ) ;
#5886 = CARTESIAN_POINT ( 'NONE',  ( 14.72200538379246382, -39.99999999999993605, 0.4000000000000000222 ) ) ;
#5887 = VERTEX_POINT ( 'NONE', #2196 ) ;
#5888 = LINE ( 'NONE', #3225, #6836 ) ;
#5889 = DIRECTION ( 'NONE',  ( 0.000000000000000000, 0.000000000000000000, -1.000000000000000000 ) ) ;
#5890 = CARTESIAN_POINT ( 'NONE',  ( -41.30000000000001137, -49.00000000000000000, 0.4000322408422328224 ) ) ;
#5891 = CARTESIAN_POINT ( 'NONE',  ( 41.29999999999999005, 49.00000000000000000, 0.4000322408422330445 ) ) ;
#5892 = CARTESIAN_POINT ( 'NONE',  ( -41.30000000000001137, 44.46031628377219391, 0.8054369933077034638 ) ) ;
#5893 = ORIENTED_EDGE ( 'NONE', *, *, #6454, .T. ) ;
#5895 = ORIENTED_EDGE ( 'NONE', *, *, #7435, .T. ) ;
#5894 = ORIENTED_EDGE ( 'NONE', *, *, #206, .T. ) ;
#5896 = VECTOR ( 'NONE', #4138, 999.9999999999998863 ) ;
#5897 = ORIENTED_EDGE ( 'NONE', *, *, #3999, .F. ) ;
#5898 = VERTEX_POINT ( 'NONE', #1444 ) ;
#5899 = DIRECTION ( 'NONE',  ( -0.5000000000000029976, 0.8660254037844369313, -0.000000000000000000 ) ) ;
#5900 = AXIS2_PLACEMENT_3D ( 'NONE', #2448, #5912, #7282 ) ;
#5901 = FACE_BOUND ( 'NONE', #794, .T. ) ;
#5902 = ORIENTED_EDGE ( 'NONE', *, *, #6673, .F. ) ;
#5903 = AXIS2_PLACEMENT_3D ( 'NONE', #26, #7555, #2729 ) ;
#5904 = VECTOR ( 'NONE', #3448, 1000.000000000000000 ) ;
#5905 = PLANE ( 'NONE',  #3184 ) ;
#5906 = ORIENTED_EDGE ( 'NONE', *, *, #2377, .T. ) ;
#5907 = VERTEX_POINT ( 'NONE', #830 ) ;
#5908 = ORIENTED_EDGE ( 'NONE', *, *, #6871, .T. ) ;
#5909 = CARTESIAN_POINT ( 'NONE',  ( 38.10000000000000142, -45.79999999999999005, 0.4000000000000000222 ) ) ;
#5910 = DIRECTION ( 'NONE',  ( -1.000000000000000000, -3.330669073875469621E-15, -0.000000000000000000 ) ) ;
#5911 = DIRECTION ( 'NONE',  ( 0.000000000000000000, 0.000000000000000000, 1.000000000000000000 ) ) ;
#5912 = DIRECTION ( 'NONE',  ( -0.8660254037844407060, 0.4999999999999965028, 0.000000000000000000 ) ) ;
#5913 = LINE ( 'NONE', #3730, #5701 ) ;
#5914 = PLANE ( 'NONE',  #4696 ) ;
#5915 = EDGE_LOOP ( 'NONE', ( #6481, #3110, #7762, #8031, #3967, #6746, #1605, #363, #3613, #536, #2458, #709, #8554, #1485, #3783, #470, #5046, #5514, #7533, #8231, #4472, #7336, #4056, #1679, #5813, #2200, #7185, #7168, #3736, #3390, #7558, #5945, #7937, #2880, #7219, #8514, #7945, #6544, #6830, #6792, #1904, #3197, #104, #4295, #8493, #442, #1215, #7053, #2792, #1238, #6036, #130, #8380, #6980, #6201, #6377, #7096, #3904, #3854, #6473, #2409, #8009, #7853, #897, #8238, #2500, #332, #8215, #1407, #3119, #7747, #3801, #2979, #5598, #5234, #6401, #2742, #7400, #867, #8457, #7144, #6524, #6147, #5720, #1102, #2901, #4709, #6053, #3076, #2523, #3427, #8327, #2704, #2179, #1995, #5894, #3499, #4767, #7542, #7011, #5893, #7423, #2503, #5590, #1645, #2303, #1021, #5829, #3747, #7564, #315, #1826, #2384, #1146, #544, #8186, #7983, #6655, #7481, #515, #4079, #7108, #6208, #1837 ) ) ;
#5916 = ADVANCED_FACE ( 'NONE', ( #5443 ), #2864, .T. ) ;
#5917 = EDGE_LOOP ( 'NONE', ( #8377, #6003, #3274, #4598 ) ) ;
#5918 = CARTESIAN_POINT ( 'NONE',  ( -17.89807158514993191, -1.000369342984377852, -0.4000000000000000222 ) ) ;
#5919 = PLANE ( 'NONE',  #3011 ) ;
#5920 = LINE ( 'NONE', #1841, #5762 ) ;
#5921 = CONICAL_SURFACE ( 'NONE', #7472, 3.149999999999999911, 0.7853981633974544962 ) ;
#5922 = PLANE ( 'NONE',  #24 ) ;
#5923 = FACE_OUTER_BOUND ( 'NONE', #3817, .T. ) ;
#5924 = CARTESIAN_POINT ( 'NONE',  ( 17.89807158514988217, 1.000369342984398724, -0.4000000000000000222 ) ) ;
#5925 = EDGE_CURVE ( 'NONE', #6583, #233, #6671, .T. ) ;
#5926 = EDGE_LOOP ( 'NONE', ( #888, #5768, #2118, #1165 ) ) ;
#5927 = DIRECTION ( 'NONE',  ( -0.4999999999999965028, -0.8660254037844407060, 0.000000000000000000 ) ) ;
#5928 = ORIENTED_EDGE ( 'NONE', *, *, #3607, .T. ) ;
#5929 = DIRECTION ( 'NONE',  ( 0.000000000000000000, 0.000000000000000000, -1.000000000000000000 ) ) ;
#5930 = CARTESIAN_POINT ( 'NONE',  ( -9.670190528383324491, 41.24999999999982947, -0.4000000000000000222 ) ) ;
#5931 = CARTESIAN_POINT ( 'NONE',  ( -21.07307158514992906, 43.99963065701542320, 0.4000000000000000222 ) ) ;
#5932 = VECTOR ( 'NONE', #3533, 1000.000000000000000 ) ;
#5933 = CARTESIAN_POINT ( 'NONE',  ( -4.907690528383336748, -1.000369342984384957, -0.4000000000000000222 ) ) ;
#5934 = EDGE_CURVE ( 'NONE', #5285, #4708, #1572, .T. ) ;
#5935 = ORIENTED_EDGE ( 'NONE', *, *, #3955, .T. ) ;
#5936 = VECTOR ( 'NONE', #4954, 999.9999999999998863 ) ;
#5937 = CARTESIAN_POINT ( 'NONE',  ( 34.19480164366502351, -43.77212751246348432, 0.4061756055450777558 ) ) ;
#5939 = ORIENTED_EDGE ( 'NONE', *, *, #5685, .T. ) ;
#5938 = EDGE_LOOP ( 'NONE', ( #8287, #7276, #2268, #1911, #7576, #7543, #1728, #7703 ) ) ;
#5940 = ORIENTED_EDGE ( 'NONE', *, *, #7381, .F. ) ;
#5941 = ORIENTED_EDGE ( 'NONE', *, *, #3958, .F. ) ;
#5942 = CARTESIAN_POINT ( 'NONE',  ( 30.02264047840343864, -39.99999999999993605, 0.4000000000000000222 ) ) ;
#5943 = AXIS2_PLACEMENT_3D ( 'NONE', #5877, #7289, #7959 ) ;
#5944 = DIRECTION ( 'NONE',  ( -0.4999999999999965583, -0.8660254037844407060, -0.000000000000000000 ) ) ;
#5945 = ORIENTED_EDGE ( 'NONE', *, *, #732, .T. ) ;
#5946 = DIRECTION ( 'NONE',  ( -1.000000000000000000, -3.330669073875469621E-15, 0.000000000000000000 ) ) ;
#5947 = ORIENTED_EDGE ( 'NONE', *, *, #3418, .T. ) ;
#5948 = VERTEX_POINT ( 'NONE', #6942 ) ;
#5949 = VERTEX_POINT ( 'NONE', #7647 ) ;
#5950 = DIRECTION ( 'NONE',  ( 0.5000000000000032196, -0.8660254037844368202, 0.000000000000000000 ) ) ;
#5951 = CARTESIAN_POINT ( 'NONE',  ( 1.587499999999995248, -40.24963065701543741, 0.4000000000000000222 ) ) ;
#5952 = EDGE_CURVE ( 'NONE', #7199, #1699, #4241, .T. ) ;
#5953 = CARTESIAN_POINT ( 'NONE',  ( 37.50000000000000000, 2.500000000000024869, 0.6000000000000000888 ) ) ;
#5954 = EDGE_CURVE ( 'NONE', #1164, #7317, #5490, .T. ) ;
#5955 = CARTESIAN_POINT ( 'NONE',  ( -24.39326211353319707, -40.24963065701543741, -0.4000000000000000222 ) ) ;
#5956 = AXIS2_PLACEMENT_3D ( 'NONE', #7882, #1762, #5038 ) ;
#5957 = ADVANCED_FACE ( 'NONE', ( #6775 ), #703, .T. ) ;
#5958 = CARTESIAN_POINT ( 'NONE',  ( -17.03225942163694739, -2.499999999999981348, -0.4000000000000000222 ) ) ;
#5959 = VERTEX_POINT ( 'NONE', #4950 ) ;
#5960 = ORIENTED_EDGE ( 'NONE', *, *, #3312, .T. ) ;
#5961 = CARTESIAN_POINT ( 'NONE',  ( 34.06345264191645583, -1.000369342984370968, -0.4000000000000000222 ) ) ;
#5962 = VECTOR ( 'NONE', #4422, 1000.000000000000000 ) ;
#5963 = CARTESIAN_POINT ( 'NONE',  ( -34.95515568358393921, -12.45515568358387704, 0.4000000000000000222 ) ) ;
#5964 = CARTESIAN_POINT ( 'NONE',  ( -30.88845264191650486, 1.000369342984412713, 0.4000000000000000222 ) ) ;
#5965 = ADVANCED_FACE ( 'NONE', ( #4825 ), #789, .T. ) ;
#5966 = FACE_OUTER_BOUND ( 'NONE', #5926, .T. ) ;
#5967 = ORIENTED_EDGE ( 'NONE', *, *, #3270, .T. ) ;
#5968 = EDGE_CURVE ( 'NONE', #2294, #6660, #6239, .T. ) ;
#5969 = VECTOR ( 'NONE', #300, 999.9999999999998863 ) ;
#5970 = DIRECTION ( 'NONE',  ( 0.000000000000000000, 0.000000000000000000, -1.000000000000000000 ) ) ;
#5971 = CARTESIAN_POINT ( 'NONE',  ( -37.49999999999999289, -14.99999999999993072, -0.4000000000000000222 ) ) ;
#5972 = PLANE ( 'NONE',  #836 ) ;
#5973 = ORIENTED_EDGE ( 'NONE', *, *, #6518, .F. ) ;
#5974 = CARTESIAN_POINT ( 'NONE',  ( -21.93888374866291358, 2.500000000000024869, -0.4000000000000000222 ) ) ;
#5975 = CARTESIAN_POINT ( 'NONE',  ( -35.65095264191651836, -3.749999999999996447, 0.4000000000000000222 ) ) ;
#5976 = LINE ( 'NONE', #8674, #2368 ) ;
#5977 = EDGE_CURVE ( 'NONE', #7498, #4859, #4781, .T. ) ;
#5978 = DIRECTION ( 'NONE',  ( -0.4999999999999965583, -0.8660254037844407060, -0.000000000000000000 ) ) ;
#5979 = CARTESIAN_POINT ( 'NONE',  ( -30.88845264191650486, 38.50036934298425706, -0.4000000000000000222 ) ) ;
#5981 = ORIENTED_EDGE ( 'NONE', *, *, #2857, .T. ) ;
#5980 = EDGE_LOOP ( 'NONE', ( #8059, #1891, #2716, #1328 ) ) ;
#5982 = ORIENTED_EDGE ( 'NONE', *, *, #3098, .F. ) ;
#5983 = ORIENTED_EDGE ( 'NONE', *, *, #7262, .T. ) ;
#5984 = DIRECTION ( 'NONE',  ( 0.5000000000000032196, -0.8660254037844368202, 0.000000000000000000 ) ) ;
#5985 = ADVANCED_FACE ( 'NONE', ( #4152 ), #6819, .T. ) ;
#5986 = B_SPLINE_CURVE_WITH_KNOTS ( 'NONE', 3,
 ( #1655, #7727, #6445, #4360, #5778, #7065 ),
 .UNSPECIFIED., .F., .F.,
 ( 4, 2, 4 ),
 ( 0.000000000000000000, 0.0007880754063680079887, 0.001576150812736015977 ),
 .UNSPECIFIED. ) ;
#5987 = DIRECTION ( 'NONE',  ( -1.000000000000000000, -3.330669073875469621E-15, -0.000000000000000000 ) ) ;
#5988 = VERTEX_POINT ( 'NONE', #6859 ) ;
#5989 = AXIS2_PLACEMENT_3D ( 'NONE', #2046, #4084, #1297 ) ;
#5990 = LINE ( 'NONE', #3151, #7565 ) ;
#5991 = ORIENTED_EDGE ( 'NONE', *, *, #4754, .T. ) ;
#5992 = VERTEX_POINT ( 'NONE', #3484 ) ;
#5993 = ORIENTED_EDGE ( 'NONE', *, *, #833, .T. ) ;
#5994 = DIRECTION ( 'NONE',  ( -0.000000000000000000, -0.000000000000000000, 1.000000000000000000 ) ) ;
#5995 = CIRCLE ( 'NONE', #6276, 1.599999999999983435 ) ;
#5996 = CARTESIAN_POINT ( 'NONE',  ( 0.000000000000000000, -2.499999999999980904, 0.4000000000000000222 ) ) ;
#5997 = VECTOR ( 'NONE', #6815, 1000.000000000000000 ) ;
#5998 = DIRECTION ( 'NONE',  ( 0.000000000000000000, 0.000000000000000000, -1.000000000000000000 ) ) ;
#5999 = VECTOR ( 'NONE', #7222, 1000.000000000000000 ) ;
#6000 = CARTESIAN_POINT ( 'NONE',  ( -34.92926480542951140, 2.500000000000024869, -0.4000000000000000222 ) ) ;
#6001 = ORIENTED_EDGE ( 'NONE', *, *, #5925, .T. ) ;
#6002 = EDGE_CURVE ( 'NONE', #6131, #4340, #4664, .T. ) ;
#6003 = ORIENTED_EDGE ( 'NONE', *, *, #1342, .F. ) ;
#6004 = PLANE ( 'NONE',  #4527 ) ;
#6005 = DIRECTION ( 'NONE',  ( -1.000000000000000000, 0.000000000000000000, 0.000000000000000000 ) ) ;
#6006 = EDGE_CURVE ( 'NONE', #2144, #5, #384, .T. ) ;
#6007 = CARTESIAN_POINT ( 'NONE',  ( 14.57788105676656443, 40.24963065701546583, -0.4000000000000000222 ) ) ;
#6008 = CARTESIAN_POINT ( 'NONE',  ( 9.670190528383276529, -3.749999999999961808, -0.4000000000000000222 ) ) ;
#6009 = ORIENTED_EDGE ( 'NONE', *, *, #99, .F. ) ;
#6010 = EDGE_CURVE ( 'NONE', #7189, #141, #4987, .T. ) ;
#6011 = CARTESIAN_POINT ( 'NONE',  ( 21.07307158514985801, 43.99963065701543741, 0.4000000000000000222 ) ) ;
#6012 = CARTESIAN_POINT ( 'NONE',  ( 0.000000000000000000, -2.499999999999980904, 0.4000000000000000222 ) ) ;
#6013 = DIRECTION ( 'NONE',  ( 1.000000000000000000, 3.663735981263016583E-15, 0.000000000000000000 ) ) ;
#6014 = ORIENTED_EDGE ( 'NONE', *, *, #6400, .F. ) ;
#6015 = LINE ( 'NONE', #1227, #5280 ) ;
#6016 = LINE ( 'NONE', #3267, #7197 ) ;
#6017 = LINE ( 'NONE', #8062, #2969 ) ;
#6018 = VECTOR ( 'NONE', #6616, 1000.000000000000000 ) ;
#6019 = LINE ( 'NONE', #2024, #8128 ) ;
#6020 = EDGE_CURVE ( 'NONE', #4739, #410, #4324, .T. ) ;
#6021 = DIRECTION ( 'NONE',  ( 0.5000000000000032196, -0.8660254037844368202, 0.000000000000000000 ) ) ;
#6022 = EDGE_CURVE ( 'NONE', #2036, #160, #3124, .T. ) ;
#6023 = VECTOR ( 'NONE', #3084, 1000.000000000000000 ) ;
#6024 = CARTESIAN_POINT ( 'NONE',  ( -33.93698350964250920, 43.99963065701542320, 0.3999999999999999667 ) ) ;
#6025 = VERTEX_POINT ( 'NONE', #6985 ) ;
#6026 = VERTEX_POINT ( 'NONE', #1089 ) ;
#6027 = ORIENTED_EDGE ( 'NONE', *, *, #311, .F. ) ;
#6028 = EDGE_CURVE ( 'NONE', #5179, #90, #1708, .T. ) ;
#6029 = CARTESIAN_POINT ( 'NONE',  ( -1.587500000000033218, 40.24963065701545162, -0.4000000000000000222 ) ) ;
#6030 = PLANE ( 'NONE',  #4432 ) ;
#6031 = ORIENTED_EDGE ( 'NONE', *, *, #5219, .F. ) ;
#6032 = EDGE_CURVE ( 'NONE', #1173, #1129, #2851, .T. ) ;
#6033 = VECTOR ( 'NONE', #6807, 1000.000000000000000 ) ;
#6034 = CARTESIAN_POINT ( 'NONE',  ( -34.06345264191652689, -1.000369342984398724, 0.4000000000000000222 ) ) ;
#6035 = ORIENTED_EDGE ( 'NONE', *, *, #7916, .F. ) ;
#6036 = ORIENTED_EDGE ( 'NONE', *, *, #8736, .T. ) ;
#6037 = AXIS2_PLACEMENT_3D ( 'NONE', #54, #5462, #6214 ) ;
#6038 = VERTEX_POINT ( 'NONE', #6453 ) ;
#6039 = CARTESIAN_POINT ( 'NONE',  ( 41.29999999999999005, -49.00000000000000000, 0.4000000000000000222 ) ) ;
#6040 = LINE ( 'NONE', #552, #1362 ) ;
#6041 = VECTOR ( 'NONE', #8392, 1000.000000000000000 ) ;
#6042 = CARTESIAN_POINT ( 'NONE',  ( -24.24913778650736162, 39.99999999999999289, -0.4000000000000000222 ) ) ;
#6043 = VECTOR ( 'NONE', #3574, 1000.000000000000114 ) ;
#6044 = CARTESIAN_POINT ( 'NONE',  ( -17.89807158514989638, -43.99963065701541609, -0.4000000000000000222 ) ) ;
#6045 = VERTEX_POINT ( 'NONE', #1662 ) ;
#6046 = EDGE_LOOP ( 'NONE', ( #3520, #5414, #7458, #3283 ) ) ;
#6047 = CARTESIAN_POINT ( 'NONE',  ( -24.39326211353323259, -4.750369342984367194, 0.4000000000000000222 ) ) ;
#6048 = CARTESIAN_POINT ( 'NONE',  ( 41.29999999999999005, 43.68401475995912620, 0.5456508738446788076 ) ) ;
#6049 = FACE_OUTER_BOUND ( 'NONE', #178, .T. ) ;
#6050 = DIRECTION ( 'NONE',  ( -0.5000000000000029976, 0.8660254037844369313, -0.000000000000000000 ) ) ;
#6051 = EDGE_CURVE ( 'NONE', #5070, #8071, #5173, .T. ) ;
#6052 = FACE_OUTER_BOUND ( 'NONE', #5938, .T. ) ;
#6053 = ORIENTED_EDGE ( 'NONE', *, *, #6504, .T. ) ;
#6054 = DIRECTION ( 'NONE',  ( -1.000000000000000000, 0.000000000000000000, 0.000000000000000000 ) ) ;
#6055 = CARTESIAN_POINT ( 'NONE',  ( 4.907690528383266582, -1.000369342984391841, -0.4000000000000000222 ) ) ;
#6056 = EDGE_CURVE ( 'NONE', #1068, #5588, #3081, .T. ) ;
#6057 = DIRECTION ( 'NONE',  ( -0.8660254037844407060, 0.4999999999999965028, 0.000000000000000000 ) ) ;
#6058 = ORIENTED_EDGE ( 'NONE', *, *, #994, .F. ) ;
#6059 = DIRECTION ( 'NONE',  ( 0.5000000000000032196, -0.8660254037844368202, 0.000000000000000000 ) ) ;
#6060 = DIRECTION ( 'NONE',  ( 0.000000000000000000, 0.000000000000000000, 1.000000000000000000 ) ) ;
#6061 = CARTESIAN_POINT ( 'NONE',  ( -41.30000000000000426, -44.73002710283282113, 0.9052380233643249063 ) ) ;
#6062 = EDGE_CURVE ( 'NONE', #1200, #5634, #3742, .T. ) ;
#6063 = CARTESIAN_POINT ( 'NONE',  ( -35.65095264191651836, -11.24999999999996092, 0.4000000000000000222 ) ) ;
#6064 = CARTESIAN_POINT ( 'NONE',  ( -30.02264047840353456, 2.500000000000024869, -0.4000000000000000222 ) ) ;
#6065 = LINE ( 'NONE', #663, #4405 ) ;
#6066 = VERTEX_POINT ( 'NONE', #2465 ) ;
#6067 = VECTOR ( 'NONE', #6326, 1000.000000000000000 ) ;
#6068 = VERTEX_POINT ( 'NONE', #4283 ) ;
#6069 = ORIENTED_EDGE ( 'NONE', *, *, #7530, .F. ) ;
#6070 = CARTESIAN_POINT ( 'NONE',  ( -8.082690528383333017, 43.99963065701542320, -0.4000000000000000222 ) ) ;
#6071 = EDGE_CURVE ( 'NONE', #4739, #212, #7030, .T. ) ;
#6072 = DIRECTION ( 'NONE',  ( -0.000000000000000000, -0.000000000000000000, 1.000000000000000000 ) ) ;
#6073 = ORIENTED_EDGE ( 'NONE', *, *, #4073, .F. ) ;
#6074 = VECTOR ( 'NONE', #7209, 1000.000000000000114 ) ;
#6075 = ADVANCED_FACE ( 'NONE', ( #8536 ), #913, .T. ) ;
#6076 = DIRECTION ( 'NONE',  ( 3.663735981263016583E-15, -1.000000000000000000, 0.000000000000000000 ) ) ;
#6077 = ORIENTED_EDGE ( 'NONE', *, *, #8290, .F. ) ;
#6078 = ORIENTED_EDGE ( 'NONE', *, *, #5198, .F. ) ;
#6079 = ORIENTED_EDGE ( 'NONE', *, *, #1100, .F. ) ;
#6080 = FACE_OUTER_BOUND ( 'NONE', #3326, .T. ) ;
#6081 = VECTOR ( 'NONE', #2459, 1000.000000000000000 ) ;
#6082 = PLANE ( 'NONE',  #7731 ) ;
#6083 = DIRECTION ( 'NONE',  ( -1.000000000000000000, 0.000000000000000000, 0.000000000000000000 ) ) ;
#6084 = EDGE_CURVE ( 'NONE', #5482, #8339, #3609, .T. ) ;
#6085 = DIRECTION ( 'NONE',  ( 0.000000000000000000, 0.000000000000000000, -1.000000000000000000 ) ) ;
#6086 = ORIENTED_EDGE ( 'NONE', *, *, #3620, .T. ) ;
#6087 = ORIENTED_EDGE ( 'NONE', *, *, #483, .T. ) ;
#6088 = ORIENTED_EDGE ( 'NONE', *, *, #596, .T. ) ;
#6089 = LINE ( 'NONE', #8218, #1264 ) ;
#6090 = ADVANCED_FACE ( 'NONE', ( #6319 ), #251, .T. ) ;
#6091 = DIRECTION ( 'NONE',  ( -0.8660254037844368202, -0.5000000000000031086, 0.000000000000000000 ) ) ;
#6092 = CARTESIAN_POINT ( 'NONE',  ( 11.40288105676658859, -40.24963065701544451, 0.4000000000000000222 ) ) ;
#6093 = LINE ( 'NONE', #2100, #7445 ) ;
#6094 = CARTESIAN_POINT ( 'NONE',  ( -39.69999999999999574, 45.79999999999999005, -0.4000000000000000222 ) ) ;
#6095 = VERTEX_POINT ( 'NONE', #289 ) ;
#6096 = CARTESIAN_POINT ( 'NONE',  ( -34.06345264191652689, 36.49963065701545872, 0.4000000000000000222 ) ) ;
#6097 = DIRECTION ( 'NONE',  ( -1.000000000000000000, 0.000000000000000000, -0.000000000000000000 ) ) ;
#6098 = LINE ( 'NONE', #6189, #5233 ) ;
#6099 = ORIENTED_EDGE ( 'NONE', *, *, #4812, .F. ) ;
#6100 = PLANE ( 'NONE',  #5400 ) ;
#6101 = DIRECTION ( 'NONE',  ( -0.5000000000000029976, 0.8660254037844369313, 0.000000000000000000 ) ) ;
#6102 = LINE ( 'NONE', #6194, #5065 ) ;
#6103 = CARTESIAN_POINT ( 'NONE',  ( -22.66057158514992409, 3.749999999999975575, 0.4000000000000000222 ) ) ;
#6104 = VECTOR ( 'NONE', #3272, 1000.000000000000000 ) ;
#6105 = DIRECTION ( 'NONE',  ( -0.000000000000000000, -0.000000000000000000, 1.000000000000000000 ) ) ;
#6106 = LINE ( 'NONE', #704, #3766 ) ;
#6107 = AXIS2_PLACEMENT_3D ( 'NONE', #514, #8660, #1298 ) ;
#6108 = EDGE_CURVE ( 'NONE', #5766, #400, #5653, .T. ) ;
#6109 = CARTESIAN_POINT ( 'NONE',  ( -3.320190528383323958, 41.24999999999985789, -0.4000000000000000222 ) ) ;
#6110 = VECTOR ( 'NONE', #6392, 1000.000000000000000 ) ;
#6111 = VERTEX_POINT ( 'NONE', #8357 ) ;
#6112 = ORIENTED_EDGE ( 'NONE', *, *, #7304, .F. ) ;
#6113 = ORIENTED_EDGE ( 'NONE', *, *, #8690, .T. ) ;
#6114 = EDGE_CURVE ( 'NONE', #212, #6823, #5694, .T. ) ;
#6115 = DIRECTION ( 'NONE',  ( 1.000000000000000000, 3.663735981263016583E-15, 0.000000000000000000 ) ) ;
#6116 = CARTESIAN_POINT ( 'NONE',  ( 30.02264047840343864, -39.99999999999993605, -0.4000000000000000222 ) ) ;
#6117 = EDGE_CURVE ( 'NONE', #1699, #5094, #7071, .T. ) ;
#6118 = DIRECTION ( 'NONE',  ( -3.330669073875469621E-15, 1.000000000000000000, 0.000000000000000000 ) ) ;
#6119 = EDGE_LOOP ( 'NONE', ( #7969, #4096, #3422, #8369 ) ) ;
#6120 = CARTESIAN_POINT ( 'NONE',  ( 16.31057158514986938, 41.24999999999982947, -0.4000000000000000222 ) ) ;
#6121 = ADVANCED_FACE ( 'NONE', ( #8666 ), #4013, .T. ) ;
#6122 = ORIENTED_EDGE ( 'NONE', *, *, #6617, .T. ) ;
#6123 = ORIENTED_EDGE ( 'NONE', *, *, #1525, .F. ) ;
#6124 = CARTESIAN_POINT ( 'NONE',  ( 0.000000000000000000, -2.499999999999980904, 0.4000000000000000222 ) ) ;
#6125 = LINE ( 'NONE', #7579, #6458 ) ;
#6126 = DIRECTION ( 'NONE',  ( 0.000000000000000000, 0.000000000000000000, 1.000000000000000000 ) ) ;
#6127 = CARTESIAN_POINT ( 'NONE',  ( -29.30095264191650273, -41.24999999999982947, 0.4000000000000000222 ) ) ;
#6128 = VECTOR ( 'NONE', #6441, 1000.000000000000000 ) ;
#6129 = ORIENTED_EDGE ( 'NONE', *, *, #1619, .T. ) ;
#6130 = VERTEX_POINT ( 'NONE', #1801 ) ;
#6131 = VERTEX_POINT ( 'NONE', #2589 ) ;
#6132 = LINE ( 'NONE', #4222, #5372 ) ;
#6133 = VECTOR ( 'NONE', #8439, 1000.000000000000000 ) ;
#6134 = ADVANCED_FACE ( 'NONE', ( #4504 ), #8625, .T. ) ;
#6135 = DIRECTION ( 'NONE',  ( -1.000000000000000000, -3.330669073875469621E-15, -0.000000000000000000 ) ) ;
#6136 = EDGE_CURVE ( 'NONE', #7682, #7724, #6720, .T. ) ;
#6137 = LINE ( 'NONE', #6092, #4639 ) ;
#6138 = B_SPLINE_CURVE_WITH_KNOTS ( 'NONE', 3,
 ( #490, #3181, #3979, #5892, #8678, #4563, #7261, #1191, #1533, #2237 ),
 .UNSPECIFIED., .F., .F.,
 ( 4, 2, 2, 2, 4 ),
 ( 0.000000000000000000, 0.001643720327985715834, 0.002465580491978573534, 0.002876510573975002601, 0.003287440655971431668 ),
 .UNSPECIFIED. ) ;
#6139 = DIRECTION ( 'NONE',  ( -0.000000000000000000, -0.000000000000000000, 1.000000000000000000 ) ) ;
#6140 = ORIENTED_EDGE ( 'NONE', *, *, #4539, .F. ) ;
#6141 = DIRECTION ( 'NONE',  ( 0.4999999999999968359, 0.8660254037844404840, 0.000000000000000000 ) ) ;
#6142 = EDGE_CURVE ( 'NONE', #3366, #5010, #6635, .T. ) ;
#6143 = EDGE_CURVE ( 'NONE', #3232, #2679, #1134, .T. ) ;
#6144 = LINE ( 'NONE', #2189, #5196 ) ;
#6145 = ORIENTED_EDGE ( 'NONE', *, *, #2911, .T. ) ;
#6146 = CARTESIAN_POINT ( 'NONE',  ( -21.93888374866288871, -2.499999999999980904, 0.4000000000000000222 ) ) ;
#6147 = ORIENTED_EDGE ( 'NONE', *, *, #8550, .T. ) ;
#6148 = PLANE ( 'NONE',  #7987 ) ;
#6149 = CARTESIAN_POINT ( 'NONE',  ( -38.10000000000000142, 45.79999999999999005, 0.4000000000000000222 ) ) ;
#6150 = LINE ( 'NONE', #4948, #7752 ) ;
#6151 = VECTOR ( 'NONE', #2401, 1000.000000000000000 ) ;
#6152 = DIRECTION ( 'NONE',  ( -3.330669073875469621E-15, 1.000000000000000000, 0.000000000000000000 ) ) ;
#6153 = DIRECTION ( 'NONE',  ( -0.4999999999999965028, -0.8660254037844407060, 0.000000000000000000 ) ) ;
#6154 = CARTESIAN_POINT ( 'NONE',  ( 33.56435935394490144, 45.79999999999999005, 2.000000000000000000 ) ) ;
#6155 = DIRECTION ( 'NONE',  ( -0.5000000000000029976, 0.8660254037844369313, -0.000000000000000000 ) ) ;
#6156 = ORIENTED_EDGE ( 'NONE', *, *, #228, .F. ) ;
#6157 = AXIS2_PLACEMENT_3D ( 'NONE', #3675, #933, #3634 ) ;
#6158 = CARTESIAN_POINT ( 'NONE',  ( 34.95000000000000284, -45.79999999999999005, 1.200000000000001954 ) ) ;
#6159 = CARTESIAN_POINT ( 'NONE',  ( -41.30000000000001137, 49.00000000000000000, -0.4000000000000000222 ) ) ;
#6160 = CARTESIAN_POINT ( 'NONE',  ( -38.10000000000000142, -45.79999999999999005, 0.4000000000000000222 ) ) ;
#6161 = CARTESIAN_POINT ( 'NONE',  ( -34.06345264191650557, 1.000369342984398724, -0.4000000000000000222 ) ) ;
#6162 = ORIENTED_EDGE ( 'NONE', *, *, #115, .T. ) ;
#6163 = AXIS2_PLACEMENT_3D ( 'NONE', #1436, #2813, #6097 ) ;
#6164 = DIRECTION ( 'NONE',  ( -0.000000000000000000, -0.000000000000000000, 1.000000000000000000 ) ) ;
#6165 = ORIENTED_EDGE ( 'NONE', *, *, #944, .F. ) ;
#6166 = ORIENTED_EDGE ( 'NONE', *, *, #5136, .T. ) ;
#6167 = ORIENTED_EDGE ( 'NONE', *, *, #4034, .F. ) ;
#6168 = CARTESIAN_POINT ( 'NONE',  ( -35.96869675459454641, -49.00000000000000711, 0.5412492783741721381 ) ) ;
#6169 = TOROIDAL_SURFACE ( 'NONE', #3472, 4.535640646055100866, 1.600000000000000089 ) ;
#6170 = CARTESIAN_POINT ( 'NONE',  ( -17.03225942163686923, 39.99999999999999289, 0.4000000000000000222 ) ) ;
#6171 = FACE_OUTER_BOUND ( 'NONE', #62, .T. ) ;
#6172 = CARTESIAN_POINT ( 'NONE',  ( 27.56826211353316580, -4.750369342984360088, -0.4000000000000000222 ) ) ;
#6173 = VERTEX_POINT ( 'NONE', #7248 ) ;
#6174 = ORIENTED_EDGE ( 'NONE', *, *, #4280, .T. ) ;
#6175 = ORIENTED_EDGE ( 'NONE', *, *, #2435, .F. ) ;
#6176 = CARTESIAN_POINT ( 'NONE',  ( 41.29999999999999005, -45.66300963658373036, 1.119055016130133140 ) ) ;
#6177 = VECTOR ( 'NONE', #1618, 1000.000000000000000 ) ;
#6178 = DIRECTION ( 'NONE',  ( -0.4999999999999965583, -0.8660254037844407060, -0.000000000000000000 ) ) ;
#6179 = DIRECTION ( 'NONE',  ( -0.4999999999999965583, -0.8660254037844407060, -0.000000000000000000 ) ) ;
#6180 = CARTESIAN_POINT ( 'NONE',  ( 38.62378368755923930, 49.00000000000000000, 1.066438909323836004 ) ) ;
#6181 = ORIENTED_EDGE ( 'NONE', *, *, #3919, .T. ) ;
#6182 = ADVANCED_FACE ( 'NONE', ( #6052 ), #165, .F. ) ;
#6183 = VECTOR ( 'NONE', #8027, 1000.000000000000000 ) ;
#6184 = CARTESIAN_POINT ( 'NONE',  ( -30.88845264191652973, -1.000369342984384957, -0.4000000000000000222 ) ) ;
#6185 = EDGE_CURVE ( 'NONE', #3233, #6562, #606, .T. ) ;
#6186 = B_SPLINE_CURVE_WITH_KNOTS ( 'NONE', 3,
 ( #339, #7072, #7781, #6410, #5662, #4997, #5843, #1099, #2427, #6329 ),
 .UNSPECIFIED., .F., .F.,
 ( 4, 2, 2, 2, 4 ),
 ( 0.000000000000000000, 0.001636152207030251758, 0.002454228310545367771, 0.002863266362302926103, 0.003272304414060484001 ),
 .UNSPECIFIED. ) ;
#6187 = CARTESIAN_POINT ( 'NONE',  ( -37.50000000000000000, 27.50000000000002487, 0.6000000000000000888 ) ) ;
#6188 = EDGE_LOOP ( 'NONE', ( #5450, #5141, #969, #3434 ) ) ;
#6189 = CARTESIAN_POINT ( 'NONE',  ( 3.320190528383275108, 41.24999999999982947, -0.4000000000000000222 ) ) ;
#6190 = EDGE_CURVE ( 'NONE', #4482, #1797, #3171, .T. ) ;
#6191 = ORIENTED_EDGE ( 'NONE', *, *, #8627, .F. ) ;
#6192 = DIRECTION ( 'NONE',  ( 1.000000000000000000, 0.000000000000000000, 0.000000000000000000 ) ) ;
#6193 = LINE ( 'NONE', #119, #4015 ) ;
#6194 = CARTESIAN_POINT ( 'NONE',  ( 14.72200538379243540, 39.99999999999999289, -0.4000000000000000222 ) ) ;
#6195 = VECTOR ( 'NONE', #815, 999.9999999999998863 ) ;
#6196 = CARTESIAN_POINT ( 'NONE',  ( -41.30000000000001137, 45.79999999999999005, 1.119055016130100944 ) ) ;
#6197 = ADVANCED_FACE ( 'NONE', ( #5966 ), #8008, .T. ) ;
#6198 = CARTESIAN_POINT ( 'NONE',  ( 27.71238644055910072, 2.500000000000024869, -0.4000000000000000222 ) ) ;
#6199 = EDGE_CURVE ( 'NONE', #3852, #1115, #1180, .T. ) ;
#6200 = DIRECTION ( 'NONE',  ( 0.5000000000000032196, -0.8660254037844368202, 0.000000000000000000 ) ) ;
#6201 = ORIENTED_EDGE ( 'NONE', *, *, #4951, .T. ) ;
#6202 = ORIENTED_EDGE ( 'NONE', *, *, #1661, .F. ) ;
#6203 = LINE ( 'NONE', #2285, #122 ) ;
#6204 = LINE ( 'NONE', #920, #4058 ) ;
#6205 = EDGE_CURVE ( 'NONE', #5002, #8555, #6541, .T. ) ;
#6206 = CARTESIAN_POINT ( 'NONE',  ( 30.88845264191648354, -6.499630657015566193, -0.4000000000000000222 ) ) ;
#6207 = CIRCLE ( 'NONE', #955, 4.535640646055099090 ) ;
#6208 = ORIENTED_EDGE ( 'NONE', *, *, #6358, .T. ) ;
#6209 = VECTOR ( 'NONE', #4690, 999.9999999999998863 ) ;
#6210 = CARTESIAN_POINT ( 'NONE',  ( 30.02264047840348837, 2.500000000000024869, 0.4000000000000000222 ) ) ;
#6211 = EDGE_LOOP ( 'NONE', ( #1553, #2929, #6607, #5559 ) ) ;
#6212 = ORIENTED_EDGE ( 'NONE', *, *, #5552, .F. ) ;
#6213 = ORIENTED_EDGE ( 'NONE', *, *, #2336, .T. ) ;
#6214 = DIRECTION ( 'NONE',  ( -0.5000000000000029976, 0.8660254037844369313, 0.000000000000000000 ) ) ;
#6215 = PRESENTATION_LAYER_ASSIGNMENT (  '', '', ( #2111 ) ) ;
#6216 = CARTESIAN_POINT ( 'NONE',  ( 24.24913778650724083, -2.499999999999980904, -0.4000000000000000222 ) ) ;
#6217 = PLANE ( 'NONE',  #68 ) ;
#6218 = VECTOR ( 'NONE', #4718, 1000.000000000000000 ) ;
#6219 = ORIENTED_EDGE ( 'NONE', *, *, #2830, .F. ) ;
#6220 = ORIENTED_EDGE ( 'NONE', *, *, #7786, .F. ) ;
#6221 = EDGE_CURVE ( 'NONE', #2302, #1278, #4700, .T. ) ;
#6222 = VERTEX_POINT ( 'NONE', #5384 ) ;
#6223 = CARTESIAN_POINT ( 'NONE',  ( 41.29999999999999005, -43.14111566946407805, 0.3999999999999995226 ) ) ;
#6224 = CARTESIAN_POINT ( 'NONE',  ( 24.24913778650731189, 39.99999999999999289, 0.4000000000000000222 ) ) ;
#6225 = EDGE_CURVE ( 'NONE', #2944, #580, #1306, .T. ) ;
#6226 = CARTESIAN_POINT ( 'NONE',  ( -30.88845264191652973, 36.49963065701547293, -0.4000000000000000222 ) ) ;
#6227 = PLANE ( 'NONE',  #1737 ) ;
#6228 = EDGE_CURVE ( 'NONE', #8312, #8588, #2507, .T. ) ;
#6229 = VECTOR ( 'NONE', #6662, 1000.000000000000114 ) ;
#6230 = VERTEX_POINT ( 'NONE', #522 ) ;
#6231 = CARTESIAN_POINT ( 'NONE',  ( -16.31057158514990846, -41.24999999999982236, -0.4000000000000000222 ) ) ;
#6232 = CARTESIAN_POINT ( 'NONE',  ( 35.65095264191646862, -41.24999999999980815, -0.4000000000000000222 ) ) ;
#6233 = ORIENTED_EDGE ( 'NONE', *, *, #61, .F. ) ;
#6234 = LINE ( 'NONE', #3433, #129 ) ;
#6235 = ADVANCED_FACE ( 'NONE', ( #3217 ), #5922, .T. ) ;
#6236 = EDGE_LOOP ( 'NONE', ( #3706, #6864, #8556, #6382 ) ) ;
#6237 = LINE ( 'NONE', #786, #3162 ) ;
#6238 = DIRECTION ( 'NONE',  ( 0.5000000000000032196, -0.8660254037844368202, 0.000000000000000000 ) ) ;
#6239 = LINE ( 'NONE', #3399, #7655 ) ;
#6240 = CARTESIAN_POINT ( 'NONE',  ( -35.65095264191651836, 33.74999999999986500, -0.4000000000000000222 ) ) ;
#6241 = CARTESIAN_POINT ( 'NONE',  ( -24.39326211353319707, -40.24963065701543741, 0.4000000000000000222 ) ) ;
#6242 = ORIENTED_EDGE ( 'NONE', *, *, #2696, .F. ) ;
#6243 = ORIENTED_EDGE ( 'NONE', *, *, #1151, .T. ) ;
#6244 = DIRECTION ( 'NONE',  ( -0.000000000000000000, -0.000000000000000000, 1.000000000000000000 ) ) ;
#6245 = DIRECTION ( 'NONE',  ( -1.000000000000000000, -3.330669073875469621E-15, -0.000000000000000000 ) ) ;
#6246 = TOROIDAL_SURFACE ( 'NONE', #16, 4.535640646055100866, 1.600000000000000089 ) ;
#6247 = EDGE_CURVE ( 'NONE', #7195, #5024, #4595, .T. ) ;
#6248 = CARTESIAN_POINT ( 'NONE',  ( -4.907690528383298556, -43.99963065701541609, -0.4000000000000000222 ) ) ;
#6249 = VECTOR ( 'NONE', #1263, 999.9999999999998863 ) ;
#6250 = ORIENTED_EDGE ( 'NONE', *, *, #7677, .F. ) ;
#6251 = VECTOR ( 'NONE', #1308, 999.9999999999998863 ) ;
#6252 = AXIS2_PLACEMENT_3D ( 'NONE', #2028, #4738, #2739 ) ;
#6253 = EDGE_CURVE ( 'NONE', #1115, #2149, #21, .T. ) ;
#6254 = VERTEX_POINT ( 'NONE', #2723 ) ;
#6255 = VERTEX_POINT ( 'NONE', #6094 ) ;
#6256 = ORIENTED_EDGE ( 'NONE', *, *, #882, .F. ) ;
#6257 = FACE_OUTER_BOUND ( 'NONE', #8686, .T. ) ;
#6258 = PLANE ( 'NONE',  #1590 ) ;
#6259 = CARTESIAN_POINT ( 'NONE',  ( 41.29999999999997584, 45.93709188310943148, 1.119055016130132474 ) ) ;
#6260 = VERTEX_POINT ( 'NONE', #8097 ) ;
#6261 = EDGE_LOOP ( 'NONE', ( #8609, #5252, #8502, #67 ) ) ;
#6262 = ORIENTED_EDGE ( 'NONE', *, *, #7136, .T. ) ;
#6263 = DIRECTION ( 'NONE',  ( -0.4999999999999965583, -0.8660254037844407060, -0.000000000000000000 ) ) ;
#6264 = CARTESIAN_POINT ( 'NONE',  ( -4.907690528383336748, 43.99963065701543741, 0.4000000000000000222 ) ) ;
#6265 = DIRECTION ( 'NONE',  ( -1.000000000000000000, -3.330669073875469621E-15, -0.000000000000000000 ) ) ;
#6266 = LINE ( 'NONE', #1652, #1316 ) ;
#6267 = EDGE_LOOP ( 'NONE', ( #3411, #6668, #6213, #6886 ) ) ;
#6268 = VECTOR ( 'NONE', #2175, 1000.000000000000000 ) ;
#6269 = CARTESIAN_POINT ( 'NONE',  ( 29.15576211353317859, 2.775557561562891351E-14, 0.4000000000000000222 ) ) ;
#6270 = LINE ( 'NONE', #200, #3624 ) ;
#6271 = VERTEX_POINT ( 'NONE', #2013 ) ;
#6272 = FACE_OUTER_BOUND ( 'NONE', #4830, .T. ) ;
#6273 = ORIENTED_EDGE ( 'NONE', *, *, #4649, .F. ) ;
#6274 = PLANE ( 'NONE',  #1456 ) ;
#6275 = LINE ( 'NONE', #205, #5501 ) ;
#6276 = AXIS2_PLACEMENT_3D ( 'NONE', #1864, #1906, #6696 ) ;
#6277 = AXIS2_PLACEMENT_3D ( 'NONE', #1345, #6091, #5297 ) ;
#6278 = DIRECTION ( 'NONE',  ( 0.8660254037844369313, 0.5000000000000029976, 0.000000000000000000 ) ) ;
#6279 = CIRCLE ( 'NONE', #903, 1.599999999999997202 ) ;
#6280 = LINE ( 'NONE', #209, #5039 ) ;
#6281 = LINE ( 'NONE', #2116, #5936 ) ;
#6282 = ORIENTED_EDGE ( 'NONE', *, *, #2153, .F. ) ;
#6283 = VECTOR ( 'NONE', #5682, 1000.000000000000000 ) ;
#6284 = ORIENTED_EDGE ( 'NONE', *, *, #1334, .F. ) ;
#6285 = DIRECTION ( 'NONE',  ( -1.000000000000000000, -3.330669073875469621E-15, 0.000000000000000000 ) ) ;
#6286 = LINE ( 'NONE', #4160, #1796 ) ;
#6287 = ADVANCED_FACE ( 'NONE', ( #7422 ), #1348, .T. ) ;
#6288 = DIRECTION ( 'NONE',  ( 0.000000000000000000, 0.000000000000000000, -1.000000000000000000 ) ) ;
#6289 = VERTEX_POINT ( 'NONE', #4564 ) ;
#6290 = EDGE_CURVE ( 'NONE', #1997, #4090, #4069, .T. ) ;
#6291 = ORIENTED_EDGE ( 'NONE', *, *, #556, .T. ) ;
#6292 = ORIENTED_EDGE ( 'NONE', *, *, #385, .F. ) ;
#6293 = ORIENTED_EDGE ( 'NONE', *, *, #3182, .T. ) ;
#6294 = CARTESIAN_POINT ( 'NONE',  ( 41.29999999999999005, -49.00000000000000000, 0.4000322408422330445 ) ) ;
#6295 = AXIS2_PLACEMENT_3D ( 'NONE', #3497, #6076, #8120 ) ;
#6296 = FACE_BOUND ( 'NONE', #2212, .T. ) ;
#6297 = VERTEX_POINT ( 'NONE', #4650 ) ;
#6298 = CARTESIAN_POINT ( 'NONE',  ( 41.29999999999999005, 45.79999999999999005, 1.119055016130133140 ) ) ;
#6299 = ORIENTED_EDGE ( 'NONE', *, *, #1286, .F. ) ;
#6300 = ORIENTED_EDGE ( 'NONE', *, *, #5268, .T. ) ;
#6301 = ORIENTED_EDGE ( 'NONE', *, *, #71, .F. ) ;
#6302 = DIRECTION ( 'NONE',  ( -0.000000000000000000, -0.000000000000000000, 1.000000000000000000 ) ) ;
#6303 = LINE ( 'NONE', #940, #6991 ) ;
#6304 = CARTESIAN_POINT ( 'NONE',  ( 29.15576211353317859, 2.775557561562891351E-14, -0.4000000000000000222 ) ) ;
#6305 = DIRECTION ( 'NONE',  ( -0.4999999999999965583, -0.8660254037844407060, -0.000000000000000000 ) ) ;
#6306 = EDGE_CURVE ( 'NONE', #172, #8106, #577, .T. ) ;
#6307 = ORIENTED_EDGE ( 'NONE', *, *, #7705, .T. ) ;
#6308 = DIRECTION ( 'NONE',  ( 0.000000000000000000, 0.000000000000000000, -1.000000000000000000 ) ) ;
#6309 = VECTOR ( 'NONE', #6996, 1000.000000000000000 ) ;
#6310 = DIRECTION ( 'NONE',  ( 1.000000000000000000, 0.000000000000000000, 0.000000000000000000 ) ) ;
#6311 = VERTEX_POINT ( 'NONE', #2690 ) ;
#6312 = PLANE ( 'NONE',  #137 ) ;
#6313 = ORIENTED_EDGE ( 'NONE', *, *, #6056, .T. ) ;
#6314 = DIRECTION ( 'NONE',  ( 0.5000000000000032196, -0.8660254037844368202, 0.000000000000000000 ) ) ;
#6315 = VECTOR ( 'NONE', #1557, 1000.000000000000000 ) ;
#6316 = DIRECTION ( 'NONE',  ( 0.4999999999999968359, 0.8660254037844404840, 0.000000000000000000 ) ) ;
#6317 = VECTOR ( 'NONE', #6310, 1000.000000000000000 ) ;
#6318 = VECTOR ( 'NONE', #524, 1000.000000000000000 ) ;
#6319 = FACE_OUTER_BOUND ( 'NONE', #5326, .T. ) ;
#6320 = CARTESIAN_POINT ( 'NONE',  ( -16.31057158514992267, 41.24999999999985789, -0.4000000000000000222 ) ) ;
#6321 = EDGE_CURVE ( 'NONE', #3498, #2625, #7265, .T. ) ;
#6322 = CARTESIAN_POINT ( 'NONE',  ( 3.320190528383282214, -41.24999999999985079, -0.4000000000000000222 ) ) ;
#6323 = ORIENTED_EDGE ( 'NONE', *, *, #8072, .T. ) ;
#6324 = CARTESIAN_POINT ( 'NONE',  ( 30.88845264191648354, 38.50036934298424285, -0.4000000000000000222 ) ) ;
#6325 = EDGE_CURVE ( 'NONE', #5424, #6721, #4607, .T. ) ;
#6326 = DIRECTION ( 'NONE',  ( 1.000000000000000000, 3.663735981263016583E-15, 0.000000000000000000 ) ) ;
#6327 = CARTESIAN_POINT ( 'NONE',  ( -8.948502691896383254, 39.99999999999999289, 0.4000000000000000222 ) ) ;
#6328 = ADVANCED_FACE ( 'NONE', ( #8112 ), #35, .T. ) ;
#6329 = CARTESIAN_POINT ( 'NONE',  ( -41.30000000000001137, -45.79999999999999005, 1.119055016130101166 ) ) ;
#6330 = CARTESIAN_POINT ( 'NONE',  ( 21.93888374866284252, -2.499999999999980904, -0.4000000000000000222 ) ) ;
#6331 = ORIENTED_EDGE ( 'NONE', *, *, #2218, .T. ) ;
#6332 = VERTEX_POINT ( 'NONE', #4697 ) ;
#6333 = ORIENTED_EDGE ( 'NONE', *, *, #2601, .T. ) ;
#6334 = ORIENTED_EDGE ( 'NONE', *, *, #420, .T. ) ;
#6335 = EDGE_CURVE ( 'NONE', #2316, #2078, #1574, .T. ) ;
#6336 = LINE ( 'NONE', #8375, #5614 ) ;
#6337 = CARTESIAN_POINT ( 'NONE',  ( -34.06345264191650557, 38.50036934298424285, -0.4000000000000000222 ) ) ;
#6338 = EDGE_CURVE ( 'NONE', #1307, #4803, #1363, .T. ) ;
#6339 = VERTEX_POINT ( 'NONE', #6691 ) ;
#6340 = CARTESIAN_POINT ( 'NONE',  ( 24.39326211353318996, -2.749630657015583957, -0.4000000000000000222 ) ) ;
#6341 = ORIENTED_EDGE ( 'NONE', *, *, #5463, .T. ) ;
#6342 = ORIENTED_EDGE ( 'NONE', *, *, #6355, .T. ) ;
#6343 = ORIENTED_EDGE ( 'NONE', *, *, #2878, .T. ) ;
#6344 = DIRECTION ( 'NONE',  ( 0.8660254037844369313, 0.5000000000000029976, 0.000000000000000000 ) ) ;
#6345 = DIRECTION ( 'NONE',  ( 0.5000000000000031086, -0.8660254037844368202, 0.000000000000000000 ) ) ;
#6346 = VECTOR ( 'NONE', #5086, 1000.000000000000000 ) ;
#6347 = DIRECTION ( 'NONE',  ( 0.8660254037844404840, -0.4999999999999968359, 0.000000000000000000 ) ) ;
#6348 = CARTESIAN_POINT ( 'NONE',  ( -11.25875672974071939, -39.99999999999993605, -0.4000000000000000222 ) ) ;
#6349 = ADVANCED_FACE ( 'NONE', ( #2603 ), #6647, .T. ) ;
#6350 = CARTESIAN_POINT ( 'NONE',  ( 1.731624327025907295, 2.500000000000024869, -0.4000000000000000222 ) ) ;
#6351 = ORIENTED_EDGE ( 'NONE', *, *, #5555, .F. ) ;
#6352 = VECTOR ( 'NONE', #7643, 1000.000000000000000 ) ;
#6353 = PLANE ( 'NONE',  #5265 ) ;
#6354 = CARTESIAN_POINT ( 'NONE',  ( -11.25875672974076913, 39.99999999999999289, -0.4000000000000000222 ) ) ;
#6355 = EDGE_CURVE ( 'NONE', #2800, #3265, #6065, .T. ) ;
#6356 = EDGE_LOOP ( 'NONE', ( #1868, #4191, #139, #6334 ) ) ;
#6357 = PLANE ( 'NONE',  #8066 ) ;
#6358 = EDGE_CURVE ( 'NONE', #2356, #7644, #3360, .T. ) ;
#6359 = DIRECTION ( 'NONE',  ( 1.000000000000000000, 0.000000000000000000, 0.000000000000000000 ) ) ;
#6360 = CARTESIAN_POINT ( 'NONE',  ( -34.85152525621073494, -42.63464884900420770, 0.3999999999999999667 ) ) ;
#6361 = AXIS2_PLACEMENT_3D ( 'NONE', #1657, #4362, #993 ) ;
#6362 = DIRECTION ( 'NONE',  ( 0.4999999999999968359, 0.8660254037844404840, 0.000000000000000000 ) ) ;
#6363 = LINE ( 'NONE', #2322, #3205 ) ;
#6364 = LINE ( 'NONE', #4461, #2195 ) ;
#6365 = ORIENTED_EDGE ( 'NONE', *, *, #7032, .F. ) ;
#6366 = CARTESIAN_POINT ( 'NONE',  ( 34.92926480542951140, -39.99999999999993605, -0.4000000000000000222 ) ) ;
#6367 = LINE ( 'NONE', #5703, #1959 ) ;
#6368 = LINE ( 'NONE', #6511, #1416 ) ;
#6369 = VECTOR ( 'NONE', #5267, 1000.000000000000114 ) ;
#6370 = CARTESIAN_POINT ( 'NONE',  ( 24.39326211353316864, 40.24963065701545162, -0.4000000000000000222 ) ) ;
#6371 = CARTESIAN_POINT ( 'NONE',  ( -30.88845264191650486, -6.499630657015566193, -0.4000000000000000222 ) ) ;
#6372 = VERTEX_POINT ( 'NONE', #1193 ) ;
#6373 = EDGE_CURVE ( 'NONE', #1173, #5477, #5399, .T. ) ;
#6374 = EDGE_CURVE ( 'NONE', #2552, #1964, #5446, .T. ) ;
#6375 = ORIENTED_EDGE ( 'NONE', *, *, #2071, .F. ) ;
#6376 = ORIENTED_EDGE ( 'NONE', *, *, #702, .T. ) ;
#6377 = ORIENTED_EDGE ( 'NONE', *, *, #1961, .T. ) ;
#6378 = EDGE_CURVE ( 'NONE', #1676, #1996, #6602, .T. ) ;
#6379 = CARTESIAN_POINT ( 'NONE',  ( -33.93698350964250920, 43.99963065701542320, 0.3999999999999999667 ) ) ;
#6380 = CARTESIAN_POINT ( 'NONE',  ( -9.670190528383324491, 41.24999999999982947, -0.4000000000000000222 ) ) ;
#6381 = CARTESIAN_POINT ( 'NONE',  ( 8.082690528383263739, -1.000369342984377852, -0.4000000000000000222 ) ) ;
#6382 = ORIENTED_EDGE ( 'NONE', *, *, #4401, .F. ) ;
#6383 = VECTOR ( 'NONE', #5978, 1000.000000000000114 ) ;
#6384 = PRODUCT_DEFINITION_CONTEXT ( 'detailed design', #5073, 'design' ) ;
#6385 = EDGE_CURVE ( 'NONE', #4384, #3874, #4552, .T. ) ;
#6386 = DIRECTION ( 'NONE',  ( -1.000000000000000000, 0.000000000000000000, 0.000000000000000000 ) ) ;
#6387 = ORIENTED_EDGE ( 'NONE', *, *, #8626, .F. ) ;
#6388 = VERTEX_POINT ( 'NONE', #5979 ) ;
#6389 = VECTOR ( 'NONE', #691, 1000.000000000000000 ) ;
#6390 = VERTEX_POINT ( 'NONE', #8021 ) ;
#6391 = LINE ( 'NONE', #1207, #3529 ) ;
#6392 = DIRECTION ( 'NONE',  ( 0.7071067811865483499, 0.7071067811865467956, 0.000000000000000000 ) ) ;
#6393 = CARTESIAN_POINT ( 'NONE',  ( 28.00251171378226900, -5.502511713782252123, -0.4000000000000000222 ) ) ;
#6394 = LINE ( 'NONE', #8385, #371 ) ;
#6395 = EDGE_CURVE ( 'NONE', #5506, #7638, #620, .T. ) ;
#6396 = LINE ( 'NONE', #4855, #3291 ) ;
#6397 = ORIENTED_EDGE ( 'NONE', *, *, #7936, .F. ) ;
#6398 = DIRECTION ( 'NONE',  ( -0.8660254037844368202, -0.5000000000000031086, 0.000000000000000000 ) ) ;
#6399 = CARTESIAN_POINT ( 'NONE',  ( 30.88845264191648354, 38.50036934298424285, 0.4000000000000000222 ) ) ;
#6400 = EDGE_CURVE ( 'NONE', #6883, #2837, #8068, .T. ) ;
#6401 = ORIENTED_EDGE ( 'NONE', *, *, #374, .T. ) ;
#6402 = CARTESIAN_POINT ( 'NONE',  ( -38.10000000000000142, 45.79999999999999005, -0.4000000000000000222 ) ) ;
#6403 = LINE ( 'NONE', #7689, #2030 ) ;
#6404 = PLANE ( 'NONE',  #8509 ) ;
#6405 = VECTOR ( 'NONE', #2266, 1000.000000000000000 ) ;
#6406 = CARTESIAN_POINT ( 'NONE',  ( -34.72017888980210643, -42.86214742901350405, 0.4000000000000000222 ) ) ;
#6407 = EDGE_CURVE ( 'NONE', #5121, #6828, #211, .T. ) ;
#6408 = EDGE_CURVE ( 'NONE', #3495, #2510, #2157, .T. ) ;
#6409 = AXIS2_PLACEMENT_3D ( 'NONE', #3885, #1809, #2555 ) ;
#6410 = CARTESIAN_POINT ( 'NONE',  ( -41.30000000000000426, -47.13467177861561908, 0.8072370686015861718 ) ) ;
#6411 = PLANE ( 'NONE',  #2326 ) ;
#6412 = CARTESIAN_POINT ( 'NONE',  ( 37.49999999999999289, -14.99999999999993072, 0.6000000000000000888 ) ) ;
#6413 = ORIENTED_EDGE ( 'NONE', *, *, #1512, .F. ) ;
#6414 = VECTOR ( 'NONE', #884, 1000.000000000000000 ) ;
#6415 = CARTESIAN_POINT ( 'NONE',  ( -35.65095264191651836, -3.749999999999996447, -0.4000000000000000222 ) ) ;
#6416 = DIRECTION ( 'NONE',  ( -0.000000000000000000, -0.000000000000000000, 1.000000000000000000 ) ) ;
#6417 = LINE ( 'NONE', #4513, #283 ) ;
#6418 = AXIS2_PLACEMENT_3D ( 'NONE', #2276, #2109, #8232 ) ;
#6419 = LINE ( 'NONE', #921, #4197 ) ;
#6420 = VECTOR ( 'NONE', #3977, 1000.000000000000000 ) ;
#6421 = CARTESIAN_POINT ( 'NONE',  ( -35.65095264191651836, 41.24999999999982947, 0.4000000000000000222 ) ) ;
#6422 = VERTEX_POINT ( 'NONE', #2198 ) ;
#6423 = ORIENTED_EDGE ( 'NONE', *, *, #4001, .T. ) ;
#6424 = ORIENTED_EDGE ( 'NONE', *, *, #5356, .F. ) ;
#6425 = ORIENTED_EDGE ( 'NONE', *, *, #491, .T. ) ;
#6426 = EDGE_LOOP ( 'NONE', ( #4620, #1216, #1877, #5941 ) ) ;
#6427 = CARTESIAN_POINT ( 'NONE',  ( 35.65095264191646862, -3.749999999999954703, -0.4000000000000000222 ) ) ;
#6428 = CARTESIAN_POINT ( 'NONE',  ( -24.24913778650727636, -2.499999999999980460, 0.4000000000000000222 ) ) ;
#6429 = ADVANCED_FACE ( 'NONE', ( #7522 ), #4870, .T. ) ;
#6430 = FACE_BOUND ( 'NONE', #689, .T. ) ;
#6431 = ORIENTED_EDGE ( 'NONE', *, *, #1464, .T. ) ;
#6432 = DIRECTION ( 'NONE',  ( -0.5000000000000029976, 0.8660254037844369313, 0.000000000000000000 ) ) ;
#6433 = VERTEX_POINT ( 'NONE', #169 ) ;
#6434 = ORIENTED_EDGE ( 'NONE', *, *, #457, .F. ) ;
#6435 = ORIENTED_EDGE ( 'NONE', *, *, #3868, .T. ) ;
#6436 = CARTESIAN_POINT ( 'NONE',  ( 3.320190528383282214, -41.24999999999985079, -0.4000000000000000222 ) ) ;
#6437 = LINE ( 'NONE', #7902, #8371 ) ;
#6438 = AXIS2_PLACEMENT_3D ( 'NONE', #2887, #7008, #2301 ) ;
#6439 = LINE ( 'NONE', #2934, #6151 ) ;
#6440 = DIRECTION ( 'NONE',  ( -0.4999999999999965583, -0.8660254037844407060, -0.000000000000000000 ) ) ;
#6441 = DIRECTION ( 'NONE',  ( -0.5000000000000029976, 0.8660254037844369313, -0.000000000000000000 ) ) ;
#6442 = VERTEX_POINT ( 'NONE', #8277 ) ;
#6443 = VECTOR ( 'NONE', #2367, 1000.000000000000000 ) ;
#6444 = DIRECTION ( 'NONE',  ( -0.000000000000000000, -0.000000000000000000, 1.000000000000000000 ) ) ;
#6445 = CARTESIAN_POINT ( 'NONE',  ( 34.58883720175422383, 43.08963790586423670, 0.4035150215785894279 ) ) ;
#6446 = ORIENTED_EDGE ( 'NONE', *, *, #8460, .F. ) ;
#6447 = VERTEX_POINT ( 'NONE', #3612 ) ;
#6448 = FACE_OUTER_BOUND ( 'NONE', #2769, .T. ) ;
#6449 = DIRECTION ( 'NONE',  ( -0.5000000000000029976, 0.8660254037844369313, -0.000000000000000000 ) ) ;
#6450 = DIRECTION ( 'NONE',  ( 0.8660254037844404840, -0.4999999999999968359, 0.000000000000000000 ) ) ;
#6451 = EDGE_CURVE ( 'NONE', #4451, #5295, #4201, .T. ) ;
#6452 = EDGE_CURVE ( 'NONE', #527, #6603, #6907, .T. ) ;
#6453 = CARTESIAN_POINT ( 'NONE',  ( -34.85152525621075625, 42.63464884900417928, 0.3999999999999999667 ) ) ;
#6454 = EDGE_CURVE ( 'NONE', #2922, #2731, #4245, .T. ) ;
#6455 = DIRECTION ( 'NONE',  ( 0.000000000000000000, 0.000000000000000000, 1.000000000000000000 ) ) ;
#6456 = EDGE_CURVE ( 'NONE', #4892, #2063, #792, .T. ) ;
#6457 = CARTESIAN_POINT ( 'NONE',  ( -40.74897359820288756, 49.00000000000000711, 0.4025057992484573632 ) ) ;
#6458 = VECTOR ( 'NONE', #8, 1000.000000000000000 ) ;
#6459 = DIRECTION ( 'NONE',  ( -0.4999999999999965583, -0.8660254037844407060, -0.000000000000000000 ) ) ;
#6460 = ORIENTED_EDGE ( 'NONE', *, *, #556, .F. ) ;
#6461 = LINE ( 'NONE', #5791, #8306 ) ;
#6462 = CARTESIAN_POINT ( 'NONE',  ( -34.06345264191652689, 43.99963065701542320, 0.4000000000000000222 ) ) ;
#6463 = PLANE ( 'NONE',  #7938 ) ;
#6464 = VECTOR ( 'NONE', #3655, 1000.000000000000114 ) ;
#6465 = DIRECTION ( 'NONE',  ( -0.000000000000000000, -0.000000000000000000, -1.000000000000000000 ) ) ;
#6466 = EDGE_CURVE ( 'NONE', #1947, #926, #7610, .T. ) ;
#6467 = DIRECTION ( 'NONE',  ( -0.5000000000000029976, 0.8660254037844369313, -0.000000000000000000 ) ) ;
#6468 = AXIS2_PLACEMENT_3D ( 'NONE', #4418, #8363, #5180 ) ;
#6469 = ORIENTED_EDGE ( 'NONE', *, *, #6228, .T. ) ;
#6470 = EDGE_CURVE ( 'NONE', #7444, #3852, #127, .T. ) ;
#6471 = VECTOR ( 'NONE', #5405, 1000.000000000000000 ) ;
#6472 = ORIENTED_EDGE ( 'NONE', *, *, #2387, .F. ) ;
#6473 = ORIENTED_EDGE ( 'NONE', *, *, #7530, .T. ) ;
#6474 = ORIENTED_EDGE ( 'NONE', *, *, #328, .T. ) ;
#6475 = CARTESIAN_POINT ( 'NONE',  ( 3.320190528383275108, 3.749999999999982681, 0.4000000000000000222 ) ) ;
#6476 = DIRECTION ( 'NONE',  ( 3.663735981263016583E-15, -1.000000000000000000, 0.000000000000000000 ) ) ;
#6477 = AXIS2_PLACEMENT_3D ( 'NONE', #7419, #7503, #18 ) ;
#6478 = CARTESIAN_POINT ( 'NONE',  ( 17.89807158514989638, -43.99963065701542320, -0.4000000000000000222 ) ) ;
#6479 = ORIENTED_EDGE ( 'NONE', *, *, #8293, .T. ) ;
#6480 = PLANE ( 'NONE',  #7431 ) ;
#6481 = ORIENTED_EDGE ( 'NONE', *, *, #6631, .T. ) ;
#6482 = ORIENTED_EDGE ( 'NONE', *, *, #8570, .F. ) ;
#6483 = ORIENTED_EDGE ( 'NONE', *, *, #8281, .F. ) ;
#6484 = DIRECTION ( 'NONE',  ( 0.5000000000000031086, -0.8660254037844368202, 0.000000000000000000 ) ) ;
#6485 = LINE ( 'NONE', #463, #873 ) ;
#6486 = PLANE ( 'NONE',  #4589 ) ;
#6487 = CARTESIAN_POINT ( 'NONE',  ( 8.082690528383295714, -43.99963065701541609, 0.4000000000000000222 ) ) ;
#6488 = DIRECTION ( 'NONE',  ( 1.000000000000000000, 0.000000000000000000, 0.000000000000000000 ) ) ;
#6489 = ORIENTED_EDGE ( 'NONE', *, *, #52, .F. ) ;
#6490 = EDGE_CURVE ( 'NONE', #310, #6271, #6281, .T. ) ;
#6491 = CARTESIAN_POINT ( 'NONE',  ( -27.56826211353322975, -4.750369342984381404, -0.4000000000000000222 ) ) ;
#6492 = AXIS2_PLACEMENT_3D ( 'NONE', #2954, #2828, #4205 ) ;
#6493 = DIRECTION ( 'NONE',  ( -0.000000000000000000, -0.000000000000000000, 1.000000000000000000 ) ) ;
#6494 = ORIENTED_EDGE ( 'NONE', *, *, #2904, .T. ) ;
#6495 = EDGE_CURVE ( 'NONE', #7770, #3404, #3443, .T. ) ;
#6496 = ORIENTED_EDGE ( 'NONE', *, *, #3502, .T. ) ;
#6497 = CARTESIAN_POINT ( 'NONE',  ( 29.15576211353317859, 2.775557561562891351E-14, -0.4000000000000000222 ) ) ;
#6498 = FACE_OUTER_BOUND ( 'NONE', #539, .T. ) ;
#6499 = ADVANCED_FACE ( 'NONE', ( #7563 ), #5619, .T. ) ;
#6500 = DIRECTION ( 'NONE',  ( -0.4999999999999965583, -0.8660254037844407060, -0.000000000000000000 ) ) ;
#6501 = AXIS2_PLACEMENT_3D ( 'NONE', #5348, #1847, #2511 ) ;
#6502 = CARTESIAN_POINT ( 'NONE',  ( -34.06345264191649136, -43.99963065701543741, 0.4041955794042792482 ) ) ;
#6503 = DIRECTION ( 'NONE',  ( -0.4999999999999965583, -0.8660254037844407060, -0.000000000000000000 ) ) ;
#6504 = EDGE_CURVE ( 'NONE', #5588, #4659, #8195, .T. ) ;
#6505 = LINE ( 'NONE', #2168, #4606 ) ;
#6506 = PLANE ( 'NONE',  #6920 ) ;
#6507 = ORIENTED_EDGE ( 'NONE', *, *, #7527, .T. ) ;
#6508 = AXIS2_PLACEMENT_3D ( 'NONE', #3875, #5254, #4634 ) ;
#6509 = DIRECTION ( 'NONE',  ( 0.7071067811865487940, -0.7071067811865463515, 0.000000000000000000 ) ) ;
#6510 = LINE ( 'NONE', #7927, #5510 ) ;
#6511 = CARTESIAN_POINT ( 'NONE',  ( 24.39326211353318996, -2.749630657015583957, 0.4000000000000000222 ) ) ;
#6512 = DIRECTION ( 'NONE',  ( -0.5000000000000029976, 0.8660254037844369313, -0.000000000000000000 ) ) ;
#6513 = CARTESIAN_POINT ( 'NONE',  ( 11.25875672974069630, -39.99999999999993605, 0.4000000000000000222 ) ) ;
#6514 = ORIENTED_EDGE ( 'NONE', *, *, #7405, .F. ) ;
#6516 = ORIENTED_EDGE ( 'NONE', *, *, #5442, .F. ) ;
#6515 = ORIENTED_EDGE ( 'NONE', *, *, #6136, .T. ) ;
#6517 = VERTEX_POINT ( 'NONE', #6989 ) ;
#6518 = EDGE_CURVE ( 'NONE', #4471, #5045, #253, .T. ) ;
#6519 = ORIENTED_EDGE ( 'NONE', *, *, #2830, .T. ) ;
#6520 = ADVANCED_FACE ( 'NONE', ( #3530 ), #2825, .T. ) ;
#6521 = CARTESIAN_POINT ( 'NONE',  ( 41.29999999999999005, 49.00000000000000000, 0.4000322408422330445 ) ) ;
#6522 = CARTESIAN_POINT ( 'NONE',  ( -38.10000000000000142, -45.79999999999999005, 0.3999999999999999667 ) ) ;
#6523 = FACE_BOUND ( 'NONE', #7130, .T. ) ;
#6524 = ORIENTED_EDGE ( 'NONE', *, *, #1614, .T. ) ;
#6525 = EDGE_CURVE ( 'NONE', #3017, #6604, #6822, .T. ) ;
#6526 = EDGE_CURVE ( 'NONE', #1246, #6422, #5493, .T. ) ;
#6527 = LINE ( 'NONE', #7275, #1339 ) ;
#6528 = ORIENTED_EDGE ( 'NONE', *, *, #6852, .T. ) ;
#6529 = ORIENTED_EDGE ( 'NONE', *, *, #6689, .T. ) ;
#6530 = ORIENTED_EDGE ( 'NONE', *, *, #3305, .T. ) ;
#6531 = CARTESIAN_POINT ( 'NONE',  ( -36.50000000000002132, -45.79999999999999005, -0.3499999999999957034 ) ) ;
#6532 = FACE_OUTER_BOUND ( 'NONE', #7392, .T. ) ;
#6533 = LINE ( 'NONE', #2492, #4907 ) ;
#6534 = VECTOR ( 'NONE', #8597, 1000.000000000000000 ) ;
#6535 = DIRECTION ( 'NONE',  ( -1.000000000000000000, -3.330669073875469621E-15, 0.000000000000000000 ) ) ;
#6536 = VECTOR ( 'NONE', #6500, 1000.000000000000114 ) ;
#6537 = ORIENTED_EDGE ( 'NONE', *, *, #2083, .T. ) ;
#6538 = VECTOR ( 'NONE', #3916, 1000.000000000000114 ) ;
#6539 = CARTESIAN_POINT ( 'NONE',  ( 11.25875672974064479, 2.500000000000024869, -0.4000000000000000222 ) ) ;
#6540 = VECTOR ( 'NONE', #4063, 1000.000000000000000 ) ;
#6541 = CIRCLE ( 'NONE', #1571, 1.599999999999997202 ) ;
#6542 = DIRECTION ( 'NONE',  ( 0.000000000000000000, 0.000000000000000000, -1.000000000000000000 ) ) ;
#6543 = ORIENTED_EDGE ( 'NONE', *, *, #4273, .F. ) ;
#6544 = ORIENTED_EDGE ( 'NONE', *, *, #2718, .T. ) ;
#6545 = DIRECTION ( 'NONE',  ( 0.7071067811865519026, 0.000000000000000000, 0.7071067811865431318 ) ) ;
#6546 = LINE ( 'NONE', #473, #486 ) ;
#6547 = CARTESIAN_POINT ( 'NONE',  ( 34.06345264191648425, 31.00036934298429259, -0.4000000000000000222 ) ) ;
#6548 = DIRECTION ( 'NONE',  ( -1.224646799147353207E-16, 1.000000000000000000, 0.000000000000000000 ) ) ;
#6549 = CARTESIAN_POINT ( 'NONE',  ( -25.24963065701559728, -2.749630657015575963, -0.4000000000000000222 ) ) ;
#6550 = LINE ( 'NONE', #3698, #1488 ) ;
#6551 = EDGE_LOOP ( 'NONE', ( #87, #3604, #5494, #1064 ) ) ;
#6552 = DIRECTION ( 'NONE',  ( -0.000000000000000000, -0.000000000000000000, 1.000000000000000000 ) ) ;
#6553 = ORIENTED_EDGE ( 'NONE', *, *, #420, .F. ) ;
#6554 = DIRECTION ( 'NONE',  ( -1.000000000000000000, -3.330669073875469621E-15, 0.000000000000000000 ) ) ;
#6555 = CARTESIAN_POINT ( 'NONE',  ( -11.40288105676660813, -2.749630657015576851, -0.4000000000000000222 ) ) ;
#6556 = CARTESIAN_POINT ( 'NONE',  ( 14.72200538379252066, -2.499999999999980904, -0.4000000000000000222 ) ) ;
#6557 = CARTESIAN_POINT ( 'NONE',  ( 16.31057158514986938, 41.24999999999982947, 0.4000000000000000222 ) ) ;
#6558 = VECTOR ( 'NONE', #8672, 1000.000000000000114 ) ;
#6559 = DIRECTION ( 'NONE',  ( -1.000000000000000000, -3.330669073875469621E-15, -0.000000000000000000 ) ) ;
#6560 = ORIENTED_EDGE ( 'NONE', *, *, #3182, .F. ) ;
#6561 = VECTOR ( 'NONE', #8376, 1000.000000000000000 ) ;
#6563 = ORIENTED_EDGE ( 'NONE', *, *, #3451, .T. ) ;
#6562 = VERTEX_POINT ( 'NONE', #6241 ) ;
#6564 = EDGE_LOOP ( 'NONE', ( #2750, #3815, #7210, #6791 ) ) ;
#6565 = ORIENTED_EDGE ( 'NONE', *, *, #2885, .F. ) ;
#6566 = DIRECTION ( 'NONE',  ( 0.8660254037844369313, 0.5000000000000029976, 0.000000000000000000 ) ) ;
#6567 = FACE_BOUND ( 'NONE', #976, .T. ) ;
#6568 = VERTEX_POINT ( 'NONE', #6412 ) ;
#6569 = VECTOR ( 'NONE', #4807, 1000.000000000000114 ) ;
#6570 = EDGE_CURVE ( 'NONE', #7659, #2457, #4509, .T. ) ;
#6571 = AXIS2_PLACEMENT_3D ( 'NONE', #2524, #1107, #5097 ) ;
#6572 = FACE_OUTER_BOUND ( 'NONE', #2858, .T. ) ;
#6573 = VERTEX_POINT ( 'NONE', #4416 ) ;
#6574 = ORIENTED_EDGE ( 'NONE', *, *, #7408, .F. ) ;
#6575 = ORIENTED_EDGE ( 'NONE', *, *, #7162, .T. ) ;
#6576 = FACE_OUTER_BOUND ( 'NONE', #2759, .T. ) ;
#6577 = CARTESIAN_POINT ( 'NONE',  ( 25.00000000000000000, -2.499999999999980904, -0.4000000000000000222 ) ) ;
#6578 =( LENGTH_UNIT ( ) NAMED_UNIT ( * ) SI_UNIT ( .MILLI., .METRE. ) );
#6579 = DIRECTION ( 'NONE',  ( -0.000000000000000000, -0.000000000000000000, 1.000000000000000000 ) ) ;
#6580 = DIRECTION ( 'NONE',  ( 1.000000000000000000, 0.000000000000000000, 0.000000000000000000 ) ) ;
#6581 = CARTESIAN_POINT ( 'NONE',  ( -4.907690528383311879, 38.50036934298425706, -0.4000000000000000222 ) ) ;
#6582 = VECTOR ( 'NONE', #1551, 999.9999999999998863 ) ;
#6583 = VERTEX_POINT ( 'NONE', #388 ) ;
#6584 = VERTEX_POINT ( 'NONE', #7830 ) ;
#6585 = DIRECTION ( 'NONE',  ( 0.8660254037844369313, 0.5000000000000029976, 0.000000000000000000 ) ) ;
#6586 = DIRECTION ( 'NONE',  ( -8.326672684688671095E-16, 1.000000000000000000, 0.000000000000000000 ) ) ;
#6587 = ADVANCED_FACE ( 'NONE', ( #7033 ), #8492, .T. ) ;
#6588 = DIRECTION ( 'NONE',  ( 0.4999999999999968359, 0.8660254037844404840, 0.000000000000000000 ) ) ;
#6589 = VECTOR ( 'NONE', #4098, 1000.000000000000000 ) ;
#6590 = CARTESIAN_POINT ( 'NONE',  ( -37.49999999999998579, -39.99999999999993605, -0.4000000000000000222 ) ) ;
#6591 = LINE ( 'NONE', #6549, #1650 ) ;
#6592 = CARTESIAN_POINT ( 'NONE',  ( 24.39326211353318996, -40.24963065701543741, 0.4000000000000000222 ) ) ;
#6593 = ORIENTED_EDGE ( 'NONE', *, *, #1044, .T. ) ;
#6594 = CARTESIAN_POINT ( 'NONE',  ( -30.88845264191652973, -1.000369342984384957, -0.4000000000000000222 ) ) ;
#6595 = ORIENTED_EDGE ( 'NONE', *, *, #4847, .T. ) ;
#6596 = VECTOR ( 'NONE', #4710, 1000.000000000000000 ) ;
#6597 = LINE ( 'NONE', #3353, #2728 ) ;
#6598 = DIRECTION ( 'NONE',  ( 0.000000000000000000, 0.000000000000000000, 1.000000000000000000 ) ) ;
#6599 = LINE ( 'NONE', #7387, #6805 ) ;
#6600 = DIRECTION ( 'NONE',  ( -1.000000000000000000, 0.000000000000000000, 0.000000000000000000 ) ) ;
#6601 = EDGE_CURVE ( 'NONE', #3665, #2036, #1139, .T. ) ;
#6602 = LINE ( 'NONE', #1900, #5402 ) ;
#6604 = VERTEX_POINT ( 'NONE', #7167 ) ;
#6603 = VERTEX_POINT ( 'NONE', #7878 ) ;
#6605 = CIRCLE ( 'NONE', #5187, 1.600000000000000089 ) ;
#6606 = VERTEX_POINT ( 'NONE', #1758 ) ;
#6607 = ORIENTED_EDGE ( 'NONE', *, *, #5410, .T. ) ;
#6608 = EDGE_CURVE ( 'NONE', #1690, #3096, #956, .T. ) ;
#6609 = CARTESIAN_POINT ( 'NONE',  ( 25.00000000000000000, 39.99999999999999289, -0.4000000000000000222 ) ) ;
#6610 = VECTOR ( 'NONE', #5331, 1000.000000000000000 ) ;
#6611 = ADVANCED_FACE ( 'NONE', ( #5788 ), #6506, .T. ) ;
#6612 = LINE ( 'NONE', #7355, #4012 ) ;
#6613 = ORIENTED_EDGE ( 'NONE', *, *, #8102, .F. ) ;
#6614 = AXIS2_PLACEMENT_3D ( 'NONE', #3163, #469, #8575 ) ;
#6615 = VECTOR ( 'NONE', #6054, 1000.000000000000000 ) ;
#6616 = DIRECTION ( 'NONE',  ( -1.000000000000000000, -3.330669073875469621E-15, -0.000000000000000000 ) ) ;
#6617 = EDGE_CURVE ( 'NONE', #8692, #7360, #1094, .T. ) ;
#6618 = ORIENTED_EDGE ( 'NONE', *, *, #6525, .F. ) ;
#6619 = EDGE_LOOP ( 'NONE', ( #2611, #6446, #2927, #7844 ) ) ;
#6620 = ORIENTED_EDGE ( 'NONE', *, *, #3886, .T. ) ;
#6621 = DIRECTION ( 'NONE',  ( 0.7071067811865487940, -0.7071067811865463515, 0.000000000000000000 ) ) ;
#6622 = PLANE ( 'NONE',  #6955 ) ;
#6623 = EDGE_CURVE ( 'NONE', #6840, #5121, #480, .T. ) ;
#6624 = CARTESIAN_POINT ( 'NONE',  ( -30.02264047840348127, -39.99999999999993605, -0.4000000000000000222 ) ) ;
#6625 = DIRECTION ( 'NONE',  ( 0.8660254037844404840, -0.4999999999999968359, 0.000000000000000000 ) ) ;
#6626 = FACE_OUTER_BOUND ( 'NONE', #4257, .T. ) ;
#6627 = ORIENTED_EDGE ( 'NONE', *, *, #2156, .T. ) ;
#6628 = VERTEX_POINT ( 'NONE', #1807 ) ;
#6629 = DIRECTION ( 'NONE',  ( -0.000000000000000000, -0.000000000000000000, 1.000000000000000000 ) ) ;
#6630 = MANIFOLD_SOLID_BREP ( 'CSK for M3 Countersunk Flat Head Screw2', #3487 ) ;
#6631 = EDGE_CURVE ( 'NONE', #6517, #3874, #2369, .T. ) ;
#6632 = CARTESIAN_POINT ( 'NONE',  ( -37.50000000000000000, 2.500000000000024869, -0.4000000000000000222 ) ) ;
#6633 = CARTESIAN_POINT ( 'NONE',  ( 34.06345264191648425, -43.99963065701540188, -0.4000000000000000222 ) ) ;
#6634 = AXIS2_PLACEMENT_3D ( 'NONE', #7514, #4778, #163 ) ;
#6635 = LINE ( 'NONE', #6676, #7806 ) ;
#6636 = CARTESIAN_POINT ( 'NONE',  ( -4.041878364870269635, 39.99999999999999289, -0.4000000000000000222 ) ) ;
#6637 = ADVANCED_FACE ( 'NONE', ( #8401 ), #5128, .T. ) ;
#6638 = CARTESIAN_POINT ( 'NONE',  ( -27.71238644055915401, 2.500000000000024425, 0.4000000000000000222 ) ) ;
#6639 = PLANE ( 'NONE',  #8332 ) ;
#6640 = ORIENTED_EDGE ( 'NONE', *, *, #1750, .F. ) ;
#6641 = CARTESIAN_POINT ( 'NONE',  ( -8.082690528383299267, -43.99963065701543030, -0.4000000000000000222 ) ) ;
#6642 = CARTESIAN_POINT ( 'NONE',  ( 41.29999999999999005, -48.43565421438101026, 0.4025655899839145624 ) ) ;
#6643 = CARTESIAN_POINT ( 'NONE',  ( -1.587500000000033218, 40.24963065701545162, -0.4000000000000000222 ) ) ;
#6644 = VECTOR ( 'NONE', #610, 999.9999999999998863 ) ;
#6645 = DIRECTION ( 'NONE',  ( 0.000000000000000000, 0.000000000000000000, -1.000000000000000000 ) ) ;
#6646 = VECTOR ( 'NONE', #834, 1000.000000000000000 ) ;
#6647 = PLANE ( 'NONE',  #874 ) ;
#6649 = ORIENTED_EDGE ( 'NONE', *, *, #6385, .F. ) ;
#6648 = ORIENTED_EDGE ( 'NONE', *, *, #1983, .F. ) ;
#6650 = ORIENTED_EDGE ( 'NONE', *, *, #8228, .T. ) ;
#6651 = EDGE_LOOP ( 'NONE', ( #7437, #3144, #7499, #7899 ) ) ;
#6652 = DIRECTION ( 'NONE',  ( 0.000000000000000000, 0.000000000000000000, -1.000000000000000000 ) ) ;
#6653 = VECTOR ( 'NONE', #2760, 1000.000000000000000 ) ;
#6654 = PLANE ( 'NONE',  #7403 ) ;
#6655 = ORIENTED_EDGE ( 'NONE', *, *, #1640, .T. ) ;
#6656 = EDGE_CURVE ( 'NONE', #4892, #5274, #4369, .T. ) ;
#6657 = FACE_OUTER_BOUND ( 'NONE', #6356, .T. ) ;
#6658 = EDGE_CURVE ( 'NONE', #7631, #2922, #7783, .T. ) ;
#6659 = VERTEX_POINT ( 'NONE', #528 ) ;
#6660 = VERTEX_POINT ( 'NONE', #2682 ) ;
#6661 = ORIENTED_EDGE ( 'NONE', *, *, #4839, .F. ) ;
#6662 = DIRECTION ( 'NONE',  ( 0.4999999999999968359, 0.8660254037844404840, 0.000000000000000000 ) ) ;
#6663 = CARTESIAN_POINT ( 'NONE',  ( 22.66057158514988501, -41.24999999999981526, 0.4000000000000000222 ) ) ;
#6664 = SHAPE_DEFINITION_REPRESENTATION ( #3356, #1873 ) ;
#6665 = CARTESIAN_POINT ( 'NONE',  ( 34.06345264191648425, -43.99963065701540188, -0.4000000000000000222 ) ) ;
#6666 = DIRECTION ( 'NONE',  ( -0.000000000000000000, -0.000000000000000000, 1.000000000000000000 ) ) ;
#6667 = DIRECTION ( 'NONE',  ( 0.000000000000000000, 0.000000000000000000, -1.000000000000000000 ) ) ;
#6668 = ORIENTED_EDGE ( 'NONE', *, *, #8717, .F. ) ;
#6669 = EDGE_LOOP ( 'NONE', ( #4903, #1552, #6174, #2683 ) ) ;
#6670 = LINE ( 'NONE', #3921, #7070 ) ;
#6671 = CIRCLE ( 'NONE', #3271, 1.599999999999997202 ) ;
#6672 = PLANE ( 'NONE',  #622 ) ;
#6673 = EDGE_CURVE ( 'NONE', #8459, #5599, #7923, .T. ) ;
#6674 = DIRECTION ( 'NONE',  ( 1.000000000000000000, 0.000000000000000000, 0.000000000000000000 ) ) ;
#6675 = CIRCLE ( 'NONE', #6952, 1.599999999999997202 ) ;
#6676 = CARTESIAN_POINT ( 'NONE',  ( 33.99963065701572162, 31.00036934298428903, -0.4000000000000000222 ) ) ;
#6677 = ORIENTED_EDGE ( 'NONE', *, *, #6338, .T. ) ;
#6678 = VECTOR ( 'NONE', #1928, 1000.000000000000114 ) ;
#6679 = DIRECTION ( 'NONE',  ( 0.000000000000000000, 0.000000000000000000, -1.000000000000000000 ) ) ;
#6680 = EDGE_CURVE ( 'NONE', #6925, #5634, #7968, .T. ) ;
#6681 = CARTESIAN_POINT ( 'NONE',  ( -17.89807158514989638, -43.99963065701541609, 0.4000000000000000222 ) ) ;
#6682 = DIRECTION ( 'NONE',  ( 0.5000000000000031086, -0.8660254037844368202, 0.000000000000000000 ) ) ;
#6683 = ORIENTED_EDGE ( 'NONE', *, *, #8072, .F. ) ;
#6684 = CARTESIAN_POINT ( 'NONE',  ( 1.731624327025834909, 39.99999999999999289, -0.4000000000000000222 ) ) ;
#6685 = CARTESIAN_POINT ( 'NONE',  ( 4.041878364870307827, -2.499999999999980904, -0.4000000000000000222 ) ) ;
#6686 = CARTESIAN_POINT ( 'NONE',  ( -41.30000000000001137, -45.52764156791305084, 1.119055016130100944 ) ) ;
#6687 = DIRECTION ( 'NONE',  ( 0.5000000000000031086, -0.8660254037844368202, 0.000000000000000000 ) ) ;
#6688 = ADVANCED_FACE ( 'NONE', ( #652 ), #4061, .T. ) ;
#6689 = EDGE_CURVE ( 'NONE', #6025, #6255, #1538, .T. ) ;
#6690 = CARTESIAN_POINT ( 'NONE',  ( 3.174999999999990496, 1.387778780781445676E-14, -0.4000000000000000222 ) ) ;
#6691 = CARTESIAN_POINT ( 'NONE',  ( 41.29999999999999005, -49.00000000000000000, -0.4000000000000000222 ) ) ;
#6692 = ORIENTED_EDGE ( 'NONE', *, *, #8506, .F. ) ;
#6693 = ORIENTED_EDGE ( 'NONE', *, *, #2767, .F. ) ;
#6694 = VERTEX_POINT ( 'NONE', #4687 ) ;
#6695 = DIRECTION ( 'NONE',  ( -0.4999999999999965583, -0.8660254037844407060, -0.000000000000000000 ) ) ;
#6696 = DIRECTION ( 'NONE',  ( 1.000000000000000000, 0.000000000000000000, 0.000000000000000000 ) ) ;
#6697 = ORIENTED_EDGE ( 'NONE', *, *, #4834, .T. ) ;
#6698 = VECTOR ( 'NONE', #2311, 1000.000000000000114 ) ;
#6699 = DIRECTION ( 'NONE',  ( -1.000000000000000000, 0.000000000000000000, 0.000000000000000000 ) ) ;
#6700 = VERTEX_POINT ( 'NONE', #2018 ) ;
#6701 = ORIENTED_EDGE ( 'NONE', *, *, #1252, .F. ) ;
#6702 = EDGE_LOOP ( 'NONE', ( #6250, #6736, #6307, #3972 ) ) ;
#6703 = CARTESIAN_POINT ( 'NONE',  ( -27.71238644055915401, 2.500000000000024869, -0.4000000000000000222 ) ) ;
#6704 = VECTOR ( 'NONE', #1542, 1000.000000000000114 ) ;
#6705 = ADVANCED_FACE ( 'NONE', ( #1225 ), #1892, .T. ) ;
#6706 = DIRECTION ( 'NONE',  ( 0.000000000000000000, 0.000000000000000000, 1.000000000000000000 ) ) ;
#6707 = LINE ( 'NONE', #1120, #2495 ) ;
#6708 = VECTOR ( 'NONE', #3512, 999.9999999999998863 ) ;
#6709 = DIRECTION ( 'NONE',  ( 1.000000000000000000, 0.000000000000000000, 0.000000000000000000 ) ) ;
#6710 = VECTOR ( 'NONE', #8462, 1000.000000000000000 ) ;
#6711 = CARTESIAN_POINT ( 'NONE',  ( 34.06345264191648425, -43.99963065701540188, 0.4041955794042776384 ) ) ;
#6712 = VECTOR ( 'NONE', #8655, 1000.000000000000000 ) ;
#6713 = ORIENTED_EDGE ( 'NONE', *, *, #2718, .F. ) ;
#6714 = ADVANCED_FACE ( 'NONE', ( #694 ), #7426, .F. ) ;
#6715 = ORIENTED_EDGE ( 'NONE', *, *, #4434, .F. ) ;
#6716 = DIRECTION ( 'NONE',  ( 0.4999999999999968359, 0.8660254037844404840, 0.000000000000000000 ) ) ;
#6717 = DIRECTION ( 'NONE',  ( 0.5000000000000031086, -0.8660254037844368202, 0.000000000000000000 ) ) ;
#6718 = CARTESIAN_POINT ( 'NONE',  ( -17.03225942163694739, -2.499999999999980904, -0.4000000000000000222 ) ) ;
#6719 = DIRECTION ( 'NONE',  ( -1.000000000000000000, -3.330669073875469621E-15, -0.000000000000000000 ) ) ;
#6720 = LINE ( 'NONE', #4548, #3554 ) ;
#6721 = VERTEX_POINT ( 'NONE', #5886 ) ;
#6722 = DIRECTION ( 'NONE',  ( 0.000000000000000000, 0.000000000000000000, 1.000000000000000000 ) ) ;
#6723 = CARTESIAN_POINT ( 'NONE',  ( -25.00000000000000000, -2.499999999999980904, -0.4000000000000000222 ) ) ;
#6724 = DIRECTION ( 'NONE',  ( 0.8660254037844404840, -0.4999999999999968359, 0.000000000000000000 ) ) ;
#6725 = ADVANCED_FACE ( 'NONE', ( #3304 ), #1311, .T. ) ;
#6726 = EDGE_LOOP ( 'NONE', ( #6099, #8352, #3549, #8070 ) ) ;
#6727 = DIRECTION ( 'NONE',  ( 0.8660254037844404840, -0.4999999999999968359, 0.000000000000000000 ) ) ;
#6728 = CARTESIAN_POINT ( 'NONE',  ( -3.175000000000018030, -37.49999999999986500, -0.4000000000000000222 ) ) ;
#6729 = LINE ( 'NONE', #6773, #8645 ) ;
#6730 = AXIS2_PLACEMENT_3D ( 'NONE', #3767, #3946, #5946 ) ;
#6731 = FACE_OUTER_BOUND ( 'NONE', #801, .T. ) ;
#6732 = EDGE_CURVE ( 'NONE', #2361, #400, #2638, .T. ) ;
#6733 = FACE_OUTER_BOUND ( 'NONE', #6741, .T. ) ;
#6734 = DIRECTION ( 'NONE',  ( -0.8660254037844368202, -0.5000000000000031086, 0.000000000000000000 ) ) ;
#6735 = ORIENTED_EDGE ( 'NONE', *, *, #4720, .T. ) ;
#6736 = ORIENTED_EDGE ( 'NONE', *, *, #6617, .F. ) ;
#6737 = VERTEX_POINT ( 'NONE', #3929 ) ;
#6738 = LINE ( 'NONE', #4033, #6183 ) ;
#6739 = EDGE_CURVE ( 'NONE', #3363, #3893, #2811, .T. ) ;
#6740 = PLANE ( 'NONE',  #2027 ) ;
#6741 = EDGE_LOOP ( 'NONE', ( #738, #8217, #467, #7143, #1375, #6755 ) ) ;
#6742 = CIRCLE ( 'NONE', #1501, 1.600000000000000089 ) ;
#6743 = ADVANCED_FACE ( 'NONE', ( #3883 ), #5223, .T. ) ;
#6744 = DIRECTION ( 'NONE',  ( -0.000000000000000000, -0.000000000000000000, 1.000000000000000000 ) ) ;
#6745 = ORIENTED_EDGE ( 'NONE', *, *, #4678, .F. ) ;
#6746 = ORIENTED_EDGE ( 'NONE', *, *, #5756, .T. ) ;
#6747 = VECTOR ( 'NONE', #5063, 1000.000000000000000 ) ;
#6748 = ORIENTED_EDGE ( 'NONE', *, *, #1161, .F. ) ;
#6749 = LINE ( 'NONE', #3995, #84 ) ;
#6750 = CARTESIAN_POINT ( 'NONE',  ( 28.54971111735626721, 36.45028888264373279, -0.4000000000000000222 ) ) ;
#6751 = VECTOR ( 'NONE', #4406, 1000.000000000000000 ) ;
#6752 = VECTOR ( 'NONE', #6679, 1000.000000000000000 ) ;
#6753 = DIRECTION ( 'NONE',  ( -0.5000000000000029976, 0.8660254037844369313, -0.000000000000000000 ) ) ;
#6754 = LINE ( 'NONE', #4802, #8704 ) ;
#6755 = ORIENTED_EDGE ( 'NONE', *, *, #4209, .F. ) ;
#6756 = ORIENTED_EDGE ( 'NONE', *, *, #7111, .F. ) ;
#6757 = ORIENTED_EDGE ( 'NONE', *, *, #3870, .T. ) ;
#6758 = LINE ( 'NONE', #1472, #3388 ) ;
#6759 = LINE ( 'NONE', #5255, #192 ) ;
#6760 = DIRECTION ( 'NONE',  ( -0.8660254037844368202, -0.5000000000000031086, 0.000000000000000000 ) ) ;
#6761 = CARTESIAN_POINT ( 'NONE',  ( 36.75077173514568329, 48.99999999999999289, 0.8020842177013047802 ) ) ;
#6762 = ADVANCED_FACE ( 'NONE', ( #4555 ), #6639, .T. ) ;
#6763 = DIRECTION ( 'NONE',  ( 0.8660254037844404840, -0.4999999999999968359, 0.000000000000000000 ) ) ;
#6764 = VERTEX_POINT ( 'NONE', #8631 ) ;
#6765 = ADVANCED_FACE ( 'NONE', ( #3264 ), #5972, .T. ) ;
#6766 = DIRECTION ( 'NONE',  ( 0.000000000000000000, 1.000000000000000000, -0.000000000000000000 ) ) ;
#6767 = CARTESIAN_POINT ( 'NONE',  ( 1.731624327025874877, -39.99999999999993605, -0.4000000000000000222 ) ) ;
#6768 = EDGE_CURVE ( 'NONE', #580, #8280, #7930, .T. ) ;
#6769 = DIRECTION ( 'NONE',  ( -0.4999999999999965028, -0.8660254037844407060, 0.000000000000000000 ) ) ;
#6770 = ORIENTED_EDGE ( 'NONE', *, *, #52, .T. ) ;
#6771 = CARTESIAN_POINT ( 'NONE',  ( -37.49999999999998579, -39.99999999999993605, -0.4000000000000000222 ) ) ;
#6772 = CARTESIAN_POINT ( 'NONE',  ( 41.29999999999999005, -47.90651126601621002, 0.5485419307054025806 ) ) ;
#6773 = CARTESIAN_POINT ( 'NONE',  ( 34.06345264191648425, -13.99963065701552445, 0.4000000000000000222 ) ) ;
#6774 = DIRECTION ( 'NONE',  ( 0.000000000000000000, 0.000000000000000000, -1.000000000000000000 ) ) ;
#6775 = FACE_OUTER_BOUND ( 'NONE', #4922, .T. ) ;
#6776 = EDGE_CURVE ( 'NONE', #3893, #3363, #3945, .T. ) ;
#6777 = ADVANCED_FACE ( 'NONE', ( #739 ), #1528, .T. ) ;
#6778 = CARTESIAN_POINT ( 'NONE',  ( -8.082690528383313477, 1.000369342984391841, -0.4000000000000000222 ) ) ;
#6779 = CARTESIAN_POINT ( 'NONE',  ( -27.56826211353321199, -2.749630657015583957, -0.4000000000000000222 ) ) ;
#6780 = ORIENTED_EDGE ( 'NONE', *, *, #7162, .F. ) ;
#6781 = VECTOR ( 'NONE', #131, 999.9999999999998863 ) ;
#6782 = PLANE ( 'NONE',  #4200 ) ;
#6783 = EDGE_LOOP ( 'NONE', ( #4113, #7805, #6697, #7177, #3756, #7709, #3412, #2192, #8271, #5849, #6900, #6496, #4541, #4531 ) ) ;
#6784 = CARTESIAN_POINT ( 'NONE',  ( -21.07307158514991841, -38.50036934298424995, -0.4000000000000000222 ) ) ;
#6785 = LINE ( 'NONE', #3280, #1319 ) ;
#6786 = ORIENTED_EDGE ( 'NONE', *, *, #3185, .T. ) ;
#6787 = AXIS2_PLACEMENT_3D ( 'NONE', #2950, #8317, #1576 ) ;
#6788 = EDGE_CURVE ( 'NONE', #607, #5092, #1438, .T. ) ;
#6789 = DIRECTION ( 'NONE',  ( 1.000000000000000000, 0.000000000000000000, 0.000000000000000000 ) ) ;
#6790 = ADVANCED_FACE ( 'NONE', ( #4773 ), #8270, .T. ) ;
#6791 = ORIENTED_EDGE ( 'NONE', *, *, #6897, .T. ) ;
#6792 = ORIENTED_EDGE ( 'NONE', *, *, #5418, .T. ) ;
#6793 = CARTESIAN_POINT ( 'NONE',  ( -21.07307158514989709, -43.99963065701543030, 0.4000000000000000222 ) ) ;
#6794 = VECTOR ( 'NONE', #3603, 1000.000000000000000 ) ;
#6795 = FACE_OUTER_BOUND ( 'NONE', #6119, .T. ) ;
#6796 = CARTESIAN_POINT ( 'NONE',  ( -34.02136538605230953, -43.99963065701543741, 0.4014065064983235454 ) ) ;
#6797 = EDGE_CURVE ( 'NONE', #1592, #4666, #5526, .T. ) ;
#6798 = ADVANCED_FACE ( 'NONE', ( #6272 ), #4660, .F. ) ;
#6799 = DIRECTION ( 'NONE',  ( 1.000000000000000000, 3.663735981263016583E-15, 0.000000000000000000 ) ) ;
#6800 = VERTEX_POINT ( 'NONE', #8184 ) ;
#6801 = ORIENTED_EDGE ( 'NONE', *, *, #2806, .T. ) ;
#6802 = EDGE_LOOP ( 'NONE', ( #3500, #4319, #5940, #6627 ) ) ;
#6803 = DIRECTION ( 'NONE',  ( -0.5000000000000029976, 0.8660254037844369313, 0.000000000000000000 ) ) ;
#6804 = CARTESIAN_POINT ( 'NONE',  ( -4.907690528383336748, 43.99963065701543741, -0.4000000000000000222 ) ) ;
#6805 = VECTOR ( 'NONE', #1315, 1000.000000000000000 ) ;
#6806 = CARTESIAN_POINT ( 'NONE',  ( 14.57788105676656443, 40.24963065701546583, 0.4000000000000000222 ) ) ;
#6807 = DIRECTION ( 'NONE',  ( 1.000000000000000000, 3.663735981263016583E-15, 0.000000000000000000 ) ) ;
#6808 = ORIENTED_EDGE ( 'NONE', *, *, #1686, .T. ) ;
#6809 = DIRECTION ( 'NONE',  ( -0.4999999999999965028, -0.8660254037844407060, 0.000000000000000000 ) ) ;
#6810 = CARTESIAN_POINT ( 'NONE',  ( -14.57788105676663015, 40.24963065701543741, -0.4000000000000000222 ) ) ;
#6811 = ORIENTED_EDGE ( 'NONE', *, *, #6885, .F. ) ;
#6812 = DIRECTION ( 'NONE',  ( 1.000000000000000000, 3.663735981263016583E-15, 0.000000000000000000 ) ) ;
#6813 = VERTEX_POINT ( 'NONE', #5569 ) ;
#6814 = LINE ( 'NONE', #75, #454 ) ;
#6815 = DIRECTION ( 'NONE',  ( 0.000000000000000000, 0.000000000000000000, 1.000000000000000000 ) ) ;
#6816 = CARTESIAN_POINT ( 'NONE',  ( 34.06345264191645583, 36.49963065701547293, -0.4000000000000000222 ) ) ;
#6817 = CARTESIAN_POINT ( 'NONE',  ( 24.39326211353318996, -2.749630657015583957, -0.4000000000000000222 ) ) ;
#6818 = VECTOR ( 'NONE', #7389, 1000.000000000000000 ) ;
#6819 = PLANE ( 'NONE',  #4400 ) ;
#6820 = DIRECTION ( 'NONE',  ( -0.4999999999999965583, -0.8660254037844407060, -0.000000000000000000 ) ) ;
#6821 = VECTOR ( 'NONE', #6308, 1000.000000000000000 ) ;
#6822 = LINE ( 'NONE', #748, #3248 ) ;
#6823 = VERTEX_POINT ( 'NONE', #4100 ) ;
#6824 = CARTESIAN_POINT ( 'NONE',  ( -34.06345264191652689, -8.500369342984363641, 0.4000000000000000222 ) ) ;
#6825 = CARTESIAN_POINT ( 'NONE',  ( 9.670190528383276529, 41.24999999999985789, 0.4000000000000000222 ) ) ;
#6826 = CARTESIAN_POINT ( 'NONE',  ( -41.30000000000001137, -45.79999999999999005, 1.119055016130101166 ) ) ;
#6827 = FACE_OUTER_BOUND ( 'NONE', #148, .T. ) ;
#6828 = VERTEX_POINT ( 'NONE', #3564 ) ;
#6829 = CARTESIAN_POINT ( 'NONE',  ( -17.89807158514991059, 1.000369342984405829, -0.4000000000000000222 ) ) ;
#6830 = ORIENTED_EDGE ( 'NONE', *, *, #986, .T. ) ;
#6831 = EDGE_LOOP ( 'NONE', ( #8682, #8340, #3541, #2261 ) ) ;
#6832 = LINE ( 'NONE', #8654, #5029 ) ;
#6833 = FACE_OUTER_BOUND ( 'NONE', #6726, .T. ) ;
#6834 = FACE_BOUND ( 'NONE', #1235, .T. ) ;
#6835 = EDGE_CURVE ( 'NONE', #5620, #1458, #866, .T. ) ;
#6836 = VECTOR ( 'NONE', #6059, 999.9999999999998863 ) ;
#6837 = DIRECTION ( 'NONE',  ( -0.000000000000000000, -0.000000000000000000, 1.000000000000000000 ) ) ;
#6838 = VECTOR ( 'NONE', #6488, 1000.000000000000000 ) ;
#6839 = EDGE_LOOP ( 'NONE', ( #558, #8504, #714, #3658 ) ) ;
#6840 = VERTEX_POINT ( 'NONE', #7468 ) ;
#6841 = ORIENTED_EDGE ( 'NONE', *, *, #7681, .F. ) ;
#6842 = CARTESIAN_POINT ( 'NONE',  ( 41.29999999999999005, -44.71977026533816968, 0.9016554308237589854 ) ) ;
#6843 = PLANE ( 'NONE',  #758 ) ;
#6844 = LINE ( 'NONE', #5519, #1790 ) ;
#6845 = EDGE_CURVE ( 'NONE', #4676, #1439, #6234, .T. ) ;
#6846 = VECTOR ( 'NONE', #33, 1000.000000000000000 ) ;
#6847 = CARTESIAN_POINT ( 'NONE',  ( 35.65095264191646862, -41.24999999999980815, -0.4000000000000000222 ) ) ;
#6848 = VECTOR ( 'NONE', #6192, 1000.000000000000000 ) ;
#6849 = ORIENTED_EDGE ( 'NONE', *, *, #4129, .F. ) ;
#6850 = CARTESIAN_POINT ( 'NONE',  ( 29.15576211353317859, -7.499999999999944045, -0.4000000000000000222 ) ) ;
#6851 = DIRECTION ( 'NONE',  ( 0.000000000000000000, 0.000000000000000000, 1.000000000000000000 ) ) ;
#6852 = EDGE_CURVE ( 'NONE', #8039, #6862, #7557, .T. ) ;
#6853 = ORIENTED_EDGE ( 'NONE', *, *, #6870, .F. ) ;
#6854 = CARTESIAN_POINT ( 'NONE',  ( -24.39326211353323259, -4.750369342984367194, -0.4000000000000000222 ) ) ;
#6855 = ORIENTED_EDGE ( 'NONE', *, *, #4291, .F. ) ;
#6856 = CARTESIAN_POINT ( 'NONE',  ( -41.30000000000001137, 49.00000000000000000, 0.4000000000000000222 ) ) ;
#6857 = CARTESIAN_POINT ( 'NONE',  ( 17.03225942163685502, -39.99999999999993605, -0.4000000000000000222 ) ) ;
#6858 = CARTESIAN_POINT ( 'NONE',  ( 30.88845264191646223, -38.50036934298423574, -0.4000000000000000222 ) ) ;
#6859 = CARTESIAN_POINT ( 'NONE',  ( -14.72200538379247803, 39.99999999999999289, 0.4000000000000000222 ) ) ;
#6860 = DIRECTION ( 'NONE',  ( 0.000000000000000000, 0.000000000000000000, -1.000000000000000000 ) ) ;
#6861 = CARTESIAN_POINT ( 'NONE',  ( -35.65095264191650415, -41.24999999999985789, -0.4000000000000000222 ) ) ;
#6862 = VERTEX_POINT ( 'NONE', #1484 ) ;
#6863 = VECTOR ( 'NONE', #7412, 999.9999999999998863 ) ;
#6864 = ORIENTED_EDGE ( 'NONE', *, *, #4105, .T. ) ;
#6865 = LINE ( 'NONE', #795, #6781 ) ;
#6866 = CARTESIAN_POINT ( 'NONE',  ( -30.88845264191652973, -1.000369342984384957, 0.4000000000000000222 ) ) ;
#6867 = PLANE ( 'NONE',  #2588 ) ;
#6868 = ORIENTED_EDGE ( 'NONE', *, *, #3958, .T. ) ;
#6869 = AXIS2_PLACEMENT_3D ( 'NONE', #3791, #478, #1757 ) ;
#6870 = EDGE_CURVE ( 'NONE', #1115, #966, #6098, .T. ) ;
#6871 = EDGE_CURVE ( 'NONE', #6447, #3626, #5611, .T. ) ;
#6872 = DIRECTION ( 'NONE',  ( -0.000000000000000000, -0.000000000000000000, 1.000000000000000000 ) ) ;
#6873 = EDGE_LOOP ( 'NONE', ( #1564, #1412, #6575, #5633 ) ) ;
#6874 = ORIENTED_EDGE ( 'NONE', *, *, #277, .T. ) ;
#6875 = ORIENTED_EDGE ( 'NONE', *, *, #5334, .T. ) ;
#6876 = EDGE_CURVE ( 'NONE', #926, #8576, #2232, .T. ) ;
#6877 = VECTOR ( 'NONE', #7232, 1000.000000000000000 ) ;
#6878 = CARTESIAN_POINT ( 'NONE',  ( -34.06345264191650557, 1.000369342984398724, -0.4000000000000000222 ) ) ;
#6879 = CARTESIAN_POINT ( 'NONE',  ( -30.01435348815406101, 34.98564651184594254, 0.4000000000000000222 ) ) ;
#6880 = ADVANCED_FACE ( 'NONE', ( #5435 ), #824, .T. ) ;
#6881 = AXIS2_PLACEMENT_3D ( 'NONE', #97, #8250, #4799 ) ;
#6882 = DIRECTION ( 'NONE',  ( 0.8660254037844369313, 0.5000000000000029976, 0.000000000000000000 ) ) ;
#6883 = VERTEX_POINT ( 'NONE', #6146 ) ;
#6884 = ORIENTED_EDGE ( 'NONE', *, *, #4182, .F. ) ;
#6885 = EDGE_CURVE ( 'NONE', #6958, #632, #4819, .T. ) ;
#6886 = ORIENTED_EDGE ( 'NONE', *, *, #6972, .T. ) ;
#6887 = LINE ( 'NONE', #7589, #3525 ) ;
#6888 = VECTOR ( 'NONE', #3704, 1000.000000000000000 ) ;
#6889 = DIRECTION ( 'NONE',  ( 0.000000000000000000, 0.000000000000000000, -1.000000000000000000 ) ) ;
#6890 = LINE ( 'NONE', #686, #5051 ) ;
#6891 = LINE ( 'NONE', #4897, #7263 ) ;
#6892 = VECTOR ( 'NONE', #3614, 999.9999999999998863 ) ;
#6893 = ORIENTED_EDGE ( 'NONE', *, *, #4921, .F. ) ;
#6894 = VECTOR ( 'NONE', #6911, 1000.000000000000000 ) ;
#6895 = DIRECTION ( 'NONE',  ( 0.4999999999999968359, 0.8660254037844404840, 0.000000000000000000 ) ) ;
#6896 = LINE ( 'NONE', #5432, #8301 ) ;
#6897 = EDGE_CURVE ( 'NONE', #3188, #4186, #2062, .T. ) ;
#6898 = ORIENTED_EDGE ( 'NONE', *, *, #6451, .T. ) ;
#6899 = CARTESIAN_POINT ( 'NONE',  ( 27.56826211353319067, -40.24963065701542320, 0.4000000000000000222 ) ) ;
#6900 = ORIENTED_EDGE ( 'NONE', *, *, #7656, .T. ) ;
#6901 = CARTESIAN_POINT ( 'NONE',  ( 22.66057158514987080, 41.24999999999985789, 0.4000000000000000222 ) ) ;
#6902 = DIRECTION ( 'NONE',  ( -0.7071067811865483499, 0.7071067811865467956, 0.000000000000000000 ) ) ;
#6903 = VECTOR ( 'NONE', #3556, 1000.000000000000000 ) ;
#6904 = FACE_OUTER_BOUND ( 'NONE', #4991, .T. ) ;
#6905 = EDGE_CURVE ( 'NONE', #5429, #8555, #8141, .T. ) ;
#6906 = DIRECTION ( 'NONE',  ( -1.000000000000000000, 0.000000000000000000, 0.000000000000000000 ) ) ;
#6907 = LINE ( 'NONE', #6861, #2242 ) ;
#6908 = EDGE_LOOP ( 'NONE', ( #3277, #6553, #1206, #154 ) ) ;
#6909 = ORIENTED_EDGE ( 'NONE', *, *, #2537, .F. ) ;
#6910 = LINE ( 'NONE', #8240, #6067 ) ;
#6911 = DIRECTION ( 'NONE',  ( -0.000000000000000000, -0.000000000000000000, 1.000000000000000000 ) ) ;
#6912 = LINE ( 'NONE', #176, #3297 ) ;
#6913 = VERTEX_POINT ( 'NONE', #2730 ) ;
#6914 = VECTOR ( 'NONE', #1937, 1000.000000000000000 ) ;
#6915 = DIRECTION ( 'NONE',  ( 0.5000000000000032196, -0.8660254037844368202, 0.000000000000000000 ) ) ;
#6916 = VERTEX_POINT ( 'NONE', #4145 ) ;
#6917 = ORIENTED_EDGE ( 'NONE', *, *, #2726, .T. ) ;
#6918 = EDGE_LOOP ( 'NONE', ( #3383, #6959, #2835, #3149 ) ) ;
#6919 = DIRECTION ( 'NONE',  ( -0.5000000000000029976, 0.8660254037844369313, -0.000000000000000000 ) ) ;
#6920 = AXIS2_PLACEMENT_3D ( 'NONE', #3838, #8361, #1712 ) ;
#6921 = FACE_BOUND ( 'NONE', #86, .T. ) ;
#6922 = ADVANCED_FACE ( 'NONE', ( #2815 ), #2859, .T. ) ;
#6923 = LINE ( 'NONE', #850, #3459 ) ;
#6924 = VECTOR ( 'NONE', #28, 1000.000000000000000 ) ;
#6925 = VERTEX_POINT ( 'NONE', #8438 ) ;
#6926 = ORIENTED_EDGE ( 'NONE', *, *, #2069, .T. ) ;
#6927 = EDGE_CURVE ( 'NONE', #5666, #735, #7776, .T. ) ;
#6928 = ORIENTED_EDGE ( 'NONE', *, *, #6143, .F. ) ;
#6929 = CARTESIAN_POINT ( 'NONE',  ( 41.29999999999999005, -45.11656336606732509, 1.020246828106366133 ) ) ;
#6930 = CARTESIAN_POINT ( 'NONE',  ( -21.07307158514991130, 1.000369342984391841, -0.4000000000000000222 ) ) ;
#6931 = CARTESIAN_POINT ( 'NONE',  ( 38.10000000000000142, 45.79999999999999005, -0.3499999999999957034 ) ) ;
#6932 = DIRECTION ( 'NONE',  ( -1.000000000000000000, -3.330669073875469621E-15, 0.000000000000000000 ) ) ;
#6933 = ORIENTED_EDGE ( 'NONE', *, *, #6358, .F. ) ;
#6934 = CARTESIAN_POINT ( 'NONE',  ( -22.80576211353321980, 2.775557561562891351E-14, 0.4000000000000000222 ) ) ;
#6935 = DIRECTION ( 'NONE',  ( 0.4999999999999968359, 0.8660254037844404840, 0.000000000000000000 ) ) ;
#6936 = ADVANCED_FACE ( 'NONE', ( #6448 ), #6357, .T. ) ;
#6937 = ORIENTED_EDGE ( 'NONE', *, *, #3049, .F. ) ;
#6938 = CARTESIAN_POINT ( 'NONE',  ( -3.175000000000011369, -1.387778780781445676E-14, -0.4000000000000000222 ) ) ;
#6939 = ORIENTED_EDGE ( 'NONE', *, *, #1639, .F. ) ;
#6940 = CYLINDRICAL_SURFACE ( 'NONE', #1599, 1.599999999999997202 ) ;
#6941 = DIRECTION ( 'NONE',  ( -1.000000000000000000, -0.000000000000000000, -0.000000000000000000 ) ) ;
#6942 = CARTESIAN_POINT ( 'NONE',  ( 33.56435935394490144, 45.79999999999999005, 0.3999999999999999667 ) ) ;
#6943 = EDGE_CURVE ( 'NONE', #4234, #8651, #2943, .T. ) ;
#6944 = CARTESIAN_POINT ( 'NONE',  ( 34.06345264191645583, 36.49963065701547293, -0.4000000000000000222 ) ) ;
#6945 = CARTESIAN_POINT ( 'NONE',  ( 17.89807158514989638, -43.99963065701542320, -0.4000000000000000222 ) ) ;
#6946 = ORIENTED_EDGE ( 'NONE', *, *, #1342, .T. ) ;
#6947 = ORIENTED_EDGE ( 'NONE', *, *, #7515, .F. ) ;
#6948 = CARTESIAN_POINT ( 'NONE',  ( -11.40288105676663299, 40.24963065701545162, 0.4000000000000000222 ) ) ;
#6949 = CARTESIAN_POINT ( 'NONE',  ( 14.72200538379252066, -2.499999999999980904, -0.4000000000000000222 ) ) ;
#6950 = VECTOR ( 'NONE', #7608, 1000.000000000000000 ) ;
#6951 = CARTESIAN_POINT ( 'NONE',  ( 34.06345264191645583, -1.000369342984370968, -0.4000000000000000222 ) ) ;
#6952 = AXIS2_PLACEMENT_3D ( 'NONE', #8356, #5075, #3693 ) ;
#6953 = ORIENTED_EDGE ( 'NONE', *, *, #6056, .F. ) ;
#6954 = AXIS2_PLACEMENT_3D ( 'NONE', #7106, #5021, #7725 ) ;
#6955 = AXIS2_PLACEMENT_3D ( 'NONE', #3156, #551, #5722 ) ;
#6956 = VECTOR ( 'NONE', #688, 1000.000000000000000 ) ;
#6957 = ORIENTED_EDGE ( 'NONE', *, *, #1128, .F. ) ;
#6958 = VERTEX_POINT ( 'NONE', #285 ) ;
#6959 = ORIENTED_EDGE ( 'NONE', *, *, #4010, .T. ) ;
#6960 = EDGE_CURVE ( 'NONE', #5285, #5799, #247, .T. ) ;
#6961 = CARTESIAN_POINT ( 'NONE',  ( -24.39326211353323259, 40.24963065701546583, -0.4000000000000000222 ) ) ;
#6962 = FACE_BOUND ( 'NONE', #4031, .T. ) ;
#6963 = VERTEX_POINT ( 'NONE', #3738 ) ;
#6964 = CARTESIAN_POINT ( 'NONE',  ( 17.89807158514988217, 1.000369342984398724, 0.4000000000000000222 ) ) ;
#6965 = EDGE_LOOP ( 'NONE', ( #4167, #4946, #4849, #1691, #3531 ) ) ;
#6966 = VERTEX_POINT ( 'NONE', #1705 ) ;
#6967 = VERTEX_POINT ( 'NONE', #379 ) ;
#6968 = LINE ( 'NONE', #899, #8487 ) ;
#6969 = LINE ( 'NONE', #772, #5705 ) ;
#6970 = PLANE ( 'NONE',  #3055 ) ;
#6971 = CARTESIAN_POINT ( 'NONE',  ( -17.89807158514991059, 38.50036934298425706, -0.4000000000000000222 ) ) ;
#6972 = EDGE_CURVE ( 'NONE', #7444, #7578, #425, .T. ) ;
#6973 = ORIENTED_EDGE ( 'NONE', *, *, #2007, .F. ) ;
#6974 = VECTOR ( 'NONE', #807, 1000.000000000000114 ) ;
#6975 = EDGE_CURVE ( 'NONE', #7277, #2972, #2410, .T. ) ;
#6976 = LINE ( 'NONE', #7153, #1999 ) ;
#6977 = CARTESIAN_POINT ( 'NONE',  ( -27.56826211353321199, -2.749630657015583957, 0.4000000000000000222 ) ) ;
#6978 = VERTEX_POINT ( 'NONE', #8484 ) ;
#6979 = DIRECTION ( 'NONE',  ( 0.4999999999999968359, 0.8660254037844404840, 0.000000000000000000 ) ) ;
#6980 = ORIENTED_EDGE ( 'NONE', *, *, #6190, .T. ) ;
#6981 = DIRECTION ( 'NONE',  ( 0.000000000000000000, 0.000000000000000000, -1.000000000000000000 ) ) ;
#6982 = DIRECTION ( 'NONE',  ( -0.7071067811865483499, -0.7071067811865467956, 0.000000000000000000 ) ) ;
#6983 = VECTOR ( 'NONE', #6072, 1000.000000000000000 ) ;
#6984 = AXIS2_PLACEMENT_3D ( 'NONE', #1038, #5735, #7730 ) ;
#6985 = CARTESIAN_POINT ( 'NONE',  ( -36.50000000000000711, 45.79999999999999005, -0.4000000000000000222 ) ) ;
#6986 = VECTOR ( 'NONE', #1772, 1000.000000000000000 ) ;
#6987 = LINE ( 'NONE', #3610, #2914 ) ;
#6988 = EDGE_CURVE ( 'NONE', #1954, #5988, #7822, .T. ) ;
#6989 = CARTESIAN_POINT ( 'NONE',  ( 35.65095264191646862, -41.24999999999980815, 0.4000000000000000222 ) ) ;
#6990 = ORIENTED_EDGE ( 'NONE', *, *, #8746, .T. ) ;
#6991 = VECTOR ( 'NONE', #8384, 999.9999999999998863 ) ;
#6992 = CARTESIAN_POINT ( 'NONE',  ( 21.07307158514988288, 1.000369342984412713, 0.4000000000000000222 ) ) ;
#6993 = DIRECTION ( 'NONE',  ( -0.4999999999999965028, -0.8660254037844407060, 0.000000000000000000 ) ) ;
#6994 = EDGE_CURVE ( 'NONE', #118, #8374, #4454, .T. ) ;
#6995 = CARTESIAN_POINT ( 'NONE',  ( 25.00000000000000000, -2.499999999999980904, 0.6000000000000000888 ) ) ;
#6996 = DIRECTION ( 'NONE',  ( 0.000000000000000000, 0.000000000000000000, -1.000000000000000000 ) ) ;
#6997 = LINE ( 'NONE', #6330, #619 ) ;
#6998 = ORIENTED_EDGE ( 'NONE', *, *, #2218, .F. ) ;
#6999 = ORIENTED_EDGE ( 'NONE', *, *, #4886, .T. ) ;
#7000 = VERTEX_POINT ( 'NONE', #4500 ) ;
#7001 = EDGE_CURVE ( 'NONE', #5712, #1947, #3121, .T. ) ;
#7002 = ORIENTED_EDGE ( 'NONE', *, *, #7420, .F. ) ;
#7003 = CARTESIAN_POINT ( 'NONE',  ( -29.30095264191651694, 41.24999999999985789, 0.4000000000000000222 ) ) ;
#7004 = VECTOR ( 'NONE', #5102, 1000.000000000000000 ) ;
#7005 = CARTESIAN_POINT ( 'NONE',  ( 0.000000000000000000, -39.99999999999993605, 0.4000000000000000222 ) ) ;
#7006 = ORIENTED_EDGE ( 'NONE', *, *, #1614, .F. ) ;
#7007 = ADVANCED_FACE ( 'NONE', ( #7157 ), #6312, .T. ) ;
#7008 = DIRECTION ( 'NONE',  ( 0.000000000000000000, 1.000000000000000000, -0.000000000000000000 ) ) ;
#7009 = VERTEX_POINT ( 'NONE', #1612 ) ;
#7010 = ORIENTED_EDGE ( 'NONE', *, *, #7672, .T. ) ;
#7011 = ORIENTED_EDGE ( 'NONE', *, *, #6658, .T. ) ;
#7012 = CARTESIAN_POINT ( 'NONE',  ( -35.65095264191651836, -3.749999999999996447, -0.4000000000000000222 ) ) ;
#7013 = DIRECTION ( 'NONE',  ( -1.000000000000000000, 0.000000000000000000, 0.000000000000000000 ) ) ;
#7014 = CARTESIAN_POINT ( 'NONE',  ( -21.07307158514992906, -1.000369342984391841, -0.4000000000000000222 ) ) ;
#7015 = DIRECTION ( 'NONE',  ( -0.8660254037844407060, 0.4999999999999965028, 0.000000000000000000 ) ) ;
#7016 = LINE ( 'NONE', #2227, #2580 ) ;
#7017 = ORIENTED_EDGE ( 'NONE', *, *, #4795, .T. ) ;
#7018 = CARTESIAN_POINT ( 'NONE',  ( 29.30095264191647075, 41.24999999999982947, 0.4000000000000000222 ) ) ;
#7019 = VECTOR ( 'NONE', #1663, 1000.000000000000000 ) ;
#7020 = LINE ( 'NONE', #3118, #6317 ) ;
#7021 = VERTEX_POINT ( 'NONE', #949 ) ;
#7022 = DIRECTION ( 'NONE',  ( 0.000000000000000000, 0.000000000000000000, 1.000000000000000000 ) ) ;
#7023 = LINE ( 'NONE', #7870, #4996 ) ;
#7024 = VECTOR ( 'NONE', #240, 999.9999999999998863 ) ;
#7025 = LINE ( 'NONE', #8534, #120 ) ;
#7026 = EDGE_CURVE ( 'NONE', #1330, #4219, #8531, .T. ) ;
#7027 = VECTOR ( 'NONE', #2315, 1000.000000000000114 ) ;
#7028 = VECTOR ( 'NONE', #4703, 1000.000000000000114 ) ;
#7029 = EDGE_CURVE ( 'NONE', #5143, #6913, #3650, .T. ) ;
#7030 = LINE ( 'NONE', #5833, #5819 ) ;
#7031 = DIRECTION ( 'NONE',  ( 0.5000000000000031086, -0.8660254037844368202, 0.000000000000000000 ) ) ;
#7032 = EDGE_CURVE ( 'NONE', #3665, #6068, #8394, .T. ) ;
#7033 = FACE_OUTER_BOUND ( 'NONE', #2008, .T. ) ;
#7034 = ORIENTED_EDGE ( 'NONE', *, *, #3691, .F. ) ;
#7035 = CARTESIAN_POINT ( 'NONE',  ( 22.80576211353317717, -37.49999999999985079, 0.4000000000000000222 ) ) ;
#7036 = DIRECTION ( 'NONE',  ( -0.7071067811865519026, 8.659560562354987092E-17, 0.7071067811865431318 ) ) ;
#7037 = CARTESIAN_POINT ( 'NONE',  ( -21.07307158514992906, 43.99963065701542320, 0.4000000000000000222 ) ) ;
#7038 = CARTESIAN_POINT ( 'NONE',  ( 3.320190528383275108, 41.24999999999982947, 0.4000000000000000222 ) ) ;
#7039 = CARTESIAN_POINT ( 'NONE',  ( 30.88845264191648354, -6.499630657015566193, 0.4000000000000000222 ) ) ;
#7040 = ORIENTED_EDGE ( 'NONE', *, *, #8045, .F. ) ;
#7041 = ORIENTED_EDGE ( 'NONE', *, *, #3798, .T. ) ;
#7042 = ORIENTED_EDGE ( 'NONE', *, *, #2252, .T. ) ;
#7043 = ORIENTED_EDGE ( 'NONE', *, *, #6010, .F. ) ;
#7044 = VECTOR ( 'NONE', #6982, 1000.000000000000000 ) ;
#7045 = CARTESIAN_POINT ( 'NONE',  ( -11.40288105676659924, -40.24963065701543741, 0.4000000000000000222 ) ) ;
#7046 = FACE_BOUND ( 'NONE', #5822, .T. ) ;
#7047 = ORIENTED_EDGE ( 'NONE', *, *, #5604, .T. ) ;
#7048 = EDGE_CURVE ( 'NONE', #4803, #6925, #7067, .T. ) ;
#7049 = ADVANCED_FACE ( 'NONE', ( #5025 ), #7729, .T. ) ;
#7050 = CARTESIAN_POINT ( 'NONE',  ( 41.29999999999999716, 46.87638141612938369, 0.9029412900520664698 ) ) ;
#7051 = ORIENTED_EDGE ( 'NONE', *, *, #6225, .T. ) ;
#7052 = ORIENTED_EDGE ( 'NONE', *, *, #4678, .T. ) ;
#7053 = ORIENTED_EDGE ( 'NONE', *, *, #2270, .T. ) ;
#7054 = LINE ( 'NONE', #7097, #5652 ) ;
#7055 = CARTESIAN_POINT ( 'NONE',  ( -38.10000000000000142, -45.79999999999999005, 0.4000000000000000222 ) ) ;
#7056 = VECTOR ( 'NONE', #1670, 1000.000000000000000 ) ;
#7057 = FACE_OUTER_BOUND ( 'NONE', #219, .T. ) ;
#7058 = EDGE_CURVE ( 'NONE', #6255, #6025, #5084, .T. ) ;
#7059 = CARTESIAN_POINT ( 'NONE',  ( -21.07307158514992906, 43.99963065701542320, -0.4000000000000000222 ) ) ;
#7060 = ADVANCED_FACE ( 'NONE', ( #4006 ), #7243, .T. ) ;
#7061 = CARTESIAN_POINT ( 'NONE',  ( -17.03225942163686923, 39.99999999999999289, -0.4000000000000000222 ) ) ;
#7062 = ORIENTED_EDGE ( 'NONE', *, *, #780, .T. ) ;
#7063 = MECHANICAL_DESIGN_GEOMETRIC_PRESENTATION_REPRESENTATION (  '', ( #2111 ), #8063 ) ;
#7064 = CARTESIAN_POINT ( 'NONE',  ( -3.320190528383309747, -41.24999999999982236, -0.4000000000000000222 ) ) ;
#7065 = CARTESIAN_POINT ( 'NONE',  ( 34.06345264191645583, 43.99963065701543741, 0.4041955794042770833 ) ) ;
#7066 = ORIENTED_EDGE ( 'NONE', *, *, #3777, .F. ) ;
#7067 = LINE ( 'NONE', #2317, #4811 ) ;
#7068 = CARTESIAN_POINT ( 'NONE',  ( 30.01435348815403614, 34.98564651184597096, -0.4000000000000000222 ) ) ;
#7069 = CARTESIAN_POINT ( 'NONE',  ( -8.082690528383333017, 43.99963065701542320, 0.4000000000000000222 ) ) ;
#7070 = VECTOR ( 'NONE', #7201, 1000.000000000000000 ) ;
#7071 = LINE ( 'NONE', #1842, #7951 ) ;
#7072 = CARTESIAN_POINT ( 'NONE',  ( -41.30000000000001847, -48.44713328778968275, 0.4025140604048698112 ) ) ;
#7073 = CARTESIAN_POINT ( 'NONE',  ( -38.38667409990134161, 48.99999999999999289, 1.103532211822327636 ) ) ;
#7074 = CARTESIAN_POINT ( 'NONE',  ( 4.907690528383295003, -43.99963065701543030, -0.4000000000000000222 ) ) ;
#7075 = VERTEX_POINT ( 'NONE', #1175 ) ;
#7076 = DIRECTION ( 'NONE',  ( -0.5000000000000029976, 0.8660254037844369313, -0.000000000000000000 ) ) ;
#7077 = PLANE ( 'NONE',  #2947 ) ;
#7078 = DIRECTION ( 'NONE',  ( -0.000000000000000000, -0.000000000000000000, 1.000000000000000000 ) ) ;
#7079 = AXIS2_PLACEMENT_3D ( 'NONE', #3227, #3976, #532 ) ;
#7080 = LINE ( 'NONE', #1006, #6888 ) ;
#7081 = DIRECTION ( 'NONE',  ( -0.000000000000000000, -0.000000000000000000, 1.000000000000000000 ) ) ;
#7082 = ORIENTED_EDGE ( 'NONE', *, *, #8552, .T. ) ;
#7083 = ORIENTED_EDGE ( 'NONE', *, *, #6407, .T. ) ;
#7084 = AXIS2_PLACEMENT_3D ( 'NONE', #4334, #1053, #2474 ) ;
#7085 = ORIENTED_EDGE ( 'NONE', *, *, #3150, .F. ) ;
#7086 = ORIENTED_EDGE ( 'NONE', *, *, #5101, .T. ) ;
#7087 = DIRECTION ( 'NONE',  ( -0.000000000000000000, -0.000000000000000000, 1.000000000000000000 ) ) ;
#7088 = CARTESIAN_POINT ( 'NONE',  ( -22.80576211353321980, 2.775557561562891351E-14, -0.4000000000000000222 ) ) ;
#7089 = FACE_BOUND ( 'NONE', #3689, .T. ) ;
#7090 = VERTEX_POINT ( 'NONE', #561 ) ;
#7091 = VECTOR ( 'NONE', #3983, 1000.000000000000000 ) ;
#7092 = UNCERTAINTY_MEASURE_WITH_UNIT (LENGTH_MEASURE( 1.000000000000000082E-05 ), #6578, 'distance_accuracy_value', 'NONE');
#7093 = DIRECTION ( 'NONE',  ( 0.8660254037844369313, 0.5000000000000029976, 0.000000000000000000 ) ) ;
#7094 = EDGE_LOOP ( 'NONE', ( #2554, #2405, #5993, #1323 ) ) ;
#7095 = ORIENTED_EDGE ( 'NONE', *, *, #6185, .T. ) ;
#7096 = ORIENTED_EDGE ( 'NONE', *, *, #110, .T. ) ;
#7097 = CARTESIAN_POINT ( 'NONE',  ( 24.39326211353316864, 2.749630657015597723, 0.4000000000000000222 ) ) ;
#7098 = CARTESIAN_POINT ( 'NONE',  ( -11.25875672974067321, -2.499999999999980904, -0.4000000000000000222 ) ) ;
#7099 = ADVANCED_FACE ( 'NONE', ( #5214 ), #1260, .T. ) ;
#7100 = CARTESIAN_POINT ( 'NONE',  ( -37.50000000000000000, 2.500000000000024869, 0.6000000000000000888 ) ) ;
#7101 = EDGE_CURVE ( 'NONE', #1458, #1307, #472, .T. ) ;
#7102 = LINE ( 'NONE', #2402, #8020 ) ;
#7103 = CARTESIAN_POINT ( 'NONE',  ( 41.25000000000000000, -45.79999999999999005, 1.200000000000001954 ) ) ;
#7104 = ADVANCED_FACE ( 'NONE', ( #642 ), #5296, .T. ) ;
#7105 = ORIENTED_EDGE ( 'NONE', *, *, #4244, .F. ) ;
#7106 = CARTESIAN_POINT ( 'NONE',  ( 11.40288105676656727, 2.749630657015597723, -0.4000000000000000222 ) ) ;
#7107 = DIRECTION ( 'NONE',  ( -0.8660254037844407060, 0.4999999999999965028, 0.000000000000000000 ) ) ;
#7108 = ORIENTED_EDGE ( 'NONE', *, *, #5552, .T. ) ;
#7109 = ORIENTED_EDGE ( 'NONE', *, *, #7058, .F. ) ;
#7110 = CARTESIAN_POINT ( 'NONE',  ( 8.948502691896313976, -39.99999999999993605, -0.4000000000000000222 ) ) ;
#7111 = EDGE_CURVE ( 'NONE', #2827, #2078, #4592, .T. ) ;
#7112 = CARTESIAN_POINT ( 'NONE',  ( -41.25000000000000000, -45.79999999999999005, 1.200000000000001954 ) ) ;
#7113 = LINE ( 'NONE', #7069, #2842 ) ;
#7114 = EDGE_CURVE ( 'NONE', #5667, #5686, #3337, .T. ) ;
#7115 = VECTOR ( 'NONE', #5333, 1000.000000000000000 ) ;
#7116 = DIRECTION ( 'NONE',  ( 1.000000000000000000, 0.000000000000000000, 0.000000000000000000 ) ) ;
#7117 = ADVANCED_FACE ( 'NONE', ( #1301 ), #8750, .T. ) ;
#7118 = DIRECTION ( 'NONE',  ( 0.000000000000000000, 0.000000000000000000, -1.000000000000000000 ) ) ;
#7119 = CARTESIAN_POINT ( 'NONE',  ( -38.24764603714537259, 48.99999999999999289, 1.118317186258154683 ) ) ;
#7120 = CARTESIAN_POINT ( 'NONE',  ( 30.88845264191648354, -43.99963065701541609, -0.4000000000000000222 ) ) ;
#7121 = ORIENTED_EDGE ( 'NONE', *, *, #210, .T. ) ;
#7122 = VECTOR ( 'NONE', #4704, 1000.000000000000000 ) ;
#7123 = CARTESIAN_POINT ( 'NONE',  ( 3.320190528383282214, -41.24999999999985079, 0.4000000000000000222 ) ) ;
#7124 = DIRECTION ( 'NONE',  ( -0.7071067811865487940, -0.7071067811865463515, 0.000000000000000000 ) ) ;
#7125 = DIRECTION ( 'NONE',  ( -1.000000000000000000, -3.330669073875469621E-15, -0.000000000000000000 ) ) ;
#7126 = VECTOR ( 'NONE', #4103, 1000.000000000000000 ) ;
#7127 = CARTESIAN_POINT ( 'NONE',  ( 37.49999999999999289, -14.99999999999993072, -0.4000000000000000222 ) ) ;
#7128 = VECTOR ( 'NONE', #3629, 1000.000000000000000 ) ;
#7129 = CARTESIAN_POINT ( 'NONE',  ( 22.80576211353317717, 0.000000000000000000, -0.4000000000000000222 ) ) ;
#7130 = EDGE_LOOP ( 'NONE', ( #7673, #4071, #6256, #4972, #6841, #6202 ) ) ;
#7131 = ORIENTED_EDGE ( 'NONE', *, *, #7227, .T. ) ;
#7132 = ORIENTED_EDGE ( 'NONE', *, *, #1695, .F. ) ;
#7133 = ORIENTED_EDGE ( 'NONE', *, *, #8336, .F. ) ;
#7134 = LINE ( 'NONE', #6475, #5578 ) ;
#7135 = CARTESIAN_POINT ( 'NONE',  ( 37.03701595496822563, -48.99999999999998579, 0.9077357247525204009 ) ) ;
#7136 = EDGE_CURVE ( 'NONE', #4565, #3363, #2674, .T. ) ;
#7137 = FACE_BOUND ( 'NONE', #1781, .T. ) ;
#7138 = EDGE_LOOP ( 'NONE', ( #6077, #8652, #158, #6431 ) ) ;
#7139 = ADVANCED_FACE ( 'NONE', ( #602 ), #5380, .T. ) ;
#7140 = LINE ( 'NONE', #3107, #777 ) ;
#7141 = EDGE_CURVE ( 'NONE', #3165, #1742, #3962, .T. ) ;
#7142 = VERTEX_POINT ( 'NONE', #5340 ) ;
#7143 = ORIENTED_EDGE ( 'NONE', *, *, #7274, .F. ) ;
#7144 = ORIENTED_EDGE ( 'NONE', *, *, #7745, .T. ) ;
#7145 = LINE ( 'NONE', #6436, #2540 ) ;
#7146 = LINE ( 'NONE', #6577, #5460 ) ;
#7147 = VECTOR ( 'NONE', #8694, 999.9999999999998863 ) ;
#7148 = DIRECTION ( 'NONE',  ( -0.000000000000000000, -0.000000000000000000, 1.000000000000000000 ) ) ;
#7149 = LINE ( 'NONE', #1074, #7449 ) ;
#7150 = LINE ( 'NONE', #1076, #6838 ) ;
#7151 = VERTEX_POINT ( 'NONE', #7331 ) ;
#7152 = VECTOR ( 'NONE', #2681, 1000.000000000000114 ) ;
#7153 = CARTESIAN_POINT ( 'NONE',  ( -37.49999999999999289, -14.99999999999993072, -0.4000000000000000222 ) ) ;
#7154 = CARTESIAN_POINT ( 'NONE',  ( 17.89807158514989638, -43.99963065701542320, 0.4000000000000000222 ) ) ;
#7155 = ORIENTED_EDGE ( 'NONE', *, *, #1475, .F. ) ;
#7156 = VERTEX_POINT ( 'NONE', #5918 ) ;
#7157 = FACE_OUTER_BOUND ( 'NONE', #1299, .T. ) ;
#7158 = LINE ( 'NONE', #5782, #1886 ) ;
#7159 = CARTESIAN_POINT ( 'NONE',  ( 29.30095264191647075, -3.749999999999982681, 0.4000000000000000222 ) ) ;
#7160 = CARTESIAN_POINT ( 'NONE',  ( -41.30000000000001137, 49.00000000000000000, 0.4000322408422328224 ) ) ;
#7161 = VECTOR ( 'NONE', #3044, 999.9999999999998863 ) ;
#7162 = EDGE_CURVE ( 'NONE', #887, #7356, #1879, .T. ) ;
#7163 = EDGE_CURVE ( 'NONE', #7401, #172, #6670, .T. ) ;
#7164 = LINE ( 'NONE', #8360, #5332 ) ;
#7165 = FACE_OUTER_BOUND ( 'NONE', #1769, .T. ) ;
#7166 = VECTOR ( 'NONE', #5553, 1000.000000000000000 ) ;
#7167 = CARTESIAN_POINT ( 'NONE',  ( -21.93888374866288871, -2.499999999999980904, -0.4000000000000000222 ) ) ;
#7168 = ORIENTED_EDGE ( 'NONE', *, *, #7823, .T. ) ;
#7169 = DIRECTION ( 'NONE',  ( 0.000000000000000000, 0.000000000000000000, 1.000000000000000000 ) ) ;
#7170 = CARTESIAN_POINT ( 'NONE',  ( 34.95000000000000284, -45.79999999999999005, 1.200000000000001954 ) ) ;
#7171 = CARTESIAN_POINT ( 'NONE',  ( -37.94643205625373383, -48.99999999999999289, 1.117874145900760841 ) ) ;
#7172 = VECTOR ( 'NONE', #8268, 1000.000000000000000 ) ;
#7173 = DIRECTION ( 'NONE',  ( -1.000000000000000000, 0.000000000000000000, 0.000000000000000000 ) ) ;
#7174 = ADVANCED_FACE ( 'NONE', ( #3255 ), #6004, .T. ) ;
#7175 = CARTESIAN_POINT ( 'NONE',  ( -17.89807158514993191, 43.99963065701543741, -0.4000000000000000222 ) ) ;
#7176 = VECTOR ( 'NONE', #3794, 1000.000000000000000 ) ;
#7177 = ORIENTED_EDGE ( 'NONE', *, *, #3378, .T. ) ;
#7179 = EDGE_LOOP ( 'NONE', ( #5368, #4254, #8643, #8022 ) ) ;
#7178 = VERTEX_POINT ( 'NONE', #4544 ) ;
#7180 = ORIENTED_EDGE ( 'NONE', *, *, #2007, .T. ) ;
#7181 = EDGE_LOOP ( 'NONE', ( #2814, #8465, #3477, #504, #4403, #6282 ) ) ;
#7182 = CARTESIAN_POINT ( 'NONE',  ( 4.907690528383295003, -43.99963065701543030, -0.4000000000000000222 ) ) ;
#7183 = LINE ( 'NONE', #5854, #7410 ) ;
#7184 = FACE_BOUND ( 'NONE', #5690, .T. ) ;
#7185 = ORIENTED_EDGE ( 'NONE', *, *, #1353, .T. ) ;
#7186 = FACE_OUTER_BOUND ( 'NONE', #1644, .T. ) ;
#7187 = ORIENTED_EDGE ( 'NONE', *, *, #8359, .F. ) ;
#7188 = ORIENTED_EDGE ( 'NONE', *, *, #5543, .F. ) ;
#7189 = VERTEX_POINT ( 'NONE', #2584 ) ;
#7190 = DIRECTION ( 'NONE',  ( -1.000000000000000000, -3.330669073875469621E-15, -0.000000000000000000 ) ) ;
#7191 = LINE ( 'NONE', #1735, #5737 ) ;
#7192 = CARTESIAN_POINT ( 'NONE',  ( 4.907690528383266582, 43.99963065701542320, 0.4000000000000000222 ) ) ;
#7193 = CARTESIAN_POINT ( 'NONE',  ( 9.670190528383283635, -41.24999999999982236, -0.4000000000000000222 ) ) ;
#7194 = CARTESIAN_POINT ( 'NONE',  ( 11.40288105676658859, -40.24963065701544451, -0.4000000000000000222 ) ) ;
#7195 = VERTEX_POINT ( 'NONE', #8707 ) ;
#7196 = CARTESIAN_POINT ( 'NONE',  ( 42.63564064605510140, -45.79999999999999005, 2.000000000000000000 ) ) ;
#7197 = VECTOR ( 'NONE', #2685, 1000.000000000000114 ) ;
#7198 = CARTESIAN_POINT ( 'NONE',  ( -34.06345264191650557, 31.00036934298427838, -0.4000000000000000222 ) ) ;
#7199 = VERTEX_POINT ( 'NONE', #2627 ) ;
#7200 = ORIENTED_EDGE ( 'NONE', *, *, #5080, .F. ) ;
#7201 = DIRECTION ( 'NONE',  ( -0.5000000000000029976, 0.8660254037844369313, -0.000000000000000000 ) ) ;
#7202 = DIRECTION ( 'NONE',  ( -0.5000000000000029976, 0.8660254037844369313, -0.000000000000000000 ) ) ;
#7203 = CARTESIAN_POINT ( 'NONE',  ( -14.57788105676663015, 40.24963065701543741, -0.4000000000000000222 ) ) ;
#7204 = VECTOR ( 'NONE', #1000, 1000.000000000000000 ) ;
#7205 = DIRECTION ( 'NONE',  ( 0.4999999999999968359, 0.8660254037844404840, 0.000000000000000000 ) ) ;
#7206 = CARTESIAN_POINT ( 'NONE',  ( 30.88845264191646223, 36.49963065701545872, -0.4000000000000000222 ) ) ;
#7207 = CARTESIAN_POINT ( 'NONE',  ( -41.30000000000001137, -49.00000000000000000, -0.4000000000000000222 ) ) ;
#7208 = VERTEX_POINT ( 'NONE', #8049 ) ;
#7209 = DIRECTION ( 'NONE',  ( 0.4999999999999968359, 0.8660254037844404840, 0.000000000000000000 ) ) ;
#7210 = ORIENTED_EDGE ( 'NONE', *, *, #4780, .F. ) ;
#7211 = VECTOR ( 'NONE', #1692, 1000.000000000000114 ) ;
#7212 = CARTESIAN_POINT ( 'NONE',  ( 0.000000000000000000, 0.000000000000000000, 0.4000000000000000222 ) ) ;
#7213 = CARTESIAN_POINT ( 'NONE',  ( 27.25036934298439562, -4.750369342984361865, -0.4000000000000000222 ) ) ;
#7214 = CARTESIAN_POINT ( 'NONE',  ( -39.15358810771932951, -49.00000000000000000, 0.9109956172423119281 ) ) ;
#7215 = ADVANCED_FACE ( 'NONE', ( #3166 ), #1518, .T. ) ;
#7216 = CARTESIAN_POINT ( 'NONE',  ( 37.00888321505953371, 49.00000000000000000, 0.8977526693305671879 ) ) ;
#7217 = CARTESIAN_POINT ( 'NONE',  ( 0.000000000000000000, -39.99999999999993605, 0.4000000000000000222 ) ) ;
#7219 = ORIENTED_EDGE ( 'NONE', *, *, #7114, .T. ) ;
#7218 = EDGE_LOOP ( 'NONE', ( #3328, #5129, #3293, #3861 ) ) ;
#7220 = ORIENTED_EDGE ( 'NONE', *, *, #8714, .F. ) ;
#7221 = ORIENTED_EDGE ( 'NONE', *, *, #4685, .T. ) ;
#7222 = DIRECTION ( 'NONE',  ( -0.000000000000000000, -0.000000000000000000, 1.000000000000000000 ) ) ;
#7223 = DIRECTION ( 'NONE',  ( -1.000000000000000000, -3.330669073875469621E-15, 0.000000000000000000 ) ) ;
#7224 = DIRECTION ( 'NONE',  ( -1.000000000000000000, 0.000000000000000000, 0.000000000000000000 ) ) ;
#7225 = ORIENTED_EDGE ( 'NONE', *, *, #2518, .F. ) ;
#7226 = CARTESIAN_POINT ( 'NONE',  ( 22.66057158514987080, -3.749999999999961808, 0.4000000000000000222 ) ) ;
#7227 = EDGE_CURVE ( 'NONE', #2127, #1068, #6758, .T. ) ;
#7228 = VERTEX_POINT ( 'NONE', #7545 ) ;
#7229 = EDGE_LOOP ( 'NONE', ( #8248, #7761, #653, #3371, #749, #1349, #3479, #5874 ) ) ;
#7230 = ORIENTED_EDGE ( 'NONE', *, *, #7681, .T. ) ;
#7231 = CARTESIAN_POINT ( 'NONE',  ( 34.06345264191648425, 1.000369342984419596, -0.4000000000000000222 ) ) ;
#7232 = DIRECTION ( 'NONE',  ( -0.000000000000000000, -0.000000000000000000, 1.000000000000000000 ) ) ;
#7233 = CARTESIAN_POINT ( 'NONE',  ( -29.30095264191651694, 33.74999999999989342, 0.4000000000000000222 ) ) ;
#7234 = LINE ( 'NONE', #5953, #3341 ) ;
#7235 = VECTOR ( 'NONE', #1007, 1000.000000000000000 ) ;
#7236 = DIRECTION ( 'NONE',  ( -0.8660254037844368202, -0.5000000000000031086, 0.000000000000000000 ) ) ;
#7237 = ORIENTED_EDGE ( 'NONE', *, *, #5282, .T. ) ;
#7238 = VECTOR ( 'NONE', #6141, 1000.000000000000114 ) ;
#7239 = PLANE ( 'NONE',  #6107 ) ;
#7240 = VECTOR ( 'NONE', #5061, 1000.000000000000000 ) ;
#7241 = ORIENTED_EDGE ( 'NONE', *, *, #6623, .T. ) ;
#7242 = EDGE_LOOP ( 'NONE', ( #4797, #3210, #6756, #3559, #1913 ) ) ;
#7243 = PLANE ( 'NONE',  #5943 ) ;
#7244 = CARTESIAN_POINT ( 'NONE',  ( 37.50000000000001421, -39.99999999999993605, 0.6000000000000000888 ) ) ;
#7245 = EDGE_CURVE ( 'NONE', #2597, #2879, #2181, .T. ) ;
#7246 = DIRECTION ( 'NONE',  ( 0.4999999999999968359, 0.8660254037844404840, 0.000000000000000000 ) ) ;
#7247 = EDGE_CURVE ( 'NONE', #3760, #2520, #8133, .T. ) ;
#7248 = CARTESIAN_POINT ( 'NONE',  ( 21.07307158514989709, -43.99963065701540899, 0.4000000000000000222 ) ) ;
#7249 = EDGE_CURVE ( 'NONE', #2581, #2526, #6089, .T. ) ;
#7250 = LINE ( 'NONE', #1888, #6752 ) ;
#7251 = DIRECTION ( 'NONE',  ( -0.5000000000000029976, 0.8660254037844369313, 0.000000000000000000 ) ) ;
#7253 = ORIENTED_EDGE ( 'NONE', *, *, #5474, .F. ) ;
#7252 = EDGE_CURVE ( 'NONE', #3805, #3164, #15, .T. ) ;
#7254 = CARTESIAN_POINT ( 'NONE',  ( 27.56826211353319067, -40.24963065701542320, -0.4000000000000000222 ) ) ;
#7255 = VERTEX_POINT ( 'NONE', #4852 ) ;
#7256 = DIRECTION ( 'NONE',  ( -0.000000000000000000, -0.000000000000000000, -1.000000000000000000 ) ) ;
#7257 = CARTESIAN_POINT ( 'NONE',  ( -29.30095264191650273, -41.24999999999982947, -0.4000000000000000222 ) ) ;
#7258 = DIRECTION ( 'NONE',  ( 0.4999999999999968359, 0.8660254037844404840, 0.000000000000000000 ) ) ;
#7259 = CARTESIAN_POINT ( 'NONE',  ( 37.80747234535106571, 49.00000000000000711, 1.102754021319730438 ) ) ;
#7260 = VECTOR ( 'NONE', #7076, 1000.000000000000000 ) ;
#7261 = CARTESIAN_POINT ( 'NONE',  ( -41.30000000000001847, 45.25019727846304107, 1.055146923021138772 ) ) ;
#7262 = EDGE_CURVE ( 'NONE', #6967, #4208, #6132, .T. ) ;
#7263 = VECTOR ( 'NONE', #2808, 1000.000000000000000 ) ;
#7264 = EDGE_CURVE ( 'NONE', #8435, #5094, #4893, .T. ) ;
#7265 = LINE ( 'NONE', #8150, #5546 ) ;
#7267 = VERTEX_POINT ( 'NONE', #2139 ) ;
#7266 = ORIENTED_EDGE ( 'NONE', *, *, #4616, .F. ) ;
#7268 = VECTOR ( 'NONE', #6586, 1000.000000000000000 ) ;
#7269 = ORIENTED_EDGE ( 'NONE', *, *, #4551, .F. ) ;
#7270 = ORIENTED_EDGE ( 'NONE', *, *, #217, .T. ) ;
#7271 = CARTESIAN_POINT ( 'NONE',  ( -21.07307158514991841, -38.50036934298424995, -0.4000000000000000222 ) ) ;
#7272 = DIRECTION ( 'NONE',  ( 0.000000000000000000, 0.000000000000000000, -1.000000000000000000 ) ) ;
#7273 = ORIENTED_EDGE ( 'NONE', *, *, #4434, .T. ) ;
#7274 = EDGE_CURVE ( 'NONE', #5948, #4644, #7779, .T. ) ;
#7275 = CARTESIAN_POINT ( 'NONE',  ( -37.50000000000000000, 2.500000000000024869, -0.4000000000000000222 ) ) ;
#7276 = ORIENTED_EDGE ( 'NONE', *, *, #2057, .F. ) ;
#7277 = VERTEX_POINT ( 'NONE', #7500 ) ;
#7278 = ORIENTED_EDGE ( 'NONE', *, *, #5055, .T. ) ;
#7279 = DIRECTION ( 'NONE',  ( -1.000000000000000000, 0.000000000000000000, 0.000000000000000000 ) ) ;
#7280 = CARTESIAN_POINT ( 'NONE',  ( -16.31057158514990846, -41.24999999999982236, 0.4000000000000000222 ) ) ;
#7281 = LINE ( 'NONE', #4670, #6712 ) ;
#7282 = DIRECTION ( 'NONE',  ( -0.4999999999999965028, -0.8660254037844407060, 0.000000000000000000 ) ) ;
#7283 = PLANE ( 'NONE',  #3708 ) ;
#7284 = EDGE_CURVE ( 'NONE', #2294, #4451, #6887, .T. ) ;
#7285 = LINE ( 'NONE', #3957, #6538 ) ;
#7286 = VECTOR ( 'NONE', #6837, 1000.000000000000000 ) ;
#7287 = ORIENTED_EDGE ( 'NONE', *, *, #7706, .F. ) ;
#7288 = VERTEX_POINT ( 'NONE', #5470 ) ;
#7289 = DIRECTION ( 'NONE',  ( -0.8660254037844407060, 0.4999999999999965028, 0.000000000000000000 ) ) ;
#7290 = CARTESIAN_POINT ( 'NONE',  ( 1.587499999999963940, 40.24963065701546583, -0.4000000000000000222 ) ) ;
#7291 = CARTESIAN_POINT ( 'NONE',  ( 34.06345264191648425, -6.499630657015551982, -0.4000000000000000222 ) ) ;
#7292 = VECTOR ( 'NONE', #1182, 1000.000000000000000 ) ;
#7293 = DIRECTION ( 'NONE',  ( 0.000000000000000000, 0.000000000000000000, -1.000000000000000000 ) ) ;
#7294 = CARTESIAN_POINT ( 'NONE',  ( -11.25875672974069808, 2.500000000000024869, -0.4000000000000000222 ) ) ;
#7295 = LINE ( 'NONE', #8011, #5019 ) ;
#7296 = CARTESIAN_POINT ( 'NONE',  ( -4.907690528383336748, -1.000369342984384957, 0.4000000000000000222 ) ) ;
#7297 = EDGE_LOOP ( 'NONE', ( #2604, #7307, #8223, #7269 ) ) ;
#7298 = VECTOR ( 'NONE', #7361, 1000.000000000000000 ) ;
#7299 = FACE_OUTER_BOUND ( 'NONE', #569, .T. ) ;
#7300 = LINE ( 'NONE', #1314, #7479 ) ;
#7301 = LINE ( 'NONE', #698, #1703 ) ;
#7302 = EDGE_CURVE ( 'NONE', #5887, #812, #2097, .T. ) ;
#7303 = LINE ( 'NONE', #1276, #6104 ) ;
#7304 = EDGE_CURVE ( 'NONE', #493, #5898, #4806, .T. ) ;
#7305 = CARTESIAN_POINT ( 'NONE',  ( 34.06345264191648425, -43.99963065701540188, 0.4041955794042776384 ) ) ;
#7307 = ORIENTED_EDGE ( 'NONE', *, *, #6870, .T. ) ;
#7306 = ORIENTED_EDGE ( 'NONE', *, *, #7961, .T. ) ;
#7308 = TOROIDAL_SURFACE ( 'NONE', #3059, 4.535640646055100866, 1.600000000000000089 ) ;
#7309 = ORIENTED_EDGE ( 'NONE', *, *, #347, .F. ) ;
#7310 = ORIENTED_EDGE ( 'NONE', *, *, #2134, .F. ) ;
#7311 = FACE_OUTER_BOUND ( 'NONE', #8310, .T. ) ;
#7312 = CARTESIAN_POINT ( 'NONE',  ( 37.50000000000000000, 27.50000000000002487, 0.4000000000000000222 ) ) ;
#7313 = ORIENTED_EDGE ( 'NONE', *, *, #7815, .F. ) ;
#7314 = TOROIDAL_SURFACE ( 'NONE', #4204, 4.535640646055100866, 1.600000000000000089 ) ;
#7315 = EDGE_CURVE ( 'NONE', #2626, #7228, #1490, .T. ) ;
#7316 = LINE ( 'NONE', #7226, #7147 ) ;
#7317 = VERTEX_POINT ( 'NONE', #8260 ) ;
#7318 = ORIENTED_EDGE ( 'NONE', *, *, #3997, .T. ) ;
#7319 = VERTEX_POINT ( 'NONE', #7460 ) ;
#7320 = DIRECTION ( 'NONE',  ( -1.000000000000000000, 0.000000000000000000, 0.000000000000000000 ) ) ;
#7321 = DIRECTION ( 'NONE',  ( 1.000000000000000000, 3.663735981263016583E-15, 0.000000000000000000 ) ) ;
#7322 = AXIS2_PLACEMENT_3D ( 'NONE', #6931, #2183, #5603 ) ;
#7323 = CARTESIAN_POINT ( 'NONE',  ( -1.587500000000033218, 40.24963065701545162, 0.4000000000000000222 ) ) ;
#7324 = CARTESIAN_POINT ( 'NONE',  ( 0.000000000000000000, -39.99999999999993605, 0.4000000000000000222 ) ) ;
#7325 = EDGE_CURVE ( 'NONE', #13, #6862, #2891, .T. ) ;
#7326 = ADVANCED_FACE ( 'NONE', ( #4049 ), #5601, .T. ) ;
#7327 = CARTESIAN_POINT ( 'NONE',  ( -34.06345264191650557, -6.499630657015580404, -0.4000000000000000222 ) ) ;
#7328 = ORIENTED_EDGE ( 'NONE', *, *, #3070, .T. ) ;
#7329 = EDGE_CURVE ( 'NONE', #3174, #5422, #3384, .T. ) ;
#7330 = ORIENTED_EDGE ( 'NONE', *, *, #4636, .T. ) ;
#7331 = CARTESIAN_POINT ( 'NONE',  ( -14.72200538379254908, 2.500000000000024869, 0.4000000000000000222 ) ) ;
#7332 = EDGE_CURVE ( 'NONE', #798, #7898, #412, .T. ) ;
#7333 = PLANE ( 'NONE',  #3440 ) ;
#7334 = DIRECTION ( 'NONE',  ( -0.8660254037844407060, 0.4999999999999965028, 0.000000000000000000 ) ) ;
#7335 = DIRECTION ( 'NONE',  ( -0.8660254037844407060, 0.4999999999999965028, 0.000000000000000000 ) ) ;
#7336 = ORIENTED_EDGE ( 'NONE', *, *, #5315, .T. ) ;
#7337 = CIRCLE ( 'NONE', #7909, 4.535640646055099090 ) ;
#7338 = DIRECTION ( 'NONE',  ( 3.663735981263016583E-15, -1.000000000000000000, 0.000000000000000000 ) ) ;
#7339 = LINE ( 'NONE', #2551, #8286 ) ;
#7340 = CARTESIAN_POINT ( 'NONE',  ( 33.97916307855745544, 43.99963065701543741, 0.4000000000000000222 ) ) ;
#7341 = ORIENTED_EDGE ( 'NONE', *, *, #8078, .F. ) ;
#7342 = CARTESIAN_POINT ( 'NONE',  ( 34.92926480542945455, 2.500000000000024869, -0.4000000000000000222 ) ) ;
#7343 = LINE ( 'NONE', #7429, #7756 ) ;
#7344 = CARTESIAN_POINT ( 'NONE',  ( 9.815381056766575796, 0.000000000000000000, 0.4000000000000000222 ) ) ;
#7345 = AXIS2_PLACEMENT_3D ( 'NONE', #7382, #4731, #6682 ) ;
#7346 = DIRECTION ( 'NONE',  ( 0.5000000000000031086, -0.8660254037844368202, 0.000000000000000000 ) ) ;
#7347 = VECTOR ( 'NONE', #3423, 1000.000000000000000 ) ;
#7348 = ADVANCED_FACE ( 'NONE', ( #1646 ), #2262, .T. ) ;
#7349 = DIRECTION ( 'NONE',  ( -0.4999999999999965583, -0.8660254037844407060, -0.000000000000000000 ) ) ;
#7350 = ORIENTED_EDGE ( 'NONE', *, *, #1202, .T. ) ;
#7351 = EDGE_LOOP ( 'NONE', ( #1685, #7979, #823, #3105 ) ) ;
#7352 = ORIENTED_EDGE ( 'NONE', *, *, #4105, .F. ) ;
#7353 = CARTESIAN_POINT ( 'NONE',  ( -22.66057158514992409, 41.24999999999982947, 0.4000000000000000222 ) ) ;
#7354 = VECTOR ( 'NONE', #710, 1000.000000000000000 ) ;
#7355 = CARTESIAN_POINT ( 'NONE',  ( 14.57788105676656443, 40.24963065701546583, -0.4000000000000000222 ) ) ;
#7356 = VERTEX_POINT ( 'NONE', #5815 ) ;
#7357 = LINE ( 'NONE', #5504, #213 ) ;
#7358 = ORIENTED_EDGE ( 'NONE', *, *, #5555, .T. ) ;
#7359 = ORIENTED_EDGE ( 'NONE', *, *, #3633, .T. ) ;
#7360 = VERTEX_POINT ( 'NONE', #5636 ) ;
#7361 = DIRECTION ( 'NONE',  ( -0.5000000000000029976, 0.8660254037844369313, -0.000000000000000000 ) ) ;
#7362 = LINE ( 'NONE', #636, #526 ) ;
#7363 = FACE_OUTER_BOUND ( 'NONE', #1259, .T. ) ;
#7364 = EDGE_CURVE ( 'NONE', #3631, #8280, #8425, .T. ) ;
#7365 = CARTESIAN_POINT ( 'NONE',  ( -9.815381056766620205, 37.49999999999986500, -0.4000000000000000222 ) ) ;
#7366 = EDGE_CURVE ( 'NONE', #7317, #2958, #3638, .T. ) ;
#7367 = ORIENTED_EDGE ( 'NONE', *, *, #6525, .T. ) ;
#7368 = ORIENTED_EDGE ( 'NONE', *, *, #4542, .F. ) ;
#7369 = CARTESIAN_POINT ( 'NONE',  ( -34.06345264191652689, 43.99963065701542320, -0.4000000000000000222 ) ) ;
#7370 = VECTOR ( 'NONE', #8397, 1000.000000000000000 ) ;
#7371 = PLANE ( 'NONE',  #6277 ) ;
#7372 = CARTESIAN_POINT ( 'NONE',  ( 14.57788105676658930, -2.749630657015569746, -0.4000000000000000222 ) ) ;
#7373 = EDGE_CURVE ( 'NONE', #6584, #5422, #4396, .T. ) ;
#7374 = VECTOR ( 'NONE', #2988, 1000.000000000000000 ) ;
#7375 = VECTOR ( 'NONE', #2269, 1000.000000000000000 ) ;
#7376 = CARTESIAN_POINT ( 'NONE',  ( -38.10000000000000142, -45.79999999999999005, 2.000000000000000000 ) ) ;
#7377 = ORIENTED_EDGE ( 'NONE', *, *, #3850, .T. ) ;
#7378 = VECTOR ( 'NONE', #2240, 1000.000000000000000 ) ;
#7379 = DIRECTION ( 'NONE',  ( 1.000000000000000000, 0.000000000000000000, 0.000000000000000000 ) ) ;
#7380 = CARTESIAN_POINT ( 'NONE',  ( 3.320190528383282214, -41.24999999999985079, -0.4000000000000000222 ) ) ;
#7381 = EDGE_CURVE ( 'NONE', #2063, #95, #7145, .T. ) ;
#7382 = CARTESIAN_POINT ( 'NONE',  ( -16.31057158514992267, 41.24999999999985789, -0.4000000000000000222 ) ) ;
#7383 = ORIENTED_EDGE ( 'NONE', *, *, #857, .F. ) ;
#7384 = EDGE_CURVE ( 'NONE', #724, #3816, #3064, .T. ) ;
#7385 = LINE ( 'NONE', #1313, #6558 ) ;
#7386 = CARTESIAN_POINT ( 'NONE',  ( 27.56826211353316580, -4.750369342984360088, -0.4000000000000000222 ) ) ;
#7387 = CARTESIAN_POINT ( 'NONE',  ( 39.69999999999999574, 45.79999999999999005, 0.4000000000000000222 ) ) ;
#7388 = CARTESIAN_POINT ( 'NONE',  ( -37.49999999999999289, -14.99999999999993072, 0.6000000000000000888 ) ) ;
#7389 = DIRECTION ( 'NONE',  ( -0.000000000000000000, -0.000000000000000000, -1.000000000000000000 ) ) ;
#7390 = CARTESIAN_POINT ( 'NONE',  ( 14.72200538379246382, -39.99999999999993605, -0.4000000000000000222 ) ) ;
#7391 = ORIENTED_EDGE ( 'NONE', *, *, #2548, .T. ) ;
#7392 = EDGE_LOOP ( 'NONE', ( #6212, #4014, #4915, #7155 ) ) ;
#7393 = ORIENTED_EDGE ( 'NONE', *, *, #4617, .F. ) ;
#7394 = DIRECTION ( 'NONE',  ( -0.4999999999999965028, -0.8660254037844407060, 0.000000000000000000 ) ) ;
#7395 = CARTESIAN_POINT ( 'NONE',  ( 14.72200538379246382, -39.99999999999993605, -0.4000000000000000222 ) ) ;
#7396 = ORIENTED_EDGE ( 'NONE', *, *, #6142, .T. ) ;
#7397 = VECTOR ( 'NONE', #6753, 1000.000000000000000 ) ;
#7398 = DIRECTION ( 'NONE',  ( -0.8660254037844368202, -0.5000000000000031086, 0.000000000000000000 ) ) ;
#7399 = EDGE_LOOP ( 'NONE', ( #8247, #2338, #5345, #2088 ) ) ;
#7400 = ORIENTED_EDGE ( 'NONE', *, *, #4551, .T. ) ;
#7401 = VERTEX_POINT ( 'NONE', #4351 ) ;
#7402 = CARTESIAN_POINT ( 'NONE',  ( 21.07307158514985801, 43.99963065701543741, -0.4000000000000000222 ) ) ;
#7403 = AXIS2_PLACEMENT_3D ( 'NONE', #5277, #6118, #8772 ) ;
#7404 = DIRECTION ( 'NONE',  ( -0.000000000000000000, -0.000000000000000000, 1.000000000000000000 ) ) ;
#7405 = EDGE_CURVE ( 'NONE', #5599, #5482, #5680, .T. ) ;
#7406 = FACE_OUTER_BOUND ( 'NONE', #2616, .T. ) ;
#7407 = VECTOR ( 'NONE', #1751, 1000.000000000000000 ) ;
#7408 = EDGE_CURVE ( 'NONE', #8374, #2875, #7054, .T. ) ;
#7409 = CARTESIAN_POINT ( 'NONE',  ( -34.06345264191649136, -43.99963065701543741, 0.4041955794042792482 ) ) ;
#7410 = VECTOR ( 'NONE', #6774, 1000.000000000000000 ) ;
#7411 = ADVANCED_FACE ( 'NONE', ( #3679 ), #4933, .T. ) ;
#7412 = DIRECTION ( 'NONE',  ( 0.5000000000000032196, -0.8660254037844368202, 0.000000000000000000 ) ) ;
#7413 = CIRCLE ( 'NONE', #3020, 1.599999999999997202 ) ;
#7414 = ORIENTED_EDGE ( 'NONE', *, *, #3377, .F. ) ;
#7415 = ORIENTED_EDGE ( 'NONE', *, *, #7931, .F. ) ;
#7416 = ORIENTED_EDGE ( 'NONE', *, *, #5809, .T. ) ;
#7417 = CARTESIAN_POINT ( 'NONE',  ( 41.29999999999998295, -43.67426600727963404, 0.5427755800207509917 ) ) ;
#7418 = CARTESIAN_POINT ( 'NONE',  ( -35.65095264191651836, 33.74999999999986500, -0.4000000000000000222 ) ) ;
#7419 = CARTESIAN_POINT ( 'NONE',  ( -34.06345264191651268, -38.50036934298425706, -0.4000000000000000222 ) ) ;
#7420 = EDGE_CURVE ( 'NONE', #1765, #718, #270, .T. ) ;
#7421 = CARTESIAN_POINT ( 'NONE',  ( -1.731624327025900634, -39.99999999999993605, -0.4000000000000000222 ) ) ;
#7422 = FACE_OUTER_BOUND ( 'NONE', #7427, .T. ) ;
#7423 = ORIENTED_EDGE ( 'NONE', *, *, #5355, .T. ) ;
#7424 = DIRECTION ( 'NONE',  ( -0.5000000000000029976, 0.8660254037844369313, -0.000000000000000000 ) ) ;
#7425 = LINE ( 'NONE', #4686, #7292 ) ;
#7426 = PLANE ( 'NONE',  #5513 ) ;
#7427 = EDGE_LOOP ( 'NONE', ( #4615, #3454, #7587, #2860 ) ) ;
#7428 = CARTESIAN_POINT ( 'NONE',  ( 30.88845264191648354, -6.499630657015566193, -0.4000000000000000222 ) ) ;
#7429 = CARTESIAN_POINT ( 'NONE',  ( 41.25000000000000000, -45.79999999999999005, 1.200000000000001954 ) ) ;
#7430 = CARTESIAN_POINT ( 'NONE',  ( -8.082690528383313477, 1.000369342984391841, -0.4000000000000000222 ) ) ;
#7431 = AXIS2_PLACEMENT_3D ( 'NONE', #2615, #1066, #587 ) ;
#7432 = CARTESIAN_POINT ( 'NONE',  ( -16.31057158514992267, -3.749999999999961808, -0.4000000000000000222 ) ) ;
#7433 = ADVANCED_FACE ( 'NONE', ( #1022 ), #5769, .T. ) ;
#7434 = CARTESIAN_POINT ( 'NONE',  ( -4.907690528383298556, -43.99963065701541609, -0.4000000000000000222 ) ) ;
#7435 = EDGE_CURVE ( 'NONE', #7748, #878, #3595, .T. ) ;
#7436 = CARTESIAN_POINT ( 'NONE',  ( -37.50000000000000000, 2.500000000000024869, -0.4000000000000000222 ) ) ;
#7437 = ORIENTED_EDGE ( 'NONE', *, *, #4883, .F. ) ;
#7438 = EDGE_LOOP ( 'NONE', ( #503, #3667, #6808, #6088, #2169, #6140, #1795, #4004, #4578, #2743, #6387, #1454, #5828, #8373 ) ) ;
#7439 = ORIENTED_EDGE ( 'NONE', *, *, #4161, .F. ) ;
#7440 = ADVANCED_FACE ( 'NONE', ( #4266 ), #4310, .T. ) ;
#7441 = CARTESIAN_POINT ( 'NONE',  ( -35.65095264191651836, -11.24999999999996092, -0.4000000000000000222 ) ) ;
#7442 = EDGE_CURVE ( 'NONE', #7189, #798, #6968, .T. ) ;
#7443 = FACE_OUTER_BOUND ( 'NONE', #5154, .T. ) ;
#7444 = VERTEX_POINT ( 'NONE', #2306 ) ;
#7445 = VECTOR ( 'NONE', #8178, 999.9999999999998863 ) ;
#7446 = CARTESIAN_POINT ( 'NONE',  ( 30.88845264191648354, 1.000369342984405829, -0.4000000000000000222 ) ) ;
#7447 = ORIENTED_EDGE ( 'NONE', *, *, #4480, .T. ) ;
#7448 = ORIENTED_EDGE ( 'NONE', *, *, #1899, .T. ) ;
#7449 = VECTOR ( 'NONE', #5726, 1000.000000000000000 ) ;
#7450 = VERTEX_POINT ( 'NONE', #2932 ) ;
#7451 = LINE ( 'NONE', #4125, #1213 ) ;
#7452 = CARTESIAN_POINT ( 'NONE',  ( 16.31057158514988359, -41.24999999999984368, -0.4000000000000000222 ) ) ;
#7453 = VECTOR ( 'NONE', #4199, 1000.000000000000000 ) ;
#7454 = VECTOR ( 'NONE', #1843, 1000.000000000000000 ) ;
#7455 = LINE ( 'NONE', #7324, #5565 ) ;
#7456 = CARTESIAN_POINT ( 'NONE',  ( 36.50000000000000711, 45.79999999999999005, -0.4000000000000000222 ) ) ;
#7457 = EDGE_LOOP ( 'NONE', ( #5982, #7793, #4274, #3585 ) ) ;
#7458 = ORIENTED_EDGE ( 'NONE', *, *, #7264, .F. ) ;
#7459 = ORIENTED_EDGE ( 'NONE', *, *, #7957, .F. ) ;
#7460 = CARTESIAN_POINT ( 'NONE',  ( 41.29999999999999005, -49.00000000000000000, 0.4000322408422330445 ) ) ;
#7461 = LINE ( 'NONE', #4853, #5149 ) ;
#7462 = CARTESIAN_POINT ( 'NONE',  ( -37.49999999999998579, -39.99999999999993605, 0.4000000000000000222 ) ) ;
#7463 = CARTESIAN_POINT ( 'NONE',  ( 38.35555293010605737, 49.00000000000000711, 1.121206657494836723 ) ) ;
#7464 = ORIENTED_EDGE ( 'NONE', *, *, #1812, .F. ) ;
#7465 = CARTESIAN_POINT ( 'NONE',  ( 29.30095264191647075, 3.749999999999989342, 0.4000000000000000222 ) ) ;
#7466 = DIRECTION ( 'NONE',  ( -0.000000000000000000, -0.000000000000000000, -1.000000000000000000 ) ) ;
#7467 = ORIENTED_EDGE ( 'NONE', *, *, #2923, .T. ) ;
#7468 = CARTESIAN_POINT ( 'NONE',  ( -24.24913778650736162, 39.99999999999999289, 0.4000000000000000222 ) ) ;
#7469 = ORIENTED_EDGE ( 'NONE', *, *, #5696, .T. ) ;
#7470 = FACE_OUTER_BOUND ( 'NONE', #36, .T. ) ;
#7471 = DIRECTION ( 'NONE',  ( 0.4999999999999968359, 0.8660254037844404840, 0.000000000000000000 ) ) ;
#7472 = AXIS2_PLACEMENT_3D ( 'NONE', #8145, #2110, #1443 ) ;
#7473 = LINE ( 'NONE', #4863, #2093 ) ;
#7474 = CARTESIAN_POINT ( 'NONE',  ( 34.06345264191645583, 36.49963065701547293, -0.4000000000000000222 ) ) ;
#7475 = CARTESIAN_POINT ( 'NONE',  ( -25.00000000000000000, -2.499999999999980904, -0.4000000000000000222 ) ) ;
#7476 = CARTESIAN_POINT ( 'NONE',  ( -14.57788105676663015, 2.749630657015590618, -0.4000000000000000222 ) ) ;
#7477 = DIRECTION ( 'NONE',  ( -0.5000000000000029976, 0.8660254037844369313, -0.000000000000000000 ) ) ;
#7478 = EDGE_LOOP ( 'NONE', ( #8087, #7663, #8121, #3003 ) ) ;
#7479 = VECTOR ( 'NONE', #6598, 1000.000000000000000 ) ;
#7480 = ORIENTED_EDGE ( 'NONE', *, *, #4523, .T. ) ;
#7481 = ORIENTED_EDGE ( 'NONE', *, *, #1422, .T. ) ;
#7482 = CARTESIAN_POINT ( 'NONE',  ( 11.40288105676656727, 2.749630657015597723, 0.4000000000000000222 ) ) ;
#7483 = EDGE_CURVE ( 'NONE', #6628, #3165, #7674, .T. ) ;
#7484 = CARTESIAN_POINT ( 'NONE',  ( -30.88845264191649420, -43.99963065701542320, 0.4000000000000000222 ) ) ;
#7485 = DIRECTION ( 'NONE',  ( -3.330669073875469621E-15, 1.000000000000000000, 0.000000000000000000 ) ) ;
#7486 = VERTEX_POINT ( 'NONE', #982 ) ;
#7487 = VECTOR ( 'NONE', #1565, 1000.000000000000000 ) ;
#7488 = DIRECTION ( 'NONE',  ( -0.000000000000000000, -0.000000000000000000, 1.000000000000000000 ) ) ;
#7489 = ORIENTED_EDGE ( 'NONE', *, *, #4505, .F. ) ;
#7490 = EDGE_CURVE ( 'NONE', #2340, #3233, #6391, .T. ) ;
#7491 = ORIENTED_EDGE ( 'NONE', *, *, #5755, .F. ) ;
#7492 = AXIS2_PLACEMENT_3D ( 'NONE', #1555, #4442, #8382 ) ;
#7493 = DIRECTION ( 'NONE',  ( -0.000000000000000000, -0.000000000000000000, 1.000000000000000000 ) ) ;
#7494 = PLANE ( 'NONE',  #4003 ) ;
#7495 = EDGE_CURVE ( 'NONE', #5349, #5404, #5451, .T. ) ;
#7496 = CARTESIAN_POINT ( 'NONE',  ( 11.40288105676658859, -40.24963065701544451, 0.4000000000000000222 ) ) ;
#7497 = EDGE_LOOP ( 'NONE', ( #7845, #3058, #826, #1893 ) ) ;
#7498 = VERTEX_POINT ( 'NONE', #8154 ) ;
#7499 = ORIENTED_EDGE ( 'NONE', *, *, #5200, .T. ) ;
#7500 = CARTESIAN_POINT ( 'NONE',  ( 30.88845264191648354, 38.50036934298424285, 0.4000000000000000222 ) ) ;
#7501 = LINE ( 'NONE', #4224, #8684 ) ;
#7502 = VECTOR ( 'NONE', #8497, 1000.000000000000114 ) ;
#7503 = DIRECTION ( 'NONE',  ( 0.8660254037844404840, -0.4999999999999968359, 0.000000000000000000 ) ) ;
#7504 = LINE ( 'NONE', #4515, #3758 ) ;
#7505 = EDGE_LOOP ( 'NONE', ( #740, #1766, #5148, #8529 ) ) ;
#7506 = LINE ( 'NONE', #25, #8659 ) ;
#7507 = CARTESIAN_POINT ( 'NONE',  ( 30.88845264191646223, -1.000369342984384957, 0.4000000000000000222 ) ) ;
#7508 = B_SPLINE_CURVE_WITH_KNOTS ( 'NONE', 3,
 ( #638, #8255, #7585, #6711 ),
 .UNSPECIFIED., .F., .F.,
 ( 4, 4 ),
 ( 0.000000000000000000, 0.0001265387067448906248 ),
 .UNSPECIFIED. ) ;
#7509 = EDGE_LOOP ( 'NONE', ( #6947, #1583, #5935, #7270 ) ) ;
#7510 = CARTESIAN_POINT ( 'NONE',  ( 41.25000000000000000, 45.79999999999999005, 1.200000000000001954 ) ) ;
#7511 = ORIENTED_EDGE ( 'NONE', *, *, #7026, .F. ) ;
#7512 = CARTESIAN_POINT ( 'NONE',  ( -16.31057158514990846, -41.24999999999982236, -0.4000000000000000222 ) ) ;
#7513 = FACE_OUTER_BOUND ( 'NONE', #4221, .T. ) ;
#7514 = CARTESIAN_POINT ( 'NONE',  ( -1.587500000000019451, 2.749630657015583957, -0.4000000000000000222 ) ) ;
#7515 = EDGE_CURVE ( 'NONE', #1174, #6606, #4787, .T. ) ;
#7516 = VECTOR ( 'NONE', #1361, 1000.000000000000000 ) ;
#7517 = EDGE_CURVE ( 'NONE', #5422, #1505, #7996, .T. ) ;
#7518 = DIRECTION ( 'NONE',  ( -0.4999999999999965028, -0.8660254037844407060, 0.000000000000000000 ) ) ;
#7519 = DIRECTION ( 'NONE',  ( 0.000000000000000000, 0.000000000000000000, 1.000000000000000000 ) ) ;
#7520 = EDGE_CURVE ( 'NONE', #3243, #8142, #3447, .T. ) ;
#7521 = VECTOR ( 'NONE', #3561, 1000.000000000000000 ) ;
#7522 = FACE_OUTER_BOUND ( 'NONE', #5507, .T. ) ;
#7523 = ORIENTED_EDGE ( 'NONE', *, *, #2608, .F. ) ;
#7524 = CARTESIAN_POINT ( 'NONE',  ( 37.50000000000000000, 0.000000000000000000, 0.4000000000000000222 ) ) ;
#7525 = CARTESIAN_POINT ( 'NONE',  ( 34.06345264191645583, -8.500369342984342325, -0.4000000000000000222 ) ) ;
#7526 = LINE ( 'NONE', #6949, #4632 ) ;
#7527 = EDGE_CURVE ( 'NONE', #6568, #2581, #8566, .T. ) ;
#7528 = CARTESIAN_POINT ( 'NONE',  ( 25.00000000000000000, 39.99999999999999289, -0.4000000000000000222 ) ) ;
#7529 = ORIENTED_EDGE ( 'NONE', *, *, #7515, .T. ) ;
#7530 = EDGE_CURVE ( 'NONE', #878, #1001, #1914, .T. ) ;
#7531 = LINE ( 'NONE', #8160, #356 ) ;
#7532 = ORIENTED_EDGE ( 'NONE', *, *, #4743, .T. ) ;
#7533 = ORIENTED_EDGE ( 'NONE', *, *, #2394, .T. ) ;
#7534 = ORIENTED_EDGE ( 'NONE', *, *, #4111, .T. ) ;
#7535 = DIRECTION ( 'NONE',  ( 3.663735981263016583E-15, -1.000000000000000000, 0.000000000000000000 ) ) ;
#7536 = FACE_OUTER_BOUND ( 'NONE', #957, .T. ) ;
#7537 = VECTOR ( 'NONE', #8616, 1000.000000000000000 ) ;
#7538 = CARTESIAN_POINT ( 'NONE',  ( -29.15576211353322122, 37.49999999999985079, -0.4000000000000000222 ) ) ;
#7539 = EDGE_CURVE ( 'NONE', #1997, #3188, #8653, .T. ) ;
#7540 = LINE ( 'NONE', #3334, #350 ) ;
#7541 = VECTOR ( 'NONE', #4294, 1000.000000000000114 ) ;
#7542 = ORIENTED_EDGE ( 'NONE', *, *, #5169, .T. ) ;
#7543 = ORIENTED_EDGE ( 'NONE', *, *, #959, .F. ) ;
#7544 = EDGE_LOOP ( 'NONE', ( #4070, #8478, #4131, #3394, #1903, #2243 ) ) ;
#7545 = CARTESIAN_POINT ( 'NONE',  ( 41.29999999999999005, -45.79999999999999005, 1.119055016130132918 ) ) ;
#7546 = VECTOR ( 'NONE', #7202, 1000.000000000000000 ) ;
#7547 = CARTESIAN_POINT ( 'NONE',  ( -27.56826211353322975, 40.24963065701545162, -0.4000000000000000222 ) ) ;
#7548 = CARTESIAN_POINT ( 'NONE',  ( 14.57788105676658930, -40.24963065701543030, 0.4000000000000000222 ) ) ;
#7549 = EDGE_CURVE ( 'NONE', #4640, #1390, #4581, .T. ) ;
#7550 = VECTOR ( 'NONE', #354, 1000.000000000000000 ) ;
#7551 = CARTESIAN_POINT ( 'NONE',  ( 17.89807158514989638, -43.99963065701542320, -0.4000000000000000222 ) ) ;
#7552 = AXIS2_PLACEMENT_3D ( 'NONE', #7055, #1398, #7013 ) ;
#7553 = ORIENTED_EDGE ( 'NONE', *, *, #1789, .F. ) ;
#7554 = DIRECTION ( 'NONE',  ( 0.5000000000000031086, -0.8660254037844368202, 0.000000000000000000 ) ) ;
#7555 = DIRECTION ( 'NONE',  ( 0.000000000000000000, 1.000000000000000000, 0.000000000000000000 ) ) ;
#7556 = ORIENTED_EDGE ( 'NONE', *, *, #6732, .F. ) ;
#7557 = LINE ( 'NONE', #6899, #266 ) ;
#7558 = ORIENTED_EDGE ( 'NONE', *, *, #6006, .T. ) ;
#7559 = LINE ( 'NONE', #5613, #47 ) ;
#7560 = CARTESIAN_POINT ( 'NONE',  ( -8.082690528383313477, 1.000369342984391841, 0.4000000000000000222 ) ) ;
#7561 = CARTESIAN_POINT ( 'NONE',  ( -41.30000000000001847, 46.33785712939791068, 1.062973319153827312 ) ) ;
#7562 = DIRECTION ( 'NONE',  ( 0.000000000000000000, 0.000000000000000000, -1.000000000000000000 ) ) ;
#7563 = FACE_OUTER_BOUND ( 'NONE', #3381, .T. ) ;
#7564 = ORIENTED_EDGE ( 'NONE', *, *, #7032, .T. ) ;
#7565 = VECTOR ( 'NONE', #2486, 999.9999999999998863 ) ;
#7566 = EDGE_LOOP ( 'NONE', ( #1205, #3109, #4253, #2661 ) ) ;
#7567 = ADVANCED_FACE ( 'NONE', ( #5864 ), #5204, .T. ) ;
#7568 = LINE ( 'NONE', #215, #1532 ) ;
#7569 = LINE ( 'NONE', #1496, #6894 ) ;
#7570 = ADVANCED_FACE ( 'NONE', ( #6576 ), #4623, .F. ) ;
#7571 = PLANE ( 'NONE',  #8256 ) ;
#7572 = ORIENTED_EDGE ( 'NONE', *, *, #4182, .T. ) ;
#7573 = VECTOR ( 'NONE', #1975, 1000.000000000000000 ) ;
#7574 = EDGE_CURVE ( 'NONE', #5263, #6584, #1871, .T. ) ;
#7575 = CARTESIAN_POINT ( 'NONE',  ( -17.89807158514993191, -1.000369342984377852, -0.4000000000000000222 ) ) ;
#7576 = ORIENTED_EDGE ( 'NONE', *, *, #7792, .F. ) ;
#7577 = ORIENTED_EDGE ( 'NONE', *, *, #6927, .T. ) ;
#7578 = VERTEX_POINT ( 'NONE', #6825 ) ;
#7579 = CARTESIAN_POINT ( 'NONE',  ( -27.56826211353319778, -40.24963065701545162, -0.4000000000000000222 ) ) ;
#7580 = LINE ( 'NONE', #929, #2023 ) ;
#7581 = VECTOR ( 'NONE', #4990, 1000.000000000000000 ) ;
#7582 = EDGE_CURVE ( 'NONE', #2520, #2552, #4489, .T. ) ;
#7583 = EDGE_CURVE ( 'NONE', #5679, #5358, #2744, .T. ) ;
#7584 = VECTOR ( 'NONE', #1335, 1000.000000000000000 ) ;
#7585 = CARTESIAN_POINT ( 'NONE',  ( 34.02136538605230243, -43.99963065701540188, 0.4014065064983231568 ) ) ;
#7586 = ORIENTED_EDGE ( 'NONE', *, *, #5811, .F. ) ;
#7587 = ORIENTED_EDGE ( 'NONE', *, *, #1736, .T. ) ;
#7588 = VERTEX_POINT ( 'NONE', #6531 ) ;
#7589 = CARTESIAN_POINT ( 'NONE',  ( 21.07307158514989709, -43.99963065701540899, -0.4000000000000000222 ) ) ;
#7590 = VECTOR ( 'NONE', #5445, 1000.000000000000000 ) ;
#7591 = DIRECTION ( 'NONE',  ( 0.4999999999999968359, 0.8660254037844404840, 0.000000000000000000 ) ) ;
#7592 = EDGE_CURVE ( 'NONE', #1742, #2029, #462, .T. ) ;
#7593 = CARTESIAN_POINT ( 'NONE',  ( -16.31057158514990846, -41.24999999999982236, -0.4000000000000000222 ) ) ;
#7594 = LINE ( 'NONE', #7680, #2297 ) ;
#7595 = VECTOR ( 'NONE', #8403, 1000.000000000000000 ) ;
#7596 = ORIENTED_EDGE ( 'NONE', *, *, #6117, .F. ) ;
#7597 = VECTOR ( 'NONE', #796, 1000.000000000000000 ) ;
#7598 = CARTESIAN_POINT ( 'NONE',  ( 14.72200538379252066, -2.499999999999980904, 0.4000000000000000222 ) ) ;
#7599 = EDGE_CURVE ( 'NONE', #6813, #3961, #4534, .T. ) ;
#7600 = EDGE_CURVE ( 'NONE', #5163, #5482, #5156, .T. ) ;
#7601 = CARTESIAN_POINT ( 'NONE',  ( 8.082690528383263739, -1.000369342984377852, -0.4000000000000000222 ) ) ;
#7602 = EDGE_LOOP ( 'NONE', ( #7352, #2985, #5103, #2241 ) ) ;
#7603 = DIRECTION ( 'NONE',  ( 1.000000000000000000, 0.000000000000000000, 0.000000000000000000 ) ) ;
#7604 = VERTEX_POINT ( 'NONE', #3246 ) ;
#7605 = DIRECTION ( 'NONE',  ( -1.000000000000000000, 0.000000000000000000, 0.000000000000000000 ) ) ;
#7606 = DIRECTION ( 'NONE',  ( 0.8660254037844404840, -0.4999999999999968359, 0.000000000000000000 ) ) ;
#7607 = VECTOR ( 'NONE', #1926, 1000.000000000000114 ) ;
#7608 = DIRECTION ( 'NONE',  ( -0.5000000000000029976, 0.8660254037844369313, -0.000000000000000000 ) ) ;
#7609 = LINE ( 'NONE', #4110, #91 ) ;
#7610 = LINE ( 'NONE', #3488, #1401 ) ;
#7611 = EDGE_LOOP ( 'NONE', ( #2590, #8118, #7728, #3759, #624, #2347 ) ) ;
#7612 = VERTEX_POINT ( 'NONE', #506 ) ;
#7613 = CARTESIAN_POINT ( 'NONE',  ( 30.88845264191646223, 36.49963065701545872, 0.4000000000000000222 ) ) ;
#7614 = CARTESIAN_POINT ( 'NONE',  ( -4.041878364870334472, 2.500000000000024869, -0.4000000000000000222 ) ) ;
#7615 = DIRECTION ( 'NONE',  ( 1.000000000000000000, 3.663735981263016583E-15, 0.000000000000000000 ) ) ;
#7616 = EDGE_LOOP ( 'NONE', ( #8328, #2430, #4529, #5612 ) ) ;
#7617 = ADVANCED_FACE ( 'NONE', ( #3200 ), #5246, .F. ) ;
#7618 = VECTOR ( 'NONE', #2556, 1000.000000000000114 ) ;
#7619 = EDGE_LOOP ( 'NONE', ( #4423, #2383, #4905, #4914 ) ) ;
#7620 = ORIENTED_EDGE ( 'NONE', *, *, #2117, .T. ) ;
#7621 = EDGE_LOOP ( 'NONE', ( #8731, #8002, #1621, #842 ) ) ;
#7622 = ADVANCED_FACE ( 'NONE', ( #1540 ), #5496, .T. ) ;
#7623 = LINE ( 'NONE', #6380, #7128 ) ;
#7624 = AXIS2_PLACEMENT_3D ( 'NONE', #6594, #8718, #568 ) ;
#7625 = EDGE_CURVE ( 'NONE', #5634, #5070, #7568, .T. ) ;
#7626 = DIRECTION ( 'NONE',  ( 0.000000000000000000, 0.000000000000000000, -1.000000000000000000 ) ) ;
#7627 = ORIENTED_EDGE ( 'NONE', *, *, #8452, .F. ) ;
#7628 = CARTESIAN_POINT ( 'NONE',  ( 16.16538105676657722, 37.49999999999987921, -0.4000000000000000222 ) ) ;
#7629 = VECTOR ( 'NONE', #4320, 1000.000000000000000 ) ;
#7630 = ORIENTED_EDGE ( 'NONE', *, *, #5934, .F. ) ;
#7631 = VERTEX_POINT ( 'NONE', #7613 ) ;
#7632 = VERTEX_POINT ( 'NONE', #919 ) ;
#7633 = DIRECTION ( 'NONE',  ( -0.5000000000000029976, 0.8660254037844369313, 0.000000000000000000 ) ) ;
#7634 = CARTESIAN_POINT ( 'NONE',  ( -37.49999999999998579, -39.99999999999993605, -0.4000000000000000222 ) ) ;
#7635 = CARTESIAN_POINT ( 'NONE',  ( 27.71238644055906164, -39.99999999999993605, -0.4000000000000000222 ) ) ;
#7636 = CARTESIAN_POINT ( 'NONE',  ( -37.49999999999998579, -39.99999999999993605, -0.4000000000000000222 ) ) ;
#7637 = EDGE_CURVE ( 'NONE', #966, #837, #5659, .T. ) ;
#7638 = VERTEX_POINT ( 'NONE', #5539 ) ;
#7639 = DIRECTION ( 'NONE',  ( 0.000000000000000000, 0.000000000000000000, 1.000000000000000000 ) ) ;
#7640 = ADVANCED_FACE ( 'NONE', ( #3575 ), #1495, .F. ) ;
#7641 = LINE ( 'NONE', #5567, #3894 ) ;
#7642 = ORIENTED_EDGE ( 'NONE', *, *, #3519, .F. ) ;
#7643 = DIRECTION ( 'NONE',  ( 1.000000000000000000, 3.663735981263016583E-15, 0.000000000000000000 ) ) ;
#7644 = VERTEX_POINT ( 'NONE', #5622 ) ;
#7645 = DIRECTION ( 'NONE',  ( 0.000000000000000000, 0.000000000000000000, -1.000000000000000000 ) ) ;
#7646 = DIRECTION ( 'NONE',  ( 0.000000000000000000, 0.000000000000000000, 1.000000000000000000 ) ) ;
#7647 = CARTESIAN_POINT ( 'NONE',  ( 17.89807158514988217, 1.000369342984398724, 0.4000000000000000222 ) ) ;
#7648 = EDGE_CURVE ( 'NONE', #5992, #310, #6910, .T. ) ;
#7649 = CARTESIAN_POINT ( 'NONE',  ( -38.10000000000000142, 45.79999999999999005, 0.3999999999999999667 ) ) ;
#7650 = DIRECTION ( 'NONE',  ( 0.4999999999999968359, 0.8660254037844404840, 0.000000000000000000 ) ) ;
#7651 = VERTEX_POINT ( 'NONE', #88 ) ;
#7652 = ORIENTED_EDGE ( 'NONE', *, *, #7786, .T. ) ;
#7653 = DIRECTION ( 'NONE',  ( -0.000000000000000000, 0.000000000000000000, 1.000000000000000000 ) ) ;
#7654 = CARTESIAN_POINT ( 'NONE',  ( -16.16538105676662340, -6.938893903907228378E-15, 0.4000000000000000222 ) ) ;
#7655 = VECTOR ( 'NONE', #6105, 1000.000000000000000 ) ;
#7656 = EDGE_CURVE ( 'NONE', #6442, #3444, #2161, .T. ) ;
#7657 = LINE ( 'NONE', #3618, #2345 ) ;
#7658 = CARTESIAN_POINT ( 'NONE',  ( -24.39326211353319707, -40.24963065701543741, -0.4000000000000000222 ) ) ;
#7659 = VERTEX_POINT ( 'NONE', #4994 ) ;
#7660 = VECTOR ( 'NONE', #2314, 1000.000000000000114 ) ;
#7661 = VECTOR ( 'NONE', #2491, 1000.000000000000114 ) ;
#7662 = VECTOR ( 'NONE', #4638, 1000.000000000000000 ) ;
#7663 = ORIENTED_EDGE ( 'NONE', *, *, #3236, .F. ) ;
#7664 = ORIENTED_EDGE ( 'NONE', *, *, #8533, .F. ) ;
#7665 = ORIENTED_EDGE ( 'NONE', *, *, #398, .F. ) ;
#7666 = PLANE ( 'NONE',  #4730 ) ;
#7667 = DIRECTION ( 'NONE',  ( -0.8660254037844368202, -0.5000000000000031086, 0.000000000000000000 ) ) ;
#7668 = VERTEX_POINT ( 'NONE', #7697 ) ;
#7669 = DIRECTION ( 'NONE',  ( 1.000000000000000000, 0.000000000000000000, 0.000000000000000000 ) ) ;
#7670 = VERTEX_POINT ( 'NONE', #838 ) ;
#7671 = ORIENTED_EDGE ( 'NONE', *, *, #465, .T. ) ;
#7672 = EDGE_CURVE ( 'NONE', #6311, #3893, #8320, .T. ) ;
#7673 = ORIENTED_EDGE ( 'NONE', *, *, #6071, .F. ) ;
#7674 = LINE ( 'NONE', #5012, #5798 ) ;
#7675 = CARTESIAN_POINT ( 'NONE',  ( 29.15576211353317859, 37.49999999999987921, -0.4000000000000000222 ) ) ;
#7676 = CARTESIAN_POINT ( 'NONE',  ( 34.06345264191645583, 43.99963065701543741, -0.4000000000000000222 ) ) ;
#7677 = EDGE_CURVE ( 'NONE', #7360, #7090, #2244, .T. ) ;
#7678 = CARTESIAN_POINT ( 'NONE',  ( 1.731624327025834464, 39.99999999999999289, -0.4000000000000000222 ) ) ;
#7679 = VECTOR ( 'NONE', #8383, 1000.000000000000000 ) ;
#7680 = CARTESIAN_POINT ( 'NONE',  ( 16.31057158514988359, -41.24999999999984368, 0.4000000000000000222 ) ) ;
#7681 = EDGE_CURVE ( 'NONE', #7748, #128, #2120, .T. ) ;
#7682 = VERTEX_POINT ( 'NONE', #4957 ) ;
#7683 = VECTOR ( 'NONE', #453, 1000.000000000000000 ) ;
#7684 = LINE ( 'NONE', #3733, #5116 ) ;
#7685 = FACE_OUTER_BOUND ( 'NONE', #1469, .T. ) ;
#7686 = VERTEX_POINT ( 'NONE', #880 ) ;
#7687 = DIRECTION ( 'NONE',  ( 0.000000000000000000, 0.000000000000000000, -1.000000000000000000 ) ) ;
#7688 = EDGE_CURVE ( 'NONE', #7668, #301, #256, .T. ) ;
#7689 = CARTESIAN_POINT ( 'NONE',  ( 29.30095264191647075, 41.24999999999982947, -0.4000000000000000222 ) ) ;
#7690 = CARTESIAN_POINT ( 'NONE',  ( 4.907690528383287898, 1.000369342984398724, 0.4000000000000000222 ) ) ;
#7691 = AXIS2_PLACEMENT_3D ( 'NONE', #4593, #8050, #4679 ) ;
#7692 = CARTESIAN_POINT ( 'NONE',  ( -37.50000000000000000, 2.500000000000024869, -0.4000000000000000222 ) ) ;
#7693 = VECTOR ( 'NONE', #7087, 1000.000000000000000 ) ;
#7694 = DIRECTION ( 'NONE',  ( -1.000000000000000000, 0.000000000000000000, -0.000000000000000000 ) ) ;
#7695 = ORIENTED_EDGE ( 'NONE', *, *, #2702, .T. ) ;
#7696 = LINE ( 'NONE', #8494, #6892 ) ;
#7697 = CARTESIAN_POINT ( 'NONE',  ( 31.00036934298440983, -8.500369342984358312, -0.4000000000000000222 ) ) ;
#7698 = CARTESIAN_POINT ( 'NONE',  ( -38.10000000000000142, 45.79999999999999005, 1.200000000000001954 ) ) ;
#7699 = EDGE_CURVE ( 'NONE', #5424, #7612, #2785, .T. ) ;
#7700 = ADVANCED_FACE ( 'NONE', ( #5585 ), #8364, .T. ) ;
#7701 = DIRECTION ( 'NONE',  ( -0.000000000000000000, -0.000000000000000000, 1.000000000000000000 ) ) ;
#7702 = LINE ( 'NONE', #3092, #5969 ) ;
#7703 = ORIENTED_EDGE ( 'NONE', *, *, #2176, .F. ) ;
#7704 = VECTOR ( 'NONE', #2713, 1000.000000000000114 ) ;
#7705 = EDGE_CURVE ( 'NONE', #8692, #7879, #6203, .T. ) ;
#7706 = EDGE_CURVE ( 'NONE', #6913, #2489, #2201, .T. ) ;
#7707 = ORIENTED_EDGE ( 'NONE', *, *, #3236, .T. ) ;
#7708 = ORIENTED_EDGE ( 'NONE', *, *, #1610, .T. ) ;
#7709 = ORIENTED_EDGE ( 'NONE', *, *, #2281, .T. ) ;
#7710 = CARTESIAN_POINT ( 'NONE',  ( -4.041878364870337137, 2.500000000000024869, 0.4000000000000000222 ) ) ;
#7711 = VECTOR ( 'NONE', #6872, 1000.000000000000000 ) ;
#7712 = PLANE ( 'NONE',  #891 ) ;
#7713 = VERTEX_POINT ( 'NONE', #4329 ) ;
#7714 = CARTESIAN_POINT ( 'NONE',  ( -34.95000000000000284, 45.79999999999999005, 1.200000000000001954 ) ) ;
#7715 = VECTOR ( 'NONE', #1998, 1000.000000000000000 ) ;
#7716 = ORIENTED_EDGE ( 'NONE', *, *, #3418, .F. ) ;
#7717 = ORIENTED_EDGE ( 'NONE', *, *, #5747, .F. ) ;
#7718 = ORIENTED_EDGE ( 'NONE', *, *, #2382, .F. ) ;
#7719 = DIRECTION ( 'NONE',  ( 0.4999999999999968359, 0.8660254037844404840, 0.000000000000000000 ) ) ;
#7720 = CARTESIAN_POINT ( 'NONE',  ( 34.06345264191645583, -8.500369342984342325, -0.4000000000000000222 ) ) ;
#7721 = DIRECTION ( 'NONE',  ( -3.330669073875469621E-15, 1.000000000000000000, 0.000000000000000000 ) ) ;
#7722 = CARTESIAN_POINT ( 'NONE',  ( 17.89807158514986085, -1.000369342984391841, -0.4000000000000000222 ) ) ;
#7723 = LINE ( 'NONE', #5520, #6405 ) ;
#7724 = VERTEX_POINT ( 'NONE', #6159 ) ;
#7725 = DIRECTION ( 'NONE',  ( 0.4999999999999968359, 0.8660254037844404840, 0.000000000000000000 ) ) ;
#7726 = VECTOR ( 'NONE', #2738, 1000.000000000000114 ) ;
#7727 = CARTESIAN_POINT ( 'NONE',  ( 34.72017888980202116, 42.86214742901357511, 0.4000000000000000222 ) ) ;
#7728 = ORIENTED_EDGE ( 'NONE', *, *, #3321, .F. ) ;
#7729 = PLANE ( 'NONE',  #6361 ) ;
#7730 = DIRECTION ( 'NONE',  ( -1.000000000000000000, -3.330669073875469621E-15, 0.000000000000000000 ) ) ;
#7731 = AXIS2_PLACEMENT_3D ( 'NONE', #848, #2838, #2665 ) ;
#7732 = DIRECTION ( 'NONE',  ( 0.5000000000000031086, -0.8660254037844368202, 0.000000000000000000 ) ) ;
#7733 = VECTOR ( 'NONE', #8733, 1000.000000000000000 ) ;
#7734 = CARTESIAN_POINT ( 'NONE',  ( -34.58883720175428067, -43.08963790586420828, 0.4035150215785907601 ) ) ;
#7735 = LINE ( 'NONE', #4367, #523 ) ;
#7736 = CARTESIAN_POINT ( 'NONE',  ( -35.98757281403688069, 48.99999999999999289, 0.5466397033448712195 ) ) ;
#7737 = SURFACE_STYLE_FILL_AREA ( #3746 ) ;
#7738 = ORIENTED_EDGE ( 'NONE', *, *, #2702, .F. ) ;
#7739 = DIRECTION ( 'NONE',  ( 0.4999999999999968359, 0.8660254037844404840, 0.000000000000000000 ) ) ;
#7740 = DIRECTION ( 'NONE',  ( 0.000000000000000000, 0.000000000000000000, -1.000000000000000000 ) ) ;
#7741 = CARTESIAN_POINT ( 'NONE',  ( -3.320190528383309747, -41.24999999999982236, 0.4000000000000000222 ) ) ;
#7742 = DIRECTION ( 'NONE',  ( 0.000000000000000000, 0.000000000000000000, 1.000000000000000000 ) ) ;
#7743 = LINE ( 'NONE', #4517, #2140 ) ;
#7744 = VERTEX_POINT ( 'NONE', #1450 ) ;
#7745 = EDGE_CURVE ( 'NONE', #7178, #7578, #6865, .T. ) ;
#7746 = EDGE_CURVE ( 'NONE', #2827, #5058, #6367, .T. ) ;
#7747 = ORIENTED_EDGE ( 'NONE', *, *, #1779, .T. ) ;
#7748 = VERTEX_POINT ( 'NONE', #1850 ) ;
#7749 = ORIENTED_EDGE ( 'NONE', *, *, #3901, .T. ) ;
#7750 = PLANE ( 'NONE',  #8595 ) ;
#7751 = EDGE_CURVE ( 'NONE', #1104, #6038, #7881, .T. ) ;
#7752 = VECTOR ( 'NONE', #7646, 1000.000000000000000 ) ;
#7753 = PLANE ( 'NONE',  #4153 ) ;
#7754 = DIRECTION ( 'NONE',  ( 0.4999999999999968359, 0.8660254037844404840, 0.000000000000000000 ) ) ;
#7755 = ORIENTED_EDGE ( 'NONE', *, *, #3753, .T. ) ;
#7756 = VECTOR ( 'NONE', #3226, 1000.000000000000000 ) ;
#7757 = ADVANCED_FACE ( 'NONE', ( #1761 ), #7077, .T. ) ;
#7758 = CARTESIAN_POINT ( 'NONE',  ( 41.29999999999996874, 48.44713328778966854, 0.4025140604048737525 ) ) ;
#7759 = EDGE_CURVE ( 'NONE', #6311, #4565, #4223, .T. ) ;
#7760 = ORIENTED_EDGE ( 'NONE', *, *, #7592, .T. ) ;
#7761 = ORIENTED_EDGE ( 'NONE', *, *, #3431, .F. ) ;
#7762 = ORIENTED_EDGE ( 'NONE', *, *, #712, .T. ) ;
#7763 = CARTESIAN_POINT ( 'NONE',  ( 4.907690528383266582, -1.000369342984391841, -0.4000000000000000222 ) ) ;
#7764 = LINE ( 'NONE', #1023, #3135 ) ;
#7765 = AXIS2_PLACEMENT_3D ( 'NONE', #4155, #4829, #5581 ) ;
#7766 = CARTESIAN_POINT ( 'NONE',  ( -41.30000000000001137, -49.00000000000000000, 0.4000000000000000222 ) ) ;
#7767 = CARTESIAN_POINT ( 'NONE',  ( -34.06345264191652689, -8.500369342984363641, -0.4000000000000000222 ) ) ;
#7768 = CARTESIAN_POINT ( 'NONE',  ( -17.03225942163686568, 39.99999999999999289, -0.4000000000000000222 ) ) ;
#7769 = EDGE_CURVE ( 'NONE', #7267, #889, #2328, .T. ) ;
#7770 = VERTEX_POINT ( 'NONE', #8544 ) ;
#7771 = VECTOR ( 'NONE', #5648, 1000.000000000000000 ) ;
#7772 = CARTESIAN_POINT ( 'NONE',  ( -31.00036934298439206, -8.500369342984349430, -0.4000000000000000222 ) ) ;
#7773 = CARTESIAN_POINT ( 'NONE',  ( 24.39326211353316864, 40.24963065701545162, 0.4000000000000000222 ) ) ;
#7774 = ORIENTED_EDGE ( 'NONE', *, *, #5423, .T. ) ;
#7775 = ORIENTED_EDGE ( 'NONE', *, *, #567, .F. ) ;
#7776 = LINE ( 'NONE', #7110, #8211 ) ;
#7777 = DIRECTION ( 'NONE',  ( 0.000000000000000000, 0.000000000000000000, 1.000000000000000000 ) ) ;
#7778 = CARTESIAN_POINT ( 'NONE',  ( 29.30095264191647075, -3.749999999999982681, -0.4000000000000000222 ) ) ;
#7779 = CIRCLE ( 'NONE', #2820, 4.535640646055099090 ) ;
#7780 = CARTESIAN_POINT ( 'NONE',  ( -41.30000000000001137, 47.90651126601621002, 0.5485419307053925886 ) ) ;
#7781 = CARTESIAN_POINT ( 'NONE',  ( -41.30000000000001137, -47.91695750518614716, 0.5454621139630408955 ) ) ;
#7782 = CARTESIAN_POINT ( 'NONE',  ( -40.22048432859597256, 49.00000000000000000, 0.5444877779419056152 ) ) ;
#7783 = LINE ( 'NONE', #3085, #4230 ) ;
#7784 = ORIENTED_EDGE ( 'NONE', *, *, #3980, .T. ) ;
#7785 = PLANE ( 'NONE',  #6468 ) ;
#7786 = EDGE_CURVE ( 'NONE', #3408, #5907, #3178, .T. ) ;
#7787 = CARTESIAN_POINT ( 'NONE',  ( -37.50000000000000000, -1.040834085586083783E-14, 0.4000000000000000222 ) ) ;
#7788 = CARTESIAN_POINT ( 'NONE',  ( 30.88845264191648354, -43.99963065701541609, 0.4000000000000000222 ) ) ;
#7789 = EDGE_CURVE ( 'NONE', #5034, #3278, #8495, .T. ) ;
#7790 = LINE ( 'NONE', #3799, #6309 ) ;
#7791 = CARTESIAN_POINT ( 'NONE',  ( 8.948502691896313976, -39.99999999999993605, -0.4000000000000000222 ) ) ;
#7792 = EDGE_CURVE ( 'NONE', #8598, #1173, #7337, .T. ) ;
#7793 = ORIENTED_EDGE ( 'NONE', *, *, #4629, .F. ) ;
#7794 = VERTEX_POINT ( 'NONE', #8592 ) ;
#7795 = ORIENTED_EDGE ( 'NONE', *, *, #2057, .T. ) ;
#7796 = VECTOR ( 'NONE', #1982, 1000.000000000000000 ) ;
#7797 = VERTEX_POINT ( 'NONE', #8404 ) ;
#7798 = ORIENTED_EDGE ( 'NONE', *, *, #6456, .F. ) ;
#7799 = FACE_OUTER_BOUND ( 'NONE', #4792, .T. ) ;
#7800 = EDGE_CURVE ( 'NONE', #887, #445, #5226, .T. ) ;
#7801 = CIRCLE ( 'NONE', #5397, 1.599999999999983435 ) ;
#7802 = CARTESIAN_POINT ( 'NONE',  ( 37.83757069948895690, -48.99999999999999289, 1.120445397930547538 ) ) ;
#7803 = VECTOR ( 'NONE', #8000, 1000.000000000000000 ) ;
#7804 = DIRECTION ( 'NONE',  ( -1.000000000000000000, 0.000000000000000000, -0.000000000000000000 ) ) ;
#7805 = ORIENTED_EDGE ( 'NONE', *, *, #2134, .T. ) ;
#7806 = VECTOR ( 'NONE', #5300, 1000.000000000000000 ) ;
#7807 = FACE_OUTER_BOUND ( 'NONE', #2791, .T. ) ;
#7808 = ORIENTED_EDGE ( 'NONE', *, *, #962, .T. ) ;
#7809 = EDGE_LOOP ( 'NONE', ( #5412, #3628, #4072, #4836 ) ) ;
#7810 = ORIENTED_EDGE ( 'NONE', *, *, #8579, .T. ) ;
#7811 = CARTESIAN_POINT ( 'NONE',  ( -29.15576211353321057, -37.49999999999986500, -0.4000000000000000222 ) ) ;
#7812 = FACE_OUTER_BOUND ( 'NONE', #72, .T. ) ;
#7813 = DIRECTION ( 'NONE',  ( -0.8660254037844407060, 0.4999999999999965028, 0.000000000000000000 ) ) ;
#7814 = CARTESIAN_POINT ( 'NONE',  ( 29.30095264191647075, -3.749999999999982681, -0.4000000000000000222 ) ) ;
#7815 = EDGE_CURVE ( 'NONE', #5202, #648, #1097, .T. ) ;
#7816 = CARTESIAN_POINT ( 'NONE',  ( 9.815381056766575796, 0.000000000000000000, -0.4000000000000000222 ) ) ;
#7817 = ORIENTED_EDGE ( 'NONE', *, *, #5755, .T. ) ;
#7818 = LINE ( 'NONE', #1031, #6821 ) ;
#7819 = CARTESIAN_POINT ( 'NONE',  ( -36.50000000000000711, -45.79999999999999005, 0.4000000000000000222 ) ) ;
#7820 = ORIENTED_EDGE ( 'NONE', *, *, #8738, .F. ) ;
#7821 = VERTEX_POINT ( 'NONE', #7213 ) ;
#7822 = LINE ( 'NONE', #1749, #3952 ) ;
#7823 = EDGE_CURVE ( 'NONE', #1514, #4348, #3133, .T. ) ;
#7824 = CARTESIAN_POINT ( 'NONE',  ( 33.93698350964250210, 43.99963065701543741, 0.3999999999999999667 ) ) ;
#7825 = DIRECTION ( 'NONE',  ( -0.8660254037844368202, -0.5000000000000031086, 0.000000000000000000 ) ) ;
#7826 = CONICAL_SURFACE ( 'NONE', #3008, 3.149999999999999911, 0.7853981633974544962 ) ;
#7827 = DIRECTION ( 'NONE',  ( 1.000000000000000000, 0.000000000000000000, 0.000000000000000000 ) ) ;
#7828 = LINE ( 'NONE', #291, #4626 ) ;
#7829 = CARTESIAN_POINT ( 'NONE',  ( 21.93888374866285318, 2.500000000000025313, 0.4000000000000000222 ) ) ;
#7830 = CARTESIAN_POINT ( 'NONE',  ( 27.25036934298439562, -4.750369342984361865, 0.4000000000000000222 ) ) ;
#7831 = VERTEX_POINT ( 'NONE', #5181 ) ;
#7832 = VECTOR ( 'NONE', #4918, 1000.000000000000000 ) ;
#7833 = DIRECTION ( 'NONE',  ( -0.000000000000000000, -0.000000000000000000, 1.000000000000000000 ) ) ;
#7834 = CARTESIAN_POINT ( 'NONE',  ( 27.25036934298438851, -4.750369342984360976, -0.4000000000000000222 ) ) ;
#7835 = PLANE ( 'NONE',  #5956 ) ;
#7836 = VECTOR ( 'NONE', #3739, 1000.000000000000000 ) ;
#7837 = FACE_OUTER_BOUND ( 'NONE', #7505, .T. ) ;
#7838 = VECTOR ( 'NONE', #2112, 1000.000000000000000 ) ;
#7839 = DIRECTION ( 'NONE',  ( -1.000000000000000000, -3.330669073875469621E-15, -0.000000000000000000 ) ) ;
#7840 = ORIENTED_EDGE ( 'NONE', *, *, #1043, .F. ) ;
#7841 = ORIENTED_EDGE ( 'NONE', *, *, #2965, .T. ) ;
#7843 = ORIENTED_EDGE ( 'NONE', *, *, #2558, .T. ) ;
#7842 = ORIENTED_EDGE ( 'NONE', *, *, #4026, .F. ) ;
#7844 = ORIENTED_EDGE ( 'NONE', *, *, #7583, .T. ) ;
#7845 = ORIENTED_EDGE ( 'NONE', *, *, #3901, .F. ) ;
#7846 = EDGE_CURVE ( 'NONE', #7724, #3770, #6510, .T. ) ;
#7847 = LINE ( 'NONE', #1154, #6986 ) ;
#7848 = CARTESIAN_POINT ( 'NONE',  ( 35.65095264191646862, 41.24999999999985789, 0.4000000000000000222 ) ) ;
#7849 = CARTESIAN_POINT ( 'NONE',  ( -34.06345264191652689, -8.500369342984363641, -0.4000000000000000222 ) ) ;
#7850 = VERTEX_POINT ( 'NONE', #7170 ) ;
#7851 = EDGE_CURVE ( 'NONE', #6297, #1677, #1142, .T. ) ;
#7852 = CARTESIAN_POINT ( 'NONE',  ( -41.30000000000001137, -49.00000000000000000, 0.4000000000000000222 ) ) ;
#7853 = ORIENTED_EDGE ( 'NONE', *, *, #6988, .T. ) ;
#7854 = ORIENTED_EDGE ( 'NONE', *, *, #5282, .F. ) ;
#7855 = ORIENTED_EDGE ( 'NONE', *, *, #6071, .T. ) ;
#7856 = CARTESIAN_POINT ( 'NONE',  ( 14.57788105676656443, 40.24963065701546583, 0.4000000000000000222 ) ) ;
#7857 = DIRECTION ( 'NONE',  ( 0.000000000000000000, 0.000000000000000000, -1.000000000000000000 ) ) ;
#7858 = AXIS2_PLACEMENT_3D ( 'NONE', #4392, #7093, #6432 ) ;
#7859 = CARTESIAN_POINT ( 'NONE',  ( -17.03225942163687989, -39.99999999999993605, -0.4000000000000000222 ) ) ;
#7860 = DIRECTION ( 'NONE',  ( 1.000000000000000000, 0.000000000000000000, 0.000000000000000000 ) ) ;
#7861 = EDGE_CURVE ( 'NONE', #5671, #1364, #5036, .T. ) ;
#7862 = FACE_OUTER_BOUND ( 'NONE', #7619, .T. ) ;
#7863 = EDGE_LOOP ( 'NONE', ( #6489, #4608, #7221, #3467 ) ) ;
#7864 = DIRECTION ( 'NONE',  ( -1.000000000000000000, -3.330669073875469621E-15, -0.000000000000000000 ) ) ;
#7865 = CARTESIAN_POINT ( 'NONE',  ( -37.50000000000000000, 2.500000000000024869, -0.4000000000000000222 ) ) ;
#7866 = ORIENTED_EDGE ( 'NONE', *, *, #8637, .F. ) ;
#7867 = ADVANCED_FACE ( 'NONE', ( #1050 ), #4559, .T. ) ;
#7868 = ORIENTED_EDGE ( 'NONE', *, *, #4389, .T. ) ;
#7869 = CARTESIAN_POINT ( 'NONE',  ( 0.000000000000000000, 2.500000000000024869, 0.4000000000000000222 ) ) ;
#7870 = CARTESIAN_POINT ( 'NONE',  ( 29.30095264191647075, -3.749999999999982681, -0.4000000000000000222 ) ) ;
#7871 = CARTESIAN_POINT ( 'NONE',  ( -17.89807158514993191, 43.99963065701543741, -0.4000000000000000222 ) ) ;
#7872 = CARTESIAN_POINT ( 'NONE',  ( -41.30000000000001847, 48.43565421438101737, 0.4025655899839110097 ) ) ;
#7873 = CIRCLE ( 'NONE', #1222, 1.599999999999997202 ) ;
#7874 = PLANE ( 'NONE',  #872 ) ;
#7875 = DIRECTION ( 'NONE',  ( 0.4999999999999968359, 0.8660254037844404840, 0.000000000000000000 ) ) ;
#7876 = VECTOR ( 'NONE', #1026, 1000.000000000000000 ) ;
#7877 = ORIENTED_EDGE ( 'NONE', *, *, #2025, .F. ) ;
#7878 = CARTESIAN_POINT ( 'NONE',  ( -35.65095264191650415, -41.24999999999985789, -0.4000000000000000222 ) ) ;
#7879 = VERTEX_POINT ( 'NONE', #344 ) ;
#7880 = CARTESIAN_POINT ( 'NONE',  ( 21.07307158514985801, -1.000369342984377852, -0.4000000000000000222 ) ) ;
#7881 = LINE ( 'NONE', #6462, #4365 ) ;
#7882 = CARTESIAN_POINT ( 'NONE',  ( 8.082690528383295714, -43.99963065701541609, -0.4000000000000000222 ) ) ;
#7883 = VECTOR ( 'NONE', #5211, 1000.000000000000114 ) ;
#7884 = VECTOR ( 'NONE', #1240, 999.9999999999998863 ) ;
#7885 = CARTESIAN_POINT ( 'NONE',  ( 3.320190528383275108, 3.749999999999982681, -0.4000000000000000222 ) ) ;
#7886 = CARTESIAN_POINT ( 'NONE',  ( 17.89807158514986085, 43.99963065701542320, -0.4000000000000000222 ) ) ;
#7887 = EDGE_CURVE ( 'NONE', #7821, #6584, #2372, .T. ) ;
#7889 = ORIENTED_EDGE ( 'NONE', *, *, #6680, .T. ) ;
#7888 = ORIENTED_EDGE ( 'NONE', *, *, #6022, .T. ) ;
#7890 = EDGE_LOOP ( 'NONE', ( #8131, #2793, #2485, #1010 ) ) ;
#7891 = ORIENTED_EDGE ( 'NONE', *, *, #4774, .F. ) ;
#7892 = LINE ( 'NONE', #5713, #2034 ) ;
#7893 = FACE_OUTER_BOUND ( 'NONE', #147, .T. ) ;
#7894 = FACE_OUTER_BOUND ( 'NONE', #3027, .T. ) ;
#7895 = ORIENTED_EDGE ( 'NONE', *, *, #2435, .T. ) ;
#7896 = DIRECTION ( 'NONE',  ( -0.5000000000000029976, 0.8660254037844369313, -0.000000000000000000 ) ) ;
#7897 = EDGE_CURVE ( 'NONE', #7228, #7319, #3192, .T. ) ;
#7898 = VERTEX_POINT ( 'NONE', #5975 ) ;
#7899 = ORIENTED_EDGE ( 'NONE', *, *, #4216, .T. ) ;
#7900 = VERTEX_POINT ( 'NONE', #3308 ) ;
#7901 = DIRECTION ( 'NONE',  ( 0.5000000000000031086, -0.8660254037844368202, 0.000000000000000000 ) ) ;
#7902 = CARTESIAN_POINT ( 'NONE',  ( -30.02264047840348127, -39.99999999999993605, -0.4000000000000000222 ) ) ;
#7903 = EDGE_CURVE ( 'NONE', #6604, #6883, #7300, .T. ) ;
#7904 = CARTESIAN_POINT ( 'NONE',  ( -11.25875672974071939, -39.99999999999993605, 0.4000000000000000222 ) ) ;
#7905 = EDGE_CURVE ( 'NONE', #1689, #5121, #8635, .T. ) ;
#7906 = DIRECTION ( 'NONE',  ( -0.000000000000000000, -0.000000000000000000, 1.000000000000000000 ) ) ;
#7907 = ORIENTED_EDGE ( 'NONE', *, *, #5152, .T. ) ;
#7908 = DIRECTION ( 'NONE',  ( 0.8660254037844369313, 0.5000000000000029976, 0.000000000000000000 ) ) ;
#7909 = AXIS2_PLACEMENT_3D ( 'NONE', #4466, #5889, #8450 ) ;
#7910 = DIRECTION ( 'NONE',  ( -0.000000000000000000, -0.000000000000000000, 1.000000000000000000 ) ) ;
#7911 = ORIENTED_EDGE ( 'NONE', *, *, #7861, .F. ) ;
#7912 = ORIENTED_EDGE ( 'NONE', *, *, #593, .F. ) ;
#7913 = DIRECTION ( 'NONE',  ( 0.8660254037844404840, -0.4999999999999968359, 0.000000000000000000 ) ) ;
#7914 = CARTESIAN_POINT ( 'NONE',  ( 41.29999999999999005, 43.15265376142519216, 0.3999999999998969935 ) ) ;
#7915 = LINE ( 'NONE', #2587, #8743 ) ;
#7916 = EDGE_CURVE ( 'NONE', #2340, #5105, #6016, .T. ) ;
#7917 = VECTOR ( 'NONE', #1620, 1000.000000000000000 ) ;
#7918 = DIRECTION ( 'NONE',  ( 0.000000000000000000, 0.000000000000000000, 1.000000000000000000 ) ) ;
#7919 = EDGE_CURVE ( 'NONE', #2379, #2489, #3354, .T. ) ;
#7920 = DIRECTION ( 'NONE',  ( -0.8660254037844407060, 0.4999999999999965028, 0.000000000000000000 ) ) ;
#7921 = DIRECTION ( 'NONE',  ( 1.000000000000000000, 3.663735981263016583E-15, 0.000000000000000000 ) ) ;
#7922 = ORIENTED_EDGE ( 'NONE', *, *, #693, .F. ) ;
#7923 = LINE ( 'NONE', #1184, #5365 ) ;
#7924 = ORIENTED_EDGE ( 'NONE', *, *, #1027, .F. ) ;
#7925 = AXIS2_PLACEMENT_3D ( 'NONE', #4973, #5721, #7633 ) ;
#7926 = LINE ( 'NONE', #5350, #41 ) ;
#7927 = CARTESIAN_POINT ( 'NONE',  ( -41.30000000000001137, -49.00000000000000000, -0.4000000000000000222 ) ) ;
#7928 = CARTESIAN_POINT ( 'NONE',  ( 0.000000000000000000, 2.500000000000024869, 0.4000000000000000222 ) ) ;
#7929 = LINE ( 'NONE', #4011, #1787 ) ;
#7930 = B_SPLINE_CURVE_WITH_KNOTS ( 'NONE', 3,
 ( #1933, #4643, #7340, #1270 ),
 .UNSPECIFIED., .F., .F.,
 ( 4, 4 ),
 ( 6.942281208919283290E-18, 0.0001265387067448836859 ),
 .UNSPECIFIED. ) ;
#7931 = EDGE_CURVE ( 'NONE', #6130, #1559, #8108, .T. ) ;
#7932 = CARTESIAN_POINT ( 'NONE',  ( 25.00000000000000000, -2.499999999999980904, -0.4000000000000000222 ) ) ;
#7934 = ORIENTED_EDGE ( 'NONE', *, *, #773, .F. ) ;
#7933 = ORIENTED_EDGE ( 'NONE', *, *, #5870, .T. ) ;
#7935 = EDGE_LOOP ( 'NONE', ( #818, #7306, #8661, #7341 ) ) ;
#7936 = EDGE_CURVE ( 'NONE', #8318, #527, #3975, .T. ) ;
#7937 = ORIENTED_EDGE ( 'NONE', *, *, #1588, .T. ) ;
#7938 = AXIS2_PLACEMENT_3D ( 'NONE', #393, #3089, #345 ) ;
#7939 = DIRECTION ( 'NONE',  ( -0.000000000000000000, -0.000000000000000000, 1.000000000000000000 ) ) ;
#7940 = ADVANCED_FACE ( 'NONE', ( #1274 ), #2642, .T. ) ;
#7941 = LINE ( 'NONE', #2697, #5288 ) ;
#7942 = EDGE_LOOP ( 'NONE', ( #2519, #3028, #6530, #8026, #2040, #5677, #3793, #2562 ) ) ;
#7943 = LINE ( 'NONE', #5281, #2187 ) ;
#7944 = ORIENTED_EDGE ( 'NONE', *, *, #7903, .F. ) ;
#7945 = ORIENTED_EDGE ( 'NONE', *, *, #8414, .T. ) ;
#7946 = ORIENTED_EDGE ( 'NONE', *, *, #1754, .F. ) ;
#7947 = DIRECTION ( 'NONE',  ( -0.000000000000000000, -0.000000000000000000, -1.000000000000000000 ) ) ;
#7948 = DIRECTION ( 'NONE',  ( -0.000000000000000000, -0.000000000000000000, 1.000000000000000000 ) ) ;
#7949 = CARTESIAN_POINT ( 'NONE',  ( -33.56435935394490144, -45.79999999999999005, 2.000000000000000000 ) ) ;
#7950 = CARTESIAN_POINT ( 'NONE',  ( -27.56826211353322975, 40.24963065701545162, 0.4000000000000000222 ) ) ;
#7951 = VECTOR ( 'NONE', #3925, 1000.000000000000000 ) ;
#7952 = PLANE ( 'NONE',  #4424 ) ;
#7953 = VECTOR ( 'NONE', #6444, 1000.000000000000000 ) ;
#7954 = EDGE_CURVE ( 'NONE', #2129, #769, #8673, .T. ) ;
#7955 = LINE ( 'NONE', #6539, #8096 ) ;
#7956 = ORIENTED_EDGE ( 'NONE', *, *, #3098, .T. ) ;
#7957 = EDGE_CURVE ( 'NONE', #7821, #3174, #4734, .T. ) ;
#7958 = ORIENTED_EDGE ( 'NONE', *, *, #7435, .F. ) ;
#7959 = DIRECTION ( 'NONE',  ( -0.4999999999999965028, -0.8660254037844407060, 0.000000000000000000 ) ) ;
#7960 = DIRECTION ( 'NONE',  ( 0.8660254037844369313, 0.5000000000000029976, 0.000000000000000000 ) ) ;
#7961 = EDGE_CURVE ( 'NONE', #5378, #1103, #8061, .T. ) ;
#7962 = CARTESIAN_POINT ( 'NONE',  ( 37.49999999999999289, -14.99999999999993072, -0.4000000000000000222 ) ) ;
#7963 = DIRECTION ( 'NONE',  ( 3.663735981263016583E-15, -1.000000000000000000, 0.000000000000000000 ) ) ;
#7964 = CARTESIAN_POINT ( 'NONE',  ( 41.29999999999999005, -42.58565153255791813, 0.3999999999999999667 ) ) ;
#7965 = EDGE_CURVE ( 'NONE', #724, #8071, #3887, .T. ) ;
#7966 = DIRECTION ( 'NONE',  ( 1.000000000000000000, 3.663735981263016583E-15, 0.000000000000000000 ) ) ;
#7967 = ORIENTED_EDGE ( 'NONE', *, *, #2537, .T. ) ;
#7968 = LINE ( 'NONE', #1352, #6644 ) ;
#7969 = ORIENTED_EDGE ( 'NONE', *, *, #5540, .F. ) ;
#7970 = DIRECTION ( 'NONE',  ( 1.000000000000000000, 3.663735981263016583E-15, 0.000000000000000000 ) ) ;
#7971 = FACE_OUTER_BOUND ( 'NONE', #3186, .T. ) ;
#7972 = LINE ( 'NONE', #5352, #1844 ) ;
#7973 = AXIS2_PLACEMENT_3D ( 'NONE', #7551, #4226, #6932 ) ;
#7974 = VECTOR ( 'NONE', #5929, 1000.000000000000000 ) ;
#7975 = EDGE_CURVE ( 'NONE', #5766, #6230, #5438, .T. ) ;
#7976 = LINE ( 'NONE', #1318, #586 ) ;
#7977 = VECTOR ( 'NONE', #9, 1000.000000000000000 ) ;
#7978 = CARTESIAN_POINT ( 'NONE',  ( -35.65095264191650415, -41.24999999999985789, 0.4000000000000000222 ) ) ;
#7980 = ORIENTED_EDGE ( 'NONE', *, *, #1161, .T. ) ;
#7979 = ORIENTED_EDGE ( 'NONE', *, *, #4636, .F. ) ;
#7981 = AXIS2_PLACEMENT_3D ( 'NONE', #7634, #3596, #2805 ) ;
#7982 = ORIENTED_EDGE ( 'NONE', *, *, #4795, .F. ) ;
#7983 = ORIENTED_EDGE ( 'NONE', *, *, #8626, .T. ) ;
#7984 = EDGE_CURVE ( 'NONE', #889, #2397, #2599, .T. ) ;
#7985 = CARTESIAN_POINT ( 'NONE',  ( -27.56826211353321199, -2.749630657015583957, -0.4000000000000000222 ) ) ;
#7986 = VECTOR ( 'NONE', #5806, 1000.000000000000000 ) ;
#7987 = AXIS2_PLACEMENT_3D ( 'NONE', #7512, #3639, #6345 ) ;
#7988 = DIRECTION ( 'NONE',  ( -1.000000000000000000, 0.000000000000000000, 0.000000000000000000 ) ) ;
#7989 = EDGE_LOOP ( 'NONE', ( #3802, #3446, #3948, #6273, #8501, #3725, #6565, #5153 ) ) ;
#7990 = EDGE_CURVE ( 'NONE', #2302, #4966, #7343, .T. ) ;
#7991 = ADVANCED_FACE ( 'NONE', ( #5266 ), #4064, .T. ) ;
#7992 = DIRECTION ( 'NONE',  ( -0.7071067811865483499, 0.7071067811865467956, 0.000000000000000000 ) ) ;
#7993 = ORIENTED_EDGE ( 'NONE', *, *, #3534, .F. ) ;
#7994 = ORIENTED_EDGE ( 'NONE', *, *, #8201, .T. ) ;
#7995 = ORIENTED_EDGE ( 'NONE', *, *, #1467, .T. ) ;
#7996 = LINE ( 'NONE', #1783, #847 ) ;
#7997 = DIRECTION ( 'NONE',  ( 0.000000000000000000, 0.000000000000000000, 1.000000000000000000 ) ) ;
#7998 = DIRECTION ( 'NONE',  ( 1.000000000000000000, 0.000000000000000000, 0.000000000000000000 ) ) ;
#7999 = CARTESIAN_POINT ( 'NONE',  ( -8.082690528383299267, -43.99963065701543030, -0.4000000000000000222 ) ) ;
#8000 = DIRECTION ( 'NONE',  ( -0.000000000000000000, -0.000000000000000000, 1.000000000000000000 ) ) ;
#8001 = AXIS2_PLACEMENT_3D ( 'NONE', #2624, #3290, #4674 ) ;
#8002 = ORIENTED_EDGE ( 'NONE', *, *, #7637, .F. ) ;
#8003 = ORIENTED_EDGE ( 'NONE', *, *, #5669, .F. ) ;
#8004 = DIRECTION ( 'NONE',  ( 1.000000000000000000, 3.663735981263016583E-15, 0.000000000000000000 ) ) ;
#8005 = DIRECTION ( 'NONE',  ( -1.000000000000000000, -3.330669073875469621E-15, -0.000000000000000000 ) ) ;
#8006 = DIRECTION ( 'NONE',  ( -0.5000000000000029976, 0.8660254037844369313, -0.000000000000000000 ) ) ;
#8007 = VECTOR ( 'NONE', #609, 1000.000000000000114 ) ;
#8008 = PLANE ( 'NONE',  #3845 ) ;
#8009 = ORIENTED_EDGE ( 'NONE', *, *, #5497, .T. ) ;
#8010 = FACE_OUTER_BOUND ( 'NONE', #8748, .T. ) ;
#8011 = CARTESIAN_POINT ( 'NONE',  ( 34.06345264191645583, 43.99963065701543741, -0.4000000000000000222 ) ) ;
#8012 = CARTESIAN_POINT ( 'NONE',  ( -38.10000000000000142, 45.79999999999999005, 1.200000000000001954 ) ) ;
#8013 = EDGE_LOOP ( 'NONE', ( #6515, #7439, #5814, #3281, #1243, #6435 ) ) ;
#8014 = AXIS2_PLACEMENT_3D ( 'NONE', #7402, #5287, #635 ) ;
#8015 = B_SPLINE_CURVE_WITH_KNOTS ( 'NONE', 3,
 ( #7409, #6796, #4801, #8043 ),
 .UNSPECIFIED., .F., .F.,
 ( 4, 4 ),
 ( 6.942281208919283290E-18, 0.0001265387067449184346 ),
 .UNSPECIFIED. ) ;
#8016 = DIRECTION ( 'NONE',  ( 0.000000000000000000, 0.000000000000000000, -1.000000000000000000 ) ) ;
#8017 = CARTESIAN_POINT ( 'NONE',  ( 41.29999999999999005, -49.00000000000000000, 0.4000322408422330445 ) ) ;
#8018 = DIRECTION ( 'NONE',  ( 1.000000000000000000, 3.663735981263016583E-15, 0.000000000000000000 ) ) ;
#8019 = LINE ( 'NONE', #5232, #5542 ) ;
#8020 = VECTOR ( 'NONE', #5641, 1000.000000000000000 ) ;
#8021 = CARTESIAN_POINT ( 'NONE',  ( 8.948502691896258909, 2.500000000000024869, -0.4000000000000000222 ) ) ;
#8023 = ORIENTED_EDGE ( 'NONE', *, *, #1884, .T. ) ;
#8022 = ORIENTED_EDGE ( 'NONE', *, *, #7163, .T. ) ;
#8024 = AXIS2_PLACEMENT_3D ( 'NONE', #4332, #6465, #7173 ) ;
#8025 = ORIENTED_EDGE ( 'NONE', *, *, #2991, .F. ) ;
#8026 = ORIENTED_EDGE ( 'NONE', *, *, #8407, .T. ) ;
#8027 = DIRECTION ( 'NONE',  ( -1.000000000000000000, -3.330669073875469621E-15, -0.000000000000000000 ) ) ;
#8028 = VECTOR ( 'NONE', #4465, 1000.000000000000114 ) ;
#8029 = EDGE_CURVE ( 'NONE', #8461, #496, #2733, .T. ) ;
#8030 = LINE ( 'NONE', #2746, #8541 ) ;
#8031 = ORIENTED_EDGE ( 'NONE', *, *, #5109, .T. ) ;
#8032 = EDGE_CURVE ( 'NONE', #8106, #4046, #2065, .T. ) ;
#8033 = VECTOR ( 'NONE', #2202, 1000.000000000000000 ) ;
#8034 = ADVANCED_FACE ( 'NONE', ( #7971 ), #1895, .F. ) ;
#8035 = FACE_OUTER_BOUND ( 'NONE', #4876, .T. ) ;
#8036 = ADVANCED_FACE ( 'NONE', ( #7513 ), #249, .F. ) ;
#8037 = EDGE_LOOP ( 'NONE', ( #2050, #6748, #1383, #925 ) ) ;
#8038 = ORIENTED_EDGE ( 'NONE', *, *, #115, .F. ) ;
#8039 = VERTEX_POINT ( 'NONE', #4947 ) ;
#8040 = DIRECTION ( 'NONE',  ( -8.326672684688672081E-16, 1.000000000000000000, 0.000000000000000000 ) ) ;
#8041 = AXIS2_PLACEMENT_3D ( 'NONE', #4052, #6760, #2850 ) ;
#8042 = LINE ( 'NONE', #509, #1641 ) ;
#8043 = CARTESIAN_POINT ( 'NONE',  ( -33.93698350964250210, -43.99963065701543741, 0.3999999999999999667 ) ) ;
#8044 = EDGE_CURVE ( 'NONE', #128, #5142, #6237, .T. ) ;
#8045 = EDGE_CURVE ( 'NONE', #1236, #5057, #3481, .T. ) ;
#8046 = DIRECTION ( 'NONE',  ( -1.000000000000000000, 0.000000000000000000, 0.000000000000000000 ) ) ;
#8047 = VERTEX_POINT ( 'NONE', #3605 ) ;
#8048 = ORIENTED_EDGE ( 'NONE', *, *, #1633, .F. ) ;
#8049 = CARTESIAN_POINT ( 'NONE',  ( -25.24963065701560438, -2.749630657015579072, -0.4000000000000000222 ) ) ;
#8050 = DIRECTION ( 'NONE',  ( 3.663735981263016583E-15, -1.000000000000000000, 0.000000000000000000 ) ) ;
#8051 = ADVANCED_FACE ( 'NONE', ( #5650 ), #6940, .F. ) ;
#8052 = CARTESIAN_POINT ( 'NONE',  ( -1.731624327025935273, 2.500000000000024869, -0.4000000000000000222 ) ) ;
#8053 = CARTESIAN_POINT ( 'NONE',  ( -24.39326211353319707, -40.24963065701543741, 0.4000000000000000222 ) ) ;
#8054 = ORIENTED_EDGE ( 'NONE', *, *, #491, .F. ) ;
#8055 = AXIS2_PLACEMENT_3D ( 'NONE', #3405, #3155, #7320 ) ;
#8056 = CARTESIAN_POINT ( 'NONE',  ( 37.49999999999999289, -14.99999999999993072, -0.4000000000000000222 ) ) ;
#8057 = DIRECTION ( 'NONE',  ( 0.8660254037844369313, 0.5000000000000029976, 0.000000000000000000 ) ) ;
#8058 = CARTESIAN_POINT ( 'NONE',  ( 41.29999999999999005, -49.00000000000000000, 0.4000000000000000222 ) ) ;
#8059 = ORIENTED_EDGE ( 'NONE', *, *, #5334, .F. ) ;
#8060 = PLANE ( 'NONE',  #6409 ) ;
#8061 = LINE ( 'NONE', #655, #1672 ) ;
#8062 = CARTESIAN_POINT ( 'NONE',  ( -24.39326211353323259, 40.24963065701546583, -0.4000000000000000222 ) ) ;
#8063 =( GEOMETRIC_REPRESENTATION_CONTEXT ( 3 ) GLOBAL_UNCERTAINTY_ASSIGNED_CONTEXT ( ( #5054 ) ) GLOBAL_UNIT_ASSIGNED_CONTEXT ( ( #8539, #2418, #4326 ) ) REPRESENTATION_CONTEXT ( 'NONE', 'WORKASPACE' ) );
#8064 = DIRECTION ( 'NONE',  ( 1.000000000000000000, 0.000000000000000000, 0.000000000000000000 ) ) ;
#8065 = CARTESIAN_POINT ( 'NONE',  ( -39.69999999999999574, 45.79999999999999005, 0.4000000000000000222 ) ) ;
#8066 = AXIS2_PLACEMENT_3D ( 'NONE', #5781, #3785, #3029 ) ;
#8067 = ADVANCED_FACE ( 'NONE', ( #1530 ), #6274, .T. ) ;
#8068 = LINE ( 'NONE', #1984, #595 ) ;
#8069 = ORIENTED_EDGE ( 'NONE', *, *, #4814, .F. ) ;
#8070 = ORIENTED_EDGE ( 'NONE', *, *, #1286, .T. ) ;
#8071 = VERTEX_POINT ( 'NONE', #4148 ) ;
#8072 = EDGE_CURVE ( 'NONE', #7009, #798, #5486, .T. ) ;
#8073 = CARTESIAN_POINT ( 'NONE',  ( -34.06345264191652689, 43.99963065701542320, -0.4000000000000000222 ) ) ;
#8074 = EDGE_CURVE ( 'NONE', #4032, #1985, #8313, .T. ) ;
#8075 = CARTESIAN_POINT ( 'NONE',  ( 34.06345264191648425, -6.499630657015551982, 0.4000000000000000222 ) ) ;
#8076 = ORIENTED_EDGE ( 'NONE', *, *, #5219, .T. ) ;
#8077 = LINE ( 'NONE', #4794, #1616 ) ;
#8078 = EDGE_CURVE ( 'NONE', #8459, #8642, #4281, .T. ) ;
#8079 = ORIENTED_EDGE ( 'NONE', *, *, #4951, .F. ) ;
#8080 = VERTEX_POINT ( 'NONE', #2773 ) ;
#8081 = EDGE_LOOP ( 'NONE', ( #201, #671, #1418, #8289 ) ) ;
#8082 = PLANE ( 'NONE',  #8014 ) ;
#8083 = DIRECTION ( 'NONE',  ( 1.000000000000000000, 0.000000000000000000, 0.000000000000000000 ) ) ;
#8084 = CARTESIAN_POINT ( 'NONE',  ( -21.07307158514992906, -1.000369342984391841, -0.4000000000000000222 ) ) ;
#8085 = CARTESIAN_POINT ( 'NONE',  ( -8.082690528383320583, -38.50036934298424995, -0.4000000000000000222 ) ) ;
#8086 = EDGE_LOOP ( 'NONE', ( #810, #1271, #6917, #505 ) ) ;
#8087 = ORIENTED_EDGE ( 'NONE', *, *, #2394, .F. ) ;
#8088 = CARTESIAN_POINT ( 'NONE',  ( -9.815381056766620205, 2.081668171172168513E-14, -0.4000000000000000222 ) ) ;
#8089 = VECTOR ( 'NONE', #5125, 1000.000000000000000 ) ;
#8090 = EDGE_CURVE ( 'NONE', #5095, #3232, #161, .T. ) ;
#8091 = LINE ( 'NONE', #3385, #1032 ) ;
#8092 = EDGE_CURVE ( 'NONE', #1554, #455, #742, .T. ) ;
#8093 = LINE ( 'NONE', #7962, #6249 ) ;
#8094 = PLANE ( 'NONE',  #1360 ) ;
#8095 = AXIS2_PLACEMENT_3D ( 'NONE', #2630, #3964, #5256 ) ;
#8096 = VECTOR ( 'NONE', #6667, 1000.000000000000000 ) ;
#8097 = CARTESIAN_POINT ( 'NONE',  ( -16.16538105676662340, -6.938893903907228378E-15, -0.4000000000000000222 ) ) ;
#8098 = EDGE_LOOP ( 'NONE', ( #2247, #8564, #2561, #7358 ) ) ;
#8099 = VECTOR ( 'NONE', #1441, 999.9999999999998863 ) ;
#8100 = VECTOR ( 'NONE', #8767, 1000.000000000000000 ) ;
#8101 = CARTESIAN_POINT ( 'NONE',  ( 38.10000000000000142, 45.79999999999999005, 0.3999999999999999667 ) ) ;
#8102 = EDGE_CURVE ( 'NONE', #1278, #6583, #7559, .T. ) ;
#8103 = EDGE_CURVE ( 'NONE', #1367, #5408, #8188, .T. ) ;
#8104 = FACE_OUTER_BOUND ( 'NONE', #8685, .T. ) ;
#8105 = DIRECTION ( 'NONE',  ( 1.000000000000000000, 0.000000000000000000, 0.000000000000000000 ) ) ;
#8106 = VERTEX_POINT ( 'NONE', #2234 ) ;
#8107 = CARTESIAN_POINT ( 'NONE',  ( -21.93888374866298108, 39.99999999999999289, 0.4000000000000000222 ) ) ;
#8108 = LINE ( 'NONE', #31, #3090 ) ;
#8109 = CARTESIAN_POINT ( 'NONE',  ( 38.10000000000000142, -45.79999999999999005, 0.3999999999999999667 ) ) ;
#8110 = PLANE ( 'NONE',  #4302 ) ;
#8111 = CARTESIAN_POINT ( 'NONE',  ( 34.06345264191648425, 38.50036934298425706, 0.4000000000000000222 ) ) ;
#8112 = FACE_OUTER_BOUND ( 'NONE', #923, .T. ) ;
#8113 = EDGE_LOOP ( 'NONE', ( #3539, #7415, #6331, #4522 ) ) ;
#8114 = ORIENTED_EDGE ( 'NONE', *, *, #3734, .F. ) ;
#8115 = ORIENTED_EDGE ( 'NONE', *, *, #4346, .T. ) ;
#8116 = CARTESIAN_POINT ( 'NONE',  ( -17.89807158514991059, 1.000369342984405829, 0.4000000000000000222 ) ) ;
#8117 = CARTESIAN_POINT ( 'NONE',  ( -30.88845264191652973, 36.49963065701547293, -0.4000000000000000222 ) ) ;
#8118 = ORIENTED_EDGE ( 'NONE', *, *, #5231, .F. ) ;
#8119 = AXIS2_PLACEMENT_3D ( 'NONE', #5249, #3115, #8477 ) ;
#8120 = DIRECTION ( 'NONE',  ( 1.000000000000000000, 3.663735981263016583E-15, 0.000000000000000000 ) ) ;
#8121 = ORIENTED_EDGE ( 'NONE', *, *, #5231, .T. ) ;
#8122 = ORIENTED_EDGE ( 'NONE', *, *, #4373, .T. ) ;
#8123 = ORIENTED_EDGE ( 'NONE', *, *, #3558, .T. ) ;
#8124 = CARTESIAN_POINT ( 'NONE',  ( 38.10000000000000142, -45.79999999999999005, 1.200000000000001954 ) ) ;
#8125 = DIRECTION ( 'NONE',  ( 0.8660254037844369313, 0.5000000000000029976, 0.000000000000000000 ) ) ;
#8126 = VECTOR ( 'NONE', #2363, 1000.000000000000000 ) ;
#8127 = CARTESIAN_POINT ( 'NONE',  ( 1.587499999999995248, -40.24963065701543741, 0.4000000000000000222 ) ) ;
#8128 = VECTOR ( 'NONE', #1108, 1000.000000000000000 ) ;
#8129 = LINE ( 'NONE', #6044, #7704 ) ;
#8130 = ORIENTED_EDGE ( 'NONE', *, *, #2017, .F. ) ;
#8131 = ORIENTED_EDGE ( 'NONE', *, *, #3466, .F. ) ;
#8132 = EDGE_LOOP ( 'NONE', ( #5138, #8755, #7480, #541 ) ) ;
#8133 = LINE ( 'NONE', #8174, #705 ) ;
#8134 = LINE ( 'NONE', #5518, #1322 ) ;
#8135 = LINE ( 'NONE', #2055, #1516 ) ;
#8136 = DIRECTION ( 'NONE',  ( 0.8660254037844369313, 0.5000000000000029976, 0.000000000000000000 ) ) ;
#8137 = VERTEX_POINT ( 'NONE', #1567 ) ;
#8138 = FACE_OUTER_BOUND ( 'NONE', #905, .T. ) ;
#8139 = EDGE_CURVE ( 'NONE', #2920, #7277, #6193, .T. ) ;
#8140 = LINE ( 'NONE', #4771, #8166 ) ;
#8141 = LINE ( 'NONE', #7510, #6924 ) ;
#8142 = VERTEX_POINT ( 'NONE', #8355 ) ;
#8143 = LINE ( 'NONE', #2732, #1880 ) ;
#8144 = CARTESIAN_POINT ( 'NONE',  ( -16.31057158514990846, -41.24999999999982236, 0.4000000000000000222 ) ) ;
#8145 = CARTESIAN_POINT ( 'NONE',  ( -38.10000000000000142, -45.79999999999999005, 1.200000000000001954 ) ) ;
#8146 = VECTOR ( 'NONE', #6744, 1000.000000000000000 ) ;
#8147 = LINE ( 'NONE', #8558, #2172 ) ;
#8148 = DIRECTION ( 'NONE',  ( -1.000000000000000000, 0.000000000000000000, 0.000000000000000000 ) ) ;
#8149 = CARTESIAN_POINT ( 'NONE',  ( -37.49999999999999289, -14.99999999999993072, 0.4000000000000000222 ) ) ;
#8150 = CARTESIAN_POINT ( 'NONE',  ( 34.06345264191648425, 38.50036934298425706, -0.4000000000000000222 ) ) ;
#8151 = ORIENTED_EDGE ( 'NONE', *, *, #8335, .T. ) ;
#8152 = DIRECTION ( 'NONE',  ( -0.5000000000000029976, 0.8660254037844369313, 0.000000000000000000 ) ) ;
#8153 = ORIENTED_EDGE ( 'NONE', *, *, #8281, .T. ) ;
#8154 = CARTESIAN_POINT ( 'NONE',  ( -22.66057158514990988, -41.24999999999985079, 0.4000000000000000222 ) ) ;
#8155 = PLANE ( 'NONE',  #5754 ) ;
#8156 = ADVANCED_FACE ( 'NONE', ( #2818 ), #5528, .T. ) ;
#8157 = LINE ( 'NONE', #7658, #187 ) ;
#8158 = ORIENTED_EDGE ( 'NONE', *, *, #7249, .T. ) ;
#8159 = VECTOR ( 'NONE', #4377, 1000.000000000000114 ) ;
#8160 = CARTESIAN_POINT ( 'NONE',  ( 30.88845264191646223, 43.99963065701542320, -0.4000000000000000222 ) ) ;
#8161 = ORIENTED_EDGE ( 'NONE', *, *, #644, .F. ) ;
#8162 = ORIENTED_EDGE ( 'NONE', *, *, #965, .F. ) ;
#8163 = VECTOR ( 'NONE', #2354, 1000.000000000000114 ) ;
#8164 = CARTESIAN_POINT ( 'NONE',  ( -27.56826211353322975, -4.750369342984381404, 0.4000000000000000222 ) ) ;
#8165 = CARTESIAN_POINT ( 'NONE',  ( -21.07307158514989709, -43.99963065701543030, -0.4000000000000000222 ) ) ;
#8166 = VECTOR ( 'NONE', #7466, 1000.000000000000000 ) ;
#8167 = AXIS2_PLACEMENT_3D ( 'NONE', #4788, #1451, #3616 ) ;
#8168 = LINE ( 'NONE', #7999, #1024 ) ;
#8169 = CARTESIAN_POINT ( 'NONE',  ( -30.88845264191650486, 1.000369342984412713, -0.4000000000000000222 ) ) ;
#8170 = ORIENTED_EDGE ( 'NONE', *, *, #4446, .F. ) ;
#8171 = EDGE_LOOP ( 'NONE', ( #3507, #8630, #4247, #898, #2344, #5549 ) ) ;
#8172 = EDGE_CURVE ( 'NONE', #6026, #5024, #4194, .T. ) ;
#8173 = ORIENTED_EDGE ( 'NONE', *, *, #4492, .F. ) ;
#8174 = CARTESIAN_POINT ( 'NONE',  ( -37.50000000000000000, 2.500000000000024869, -0.4000000000000000222 ) ) ;
#8175 = LINE ( 'NONE', #4762, #2877 ) ;
#8176 = EDGE_CURVE ( 'NONE', #2397, #8039, #3523, .T. ) ;
#8177 = DIRECTION ( 'NONE',  ( -0.4999999999999965583, -0.8660254037844407060, -0.000000000000000000 ) ) ;
#8178 = DIRECTION ( 'NONE',  ( 0.5000000000000032196, -0.8660254037844368202, 0.000000000000000000 ) ) ;
#8179 = EDGE_CURVE ( 'NONE', #1236, #1204, #7023, .T. ) ;
#8180 = ORIENTED_EDGE ( 'NONE', *, *, #367, .T. ) ;
#8181 = CARTESIAN_POINT ( 'NONE',  ( 34.06345264191648425, 38.50036934298425706, 0.4000000000000000222 ) ) ;
#8182 = CARTESIAN_POINT ( 'NONE',  ( -8.082690528383333017, -1.000369342984398724, -0.4000000000000000222 ) ) ;
#8183 = VERTEX_POINT ( 'NONE', #7112 ) ;
#8184 = CARTESIAN_POINT ( 'NONE',  ( 30.01435348815403614, 34.98564651184597096, 0.4000000000000000222 ) ) ;
#8185 = ADVANCED_FACE ( 'NONE', ( #5170 ), #3030, .T. ) ;
#8186 = ORIENTED_EDGE ( 'NONE', *, *, #7517, .T. ) ;
#8187 = DIRECTION ( 'NONE',  ( 0.5000000000000032196, -0.8660254037844368202, 0.000000000000000000 ) ) ;
#8188 = LINE ( 'NONE', #1486, #3300 ) ;
#8189 = VECTOR ( 'NONE', #4149, 1000.000000000000000 ) ;
#8190 = CARTESIAN_POINT ( 'NONE',  ( -17.89807158514993191, 43.99963065701543741, 0.4000000000000000222 ) ) ;
#8191 = DIRECTION ( 'NONE',  ( 0.000000000000000000, 0.000000000000000000, 1.000000000000000000 ) ) ;
#8192 = EDGE_CURVE ( 'NONE', #5244, #7021, #7158, .T. ) ;
#8193 = DIRECTION ( 'NONE',  ( 0.4999999999999968359, 0.8660254037844404840, 0.000000000000000000 ) ) ;
#8194 = DIRECTION ( 'NONE',  ( 0.7071067811865519026, 0.000000000000000000, 0.7071067811865431318 ) ) ;
#8195 = LINE ( 'NONE', #4285, #8624 ) ;
#8196 = ORIENTED_EDGE ( 'NONE', *, *, #8407, .F. ) ;
#8197 = VECTOR ( 'NONE', #6416, 1000.000000000000000 ) ;
#8198 = CARTESIAN_POINT ( 'NONE',  ( 27.56826211353319067, -40.24963065701542320, -0.4000000000000000222 ) ) ;
#8199 = CARTESIAN_POINT ( 'NONE',  ( -41.25000000000000000, 45.79999999999999005, 1.200000000000001954 ) ) ;
#8200 = FACE_OUTER_BOUND ( 'NONE', #3993, .T. ) ;
#8201 = EDGE_CURVE ( 'NONE', #4688, #13, #1131, .T. ) ;
#8202 = LINE ( 'NONE', #6248, #3978 ) ;
#8203 = ORIENTED_EDGE ( 'NONE', *, *, #1898, .T. ) ;
#8204 = AXIS2_PLACEMENT_3D ( 'NONE', #5178, #4462, #3792 ) ;
#8205 = CARTESIAN_POINT ( 'NONE',  ( -34.92926480542951140, 2.500000000000025757, 0.4000000000000000222 ) ) ;
#8206 = EDGE_CURVE ( 'NONE', #6978, #1011, #8485, .T. ) ;
#8207 = ORIENTED_EDGE ( 'NONE', *, *, #8638, .T. ) ;
#8208 = ORIENTED_EDGE ( 'NONE', *, *, #4107, .T. ) ;
#8209 = ORIENTED_EDGE ( 'NONE', *, *, #4887, .T. ) ;
#8210 = PLANE ( 'NONE',  #360 ) ;
#8211 = VECTOR ( 'NONE', #7022, 1000.000000000000000 ) ;
#8212 = LINE ( 'NONE', #4170, #8727 ) ;
#8213 = CARTESIAN_POINT ( 'NONE',  ( -31.00036934298439206, -8.500369342984349430, -0.4000000000000000222 ) ) ;
#8214 = LINE ( 'NONE', #1338, #5723 ) ;
#8215 = ORIENTED_EDGE ( 'NONE', *, *, #1730, .T. ) ;
#8216 = EDGE_LOOP ( 'NONE', ( #2293, #7891, #7630, #1258 ) ) ;
#8217 = ORIENTED_EDGE ( 'NONE', *, *, #3305, .F. ) ;
#8218 = CARTESIAN_POINT ( 'NONE',  ( 25.00000000000000000, -2.499999999999980904, 0.6000000000000000888 ) ) ;
#8219 = CARTESIAN_POINT ( 'NONE',  ( 25.00000000000000000, 39.99999999999999289, 0.6000000000000000888 ) ) ;
#8220 = AXIS2_PLACEMENT_3D ( 'NONE', #7698, #3703, #4065 ) ;
#8221 = DIRECTION ( 'NONE',  ( -0.000000000000000000, -0.000000000000000000, 1.000000000000000000 ) ) ;
#8222 = DIRECTION ( 'NONE',  ( -0.5000000000000029976, 0.8660254037844369313, 0.000000000000000000 ) ) ;
#8223 = ORIENTED_EDGE ( 'NONE', *, *, #7637, .T. ) ;
#8224 = EDGE_CURVE ( 'NONE', #8423, #7604, #1181, .T. ) ;
#8225 = CARTESIAN_POINT ( 'NONE',  ( -8.082690528383333017, -1.000369342984398724, 0.4000000000000000222 ) ) ;
#8226 = VECTOR ( 'NONE', #4108, 1000.000000000000114 ) ;
#8227 = LINE ( 'NONE', #6810, #1622 ) ;
#8228 = EDGE_CURVE ( 'NONE', #445, #6700, #5879, .T. ) ;
#8229 = VERTEX_POINT ( 'NONE', #7068 ) ;
#8230 = CARTESIAN_POINT ( 'NONE',  ( 1.587499999999995248, -40.24963065701543741, -0.4000000000000000222 ) ) ;
#8231 = ORIENTED_EDGE ( 'NONE', *, *, #5728, .T. ) ;
#8232 = DIRECTION ( 'NONE',  ( -0.5000000000000029976, 0.8660254037844369313, 0.000000000000000000 ) ) ;
#8233 = CARTESIAN_POINT ( 'NONE',  ( -41.30000000000001137, 49.00000000000000000, 0.4000000000000000222 ) ) ;
#8234 = AXIS2_PLACEMENT_3D ( 'NONE', #8582, #3259, #7205 ) ;
#8235 = CARTESIAN_POINT ( 'NONE',  ( 38.10000000000000142, 45.79999999999999005, 2.000000000000000000 ) ) ;
#8236 = CARTESIAN_POINT ( 'NONE',  ( -41.30000000000001137, 49.00000000000000000, 0.4000322408422328224 ) ) ;
#8237 = DIRECTION ( 'NONE',  ( 1.000000000000000000, 0.000000000000000000, 0.000000000000000000 ) ) ;
#8238 = ORIENTED_EDGE ( 'NONE', *, *, #7677, .T. ) ;
#8239 = CARTESIAN_POINT ( 'NONE',  ( 21.07307158514988288, 38.50036934298425706, 0.4000000000000000222 ) ) ;
#8240 = CARTESIAN_POINT ( 'NONE',  ( 21.07307158514985801, -1.000369342984377852, -0.4000000000000000222 ) ) ;
#8241 = CARTESIAN_POINT ( 'NONE',  ( -11.40288105676659924, -40.24963065701543741, -0.4000000000000000222 ) ) ;
#8242 = EDGE_CURVE ( 'NONE', #2920, #4471, #6403, .T. ) ;
#8243 = LINE ( 'NONE', #7528, #1030 ) ;
#8244 = ORIENTED_EDGE ( 'NONE', *, *, #4575, .F. ) ;
#8245 = CARTESIAN_POINT ( 'NONE',  ( -14.57788105676659995, -40.24963065701545162, -0.4000000000000000222 ) ) ;
#8246 = EDGE_CURVE ( 'NONE', #4186, #5885, #5692, .T. ) ;
#8247 = ORIENTED_EDGE ( 'NONE', *, *, #5355, .F. ) ;
#8248 = ORIENTED_EDGE ( 'NONE', *, *, #1563, .F. ) ;
#8249 = ORIENTED_EDGE ( 'NONE', *, *, #5096, .T. ) ;
#8250 = DIRECTION ( 'NONE',  ( -3.330669073875469621E-15, 1.000000000000000000, 0.000000000000000000 ) ) ;
#8251 = VECTOR ( 'NONE', #6580, 1000.000000000000000 ) ;
#8252 = FACE_BOUND ( 'NONE', #7809, .T. ) ;
#8253 = ADVANCED_FACE ( 'NONE', ( #8580 ), #3078, .T. ) ;
#8254 = EDGE_CURVE ( 'NONE', #5907, #7686, #8532, .T. ) ;
#8255 = CARTESIAN_POINT ( 'NONE',  ( 33.97916307855746965, -43.99963065701540899, 0.3999999999999999667 ) ) ;
#8256 = AXIS2_PLACEMENT_3D ( 'NONE', #5544, #7485, #755 ) ;
#8257 = ORIENTED_EDGE ( 'NONE', *, *, #7136, .F. ) ;
#8258 = ORIENTED_EDGE ( 'NONE', *, *, #5725, .F. ) ;
#8259 = VERTEX_POINT ( 'NONE', #1613 ) ;
#8260 = CARTESIAN_POINT ( 'NONE',  ( -28.00251171378237558, -5.502511713782361369, -0.4000000000000000222 ) ) ;
#8261 = VECTOR ( 'NONE', #1799, 1000.000000000000000 ) ;
#8262 = FACE_OUTER_BOUND ( 'NONE', #2660, .T. ) ;
#8263 = CARTESIAN_POINT ( 'NONE',  ( -25.00000000000000000, -2.499999999999980904, 0.6000000000000000888 ) ) ;
#8264 = AXIS2_PLACEMENT_3D ( 'NONE', #3311, #2646, #8064 ) ;
#8265 = DIRECTION ( 'NONE',  ( 1.000000000000000000, 3.663735981263016583E-15, 0.000000000000000000 ) ) ;
#8266 = ORIENTED_EDGE ( 'NONE', *, *, #4629, .T. ) ;
#8267 = CARTESIAN_POINT ( 'NONE',  ( 25.00000000000000000, -2.499999999999980904, -0.4000000000000000222 ) ) ;
#8268 = DIRECTION ( 'NONE',  ( -0.5000000000000029976, 0.8660254037844369313, -0.000000000000000000 ) ) ;
#8269 = ORIENTED_EDGE ( 'NONE', *, *, #659, .T. ) ;
#8270 = PLANE ( 'NONE',  #3803 ) ;
#8271 = ORIENTED_EDGE ( 'NONE', *, *, #3913, .T. ) ;
#8272 = CARTESIAN_POINT ( 'NONE',  ( 0.000000000000000000, -39.99999999999993605, 0.4000000000000000222 ) ) ;
#8273 = DIRECTION ( 'NONE',  ( -1.000000000000000000, -3.330669073875469621E-15, -0.000000000000000000 ) ) ;
#8274 = EDGE_CURVE ( 'NONE', #5058, #5665, #287, .T. ) ;
#8275 = CARTESIAN_POINT ( 'NONE',  ( -29.15576211353322122, 37.49999999999985079, -0.4000000000000000222 ) ) ;
#8276 = LINE ( 'NONE', #1404, #5471 ) ;
#8277 = CARTESIAN_POINT ( 'NONE',  ( 17.89807158514986085, -1.000369342984391841, 0.4000000000000000222 ) ) ;
#8278 = ORIENTED_EDGE ( 'NONE', *, *, #4085, .F. ) ;
#8279 = AXIS2_PLACEMENT_3D ( 'NONE', #1163, #5151, #5325 ) ;
#8280 = VERTEX_POINT ( 'NONE', #7824 ) ;
#8281 = EDGE_CURVE ( 'NONE', #8412, #4208, #3828, .T. ) ;
#8282 = DIRECTION ( 'NONE',  ( 1.000000000000000000, 3.663735981263016583E-15, 0.000000000000000000 ) ) ;
#8283 = DIRECTION ( 'NONE',  ( 0.4999999999999968359, 0.8660254037844404840, 0.000000000000000000 ) ) ;
#8284 = LINE ( 'NONE', #218, #3580 ) ;
#8285 = ORIENTED_EDGE ( 'NONE', *, *, #5725, .T. ) ;
#8286 = VECTOR ( 'NONE', #2594, 1000.000000000000000 ) ;
#8287 = ORIENTED_EDGE ( 'NONE', *, *, #8746, .F. ) ;
#8288 = ORIENTED_EDGE ( 'NONE', *, *, #1467, .F. ) ;
#8289 = ORIENTED_EDGE ( 'NONE', *, *, #1750, .T. ) ;
#8290 = EDGE_CURVE ( 'NONE', #4157, #2127, #4363, .T. ) ;
#8291 = CARTESIAN_POINT ( 'NONE',  ( -14.57788105676663015, 40.24963065701543741, 0.4000000000000000222 ) ) ;
#8292 = FACE_BOUND ( 'NONE', #3352, .T. ) ;
#8293 = EDGE_CURVE ( 'NONE', #7401, #3961, #6546, .T. ) ;
#8294 = VECTOR ( 'NONE', #2332, 999.9999999999998863 ) ;
#8295 = VECTOR ( 'NONE', #7493, 1000.000000000000000 ) ;
#8296 = CARTESIAN_POINT ( 'NONE',  ( 41.29999999999999005, 46.07659093646545756, 1.104898046422898128 ) ) ;
#8297 = ORIENTED_EDGE ( 'NONE', *, *, #2380, .T. ) ;
#8298 = ORIENTED_EDGE ( 'NONE', *, *, #5366, .F. ) ;
#8299 = EDGE_LOOP ( 'NONE', ( #441, #459, #1266, #5043 ) ) ;
#8300 = CARTESIAN_POINT ( 'NONE',  ( 38.10000000000000142, 45.79999999999999005, 0.3999999999999999667 ) ) ;
#8301 = VECTOR ( 'NONE', #2768, 1000.000000000000114 ) ;
#8302 = LINE ( 'NONE', #4092, #329 ) ;
#8303 = LINE ( 'NONE', #2226, #1233 ) ;
#8304 = EDGE_CURVE ( 'NONE', #1058, #2526, #3786, .T. ) ;
#8305 = DIRECTION ( 'NONE',  ( -0.4999999999999965028, -0.8660254037844407060, 0.000000000000000000 ) ) ;
#8306 = VECTOR ( 'NONE', #435, 999.9999999999998863 ) ;
#8307 = ORIENTED_EDGE ( 'NONE', *, *, #4649, .T. ) ;
#8308 = LINE ( 'NONE', #5067, #7660 ) ;
#8309 = LINE ( 'NONE', #822, #5478 ) ;
#8310 = EDGE_LOOP ( 'NONE', ( #1632, #5584, #1019, #7895 ) ) ;
#8311 = DIRECTION ( 'NONE',  ( -0.8660254037844368202, -0.5000000000000031086, 0.000000000000000000 ) ) ;
#8312 = VERTEX_POINT ( 'NONE', #1706 ) ;
#8313 = LINE ( 'NONE', #869, #8546 ) ;
#8314 = CARTESIAN_POINT ( 'NONE',  ( 37.50000000000000000, 27.50000000000002487, -0.4000000000000000222 ) ) ;
#8315 = CARTESIAN_POINT ( 'NONE',  ( -24.24913778650729768, 2.500000000000024869, -0.4000000000000000222 ) ) ;
#8316 = DIRECTION ( 'NONE',  ( -1.000000000000000000, -3.330669073875469621E-15, -0.000000000000000000 ) ) ;
#8317 = DIRECTION ( 'NONE',  ( -3.330669073875469621E-15, 1.000000000000000000, 0.000000000000000000 ) ) ;
#8318 = VERTEX_POINT ( 'NONE', #3651 ) ;
#8319 = VERTEX_POINT ( 'NONE', #380 ) ;
#8320 = LINE ( 'NONE', #8199, #5638 ) ;
#8321 = CARTESIAN_POINT ( 'NONE',  ( 17.03225942163690476, -2.499999999999980904, -0.4000000000000000222 ) ) ;
#8322 = DIRECTION ( 'NONE',  ( -0.000000000000000000, -0.000000000000000000, 1.000000000000000000 ) ) ;
#8323 = ORIENTED_EDGE ( 'NONE', *, *, #7582, .T. ) ;
#8324 = EDGE_CURVE ( 'NONE', #1036, #2731, #1658, .T. ) ;
#8325 = VECTOR ( 'NONE', #6244, 1000.000000000000000 ) ;
#8326 = ADVANCED_FACE ( 'NONE', ( #6498 ), #5919, .T. ) ;
#8327 = ORIENTED_EDGE ( 'NONE', *, *, #1, .T. ) ;
#8328 = ORIENTED_EDGE ( 'NONE', *, *, #7965, .F. ) ;
#8329 = ORIENTED_EDGE ( 'NONE', *, *, #4242, .T. ) ;
#8330 = EDGE_CURVE ( 'NONE', #3583, #4508, #1969, .T. ) ;
#8331 = DIRECTION ( 'NONE',  ( 0.4999999999999968359, 0.8660254037844404840, 0.000000000000000000 ) ) ;
#8332 = AXIS2_PLACEMENT_3D ( 'NONE', #7254, #3223, #5927 ) ;
#8333 = FACE_BOUND ( 'NONE', #2313, .T. ) ;
#8334 = EDGE_LOOP ( 'NONE', ( #2964, #4622, #7416, #1768, #4040, #8620, #8207, #1856, #3143, #549, #7318, #7391, #4748, #7967, #494, #8153, #8599, #8203, #2138, #1382, #4301, #6875, #4080, #8773, #3455, #6593, #6291, #4426, #7132, #6425, #6650, #7784, #7553, #683, #7367, #844 ) ) ;
#8335 = EDGE_CURVE ( 'NONE', #4048, #1973, #8091, .T. ) ;
#8336 = EDGE_CURVE ( 'NONE', #6660, #6173, #1840, .T. ) ;
#8337 = LINE ( 'NONE', #1018, #3889 ) ;
#8338 = AXIS2_PLACEMENT_3D ( 'NONE', #4677, #1967, #8621 ) ;
#8339 = VERTEX_POINT ( 'NONE', #643 ) ;
#8340 = ORIENTED_EDGE ( 'NONE', *, *, #2613, .F. ) ;
#8341 = ORIENTED_EDGE ( 'NONE', *, *, #2404, .F. ) ;
#8342 = CARTESIAN_POINT ( 'NONE',  ( 34.06345264191645583, 43.99963065701543741, 0.4000000000000000222 ) ) ;
#8343 = CARTESIAN_POINT ( 'NONE',  ( 0.000000000000000000, -39.99999999999993605, 0.4000000000000000222 ) ) ;
#8344 = CARTESIAN_POINT ( 'NONE',  ( -41.30000000000001137, -42.58565153255793945, 0.3999999999999999667 ) ) ;
#8345 = CARTESIAN_POINT ( 'NONE',  ( -4.907690528383298556, -43.99963065701541609, -0.4000000000000000222 ) ) ;
#8346 = CARTESIAN_POINT ( 'NONE',  ( -21.93888374866293134, -39.99999999999993605, 0.4000000000000000222 ) ) ;
#8347 = ORIENTED_EDGE ( 'NONE', *, *, #5324, .F. ) ;
#8348 = CARTESIAN_POINT ( 'NONE',  ( -35.65095264191651836, 3.749999999999982681, 0.4000000000000000222 ) ) ;
#8349 = LINE ( 'NONE', #6399, #1793 ) ;
#8350 = EDGE_CURVE ( 'NONE', #5058, #4048, #6759, .T. ) ;
#8351 = EDGE_CURVE ( 'NONE', #5404, #6568, #685, .T. ) ;
#8352 = ORIENTED_EDGE ( 'NONE', *, *, #2539, .F. ) ;
#8353 = DIRECTION ( 'NONE',  ( -0.000000000000000000, -0.000000000000000000, 1.000000000000000000 ) ) ;
#8354 = EDGE_LOOP ( 'NONE', ( #5323, #8115, #7109, #7717 ) ) ;
#8355 = CARTESIAN_POINT ( 'NONE',  ( 11.25875672974064479, 2.500000000000024869, 0.4000000000000000222 ) ) ;
#8356 = CARTESIAN_POINT ( 'NONE',  ( -38.10000000000000142, -45.79999999999999005, -0.4000000000000000222 ) ) ;
#8357 = CARTESIAN_POINT ( 'NONE',  ( -30.88845264191650486, 1.000369342984412713, 0.4000000000000000222 ) ) ;
#8358 = ADVANCED_FACE ( 'NONE', ( #8664 ), #1177, .T. ) ;
#8359 = EDGE_CURVE ( 'NONE', #1390, #5093, #2010, .T. ) ;
#8360 = CARTESIAN_POINT ( 'NONE',  ( 30.88845264191646223, -38.50036934298423574, -0.4000000000000000222 ) ) ;
#8361 = DIRECTION ( 'NONE',  ( -0.8660254037844368202, -0.5000000000000031086, 0.000000000000000000 ) ) ;
#8362 = ORIENTED_EDGE ( 'NONE', *, *, #1741, .T. ) ;
#8363 = DIRECTION ( 'NONE',  ( 0.8660254037844404840, -0.4999999999999968359, 0.000000000000000000 ) ) ;
#8364 = PLANE ( 'NONE',  #553 ) ;
#8365 = DIRECTION ( 'NONE',  ( -3.330669073875469621E-15, 1.000000000000000000, 0.000000000000000000 ) ) ;
#8366 = VECTOR ( 'NONE', #797, 1000.000000000000000 ) ;
#8367 = LINE ( 'NONE', #5040, #4050 ) ;
#8368 = CARTESIAN_POINT ( 'NONE',  ( -3.320190528383323958, 41.24999999999985789, -0.4000000000000000222 ) ) ;
#8369 = ORIENTED_EDGE ( 'NONE', *, *, #6490, .T. ) ;
#8370 = VECTOR ( 'NONE', #7424, 1000.000000000000000 ) ;
#8371 = VECTOR ( 'NONE', #1168, 1000.000000000000000 ) ;
#8372 = VERTEX_POINT ( 'NONE', #5963 ) ;
#8373 = ORIENTED_EDGE ( 'NONE', *, *, #7887, .T. ) ;
#8374 = VERTEX_POINT ( 'NONE', #520 ) ;
#8375 = CARTESIAN_POINT ( 'NONE',  ( -22.80576211353321980, 37.49999999999987921, 0.4000000000000000222 ) ) ;
#8376 = DIRECTION ( 'NONE',  ( -0.000000000000000000, -0.000000000000000000, 1.000000000000000000 ) ) ;
#8377 = ORIENTED_EDGE ( 'NONE', *, *, #2069, .F. ) ;
#8378 = CARTESIAN_POINT ( 'NONE',  ( -37.49999999999998579, -39.99999999999993605, -0.4000000000000000222 ) ) ;
#8379 = ORIENTED_EDGE ( 'NONE', *, *, #4943, .F. ) ;
#8380 = ORIENTED_EDGE ( 'NONE', *, *, #3641, .T. ) ;
#8381 = ORIENTED_EDGE ( 'NONE', *, *, #7520, .T. ) ;
#8382 = DIRECTION ( 'NONE',  ( -1.000000000000000000, 0.000000000000000000, 0.000000000000000000 ) ) ;
#8383 = DIRECTION ( 'NONE',  ( -1.000000000000000000, 0.000000000000000000, 0.000000000000000000 ) ) ;
#8384 = DIRECTION ( 'NONE',  ( 0.5000000000000032196, -0.8660254037844368202, 0.000000000000000000 ) ) ;
#8385 = CARTESIAN_POINT ( 'NONE',  ( 8.082690528383288608, 38.50036934298425706, 0.4000000000000000222 ) ) ;
#8386 = AXIS2_PLACEMENT_3D ( 'NONE', #7212, #8016, #1978 ) ;
#8387 = CARTESIAN_POINT ( 'NONE',  ( -29.15576211353322122, 0.000000000000000000, -0.4000000000000000222 ) ) ;
#8388 = ORIENTED_EDGE ( 'NONE', *, *, #2204, .F. ) ;
#8389 = VECTOR ( 'NONE', #8265, 1000.000000000000000 ) ;
#8390 = DIRECTION ( 'NONE',  ( -0.000000000000000000, -0.000000000000000000, 1.000000000000000000 ) ) ;
#8391 = VECTOR ( 'NONE', #6005, 1000.000000000000000 ) ;
#8392 = DIRECTION ( 'NONE',  ( -0.000000000000000000, -0.000000000000000000, -1.000000000000000000 ) ) ;
#8393 = ORIENTED_EDGE ( 'NONE', *, *, #429, .T. ) ;
#8394 = LINE ( 'NONE', #7869, #4669 ) ;
#8395 = DIRECTION ( 'NONE',  ( 1.000000000000000000, 3.663735981263016583E-15, 0.000000000000000000 ) ) ;
#8396 = PLANE ( 'NONE',  #5821 ) ;
#8397 = DIRECTION ( 'NONE',  ( -0.000000000000000000, 0.000000000000000000, 1.000000000000000000 ) ) ;
#8398 = ADVANCED_FACE ( 'NONE', ( #3215 ), #7371, .T. ) ;
#8399 = CARTESIAN_POINT ( 'NONE',  ( -9.815381056766620205, 37.49999999999986500, -0.4000000000000000222 ) ) ;
#8400 = CARTESIAN_POINT ( 'NONE',  ( -35.45455377331999358, 48.99999999999997868, 0.3999999999998966049 ) ) ;
#8401 = FACE_OUTER_BOUND ( 'NONE', #1733, .T. ) ;
#8402 = ORIENTED_EDGE ( 'NONE', *, *, #3369, .F. ) ;
#8403 = DIRECTION ( 'NONE',  ( 1.000000000000000000, 0.000000000000000000, 0.000000000000000000 ) ) ;
#8404 = CARTESIAN_POINT ( 'NONE',  ( 11.40288105676656727, 40.24963065701545162, -0.4000000000000000222 ) ) ;
#8405 = FACE_OUTER_BOUND ( 'NONE', #461, .T. ) ;
#8406 = CARTESIAN_POINT ( 'NONE',  ( -11.25875672974067321, -2.499999999999980904, 0.4000000000000000222 ) ) ;
#8407 = EDGE_CURVE ( 'NONE', #5002, #6289, #4810, .T. ) ;
#8408 = CARTESIAN_POINT ( 'NONE',  ( -9.670190528383312056, -41.24999999999985079, -0.4000000000000000222 ) ) ;
#8409 = ORIENTED_EDGE ( 'NONE', *, *, #2726, .F. ) ;
#8410 = VECTOR ( 'NONE', #7896, 1000.000000000000000 ) ;
#8411 = ORIENTED_EDGE ( 'NONE', *, *, #5796, .T. ) ;
#8412 = VERTEX_POINT ( 'NONE', #2585 ) ;
#8413 = ORIENTED_EDGE ( 'NONE', *, *, #4298, .T. ) ;
#8414 = EDGE_CURVE ( 'NONE', #4279, #4090, #3963, .T. ) ;
#8415 = CARTESIAN_POINT ( 'NONE',  ( 39.69999999999998863, -45.79999999999999005, -0.3499999999999957034 ) ) ;
#8416 = CARTESIAN_POINT ( 'NONE',  ( -8.948502691896287331, -2.499999999999980460, 0.4000000000000000222 ) ) ;
#8417 = VECTOR ( 'NONE', #6851, 1000.000000000000000 ) ;
#8418 = FACE_BOUND ( 'NONE', #8648, .T. ) ;
#8419 = ORIENTED_EDGE ( 'NONE', *, *, #6739, .F. ) ;
#8420 = LINE ( 'NONE', #6340, #7004 ) ;
#8421 = VECTOR ( 'NONE', #7997, 1000.000000000000000 ) ;
#8422 = ORIENTED_EDGE ( 'NONE', *, *, #6466, .T. ) ;
#8423 = VERTEX_POINT ( 'NONE', #2545 ) ;
#8424 = ORIENTED_EDGE ( 'NONE', *, *, #3643, .T. ) ;
#8425 = LINE ( 'NONE', #8342, #2959 ) ;
#8426 = CARTESIAN_POINT ( 'NONE',  ( -34.06345264191650557, -6.499630657015580404, -0.4000000000000000222 ) ) ;
#8427 = DIRECTION ( 'NONE',  ( 1.000000000000000000, 0.000000000000000000, 0.000000000000000000 ) ) ;
#8428 = CARTESIAN_POINT ( 'NONE',  ( 3.174999999999976286, 37.49999999999987921, -0.4000000000000000222 ) ) ;
#8429 = DIRECTION ( 'NONE',  ( -0.8660254037844368202, -0.5000000000000031086, 0.000000000000000000 ) ) ;
#8430 = EDGE_LOOP ( 'NONE', ( #4699, #3382, #44, #8600 ) ) ;
#8431 = EDGE_CURVE ( 'NONE', #4962, #4739, #8751, .T. ) ;
#8432 = CARTESIAN_POINT ( 'NONE',  ( 30.88845264191648354, 38.50036934298424285, -0.4000000000000000222 ) ) ;
#8433 = VECTOR ( 'NONE', #4243, 1000.000000000000000 ) ;
#8434 = LINE ( 'NONE', #3824, #7883 ) ;
#8435 = VERTEX_POINT ( 'NONE', #7290 ) ;
#8436 = ADVANCED_FACE ( 'NONE', ( #4719 ), #7333, .T. ) ;
#8437 = ORIENTED_EDGE ( 'NONE', *, *, #924, .T. ) ;
#8438 = CARTESIAN_POINT ( 'NONE',  ( 1.731624327025907739, 2.500000000000024869, 0.4000000000000000222 ) ) ;
#8439 = DIRECTION ( 'NONE',  ( -0.000000000000000000, -0.000000000000000000, 1.000000000000000000 ) ) ;
#8440 = EDGE_CURVE ( 'NONE', #1048, #6390, #1881, .T. ) ;
#8441 = FACE_OUTER_BOUND ( 'NONE', #4983, .T. ) ;
#8442 = VECTOR ( 'NONE', #3660, 1000.000000000000000 ) ;
#8443 = VECTOR ( 'NONE', #1949, 1000.000000000000000 ) ;
#8444 = CARTESIAN_POINT ( 'NONE',  ( 30.88845264191648354, 1.000369342984405829, 0.4000000000000000222 ) ) ;
#8445 = DIRECTION ( 'NONE',  ( 0.4999999999999968359, 0.8660254037844404840, 0.000000000000000000 ) ) ;
#8446 = ADVANCED_FACE ( 'NONE', ( #3256 ), #6672, .T. ) ;
#8447 = CARTESIAN_POINT ( 'NONE',  ( -41.30000000000001137, 49.00000000000000000, 0.4000322408422328224 ) ) ;
#8448 = ORIENTED_EDGE ( 'NONE', *, *, #7648, .F. ) ;
#8449 = CARTESIAN_POINT ( 'NONE',  ( -38.10000000000000142, -45.79999999999999005, -0.3499999999999957034 ) ) ;
#8450 = DIRECTION ( 'NONE',  ( -1.000000000000000000, 0.000000000000000000, 0.000000000000000000 ) ) ;
#8451 = VECTOR ( 'NONE', #8752, 999.9999999999998863 ) ;
#8452 = EDGE_CURVE ( 'NONE', #8137, #5095, #4935, .T. ) ;
#8453 = PLANE ( 'NONE',  #2550 ) ;
#8454 = CARTESIAN_POINT ( 'NONE',  ( 29.30095264191647075, -41.24999999999983658, -0.4000000000000000222 ) ) ;
#8455 = FACE_OUTER_BOUND ( 'NONE', #2124, .T. ) ;
#8456 = ORIENTED_EDGE ( 'NONE', *, *, #2586, .T. ) ;
#8457 = ORIENTED_EDGE ( 'NONE', *, *, #5489, .T. ) ;
#8458 = ORIENTED_EDGE ( 'NONE', *, *, #886, .T. ) ;
#8459 = VERTEX_POINT ( 'NONE', #151 ) ;
#8460 = EDGE_CURVE ( 'NONE', #5898, #8563, #2224, .T. ) ;
#8461 = VERTEX_POINT ( 'NONE', #4135 ) ;
#8462 = DIRECTION ( 'NONE',  ( -1.000000000000000000, 0.000000000000000000, 0.000000000000000000 ) ) ;
#8463 = CARTESIAN_POINT ( 'NONE',  ( 38.38667409990134871, -49.00000000000000711, 1.103532211822328746 ) ) ;
#8464 = LINE ( 'NONE', #2484, #45 ) ;
#8465 = ORIENTED_EDGE ( 'NONE', *, *, #3485, .F. ) ;
#8466 = VECTOR ( 'NONE', #1716, 1000.000000000000000 ) ;
#8467 = ADVANCED_FACE ( 'NONE', ( #3424 ), #6843, .T. ) ;
#8468 = CARTESIAN_POINT ( 'NONE',  ( 30.01435348815403970, 34.98564651184597096, -0.4000000000000000222 ) ) ;
#8469 = VERTEX_POINT ( 'NONE', #2892 ) ;
#8470 = ORIENTED_EDGE ( 'NONE', *, *, #5842, .F. ) ;
#8471 = ORIENTED_EDGE ( 'NONE', *, *, #4619, .F. ) ;
#8472 = DIRECTION ( 'NONE',  ( 0.8660254037844369313, 0.5000000000000029976, 0.000000000000000000 ) ) ;
#8473 = DIRECTION ( 'NONE',  ( -1.000000000000000000, -3.330669073875469621E-15, 0.000000000000000000 ) ) ;
#8474 = VECTOR ( 'NONE', #6013, 1000.000000000000000 ) ;
#8475 = CARTESIAN_POINT ( 'NONE',  ( 25.00000000000000000, -2.499999999999980904, -0.4000000000000000222 ) ) ;
#8476 = LINE ( 'NONE', #3114, #1497 ) ;
#8477 = DIRECTION ( 'NONE',  ( -1.000000000000000000, -3.330669073875469621E-15, 0.000000000000000000 ) ) ;
#8478 = ORIENTED_EDGE ( 'NONE', *, *, #6526, .F. ) ;
#8479 = AXIS2_PLACEMENT_3D ( 'NONE', #3468, #5517, #684 ) ;
#8480 = CARTESIAN_POINT ( 'NONE',  ( -34.19480164366507324, 43.77212751246347722, 0.4061756055450823077 ) ) ;
#8481 = CARTESIAN_POINT ( 'NONE',  ( -38.10000000000000142, -45.79999999999999005, 2.000000000000000000 ) ) ;
#8482 = ORIENTED_EDGE ( 'NONE', *, *, #6768, .F. ) ;
#8483 = EDGE_LOOP ( 'NONE', ( #1966, #3938, #4707, #2895 ) ) ;
#8484 = CARTESIAN_POINT ( 'NONE',  ( -28.54971111735630274, 36.45028888264369726, -0.4000000000000000222 ) ) ;
#8485 = LINE ( 'NONE', #3122, #2591 ) ;
#8486 = LINE ( 'NONE', #5651, #1289 ) ;
#8487 = VECTOR ( 'NONE', #6302, 1000.000000000000000 ) ;
#8488 = CARTESIAN_POINT ( 'NONE',  ( 4.907690528383295003, -43.99963065701543030, -0.4000000000000000222 ) ) ;
#8489 = DIRECTION ( 'NONE',  ( -0.000000000000000000, -0.000000000000000000, -1.000000000000000000 ) ) ;
#8490 = EDGE_CURVE ( 'NONE', #3583, #4676, #6969, .T. ) ;
#8491 = PLANE ( 'NONE',  #6869 ) ;
#8492 = PLANE ( 'NONE',  #8204 ) ;
#8493 = ORIENTED_EDGE ( 'NONE', *, *, #3999, .T. ) ;
#8494 = CARTESIAN_POINT ( 'NONE',  ( -29.30095264191651694, 41.24999999999985789, 0.4000000000000000222 ) ) ;
#8495 = LINE ( 'NONE', #2997, #8197 ) ;
#8496 = ADVANCED_FACE ( 'NONE', ( #1386 ), #5561, .T. ) ;
#8497 = DIRECTION ( 'NONE',  ( 0.4999999999999968359, 0.8660254037844404840, 0.000000000000000000 ) ) ;
#8498 = LINE ( 'NONE', #6370, #3617 ) ;
#8499 = CARTESIAN_POINT ( 'NONE',  ( -30.88845264191650486, 38.50036934298425706, 0.4000000000000000222 ) ) ;
#8500 = EDGE_LOOP ( 'NONE', ( #2529, #2105, #2652, #5337, #641 ) ) ;
#8501 = ORIENTED_EDGE ( 'NONE', *, *, #5870, .F. ) ;
#8502 = ORIENTED_EDGE ( 'NONE', *, *, #2153, .T. ) ;
#8503 = VECTOR ( 'NONE', #3788, 1000.000000000000000 ) ;
#8504 = ORIENTED_EDGE ( 'NONE', *, *, #324, .F. ) ;
#8505 = ORIENTED_EDGE ( 'NONE', *, *, #4386, .F. ) ;
#8506 = EDGE_CURVE ( 'NONE', #4451, #6173, #8302, .T. ) ;
#8507 = CARTESIAN_POINT ( 'NONE',  ( 22.66057158514988501, -41.24999999999981526, -0.4000000000000000222 ) ) ;
#8508 = EDGE_CURVE ( 'NONE', #4046, #7401, #901, .T. ) ;
#8509 = AXIS2_PLACEMENT_3D ( 'NONE', #7203, #336, #1707 ) ;
#8510 = DIRECTION ( 'NONE',  ( 1.000000000000000000, 3.663735981263016583E-15, 0.000000000000000000 ) ) ;
#8511 = AXIS2_PLACEMENT_3D ( 'NONE', #1350, #4187, #6809 ) ;
#8512 = CARTESIAN_POINT ( 'NONE',  ( 30.88845264191646223, 43.99963065701542320, 0.4000000000000000222 ) ) ;
#8513 = VECTOR ( 'NONE', #507, 1000.000000000000000 ) ;
#8514 = ORIENTED_EDGE ( 'NONE', *, *, #3214, .T. ) ;
#8515 = VECTOR ( 'NONE', #6155, 1000.000000000000000 ) ;
#8516 = EDGE_CURVE ( 'NONE', #1690, #4384, #7501, .T. ) ;
#8517 = DIRECTION ( 'NONE',  ( -1.224646799147353207E-16, 1.000000000000000000, 0.000000000000000000 ) ) ;
#8518 = VERTEX_POINT ( 'NONE', #5426 ) ;
#8519 = ORIENTED_EDGE ( 'NONE', *, *, #2809, .F. ) ;
#8520 = ORIENTED_EDGE ( 'NONE', *, *, #4001, .F. ) ;
#8521 = DIRECTION ( 'NONE',  ( -0.000000000000000000, -0.000000000000000000, 1.000000000000000000 ) ) ;
#8522 = LINE ( 'NONE', #5107, #4698 ) ;
#8523 = CARTESIAN_POINT ( 'NONE',  ( 29.15576211353317859, 2.775557561562891351E-14, 0.4000000000000000222 ) ) ;
#8524 = LINE ( 'NONE', #7059, #4053 ) ;
#8525 = DIRECTION ( 'NONE',  ( -0.5000000000000029976, 0.8660254037844369313, 0.000000000000000000 ) ) ;
#8526 = EDGE_LOOP ( 'NONE', ( #756, #861, #4473, #5757 ) ) ;
#8527 = CARTESIAN_POINT ( 'NONE',  ( -1.731624327025934384, 2.500000000000024869, -0.4000000000000000222 ) ) ;
#8528 = CARTESIAN_POINT ( 'NONE',  ( 21.93888374866292423, 39.99999999999999289, 0.4000000000000000222 ) ) ;
#8529 = ORIENTED_EDGE ( 'NONE', *, *, #4410, .F. ) ;
#8530 = ORIENTED_EDGE ( 'NONE', *, *, #2502, .T. ) ;
#8531 = LINE ( 'NONE', #5072, #1405 ) ;
#8532 = LINE ( 'NONE', #2461, #7546 ) ;
#8533 = EDGE_CURVE ( 'NONE', #5034, #8318, #64, .T. ) ;
#8534 = CARTESIAN_POINT ( 'NONE',  ( 30.88845264191648354, 31.00036934298427838, 0.4000000000000000222 ) ) ;
#8535 = VECTOR ( 'NONE', #144, 1000.000000000000000 ) ;
#8536 = FACE_OUTER_BOUND ( 'NONE', #8113, .T. ) ;
#8537 = CARTESIAN_POINT ( 'NONE',  ( -34.06345264191650557, 31.00036934298427838, 0.4000000000000000222 ) ) ;
#8538 = CARTESIAN_POINT ( 'NONE',  ( -38.65732170256683986, 48.99999999999999289, 1.053312423782790663 ) ) ;
#8539 =( LENGTH_UNIT ( ) NAMED_UNIT ( * ) SI_UNIT ( .MILLI., .METRE. ) );
#8540 = ORIENTED_EDGE ( 'NONE', *, *, #7600, .T. ) ;
#8541 = VECTOR ( 'NONE', #3237, 1000.000000000000000 ) ;
#8542 = CARTESIAN_POINT ( 'NONE',  ( -22.66057158514990988, -41.24999999999985079, -0.4000000000000000222 ) ) ;
#8543 = ADVANCED_FACE ( 'NONE', ( #8262 ), #730, .T. ) ;
#8544 = CARTESIAN_POINT ( 'NONE',  ( -14.72200538379254908, 2.500000000000024869, -0.4000000000000000222 ) ) ;
#8545 = CARTESIAN_POINT ( 'NONE',  ( -40.73267271014370294, -48.99999999999998579, 0.4025789739612399831 ) ) ;
#8546 = VECTOR ( 'NONE', #3566, 1000.000000000000000 ) ;
#8547 = CARTESIAN_POINT ( 'NONE',  ( -8.948502691896333516, -39.99999999999993605, -0.4000000000000000222 ) ) ;
#8548 = VECTOR ( 'NONE', #7939, 1000.000000000000000 ) ;
#8549 = CARTESIAN_POINT ( 'NONE',  ( -30.88845264191652973, 43.99963065701543741, 0.4000000000000000222 ) ) ;
#8550 = EDGE_CURVE ( 'NONE', #3361, #7670, #1430, .T. ) ;
#8551 = VECTOR ( 'NONE', #3774, 1000.000000000000000 ) ;
#8552 = EDGE_CURVE ( 'NONE', #7713, #493, #814, .T. ) ;
#8554 = ORIENTED_EDGE ( 'NONE', *, *, #1073, .T. ) ;
#8553 = ORIENTED_EDGE ( 'NONE', *, *, #6306, .F. ) ;
#8555 = VERTEX_POINT ( 'NONE', #4269 ) ;
#8556 = ORIENTED_EDGE ( 'NONE', *, *, #2289, .F. ) ;
#8557 = LINE ( 'NONE', #497, #4437 ) ;
#8558 = CARTESIAN_POINT ( 'NONE',  ( 8.082690528383288608, 1.000369342984412713, -0.4000000000000000222 ) ) ;
#8559 = FACE_BOUND ( 'NONE', #7544, .T. ) ;
#8560 = VERTEX_POINT ( 'NONE', #3555 ) ;
#8561 = LINE ( 'NONE', #408, #3741 ) ;
#8562 = EDGE_CURVE ( 'NONE', #5898, #5679, #3469, .T. ) ;
#8563 = VERTEX_POINT ( 'NONE', #6264 ) ;
#8564 = ORIENTED_EDGE ( 'NONE', *, *, #124, .F. ) ;
#8565 = ORIENTED_EDGE ( 'NONE', *, *, #2701, .T. ) ;
#8566 = LINE ( 'NONE', #2575, #1272 ) ;
#8567 = DIRECTION ( 'NONE',  ( -0.5000000000000029976, 0.8660254037844369313, -0.000000000000000000 ) ) ;
#8568 = VECTOR ( 'NONE', #6164, 1000.000000000000000 ) ;
#8569 = CARTESIAN_POINT ( 'NONE',  ( 0.000000000000000000, 0.000000000000000000, 0.000000000000000000 ) ) ;
#8570 = EDGE_CURVE ( 'NONE', #1439, #3001, #8134, .T. ) ;
#8571 = CARTESIAN_POINT ( 'NONE',  ( -34.06345264191650557, 1.000369342984398724, -0.4000000000000000222 ) ) ;
#8572 = LINE ( 'NONE', #1698, #8251 ) ;
#8573 = ORIENTED_EDGE ( 'NONE', *, *, #1239, .F. ) ;
#8574 = DIRECTION ( 'NONE',  ( 0.8660254037844369313, 0.5000000000000029976, 0.000000000000000000 ) ) ;
#8575 = DIRECTION ( 'NONE',  ( 1.000000000000000000, 0.000000000000000000, 0.000000000000000000 ) ) ;
#8576 = VERTEX_POINT ( 'NONE', #8219 ) ;
#8577 = ORIENTED_EDGE ( 'NONE', *, *, #8688, .T. ) ;
#8578 = CARTESIAN_POINT ( 'NONE',  ( -34.95000000000000284, 45.79999999999999005, 1.200000000000001954 ) ) ;
#8579 = EDGE_CURVE ( 'NONE', #116, #5887, #8175, .T. ) ;
#8580 = FACE_OUTER_BOUND ( 'NONE', #2488, .T. ) ;
#8581 = FACE_OUTER_BOUND ( 'NONE', #1986, .T. ) ;
#8582 = CARTESIAN_POINT ( 'NONE',  ( 30.88845264191646223, -1.000369342984384957, -0.4000000000000000222 ) ) ;
#8583 = CIRCLE ( 'NONE', #375, 1.599999999999983435 ) ;
#8584 = EDGE_CURVE ( 'NONE', #8719, #1048, #7461, .T. ) ;
#8585 = DIRECTION ( 'NONE',  ( 0.4999999999999968359, 0.8660254037844404840, 0.000000000000000000 ) ) ;
#8586 = LINE ( 'NONE', #1889, #1061 ) ;
#8587 = VECTOR ( 'NONE', #5110, 999.9999999999998863 ) ;
#8588 = VERTEX_POINT ( 'NONE', #6224 ) ;
#8589 = DIRECTION ( 'NONE',  ( 0.4999999999999968359, 0.8660254037844404840, 0.000000000000000000 ) ) ;
#8590 = ORIENTED_EDGE ( 'NONE', *, *, #8274, .F. ) ;
#8591 = FACE_OUTER_BOUND ( 'NONE', #6211, .T. ) ;
#8592 = CARTESIAN_POINT ( 'NONE',  ( -21.93888374866291358, 2.500000000000024869, 0.4000000000000000222 ) ) ;
#8593 = LINE ( 'NONE', #1275, #4391 ) ;
#8594 = VECTOR ( 'NONE', #114, 1000.000000000000000 ) ;
#8595 = AXIS2_PLACEMENT_3D ( 'NONE', #1014, #2386, #7394 ) ;
#8596 = CARTESIAN_POINT ( 'NONE',  ( 40.20092599592281601, 49.00000000000000711, 0.5501078906019976067 ) ) ;
#8597 = DIRECTION ( 'NONE',  ( -1.000000000000000000, 0.000000000000000000, 0.000000000000000000 ) ) ;
#8599 = ORIENTED_EDGE ( 'NONE', *, *, #7262, .F. ) ;
#8598 = VERTEX_POINT ( 'NONE', #8344 ) ;
#8600 = ORIENTED_EDGE ( 'NONE', *, *, #1640, .F. ) ;
#8601 = ORIENTED_EDGE ( 'NONE', *, *, #5707, .F. ) ;
#8602 = DIRECTION ( 'NONE',  ( 0.4999999999999968359, 0.8660254037844404840, 0.000000000000000000 ) ) ;
#8603 = ADVANCED_FACE ( 'NONE', ( #415 ), #6486, .T. ) ;
#8604 = FACE_BOUND ( 'NONE', #1494, .T. ) ;
#8605 = ORIENTED_EDGE ( 'NONE', *, *, #4846, .T. ) ;
#8606 = EDGE_CURVE ( 'NONE', #837, #5120, #366, .T. ) ;
#8607 = DIRECTION ( 'NONE',  ( 0.000000000000000000, 0.000000000000000000, -1.000000000000000000 ) ) ;
#8608 = ADVANCED_FACE ( 'NONE', ( #1600 ), #4353, .T. ) ;
#8609 = ORIENTED_EDGE ( 'NONE', *, *, #6658, .F. ) ;
#8610 = ORIENTED_EDGE ( 'NONE', *, *, #1942, .T. ) ;
#8611 = AXIS2_PLACEMENT_3D ( 'NONE', #8314, #3524, #6902 ) ;
#8612 = EDGE_LOOP ( 'NONE', ( #6, #6770, #6933, #717, #3906, #2543, #4139, #8269, #2832, #6087, #5329, #2881, #2618, #4370, #2789, #8411, #2672, #3254, #8347, #7278, #1506, #3317, #4299, #4088, #1923, #3016, #1656, #2180, #3508, #1637, #1515, #7868, #6341, #7577, #4683, #423, #8732, #4114, #5857, #5537, #4300, #6166, #6078, #3548, #5066, #1550, #2096, #4775 ) ) ;
#8613 = DIRECTION ( 'NONE',  ( -0.5000000000000029976, 0.8660254037844369313, -0.000000000000000000 ) ) ;
#8614 = CARTESIAN_POINT ( 'NONE',  ( 25.00000000000000000, -2.499999999999980904, -0.4000000000000000222 ) ) ;
#8615 = DIRECTION ( 'NONE',  ( 0.000000000000000000, 1.000000000000000000, 0.000000000000000000 ) ) ;
#8616 = DIRECTION ( 'NONE',  ( 1.000000000000000000, 0.000000000000000000, 0.000000000000000000 ) ) ;
#8617 = DIRECTION ( 'NONE',  ( -1.000000000000000000, -3.330669073875469621E-15, -0.000000000000000000 ) ) ;
#8618 = VECTOR ( 'NONE', #2444, 1000.000000000000114 ) ;
#8619 = VERTEX_POINT ( 'NONE', #2264 ) ;
#8620 = ORIENTED_EDGE ( 'NONE', *, *, #596, .F. ) ;
#8621 = DIRECTION ( 'NONE',  ( 1.000000000000000000, 3.663735981263016583E-15, 0.000000000000000000 ) ) ;
#8622 = CARTESIAN_POINT ( 'NONE',  ( 41.29999999999999005, 44.73002710283282113, 0.9052380233643457785 ) ) ;
#8623 = LINE ( 'NONE', #4721, #3071 ) ;
#8624 = VECTOR ( 'NONE', #7477, 1000.000000000000000 ) ;
#8625 = PLANE ( 'NONE',  #8234 ) ;
#8626 = EDGE_CURVE ( 'NONE', #1505, #4611, #5108, .T. ) ;
#8627 = EDGE_CURVE ( 'NONE', #708, #3238, #3066, .T. ) ;
#8628 = DIRECTION ( 'NONE',  ( -0.4999999999999965028, -0.8660254037844407060, 0.000000000000000000 ) ) ;
#8629 = DIRECTION ( 'NONE',  ( -1.000000000000000000, -2.775557561562890365E-16, 0.000000000000000000 ) ) ;
#8630 = ORIENTED_EDGE ( 'NONE', *, *, #5775, .F. ) ;
#8631 = CARTESIAN_POINT ( 'NONE',  ( 1.731624327025834686, 39.99999999999999289, 0.4000000000000000222 ) ) ;
#8632 = VERTEX_POINT ( 'NONE', #7859 ) ;
#8633 = VECTOR ( 'NONE', #5106, 1000.000000000000000 ) ;
#8634 = CARTESIAN_POINT ( 'NONE',  ( -22.80576211353321980, 2.775557561562891351E-14, -0.4000000000000000222 ) ) ;
#8635 = LINE ( 'NONE', #8761, #3239 ) ;
#8636 = LINE ( 'NONE', #3309, #5661 ) ;
#8637 = EDGE_CURVE ( 'NONE', #7319, #6339, #2447, .T. ) ;
#8638 = EDGE_CURVE ( 'NONE', #5862, #5244, #5771, .T. ) ;
#8639 = CARTESIAN_POINT ( 'NONE',  ( 24.24913778650724439, 2.500000000000024869, -0.4000000000000000222 ) ) ;
#8640 = CARTESIAN_POINT ( 'NONE',  ( 34.32614863764209190, -43.54462784547376231, 0.4066471204072632517 ) ) ;
#8642 = VERTEX_POINT ( 'NONE', #4312 ) ;
#8641 = EDGE_LOOP ( 'NONE', ( #1057, #7241, #7083, #5454, #8402, #776, #5906, #6469, #3194, #4573, #7131, #6313, #1376, #4717, #4533, #5551, #5733, #5848, #1817, #1722, #2634, #3432, #2565, #262, #5245, #7695, #2441, #5421, #4005, #7841, #444, #1384, #3987, #6999, #560, #389 ) ) ;
#8643 = ORIENTED_EDGE ( 'NONE', *, *, #8293, .F. ) ;
#8644 = ORIENTED_EDGE ( 'NONE', *, *, #2654, .T. ) ;
#8645 = VECTOR ( 'NONE', #4647, 1000.000000000000114 ) ;
#8646 = LINE ( 'NONE', #8771, #5197 ) ;
#8647 = LINE ( 'NONE', #4035, #4723 ) ;
#8648 = EDGE_LOOP ( 'NONE', ( #6001, #3062 ) ) ;
#8649 = CARTESIAN_POINT ( 'NONE',  ( -35.65095264191651836, -11.24999999999996092, -0.4000000000000000222 ) ) ;
#8650 = ORIENTED_EDGE ( 'NONE', *, *, #2047, .F. ) ;
#8651 = VERTEX_POINT ( 'NONE', #8523 ) ;
#8652 = ORIENTED_EDGE ( 'NONE', *, *, #1, .F. ) ;
#8653 = LINE ( 'NONE', #3909, #3956 ) ;
#8654 = CARTESIAN_POINT ( 'NONE',  ( -35.65095264191651836, 41.24999999999982947, -0.4000000000000000222 ) ) ;
#8655 = DIRECTION ( 'NONE',  ( 0.000000000000000000, 0.000000000000000000, -1.000000000000000000 ) ) ;
#8656 = CARTESIAN_POINT ( 'NONE',  ( 0.000000000000000000, -2.499999999999980904, 0.4000000000000000222 ) ) ;
#8657 = AXIS2_PLACEMENT_3D ( 'NONE', #2905, #2822, #5617 ) ;
#8658 = CARTESIAN_POINT ( 'NONE',  ( 38.10000000000000142, 45.79999999999999005, 1.200000000000001954 ) ) ;
#8659 = VECTOR ( 'NONE', #2725, 1000.000000000000000 ) ;
#8660 = DIRECTION ( 'NONE',  ( -0.8660254037844407060, 0.4999999999999965028, 0.000000000000000000 ) ) ;
#8661 = ORIENTED_EDGE ( 'NONE', *, *, #1741, .F. ) ;
#8662 = ORIENTED_EDGE ( 'NONE', *, *, #2217, .F. ) ;
#8663 = DIRECTION ( 'NONE',  ( 3.663735981263016583E-15, -1.000000000000000000, 0.000000000000000000 ) ) ;
#8664 = FACE_OUTER_BOUND ( 'NONE', #7351, .T. ) ;
#8665 = LINE ( 'NONE', #645, #2648 ) ;
#8666 = FACE_OUTER_BOUND ( 'NONE', #3074, .T. ) ;
#8667 = ORIENTED_EDGE ( 'NONE', *, *, #5868, .T. ) ;
#8668 = CARTESIAN_POINT ( 'NONE',  ( 38.10000000000000142, -45.79999999999999005, 2.000000000000000000 ) ) ;
#8669 = CARTESIAN_POINT ( 'NONE',  ( 8.948502691896328187, 39.99999999999999289, -0.4000000000000000222 ) ) ;
#8670 = CARTESIAN_POINT ( 'NONE',  ( -34.06345264191652689, -1.000369342984398724, -0.4000000000000000222 ) ) ;
#8671 = ORIENTED_EDGE ( 'NONE', *, *, #7264, .T. ) ;
#8672 = DIRECTION ( 'NONE',  ( 0.4999999999999968359, 0.8660254037844404840, 0.000000000000000000 ) ) ;
#8673 = LINE ( 'NONE', #4646, #5503 ) ;
#8674 = CARTESIAN_POINT ( 'NONE',  ( 16.16538105676657722, 2.775557561562891351E-14, 0.4000000000000000222 ) ) ;
#8675 = ADVANCED_FACE ( 'NONE', ( #3681 ), #3021, .T. ) ;
#8676 = AXIS2_PLACEMENT_3D ( 'NONE', #7816, #1740, #1121 ) ;
#8677 = EDGE_CURVE ( 'NONE', #5666, #1723, #6303, .T. ) ;
#8678 = CARTESIAN_POINT ( 'NONE',  ( -41.30000000000001137, 44.71977026533815547, 0.9016554308237373361 ) ) ;
#8679 = EDGE_CURVE ( 'NONE', #3097, #5779, #2976, .T. ) ;
#8680 = AXIS2_PLACEMENT_3D ( 'NONE', #5856, #1822, #7224 ) ;
#8681 = DIRECTION ( 'NONE',  ( 0.5000000000000031086, -0.8660254037844368202, 0.000000000000000000 ) ) ;
#8683 = ORIENTED_EDGE ( 'NONE', *, *, #2965, .F. ) ;
#8682 = ORIENTED_EDGE ( 'NONE', *, *, #206, .F. ) ;
#8684 = VECTOR ( 'NONE', #1556, 1000.000000000000000 ) ;
#8685 = EDGE_LOOP ( 'NONE', ( #1185, #8662, #5908, #5447 ) ) ;
#8686 = EDGE_LOOP ( 'NONE', ( #8079, #6640, #8458, #1878 ) ) ;
#8687 = DIRECTION ( 'NONE',  ( -0.000000000000000000, -0.000000000000000000, 1.000000000000000000 ) ) ;
#8688 = EDGE_CURVE ( 'NONE', #5799, #116, #6439, .T. ) ;
#8689 = VECTOR ( 'NONE', #1635, 1000.000000000000114 ) ;
#8690 = EDGE_CURVE ( 'NONE', #3010, #3700, #1649, .T. ) ;
#8691 = CARTESIAN_POINT ( 'NONE',  ( 39.69999999999998863, 45.79999999999999005, -0.3499999999999957034 ) ) ;
#8692 = VERTEX_POINT ( 'NONE', #3640 ) ;
#8693 = AXIS2_PLACEMENT_3D ( 'NONE', #5015, #7721, #3728 ) ;
#8694 = DIRECTION ( 'NONE',  ( 0.5000000000000032196, -0.8660254037844368202, 0.000000000000000000 ) ) ;
#8695 = ADVANCED_FACE ( 'NONE', ( #7057 ), #2308, .T. ) ;
#8696 = VERTEX_POINT ( 'NONE', #984 ) ;
#8697 = EDGE_LOOP ( 'NONE', ( #4851, #6990, #4970, #4861, #7489, #3646 ) ) ;
#8698 = VERTEX_POINT ( 'NONE', #7100 ) ;
#8699 = CARTESIAN_POINT ( 'NONE',  ( 11.40288105676658859, -40.24963065701544451, -0.4000000000000000222 ) ) ;
#8700 = LINE ( 'NONE', #1292, #630 ) ;
#8701 = DIRECTION ( 'NONE',  ( -1.000000000000000000, -3.330669073875469621E-15, -0.000000000000000000 ) ) ;
#8702 = LINE ( 'NONE', #2712, #7977 ) ;
#8703 = DIRECTION ( 'NONE',  ( -0.4999999999999965028, -0.8660254037844407060, 0.000000000000000000 ) ) ;
#8704 = VECTOR ( 'NONE', #2797, 1000.000000000000000 ) ;
#8705 = ORIENTED_EDGE ( 'NONE', *, *, #3075, .F. ) ;
#8706 = VERTEX_POINT ( 'NONE', #6393 ) ;
#8707 = CARTESIAN_POINT ( 'NONE',  ( 22.66057158514987080, 41.24999999999985789, -0.4000000000000000222 ) ) ;
#8708 = DIRECTION ( 'NONE',  ( -0.000000000000000000, -0.000000000000000000, 1.000000000000000000 ) ) ;
#8709 = DIRECTION ( 'NONE',  ( 0.5000000000000032196, -0.8660254037844368202, 0.000000000000000000 ) ) ;
#8710 = AXIS2_PLACEMENT_3D ( 'NONE', #5176, #387, #2994 ) ;
#8711 = EDGE_CURVE ( 'NONE', #8698, #8642, #320, .T. ) ;
#8712 = DIRECTION ( 'NONE',  ( 0.5000000000000031086, -0.8660254037844368202, 0.000000000000000000 ) ) ;
#8713 = EDGE_LOOP ( 'NONE', ( #4156, #6472, #1731, #4486 ) ) ;
#8714 = EDGE_CURVE ( 'NONE', #5155, #3770, #2352, .T. ) ;
#8715 = CARTESIAN_POINT ( 'NONE',  ( 22.66057158514987080, 41.24999999999985789, -0.4000000000000000222 ) ) ;
#8716 = LINE ( 'NONE', #2637, #7152 ) ;
#8717 = EDGE_CURVE ( 'NONE', #3626, #7178, #4398, .T. ) ;
#8718 = DIRECTION ( 'NONE',  ( 3.663735981263016583E-15, -1.000000000000000000, 0.000000000000000000 ) ) ;
#8719 = VERTEX_POINT ( 'NONE', #5373 ) ;
#8720 = DIRECTION ( 'NONE',  ( 1.000000000000000000, 0.000000000000000000, 0.000000000000000000 ) ) ;
#8721 = DIRECTION ( 'NONE',  ( -1.000000000000000000, -3.330669073875469621E-15, -0.000000000000000000 ) ) ;
#8722 = DIRECTION ( 'NONE',  ( 0.4999999999999968359, 0.8660254037844404840, 0.000000000000000000 ) ) ;
#8723 = CARTESIAN_POINT ( 'NONE',  ( 30.88845264191648354, -43.99963065701541609, -0.4000000000000000222 ) ) ;
#8724 = VECTOR ( 'NONE', #3442, 1000.000000000000000 ) ;
#8725 = DIRECTION ( 'NONE',  ( -0.4999999999999965583, -0.8660254037844407060, -0.000000000000000000 ) ) ;
#8726 = EDGE_CURVE ( 'NONE', #8106, #2868, #8700, .T. ) ;
#8727 = VECTOR ( 'NONE', #1509, 1000.000000000000000 ) ;
#8728 = DIRECTION ( 'NONE',  ( 1.000000000000000000, 3.663735981263016583E-15, 0.000000000000000000 ) ) ;
#8729 = ORIENTED_EDGE ( 'NONE', *, *, #2941, .F. ) ;
#8730 = VECTOR ( 'NONE', #7519, 1000.000000000000000 ) ;
#8731 = ORIENTED_EDGE ( 'NONE', *, *, #8606, .F. ) ;
#8732 = ORIENTED_EDGE ( 'NONE', *, *, #3314, .T. ) ;
#8733 = DIRECTION ( 'NONE',  ( -0.000000000000000000, -0.000000000000000000, 1.000000000000000000 ) ) ;
#8734 = CARTESIAN_POINT ( 'NONE',  ( 4.907690528383266582, -1.000369342984391841, -0.4000000000000000222 ) ) ;
#8735 = ORIENTED_EDGE ( 'NONE', *, *, #2380, .F. ) ;
#8736 = EDGE_CURVE ( 'NONE', #7638, #5235, #3996, .T. ) ;
#8737 = DIRECTION ( 'NONE',  ( 0.000000000000000000, -0.000000000000000000, -1.000000000000000000 ) ) ;
#8738 = EDGE_CURVE ( 'NONE', #3265, #2782, #7281, .T. ) ;
#8739 = ORIENTED_EDGE ( 'NONE', *, *, #5136, .F. ) ;
#8740 = ORIENTED_EDGE ( 'NONE', *, *, #1625, .T. ) ;
#8741 = ORIENTED_EDGE ( 'NONE', *, *, #4236, .F. ) ;
#8742 = DIRECTION ( 'NONE',  ( 0.5000000000000032196, -0.8660254037844368202, 0.000000000000000000 ) ) ;
#8743 = VECTOR ( 'NONE', #6588, 1000.000000000000114 ) ;
#8744 = LINE ( 'NONE', #2000, #8295 ) ;
#8745 = CARTESIAN_POINT ( 'NONE',  ( 11.25875672974071229, 39.99999999999999289, -0.4000000000000000222 ) ) ;
#8746 = EDGE_CURVE ( 'NONE', #8423, #1237, #7413, .T. ) ;
#8747 = CARTESIAN_POINT ( 'NONE',  ( -27.71238644055909006, -39.99999999999993605, 0.4000000000000000222 ) ) ;
#8748 = EDGE_LOOP ( 'NONE', ( #2917, #2758, #7309, #1287 ) ) ;
#8749 = ORIENTED_EDGE ( 'NONE', *, *, #7931, .T. ) ;
#8750 = PLANE ( 'NONE',  #6508 ) ;
#8751 = LINE ( 'NONE', #1925, #8391 ) ;
#8752 = DIRECTION ( 'NONE',  ( 0.5000000000000032196, -0.8660254037844368202, 0.000000000000000000 ) ) ;
#8753 = FACE_OUTER_BOUND ( 'NONE', #2222, .T. ) ;
#8754 = DIRECTION ( 'NONE',  ( -1.000000000000000000, 0.000000000000000000, 0.000000000000000000 ) ) ;
#8755 = ORIENTED_EDGE ( 'NONE', *, *, #6788, .F. ) ;
#8756 = DIRECTION ( 'NONE',  ( 1.000000000000000000, 3.663735981263016583E-15, 0.000000000000000000 ) ) ;
#8757 = CARTESIAN_POINT ( 'NONE',  ( 14.72200538379250290, 2.500000000000024869, -0.4000000000000000222 ) ) ;
#8758 = DIRECTION ( 'NONE',  ( 0.000000000000000000, 0.000000000000000000, 1.000000000000000000 ) ) ;
#8759 = ORIENTED_EDGE ( 'NONE', *, *, #8304, .F. ) ;
#8760 = DIRECTION ( 'NONE',  ( 0.000000000000000000, 0.000000000000000000, -1.000000000000000000 ) ) ;
#8761 = CARTESIAN_POINT ( 'NONE',  ( -22.80576211353321980, 37.49999999999987921, -0.4000000000000000222 ) ) ;
#8762 = CARTESIAN_POINT ( 'NONE',  ( -41.30000000000000426, -43.68401475995915462, 0.5456508738446750328 ) ) ;
#8763 = AXIS2_PLACEMENT_3D ( 'NONE', #3521, #3478, #73 ) ;
#8764 = CARTESIAN_POINT ( 'NONE',  ( -1.731624327025954369, -2.499999999999980904, -0.4000000000000000222 ) ) ;
#8765 = DIRECTION ( 'NONE',  ( -0.8660254037844368202, -0.5000000000000031086, 0.000000000000000000 ) ) ;
#8766 = VECTOR ( 'NONE', #8353, 1000.000000000000000 ) ;
#8767 = DIRECTION ( 'NONE',  ( -1.000000000000000000, 0.000000000000000000, 0.000000000000000000 ) ) ;
#8768 = ORIENTED_EDGE ( 'NONE', *, *, #4685, .F. ) ;
#8769 = ORIENTED_EDGE ( 'NONE', *, *, #3150, .T. ) ;
#8770 = ORIENTED_EDGE ( 'NONE', *, *, #5305, .F. ) ;
#8771 = CARTESIAN_POINT ( 'NONE',  ( -34.06345264191650557, 38.50036934298424285, 0.4000000000000000222 ) ) ;
#8772 = DIRECTION ( 'NONE',  ( -1.000000000000000000, -3.330669073875469621E-15, 0.000000000000000000 ) ) ;
#8773 = ORIENTED_EDGE ( 'NONE', *, *, #2047, .T. ) ;
ENDSEC;
END-ISO-10303-21;
